setting	config_id	quant	normalization	imputation	de_method	log2fc	fdr_method	project_count	eligible_projects	eligible_project_rate	failed_projects	failure_rate	median_benchmark_rank	mean_benchmark_rank	rank_iqr	win_frequency
DIA	maxlfq__deqms|bh|none|knn|fc0.5|a0.05|none|k2	maxlfq	none	knn	deqms	0.5	bh	5	5	1.0	0	0.0	39.2	47.720000000000006	19.799999999999997	0.0
DIA	maxlfq__deqms|bh|none|none|fc0.5|a0.05|none|k2	maxlfq	none	none	deqms	0.5	bh	5	5	1.0	0	0.0	39.6	52.379999999999995	18.299999999999997	0.0
DIA	directlfq__deqms|bh|none|none|fc0.5|a0.05|none|k2	directlfq	none	none	deqms	0.5	bh	5	5	1.0	0	0.0	40.8	51.779999999999994	15.900000000000006	0.0
DIA	maxlfq__deqms|bh|none|qrilc|fc0.5|a0.05|none|k2	maxlfq	none	qrilc	deqms	0.5	bh	5	5	1.0	0	0.0	41.4	81.72	13.600000000000001	0.0
DIA	directlfq__deqms|bh|none|qrilc|fc0.5|a0.05|none|k2	directlfq	none	qrilc	deqms	0.5	bh	5	5	1.0	0	0.0	43.0	60.56	7.600000000000001	0.0
DIA	pibaq__deqms|bh|none|none|fc0.5|a0.05|none|k2	pibaq	none	none	deqms	0.5	bh	5	5	1.0	0	0.0	44.0	74.91999999999999	90.99999999999999	0.0
DIA	directlfq__deqms|bh|none|knn|fc0.5|a0.05|none|k2	directlfq	none	knn	deqms	0.5	bh	5	5	1.0	0	0.0	46.0	58.760000000000005	18.6	0.0
DIA	maxlfq__deqms|bh|none|minprob|fc0.5|a0.05|none|k2	maxlfq	none	minprob	deqms	0.5	bh	5	5	1.0	0	0.0	46.4	79.6	13.0	0.0
DIA	maxlfq__deqms|bh|none|seqknn|fc0.5|a0.05|none|k2	maxlfq	none	seqknn	deqms	0.5	bh	5	5	1.0	0	0.0	48.0	53.18000000000001	29.0	0.0
DIA	sum__deqms|bh|none|knn|fc0.5|a0.05|none|k2	sum	none	knn	deqms	0.5	bh	5	5	1.0	0	0.0	48.2	81.47999999999999	95.19999999999999	0.0
DIA	directlfq__deqms|bh|none|minprob|fc0.5|a0.05|none|k2	directlfq	none	minprob	deqms	0.5	bh	5	5	1.0	0	0.0	48.4	65.16	11.200000000000003	0.0
DIA	maxlfq__deqms|bh|none|mindet|fc0.5|a0.05|none|k2	maxlfq	none	mindet	deqms	0.5	bh	5	5	1.0	0	0.0	49.4	65.60000000000001	31.4	0.0
DIA	sum__deqms|bh|none|none|fc0.5|a0.05|none|k2	sum	none	none	deqms	0.5	bh	5	5	1.0	0	0.0	50.0	83.03999999999999	88.60000000000001	0.0
DIA	directlfq__deqms|bh|none|seqknn|fc0.5|a0.05|none|k2	directlfq	none	seqknn	deqms	0.5	bh	5	5	1.0	0	0.0	51.8	57.6	18.4	0.0
DIA	directlfq__deqms|bh|none|mindet|fc0.5|a0.05|none|k2	directlfq	none	mindet	deqms	0.5	bh	5	5	1.0	0	0.0	52.0	63.04	13.399999999999999	0.0
DIA	directlfq__deqms|bh|none|impseq|fc0.5|a0.05|none|k2	directlfq	none	impseq	deqms	0.5	bh	5	5	1.0	0	0.0	55.2	64.6	29.0	0.0
DIA	directlfq__deqms|bh|none|impseqrob|fc0.5|a0.05|none|k2	directlfq	none	impseqrob	deqms	0.5	bh	5	5	1.0	0	0.0	55.4	62.120000000000005	24.800000000000004	0.0
DIA	sum__deqms|bh|none|minprob|fc0.5|a0.05|none|k2	sum	none	minprob	deqms	0.5	bh	5	5	1.0	0	0.0	57.2	99.28	95.39999999999999	0.0
DIA	maxlfq__deqms|bh|none|impseqrob|fc0.5|a0.05|none|k2	maxlfq	none	impseqrob	deqms	0.5	bh	5	5	1.0	0	0.0	58.5	59.94	23.599999999999994	0.0
DIA	sum__deqms|bh|none|qrilc|fc0.5|a0.05|none|k2	sum	none	qrilc	deqms	0.5	bh	5	5	1.0	0	0.0	59.0	105.96	89.00000000000001	0.0
DIA	pibaq__deqms|bh|none|knn|fc0.5|a0.05|none|k2	pibaq	none	knn	deqms	0.5	bh	5	5	1.0	0	0.0	60.8	85.03999999999999	93.39999999999999	0.0
DIA	maxlfq__limma|bh|none|mindet|fc0.5|a0.05|none|k2	maxlfq	none	mindet	limma	0.5	bh	5	5	1.0	0	0.0	61.2	83.67999999999999	45.39999999999999	0.0
DIA	sum__deqms|bh|none|mindet|fc0.5|a0.05|none|k2	sum	none	mindet	deqms	0.5	bh	5	5	1.0	0	0.0	61.5	90.86	102.39999999999999	0.0
DIA	maxlfq__limma|bh|none|qrilc|fc0.5|a0.05|none|k2	maxlfq	none	qrilc	limma	0.5	bh	5	5	1.0	0	0.0	62.0	76.62	40.7	0.0
DIA	pibaq__deqms|bh|none|qrilc|fc0.5|a0.05|none|k2	pibaq	none	qrilc	deqms	0.5	bh	5	5	1.0	0	0.0	62.4	106.5	93.60000000000001	0.0
DIA	maxlfq__deqms|bh|none|impseq|fc0.5|a0.05|none|k2	maxlfq	none	impseq	deqms	0.5	bh	5	5	1.0	0	0.0	63.5	64.97999999999999	22.0	0.0
DIA	maxlfq__limma|bh|none|minprob|fc0.5|a0.05|none|k2	maxlfq	none	minprob	limma	0.5	bh	5	5	1.0	0	0.0	63.6	83.61999999999999	39.9	0.0
DIA	sum__deqms|bh|none|seqknn|fc0.5|a0.05|none|k2	sum	none	seqknn	deqms	0.5	bh	5	5	1.0	0	0.0	63.9	86.06	89.2	0.0
DIA	pibaq__deqms|bh|none|seqknn|fc0.5|a0.05|none|k2	pibaq	none	seqknn	deqms	0.5	bh	5	5	1.0	0	0.0	64.6	88.24	94.4	0.0
DIA	pibaq__deqms|bh|none|mindet|fc0.5|a0.05|none|k2	pibaq	none	mindet	deqms	0.5	bh	5	5	1.0	0	0.0	65.0	102.36	105.00000000000001	0.0
DIA	sum__deqms|bh|none|impseq|fc0.5|a0.05|none|k2	sum	none	impseq	deqms	0.5	bh	5	5	1.0	0	0.0	65.8	94.72	87.99999999999999	0.0
DIA	sum__deqms|bh|none|impseqrob|fc0.5|a0.05|none|k2	sum	none	impseqrob	deqms	0.5	bh	5	5	1.0	0	0.0	66.8	96.96000000000001	84.6	0.0
DIA	directlfq__limma|bh|none|mindet|fc0.5|a0.05|none|k2	directlfq	none	mindet	limma	0.5	bh	5	5	1.0	0	0.0	70.0	76.46000000000001	27.499999999999993	0.0
DIA	pibaq__deqms|bh|none|minprob|fc0.5|a0.05|none|k2	pibaq	none	minprob	deqms	0.5	bh	5	5	1.0	0	0.0	71.8	102.96	103.99999999999999	0.0
DIA	pibaq__limma|bh|none|qrilc|fc0.5|a0.05|none|k2	pibaq	none	qrilc	limma	0.5	bh	5	5	1.0	0	0.0	76.6	108.84	124.0	0.0
DIA	directlfq__deqms|bh|median|qrilc|fc0.5|a0.05|none|k2	directlfq	median	qrilc	deqms	0.5	bh	5	5	1.0	0	0.0	77.6	90.16	71.8	0.0
DIA	directlfq__deqms|bh|median|minprob|fc0.5|a0.05|none|k2	directlfq	median	minprob	deqms	0.5	bh	5	5	1.0	0	0.0	79.0	99.44000000000001	60.599999999999994	0.0
DIA	directlfq__deqms|bh|median|mindet|fc0.5|a0.05|none|k2	directlfq	median	mindet	deqms	0.5	bh	5	5	1.0	0	0.0	81.0	95.8	59.0	0.0
DIA	directlfq__deqms|bh|median|knn|fc0.5|a0.05|none|k2	directlfq	median	knn	deqms	0.5	bh	5	5	1.0	0	0.0	81.4	93.46000000000001	62.30000000000001	0.0
DIA	maxlfq__limma|bh|none|knn|fc0.5|a0.05|none|k2	maxlfq	none	knn	limma	0.5	bh	5	5	1.0	0	0.0	81.5	77.72	14.0	0.0
DIA	pibaq__deqms|bh|none|impseq|fc0.5|a0.05|none|k2	pibaq	none	impseq	deqms	0.5	bh	5	5	1.0	0	0.0	83.0	100.64	59.400000000000006	0.0
DIA	top3__deqms|bh|none|qrilc|fc0.5|a0.05|none|k2	top3	none	qrilc	deqms	0.5	bh	5	5	1.0	0	0.0	83.2	133.11999999999998	115.0	0.0
DIA	directlfq__deqms|bh|median|seqknn|fc0.5|a0.05|none|k2	directlfq	median	seqknn	deqms	0.5	bh	5	5	1.0	0	0.0	83.4	92.17999999999999	63.3	0.0
DIA	maxlfq__limma|bh|none|none|fc0.5|a0.05|none|k2	maxlfq	none	none	limma	0.5	bh	5	5	1.0	0	0.0	84.8	84.06	12.299999999999997	0.0
DIA	directlfq__limma|bh|none|knn|fc0.5|a0.05|none|k2	directlfq	none	knn	limma	0.5	bh	5	5	1.0	0	0.0	85.6	84.4	23.299999999999997	0.0
DIA	directlfq__limma|bh|none|qrilc|fc0.5|a0.05|none|k2	directlfq	none	qrilc	limma	0.5	bh	5	5	1.0	0	0.0	85.8	82.22	37.900000000000006	0.0
DIA	directlfq__deqms|bh|median|none|fc0.5|a0.05|none|k2	directlfq	median	none	deqms	0.5	bh	5	5	1.0	0	0.0	85.8	87.52000000000001	51.0	0.0
DIA	maxlfq__limma|bh|none|seqknn|fc0.5|a0.05|none|k2	maxlfq	none	seqknn	limma	0.5	bh	5	5	1.0	0	0.0	86.6	86.64	14.899999999999991	0.0
DIA	directlfq__limma|bh|none|seqknn|fc0.5|a0.05|none|k2	directlfq	none	seqknn	limma	0.5	bh	5	5	1.0	0	0.0	87.4	88.4	23.700000000000003	0.0
DIA	directlfq__limma|bh|none|minprob|fc0.5|a0.05|none|k2	directlfq	none	minprob	limma	0.5	bh	5	5	1.0	0	0.0	88.4	82.3	31.799999999999997	0.0
DIA	directlfq__limma|bh|none|impseqrob|fc0.5|a0.05|none|k2	directlfq	none	impseqrob	limma	0.5	bh	5	5	1.0	0	0.0	89.2	95.52000000000001	16.30000000000001	0.0
DIA	pibaq__limma|bh|none|minprob|fc0.5|a0.05|none|k2	pibaq	none	minprob	limma	0.5	bh	5	5	1.0	0	0.0	89.6	107.44000000000001	113.0	0.0
DIA	pibaq__limma|bh|none|mindet|fc0.5|a0.05|none|k2	pibaq	none	mindet	limma	0.5	bh	5	5	1.0	0	0.0	90.6	116.55999999999999	79.39999999999999	0.0
DIA	maxlfq__limma|bh|none|impseqrob|fc0.5|a0.05|none|k2	maxlfq	none	impseqrob	limma	0.5	bh	5	5	1.0	0	0.0	91.5	97.67999999999999	20.400000000000006	0.0
DIA	top3__deqms|bh|none|minprob|fc0.5|a0.05|none|k2	top3	none	minprob	deqms	0.5	bh	5	5	1.0	0	0.0	92.2	132.72	116.19999999999999	0.0
DIA	directlfq__deqms|bh|median|impseq|fc0.5|a0.05|none|k2	directlfq	median	impseq	deqms	0.5	bh	5	5	1.0	0	0.0	93.2	97.88	63.60000000000001	0.0
DIA	directlfq__deqms|bh|median|impseqrob|fc0.5|a0.05|none|k2	directlfq	median	impseqrob	deqms	0.5	bh	5	5	1.0	0	0.0	93.6	94.88000000000002	55.20000000000002	0.0
DIA	directlfq__limma|bh|none|none|fc0.5|a0.05|none|k2	directlfq	none	none	limma	0.5	bh	5	5	1.0	0	0.0	94.7	87.76	27.400000000000006	0.0
DIA	top3__deqms|bh|none|knn|fc0.5|a0.05|none|k2	top3	none	knn	deqms	0.5	bh	5	5	1.0	0	0.0	94.8	121.44000000000001	99.60000000000001	0.0
DIA	top3__deqms|bh|none|none|fc0.5|a0.05|none|k2	top3	none	none	deqms	0.5	bh	5	5	1.0	0	0.0	95.4	123.4	105.4	0.0
DIA	maxlfq__deqms|bh|median|qrilc|fc0.5|a0.05|none|k2	maxlfq	median	qrilc	deqms	0.5	bh	5	5	1.0	0	0.0	98.8	115.12	86.4	0.0
DIA	maxlfq__deqms|bh|median|minprob|fc0.5|a0.05|none|k2	maxlfq	median	minprob	deqms	0.5	bh	5	5	1.0	0	0.0	98.8	119.39999999999998	71.6	0.0
DIA	maxlfq__deqms|bh|median|mindet|fc0.5|a0.05|none|k2	maxlfq	median	mindet	deqms	0.5	bh	5	5	1.0	0	0.0	99.0	116.4	51.20000000000002	0.0
DIA	pibaq__limma|bh|none|impseq|fc0.5|a0.05|none|k2	pibaq	none	impseq	limma	0.5	bh	5	5	1.0	0	0.0	101.2	122.47999999999999	58.80000000000001	0.0
DIA	maxlfq__deqms|bh|median|knn|fc0.5|a0.05|none|k2	maxlfq	median	knn	deqms	0.5	bh	5	5	1.0	0	0.0	101.4	97.74	65.50000000000001	0.0
DIA	pibaq__deqms|bh|none|impseqrob|fc0.5|a0.05|none|k2	pibaq	none	impseqrob	deqms	0.5	bh	5	5	1.0	0	0.0	101.6	106.48000000000002	35.0	0.0
DIA	directlfq__limma|bh|none|impseq|fc0.5|a0.05|none|k2	directlfq	none	impseq	limma	0.5	bh	5	5	1.0	0	0.0	101.8	100.17999999999999	13.100000000000009	0.0
DIA	sum__limma|bh|none|impseq|fc0.5|a0.05|none|k2	sum	none	impseq	limma	0.5	bh	5	5	1.0	0	0.0	102.2	113.05999999999999	63.80000000000001	0.0
DIA	top3__deqms|bh|none|mindet|fc0.5|a0.05|none|k2	top3	none	mindet	deqms	0.5	bh	5	5	1.0	0	0.0	104.0	128.72	107.00000000000001	0.0
DIA	maxlfq__limma|bh|none|impseq|fc0.5|a0.05|none|k2	maxlfq	none	impseq	limma	0.5	bh	5	5	1.0	0	0.0	104.1	108.2	27.89999999999999	0.0
DIA	top3__deqms|bh|none|impseq|fc0.5|a0.05|none|k2	top3	none	impseq	deqms	0.5	bh	5	5	1.0	0	0.0	104.6	135.76	77.39999999999999	0.0
DIA	sum__limma|bh|none|qrilc|fc0.5|a0.05|none|k2	sum	none	qrilc	limma	0.5	bh	5	5	1.0	0	0.0	105.5	113.86000000000001	90.00000000000001	0.0
DIA	sum__limma|bh|none|knn|fc0.5|a0.05|none|k2	sum	none	knn	limma	0.5	bh	5	5	1.0	0	0.0	106.5	99.97999999999999	54.80000000000001	0.0
DIA	top3__deqms|bh|none|impseqrob|fc0.5|a0.05|none|k2	top3	none	impseqrob	deqms	0.5	bh	5	5	1.0	0	0.0	107.2	134.66	88.0	0.0
DIA	maxlfq__deqms|bh|median|seqknn|fc0.5|a0.05|none|k2	maxlfq	median	seqknn	deqms	0.5	bh	5	5	1.0	0	0.0	107.8	101.14	38.69999999999999	0.0
DIA	maxlfq__deqms|bh|median|none|fc0.5|a0.05|none|k2	maxlfq	median	none	deqms	0.5	bh	5	5	1.0	0	0.0	108.4	100.7	67.69999999999999	0.0
DIA	sum__limma|bh|none|minprob|fc0.5|a0.05|none|k2	sum	none	minprob	limma	0.5	bh	5	5	1.0	0	0.0	110.7	108.94000000000001	95.00000000000001	0.0
DIA	maxlfq__deqms|bh|median|impseqrob|fc0.5|a0.05|none|k2	maxlfq	median	impseqrob	deqms	0.5	bh	5	5	1.0	0	0.0	111.0	107.18000000000002	65.89999999999999	0.0
DIA	sum__limma|bh|none|seqknn|fc0.5|a0.05|none|k2	sum	none	seqknn	limma	0.5	bh	5	5	1.0	0	0.0	112.1	103.92	51.60000000000001	0.0
DIA	pibaq__limma|bh|none|none|fc0.5|a0.05|none|k2	pibaq	none	none	limma	0.5	bh	5	5	1.0	0	0.0	113.2	97.0	91.60000000000001	0.0
DIA	pibaq__limma|bh|none|impseqrob|fc0.5|a0.05|none|k2	pibaq	none	impseqrob	limma	0.5	bh	5	5	1.0	0	0.0	113.4	128.0	46.8	0.0
DIA	maxlfq__limma|bh|median|knn|fc0.5|a0.05|none|k2	maxlfq	median	knn	limma	0.5	bh	5	5	1.0	0	0.0	115.7	123.94000000000001	42.5	0.0
DIA	maxlfq__limma|bh|median|none|fc0.5|a0.05|none|k2	maxlfq	median	none	limma	0.5	bh	5	5	1.0	0	0.0	116.4	128.44	50.0	0.0
DIA	sum__limma|bh|none|none|fc0.5|a0.05|none|k2	sum	none	none	limma	0.5	bh	5	5	1.0	0	0.0	116.9	98.05999999999999	83.19999999999999	0.0
DIA	top3__deqms|bh|none|seqknn|fc0.5|a0.05|none|k2	top3	none	seqknn	deqms	0.5	bh	5	5	1.0	0	0.0	117.8	128.56	85.39999999999999	0.0
DIA	maxlfq__deqms|bh|median|impseq|fc0.5|a0.05|none|k2	maxlfq	median	impseq	deqms	0.5	bh	5	5	1.0	0	0.0	118.6	108.67999999999999	40.8	0.0
DIA	directlfq__limma|bh|median|qrilc|fc0.5|a0.05|none|k2	directlfq	median	qrilc	limma	0.5	bh	5	5	1.0	0	0.0	119.6	113.98000000000002	14.099999999999994	0.0
DIA	directlfq__limma|bh|median|minprob|fc0.5|a0.05|none|k2	directlfq	median	minprob	limma	0.5	bh	5	5	1.0	0	0.0	120.1	117.9	12.799999999999997	0.0
DIA	pibaq__limma|bh|none|knn|fc0.5|a0.05|none|k2	pibaq	none	knn	limma	0.5	bh	5	5	1.0	0	0.0	120.3	109.3	107.19999999999999	0.0
DIA	directlfq__limma|bh|median|mindet|fc0.5|a0.05|none|k2	directlfq	median	mindet	limma	0.5	bh	5	5	1.0	0	0.0	121.3	109.6	23.5	0.0
DIA	pibaq__limma|bh|none|seqknn|fc0.5|a0.05|none|k2	pibaq	none	seqknn	limma	0.5	bh	5	5	1.0	0	0.0	123.3	113.82000000000001	96.2	0.0
DIA	directlfq__limma|bh|median|seqknn|fc0.5|a0.05|none|k2	directlfq	median	seqknn	limma	0.5	bh	5	5	1.0	0	0.0	124.5	124.33999999999999	32.89999999999999	0.0
DIA	sum__limma|bh|none|impseqrob|fc0.5|a0.05|none|k2	sum	none	impseqrob	limma	0.5	bh	5	5	1.0	0	0.0	124.7	118.44000000000001	60.19999999999999	0.0
DIA	directlfq__limma|bh|median|knn|fc0.5|a0.05|none|k2	directlfq	median	knn	limma	0.5	bh	5	5	1.0	0	0.0	126.5	121.67999999999998	32.79999999999998	0.0
DIA	directlfq__limma|bh|median|impseqrob|fc0.5|a0.05|none|k2	directlfq	median	impseqrob	limma	0.5	bh	5	5	1.0	0	0.0	126.5	129.04000000000002	56.0	0.0
DIA	top3__limma|bh|none|qrilc|fc0.5|a0.05|none|k2	top3	none	qrilc	limma	0.5	bh	5	5	1.0	0	0.0	126.9	140.26000000000002	85.8	0.0
DIA	sum__limrots|bh|none|knn|fc0.5|a0.05|none|k2	sum	none	knn	limrots	0.5	bh	5	5	1.0	0	0.0	127.1	162.52	78.1	0.0
DIA	directlfq__limma|bh|median|none|fc0.5|a0.05|none|k2	directlfq	median	none	limma	0.5	bh	5	5	1.0	0	0.0	127.7	123.67999999999999	76.00000000000001	0.0
DIA	sum__limma|bh|none|mindet|fc0.5|a0.05|none|k2	sum	none	mindet	limma	0.5	bh	5	5	1.0	0	0.0	129.1	109.05999999999999	84.4	0.0
DIA	directlfq__limma|bh|median|impseq|fc0.5|a0.05|none|k2	directlfq	median	impseq	limma	0.5	bh	5	5	1.0	0	0.0	131.1	132.64	36.8	0.0
DIA	sum__limrots|bh|none|seqknn|fc0.5|a0.05|none|k2	sum	none	seqknn	limrots	0.5	bh	5	5	1.0	0	0.0	131.3	166.96	81.50000000000001	0.0
DIA	maxlfq__limma|bh|median|mindet|fc0.5|a0.05|none|k2	maxlfq	median	mindet	limma	0.5	bh	5	5	1.0	0	0.0	135.1	127.94000000000001	26.400000000000006	0.0
DIA	maxlfq__limma|bh|median|seqknn|fc0.5|a0.05|none|k2	maxlfq	median	seqknn	limma	0.5	bh	5	5	1.0	0	0.0	135.7	133.73999999999998	55.70000000000002	0.0
DIA	top3__limma|bh|none|knn|fc0.5|a0.05|none|k2	top3	none	knn	limma	0.5	bh	5	5	1.0	0	0.0	136.9	132.66	65.6	0.0
DIA	pibaq__deqms|bh|median|qrilc|fc0.5|a0.05|none|k2	pibaq	median	qrilc	deqms	0.5	bh	5	5	1.0	0	0.0	137.6	143.7	85.80000000000001	0.0
DIA	maxlfq__limma|bh|median|impseqrob|fc0.5|a0.05|none|k2	maxlfq	median	impseqrob	limma	0.5	bh	5	5	1.0	0	0.0	138.2	141.45999999999998	31.200000000000017	0.0
DIA	pibaq__deqms|bh|median|minprob|fc0.5|a0.05|none|k2	pibaq	median	minprob	deqms	0.5	bh	5	5	1.0	0	0.0	140.6	146.32	81.60000000000001	0.0
DIA	maxlfq__limma|bh|median|qrilc|fc0.5|a0.05|none|k2	maxlfq	median	qrilc	limma	0.5	bh	5	5	1.0	0	0.0	140.8	117.9	42.89999999999999	0.0
DIA	top3__limma|bh|none|none|fc0.5|a0.05|none|k2	top3	none	none	limma	0.5	bh	5	5	1.0	0	0.0	140.9	129.3	73.79999999999998	0.0
DIA	top3__limma|bh|none|seqknn|fc0.5|a0.05|none|k2	top3	none	seqknn	limma	0.5	bh	5	5	1.0	0	0.0	141.4	136.6	56.19999999999999	0.0
DIA	maxlfq__limma|bh|median|impseq|fc0.5|a0.05|none|k2	maxlfq	median	impseq	limma	0.5	bh	5	5	1.0	0	0.0	141.7	147.16	39.0	0.0
DIA	sum__rots|bh|none|knn|fc0.5|a0.05|none|k2	sum	none	knn	rots	0.5	bh	5	5	1.0	0	0.0	142.2	164.32	77.69999999999999	0.0
DIA	pibaq__rots|bh|none|seqknn|fc0.5|a0.05|none|k2	pibaq	none	seqknn	rots	0.5	bh	5	5	1.0	0	0.0	142.2	166.39999999999998	79.69999999999999	0.0
DIA	pibaq__deqms|bh|median|none|fc0.5|a0.05|none|k2	pibaq	median	none	deqms	0.5	bh	5	5	1.0	0	0.0	143.0	125.4	100.2	0.0
DIA	top3__limma|bh|none|impseqrob|fc0.5|a0.05|none|k2	top3	none	impseqrob	limma	0.5	bh	5	5	1.0	0	0.0	143.1	145.02	71.6	0.0
DIA	maxlfq__limma|bh|median|minprob|fc0.5|a0.05|none|k2	maxlfq	median	minprob	limma	0.5	bh	5	5	1.0	0	0.0	143.2	126.69999999999997	37.89999999999999	0.0
DIA	top3__limma|bh|none|minprob|fc0.5|a0.05|none|k2	top3	none	minprob	limma	0.5	bh	5	5	1.0	0	0.0	144.3	139.54000000000002	80.0	0.0
DIA	top3__limma|bh|none|impseq|fc0.5|a0.05|none|k2	top3	none	impseq	limma	0.5	bh	5	5	1.0	0	0.0	145.1	143.61999999999998	72.39999999999999	0.0
DIA	pibaq__deqms|bh|median|mindet|fc0.5|a0.05|none|k2	pibaq	median	mindet	deqms	0.5	bh	5	5	1.0	0	0.0	145.8	145.16000000000003	82.19999999999999	0.0
DIA	pibaq__limrots|bh|none|knn|fc0.5|a0.05|none|k2	pibaq	none	knn	limrots	0.5	bh	5	5	1.0	0	0.0	145.8	170.07999999999998	61.79999999999998	0.0
DIA	pibaq__rots|bh|none|knn|fc0.5|a0.05|none|k2	pibaq	none	knn	rots	0.5	bh	5	5	1.0	0	0.0	148.2	168.0	101.39999999999999	0.0
DIA	pibaq__deqms|bh|median|knn|fc0.5|a0.05|none|k2	pibaq	median	knn	deqms	0.5	bh	5	5	1.0	0	0.0	150.2	132.64	94.2	0.0
DIA	sum__rots|bh|none|seqknn|fc0.5|a0.05|none|k2	sum	none	seqknn	rots	0.5	bh	5	5	1.0	0	0.0	150.6	170.21999999999997	80.5	0.0
DIA	sum__rots|bh|none|impseq|fc0.5|a0.05|none|k2	sum	none	impseq	rots	0.5	bh	5	5	1.0	0	0.0	151.1	174.22	54.900000000000006	0.0
DIA	maxlfq__rots|bh|none|minprob|fc0.5|a0.05|none|k2	maxlfq	none	minprob	rots	0.5	bh	5	5	1.0	0	0.0	152.0	167.7	41.29999999999998	0.0
DIA	sum__limrots|bh|none|none|fc0.5|a0.05|none|k2	sum	none	none	limrots	0.5	bh	5	5	1.0	0	0.0	153.4	166.14000000000001	65.10000000000002	0.0
DIA	sum__deqms|bh|median|minprob|fc0.5|a0.05|none|k2	sum	median	minprob	deqms	0.5	bh	5	5	1.0	0	0.0	154.2	152.92000000000002	95.19999999999999	0.0
DIA	sum__rots|bh|none|none|fc0.5|a0.05|none|k2	sum	none	none	rots	0.5	bh	5	5	1.0	0	0.0	154.2	168.82	48.599999999999994	0.0
DIA	sum__limrots|bh|none|mindet|fc0.5|a0.05|none|k2	sum	none	mindet	limrots	0.5	bh	5	5	1.0	0	0.0	154.2	172.01999999999998	69.70000000000002	0.0
DIA	pibaq__deqms|bh|median|seqknn|fc0.5|a0.05|none|k2	pibaq	median	seqknn	deqms	0.5	bh	5	5	1.0	0	0.0	154.8	133.59999999999997	94.6	0.0
DIA	sum__deqms|bh|median|qrilc|fc0.5|a0.05|none|k2	sum	median	qrilc	deqms	0.5	bh	5	5	1.0	0	0.0	154.8	152.38000000000002	98.39999999999999	0.0
DIA	sum__rots|bh|none|mindet|fc0.5|a0.05|none|k2	sum	none	mindet	rots	0.5	bh	5	5	1.0	0	0.0	155.8	167.45999999999998	56.79999999999998	0.0
DIA	top3__limrots|bh|none|knn|fc0.5|a0.05|none|k2	top3	none	knn	limrots	0.5	bh	5	5	1.0	0	0.0	156.2	179.88	61.400000000000006	0.0
DIA	sum__deqms|bh|median|mindet|fc0.5|a0.05|none|k2	sum	median	mindet	deqms	0.5	bh	5	5	1.0	0	0.0	156.8	152.35999999999999	95.20000000000002	0.0
DIA	sum__deqms|bh|median|none|fc0.5|a0.05|none|k2	sum	median	none	deqms	0.5	bh	5	5	1.0	0	0.0	157.2	140.42000000000002	105.4	0.0
DIA	sum__limrots|bh|none|impseq|fc0.5|a0.05|none|k2	sum	none	impseq	limrots	0.5	bh	5	5	1.0	0	0.0	157.3	170.44	78.70000000000002	0.0
DIA	maxlfq__limrots|bh|none|minprob|fc0.5|a0.05|none|k2	maxlfq	none	minprob	limrots	0.5	bh	5	5	1.0	0	0.0	158.0	169.61999999999998	32.89999999999998	0.0
DIA	sum__deqms|bh|median|knn|fc0.5|a0.05|none|k2	sum	median	knn	deqms	0.5	bh	5	5	1.0	0	0.0	158.2	141.72	102.6	0.0
DIA	sum__limrots|bh|none|impseqrob|fc0.5|a0.05|none|k2	sum	none	impseqrob	limrots	0.5	bh	5	5	1.0	0	0.0	159.1	173.51999999999998	70.5	0.0
DIA	sum__rots|bh|none|impseqrob|fc0.5|a0.05|none|k2	sum	none	impseqrob	rots	0.5	bh	5	5	1.0	0	0.0	159.2	177.88000000000002	50.400000000000006	0.0
DIA	pibaq__deqms|bh|median|impseq|fc0.5|a0.05|none|k2	pibaq	median	impseq	deqms	0.5	bh	5	5	1.0	0	0.0	161.2	138.66	126.6	0.0
DIA	top3__limma|bh|none|mindet|fc0.5|a0.05|none|k2	top3	none	mindet	limma	0.5	bh	5	5	1.0	0	0.0	161.5	141.1	73.00000000000001	0.0
DIA	sum__deqms|bh|median|seqknn|fc0.5|a0.05|none|k2	sum	median	seqknn	deqms	0.5	bh	5	5	1.0	0	0.0	161.6	148.22	89.29999999999998	0.0
DIA	pibaq__limrots|bh|none|seqknn|fc0.5|a0.05|none|k2	pibaq	none	seqknn	limrots	0.5	bh	5	5	1.0	0	0.0	161.9	173.44	63.900000000000006	0.0
DIA	sum__rots|bh|none|qrilc|fc0.5|a0.05|none|k2	sum	none	qrilc	rots	0.5	bh	5	5	1.0	0	0.0	162.2	170.02	50.0	0.0
DIA	top3__limrots|bh|none|seqknn|fc0.5|a0.05|none|k2	top3	none	seqknn	limrots	0.5	bh	5	5	1.0	0	0.0	162.3	183.88000000000002	62.29999999999998	0.0
DIA	pibaq__rots|bh|none|none|fc0.5|a0.05|none|k2	pibaq	none	none	rots	0.5	bh	5	5	1.0	0	0.0	163.8	156.92000000000002	52.20000000000002	0.0
DIA	sum__limma|bh|median|none|fc0.5|a0.05|none|k2	sum	median	none	limma	0.5	bh	5	5	1.0	0	0.0	164.1	162.00000000000003	43.900000000000006	0.0
DIA	pibaq__limrots|bh|none|none|fc0.5|a0.05|none|k2	pibaq	none	none	limrots	0.5	bh	5	5	1.0	0	0.0	164.4	173.16000000000003	61.80000000000001	0.0
DIA	pibaq__rots|bh|none|qrilc|fc0.5|a0.05|none|k2	pibaq	none	qrilc	rots	0.5	bh	5	5	1.0	0	0.0	164.5	175.64000000000001	101.60000000000001	0.0
DIA	sum__deqms|bh|median|impseq|fc0.5|a0.05|none|k2	sum	median	impseq	deqms	0.5	bh	5	5	1.0	0	0.0	164.8	148.32000000000002	96.8	0.0
DIA	pibaq__limma|bh|median|none|fc0.5|a0.05|none|k2	pibaq	median	none	limma	0.5	bh	5	5	1.0	0	0.0	164.9	154.8	55.70000000000002	0.0
DIA	maxlfq__rots|bh|none|mindet|fc0.5|a0.05|none|k2	maxlfq	none	mindet	rots	0.5	bh	5	5	1.0	0	0.0	165.5	160.47999999999996	42.39999999999998	0.0
DIA	sum__limma|bh|median|mindet|fc0.5|a0.05|none|k2	sum	median	mindet	limma	0.5	bh	5	5	1.0	0	0.0	165.5	166.57999999999998	29.599999999999994	0.0
DIA	sum__rots|bh|none|minprob|fc0.5|a0.05|none|k2	sum	none	minprob	rots	0.5	bh	5	5	1.0	0	0.0	167.2	161.78	18.599999999999994	0.0
DIA	sum__limrots|bh|none|minprob|fc0.5|a0.05|none|k2	sum	none	minprob	limrots	0.5	bh	5	5	1.0	0	0.0	167.5	168.16	69.80000000000001	0.0
DIA	pibaq__rots|bh|none|minprob|fc0.5|a0.05|none|k2	pibaq	none	minprob	rots	0.5	bh	5	5	1.0	0	0.0	168.3	170.35999999999999	71.6	0.0
DIA	maxlfq__rots|bh|none|qrilc|fc0.5|a0.05|none|k2	maxlfq	none	qrilc	rots	0.5	bh	5	5	1.0	0	0.0	168.8	172.68	35.20000000000002	0.0
DIA	directlfq__limrots|bh|none|mindet|fc0.5|a0.05|none|k2	directlfq	none	mindet	limrots	0.5	bh	5	5	1.0	0	0.0	169.3	179.85999999999999	41.60000000000002	0.0
DIA	maxlfq__limrots|bh|none|qrilc|fc0.5|a0.05|none|k2	maxlfq	none	qrilc	limrots	0.5	bh	5	5	1.0	0	0.0	170.2	170.9	22.0	0.0
DIA	sum__deqms|bh|median|impseqrob|fc0.5|a0.05|none|k2	sum	median	impseqrob	deqms	0.5	bh	5	5	1.0	0	0.0	170.6	152.95999999999998	103.2	0.0
DIA	maxlfq__limrots|bh|none|mindet|fc0.5|a0.05|none|k2	maxlfq	none	mindet	limrots	0.5	bh	5	5	1.0	0	0.0	171.1	176.83999999999997	36.400000000000006	0.0
DIA	sum__limrots|bh|none|qrilc|fc0.5|a0.05|none|k2	sum	none	qrilc	limrots	0.5	bh	5	5	1.0	0	0.0	172.5	168.4	60.400000000000006	0.0
DIA	sum__limma|bh|median|seqknn|fc0.5|a0.05|none|k2	sum	median	seqknn	limma	0.5	bh	5	5	1.0	0	0.0	172.6	166.95999999999998	47.0	0.0
DIA	directlfq__rots|bh|none|mindet|fc0.5|a0.05|none|k2	directlfq	none	mindet	rots	0.5	bh	5	5	1.0	0	0.0	172.9	173.14000000000001	31.0	0.0
DIA	top3__rots|bh|none|qrilc|fc0.5|a0.05|none|k2	top3	none	qrilc	rots	0.5	bh	5	5	1.0	0	0.0	173.5	182.88	49.0	0.0
DIA	top3__rots|bh|none|none|fc0.5|a0.05|none|k2	top3	none	none	rots	0.5	bh	5	5	1.0	0	0.0	173.8	184.6	40.900000000000006	0.0
DIA	top3__limrots|bh|none|none|fc0.5|a0.05|none|k2	top3	none	none	limrots	0.5	bh	5	5	1.0	0	0.0	174.0	181.98000000000002	55.5	0.0
DIA	pibaq__limma|bh|median|mindet|fc0.5|a0.05|none|k2	pibaq	median	mindet	limma	0.5	bh	5	5	1.0	0	0.0	174.8	155.8	75.19999999999999	0.0
DIA	sum__limma|bh|median|knn|fc0.5|a0.05|none|k2	sum	median	knn	limma	0.5	bh	5	5	1.0	0	0.0	178.0	164.45999999999998	52.29999999999998	0.0
DIA	sum__limma|bh|median|minprob|fc0.5|a0.05|none|k2	sum	median	minprob	limma	0.5	bh	5	5	1.0	0	0.0	178.0	168.94	50.5	0.0
DIA	pibaq__limma|bh|median|knn|fc0.5|a0.05|none|k2	pibaq	median	knn	limma	0.5	bh	5	5	1.0	0	0.0	178.6	159.8	42.599999999999994	0.0
DIA	pibaq__deqms|bh|median|impseqrob|fc0.5|a0.05|none|k2	pibaq	median	impseqrob	deqms	0.5	bh	5	5	1.0	0	0.0	180.0	145.73999999999998	122.8	0.0
DIA	sum__limma|bh|median|qrilc|fc0.5|a0.05|none|k2	sum	median	qrilc	limma	0.5	bh	5	5	1.0	0	0.0	180.0	167.45999999999998	67.10000000000001	0.0
DIA	directlfq__rots|bh|none|qrilc|fc0.5|a0.05|none|k2	directlfq	none	qrilc	rots	0.5	bh	5	5	1.0	0	0.0	180.0	172.95999999999998	40.599999999999994	0.0
DIA	pibaq__limma|bh|median|qrilc|fc0.5|a0.05|none|k2	pibaq	median	qrilc	limma	0.5	bh	5	5	1.0	0	0.0	180.2	157.40000000000003	66.0	0.0
DIA	top3__rots|bh|none|knn|fc0.5|a0.05|none|k2	top3	none	knn	rots	0.5	bh	5	5	1.0	0	0.0	180.2	174.18	86.1	0.0
DIA	maxlfq__rots|bh|none|none|fc0.5|a0.05|none|k2	maxlfq	none	none	rots	0.5	bh	5	5	1.0	0	0.0	180.6	190.44	67.4	0.0
DIA	pibaq__limma|bh|median|minprob|fc0.5|a0.05|none|k2	pibaq	median	minprob	limma	0.5	bh	5	5	1.0	0	0.0	181.4	159.4	71.0	0.0
DIA	maxlfq__rots|bh|none|knn|fc0.5|a0.05|none|k2	maxlfq	none	knn	rots	0.5	bh	5	5	1.0	0	0.0	181.4	188.84	66.0	0.0
DIA	top3__limrots|bh|none|impseq|fc0.5|a0.05|none|k2	top3	none	impseq	limrots	0.5	bh	5	5	1.0	0	0.0	181.9	188.73999999999998	59.5	0.0
DIA	directlfq__rots|bh|none|minprob|fc0.5|a0.05|none|k2	directlfq	none	minprob	rots	0.5	bh	5	5	1.0	0	0.0	182.2	180.02000000000004	36.69999999999999	0.0
DIA	directlfq__rots|bh|none|none|fc0.5|a0.05|none|k2	directlfq	none	none	rots	0.5	bh	5	5	1.0	0	0.0	183.2	185.76	105.4	0.0
DIA	directlfq__rots|bh|none|knn|fc0.5|a0.05|none|k2	directlfq	none	knn	rots	0.5	bh	5	5	1.0	0	0.0	183.4	185.26	131.9	0.0
DIA	pibaq__limma|bh|median|seqknn|fc0.5|a0.05|none|k2	pibaq	median	seqknn	limma	0.5	bh	5	5	1.0	0	0.0	183.6	164.12	54.400000000000006	0.0
DIA	top3__limrots|bh|none|impseqrob|fc0.5|a0.05|none|k2	top3	none	impseqrob	limrots	0.5	bh	5	5	1.0	0	0.0	183.7	192.51999999999998	49.5	0.0
DIA	top3__limrots|bh|none|mindet|fc0.5|a0.05|none|k2	top3	none	mindet	limrots	0.5	bh	5	5	1.0	0	0.0	183.8	179.24	34.80000000000001	0.0
DIA	top3__rots|bh|none|seqknn|fc0.5|a0.05|none|k2	top3	none	seqknn	rots	0.5	bh	5	5	1.0	0	0.0	184.0	184.72	63.39999999999998	0.0
DIA	pibaq__rots|bh|none|mindet|fc0.5|a0.05|none|k2	pibaq	none	mindet	rots	0.5	bh	5	5	1.0	0	0.0	184.1	182.56	41.20000000000002	0.0
DIA	top3__rots|bh|none|mindet|fc0.5|a0.05|none|k2	top3	none	mindet	rots	0.5	bh	5	5	1.0	0	0.0	184.4	186.94	47.79999999999998	0.0
DIA	top3__deqms|bh|median|mindet|fc0.5|a0.05|none|k2	top3	median	mindet	deqms	0.5	bh	5	5	1.0	0	0.0	185.6	179.08	76.80000000000001	0.0
DIA	maxlfq__rots|bh|none|seqknn|fc0.5|a0.05|none|k2	maxlfq	none	seqknn	rots	0.5	bh	5	5	1.0	0	0.0	185.6	193.72000000000003	54.80000000000001	0.0
DIA	top3__rots|bh|none|impseq|fc0.5|a0.05|none|k2	top3	none	impseq	rots	0.5	bh	5	5	1.0	0	0.0	186.1	198.76000000000002	29.30000000000001	0.0
DIA	sum__limma|bh|median|impseq|fc0.5|a0.05|none|k2	sum	median	impseq	limma	0.5	bh	5	5	1.0	0	0.0	186.8	170.16	56.400000000000006	0.0
DIA	pibaq__limrots|bh|none|minprob|fc0.5|a0.05|none|k2	pibaq	none	minprob	limrots	0.5	bh	5	5	1.0	0	0.0	187.1	179.64000000000001	58.099999999999994	0.0
DIA	top3__deqms|bh|median|qrilc|fc0.5|a0.05|none|k2	top3	median	qrilc	deqms	0.5	bh	5	5	1.0	0	0.0	187.6	172.38000000000002	64.6	0.0
DIA	pibaq__limrots|bh|none|qrilc|fc0.5|a0.05|none|k2	pibaq	none	qrilc	limrots	0.5	bh	5	5	1.0	0	0.0	187.9	178.0	96.5	0.0
DIA	top3__limma|bh|median|mindet|fc0.5|a0.05|none|k2	top3	median	mindet	limma	0.5	bh	5	5	1.0	0	0.0	188.2	181.6	40.0	0.0
DIA	directlfq__rots|bh|none|seqknn|fc0.5|a0.05|none|k2	directlfq	none	seqknn	rots	0.5	bh	5	5	1.0	0	0.0	188.2	195.14000000000001	99.4	0.0
DIA	top3__rots|bh|none|impseqrob|fc0.5|a0.05|none|k2	top3	none	impseqrob	rots	0.5	bh	5	5	1.0	0	0.0	188.2	199.4	36.400000000000006	0.0
DIA	pibaq__limrots|bh|none|mindet|fc0.5|a0.05|none|k2	pibaq	none	mindet	limrots	0.5	bh	5	5	1.0	0	0.0	188.7	184.44	37.10000000000002	0.0
DIA	pibaq__limma|bh|median|impseq|fc0.5|a0.05|none|k2	pibaq	median	impseq	limma	0.5	bh	5	5	1.0	0	0.0	190.2	164.14	98.49999999999999	0.0
DIA	top3__deqms|bh|median|minprob|fc0.5|a0.05|none|k2	top3	median	minprob	deqms	0.5	bh	5	5	1.0	0	0.0	190.2	176.44	59.0	0.0
DIA	pibaq__rots|bh|none|impseq|fc0.5|a0.05|none|k2	pibaq	none	impseq	rots	0.5	bh	5	5	1.0	0	0.0	191.5	186.38000000000002	49.10000000000002	0.0
DIA	top3__limrots|bh|none|qrilc|fc0.5|a0.05|none|k2	top3	none	qrilc	limrots	0.5	bh	5	5	1.0	0	0.0	191.5	189.56	59.400000000000006	0.0
DIA	maxlfq__rots|bh|median|minprob|fc0.5|a0.05|none|k2	maxlfq	median	minprob	rots	0.5	bh	5	5	1.0	0	0.0	192.1	191.11999999999998	83.20000000000002	0.0
DIA	top3__rots|bh|none|minprob|fc0.5|a0.05|none|k2	top3	none	minprob	rots	0.5	bh	5	5	1.0	0	0.0	192.6	184.45999999999998	39.19999999999999	0.0
DIA	top3__limrots|bh|none|minprob|fc0.5|a0.05|none|k2	top3	none	minprob	limrots	0.5	bh	5	5	1.0	0	0.0	193.0	186.33999999999997	50.900000000000006	0.0
DIA	maxlfq__rots|bh|median|qrilc|fc0.5|a0.05|none|k2	maxlfq	median	qrilc	rots	0.5	bh	5	5	1.0	0	0.0	193.4	197.74	47.29999999999998	0.0
DIA	directlfq__limrots|bh|none|qrilc|fc0.5|a0.05|none|k2	directlfq	none	qrilc	limrots	0.5	bh	5	5	1.0	0	0.0	194.2	185.44	40.900000000000006	0.0
DIA	pibaq__rots|bh|none|impseqrob|fc0.5|a0.05|none|k2	pibaq	none	impseqrob	rots	0.5	bh	5	5	1.0	0	0.0	194.3	193.1	32.5	0.0
DIA	top3__limma|bh|median|none|fc0.5|a0.05|none|k2	top3	median	none	limma	0.5	bh	5	5	1.0	0	0.0	195.0	177.04	41.099999999999994	0.0
DIA	top3__deqms|bh|median|none|fc0.5|a0.05|none|k2	top3	median	none	deqms	0.5	bh	5	5	1.0	0	0.0	195.2	173.8	71.99999999999999	0.0
DIA	sum__limma|bh|median|impseqrob|fc0.5|a0.05|none|k2	sum	median	impseqrob	limma	0.5	bh	5	5	1.0	0	0.0	196.0	178.18	59.099999999999994	0.0
DIA	directlfq__rots|bh|none|impseq|fc0.5|a0.05|none|k2	directlfq	none	impseq	rots	0.5	bh	5	5	1.0	0	0.0	196.0	201.66	72.69999999999999	0.0
DIA	top3__deqms|bh|median|knn|fc0.5|a0.05|none|k2	top3	median	knn	deqms	0.5	bh	5	5	1.0	0	0.0	196.9	175.66	61.19999999999999	0.0
DIA	directlfq__rots|bh|none|impseqrob|fc0.5|a0.05|none|k2	directlfq	none	impseqrob	rots	0.5	bh	5	5	1.0	0	0.0	197.8	202.84	73.29999999999998	0.0
DIA	pibaq__rots|bh|median|none|fc0.5|a0.05|none|k2	pibaq	median	none	rots	0.5	bh	5	5	1.0	0	0.0	197.9	208.68	55.10000000000002	0.0
DIA	maxlfq__limrots|bh|median|minprob|fc0.5|a0.05|none|k2	maxlfq	median	minprob	limrots	0.5	bh	5	5	1.0	0	0.0	198.9	204.72	96.19999999999999	0.0
DIA	directlfq__limrots|bh|none|minprob|fc0.5|a0.05|none|k2	directlfq	none	minprob	limrots	0.5	bh	5	5	1.0	0	0.0	199.2	186.98000000000002	45.5	0.0
DIA	maxlfq__limrots|bh|median|qrilc|fc0.5|a0.05|none|k2	maxlfq	median	qrilc	limrots	0.5	bh	5	5	1.0	0	0.0	199.2	203.57999999999998	53.900000000000006	0.0
DIA	top3__deqms|bh|median|impseq|fc0.5|a0.05|none|k2	top3	median	impseq	deqms	0.5	bh	5	5	1.0	0	0.0	199.4	182.44	73.4	0.0
DIA	directlfq__rots|bh|median|qrilc|fc0.5|a0.05|none|k2	directlfq	median	qrilc	rots	0.5	bh	5	5	1.0	0	0.0	199.4	196.7	25.5	0.0
DIA	pibaq__limrots|bh|none|impseqrob|fc0.5|a0.05|none|k2	pibaq	none	impseqrob	limrots	0.5	bh	5	5	1.0	0	0.0	199.7	197.6	14.900000000000006	0.0
DIA	top3__limma|bh|median|minprob|fc0.5|a0.05|none|k2	top3	median	minprob	limma	0.5	bh	5	5	1.0	0	0.0	200.2	184.7	45.30000000000001	0.0
DIA	pibaq__limrots|bh|none|impseq|fc0.5|a0.05|none|k2	pibaq	none	impseq	limrots	0.5	bh	5	5	1.0	0	0.0	200.5	188.26	52.30000000000001	0.0
DIA	top3__deqms|bh|median|impseqrob|fc0.5|a0.05|none|k2	top3	median	impseqrob	deqms	0.5	bh	5	5	1.0	0	0.0	201.2	182.71999999999997	86.0	0.0
DIA	top3__limrots|bh|median|mindet|fc0.5|a0.05|none|k2	top3	median	mindet	limrots	0.5	bh	5	5	1.0	0	0.0	201.5	210.11999999999998	32.599999999999994	0.0
DIA	sum__rots|bh|median|none|fc0.5|a0.05|none|k2	sum	median	none	rots	0.5	bh	5	5	1.0	0	0.0	202.1	210.04000000000002	55.0	0.0
DIA	sum__limrots|bh|median|none|fc0.5|a0.05|none|k2	sum	median	none	limrots	0.5	bh	5	5	1.0	0	0.0	202.1	211.82000000000002	40.900000000000006	0.0
DIA	top3__deqms|bh|median|seqknn|fc0.5|a0.05|none|k2	top3	median	seqknn	deqms	0.5	bh	5	5	1.0	0	0.0	202.4	181.94	61.900000000000006	0.0
DIA	sum__limrots|bh|median|qrilc|fc0.5|a0.05|none|k2	sum	median	qrilc	limrots	0.5	bh	5	5	1.0	0	0.0	202.8	213.88000000000002	38.0	0.0
DIA	top3__limma|bh|median|qrilc|fc0.5|a0.05|none|k2	top3	median	qrilc	limma	0.5	bh	5	5	1.0	0	0.0	203.0	183.42	65.10000000000002	0.0
DIA	top3__limma|bh|median|impseq|fc0.5|a0.05|none|k2	top3	median	impseq	limma	0.5	bh	5	5	1.0	0	0.0	203.8	190.22	58.69999999999999	0.0
DIA	sum__rots|bh|median|qrilc|fc0.5|a0.05|none|k2	sum	median	qrilc	rots	0.5	bh	5	5	1.0	0	0.0	204.6	211.9	25.900000000000006	0.0
DIA	top3__limma|bh|median|knn|fc0.5|a0.05|none|k2	top3	median	knn	limma	0.5	bh	5	5	1.0	0	0.0	205.2	184.26	56.900000000000006	0.0
DIA	top3__limma|bh|median|impseqrob|fc0.5|a0.05|none|k2	top3	median	impseqrob	limma	0.5	bh	5	5	1.0	0	0.0	205.2	189.46000000000004	65.69999999999999	0.0
DIA	pibaq__limma|bh|median|impseqrob|fc0.5|a0.05|none|k2	pibaq	median	impseqrob	limma	0.5	bh	5	5	1.0	0	0.0	206.6	168.06	101.19999999999999	0.0
DIA	top3__rots|bh|median|minprob|fc0.5|a0.05|none|k2	top3	median	minprob	rots	0.5	bh	5	5	1.0	0	0.0	208.4	219.82000000000002	37.19999999999999	0.0
DIA	pibaq__rots|bh|median|impseq|fc0.5|a0.05|none|k2	pibaq	median	impseq	rots	0.5	bh	5	5	1.0	0	0.0	208.4	221.26	50.79999999999998	0.0
DIA	pibaq__limrots|bh|median|impseq|fc0.5|a0.05|none|k2	pibaq	median	impseq	limrots	0.5	bh	5	5	1.0	0	0.0	208.6	218.51999999999998	35.5	0.0
DIA	pibaq__limrots|bh|median|impseqrob|fc0.5|a0.05|none|k2	pibaq	median	impseqrob	limrots	0.5	bh	5	5	1.0	0	0.0	208.6	219.56	45.30000000000001	0.0
DIA	pibaq__rots|bh|median|impseqrob|fc0.5|a0.05|none|k2	pibaq	median	impseqrob	rots	0.5	bh	5	5	1.0	0	0.0	208.7	220.35999999999999	44.599999999999994	0.0
DIA	sum__limrots|bh|median|impseq|fc0.5|a0.05|none|k2	sum	median	impseq	limrots	0.5	bh	5	5	1.0	0	0.0	209.9	210.77999999999997	26.200000000000017	0.0
DIA	pibaq__limrots|bh|median|none|fc0.5|a0.05|none|k2	pibaq	median	none	limrots	0.5	bh	5	5	1.0	0	0.0	209.9	214.76	38.900000000000006	0.0
DIA	sum__rots|bh|median|knn|fc0.5|a0.05|none|k2	sum	median	knn	rots	0.5	bh	5	5	1.0	0	0.0	210.1	214.4	55.0	0.0
DIA	pibaq__limrots|bh|median|mindet|fc0.5|a0.05|none|k2	pibaq	median	mindet	limrots	0.5	bh	5	5	1.0	0	0.0	210.2	217.68	22.799999999999983	0.0
DIA	sum__rots|bh|median|seqknn|fc0.5|a0.05|none|k2	sum	median	seqknn	rots	0.5	bh	5	5	1.0	0	0.0	210.3	216.8	49.400000000000006	0.0
DIA	sum__rots|bh|median|minprob|fc0.5|a0.05|none|k2	sum	median	minprob	rots	0.5	bh	5	5	1.0	0	0.0	210.4	207.95999999999998	50.400000000000006	0.0
DIA	sum__rots|bh|median|impseq|fc0.5|a0.05|none|k2	sum	median	impseq	rots	0.5	bh	5	5	1.0	0	0.0	210.7	209.0	31.80000000000001	0.0
DIA	top3__limma|bh|median|seqknn|fc0.5|a0.05|none|k2	top3	median	seqknn	limma	0.5	bh	5	5	1.0	0	0.0	210.8	188.82000000000002	55.30000000000001	0.0
DIA	pibaq__rots|bh|median|mindet|fc0.5|a0.05|none|k2	pibaq	median	mindet	rots	0.5	bh	5	5	1.0	0	0.0	211.0	208.82000000000002	33.400000000000006	0.0
DIA	pibaq__rots|bh|median|knn|fc0.5|a0.05|none|k2	pibaq	median	knn	rots	0.5	bh	5	5	1.0	0	0.0	211.1	213.28000000000003	46.099999999999994	0.0
DIA	sum__limrots|bh|median|knn|fc0.5|a0.05|none|k2	sum	median	knn	limrots	0.5	bh	5	5	1.0	0	0.0	211.3	211.28000000000003	46.89999999999998	0.0
DIA	sum__rots|bh|median|impseqrob|fc0.5|a0.05|none|k2	sum	median	impseqrob	rots	0.5	bh	5	5	1.0	0	0.0	212.3	211.51999999999998	27.399999999999977	0.0
DIA	top3__limrots|bh|median|none|fc0.5|a0.05|none|k2	top3	median	none	limrots	0.5	bh	5	5	1.0	0	0.0	212.3	217.04000000000002	40.099999999999994	0.0
DIA	sum__limrots|bh|median|impseqrob|fc0.5|a0.05|none|k2	sum	median	impseqrob	limrots	0.5	bh	5	5	1.0	0	0.0	212.8	212.04000000000002	26.299999999999983	0.0
DIA	pibaq__limrots|bh|median|knn|fc0.5|a0.05|none|k2	pibaq	median	knn	limrots	0.5	bh	5	5	1.0	0	0.0	212.8	214.82	25.599999999999994	0.0
DIA	sum__limrots|bh|median|seqknn|fc0.5|a0.05|none|k2	sum	median	seqknn	limrots	0.5	bh	5	5	1.0	0	0.0	213.0	212.35999999999999	28.69999999999999	0.0
DIA	top3__rots|bh|median|none|fc0.5|a0.05|none|k2	top3	median	none	rots	0.5	bh	5	5	1.0	0	0.0	213.1	215.24	55.39999999999998	0.0
DIA	pibaq__rots|bh|median|seqknn|fc0.5|a0.05|none|k2	pibaq	median	seqknn	rots	0.5	bh	5	5	1.0	0	0.0	214.0	215.74	40.29999999999998	0.0
DIA	top3__rots|bh|median|mindet|fc0.5|a0.05|none|k2	top3	median	mindet	rots	0.5	bh	5	5	1.0	0	0.0	214.1	211.44	40.60000000000002	0.0
DIA	top3__limrots|bh|median|minprob|fc0.5|a0.05|none|k2	top3	median	minprob	limrots	0.5	bh	5	5	1.0	0	0.0	214.9	218.92	33.0	0.0
DIA	directlfq__limrots|bh|none|knn|fc0.5|a0.05|none|k2	directlfq	none	knn	limrots	0.5	bh	5	5	1.0	0	0.0	216.4	204.24	89.79999999999998	0.0
DIA	pibaq__limrots|bh|median|minprob|fc0.5|a0.05|none|k2	pibaq	median	minprob	limrots	0.5	bh	5	5	1.0	0	0.0	217.8	217.28000000000003	34.900000000000006	0.0
DIA	top3__limrots|bh|median|impseqrob|fc0.5|a0.05|none|k2	top3	median	impseqrob	limrots	0.5	bh	5	5	1.0	0	0.0	218.0	220.88000000000002	32.69999999999999	0.0
DIA	directlfq__limrots|bh|none|seqknn|fc0.5|a0.05|none|k2	directlfq	none	seqknn	limrots	0.5	bh	5	5	1.0	0	0.0	220.0	203.92000000000002	92.40000000000003	0.0
DIA	pibaq__limrots|bh|median|seqknn|fc0.5|a0.05|none|k2	pibaq	median	seqknn	limrots	0.5	bh	5	5	1.0	0	0.0	220.0	217.6	40.0	0.0
DIA	top3__rots|bh|median|knn|fc0.5|a0.05|none|k2	top3	median	knn	rots	0.5	bh	5	5	1.0	0	0.0	220.7	217.08	30.799999999999983	0.0
DIA	pibaq__rots|bh|median|minprob|fc0.5|a0.05|none|k2	pibaq	median	minprob	rots	0.5	bh	5	5	1.0	0	0.0	221.1	213.45999999999998	35.60000000000002	0.0
DIA	top3__rots|bh|median|impseqrob|fc0.5|a0.05|none|k2	top3	median	impseqrob	rots	0.5	bh	5	5	1.0	0	0.0	222.0	220.56	39.900000000000006	0.0
DIA	top3__rots|bh|median|seqknn|fc0.5|a0.05|none|k2	top3	median	seqknn	rots	0.5	bh	5	5	1.0	0	0.0	222.3	221.56000000000003	31.400000000000006	0.0
DIA	maxlfq__limrots|bh|none|knn|fc0.5|a0.05|none|k2	maxlfq	none	knn	limrots	0.5	bh	5	5	1.0	0	0.0	222.8	199.12	60.19999999999999	0.0
DIA	top3__rots|bh|median|impseq|fc0.5|a0.05|none|k2	top3	median	impseq	rots	0.5	bh	5	5	1.0	0	0.0	222.8	221.74	33.69999999999999	0.0
DIA	pibaq__limrots|bh|median|qrilc|fc0.5|a0.05|none|k2	pibaq	median	qrilc	limrots	0.5	bh	5	5	1.0	0	0.0	223.6	218.35999999999999	31.69999999999999	0.0
DIA	top3__limrots|bh|median|knn|fc0.5|a0.05|none|k2	top3	median	knn	limrots	0.5	bh	5	5	1.0	0	0.0	224.2	218.35999999999999	31.700000000000017	0.0
DIA	pibaq__rots|bh|median|qrilc|fc0.5|a0.05|none|k2	pibaq	median	qrilc	rots	0.5	bh	5	5	1.0	0	0.0	224.4	214.0	35.80000000000001	0.0
DIA	top3__limrots|bh|median|qrilc|fc0.5|a0.05|none|k2	top3	median	qrilc	limrots	0.5	bh	5	5	1.0	0	0.0	224.6	217.35999999999999	34.69999999999999	0.0
DIA	sum__rots|bh|median|mindet|fc0.5|a0.05|none|k2	sum	median	mindet	rots	0.5	bh	5	5	1.0	0	0.0	224.8	209.06000000000003	48.599999999999994	0.0
DIA	top3__rots|bh|median|qrilc|fc0.5|a0.05|none|k2	top3	median	qrilc	rots	0.5	bh	5	5	1.0	0	0.0	224.8	215.7	43.5	0.0
DIA	top3__limrots|bh|median|impseq|fc0.5|a0.05|none|k2	top3	median	impseq	limrots	0.5	bh	5	5	1.0	0	0.0	225.4	222.85999999999999	27.100000000000023	0.0
DIA	maxlfq__limrots|bh|none|seqknn|fc0.5|a0.05|none|k2	maxlfq	none	seqknn	limrots	0.5	bh	5	5	1.0	0	0.0	226.0	202.16	64.39999999999998	0.0
DIA	sum__limrots|bh|median|minprob|fc0.5|a0.05|none|k2	sum	median	minprob	limrots	0.5	bh	5	5	1.0	0	0.0	228.2	216.42000000000002	52.5	0.0
DIA	directlfq__limrots|bh|none|impseq|fc0.5|a0.05|none|k2	directlfq	none	impseq	limrots	0.5	bh	5	5	1.0	0	0.0	228.4	211.2	61.599999999999994	0.0
DIA	directlfq__rots|bh|median|mindet|fc0.5|a0.05|none|k2	directlfq	median	mindet	rots	0.5	bh	5	5	1.0	0	0.0	228.7	196.38000000000002	73.80000000000001	0.0
DIA	directlfq__limrots|bh|none|impseqrob|fc0.5|a0.05|none|k2	directlfq	none	impseqrob	limrots	0.5	bh	5	5	1.0	0	0.0	228.8	210.21999999999997	71.10000000000002	0.0
DIA	directlfq__rots|bh|median|minprob|fc0.5|a0.05|none|k2	directlfq	median	minprob	rots	0.5	bh	5	5	1.0	0	0.0	229.3	207.08	59.39999999999998	0.0
DIA	sum__limrots|bh|median|mindet|fc0.5|a0.05|none|k2	sum	median	mindet	limrots	0.5	bh	5	5	1.0	0	0.0	229.4	212.14000000000001	48.400000000000006	0.0
DIA	top3__limrots|bh|median|seqknn|fc0.5|a0.05|none|k2	top3	median	seqknn	limrots	0.5	bh	5	5	1.0	0	0.0	229.4	222.36000000000004	29.69999999999999	0.0
DIA	directlfq__limrots|bh|median|mindet|fc0.5|a0.05|none|k2	directlfq	median	mindet	limrots	0.5	bh	5	5	1.0	0	0.0	230.4	203.42000000000002	71.9	0.0
DIA	maxlfq__rots|bh|none|impseq|fc0.5|a0.05|none|k2	maxlfq	none	impseq	rots	0.5	bh	5	5	1.0	0	0.0	231.0	207.42	33.5	0.0
DIA	directlfq__limrots|bh|median|qrilc|fc0.5|a0.05|none|k2	directlfq	median	qrilc	limrots	0.5	bh	5	5	1.0	0	0.0	231.3	211.43999999999997	41.5	0.0
DIA	maxlfq__rots|bh|median|mindet|fc0.5|a0.05|none|k2	maxlfq	median	mindet	rots	0.5	bh	5	5	1.0	0	0.0	231.8	201.02000000000004	98.5	0.0
DIA	maxlfq__limrots|bh|median|mindet|fc0.5|a0.05|none|k2	maxlfq	median	mindet	limrots	0.5	bh	5	5	1.0	0	0.0	232.4	202.12000000000003	83.5	0.0
DIA	maxlfq__limrots|bh|none|none|fc0.5|a0.05|none|k2	maxlfq	none	none	limrots	0.5	bh	5	5	1.0	0	0.0	232.9	207.8	71.70000000000002	0.0
DIA	maxlfq__limrots|bh|none|impseq|fc0.5|a0.05|none|k2	maxlfq	none	impseq	limrots	0.5	bh	5	5	1.0	0	0.0	233.6	215.24	7.0	0.0
DIA	maxlfq__rots|bh|none|impseqrob|fc0.5|a0.05|none|k2	maxlfq	none	impseqrob	rots	0.5	bh	5	5	1.0	0	0.0	234.1	207.95999999999998	35.099999999999994	0.0
DIA	directlfq__limrots|bh|median|minprob|fc0.5|a0.05|none|k2	directlfq	median	minprob	limrots	0.5	bh	5	5	1.0	0	0.0	236.5	214.12000000000003	46.900000000000006	0.0
DIA	maxlfq__limrots|bh|none|impseqrob|fc0.5|a0.05|none|k2	maxlfq	none	impseqrob	limrots	0.5	bh	5	5	1.0	0	0.0	238.5	215.56	7.300000000000011	0.0
DIA	directlfq__limrots|bh|none|none|fc0.5|a0.05|none|k2	directlfq	none	none	limrots	0.5	bh	5	5	1.0	0	0.0	241.5	213.21999999999997	39.599999999999994	0.0
DIA	directlfq__rots|bh|median|knn|fc0.5|a0.05|none|k2	directlfq	median	knn	rots	0.5	bh	5	5	1.0	0	0.0	252.2	227.35999999999999	3.0	0.0
DIA	maxlfq__limrots|bh|median|none|fc0.5|a0.05|none|k2	maxlfq	median	none	limrots	0.5	bh	5	5	1.0	0	0.0	257.2	232.48000000000002	34.30000000000001	0.0
DIA	maxlfq__rots|bh|median|none|fc0.5|a0.05|none|k2	maxlfq	median	none	rots	0.5	bh	5	5	1.0	0	0.0	257.8	230.94	37.10000000000002	0.0
DIA	directlfq__rots|bh|median|seqknn|fc0.5|a0.05|none|k2	directlfq	median	seqknn	rots	0.5	bh	5	5	1.0	0	0.0	258.7	233.14000000000001	17.50000000000003	0.0
DIA	maxlfq__limrots|bh|median|knn|fc0.5|a0.05|none|k2	maxlfq	median	knn	limrots	0.5	bh	5	5	1.0	0	0.0	260.8	230.67999999999998	32.70000000000002	0.0
DIA	maxlfq__rots|bh|median|impseq|fc0.5|a0.05|none|k2	maxlfq	median	impseq	rots	0.5	bh	5	5	1.0	0	0.0	261.1	231.0	36.69999999999999	0.0
DIA	maxlfq__rots|bh|median|knn|fc0.5|a0.05|none|k2	maxlfq	median	knn	rots	0.5	bh	5	5	1.0	0	0.0	261.2	230.24	36.10000000000002	0.0
DIA	maxlfq__limrots|bh|median|impseq|fc0.5|a0.05|none|k2	maxlfq	median	impseq	limrots	0.5	bh	5	5	1.0	0	0.0	264.0	227.51999999999998	34.5	0.0
DIA	maxlfq__rots|bh|median|impseqrob|fc0.5|a0.05|none|k2	maxlfq	median	impseqrob	rots	0.5	bh	5	5	1.0	0	0.0	264.6	227.24	34.29999999999998	0.0
DIA	maxlfq__limrots|bh|median|impseqrob|fc0.5|a0.05|none|k2	maxlfq	median	impseqrob	limrots	0.5	bh	5	5	1.0	0	0.0	264.6	228.1	28.099999999999966	0.0
DIA	maxlfq__rots|bh|median|seqknn|fc0.5|a0.05|none|k2	maxlfq	median	seqknn	rots	0.5	bh	5	5	1.0	0	0.0	264.8	232.37999999999997	41.099999999999994	0.0
DIA	maxlfq__limrots|bh|median|seqknn|fc0.5|a0.05|none|k2	maxlfq	median	seqknn	limrots	0.5	bh	5	5	1.0	0	0.0	266.6	234.04000000000002	36.30000000000001	0.0
DIA	directlfq__rots|bh|median|impseq|fc0.5|a0.05|none|k2	directlfq	median	impseq	rots	0.5	bh	5	5	1.0	0	0.0	267.0	236.35999999999999	20.100000000000023	0.0
DIA	directlfq__rots|bh|median|impseqrob|fc0.5|a0.05|none|k2	directlfq	median	impseqrob	rots	0.5	bh	5	5	1.0	0	0.0	268.0	235.85999999999999	16.80000000000001	0.0
DIA	directlfq__limrots|bh|median|none|fc0.5|a0.05|none|k2	directlfq	median	none	limrots	0.5	bh	5	5	1.0	0	0.0	268.6	234.2	32.099999999999966	0.0
DIA	directlfq__limrots|bh|median|impseq|fc0.5|a0.05|none|k2	directlfq	median	impseq	limrots	0.5	bh	5	5	1.0	0	0.0	268.8	236.95999999999998	18.900000000000006	0.0
DIA	directlfq__limrots|bh|median|seqknn|fc0.5|a0.05|none|k2	directlfq	median	seqknn	limrots	0.5	bh	5	5	1.0	0	0.0	268.8	239.4	19.399999999999977	0.0
DIA	directlfq__limrots|bh|median|knn|fc0.5|a0.05|none|k2	directlfq	median	knn	limrots	0.5	bh	5	5	1.0	0	0.0	269.2	237.66	20.799999999999983	0.0
DIA	directlfq__limrots|bh|median|impseqrob|fc0.5|a0.05|none|k2	directlfq	median	impseqrob	limrots	0.5	bh	5	5	1.0	0	0.0	269.8	236.45999999999998	19.5	0.0
DIA	directlfq__rots|bh|median|none|fc0.5|a0.05|none|k2	directlfq	median	none	rots	0.5	bh	5	5	1.0	0	0.0	270.4	233.11999999999998	31.69999999999999	0.0
LFQ	directlfq__deqms|bh|none|seqknn|fc0.5|a0.05|none|k2	directlfq	none	seqknn	deqms	0.5	bh	6	6	1.0	0	0.0	45.8	50.11666666666667	51.0	0.0
LFQ	directlfq__limma|bh|none|mindet|fc0.5|a0.05|none|k2	directlfq	none	mindet	limma	0.5	bh	6	6	1.0	0	0.0	46.5	45.800000000000004	25.35	0.0
LFQ	directlfq__deqms|bh|none|mindet|fc0.5|a0.05|none|k2	directlfq	none	mindet	deqms	0.5	bh	6	6	1.0	0	0.0	46.8	48.916666666666664	42.175	0.0
LFQ	directlfq__deqms|bh|none|impseq|fc0.5|a0.05|none|k2	directlfq	none	impseq	deqms	0.5	bh	6	6	1.0	0	0.0	47.8	56.49999999999999	53.8	0.0
LFQ	directlfq__deqms|bh|none|impseqrob|fc0.5|a0.05|none|k2	directlfq	none	impseqrob	deqms	0.5	bh	6	6	1.0	0	0.0	49.15	75.31666666666668	46.125000000000014	0.0
LFQ	directlfq__deqms|bh|none|knn|fc0.5|a0.05|none|k2	directlfq	none	knn	deqms	0.5	bh	6	6	1.0	0	0.0	52.3	56.800000000000004	45.599999999999994	0.0
LFQ	directlfq__limma|bh|none|seqknn|fc0.5|a0.05|none|k2	directlfq	none	seqknn	limma	0.5	bh	6	6	1.0	0	0.0	54.3	55.03333333333333	15.775000000000006	0.0
LFQ	directlfq__limma|bh|none|knn|fc0.5|a0.05|none|k2	directlfq	none	knn	limma	0.5	bh	6	6	1.0	0	0.0	62.9	61.28333333333333	27.424999999999997	0.0
LFQ	directlfq__limma|bh|none|minprob|fc0.5|a0.05|none|k2	directlfq	none	minprob	limma	0.5	bh	6	6	1.0	0	0.0	64.0	61.1	5.799999999999997	0.0
LFQ	directlfq__limma|bh|none|none|fc0.5|a0.05|none|k2	directlfq	none	none	limma	0.5	bh	6	6	1.0	0	0.0	65.25	75.85000000000001	13.524999999999999	0.0
LFQ	directlfq__deqms|bh|none|minprob|fc0.5|a0.05|none|k2	directlfq	none	minprob	deqms	0.5	bh	6	6	1.0	0	0.0	65.4	61.66666666666666	40.7	0.0
LFQ	directlfq__limma|bh|none|impseqrob|fc0.5|a0.05|none|k2	directlfq	none	impseqrob	limma	0.5	bh	6	6	1.0	0	0.0	67.15	84.03333333333332	31.949999999999996	0.0
LFQ	directlfq__limma|bh|none|impseq|fc0.5|a0.05|none|k2	directlfq	none	impseq	limma	0.5	bh	6	6	1.0	0	0.0	67.80000000000001	67.89999999999999	32.75	0.0
LFQ	maxlfq__deqms|bh|none|seqknn|fc0.5|a0.05|none|k2	maxlfq	none	seqknn	deqms	0.5	bh	6	6	1.0	0	0.0	67.80000000000001	70.58333333333334	42.949999999999996	0.0
LFQ	directlfq__deqms|bh|none|none|fc0.5|a0.05|none|k2	directlfq	none	none	deqms	0.5	bh	6	6	1.0	0	0.0	73.7	75.2	34.35000000000001	0.0
LFQ	maxlfq__limma|bh|none|seqknn|fc0.5|a0.05|none|k2	maxlfq	none	seqknn	limma	0.5	bh	6	6	1.0	0	0.0	74.85	78.21666666666665	37.675	0.0
LFQ	directlfq__limma|bh|none|qrilc|fc0.5|a0.05|none|k2	directlfq	none	qrilc	limma	0.5	bh	6	6	1.0	0	0.0	76.1	77.60000000000001	17.700000000000003	0.0
LFQ	maxlfq__deqms|bh|none|mindet|fc0.5|a0.05|none|k2	maxlfq	none	mindet	deqms	0.5	bh	6	6	1.0	0	0.0	84.30000000000001	77.10000000000001	29.450000000000003	0.0
LFQ	directlfq__limrots|bh|none|minprob|fc0.5|a0.05|none|k2	directlfq	none	minprob	limrots	0.5	bh	6	6	1.0	0	0.0	88.3	86.28333333333335	110.12499999999999	0.0
LFQ	maxlfq__limma|bh|none|mindet|fc0.5|a0.05|none|k2	maxlfq	none	mindet	limma	0.5	bh	6	6	1.0	0	0.0	88.9	84.33333333333334	35.20000000000002	0.0
LFQ	directlfq__limma|bh|median|seqknn|fc0.5|a0.05|none|k2	directlfq	median	seqknn	limma	0.5	bh	6	6	1.0	0	0.0	89.0	108.83333333333336	56.40000000000002	0.0
LFQ	directlfq__limma|bh|median|knn|fc0.5|a0.05|none|k2	directlfq	median	knn	limma	0.5	bh	6	6	1.0	0	0.0	89.25	114.31666666666666	36.675	0.0
LFQ	directlfq__deqms|bh|none|qrilc|fc0.5|a0.05|none|k2	directlfq	none	qrilc	deqms	0.5	bh	6	6	1.0	0	0.0	89.6	84.46666666666665	34.05000000000001	0.0
LFQ	maxlfq__deqms|bh|none|minprob|fc0.5|a0.05|none|k2	maxlfq	none	minprob	deqms	0.5	bh	6	6	1.0	0	0.0	90.2	80.83333333333333	59.30000000000001	0.0
LFQ	directlfq__deqms|bh|median|seqknn|fc0.5|a0.05|none|k2	directlfq	median	seqknn	deqms	0.5	bh	6	6	1.0	0	0.0	91.95	118.18333333333334	65.47500000000001	0.0
LFQ	maxlfq__deqms|bh|none|impseqrob|fc0.5|a0.05|none|k2	maxlfq	none	impseqrob	deqms	0.5	bh	6	6	1.0	0	0.0	95.69999999999999	98.66666666666667	80.60000000000001	0.0
LFQ	directlfq__rots|bh|none|mindet|fc0.5|a0.05|none|k2	directlfq	none	mindet	rots	0.5	bh	6	6	1.0	0	0.0	95.85	90.56666666666666	62.650000000000006	0.0
LFQ	directlfq__limma|bh|median|impseqrob|fc0.5|a0.05|none|k2	directlfq	median	impseqrob	limma	0.5	bh	6	6	1.0	0	0.0	97.55	132.65	39.67499999999998	0.0
LFQ	directlfq__deqms|bh|median|knn|fc0.5|a0.05|none|k2	directlfq	median	knn	deqms	0.5	bh	6	6	1.0	0	0.0	98.5	122.99999999999999	51.900000000000006	0.0
LFQ	maxlfq__limma|bh|none|impseqrob|fc0.5|a0.05|none|k2	maxlfq	none	impseqrob	limma	0.5	bh	6	6	1.0	0	0.0	99.0	108.95	49.22500000000001	0.0
LFQ	pibaq__deqms|bh|none|seqknn|fc0.5|a0.05|none|k2	pibaq	none	seqknn	deqms	0.5	bh	6	6	1.0	0	0.0	99.0	114.89999999999999	108.05	0.0
LFQ	directlfq__limma|bh|median|mindet|fc0.5|a0.05|none|k2	directlfq	median	mindet	limma	0.5	bh	6	6	1.0	0	0.0	101.3	118.46666666666668	90.25000000000003	0.0
LFQ	pibaq__limma|bh|none|seqknn|fc0.5|a0.05|none|k2	pibaq	none	seqknn	limma	0.5	bh	6	6	1.0	0	0.0	103.0	126.48333333333333	111.85	0.0
LFQ	directlfq__rots|bh|none|seqknn|fc0.5|a0.05|none|k2	directlfq	none	seqknn	rots	0.5	bh	6	6	1.0	0	0.0	103.3	92.55	84.7	0.0
LFQ	directlfq__deqms|bh|median|impseq|fc0.5|a0.05|none|k2	directlfq	median	impseq	deqms	0.5	bh	6	6	1.0	0	0.0	103.3	124.46666666666665	67.44999999999999	0.0
LFQ	directlfq__limrots|bh|none|mindet|fc0.5|a0.05|none|k2	directlfq	none	mindet	limrots	0.5	bh	6	6	1.0	0	0.0	104.0	84.35	99.475	0.0
LFQ	directlfq__limma|bh|median|none|fc0.5|a0.05|none|k2	directlfq	median	none	limma	0.5	bh	6	6	1.0	0	0.0	104.30000000000001	126.26666666666667	39.29999999999998	0.0
LFQ	maxlfq__rots|bh|none|seqknn|fc0.5|a0.05|none|k2	maxlfq	none	seqknn	rots	0.5	bh	6	6	1.0	0	0.0	104.7	115.18333333333332	59.34999999999998	0.0
LFQ	directlfq__limrots|bh|none|seqknn|fc0.5|a0.05|none|k2	directlfq	none	seqknn	limrots	0.5	bh	6	6	1.0	0	0.0	104.9	91.08333333333333	90.24999999999999	0.0
LFQ	maxlfq__limma|bh|none|qrilc|fc0.5|a0.05|none|k2	maxlfq	none	qrilc	limma	0.5	bh	6	6	1.0	0	0.0	105.5	113.93333333333334	60.84999999999998	0.0
LFQ	directlfq__limma|bh|median|impseq|fc0.5|a0.05|none|k2	directlfq	median	impseq	limma	0.5	bh	6	6	1.0	0	0.0	105.69999999999999	119.16666666666667	63.85000000000001	0.0
LFQ	maxlfq__limma|bh|none|minprob|fc0.5|a0.05|none|k2	maxlfq	none	minprob	limma	0.5	bh	6	6	1.0	0	0.0	106.25	94.88333333333333	39.525000000000006	0.0
LFQ	maxlfq__deqms|bh|none|knn|fc0.5|a0.05|none|k2	maxlfq	none	knn	deqms	0.5	bh	6	6	1.0	0	0.0	109.0	94.3	82.29999999999998	0.0
LFQ	maxlfq__deqms|bh|none|impseq|fc0.5|a0.05|none|k2	maxlfq	none	impseq	deqms	0.5	bh	6	6	1.0	0	0.0	109.0	95.5	53.75	0.0
LFQ	maxlfq__deqms|bh|none|qrilc|fc0.5|a0.05|none|k2	maxlfq	none	qrilc	deqms	0.5	bh	6	6	1.0	0	0.0	110.19999999999999	103.66666666666667	65.44999999999999	0.0
LFQ	maxlfq__limrots|bh|none|mindet|fc0.5|a0.05|none|k2	maxlfq	none	mindet	limrots	0.5	bh	6	6	1.0	0	0.0	110.2	117.88333333333333	81.30000000000001	0.0
LFQ	directlfq__deqms|bh|median|impseqrob|fc0.5|a0.05|none|k2	directlfq	median	impseqrob	deqms	0.5	bh	6	6	1.0	0	0.0	110.4	138.66666666666666	61.59999999999998	0.0
LFQ	maxlfq__limma|bh|none|knn|fc0.5|a0.05|none|k2	maxlfq	none	knn	limma	0.5	bh	6	6	1.0	0	0.0	111.75	104.48333333333335	68.825	0.0
LFQ	directlfq__rots|bh|none|minprob|fc0.5|a0.05|none|k2	directlfq	none	minprob	rots	0.5	bh	6	6	1.0	0	0.0	114.2	99.28333333333335	89.57500000000002	0.0
LFQ	maxlfq__limrots|bh|none|seqknn|fc0.5|a0.05|none|k2	maxlfq	none	seqknn	limrots	0.5	bh	6	6	1.0	0	0.0	114.4	124.7	39.150000000000006	0.0
LFQ	maxlfq__limma|bh|none|impseq|fc0.5|a0.05|none|k2	maxlfq	none	impseq	limma	0.5	bh	6	6	1.0	0	0.0	115.44999999999999	108.30000000000001	41.97500000000001	0.0
LFQ	directlfq__rots|bh|none|knn|fc0.5|a0.05|none|k2	directlfq	none	knn	rots	0.5	bh	6	6	1.0	0	0.0	116.5	110.71666666666665	74.30000000000001	0.0
LFQ	directlfq__deqms|bh|median|none|fc0.5|a0.05|none|k2	directlfq	median	none	deqms	0.5	bh	6	6	1.0	0	0.0	116.60000000000001	135.96666666666667	55.89999999999999	0.0
LFQ	directlfq__limma|bh|median|minprob|fc0.5|a0.05|none|k2	directlfq	median	minprob	limma	0.5	bh	6	6	1.0	0	0.0	117.8	133.23333333333332	60.099999999999994	0.0
LFQ	directlfq__rots|bh|none|impseq|fc0.5|a0.05|none|k2	directlfq	none	impseq	rots	0.5	bh	6	6	1.0	0	0.0	120.1	109.78333333333332	108.5	0.0
LFQ	directlfq__limrots|bh|none|qrilc|fc0.5|a0.05|none|k2	directlfq	none	qrilc	limrots	0.5	bh	6	6	1.0	0	0.0	120.14999999999999	103.01666666666667	71.375	0.0
LFQ	directlfq__limrots|bh|none|knn|fc0.5|a0.05|none|k2	directlfq	none	knn	limrots	0.5	bh	6	6	1.0	0	0.0	120.55	107.7	87.075	0.0
LFQ	directlfq__deqms|bh|median|mindet|fc0.5|a0.05|none|k2	directlfq	median	mindet	deqms	0.5	bh	6	6	1.0	0	0.0	121.0	132.76666666666668	83.55	0.0
LFQ	directlfq__limrots|bh|none|none|fc0.5|a0.05|none|k2	directlfq	none	none	limrots	0.5	bh	6	6	1.0	0	0.0	121.44999999999999	111.84999999999998	72.02499999999999	0.0
LFQ	directlfq__rots|bh|none|none|fc0.5|a0.05|none|k2	directlfq	none	none	rots	0.5	bh	6	6	1.0	0	0.0	121.55	122.13333333333334	56.42500000000001	0.0
LFQ	maxlfq__deqms|bh|none|none|fc0.5|a0.05|none|k2	maxlfq	none	none	deqms	0.5	bh	6	6	1.0	0	0.0	121.7	123.16666666666667	153.95000000000002	0.0
LFQ	directlfq__limrots|bh|none|impseq|fc0.5|a0.05|none|k2	directlfq	none	impseq	limrots	0.5	bh	6	6	1.0	0	0.0	122.3	110.78333333333335	106.5	0.0
LFQ	maxlfq__limma|bh|median|seqknn|fc0.5|a0.05|none|k2	maxlfq	median	seqknn	limma	0.5	bh	6	6	1.0	0	0.0	122.5	123.71666666666668	43.17500000000001	0.0
LFQ	pibaq__limma|bh|none|mindet|fc0.5|a0.05|none|k2	pibaq	none	mindet	limma	0.5	bh	6	6	1.0	0	0.0	125.4	148.6166666666667	96.52499999999999	0.0
LFQ	maxlfq__limrots|bh|none|minprob|fc0.5|a0.05|none|k2	maxlfq	none	minprob	limrots	0.5	bh	6	6	1.0	0	0.0	125.7	129.35	64.95000000000002	0.0
LFQ	maxlfq__deqms|bh|median|seqknn|fc0.5|a0.05|none|k2	maxlfq	median	seqknn	deqms	0.5	bh	6	6	1.0	0	0.0	126.0	126.19999999999999	38.19999999999999	0.0
LFQ	pibaq__deqms|bh|median|seqknn|fc0.5|a0.05|none|k2	pibaq	median	seqknn	deqms	0.5	bh	6	6	1.0	0	0.0	126.05000000000001	127.41666666666667	45.375000000000014	0.0
LFQ	maxlfq__limma|bh|none|none|fc0.5|a0.05|none|k2	maxlfq	none	none	limma	0.5	bh	6	6	1.0	0	0.0	126.75	130.98333333333332	139.475	0.0
LFQ	pibaq__deqms|bh|none|mindet|fc0.5|a0.05|none|k2	pibaq	none	mindet	deqms	0.5	bh	6	6	1.0	0	0.0	128.7	141.73333333333332	94.44999999999999	0.0
LFQ	maxlfq__rots|bh|none|impseq|fc0.5|a0.05|none|k2	maxlfq	none	impseq	rots	0.5	bh	6	6	1.0	0	0.0	129.0	136.46666666666667	67.60000000000001	0.0
LFQ	pibaq__deqms|bh|none|impseq|fc0.5|a0.05|none|k2	pibaq	none	impseq	deqms	0.5	bh	6	6	1.0	0	0.0	131.2	138.9333333333333	112.1	0.0
LFQ	pibaq__limma|bh|median|none|fc0.5|a0.05|none|k2	pibaq	median	none	limma	0.5	bh	6	6	1.0	0	0.0	131.2	140.06666666666666	59.39999999999999	0.0
LFQ	pibaq__deqms|bh|median|none|fc0.5|a0.05|none|k2	pibaq	median	none	deqms	0.5	bh	6	6	1.0	0	0.0	133.2	145.16666666666666	101.89999999999999	0.0
LFQ	pibaq__limma|bh|none|impseq|fc0.5|a0.05|none|k2	pibaq	none	impseq	limma	0.5	bh	6	6	1.0	0	0.0	133.5	148.33333333333334	107.35000000000001	0.0
LFQ	directlfq__limrots|bh|none|impseqrob|fc0.5|a0.05|none|k2	directlfq	none	impseqrob	limrots	0.5	bh	6	6	1.0	0	0.0	133.6	126.68333333333332	149.32500000000002	0.0
LFQ	directlfq__rots|bh|none|impseqrob|fc0.5|a0.05|none|k2	directlfq	none	impseqrob	rots	0.5	bh	6	6	1.0	0	0.0	134.8	128.21666666666667	135.27499999999998	0.0
LFQ	directlfq__limma|bh|median|qrilc|fc0.5|a0.05|none|k2	directlfq	median	qrilc	limma	0.5	bh	6	6	1.0	0	0.0	137.2	143.9333333333333	45.150000000000006	0.0
LFQ	pibaq__deqms|bh|median|knn|fc0.5|a0.05|none|k2	pibaq	median	knn	deqms	0.5	bh	6	6	1.0	0	0.0	137.3	135.83333333333334	42.250000000000014	0.0
LFQ	pibaq__limma|bh|median|impseqrob|fc0.5|a0.05|none|k2	pibaq	median	impseqrob	limma	0.5	bh	6	6	1.0	0	0.0	137.3	151.68333333333334	59.19999999999999	0.0
LFQ	pibaq__deqms|bh|median|impseqrob|fc0.5|a0.05|none|k2	pibaq	median	impseqrob	deqms	0.5	bh	6	6	1.0	0	0.0	137.7	148.20000000000002	78.7	0.0
LFQ	directlfq__rots|bh|none|qrilc|fc0.5|a0.05|none|k2	directlfq	none	qrilc	rots	0.5	bh	6	6	1.0	0	0.0	138.8	123.3	36.30000000000001	0.0
LFQ	directlfq__deqms|bh|median|minprob|fc0.5|a0.05|none|k2	directlfq	median	minprob	deqms	0.5	bh	6	6	1.0	0	0.0	139.4	145.5	75.8	0.0
LFQ	maxlfq__limrots|bh|none|impseq|fc0.5|a0.05|none|k2	maxlfq	none	impseq	limrots	0.5	bh	6	6	1.0	0	0.0	140.6	142.01666666666665	74.35000000000001	0.0
LFQ	pibaq__limma|bh|median|knn|fc0.5|a0.05|none|k2	pibaq	median	knn	limma	0.5	bh	6	6	1.0	0	0.0	141.5	134.36666666666667	24.150000000000034	0.0
LFQ	pibaq__limma|bh|median|seqknn|fc0.5|a0.05|none|k2	pibaq	median	seqknn	limma	0.5	bh	6	6	1.0	0	0.0	142.3	127.63333333333334	46.500000000000014	0.0
LFQ	maxlfq__limma|bh|median|mindet|fc0.5|a0.05|none|k2	maxlfq	median	mindet	limma	0.5	bh	6	6	1.0	0	0.0	142.5	148.1	19.650000000000006	0.0
LFQ	directlfq__rots|bh|median|knn|fc0.5|a0.05|none|k2	directlfq	median	knn	rots	0.5	bh	6	6	1.0	0	0.0	142.65	131.15	88.67499999999998	0.0
LFQ	pibaq__limma|bh|none|none|fc0.5|a0.05|none|k2	pibaq	none	none	limma	0.5	bh	6	6	1.0	0	0.0	142.8	146.30000000000004	93.4	0.0
LFQ	pibaq__deqms|bh|none|knn|fc0.5|a0.05|none|k2	pibaq	none	knn	deqms	0.5	bh	6	6	1.0	0	0.0	144.2	134.66666666666666	105.35000000000001	0.0
LFQ	maxlfq__limrots|bh|none|knn|fc0.5|a0.05|none|k2	maxlfq	none	knn	limrots	0.5	bh	6	6	1.0	0	0.0	145.6	147.4	48.000000000000014	0.0
LFQ	pibaq__deqms|bh|none|none|fc0.5|a0.05|none|k2	pibaq	none	none	deqms	0.5	bh	6	6	1.0	0	0.0	146.0	139.83333333333334	91.05000000000001	0.0
LFQ	maxlfq__deqms|bh|median|mindet|fc0.5|a0.05|none|k2	maxlfq	median	mindet	deqms	0.5	bh	6	6	1.0	0	0.0	146.5	149.6	19.399999999999977	0.0
LFQ	maxlfq__rots|bh|none|mindet|fc0.5|a0.05|none|k2	maxlfq	none	mindet	rots	0.5	bh	6	6	1.0	0	0.0	146.6	132.78333333333333	95.25	0.0
LFQ	directlfq__rots|bh|median|minprob|fc0.5|a0.05|none|k2	directlfq	median	minprob	rots	0.5	bh	6	6	1.0	0	0.0	146.85	144.46666666666667	116.875	0.0
LFQ	maxlfq__rots|bh|none|knn|fc0.5|a0.05|none|k2	maxlfq	none	knn	rots	0.5	bh	6	6	1.0	0	0.0	148.2	149.13333333333333	44.7	0.0
LFQ	maxlfq__deqms|bh|median|impseq|fc0.5|a0.05|none|k2	maxlfq	median	impseq	deqms	0.5	bh	6	6	1.0	0	0.0	148.3	149.23333333333332	53.45000000000002	0.0
LFQ	directlfq__rots|bh|median|qrilc|fc0.5|a0.05|none|k2	directlfq	median	qrilc	rots	0.5	bh	6	6	1.0	0	0.0	148.8	151.43333333333334	67.5	0.0
LFQ	maxlfq__limma|bh|median|impseqrob|fc0.5|a0.05|none|k2	maxlfq	median	impseqrob	limma	0.5	bh	6	6	1.0	0	0.0	149.5	150.85	103.17499999999998	0.0
LFQ	maxlfq__rots|bh|median|impseq|fc0.5|a0.05|none|k2	maxlfq	median	impseq	rots	0.5	bh	6	6	1.0	0	0.0	149.85	161.79999999999998	75.79999999999998	0.0
LFQ	pibaq__limrots|bh|none|seqknn|fc0.5|a0.05|none|k2	pibaq	none	seqknn	limrots	0.5	bh	6	6	1.0	0	0.0	149.9	165.71666666666667	57.87500000000003	0.0
LFQ	directlfq__rots|bh|median|seqknn|fc0.5|a0.05|none|k2	directlfq	median	seqknn	rots	0.5	bh	6	6	1.0	0	0.0	150.25	145.6833333333333	119.825	0.0
LFQ	directlfq__rots|bh|median|none|fc0.5|a0.05|none|k2	directlfq	median	none	rots	0.5	bh	6	6	1.0	0	0.0	150.3	154.03333333333333	86.0	0.0
LFQ	maxlfq__deqms|bh|median|impseqrob|fc0.5|a0.05|none|k2	maxlfq	median	impseqrob	deqms	0.5	bh	6	6	1.0	0	0.0	150.5	150.63333333333333	106.94999999999999	0.0
LFQ	sum__limma|bh|median|mindet|fc0.5|a0.05|none|k2	sum	median	mindet	limma	0.5	bh	6	6	1.0	0	0.0	150.8	158.35	13.149999999999977	0.0
LFQ	pibaq__limma|bh|none|minprob|fc0.5|a0.05|none|k2	pibaq	none	minprob	limma	0.5	bh	6	6	1.0	0	0.0	150.8	166.78333333333333	63.85000000000002	0.0
LFQ	maxlfq__limrots|bh|median|impseq|fc0.5|a0.05|none|k2	maxlfq	median	impseq	limrots	0.5	bh	6	6	1.0	0	0.0	151.5	171.21666666666667	65.375	0.0
LFQ	pibaq__deqms|bh|median|impseq|fc0.5|a0.05|none|k2	pibaq	median	impseq	deqms	0.5	bh	6	6	1.0	0	0.0	151.7	139.03333333333333	75.9	0.0
LFQ	pibaq__limma|bh|median|mindet|fc0.5|a0.05|none|k2	pibaq	median	mindet	limma	0.5	bh	6	6	1.0	0	0.0	151.9	156.76666666666665	71.74999999999999	0.0
LFQ	sum__limma|bh|median|seqknn|fc0.5|a0.05|none|k2	sum	median	seqknn	limma	0.5	bh	6	6	1.0	0	0.0	152.45	152.58333333333334	46.07499999999999	0.0
LFQ	maxlfq__limma|bh|median|impseq|fc0.5|a0.05|none|k2	maxlfq	median	impseq	limma	0.5	bh	6	6	1.0	0	0.0	152.7	151.31666666666666	51.275000000000006	0.0
LFQ	pibaq__limma|bh|none|knn|fc0.5|a0.05|none|k2	pibaq	none	knn	limma	0.5	bh	6	6	1.0	0	0.0	153.0	147.43333333333337	95.8	0.0
LFQ	maxlfq__limrots|bh|none|impseqrob|fc0.5|a0.05|none|k2	maxlfq	none	impseqrob	limrots	0.5	bh	6	6	1.0	0	0.0	153.4	146.4	89.05000000000001	0.0
LFQ	maxlfq__rots|bh|none|minprob|fc0.5|a0.05|none|k2	maxlfq	none	minprob	rots	0.5	bh	6	6	1.0	0	0.0	153.9	139.81666666666666	77.82499999999999	0.0
LFQ	sum__limrots|bh|median|mindet|fc0.5|a0.05|none|k2	sum	median	mindet	limrots	0.5	bh	6	6	1.0	0	0.0	154.2	156.61666666666667	85.52500000000002	0.0
LFQ	maxlfq__limrots|bh|median|mindet|fc0.5|a0.05|none|k2	maxlfq	median	mindet	limrots	0.5	bh	6	6	1.0	0	0.0	154.3	155.38333333333335	88.475	0.0
LFQ	directlfq__rots|bh|median|mindet|fc0.5|a0.05|none|k2	directlfq	median	mindet	rots	0.5	bh	6	6	1.0	0	0.0	154.35000000000002	147.65	80.27499999999999	0.0
LFQ	maxlfq__rots|bh|none|impseqrob|fc0.5|a0.05|none|k2	maxlfq	none	impseqrob	rots	0.5	bh	6	6	1.0	0	0.0	154.4	139.3166666666667	100.89999999999998	0.0
LFQ	sum__deqms|bh|median|mindet|fc0.5|a0.05|none|k2	sum	median	mindet	deqms	0.5	bh	6	6	1.0	0	0.0	154.60000000000002	157.6	23.849999999999994	0.0
LFQ	sum__deqms|bh|median|seqknn|fc0.5|a0.05|none|k2	sum	median	seqknn	deqms	0.5	bh	6	6	1.0	0	0.0	154.85	153.78333333333333	55.07499999999999	0.0
LFQ	maxlfq__deqms|bh|median|minprob|fc0.5|a0.05|none|k2	maxlfq	median	minprob	deqms	0.5	bh	6	6	1.0	0	0.0	156.0	154.70000000000002	33.19999999999999	0.0
LFQ	sum__deqms|bh|median|minprob|fc0.5|a0.05|none|k2	sum	median	minprob	deqms	0.5	bh	6	6	1.0	0	0.0	156.7	156.25000000000003	49.0	0.0
LFQ	directlfq__limrots|bh|median|none|fc0.5|a0.05|none|k2	directlfq	median	none	limrots	0.5	bh	6	6	1.0	0	0.0	156.8	147.73333333333332	74.30000000000001	0.0
LFQ	pibaq__limma|bh|median|minprob|fc0.5|a0.05|none|k2	pibaq	median	minprob	limma	0.5	bh	6	6	1.0	0	0.0	157.2	160.25	56.20000000000002	0.0
LFQ	pibaq__rots|bh|none|seqknn|fc0.5|a0.05|none|k2	pibaq	none	seqknn	rots	0.5	bh	6	6	1.0	0	0.0	157.2	163.14999999999998	42.32500000000002	0.0
LFQ	sum__rots|bh|none|mindet|fc0.5|a0.05|none|k2	sum	none	mindet	rots	0.5	bh	6	6	1.0	0	0.0	158.10000000000002	150.28333333333333	65.47500000000001	0.0
LFQ	pibaq__limma|bh|median|impseq|fc0.5|a0.05|none|k2	pibaq	median	impseq	limma	0.5	bh	6	6	1.0	0	0.0	159.6	144.96666666666667	57.050000000000026	0.0
LFQ	pibaq__limma|bh|none|qrilc|fc0.5|a0.05|none|k2	pibaq	none	qrilc	limma	0.5	bh	6	6	1.0	0	0.0	159.60000000000002	158.63333333333333	70.74999999999999	0.0
LFQ	pibaq__deqms|bh|none|minprob|fc0.5|a0.05|none|k2	pibaq	none	minprob	deqms	0.5	bh	6	6	1.0	0	0.0	161.39999999999998	156.83333333333331	75.0	0.0
LFQ	directlfq__deqms|bh|median|qrilc|fc0.5|a0.05|none|k2	directlfq	median	qrilc	deqms	0.5	bh	6	6	1.0	0	0.0	161.45	157.65	71.22499999999998	0.0
LFQ	directlfq__limrots|bh|median|seqknn|fc0.5|a0.05|none|k2	directlfq	median	seqknn	limrots	0.5	bh	6	6	1.0	0	0.0	162.35000000000002	143.41666666666666	118.475	0.0
LFQ	maxlfq__limma|bh|median|minprob|fc0.5|a0.05|none|k2	maxlfq	median	minprob	limma	0.5	bh	6	6	1.0	0	0.0	162.85	163.46666666666667	4.824999999999989	0.0
LFQ	sum__limma|bh|median|minprob|fc0.5|a0.05|none|k2	sum	median	minprob	limma	0.5	bh	6	6	1.0	0	0.0	163.1	162.63333333333335	22.0	0.0
LFQ	maxlfq__deqms|bh|median|knn|fc0.5|a0.05|none|k2	maxlfq	median	knn	deqms	0.5	bh	6	6	1.0	0	0.0	163.2	145.5	77.85000000000002	0.0
LFQ	directlfq__rots|bh|median|impseqrob|fc0.5|a0.05|none|k2	directlfq	median	impseqrob	rots	0.5	bh	6	6	1.0	0	0.0	163.25	161.14999999999998	137.625	0.0
LFQ	pibaq__limrots|bh|none|none|fc0.5|a0.05|none|k2	pibaq	none	none	limrots	0.5	bh	6	6	1.0	0	0.0	163.3	184.08333333333334	76.42500000000001	0.0
LFQ	maxlfq__rots|bh|median|seqknn|fc0.5|a0.05|none|k2	maxlfq	median	seqknn	rots	0.5	bh	6	6	1.0	0	0.0	163.55	177.91666666666666	98.77500000000003	0.0
LFQ	directlfq__limrots|bh|median|minprob|fc0.5|a0.05|none|k2	directlfq	median	minprob	limrots	0.5	bh	6	6	1.0	0	0.0	163.95	143.58333333333334	107.925	0.0
LFQ	maxlfq__limrots|bh|median|seqknn|fc0.5|a0.05|none|k2	maxlfq	median	seqknn	limrots	0.5	bh	6	6	1.0	0	0.0	164.0	174.33333333333334	97.20000000000002	0.0
LFQ	maxlfq__limrots|bh|none|none|fc0.5|a0.05|none|k2	maxlfq	none	none	limrots	0.5	bh	6	6	1.0	0	0.0	164.2	170.1	53.900000000000006	0.0
LFQ	pibaq__limma|bh|median|qrilc|fc0.5|a0.05|none|k2	pibaq	median	qrilc	limma	0.5	bh	6	6	1.0	0	0.0	164.7	168.63333333333333	60.69999999999999	0.0
LFQ	pibaq__rots|bh|none|impseq|fc0.5|a0.05|none|k2	pibaq	none	impseq	rots	0.5	bh	6	6	1.0	0	0.0	165.55	181.4166666666667	46.275000000000006	0.0
LFQ	pibaq__limma|bh|none|impseqrob|fc0.5|a0.05|none|k2	pibaq	none	impseqrob	limma	0.5	bh	6	6	1.0	0	0.0	166.8	163.06666666666663	98.89999999999999	0.0
LFQ	directlfq__limrots|bh|median|knn|fc0.5|a0.05|none|k2	directlfq	median	knn	limrots	0.5	bh	6	6	1.0	0	0.0	167.5	145.76666666666665	128.2	0.0
LFQ	maxlfq__limrots|bh|none|qrilc|fc0.5|a0.05|none|k2	maxlfq	none	qrilc	limrots	0.5	bh	6	6	1.0	0	0.0	167.5	151.15	39.599999999999966	0.0
LFQ	pibaq__deqms|bh|none|impseqrob|fc0.5|a0.05|none|k2	pibaq	none	impseqrob	deqms	0.5	bh	6	6	1.0	0	0.0	167.64999999999998	151.78333333333333	101.925	0.0
LFQ	top3__limma|bh|median|seqknn|fc0.5|a0.05|none|k2	top3	median	seqknn	limma	0.5	bh	6	6	1.0	0	0.0	167.89999999999998	170.73333333333335	66.15	0.0
LFQ	pibaq__deqms|bh|median|mindet|fc0.5|a0.05|none|k2	pibaq	median	mindet	deqms	0.5	bh	6	6	1.0	0	0.0	168.39999999999998	167.46666666666667	49.599999999999994	0.0
LFQ	directlfq__limrots|bh|median|qrilc|fc0.5|a0.05|none|k2	directlfq	median	qrilc	limrots	0.5	bh	6	6	1.0	0	0.0	169.4	151.73333333333332	111.25	0.0
LFQ	top3__deqms|bh|median|seqknn|fc0.5|a0.05|none|k2	top3	median	seqknn	deqms	0.5	bh	6	6	1.0	0	0.0	169.7	172.04999999999998	66.025	0.0
LFQ	sum__limma|bh|median|knn|fc0.5|a0.05|none|k2	sum	median	knn	limma	0.5	bh	6	6	1.0	0	0.0	169.75	168.51666666666665	73.17499999999995	0.0
LFQ	pibaq__rots|bh|none|knn|fc0.5|a0.05|none|k2	pibaq	none	knn	rots	0.5	bh	6	6	1.0	0	0.0	169.85	177.78333333333333	44.67500000000001	0.0
LFQ	pibaq__rots|bh|none|impseqrob|fc0.5|a0.05|none|k2	pibaq	none	impseqrob	rots	0.5	bh	6	6	1.0	0	0.0	169.9	192.16666666666666	77.70000000000002	0.0
LFQ	maxlfq__limma|bh|median|knn|fc0.5|a0.05|none|k2	maxlfq	median	knn	limma	0.5	bh	6	6	1.0	0	0.0	170.2	144.29999999999998	68.85000000000002	0.0
LFQ	pibaq__rots|bh|none|none|fc0.5|a0.05|none|k2	pibaq	none	none	rots	0.5	bh	6	6	1.0	0	0.0	170.5	184.78333333333333	98.05000000000001	0.0
LFQ	pibaq__limrots|bh|median|impseq|fc0.5|a0.05|none|k2	pibaq	median	impseq	limrots	0.5	bh	6	6	1.0	0	0.0	170.6	161.18333333333334	89.77499999999999	0.0
LFQ	pibaq__rots|bh|median|mindet|fc0.5|a0.05|none|k2	pibaq	median	mindet	rots	0.5	bh	6	6	1.0	0	0.0	170.95	182.98333333333335	105.97499999999997	0.0
LFQ	maxlfq__rots|bh|none|none|fc0.5|a0.05|none|k2	maxlfq	none	none	rots	0.5	bh	6	6	1.0	0	0.0	171.5	165.7166666666667	42.599999999999994	0.0
LFQ	sum__deqms|bh|none|impseqrob|fc0.5|a0.05|none|k2	sum	none	impseqrob	deqms	0.5	bh	6	6	1.0	0	0.0	173.3	154.83333333333334	108.5	0.0
LFQ	maxlfq__limrots|bh|median|knn|fc0.5|a0.05|none|k2	maxlfq	median	knn	limrots	0.5	bh	6	6	1.0	0	0.0	173.9	179.13333333333333	63.20000000000002	0.0
LFQ	sum__rots|bh|median|seqknn|fc0.5|a0.05|none|k2	sum	median	seqknn	rots	0.5	bh	6	6	1.0	0	0.0	174.25	182.04999999999998	68.475	0.0
LFQ	pibaq__deqms|bh|median|minprob|fc0.5|a0.05|none|k2	pibaq	median	minprob	deqms	0.5	bh	6	6	1.0	0	0.0	174.39999999999998	181.16666666666666	42.24999999999997	0.0
LFQ	top3__limma|bh|median|mindet|fc0.5|a0.05|none|k2	top3	median	mindet	limma	0.5	bh	6	6	1.0	0	0.0	174.89999999999998	171.9333333333333	45.60000000000002	0.0
LFQ	directlfq__limrots|bh|median|mindet|fc0.5|a0.05|none|k2	directlfq	median	mindet	limrots	0.5	bh	6	6	1.0	0	0.0	175.35	136.18333333333337	141.925	0.0
LFQ	maxlfq__rots|bh|median|impseqrob|fc0.5|a0.05|none|k2	maxlfq	median	impseqrob	rots	0.5	bh	6	6	1.0	0	0.0	175.5	186.53333333333333	111.60000000000002	0.0
LFQ	top3__deqms|bh|median|mindet|fc0.5|a0.05|none|k2	top3	median	mindet	deqms	0.5	bh	6	6	1.0	0	0.0	175.6	169.14999999999998	46.44999999999999	0.0
LFQ	pibaq__deqms|bh|none|qrilc|fc0.5|a0.05|none|k2	pibaq	none	qrilc	deqms	0.5	bh	6	6	1.0	0	0.0	175.7	163.58333333333334	63.099999999999994	0.0
LFQ	sum__deqms|bh|median|knn|fc0.5|a0.05|none|k2	sum	median	knn	deqms	0.5	bh	6	6	1.0	0	0.0	176.1	167.31666666666666	83.80000000000001	0.0
LFQ	sum__limrots|bh|median|seqknn|fc0.5|a0.05|none|k2	sum	median	seqknn	limrots	0.5	bh	6	6	1.0	0	0.0	176.4	176.48333333333335	30.125	0.0
LFQ	sum__limma|bh|none|impseqrob|fc0.5|a0.05|none|k2	sum	none	impseqrob	limma	0.5	bh	6	6	1.0	0	0.0	176.7	154.96666666666667	115.25000000000003	0.0
LFQ	top3__deqms|bh|median|minprob|fc0.5|a0.05|none|k2	top3	median	minprob	deqms	0.5	bh	6	6	1.0	0	0.0	177.2	175.4333333333333	36.95000000000002	0.0
LFQ	sum__limma|bh|median|impseqrob|fc0.5|a0.05|none|k2	sum	median	impseqrob	limma	0.5	bh	6	6	1.0	0	0.0	177.5	160.6	68.85	0.0
LFQ	pibaq__rots|bh|median|impseq|fc0.5|a0.05|none|k2	pibaq	median	impseq	rots	0.5	bh	6	6	1.0	0	0.0	177.5	172.15	77.925	0.0
LFQ	pibaq__rots|bh|none|mindet|fc0.5|a0.05|none|k2	pibaq	none	mindet	rots	0.5	bh	6	6	1.0	0	0.0	177.6	165.18333333333334	65.32500000000002	0.0
LFQ	pibaq__limrots|bh|none|mindet|fc0.5|a0.05|none|k2	pibaq	none	mindet	limrots	0.5	bh	6	6	1.0	0	0.0	178.39999999999998	171.98333333333335	66.72500000000002	0.0
LFQ	maxlfq__rots|bh|median|knn|fc0.5|a0.05|none|k2	maxlfq	median	knn	rots	0.5	bh	6	6	1.0	0	0.0	178.7	184.9666666666667	53.00000000000003	0.0
LFQ	maxlfq__limrots|bh|median|impseqrob|fc0.5|a0.05|none|k2	maxlfq	median	impseqrob	limrots	0.5	bh	6	6	1.0	0	0.0	178.8	190.16666666666666	117.15	0.0
LFQ	pibaq__limrots|bh|median|none|fc0.5|a0.05|none|k2	pibaq	median	none	limrots	0.5	bh	6	6	1.0	0	0.0	178.85000000000002	169.88333333333335	32.224999999999994	0.0
LFQ	sum__deqms|bh|none|impseq|fc0.5|a0.05|none|k2	sum	none	impseq	deqms	0.5	bh	6	6	1.0	0	0.0	180.0	163.13333333333335	74.5	0.0
LFQ	maxlfq__limma|bh|median|none|fc0.5|a0.05|none|k2	maxlfq	median	none	limma	0.5	bh	6	6	1.0	0	0.0	180.8	172.9	105.32499999999999	0.0
LFQ	sum__deqms|bh|none|mindet|fc0.5|a0.05|none|k2	sum	none	mindet	deqms	0.5	bh	6	6	1.0	0	0.0	180.9	137.93333333333334	108.29999999999998	0.0
LFQ	directlfq__rots|bh|median|impseq|fc0.5|a0.05|none|k2	directlfq	median	impseq	rots	0.5	bh	6	6	1.0	0	0.0	181.75	150.86666666666665	139.175	0.0
LFQ	maxlfq__limrots|bh|median|minprob|fc0.5|a0.05|none|k2	maxlfq	median	minprob	limrots	0.5	bh	6	6	1.0	0	0.0	182.25	180.10000000000002	73.67500000000001	0.0
LFQ	maxlfq__deqms|bh|median|qrilc|fc0.5|a0.05|none|k2	maxlfq	median	qrilc	deqms	0.5	bh	6	6	1.0	0	0.0	182.4	175.93333333333337	46.150000000000006	0.0
LFQ	sum__limma|bh|none|knn|fc0.5|a0.05|none|k2	sum	none	knn	limma	0.5	bh	6	6	1.0	0	0.0	182.55	165.9	82.80000000000001	0.0
LFQ	maxlfq__rots|bh|none|qrilc|fc0.5|a0.05|none|k2	maxlfq	none	qrilc	rots	0.5	bh	6	6	1.0	0	0.0	182.89999999999998	160.08333333333331	26.82499999999999	0.0
LFQ	sum__limma|bh|none|mindet|fc0.5|a0.05|none|k2	sum	none	mindet	limma	0.5	bh	6	6	1.0	0	0.0	183.4	146.5666666666667	94.39999999999999	0.0
LFQ	directlfq__limrots|bh|median|impseqrob|fc0.5|a0.05|none|k2	directlfq	median	impseqrob	limrots	0.5	bh	6	6	1.0	0	0.0	184.0	163.65	144.175	0.0
LFQ	sum__deqms|bh|median|impseqrob|fc0.5|a0.05|none|k2	sum	median	impseqrob	deqms	0.5	bh	6	6	1.0	0	0.0	184.3	163.85	54.400000000000006	0.0
LFQ	sum__limrots|bh|median|impseqrob|fc0.5|a0.05|none|k2	sum	median	impseqrob	limrots	0.5	bh	6	6	1.0	0	0.0	184.85	200.98333333333335	96.42500000000001	0.0
LFQ	pibaq__rots|bh|none|minprob|fc0.5|a0.05|none|k2	pibaq	none	minprob	rots	0.5	bh	6	6	1.0	0	0.0	184.9	180.58333333333334	80.82499999999999	0.0
LFQ	sum__deqms|bh|none|minprob|fc0.5|a0.05|none|k2	sum	none	minprob	deqms	0.5	bh	6	6	1.0	0	0.0	185.1	139.70000000000002	117.39999999999998	0.0
LFQ	pibaq__limrots|bh|median|qrilc|fc0.5|a0.05|none|k2	pibaq	median	qrilc	limrots	0.5	bh	6	6	1.0	0	0.0	185.45	189.06666666666663	68.32500000000002	0.0
LFQ	pibaq__limrots|bh|none|minprob|fc0.5|a0.05|none|k2	pibaq	none	minprob	limrots	0.5	bh	6	6	1.0	0	0.0	185.7	183.83333333333334	62.17499999999998	0.0
LFQ	sum__limma|bh|none|impseq|fc0.5|a0.05|none|k2	sum	none	impseq	limma	0.5	bh	6	6	1.0	0	0.0	185.9	165.13333333333333	83.70000000000002	0.0
LFQ	sum__rots|bh|median|mindet|fc0.5|a0.05|none|k2	sum	median	mindet	rots	0.5	bh	6	6	1.0	0	0.0	186.0	175.38333333333333	91.72500000000001	0.0
LFQ	sum__deqms|bh|none|none|fc0.5|a0.05|none|k2	sum	none	none	deqms	0.5	bh	6	6	1.0	0	0.0	186.15	173.11666666666667	104.475	0.0
LFQ	sum__rots|bh|none|seqknn|fc0.5|a0.05|none|k2	sum	none	seqknn	rots	0.5	bh	6	6	1.0	0	0.0	186.3	188.8166666666667	62.32499999999999	0.0
LFQ	sum__limrots|bh|none|mindet|fc0.5|a0.05|none|k2	sum	none	mindet	limrots	0.5	bh	6	6	1.0	0	0.0	186.35	164.78333333333333	85.12499999999999	0.0
LFQ	sum__deqms|bh|median|qrilc|fc0.5|a0.05|none|k2	sum	median	qrilc	deqms	0.5	bh	6	6	1.0	0	0.0	186.4	182.46666666666667	57.150000000000006	0.0
LFQ	directlfq__limrots|bh|median|impseq|fc0.5|a0.05|none|k2	directlfq	median	impseq	limrots	0.5	bh	6	6	1.0	0	0.0	187.7	150.01666666666668	129.3	0.0
LFQ	pibaq__rots|bh|median|impseqrob|fc0.5|a0.05|none|k2	pibaq	median	impseqrob	rots	0.5	bh	6	6	1.0	0	0.0	187.75	190.95000000000002	109.07499999999999	0.0
LFQ	top3__deqms|bh|median|knn|fc0.5|a0.05|none|k2	top3	median	knn	deqms	0.5	bh	6	6	1.0	0	0.0	187.85	191.36666666666667	73.52499999999998	0.0
LFQ	pibaq__limrots|bh|median|mindet|fc0.5|a0.05|none|k2	pibaq	median	mindet	limrots	0.5	bh	6	6	1.0	0	0.0	188.25	177.6833333333333	63.82499999999999	0.0
LFQ	sum__limma|bh|median|none|fc0.5|a0.05|none|k2	sum	median	none	limma	0.5	bh	6	6	1.0	0	0.0	188.3	184.80000000000004	135.39999999999998	0.0
LFQ	pibaq__rots|bh|median|qrilc|fc0.5|a0.05|none|k2	pibaq	median	qrilc	rots	0.5	bh	6	6	1.0	0	0.0	188.8	204.10000000000002	89.54999999999995	0.0
LFQ	sum__limrots|bh|median|impseq|fc0.5|a0.05|none|k2	sum	median	impseq	limrots	0.5	bh	6	6	1.0	0	0.0	188.95	191.24999999999997	55.57499999999999	0.0
LFQ	sum__rots|bh|median|impseq|fc0.5|a0.05|none|k2	sum	median	impseq	rots	0.5	bh	6	6	1.0	0	0.0	189.05	190.78333333333333	53.525000000000006	0.0
LFQ	maxlfq__deqms|bh|median|none|fc0.5|a0.05|none|k2	maxlfq	median	none	deqms	0.5	bh	6	6	1.0	0	0.0	189.2	175.85	102.975	0.0
LFQ	pibaq__limrots|bh|none|qrilc|fc0.5|a0.05|none|k2	pibaq	none	qrilc	limrots	0.5	bh	6	6	1.0	0	0.0	189.25	188.96666666666667	62.275000000000006	0.0
LFQ	maxlfq__rots|bh|median|mindet|fc0.5|a0.05|none|k2	maxlfq	median	mindet	rots	0.5	bh	6	6	1.0	0	0.0	189.35000000000002	158.45	98.925	0.0
LFQ	pibaq__limrots|bh|median|seqknn|fc0.5|a0.05|none|k2	pibaq	median	seqknn	limrots	0.5	bh	6	6	1.0	0	0.0	189.5	164.88333333333333	140.025	0.0
LFQ	sum__rots|bh|none|impseqrob|fc0.5|a0.05|none|k2	sum	none	impseqrob	rots	0.5	bh	6	6	1.0	0	0.0	189.6	190.28333333333333	78.375	0.0
LFQ	pibaq__rots|bh|median|seqknn|fc0.5|a0.05|none|k2	pibaq	median	seqknn	rots	0.5	bh	6	6	1.0	0	0.0	189.89999999999998	168.85	88.275	0.0
LFQ	sum__rots|bh|none|impseq|fc0.5|a0.05|none|k2	sum	none	impseq	rots	0.5	bh	6	6	1.0	0	0.0	190.15	190.33333333333334	72.40000000000003	0.0
LFQ	top3__limma|bh|median|minprob|fc0.5|a0.05|none|k2	top3	median	minprob	limma	0.5	bh	6	6	1.0	0	0.0	190.39999999999998	185.5333333333333	50.95000000000002	0.0
LFQ	top3__limma|bh|median|knn|fc0.5|a0.05|none|k2	top3	median	knn	limma	0.5	bh	6	6	1.0	0	0.0	190.6	191.80000000000004	75.19999999999999	0.0
LFQ	sum__deqms|bh|none|seqknn|fc0.5|a0.05|none|k2	sum	none	seqknn	deqms	0.5	bh	6	6	1.0	0	0.0	190.9	158.2	108.85000000000001	0.0
LFQ	pibaq__rots|bh|none|qrilc|fc0.5|a0.05|none|k2	pibaq	none	qrilc	rots	0.5	bh	6	6	1.0	0	0.0	191.05	181.20000000000002	75.775	0.0
LFQ	pibaq__limrots|bh|none|impseq|fc0.5|a0.05|none|k2	pibaq	none	impseq	limrots	0.5	bh	6	6	1.0	0	0.0	191.05	194.01666666666665	40.125	0.0
LFQ	sum__deqms|bh|none|knn|fc0.5|a0.05|none|k2	sum	none	knn	deqms	0.5	bh	6	6	1.0	0	0.0	191.6	167.66666666666666	76.0	0.0
LFQ	top3__limrots|bh|median|mindet|fc0.5|a0.05|none|k2	top3	median	mindet	limrots	0.5	bh	6	6	1.0	0	0.0	191.60000000000002	191.48333333333335	71.275	0.0
LFQ	top3__rots|bh|median|mindet|fc0.5|a0.05|none|k2	top3	median	mindet	rots	0.5	bh	6	6	1.0	0	0.0	191.95	199.78333333333333	68.225	0.0
LFQ	sum__limma|bh|none|none|fc0.5|a0.05|none|k2	sum	none	none	limma	0.5	bh	6	6	1.0	0	0.0	192.05	180.41666666666666	73.87500000000003	0.0
LFQ	top3__deqms|bh|median|qrilc|fc0.5|a0.05|none|k2	top3	median	qrilc	deqms	0.5	bh	6	6	1.0	0	0.0	192.1	199.73333333333335	40.80000000000001	0.0
LFQ	pibaq__rots|bh|median|knn|fc0.5|a0.05|none|k2	pibaq	median	knn	rots	0.5	bh	6	6	1.0	0	0.0	192.3	174.98333333333332	46.32500000000002	0.0
LFQ	pibaq__limrots|bh|median|impseqrob|fc0.5|a0.05|none|k2	pibaq	median	impseqrob	limrots	0.5	bh	6	6	1.0	0	0.0	193.25	173.98333333333332	135.575	0.0
LFQ	maxlfq__limma|bh|median|qrilc|fc0.5|a0.05|none|k2	maxlfq	median	qrilc	limma	0.5	bh	6	6	1.0	0	0.0	193.60000000000002	183.83333333333334	25.55000000000001	0.0
LFQ	pibaq__limrots|bh|median|knn|fc0.5|a0.05|none|k2	pibaq	median	knn	limrots	0.5	bh	6	6	1.0	0	0.0	194.2	169.11666666666667	109.975	0.0
LFQ	sum__limma|bh|none|seqknn|fc0.5|a0.05|none|k2	sum	none	seqknn	limma	0.5	bh	6	6	1.0	0	0.0	194.95	158.55000000000004	113.52499999999999	0.0
LFQ	sum__rots|bh|median|minprob|fc0.5|a0.05|none|k2	sum	median	minprob	rots	0.5	bh	6	6	1.0	0	0.0	194.95	181.81666666666663	72.275	0.0
LFQ	maxlfq__limrots|bh|median|qrilc|fc0.5|a0.05|none|k2	maxlfq	median	qrilc	limrots	0.5	bh	6	6	1.0	0	0.0	195.15	194.04999999999998	81.12499999999997	0.0
LFQ	sum__limma|bh|median|impseq|fc0.5|a0.05|none|k2	sum	median	impseq	limma	0.5	bh	6	6	1.0	0	0.0	195.5	171.5333333333333	60.44999999999999	0.0
LFQ	sum__deqms|bh|median|none|fc0.5|a0.05|none|k2	sum	median	none	deqms	0.5	bh	6	6	1.0	0	0.0	195.7	187.26666666666665	141.45	0.0
LFQ	pibaq__limrots|bh|none|impseqrob|fc0.5|a0.05|none|k2	pibaq	none	impseqrob	limrots	0.5	bh	6	6	1.0	0	0.0	197.35000000000002	198.91666666666666	70.67499999999998	0.0
LFQ	pibaq__deqms|bh|median|qrilc|fc0.5|a0.05|none|k2	pibaq	median	qrilc	deqms	0.5	bh	6	6	1.0	0	0.0	197.9	196.69999999999996	56.5	0.0
LFQ	sum__limma|bh|median|qrilc|fc0.5|a0.05|none|k2	sum	median	qrilc	limma	0.5	bh	6	6	1.0	0	0.0	199.0	194.83333333333334	65.54999999999998	0.0
LFQ	maxlfq__limrots|bh|median|none|fc0.5|a0.05|none|k2	maxlfq	median	none	limrots	0.5	bh	6	6	1.0	0	0.0	199.2	201.5	48.44999999999999	0.0
LFQ	sum__limma|bh|none|minprob|fc0.5|a0.05|none|k2	sum	none	minprob	limma	0.5	bh	6	6	1.0	0	0.0	199.4	157.46666666666667	79.79999999999998	0.0
LFQ	pibaq__rots|bh|median|none|fc0.5|a0.05|none|k2	pibaq	median	none	rots	0.5	bh	6	6	1.0	0	0.0	200.10000000000002	205.8166666666667	47.67499999999998	0.0
LFQ	pibaq__limrots|bh|none|knn|fc0.5|a0.05|none|k2	pibaq	none	knn	limrots	0.5	bh	6	6	1.0	0	0.0	200.35	192.38333333333333	40.474999999999966	0.0
LFQ	sum__deqms|bh|median|impseq|fc0.5|a0.05|none|k2	sum	median	impseq	deqms	0.5	bh	6	6	1.0	0	0.0	201.3	171.6833333333333	46.50000000000003	0.0
LFQ	top3__deqms|bh|none|none|fc0.5|a0.05|none|k2	top3	none	none	deqms	0.5	bh	6	6	1.0	0	0.0	203.10000000000002	203.26666666666665	57.5	0.0
LFQ	sum__limrots|bh|median|knn|fc0.5|a0.05|none|k2	sum	median	knn	limrots	0.5	bh	6	6	1.0	0	0.0	203.25	203.75	17.274999999999977	0.0
LFQ	top3__rots|bh|median|impseq|fc0.5|a0.05|none|k2	top3	median	impseq	rots	0.5	bh	6	6	1.0	0	0.0	203.25	209.03333333333333	98.57500000000002	0.0
LFQ	top3__limma|bh|none|none|fc0.5|a0.05|none|k2	top3	none	none	limma	0.5	bh	6	6	1.0	0	0.0	203.6	201.19999999999996	62.20000000000002	0.0
LFQ	pibaq__rots|bh|median|minprob|fc0.5|a0.05|none|k2	pibaq	median	minprob	rots	0.5	bh	6	6	1.0	0	0.0	203.65	202.88333333333333	96.92499999999998	0.0
LFQ	sum__limrots|bh|median|minprob|fc0.5|a0.05|none|k2	sum	median	minprob	limrots	0.5	bh	6	6	1.0	0	0.0	203.8	195.85000000000002	21.774999999999977	0.0
LFQ	maxlfq__rots|bh|median|none|fc0.5|a0.05|none|k2	maxlfq	median	none	rots	0.5	bh	6	6	1.0	0	0.0	203.9	211.56666666666663	66.84999999999997	0.0
LFQ	sum__rots|bh|median|impseqrob|fc0.5|a0.05|none|k2	sum	median	impseqrob	rots	0.5	bh	6	6	1.0	0	0.0	204.35000000000002	201.14999999999998	96.02499999999998	0.0
LFQ	sum__rots|bh|none|minprob|fc0.5|a0.05|none|k2	sum	none	minprob	rots	0.5	bh	6	6	1.0	0	0.0	205.45	181.48333333333335	90.57500000000002	0.0
LFQ	sum__limrots|bh|none|seqknn|fc0.5|a0.05|none|k2	sum	none	seqknn	limrots	0.5	bh	6	6	1.0	0	0.0	205.55	191.51666666666665	41.025000000000006	0.0
LFQ	sum__limrots|bh|none|impseq|fc0.5|a0.05|none|k2	sum	none	impseq	limrots	0.5	bh	6	6	1.0	0	0.0	206.2	197.04999999999998	32.82499999999999	0.0
LFQ	sum__rots|bh|none|none|fc0.5|a0.05|none|k2	sum	none	none	rots	0.5	bh	6	6	1.0	0	0.0	206.8	208.18333333333337	104.92500000000004	0.0
LFQ	top3__rots|bh|median|seqknn|fc0.5|a0.05|none|k2	top3	median	seqknn	rots	0.5	bh	6	6	1.0	0	0.0	206.8	209.91666666666663	41.650000000000006	0.0
LFQ	top3__rots|bh|none|mindet|fc0.5|a0.05|none|k2	top3	none	mindet	rots	0.5	bh	6	6	1.0	0	0.0	206.95	198.6833333333333	92.82499999999999	0.0
LFQ	sum__deqms|bh|none|qrilc|fc0.5|a0.05|none|k2	sum	none	qrilc	deqms	0.5	bh	6	6	1.0	0	0.0	208.3	171.04999999999998	124.95	0.0
LFQ	top3__rots|bh|median|minprob|fc0.5|a0.05|none|k2	top3	median	minprob	rots	0.5	bh	6	6	1.0	0	0.0	208.55	187.68333333333337	63.224999999999994	0.0
LFQ	top3__limma|bh|median|impseq|fc0.5|a0.05|none|k2	top3	median	impseq	limma	0.5	bh	6	6	1.0	0	0.0	208.7	187.76666666666665	71.80000000000001	0.0
LFQ	pibaq__limrots|bh|median|minprob|fc0.5|a0.05|none|k2	pibaq	median	minprob	limrots	0.5	bh	6	6	1.0	0	0.0	209.05	194.04999999999998	68.875	0.0
LFQ	top3__rots|bh|none|impseqrob|fc0.5|a0.05|none|k2	top3	none	impseqrob	rots	0.5	bh	6	6	1.0	0	0.0	209.25	197.61666666666667	127.97499999999997	0.0
LFQ	top3__limrots|bh|median|impseq|fc0.5|a0.05|none|k2	top3	median	impseq	limrots	0.5	bh	6	6	1.0	0	0.0	209.25	205.18333333333337	61.974999999999994	0.0
LFQ	sum__limrots|bh|median|none|fc0.5|a0.05|none|k2	sum	median	none	limrots	0.5	bh	6	6	1.0	0	0.0	209.4	215.65	56.92499999999998	0.0
LFQ	maxlfq__rots|bh|median|minprob|fc0.5|a0.05|none|k2	maxlfq	median	minprob	rots	0.5	bh	6	6	1.0	0	0.0	209.55	185.15	65.375	0.0
LFQ	top3__rots|bh|none|seqknn|fc0.5|a0.05|none|k2	top3	none	seqknn	rots	0.5	bh	6	6	1.0	0	0.0	209.65	212.25	100.375	0.0
LFQ	top3__deqms|bh|median|none|fc0.5|a0.05|none|k2	top3	median	none	deqms	0.5	bh	6	6	1.0	0	0.0	210.89999999999998	204.20000000000002	110.94999999999999	0.0
LFQ	top3__limma|bh|median|none|fc0.5|a0.05|none|k2	top3	median	none	limma	0.5	bh	6	6	1.0	0	0.0	211.6	201.39999999999998	110.99999999999997	0.0
LFQ	top3__limma|bh|median|qrilc|fc0.5|a0.05|none|k2	top3	median	qrilc	limma	0.5	bh	6	6	1.0	0	0.0	212.0	207.5666666666667	78.29999999999998	0.0
LFQ	top3__rots|bh|none|impseq|fc0.5|a0.05|none|k2	top3	none	impseq	rots	0.5	bh	6	6	1.0	0	0.0	212.75	215.01666666666665	111.37500000000003	0.0
LFQ	top3__limrots|bh|median|minprob|fc0.5|a0.05|none|k2	top3	median	minprob	limrots	0.5	bh	6	6	1.0	0	0.0	212.85	204.81666666666663	66.275	0.0
LFQ	sum__limrots|bh|none|knn|fc0.5|a0.05|none|k2	sum	none	knn	limrots	0.5	bh	6	6	1.0	0	0.0	213.55	208.71666666666667	29.974999999999994	0.0
LFQ	top3__limrots|bh|median|seqknn|fc0.5|a0.05|none|k2	top3	median	seqknn	limrots	0.5	bh	6	6	1.0	0	0.0	214.15	204.73333333333335	12.325000000000017	0.0
LFQ	top3__deqms|bh|median|impseq|fc0.5|a0.05|none|k2	top3	median	impseq	deqms	0.5	bh	6	6	1.0	0	0.0	214.2	192.1833333333333	67.44999999999999	0.0
LFQ	sum__limma|bh|none|qrilc|fc0.5|a0.05|none|k2	sum	none	qrilc	limma	0.5	bh	6	6	1.0	0	0.0	214.5	186.85000000000002	62.0	0.0
LFQ	sum__rots|bh|median|knn|fc0.5|a0.05|none|k2	sum	median	knn	rots	0.5	bh	6	6	1.0	0	0.0	215.05	212.75	31.475000000000023	0.0
LFQ	sum__limrots|bh|none|impseqrob|fc0.5|a0.05|none|k2	sum	none	impseqrob	limrots	0.5	bh	6	6	1.0	0	0.0	215.5	197.51666666666665	29.67500000000001	0.0
LFQ	top3__rots|bh|none|none|fc0.5|a0.05|none|k2	top3	none	none	rots	0.5	bh	6	6	1.0	0	0.0	216.10000000000002	225.78333333333333	98.875	0.0
LFQ	top3__deqms|bh|none|minprob|fc0.5|a0.05|none|k2	top3	none	minprob	deqms	0.5	bh	6	6	1.0	0	0.0	217.0	167.23333333333332	127.2	0.0
LFQ	top3__limma|bh|median|impseqrob|fc0.5|a0.05|none|k2	top3	median	impseqrob	limma	0.5	bh	6	6	1.0	0	0.0	217.0	197.83333333333334	69.64999999999998	0.0
LFQ	top3__limma|bh|none|mindet|fc0.5|a0.05|none|k2	top3	none	mindet	limma	0.5	bh	6	6	1.0	0	0.0	217.5	173.36666666666665	101.60000000000001	0.0
LFQ	sum__rots|bh|none|knn|fc0.5|a0.05|none|k2	sum	none	knn	rots	0.5	bh	6	6	1.0	0	0.0	217.9	206.08333333333334	64.475	0.0
LFQ	sum__limrots|bh|none|minprob|fc0.5|a0.05|none|k2	sum	none	minprob	limrots	0.5	bh	6	6	1.0	0	0.0	218.45	190.65	68.07500000000002	0.0
LFQ	top3__deqms|bh|none|mindet|fc0.5|a0.05|none|k2	top3	none	mindet	deqms	0.5	bh	6	6	1.0	0	0.0	218.7	166.76666666666665	132.75	0.0
LFQ	top3__limrots|bh|none|mindet|fc0.5|a0.05|none|k2	top3	none	mindet	limrots	0.5	bh	6	6	1.0	0	0.0	218.75	199.61666666666667	84.375	0.0
LFQ	top3__limma|bh|none|minprob|fc0.5|a0.05|none|k2	top3	none	minprob	limma	0.5	bh	6	6	1.0	0	0.0	220.3	177.39999999999998	92.80000000000001	0.0
LFQ	top3__limma|bh|none|seqknn|fc0.5|a0.05|none|k2	top3	none	seqknn	limma	0.5	bh	6	6	1.0	0	0.0	220.6	181.4333333333333	149.95000000000002	0.0
LFQ	top3__limrots|bh|none|seqknn|fc0.5|a0.05|none|k2	top3	none	seqknn	limrots	0.5	bh	6	6	1.0	0	0.0	220.85000000000002	218.26666666666668	85.9	0.0
LFQ	top3__limma|bh|none|knn|fc0.5|a0.05|none|k2	top3	none	knn	limma	0.5	bh	6	6	1.0	0	0.0	221.0	196.0	116.04999999999998	0.0
LFQ	maxlfq__rots|bh|median|qrilc|fc0.5|a0.05|none|k2	maxlfq	median	qrilc	rots	0.5	bh	6	6	1.0	0	0.0	221.95	219.41666666666666	67.775	0.0
LFQ	top3__deqms|bh|median|impseqrob|fc0.5|a0.05|none|k2	top3	median	impseqrob	deqms	0.5	bh	6	6	1.0	0	0.0	222.7	200.83333333333334	62.74999999999997	0.0
LFQ	sum__rots|bh|none|qrilc|fc0.5|a0.05|none|k2	sum	none	qrilc	rots	0.5	bh	6	6	1.0	0	0.0	223.14999999999998	202.75	93.125	0.0
LFQ	top3__limrots|bh|none|impseqrob|fc0.5|a0.05|none|k2	top3	none	impseqrob	limrots	0.5	bh	6	6	1.0	0	0.0	223.14999999999998	204.7833333333333	106.82499999999996	0.0
LFQ	sum__limrots|bh|median|qrilc|fc0.5|a0.05|none|k2	sum	median	qrilc	limrots	0.5	bh	6	6	1.0	0	0.0	223.85	202.28333333333333	39.17500000000001	0.0
LFQ	sum__limrots|bh|none|none|fc0.5|a0.05|none|k2	sum	none	none	limrots	0.5	bh	6	6	1.0	0	0.0	224.05	210.63333333333333	80.75	0.0
LFQ	top3__limrots|bh|none|none|fc0.5|a0.05|none|k2	top3	none	none	limrots	0.5	bh	6	6	1.0	0	0.0	225.10000000000002	226.51666666666665	73.625	0.0
LFQ	top3__limrots|bh|none|impseq|fc0.5|a0.05|none|k2	top3	none	impseq	limrots	0.5	bh	6	6	1.0	0	0.0	226.15	226.45000000000002	80.52500000000003	0.0
LFQ	sum__rots|bh|median|qrilc|fc0.5|a0.05|none|k2	sum	median	qrilc	rots	0.5	bh	6	6	1.0	0	0.0	226.35	219.50000000000003	25.37499999999997	0.0
LFQ	top3__limma|bh|none|qrilc|fc0.5|a0.05|none|k2	top3	none	qrilc	limma	0.5	bh	6	6	1.0	0	0.0	227.3	198.4	73.85000000000002	0.0
LFQ	sum__limrots|bh|none|qrilc|fc0.5|a0.05|none|k2	sum	none	qrilc	limrots	0.5	bh	6	6	1.0	0	0.0	227.3	208.06666666666663	74.05000000000004	0.0
LFQ	top3__limma|bh|none|impseqrob|fc0.5|a0.05|none|k2	top3	none	impseqrob	limma	0.5	bh	6	6	1.0	0	0.0	227.6	192.0333333333333	150.0	0.0
LFQ	top3__limma|bh|none|impseq|fc0.5|a0.05|none|k2	top3	none	impseq	limma	0.5	bh	6	6	1.0	0	0.0	227.9	195.0	119.40000000000003	0.0
LFQ	top3__limrots|bh|median|qrilc|fc0.5|a0.05|none|k2	top3	median	qrilc	limrots	0.5	bh	6	6	1.0	0	0.0	228.25	214.71666666666667	35.32499999999996	0.0
LFQ	top3__deqms|bh|none|knn|fc0.5|a0.05|none|k2	top3	none	knn	deqms	0.5	bh	6	6	1.0	0	0.0	229.2	200.54999999999998	115.42499999999998	0.0
LFQ	top3__deqms|bh|none|seqknn|fc0.5|a0.05|none|k2	top3	none	seqknn	deqms	0.5	bh	6	6	1.0	0	0.0	229.3	187.86666666666665	151.45	0.0
LFQ	top3__rots|bh|none|qrilc|fc0.5|a0.05|none|k2	top3	none	qrilc	rots	0.5	bh	6	6	1.0	0	0.0	229.60000000000002	207.66666666666663	93.6	0.0
LFQ	top3__rots|bh|none|knn|fc0.5|a0.05|none|k2	top3	none	knn	rots	0.5	bh	6	6	1.0	0	0.0	229.8	229.25	72.125	0.0
LFQ	top3__deqms|bh|none|impseqrob|fc0.5|a0.05|none|k2	top3	none	impseqrob	deqms	0.5	bh	6	6	1.0	0	0.0	231.6	195.9333333333333	147.25	0.0
LFQ	top3__rots|bh|none|minprob|fc0.5|a0.05|none|k2	top3	none	minprob	rots	0.5	bh	6	6	1.0	0	0.0	232.75	199.55000000000004	93.32499999999996	0.0
LFQ	top3__deqms|bh|none|impseq|fc0.5|a0.05|none|k2	top3	none	impseq	deqms	0.5	bh	6	6	1.0	0	0.0	233.2	198.20000000000002	131.39999999999998	0.0
LFQ	top3__deqms|bh|none|qrilc|fc0.5|a0.05|none|k2	top3	none	qrilc	deqms	0.5	bh	6	6	1.0	0	0.0	234.7	195.28333333333333	68.475	0.0
LFQ	top3__limrots|bh|none|minprob|fc0.5|a0.05|none|k2	top3	none	minprob	limrots	0.5	bh	6	6	1.0	0	0.0	234.75	203.61666666666667	80.82500000000005	0.0
LFQ	top3__limrots|bh|none|knn|fc0.5|a0.05|none|k2	top3	none	knn	limrots	0.5	bh	6	6	1.0	0	0.0	236.1	233.68333333333337	55.375	0.0
LFQ	top3__rots|bh|median|impseqrob|fc0.5|a0.05|none|k2	top3	median	impseqrob	rots	0.5	bh	6	6	1.0	0	0.0	237.35000000000002	204.10000000000002	98.30000000000004	0.0
LFQ	top3__limrots|bh|median|knn|fc0.5|a0.05|none|k2	top3	median	knn	limrots	0.5	bh	6	6	1.0	0	0.0	239.6	224.8166666666667	23.275000000000034	0.0
LFQ	top3__limrots|bh|median|none|fc0.5|a0.05|none|k2	top3	median	none	limrots	0.5	bh	6	6	1.0	0	0.0	241.2	228.38333333333333	58.67499999999998	0.0
LFQ	top3__rots|bh|median|qrilc|fc0.5|a0.05|none|k2	top3	median	qrilc	rots	0.5	bh	6	6	1.0	0	0.0	242.45	222.5333333333334	44.82499999999999	0.0
LFQ	top3__limrots|bh|median|impseqrob|fc0.5|a0.05|none|k2	top3	median	impseqrob	limrots	0.5	bh	6	6	1.0	0	0.0	242.9	233.20000000000002	38.10000000000002	0.0
LFQ	sum__rots|bh|median|none|fc0.5|a0.05|none|k2	sum	median	none	rots	0.5	bh	6	6	1.0	0	0.0	245.4	225.15	65.92499999999998	0.0
LFQ	top3__rots|bh|median|knn|fc0.5|a0.05|none|k2	top3	median	knn	rots	0.5	bh	6	6	1.0	0	0.0	246.1	227.85000000000002	34.525000000000006	0.0
LFQ	top3__rots|bh|median|none|fc0.5|a0.05|none|k2	top3	median	none	rots	0.5	bh	6	6	1.0	0	0.0	246.2	237.8166666666667	59.974999999999994	0.0
LFQ	top3__limrots|bh|none|qrilc|fc0.5|a0.05|none|k2	top3	none	qrilc	limrots	0.5	bh	6	6	1.0	0	0.0	249.05	218.91666666666666	69.37499999999997	0.0
TMT	directlfq__deqms|bh|none|knn|fc0.5|a0.05|none|k2	directlfq	none	knn	deqms	0.5	bh	3	3	1.0	0	0.0	41.7	55.300000000000004	30.39999999999999	0.0
TMT	directlfq__deqms|bh|none|seqknn|fc0.5|a0.05|none|k2	directlfq	none	seqknn	deqms	0.5	bh	3	3	1.0	0	0.0	41.7	55.93333333333334	31.35000000000001	0.0
TMT	directlfq__deqms|bh|none|none|fc0.5|a0.05|none|k2	directlfq	none	none	deqms	0.5	bh	3	3	1.0	0	0.0	41.7	56.79999999999999	32.64999999999999	0.0
TMT	directlfq__deqms|bh|none|impseq|fc0.5|a0.05|none|k2	directlfq	none	impseq	deqms	0.5	bh	3	3	1.0	0	0.0	41.7	59.26666666666667	36.35000000000001	0.0
TMT	directlfq__deqms|bh|none|mindet|fc0.5|a0.05|none|k2	directlfq	none	mindet	deqms	0.5	bh	3	3	1.0	0	0.0	41.7	59.26666666666667	36.35000000000001	0.0
TMT	directlfq__deqms|bh|none|impseqrob|fc0.5|a0.05|none|k2	directlfq	none	impseqrob	deqms	0.5	bh	3	3	1.0	0	0.0	41.7	60.0	37.45	0.0
TMT	directlfq__deqms|bh|none|minprob|fc0.5|a0.05|none|k2	directlfq	none	minprob	deqms	0.5	bh	3	3	1.0	0	0.0	41.7	61.06666666666666	39.05	0.0
TMT	directlfq__deqms|bh|none|qrilc|fc0.5|a0.05|none|k2	directlfq	none	qrilc	deqms	0.5	bh	3	3	1.0	0	0.0	41.7	78.46666666666665	65.14999999999999	0.0
TMT	directlfq__limma|bh|none|mindet|fc0.5|a0.05|none|k2	directlfq	none	mindet	limma	0.5	bh	3	3	1.0	0	0.0	56.1	64.0	25.049999999999997	0.0
TMT	directlfq__limma|bh|none|knn|fc0.5|a0.05|none|k2	directlfq	none	knn	limma	0.5	bh	3	3	1.0	0	0.0	56.1	64.43333333333332	25.700000000000003	0.0
TMT	directlfq__limma|bh|none|minprob|fc0.5|a0.05|none|k2	directlfq	none	minprob	limma	0.5	bh	3	3	1.0	0	0.0	56.1	65.66666666666667	27.549999999999997	0.0
TMT	directlfq__limma|bh|none|seqknn|fc0.5|a0.05|none|k2	directlfq	none	seqknn	limma	0.5	bh	3	3	1.0	0	0.0	56.1	65.7	27.599999999999994	0.0
TMT	directlfq__limma|bh|none|none|fc0.5|a0.05|none|k2	directlfq	none	none	limma	0.5	bh	3	3	1.0	0	0.0	56.1	68.63333333333334	32.0	0.0
TMT	directlfq__limma|bh|none|impseq|fc0.5|a0.05|none|k2	directlfq	none	impseq	limma	0.5	bh	3	3	1.0	0	0.0	56.1	71.93333333333332	36.95	0.0
TMT	directlfq__limma|bh|none|impseqrob|fc0.5|a0.05|none|k2	directlfq	none	impseqrob	limma	0.5	bh	3	3	1.0	0	0.0	56.1	73.93333333333332	39.95	0.0
TMT	directlfq__limma|bh|none|qrilc|fc0.5|a0.05|none|k2	directlfq	none	qrilc	limma	0.5	bh	3	3	1.0	0	0.0	56.1	83.26666666666667	53.95	0.0
TMT	maxlfq__deqms|bh|none|knn|fc0.5|a0.05|none|k2	maxlfq	none	knn	deqms	0.5	bh	3	3	1.0	0	0.0	82.9	90.23333333333335	19.19999999999999	0.0
TMT	maxlfq__deqms|bh|none|seqknn|fc0.5|a0.05|none|k2	maxlfq	none	seqknn	deqms	0.5	bh	3	3	1.0	0	0.0	82.9	92.7	24.0	0.0
TMT	maxlfq__deqms|bh|none|none|fc0.5|a0.05|none|k2	maxlfq	none	none	deqms	0.5	bh	3	3	1.0	0	0.0	82.9	102.10000000000001	32.3	0.0
TMT	maxlfq__deqms|bh|none|mindet|fc0.5|a0.05|none|k2	maxlfq	none	mindet	deqms	0.5	bh	3	3	1.0	0	0.0	82.9	108.16666666666667	44.39999999999999	0.0
TMT	maxlfq__deqms|bh|none|impseqrob|fc0.5|a0.05|none|k2	maxlfq	none	impseqrob	deqms	0.5	bh	3	3	1.0	0	0.0	82.9	122.56666666666668	68.0	0.0
TMT	maxlfq__deqms|bh|none|impseq|fc0.5|a0.05|none|k2	maxlfq	none	impseq	deqms	0.5	bh	3	3	1.0	0	0.0	82.9	122.66666666666667	67.25000000000003	0.0
TMT	maxlfq__deqms|bh|none|minprob|fc0.5|a0.05|none|k2	maxlfq	none	minprob	deqms	0.5	bh	3	3	1.0	0	0.0	82.9	128.29999999999998	73.80000000000001	0.0
TMT	maxlfq__deqms|bh|none|qrilc|fc0.5|a0.05|none|k2	maxlfq	none	qrilc	deqms	0.5	bh	3	3	1.0	0	0.0	82.9	134.53333333333333	79.55000000000001	0.0
TMT	sum__deqms|bh|none|seqknn|fc0.5|a0.05|none|k2	sum	none	seqknn	deqms	0.5	bh	3	3	1.0	0	0.0	83.4	111.56666666666666	90.05000000000001	0.0
TMT	sum__deqms|bh|none|knn|fc0.5|a0.05|none|k2	sum	none	knn	deqms	0.5	bh	3	3	1.0	0	0.0	83.6	117.09999999999998	81.84999999999998	0.0
TMT	sum__deqms|bh|none|none|fc0.5|a0.05|none|k2	sum	none	none	deqms	0.5	bh	3	3	1.0	0	0.0	87.4	124.76666666666667	72.25	0.0
TMT	pibaq__limma|bh|none|minprob|fc0.5|a0.05|none|k2	pibaq	none	minprob	limma	0.5	bh	3	3	1.0	0	0.0	88.8	93.36666666666666	69.44999999999999	0.0
TMT	sum__deqms|bh|none|mindet|fc0.5|a0.05|none|k2	sum	none	mindet	deqms	0.5	bh	3	3	1.0	0	0.0	89.2	123.03333333333335	75.74999999999999	0.0
TMT	top3__deqms|bh|none|seqknn|fc0.5|a0.05|none|k2	top3	none	seqknn	deqms	0.5	bh	3	3	1.0	0	0.0	98.2	124.93333333333334	87.0	0.0
TMT	top3__deqms|bh|none|knn|fc0.5|a0.05|none|k2	top3	none	knn	deqms	0.5	bh	3	3	1.0	0	0.0	98.4	123.33333333333333	89.50000000000003	0.0
TMT	pibaq__limma|bh|none|mindet|fc0.5|a0.05|none|k2	pibaq	none	mindet	limma	0.5	bh	3	3	1.0	0	0.0	99.4	89.13333333333333	54.8	0.0
TMT	pibaq__limma|bh|none|qrilc|fc0.5|a0.05|none|k2	pibaq	none	qrilc	limma	0.5	bh	3	3	1.0	0	0.0	101.2	108.30000000000001	80.45	0.0
TMT	top3__deqms|bh|none|none|fc0.5|a0.05|none|k2	top3	none	none	deqms	0.5	bh	3	3	1.0	0	0.0	102.4	134.03333333333333	75.45000000000002	0.0
TMT	top3__deqms|bh|none|mindet|fc0.5|a0.05|none|k2	top3	none	mindet	deqms	0.5	bh	3	3	1.0	0	0.0	104.6	138.03333333333333	70.54999999999998	0.0
TMT	directlfq__deqms|bh|median|mindet|fc0.5|a0.05|none|k2	directlfq	median	mindet	deqms	0.5	bh	3	3	1.0	0	0.0	107.8	130.06666666666666	63.5	0.0
TMT	pibaq__limma|bh|none|seqknn|fc0.5|a0.05|none|k2	pibaq	none	seqknn	limma	0.5	bh	3	3	1.0	0	0.0	108.4	100.2	69.30000000000001	0.0
TMT	directlfq__deqms|bh|median|knn|fc0.5|a0.05|none|k2	directlfq	median	knn	deqms	0.5	bh	3	3	1.0	0	0.0	110.4	130.93333333333334	63.5	0.0
TMT	directlfq__limma|bh|median|mindet|fc0.5|a0.05|none|k2	directlfq	median	mindet	limma	0.5	bh	3	3	1.0	0	0.0	110.8	120.39999999999999	53.69999999999999	0.0
TMT	pibaq__limma|bh|none|none|fc0.5|a0.05|none|k2	pibaq	none	none	limma	0.5	bh	3	3	1.0	0	0.0	111.4	113.06666666666668	82.5	0.0
TMT	directlfq__limma|bh|median|knn|fc0.5|a0.05|none|k2	directlfq	median	knn	limma	0.5	bh	3	3	1.0	0	0.0	112.2	120.86666666666667	53.70000000000002	0.0
TMT	pibaq__limma|bh|none|knn|fc0.5|a0.05|none|k2	pibaq	none	knn	limma	0.5	bh	3	3	1.0	0	0.0	114.4	100.63333333333333	66.15	0.0
TMT	directlfq__deqms|bh|median|seqknn|fc0.5|a0.05|none|k2	directlfq	median	seqknn	deqms	0.5	bh	3	3	1.0	0	0.0	115.0	132.46666666666667	63.5	0.0
TMT	pibaq__limma|bh|none|impseq|fc0.5|a0.05|none|k2	pibaq	none	impseq	limma	0.5	bh	3	3	1.0	0	0.0	115.6	116.59999999999998	88.9	0.0
TMT	directlfq__rots|bh|none|knn|fc0.5|a0.05|none|k2	directlfq	none	knn	rots	0.5	bh	3	3	1.0	0	0.0	116.3	114.36666666666667	7.8999999999999915	0.0
TMT	directlfq__limrots|bh|none|mindet|fc0.5|a0.05|none|k2	directlfq	none	mindet	limrots	0.5	bh	3	3	1.0	0	0.0	116.5	114.2	15.549999999999997	0.0
TMT	directlfq__limrots|bh|none|minprob|fc0.5|a0.05|none|k2	directlfq	none	minprob	limrots	0.5	bh	3	3	1.0	0	0.0	116.5	114.7	16.299999999999997	0.0
TMT	directlfq__limrots|bh|none|knn|fc0.5|a0.05|none|k2	directlfq	none	knn	limrots	0.5	bh	3	3	1.0	0	0.0	116.5	115.39999999999999	17.349999999999994	0.0
TMT	directlfq__limrots|bh|none|seqknn|fc0.5|a0.05|none|k2	directlfq	none	seqknn	limrots	0.5	bh	3	3	1.0	0	0.0	116.5	117.13333333333333	19.950000000000003	0.0
TMT	directlfq__limrots|bh|none|none|fc0.5|a0.05|none|k2	directlfq	none	none	limrots	0.5	bh	3	3	1.0	0	0.0	116.5	121.26666666666667	26.150000000000006	0.0
TMT	directlfq__limrots|bh|none|impseq|fc0.5|a0.05|none|k2	directlfq	none	impseq	limrots	0.5	bh	3	3	1.0	0	0.0	116.5	121.8	26.94999999999999	0.0
TMT	directlfq__limrots|bh|none|impseqrob|fc0.5|a0.05|none|k2	directlfq	none	impseqrob	limrots	0.5	bh	3	3	1.0	0	0.0	116.5	122.39999999999999	27.849999999999994	0.0
TMT	directlfq__limrots|bh|none|qrilc|fc0.5|a0.05|none|k2	directlfq	none	qrilc	limrots	0.5	bh	3	3	1.0	0	0.0	116.5	134.86666666666667	46.55000000000001	0.0
TMT	pibaq__limma|bh|none|impseqrob|fc0.5|a0.05|none|k2	pibaq	none	impseqrob	limma	0.5	bh	3	3	1.0	0	0.0	116.6	119.60000000000001	92.30000000000001	0.0
TMT	directlfq__limma|bh|median|minprob|fc0.5|a0.05|none|k2	directlfq	median	minprob	limma	0.5	bh	3	3	1.0	0	0.0	117.0	122.46666666666665	53.69999999999999	0.0
TMT	directlfq__limma|bh|median|seqknn|fc0.5|a0.05|none|k2	directlfq	median	seqknn	limma	0.5	bh	3	3	1.0	0	0.0	118.1	122.83333333333333	53.7	0.0
TMT	maxlfq__limma|bh|none|knn|fc0.5|a0.05|none|k2	maxlfq	none	knn	limma	0.5	bh	3	3	1.0	0	0.0	118.9	117.7	20.10000000000001	0.0
TMT	maxlfq__limma|bh|none|seqknn|fc0.5|a0.05|none|k2	maxlfq	none	seqknn	limma	0.5	bh	3	3	1.0	0	0.0	118.9	119.66666666666667	23.94999999999999	0.0
TMT	maxlfq__limma|bh|none|none|fc0.5|a0.05|none|k2	maxlfq	none	none	limma	0.5	bh	3	3	1.0	0	0.0	118.9	124.26666666666667	31.350000000000023	0.0
TMT	maxlfq__limma|bh|none|mindet|fc0.5|a0.05|none|k2	maxlfq	none	mindet	limma	0.5	bh	3	3	1.0	0	0.0	118.9	124.76666666666667	31.299999999999983	0.0
TMT	maxlfq__limma|bh|none|minprob|fc0.5|a0.05|none|k2	maxlfq	none	minprob	limma	0.5	bh	3	3	1.0	0	0.0	118.9	140.83333333333334	54.19999999999999	0.0
TMT	maxlfq__limma|bh|none|impseq|fc0.5|a0.05|none|k2	maxlfq	none	impseq	limma	0.5	bh	3	3	1.0	0	0.0	118.9	141.26666666666665	56.75	0.0
TMT	maxlfq__limma|bh|none|qrilc|fc0.5|a0.05|none|k2	maxlfq	none	qrilc	limma	0.5	bh	3	3	1.0	0	0.0	118.9	145.5666666666667	57.099999999999994	0.0
TMT	maxlfq__limma|bh|none|impseqrob|fc0.5|a0.05|none|k2	maxlfq	none	impseqrob	limma	0.5	bh	3	3	1.0	0	0.0	118.9	146.9	65.90000000000002	0.0
TMT	directlfq__deqms|bh|median|none|fc0.5|a0.05|none|k2	directlfq	median	none	deqms	0.5	bh	3	3	1.0	0	0.0	119.0	133.79999999999998	63.5	0.0
TMT	directlfq__rots|bh|none|seqknn|fc0.5|a0.05|none|k2	directlfq	none	seqknn	rots	0.5	bh	3	3	1.0	0	0.0	120.3	115.7	7.8999999999999915	0.0
TMT	sum__limma|bh|none|seqknn|fc0.5|a0.05|none|k2	sum	none	seqknn	limma	0.5	bh	3	3	1.0	0	0.0	121.1	131.86666666666667	100.04999999999998	0.0
TMT	sum__limma|bh|none|knn|fc0.5|a0.05|none|k2	sum	none	knn	limma	0.5	bh	3	3	1.0	0	0.0	121.2	131.76666666666668	100.25	0.0
TMT	directlfq__rots|bh|none|mindet|fc0.5|a0.05|none|k2	directlfq	none	mindet	rots	0.5	bh	3	3	1.0	0	0.0	121.3	117.36666666666667	9.899999999999991	0.0
TMT	directlfq__rots|bh|none|minprob|fc0.5|a0.05|none|k2	directlfq	none	minprob	rots	0.5	bh	3	3	1.0	0	0.0	121.3	120.23333333333333	14.199999999999989	0.0
TMT	directlfq__rots|bh|none|impseq|fc0.5|a0.05|none|k2	directlfq	none	impseq	rots	0.5	bh	3	3	1.0	0	0.0	121.3	121.33333333333333	15.849999999999994	0.0
TMT	directlfq__rots|bh|none|impseqrob|fc0.5|a0.05|none|k2	directlfq	none	impseqrob	rots	0.5	bh	3	3	1.0	0	0.0	121.3	122.60000000000001	17.75	0.0
TMT	directlfq__rots|bh|none|none|fc0.5|a0.05|none|k2	directlfq	none	none	rots	0.5	bh	3	3	1.0	0	0.0	121.3	132.20000000000002	32.150000000000006	0.0
TMT	directlfq__rots|bh|none|qrilc|fc0.5|a0.05|none|k2	directlfq	none	qrilc	rots	0.5	bh	3	3	1.0	0	0.0	121.3	143.73333333333332	49.44999999999999	0.0
TMT	sum__limma|bh|none|none|fc0.5|a0.05|none|k2	sum	none	none	limma	0.5	bh	3	3	1.0	0	0.0	123.8	142.76666666666668	85.05000000000001	0.0
TMT	top3__deqms|bh|none|impseq|fc0.5|a0.05|none|k2	top3	none	impseq	deqms	0.5	bh	3	3	1.0	0	0.0	123.8	148.9	63.85000000000002	0.0
TMT	pibaq__limrots|bh|median|none|fc0.5|a0.05|none|k2	pibaq	median	none	limrots	0.5	bh	3	3	1.0	0	0.0	124.0	173.20000000000002	99.6	0.0
TMT	pibaq__limrots|bh|median|knn|fc0.5|a0.05|none|k2	pibaq	median	knn	limrots	0.5	bh	3	3	1.0	0	0.0	124.1	148.49999999999997	60.49999999999997	0.0
TMT	pibaq__limrots|bh|median|impseq|fc0.5|a0.05|none|k2	pibaq	median	impseq	limrots	0.5	bh	3	3	1.0	0	0.0	124.2	146.79999999999998	59.099999999999994	0.0
TMT	pibaq__limrots|bh|median|seqknn|fc0.5|a0.05|none|k2	pibaq	median	seqknn	limrots	0.5	bh	3	3	1.0	0	0.0	124.2	152.4333333333333	68.14999999999998	0.0
TMT	pibaq__limrots|bh|median|impseqrob|fc0.5|a0.05|none|k2	pibaq	median	impseqrob	limrots	0.5	bh	3	3	1.0	0	0.0	124.4	158.66666666666666	76.6	0.0
TMT	pibaq__limrots|bh|median|minprob|fc0.5|a0.05|none|k2	pibaq	median	minprob	limrots	0.5	bh	3	3	1.0	0	0.0	124.9	145.76666666666668	53.0	0.0
TMT	pibaq__limrots|bh|median|qrilc|fc0.5|a0.05|none|k2	pibaq	median	qrilc	limrots	0.5	bh	3	3	1.0	0	0.0	125.7	146.13333333333335	51.55000000000001	0.0
TMT	pibaq__limrots|bh|median|mindet|fc0.5|a0.05|none|k2	pibaq	median	mindet	limrots	0.5	bh	3	3	1.0	0	0.0	126.1	136.83333333333334	44.80000000000001	0.0
TMT	pibaq__deqms|bh|none|qrilc|fc0.5|a0.05|none|k2	pibaq	none	qrilc	deqms	0.5	bh	3	3	1.0	0	0.0	126.6	124.13333333333333	91.69999999999999	0.0
TMT	sum__limma|bh|none|mindet|fc0.5|a0.05|none|k2	sum	none	mindet	limma	0.5	bh	3	3	1.0	0	0.0	127.2	140.9	89.55	0.0
TMT	pibaq__deqms|bh|none|minprob|fc0.5|a0.05|none|k2	pibaq	none	minprob	deqms	0.5	bh	3	3	1.0	0	0.0	127.8	110.86666666666667	75.60000000000001	0.0
TMT	directlfq__deqms|bh|median|impseq|fc0.5|a0.05|none|k2	directlfq	median	impseq	deqms	0.5	bh	3	3	1.0	0	0.0	128.3	136.9	63.5	0.0
TMT	directlfq__deqms|bh|median|minprob|fc0.5|a0.05|none|k2	directlfq	median	minprob	deqms	0.5	bh	3	3	1.0	0	0.0	129.4	137.26666666666668	63.5	0.0
TMT	pibaq__rots|bh|median|mindet|fc0.5|a0.05|none|k2	pibaq	median	mindet	rots	0.5	bh	3	3	1.0	0	0.0	129.5	135.96666666666667	37.69999999999999	0.0
TMT	pibaq__rots|bh|median|seqknn|fc0.5|a0.05|none|k2	pibaq	median	seqknn	rots	0.5	bh	3	3	1.0	0	0.0	129.5	142.9	49.2	0.0
TMT	pibaq__rots|bh|median|minprob|fc0.5|a0.05|none|k2	pibaq	median	minprob	rots	0.5	bh	3	3	1.0	0	0.0	129.5	144.6	46.95000000000002	0.0
TMT	pibaq__rots|bh|median|knn|fc0.5|a0.05|none|k2	pibaq	median	knn	rots	0.5	bh	3	3	1.0	0	0.0	129.5	145.5	49.5	0.0
TMT	pibaq__rots|bh|median|qrilc|fc0.5|a0.05|none|k2	pibaq	median	qrilc	rots	0.5	bh	3	3	1.0	0	0.0	129.5	148.70000000000002	52.7	0.0
TMT	pibaq__rots|bh|median|impseqrob|fc0.5|a0.05|none|k2	pibaq	median	impseqrob	rots	0.5	bh	3	3	1.0	0	0.0	129.5	154.53333333333333	65.55000000000001	0.0
TMT	pibaq__rots|bh|median|impseq|fc0.5|a0.05|none|k2	pibaq	median	impseq	rots	0.5	bh	3	3	1.0	0	0.0	129.5	154.79999999999998	66.75	0.0
TMT	pibaq__rots|bh|median|none|fc0.5|a0.05|none|k2	pibaq	median	none	rots	0.5	bh	3	3	1.0	0	0.0	129.5	181.33333333333334	105.75	0.0
TMT	top3__deqms|bh|none|minprob|fc0.5|a0.05|none|k2	top3	none	minprob	deqms	0.5	bh	3	3	1.0	0	0.0	130.4	152.70000000000002	61.45000000000002	0.0
TMT	directlfq__limma|bh|median|none|fc0.5|a0.05|none|k2	directlfq	median	none	limma	0.5	bh	3	3	1.0	0	0.0	131.0	127.13333333333333	53.69999999999999	0.0
TMT	directlfq__limrots|bh|median|seqknn|fc0.5|a0.05|none|k2	directlfq	median	seqknn	limrots	0.5	bh	3	3	1.0	0	0.0	131.0	138.66666666666666	11.600000000000023	0.0
TMT	directlfq__limrots|bh|median|knn|fc0.5|a0.05|none|k2	directlfq	median	knn	limrots	0.5	bh	3	3	1.0	0	0.0	134.4	139.79999999999998	11.599999999999994	0.0
TMT	directlfq__deqms|bh|median|impseqrob|fc0.5|a0.05|none|k2	directlfq	median	impseqrob	deqms	0.5	bh	3	3	1.0	0	0.0	134.6	138.99999999999997	63.49999999999997	0.0
TMT	top3__deqms|bh|none|impseqrob|fc0.5|a0.05|none|k2	top3	none	impseqrob	deqms	0.5	bh	3	3	1.0	0	0.0	136.4	153.3	63.55000000000001	0.0
TMT	sum__limma|bh|none|minprob|fc0.5|a0.05|none|k2	sum	none	minprob	limma	0.5	bh	3	3	1.0	0	0.0	137.0	165.46666666666667	57.599999999999994	0.0
TMT	directlfq__rots|bh|median|knn|fc0.5|a0.05|none|k2	directlfq	median	knn	rots	0.5	bh	3	3	1.0	0	0.0	137.1	147.43333333333334	16.900000000000034	0.0
TMT	directlfq__limrots|bh|median|mindet|fc0.5|a0.05|none|k2	directlfq	median	mindet	limrots	0.5	bh	3	3	1.0	0	0.0	137.5	140.83333333333334	11.600000000000023	0.0
TMT	directlfq__rots|bh|median|mindet|fc0.5|a0.05|none|k2	directlfq	median	mindet	rots	0.5	bh	3	3	1.0	0	0.0	137.7	147.63333333333333	16.900000000000006	0.0
TMT	top3__limma|bh|none|impseq|fc0.5|a0.05|none|k2	top3	none	impseq	limma	0.5	bh	3	3	1.0	0	0.0	139.3	166.66666666666666	61.75	0.0
TMT	pibaq__deqms|bh|none|seqknn|fc0.5|a0.05|none|k2	pibaq	none	seqknn	deqms	0.5	bh	3	3	1.0	0	0.0	139.4	110.10000000000001	70.95	0.0
TMT	top3__limma|bh|none|impseqrob|fc0.5|a0.05|none|k2	top3	none	impseqrob	limma	0.5	bh	3	3	1.0	0	0.0	139.7	171.73333333333335	54.349999999999966	0.0
TMT	top3__limma|bh|none|knn|fc0.5|a0.05|none|k2	top3	none	knn	limma	0.5	bh	3	3	1.0	0	0.0	140.6	144.23333333333332	96.05	0.0
TMT	directlfq__rots|bh|median|seqknn|fc0.5|a0.05|none|k2	directlfq	median	seqknn	rots	0.5	bh	3	3	1.0	0	0.0	140.8	148.66666666666666	16.900000000000006	0.0
TMT	top3__limma|bh|none|seqknn|fc0.5|a0.05|none|k2	top3	none	seqknn	limma	0.5	bh	3	3	1.0	0	0.0	141.2	145.16666666666666	94.94999999999999	0.0
TMT	maxlfq__deqms|bh|median|knn|fc0.5|a0.05|none|k2	maxlfq	median	knn	deqms	0.5	bh	3	3	1.0	0	0.0	144.0	166.16666666666666	74.75	0.0
TMT	sum__deqms|bh|none|minprob|fc0.5|a0.05|none|k2	sum	none	minprob	deqms	0.5	bh	3	3	1.0	0	0.0	144.2	147.63333333333333	66.35	0.0
TMT	top3__limma|bh|none|minprob|fc0.5|a0.05|none|k2	top3	none	minprob	limma	0.5	bh	3	3	1.0	0	0.0	144.2	169.1	60.54999999999998	0.0
TMT	pibaq__deqms|bh|none|impseqrob|fc0.5|a0.05|none|k2	pibaq	none	impseqrob	deqms	0.5	bh	3	3	1.0	0	0.0	144.4	126.26666666666667	94.4	0.0
TMT	pibaq__deqms|bh|none|impseq|fc0.5|a0.05|none|k2	pibaq	none	impseq	deqms	0.5	bh	3	3	1.0	0	0.0	144.6	123.59999999999998	90.09999999999998	0.0
TMT	sum__limma|bh|none|impseq|fc0.5|a0.05|none|k2	sum	none	impseq	limma	0.5	bh	3	3	1.0	0	0.0	145.0	167.3	58.849999999999994	0.0
TMT	pibaq__deqms|bh|none|mindet|fc0.5|a0.05|none|k2	pibaq	none	mindet	deqms	0.5	bh	3	3	1.0	0	0.0	145.2	109.59999999999998	61.2	0.0
TMT	pibaq__deqms|bh|none|knn|fc0.5|a0.05|none|k2	pibaq	none	knn	deqms	0.5	bh	3	3	1.0	0	0.0	145.4	111.46666666666665	70.4	0.0
TMT	directlfq__rots|bh|median|minprob|fc0.5|a0.05|none|k2	directlfq	median	minprob	rots	0.5	bh	3	3	1.0	0	0.0	145.6	150.26666666666668	16.900000000000034	0.0
TMT	directlfq__limma|bh|median|impseq|fc0.5|a0.05|none|k2	directlfq	median	impseq	limma	0.5	bh	3	3	1.0	0	0.0	146.4	132.26666666666668	53.7	0.0
TMT	pibaq__deqms|bh|none|none|fc0.5|a0.05|none|k2	pibaq	none	none	deqms	0.5	bh	3	3	1.0	0	0.0	146.8	124.0	89.99999999999999	0.0
TMT	top3__limma|bh|none|mindet|fc0.5|a0.05|none|k2	top3	none	mindet	limma	0.5	bh	3	3	1.0	0	0.0	146.8	153.9	84.64999999999998	0.0
TMT	sum__deqms|bh|none|impseq|fc0.5|a0.05|none|k2	sum	none	impseq	deqms	0.5	bh	3	3	1.0	0	0.0	147.6	148.63333333333333	66.54999999999998	0.0
TMT	maxlfq__limma|bh|median|knn|fc0.5|a0.05|none|k2	maxlfq	median	knn	limma	0.5	bh	3	3	1.0	0	0.0	147.8	172.1	44.349999999999966	0.0
TMT	maxlfq__limrots|bh|none|knn|fc0.5|a0.05|none|k2	maxlfq	none	knn	limrots	0.5	bh	3	3	1.0	0	0.0	147.9	158.8	23.05000000000001	0.0
TMT	top3__limma|bh|none|none|fc0.5|a0.05|none|k2	top3	none	none	limma	0.5	bh	3	3	1.0	0	0.0	148.6	152.76666666666665	87.25	0.0
TMT	sum__limma|bh|none|impseqrob|fc0.5|a0.05|none|k2	sum	none	impseqrob	limma	0.5	bh	3	3	1.0	0	0.0	149.0	168.70000000000002	58.75	0.0
TMT	directlfq__limma|bh|median|impseqrob|fc0.5|a0.05|none|k2	directlfq	median	impseqrob	limma	0.5	bh	3	3	1.0	0	0.0	149.4	133.26666666666668	53.7	0.0
TMT	directlfq__limrots|bh|median|minprob|fc0.5|a0.05|none|k2	directlfq	median	minprob	limrots	0.5	bh	3	3	1.0	0	0.0	150.5	145.16666666666666	11.600000000000023	0.0
TMT	pibaq__limma|bh|median|mindet|fc0.5|a0.05|none|k2	pibaq	median	mindet	limma	0.5	bh	3	3	1.0	0	0.0	151.0	115.06666666666666	82.7	0.0
TMT	maxlfq__rots|bh|none|seqknn|fc0.5|a0.05|none|k2	maxlfq	none	seqknn	rots	0.5	bh	3	3	1.0	0	0.0	151.8	147.60000000000002	32.599999999999966	0.0
TMT	top3__limma|bh|none|qrilc|fc0.5|a0.05|none|k2	top3	none	qrilc	limma	0.5	bh	3	3	1.0	0	0.0	151.8	181.0666666666667	46.39999999999998	0.0
TMT	sum__deqms|bh|none|impseqrob|fc0.5|a0.05|none|k2	sum	none	impseqrob	deqms	0.5	bh	3	3	1.0	0	0.0	152.4	150.43333333333334	66.25	0.0
TMT	directlfq__limrots|bh|median|impseq|fc0.5|a0.05|none|k2	directlfq	median	impseq	limrots	0.5	bh	3	3	1.0	0	0.0	154.1	147.39999999999998	13.149999999999977	0.0
TMT	directlfq__limrots|bh|median|impseqrob|fc0.5|a0.05|none|k2	directlfq	median	impseqrob	limrots	0.5	bh	3	3	1.0	0	0.0	154.1	148.13333333333333	14.25	0.0
TMT	directlfq__limrots|bh|median|none|fc0.5|a0.05|none|k2	directlfq	median	none	limrots	0.5	bh	3	3	1.0	0	0.0	154.1	153.26666666666665	21.94999999999999	0.0
TMT	directlfq__limrots|bh|median|qrilc|fc0.5|a0.05|none|k2	directlfq	median	qrilc	limrots	0.5	bh	3	3	1.0	0	0.0	154.1	161.39999999999998	34.14999999999998	0.0
TMT	maxlfq__deqms|bh|median|seqknn|fc0.5|a0.05|none|k2	maxlfq	median	seqknn	deqms	0.5	bh	3	3	1.0	0	0.0	156.0	169.96666666666667	74.44999999999999	0.0
TMT	maxlfq__limrots|bh|none|seqknn|fc0.5|a0.05|none|k2	maxlfq	none	seqknn	limrots	0.5	bh	3	3	1.0	0	0.0	157.0	163.93333333333334	19.900000000000006	0.0
TMT	maxlfq__limma|bh|median|seqknn|fc0.5|a0.05|none|k2	maxlfq	median	seqknn	limma	0.5	bh	3	3	1.0	0	0.0	158.0	175.29999999999998	44.05000000000001	0.0
TMT	maxlfq__rots|bh|none|knn|fc0.5|a0.05|none|k2	maxlfq	none	knn	rots	0.5	bh	3	3	1.0	0	0.0	158.8	163.43333333333337	12.349999999999966	0.0
TMT	sum__deqms|bh|median|seqknn|fc0.5|a0.05|none|k2	sum	median	seqknn	deqms	0.5	bh	3	3	1.0	0	0.0	158.9	175.83333333333334	67.69999999999999	0.0
TMT	sum__deqms|bh|median|knn|fc0.5|a0.05|none|k2	sum	median	knn	deqms	0.5	bh	3	3	1.0	0	0.0	158.9	175.96666666666667	67.9	0.0
TMT	sum__deqms|bh|median|mindet|fc0.5|a0.05|none|k2	sum	median	mindet	deqms	0.5	bh	3	3	1.0	0	0.0	158.9	181.76666666666668	63.39999999999998	0.0
TMT	sum__deqms|bh|median|none|fc0.5|a0.05|none|k2	sum	median	none	deqms	0.5	bh	3	3	1.0	0	0.0	158.9	184.76666666666665	54.70000000000002	0.0
TMT	top3__deqms|bh|median|knn|fc0.5|a0.05|none|k2	top3	median	knn	deqms	0.5	bh	3	3	1.0	0	0.0	160.1	157.63333333333333	78.19999999999999	0.0
TMT	top3__deqms|bh|median|seqknn|fc0.5|a0.05|none|k2	top3	median	seqknn	deqms	0.5	bh	3	3	1.0	0	0.0	160.1	160.5666666666667	75.20000000000002	0.0
TMT	top3__deqms|bh|median|none|fc0.5|a0.05|none|k2	top3	median	none	deqms	0.5	bh	3	3	1.0	0	0.0	160.1	161.16666666666666	73.1	0.0
TMT	top3__deqms|bh|median|mindet|fc0.5|a0.05|none|k2	top3	median	mindet	deqms	0.5	bh	3	3	1.0	0	0.0	160.1	169.29999999999998	65.5	0.0
TMT	top3__deqms|bh|median|minprob|fc0.5|a0.05|none|k2	top3	median	minprob	deqms	0.5	bh	3	3	1.0	0	0.0	160.1	176.23333333333335	52.5	0.0
TMT	pibaq__deqms|bh|median|mindet|fc0.5|a0.05|none|k2	pibaq	median	mindet	deqms	0.5	bh	3	3	1.0	0	0.0	160.2	141.93333333333334	98.2	0.0
TMT	pibaq__rots|bh|none|seqknn|fc0.5|a0.05|none|k2	pibaq	none	seqknn	rots	0.5	bh	3	3	1.0	0	0.0	162.8	153.20000000000002	46.099999999999994	0.0
TMT	directlfq__deqms|bh|median|qrilc|fc0.5|a0.05|none|k2	directlfq	median	qrilc	deqms	0.5	bh	3	3	1.0	0	0.0	165.4	149.26666666666668	63.5	0.0
TMT	directlfq__limma|bh|median|qrilc|fc0.5|a0.05|none|k2	directlfq	median	qrilc	limma	0.5	bh	3	3	1.0	0	0.0	167.2	139.20000000000002	53.70000000000002	0.0
TMT	directlfq__rots|bh|median|impseq|fc0.5|a0.05|none|k2	directlfq	median	impseq	rots	0.5	bh	3	3	1.0	0	0.0	167.2	157.46666666666667	16.900000000000006	0.0
TMT	maxlfq__deqms|bh|median|none|fc0.5|a0.05|none|k2	maxlfq	median	none	deqms	0.5	bh	3	3	1.0	0	0.0	167.4	173.63333333333333	74.25	0.0
TMT	pibaq__rots|bh|none|impseq|fc0.5|a0.05|none|k2	pibaq	none	impseq	rots	0.5	bh	3	3	1.0	0	0.0	167.9	160.20000000000002	54.05000000000001	0.0
TMT	pibaq__limma|bh|median|knn|fc0.5|a0.05|none|k2	pibaq	median	knn	limma	0.5	bh	3	3	1.0	0	0.0	168.6	120.86666666666667	80.4	0.0
TMT	maxlfq__limrots|bh|none|impseqrob|fc0.5|a0.05|none|k2	maxlfq	none	impseqrob	limrots	0.5	bh	3	3	1.0	0	0.0	168.6	167.36666666666665	20.55000000000001	0.0
TMT	directlfq__rots|bh|median|impseqrob|fc0.5|a0.05|none|k2	directlfq	median	impseqrob	rots	0.5	bh	3	3	1.0	0	0.0	169.5	159.2	18.349999999999994	0.0
TMT	directlfq__rots|bh|median|qrilc|fc0.5|a0.05|none|k2	directlfq	median	qrilc	rots	0.5	bh	3	3	1.0	0	0.0	169.5	165.0	27.05000000000001	0.0
TMT	directlfq__rots|bh|median|none|fc0.5|a0.05|none|k2	directlfq	median	none	rots	0.5	bh	3	3	1.0	0	0.0	169.5	166.79999999999998	29.75	0.0
TMT	pibaq__rots|bh|none|mindet|fc0.5|a0.05|none|k2	pibaq	none	mindet	rots	0.5	bh	3	3	1.0	0	0.0	170.3	156.03333333333333	46.599999999999994	0.0
TMT	pibaq__rots|bh|none|impseqrob|fc0.5|a0.05|none|k2	pibaq	none	impseqrob	rots	0.5	bh	3	3	1.0	0	0.0	170.3	175.0666666666667	75.14999999999998	0.0
TMT	pibaq__rots|bh|none|none|fc0.5|a0.05|none|k2	pibaq	none	none	rots	0.5	bh	3	3	1.0	0	0.0	170.3	194.73333333333335	104.65	0.0
TMT	maxlfq__limrots|bh|none|impseq|fc0.5|a0.05|none|k2	maxlfq	none	impseq	limrots	0.5	bh	3	3	1.0	0	0.0	170.4	168.03333333333333	20.450000000000017	0.0
TMT	pibaq__deqms|bh|median|knn|fc0.5|a0.05|none|k2	pibaq	median	knn	deqms	0.5	bh	3	3	1.0	0	0.0	170.8	143.53333333333333	99.1	0.0
TMT	pibaq__rots|bh|none|knn|fc0.5|a0.05|none|k2	pibaq	none	knn	rots	0.5	bh	3	3	1.0	0	0.0	170.8	155.6	45.69999999999999	0.0
TMT	top3__deqms|bh|median|impseq|fc0.5|a0.05|none|k2	top3	median	impseq	deqms	0.5	bh	3	3	1.0	0	0.0	171.6	187.79999999999998	35.79999999999998	0.0
TMT	pibaq__limma|bh|median|minprob|fc0.5|a0.05|none|k2	pibaq	median	minprob	limma	0.5	bh	3	3	1.0	0	0.0	173.0	124.60000000000001	78.20000000000002	0.0
TMT	pibaq__limma|bh|median|seqknn|fc0.5|a0.05|none|k2	pibaq	median	seqknn	limma	0.5	bh	3	3	1.0	0	0.0	174.3	122.03333333333335	82.1	0.0
TMT	maxlfq__limrots|bh|none|mindet|fc0.5|a0.05|none|k2	maxlfq	none	mindet	limrots	0.5	bh	3	3	1.0	0	0.0	174.4	169.70000000000002	19.950000000000017	0.0
TMT	pibaq__deqms|bh|median|seqknn|fc0.5|a0.05|none|k2	pibaq	median	seqknn	deqms	0.5	bh	3	3	1.0	0	0.0	175.1	143.76666666666668	101.3	0.0
TMT	maxlfq__limma|bh|median|none|fc0.5|a0.05|none|k2	maxlfq	median	none	limma	0.5	bh	3	3	1.0	0	0.0	175.6	180.56666666666663	43.14999999999998	0.0
TMT	top3__deqms|bh|none|qrilc|fc0.5|a0.05|none|k2	top3	none	qrilc	deqms	0.5	bh	3	3	1.0	0	0.0	176.4	167.96666666666667	61.55000000000001	0.0
TMT	maxlfq__rots|bh|none|impseq|fc0.5|a0.05|none|k2	maxlfq	none	impseq	rots	0.5	bh	3	3	1.0	0	0.0	178.1	170.83333333333334	14.400000000000006	0.0
TMT	maxlfq__rots|bh|none|mindet|fc0.5|a0.05|none|k2	maxlfq	none	mindet	rots	0.5	bh	3	3	1.0	0	0.0	178.1	173.03333333333333	17.5	0.0
TMT	maxlfq__rots|bh|none|impseqrob|fc0.5|a0.05|none|k2	maxlfq	none	impseqrob	rots	0.5	bh	3	3	1.0	0	0.0	178.1	174.03333333333333	19.19999999999999	0.0
TMT	sum__limma|bh|none|qrilc|fc0.5|a0.05|none|k2	sum	none	qrilc	limma	0.5	bh	3	3	1.0	0	0.0	178.1	183.86666666666665	50.55000000000001	0.0
TMT	maxlfq__rots|bh|none|minprob|fc0.5|a0.05|none|k2	maxlfq	none	minprob	rots	0.5	bh	3	3	1.0	0	0.0	178.1	188.23333333333335	39.70000000000002	0.0
TMT	maxlfq__rots|bh|none|qrilc|fc0.5|a0.05|none|k2	maxlfq	none	qrilc	rots	0.5	bh	3	3	1.0	0	0.0	178.1	192.33333333333334	44.150000000000006	0.0
TMT	maxlfq__rots|bh|none|none|fc0.5|a0.05|none|k2	maxlfq	none	none	rots	0.5	bh	3	3	1.0	0	0.0	178.1	203.16666666666666	60.400000000000034	0.0
TMT	sum__limma|bh|median|knn|fc0.5|a0.05|none|k2	sum	median	knn	limma	0.5	bh	3	3	1.0	0	0.0	178.5	172.20000000000002	76.35	0.0
TMT	sum__limma|bh|median|mindet|fc0.5|a0.05|none|k2	sum	median	mindet	limma	0.5	bh	3	3	1.0	0	0.0	178.5	176.5666666666667	73.79999999999998	0.0
TMT	top3__rots|bh|none|impseqrob|fc0.5|a0.05|none|k2	top3	none	impseqrob	rots	0.5	bh	3	3	1.0	0	0.0	178.5	177.73333333333335	86.35	0.0
TMT	sum__limma|bh|median|seqknn|fc0.5|a0.05|none|k2	sum	median	seqknn	limma	0.5	bh	3	3	1.0	0	0.0	178.5	179.9333333333333	65.54999999999998	0.0
TMT	sum__limma|bh|median|none|fc0.5|a0.05|none|k2	sum	median	none	limma	0.5	bh	3	3	1.0	0	0.0	178.5	182.63333333333333	56.30000000000001	0.0
TMT	sum__limma|bh|median|minprob|fc0.5|a0.05|none|k2	sum	median	minprob	limma	0.5	bh	3	3	1.0	0	0.0	178.5	199.4333333333333	37.70000000000002	0.0
TMT	pibaq__limma|bh|median|none|fc0.5|a0.05|none|k2	pibaq	median	none	limma	0.5	bh	3	3	1.0	0	0.0	178.8	133.6	95.80000000000001	0.0
TMT	pibaq__limma|bh|median|qrilc|fc0.5|a0.05|none|k2	pibaq	median	qrilc	limma	0.5	bh	3	3	1.0	0	0.0	179.2	132.36666666666667	84.95000000000002	0.0
TMT	pibaq__limma|bh|median|impseqrob|fc0.5|a0.05|none|k2	pibaq	median	impseqrob	limma	0.5	bh	3	3	1.0	0	0.0	179.4	140.13333333333335	104.7	0.0
TMT	pibaq__rots|bh|none|minprob|fc0.5|a0.05|none|k2	pibaq	none	minprob	rots	0.5	bh	3	3	1.0	0	0.0	179.6	159.1	46.55000000000001	0.0
TMT	pibaq__limma|bh|median|impseq|fc0.5|a0.05|none|k2	pibaq	median	impseq	limma	0.5	bh	3	3	1.0	0	0.0	180.0	137.93333333333334	101.70000000000002	0.0
TMT	pibaq__rots|bh|none|qrilc|fc0.5|a0.05|none|k2	pibaq	none	qrilc	rots	0.5	bh	3	3	1.0	0	0.0	180.4	163.9	53.349999999999994	0.0
TMT	top3__deqms|bh|median|impseqrob|fc0.5|a0.05|none|k2	top3	median	impseqrob	deqms	0.5	bh	3	3	1.0	0	0.0	181.8	191.33333333333334	36.0	0.0
TMT	pibaq__deqms|bh|median|minprob|fc0.5|a0.05|none|k2	pibaq	median	minprob	deqms	0.5	bh	3	3	1.0	0	0.0	183.5	150.9	95.2	0.0
TMT	maxlfq__limma|bh|median|mindet|fc0.5|a0.05|none|k2	maxlfq	median	mindet	limma	0.5	bh	3	3	1.0	0	0.0	185.0	183.9	43.45000000000002	0.0
TMT	sum__limrots|bh|none|impseq|fc0.5|a0.05|none|k2	sum	none	impseq	limrots	0.5	bh	3	3	1.0	0	0.0	185.2	191.4333333333333	77.95000000000002	0.0
TMT	sum__limrots|bh|none|impseqrob|fc0.5|a0.05|none|k2	sum	none	impseqrob	limrots	0.5	bh	3	3	1.0	0	0.0	185.4	193.23333333333335	75.35	0.0
TMT	sum__limrots|bh|none|seqknn|fc0.5|a0.05|none|k2	sum	none	seqknn	limrots	0.5	bh	3	3	1.0	0	0.0	186.6	167.9	113.95000000000002	0.0
TMT	sum__limrots|bh|none|knn|fc0.5|a0.05|none|k2	sum	none	knn	limrots	0.5	bh	3	3	1.0	0	0.0	186.6	170.03333333333333	110.75000000000001	0.0
TMT	top3__limma|bh|median|none|fc0.5|a0.05|none|k2	top3	median	none	limma	0.5	bh	3	3	1.0	0	0.0	187.3	169.3	79.89999999999998	0.0
TMT	top3__limma|bh|median|knn|fc0.5|a0.05|none|k2	top3	median	knn	limma	0.5	bh	3	3	1.0	0	0.0	187.3	171.0	84.65	0.0
TMT	top3__limma|bh|median|seqknn|fc0.5|a0.05|none|k2	top3	median	seqknn	limma	0.5	bh	3	3	1.0	0	0.0	187.3	172.66666666666666	82.94999999999999	0.0
TMT	top3__limma|bh|median|mindet|fc0.5|a0.05|none|k2	top3	median	mindet	limma	0.5	bh	3	3	1.0	0	0.0	187.3	176.70000000000002	80.19999999999999	0.0
TMT	maxlfq__limrots|bh|none|none|fc0.5|a0.05|none|k2	maxlfq	none	none	limrots	0.5	bh	3	3	1.0	0	0.0	187.3	180.23333333333335	31.700000000000017	0.0
TMT	top3__limma|bh|median|minprob|fc0.5|a0.05|none|k2	top3	median	minprob	limma	0.5	bh	3	3	1.0	0	0.0	187.3	187.23333333333335	62.20000000000002	0.0
TMT	maxlfq__limrots|bh|none|minprob|fc0.5|a0.05|none|k2	maxlfq	none	minprob	limrots	0.5	bh	3	3	1.0	0	0.0	187.3	191.63333333333335	46.60000000000002	0.0
TMT	top3__limma|bh|median|impseq|fc0.5|a0.05|none|k2	top3	median	impseq	limma	0.5	bh	3	3	1.0	0	0.0	187.3	194.9333333333333	45.75	0.0
TMT	maxlfq__limrots|bh|none|qrilc|fc0.5|a0.05|none|k2	maxlfq	none	qrilc	limrots	0.5	bh	3	3	1.0	0	0.0	187.3	196.5	51.900000000000006	0.0
TMT	top3__limma|bh|median|qrilc|fc0.5|a0.05|none|k2	top3	median	qrilc	limma	0.5	bh	3	3	1.0	0	0.0	187.3	197.4	46.95000000000002	0.0
TMT	top3__limma|bh|median|impseqrob|fc0.5|a0.05|none|k2	top3	median	impseqrob	limma	0.5	bh	3	3	1.0	0	0.0	187.3	200.80000000000004	37.35000000000002	0.0
TMT	sum__limrots|bh|none|none|fc0.5|a0.05|none|k2	sum	none	none	limrots	0.5	bh	3	3	1.0	0	0.0	187.4	210.16666666666666	50.94999999999999	0.0
TMT	maxlfq__deqms|bh|median|mindet|fc0.5|a0.05|none|k2	maxlfq	median	mindet	deqms	0.5	bh	3	3	1.0	0	0.0	188.2	181.5	75.65	0.0
TMT	pibaq__limrots|bh|none|qrilc|fc0.5|a0.05|none|k2	pibaq	none	qrilc	limrots	0.5	bh	3	3	1.0	0	0.0	188.4	169.83333333333334	61.75000000000003	0.0
TMT	sum__limrots|bh|none|mindet|fc0.5|a0.05|none|k2	sum	none	mindet	limrots	0.5	bh	3	3	1.0	0	0.0	189.2	192.1	78.95000000000002	0.0
TMT	top3__deqms|bh|median|qrilc|fc0.5|a0.05|none|k2	top3	median	qrilc	deqms	0.5	bh	3	3	1.0	0	0.0	190.2	196.4333333333333	39.45000000000002	0.0
TMT	pibaq__limrots|bh|none|seqknn|fc0.5|a0.05|none|k2	pibaq	none	seqknn	limrots	0.5	bh	3	3	1.0	0	0.0	190.3	160.00000000000003	47.94999999999999	0.0
TMT	maxlfq__rots|bh|median|seqknn|fc0.5|a0.05|none|k2	maxlfq	median	seqknn	rots	0.5	bh	3	3	1.0	0	0.0	190.5	188.6	19.650000000000006	0.0
TMT	maxlfq__rots|bh|median|knn|fc0.5|a0.05|none|k2	maxlfq	median	knn	rots	0.5	bh	3	3	1.0	0	0.0	190.5	191.0	16.44999999999999	0.0
TMT	pibaq__limrots|bh|none|minprob|fc0.5|a0.05|none|k2	pibaq	none	minprob	limrots	0.5	bh	3	3	1.0	0	0.0	191.4	160.76666666666665	49.650000000000006	0.0
TMT	sum__deqms|bh|median|minprob|fc0.5|a0.05|none|k2	sum	median	minprob	deqms	0.5	bh	3	3	1.0	0	0.0	192.6	201.83333333333334	47.55000000000001	0.0
TMT	sum__rots|bh|none|impseq|fc0.5|a0.05|none|k2	sum	none	impseq	rots	0.5	bh	3	3	1.0	0	0.0	194.1	196.6	61.05000000000001	0.0
TMT	maxlfq__rots|bh|median|impseq|fc0.5|a0.05|none|k2	maxlfq	median	impseq	rots	0.5	bh	3	3	1.0	0	0.0	194.2	197.0666666666667	8.0	0.0
TMT	sum__rots|bh|none|impseqrob|fc0.5|a0.05|none|k2	sum	none	impseqrob	rots	0.5	bh	3	3	1.0	0	0.0	194.5	198.0	59.14999999999998	0.0
TMT	pibaq__limrots|bh|none|knn|fc0.5|a0.05|none|k2	pibaq	none	knn	limrots	0.5	bh	3	3	1.0	0	0.0	194.6	163.43333333333334	51.150000000000006	0.0
TMT	pibaq__limrots|bh|none|mindet|fc0.5|a0.05|none|k2	pibaq	none	mindet	limrots	0.5	bh	3	3	1.0	0	0.0	195.4	169.26666666666665	60.400000000000006	0.0
TMT	pibaq__limrots|bh|none|impseq|fc0.5|a0.05|none|k2	pibaq	none	impseq	limrots	0.5	bh	3	3	1.0	0	0.0	195.6	183.5	78.74999999999997	0.0
TMT	pibaq__limrots|bh|none|none|fc0.5|a0.05|none|k2	pibaq	none	none	limrots	0.5	bh	3	3	1.0	0	0.0	195.8	197.0	98.6	0.0
TMT	sum__rots|bh|none|seqknn|fc0.5|a0.05|none|k2	sum	none	seqknn	rots	0.5	bh	3	3	1.0	0	0.0	196.1	168.73333333333332	103.85	0.0
TMT	sum__rots|bh|none|knn|fc0.5|a0.05|none|k2	sum	none	knn	rots	0.5	bh	3	3	1.0	0	0.0	196.7	170.0	102.24999999999999	0.0
TMT	pibaq__limrots|bh|none|impseqrob|fc0.5|a0.05|none|k2	pibaq	none	impseqrob	limrots	0.5	bh	3	3	1.0	0	0.0	196.8	174.16666666666666	64.55000000000001	0.0
TMT	maxlfq__limrots|bh|median|knn|fc0.5|a0.05|none|k2	maxlfq	median	knn	limrots	0.5	bh	3	3	1.0	0	0.0	197.1	184.29999999999998	22.100000000000023	0.0
TMT	maxlfq__limrots|bh|median|seqknn|fc0.5|a0.05|none|k2	maxlfq	median	seqknn	limrots	0.5	bh	3	3	1.0	0	0.0	197.1	186.29999999999998	17.299999999999983	0.0
TMT	maxlfq__limrots|bh|median|impseq|fc0.5|a0.05|none|k2	maxlfq	median	impseq	limrots	0.5	bh	3	3	1.0	0	0.0	197.1	194.0	6.449999999999989	0.0
TMT	sum__rots|bh|none|minprob|fc0.5|a0.05|none|k2	sum	none	minprob	rots	0.5	bh	3	3	1.0	0	0.0	197.1	205.33333333333334	49.44999999999999	0.0
TMT	sum__rots|bh|none|mindet|fc0.5|a0.05|none|k2	sum	none	mindet	rots	0.5	bh	3	3	1.0	0	0.0	198.3	179.33333333333334	89.04999999999998	0.0
TMT	sum__rots|bh|none|qrilc|fc0.5|a0.05|none|k2	sum	none	qrilc	rots	0.5	bh	3	3	1.0	0	0.0	198.3	212.46666666666667	39.349999999999994	0.0
TMT	sum__limrots|bh|none|qrilc|fc0.5|a0.05|none|k2	sum	none	qrilc	limrots	0.5	bh	3	3	1.0	0	0.0	198.8	218.13333333333333	44.70000000000002	0.0
TMT	top3__limrots|bh|none|mindet|fc0.5|a0.05|none|k2	top3	none	mindet	limrots	0.5	bh	3	3	1.0	0	0.0	199.0	191.9	95.35	0.0
TMT	top3__limrots|bh|none|impseq|fc0.5|a0.05|none|k2	top3	none	impseq	limrots	0.5	bh	3	3	1.0	0	0.0	199.2	192.46666666666667	94.6	0.0
TMT	maxlfq__limrots|bh|median|impseqrob|fc0.5|a0.05|none|k2	maxlfq	median	impseqrob	limrots	0.5	bh	3	3	1.0	0	0.0	199.3	199.93333333333337	3.150000000000034	0.0
TMT	maxlfq__limrots|bh|median|minprob|fc0.5|a0.05|none|k2	maxlfq	median	minprob	limrots	0.5	bh	3	3	1.0	0	0.0	199.4	213.63333333333333	23.650000000000006	0.0
TMT	top3__limrots|bh|none|impseqrob|fc0.5|a0.05|none|k2	top3	none	impseqrob	limrots	0.5	bh	3	3	1.0	0	0.0	199.6	197.76666666666665	86.84999999999997	0.0
TMT	top3__limrots|bh|none|none|fc0.5|a0.05|none|k2	top3	none	none	limrots	0.5	bh	3	3	1.0	0	0.0	199.6	225.76666666666665	44.849999999999966	0.0
TMT	top3__limrots|bh|none|knn|fc0.5|a0.05|none|k2	top3	none	knn	limrots	0.5	bh	3	3	1.0	0	0.0	200.0	178.5	115.94999999999999	0.0
TMT	maxlfq__limrots|bh|median|mindet|fc0.5|a0.05|none|k2	maxlfq	median	mindet	limrots	0.5	bh	3	3	1.0	0	0.0	200.0	199.29999999999998	1.8499999999999943	0.0
TMT	maxlfq__limrots|bh|median|qrilc|fc0.5|a0.05|none|k2	maxlfq	median	qrilc	limrots	0.5	bh	3	3	1.0	0	0.0	201.6	219.5666666666667	31.450000000000017	0.0
TMT	maxlfq__limrots|bh|median|none|fc0.5|a0.05|none|k2	maxlfq	median	none	limrots	0.5	bh	3	3	1.0	0	0.0	201.8	207.23333333333335	12.850000000000023	0.0
TMT	top3__limrots|bh|none|seqknn|fc0.5|a0.05|none|k2	top3	none	seqknn	limrots	0.5	bh	3	3	1.0	0	0.0	202.2	178.23333333333335	117.44999999999999	0.0
TMT	top3__limrots|bh|none|minprob|fc0.5|a0.05|none|k2	top3	none	minprob	limrots	0.5	bh	3	3	1.0	0	0.0	202.3	229.19999999999996	41.05000000000001	0.0
TMT	maxlfq__rots|bh|median|none|fc0.5|a0.05|none|k2	maxlfq	median	none	rots	0.5	bh	3	3	1.0	0	0.0	204.2	224.29999999999998	43.849999999999994	0.0
TMT	maxlfq__rots|bh|median|qrilc|fc0.5|a0.05|none|k2	maxlfq	median	qrilc	rots	0.5	bh	3	3	1.0	0	0.0	204.8	217.5	33.349999999999994	0.0
TMT	sum__deqms|bh|none|qrilc|fc0.5|a0.05|none|k2	sum	none	qrilc	deqms	0.5	bh	3	3	1.0	0	0.0	205.2	169.83333333333331	63.55000000000001	0.0
TMT	maxlfq__rots|bh|median|impseqrob|fc0.5|a0.05|none|k2	maxlfq	median	impseqrob	rots	0.5	bh	3	3	1.0	0	0.0	206.1	204.79999999999998	13.649999999999977	0.0
TMT	maxlfq__rots|bh|median|mindet|fc0.5|a0.05|none|k2	maxlfq	median	mindet	rots	0.5	bh	3	3	1.0	0	0.0	206.6	203.63333333333333	11.649999999999977	0.0
TMT	pibaq__deqms|bh|median|qrilc|fc0.5|a0.05|none|k2	pibaq	median	qrilc	deqms	0.5	bh	3	3	1.0	0	0.0	206.8	159.4	95.10000000000001	0.0
TMT	sum__limrots|bh|none|minprob|fc0.5|a0.05|none|k2	sum	none	minprob	limrots	0.5	bh	3	3	1.0	0	0.0	207.1	222.26666666666665	42.650000000000034	0.0
TMT	top3__rots|bh|none|impseq|fc0.5|a0.05|none|k2	top3	none	impseq	rots	0.5	bh	3	3	1.0	0	0.0	207.2	185.63333333333333	88.85	0.0
TMT	maxlfq__rots|bh|median|minprob|fc0.5|a0.05|none|k2	maxlfq	median	minprob	rots	0.5	bh	3	3	1.0	0	0.0	207.2	216.29999999999998	30.349999999999994	0.0
TMT	top3__limrots|bh|none|qrilc|fc0.5|a0.05|none|k2	top3	none	qrilc	limrots	0.5	bh	3	3	1.0	0	0.0	207.8	216.0666666666667	63.5	0.0
TMT	top3__rots|bh|none|knn|fc0.5|a0.05|none|k2	top3	none	knn	rots	0.5	bh	3	3	1.0	0	0.0	208.5	173.79999999999998	107.25	0.0
TMT	top3__rots|bh|none|seqknn|fc0.5|a0.05|none|k2	top3	none	seqknn	rots	0.5	bh	3	3	1.0	0	0.0	208.9	173.73333333333335	107.55000000000001	0.0
TMT	top3__rots|bh|none|minprob|fc0.5|a0.05|none|k2	top3	none	minprob	rots	0.5	bh	3	3	1.0	0	0.0	209.3	200.69999999999996	67.30000000000001	0.0
TMT	sum__deqms|bh|median|impseq|fc0.5|a0.05|none|k2	sum	median	impseq	deqms	0.5	bh	3	3	1.0	0	0.0	209.6	205.76666666666665	44.94999999999999	0.0
TMT	pibaq__deqms|bh|median|none|fc0.5|a0.05|none|k2	pibaq	median	none	deqms	0.5	bh	3	3	1.0	0	0.0	210.0	158.13333333333333	98.19999999999999	0.0
TMT	top3__rots|bh|none|mindet|fc0.5|a0.05|none|k2	top3	none	mindet	rots	0.5	bh	3	3	1.0	0	0.0	210.3	182.4666666666667	95.14999999999998	0.0
TMT	top3__rots|bh|none|qrilc|fc0.5|a0.05|none|k2	top3	none	qrilc	rots	0.5	bh	3	3	1.0	0	0.0	210.3	210.0	53.849999999999994	0.0
TMT	sum__limma|bh|median|qrilc|fc0.5|a0.05|none|k2	sum	median	qrilc	limma	0.5	bh	3	3	1.0	0	0.0	211.5	212.86666666666667	35.05000000000001	0.0
TMT	sum__limma|bh|median|impseq|fc0.5|a0.05|none|k2	sum	median	impseq	limma	0.5	bh	3	3	1.0	0	0.0	211.6	210.63333333333333	31.649999999999977	0.0
TMT	sum__limma|bh|median|impseqrob|fc0.5|a0.05|none|k2	sum	median	impseqrob	limma	0.5	bh	3	3	1.0	0	0.0	215.0	212.03333333333333	32.05000000000001	0.0
TMT	sum__limrots|bh|median|knn|fc0.5|a0.05|none|k2	sum	median	knn	limrots	0.5	bh	3	3	1.0	0	0.0	219.3	184.20000000000002	58.150000000000006	0.0
TMT	sum__limrots|bh|median|seqknn|fc0.5|a0.05|none|k2	sum	median	seqknn	limrots	0.5	bh	3	3	1.0	0	0.0	219.3	189.4333333333333	50.5	0.0
TMT	sum__limrots|bh|median|mindet|fc0.5|a0.05|none|k2	sum	median	mindet	limrots	0.5	bh	3	3	1.0	0	0.0	219.3	201.30000000000004	33.29999999999998	0.0
TMT	sum__limrots|bh|median|impseq|fc0.5|a0.05|none|k2	sum	median	impseq	limrots	0.5	bh	3	3	1.0	0	0.0	219.3	205.69999999999996	25.30000000000001	0.0
TMT	sum__limrots|bh|median|impseqrob|fc0.5|a0.05|none|k2	sum	median	impseqrob	limrots	0.5	bh	3	3	1.0	0	0.0	219.3	214.30000000000004	13.0	0.0
TMT	sum__limrots|bh|median|none|fc0.5|a0.05|none|k2	sum	median	none	limrots	0.5	bh	3	3	1.0	0	0.0	219.3	216.83333333333334	10.599999999999994	0.0
TMT	maxlfq__limma|bh|median|minprob|fc0.5|a0.05|none|k2	maxlfq	median	minprob	limma	0.5	bh	3	3	1.0	0	0.0	219.4	195.5666666666667	43.75	0.0
TMT	sum__deqms|bh|median|impseqrob|fc0.5|a0.05|none|k2	sum	median	impseqrob	deqms	0.5	bh	3	3	1.0	0	0.0	220.4	209.5	45.150000000000006	0.0
TMT	sum__rots|bh|median|knn|fc0.5|a0.05|none|k2	sum	median	knn	rots	0.5	bh	3	3	1.0	0	0.0	220.9	188.76666666666665	53.29999999999998	0.0
TMT	sum__rots|bh|median|seqknn|fc0.5|a0.05|none|k2	sum	median	seqknn	rots	0.5	bh	3	3	1.0	0	0.0	220.9	192.9	47.099999999999966	0.0
TMT	sum__rots|bh|median|mindet|fc0.5|a0.05|none|k2	sum	median	mindet	rots	0.5	bh	3	3	1.0	0	0.0	220.9	204.5	29.69999999999999	0.0
TMT	sum__rots|bh|median|impseqrob|fc0.5|a0.05|none|k2	sum	median	impseqrob	rots	0.5	bh	3	3	1.0	0	0.0	220.9	216.83333333333334	8.800000000000011	0.0
TMT	sum__rots|bh|median|impseq|fc0.5|a0.05|none|k2	sum	median	impseq	rots	0.5	bh	3	3	1.0	0	0.0	220.9	217.16666666666666	8.099999999999994	0.0
TMT	pibaq__deqms|bh|median|impseq|fc0.5|a0.05|none|k2	pibaq	median	impseq	deqms	0.5	bh	3	3	1.0	0	0.0	222.2	161.26666666666665	100.39999999999999	0.0
TMT	maxlfq__limma|bh|median|impseq|fc0.5|a0.05|none|k2	maxlfq	median	impseq	limma	0.5	bh	3	3	1.0	0	0.0	223.0	197.36666666666667	44.650000000000006	0.0
TMT	maxlfq__deqms|bh|median|impseq|fc0.5|a0.05|none|k2	maxlfq	median	impseq	deqms	0.5	bh	3	3	1.0	0	0.0	224.2	193.36666666666667	75.45000000000002	0.0
TMT	sum__limrots|bh|median|minprob|fc0.5|a0.05|none|k2	sum	median	minprob	limrots	0.5	bh	3	3	1.0	0	0.0	225.0	224.70000000000002	5.25	0.0
TMT	sum__rots|bh|median|qrilc|fc0.5|a0.05|none|k2	sum	median	qrilc	rots	0.5	bh	3	3	1.0	0	0.0	225.4	239.5	25.650000000000006	0.0
TMT	sum__rots|bh|median|minprob|fc0.5|a0.05|none|k2	sum	median	minprob	rots	0.5	bh	3	3	1.0	0	0.0	226.0	227.5666666666667	7.450000000000017	0.0
TMT	sum__rots|bh|median|none|fc0.5|a0.05|none|k2	sum	median	none	rots	0.5	bh	3	3	1.0	0	0.0	226.0	240.9	27.450000000000017	0.0
TMT	maxlfq__limma|bh|median|qrilc|fc0.5|a0.05|none|k2	maxlfq	median	qrilc	limma	0.5	bh	3	3	1.0	0	0.0	227.8	199.76666666666665	45.849999999999966	0.0
TMT	maxlfq__limma|bh|median|impseqrob|fc0.5|a0.05|none|k2	maxlfq	median	impseqrob	limma	0.5	bh	3	3	1.0	0	0.0	229.0	201.29999999999998	47.55000000000001	0.0
TMT	pibaq__deqms|bh|median|impseqrob|fc0.5|a0.05|none|k2	pibaq	median	impseqrob	deqms	0.5	bh	3	3	1.0	0	0.0	230.8	163.93333333333334	100.69999999999999	0.0
TMT	sum__limrots|bh|median|qrilc|fc0.5|a0.05|none|k2	sum	median	qrilc	limrots	0.5	bh	3	3	1.0	0	0.0	233.2	236.26666666666665	18.5	0.0
TMT	sum__deqms|bh|median|qrilc|fc0.5|a0.05|none|k2	sum	median	qrilc	deqms	0.5	bh	3	3	1.0	0	0.0	234.2	216.23333333333332	48.349999999999966	0.0
TMT	top3__limrots|bh|median|impseq|fc0.5|a0.05|none|k2	top3	median	impseq	limrots	0.5	bh	3	3	1.0	0	0.0	236.1	197.5333333333333	61.44999999999999	0.0
TMT	top3__limrots|bh|median|impseqrob|fc0.5|a0.05|none|k2	top3	median	impseqrob	limrots	0.5	bh	3	3	1.0	0	0.0	236.5	207.26666666666665	47.04999999999998	0.0
TMT	maxlfq__deqms|bh|median|impseqrob|fc0.5|a0.05|none|k2	maxlfq	median	impseqrob	deqms	0.5	bh	3	3	1.0	0	0.0	236.8	197.5	75.35	0.0
TMT	top3__limrots|bh|median|knn|fc0.5|a0.05|none|k2	top3	median	knn	limrots	0.5	bh	3	3	1.0	0	0.0	237.6	180.1	88.34999999999997	0.0
TMT	top3__limrots|bh|median|seqknn|fc0.5|a0.05|none|k2	top3	median	seqknn	limrots	0.5	bh	3	3	1.0	0	0.0	238.2	178.69999999999996	90.75	0.0
TMT	top3__limrots|bh|median|mindet|fc0.5|a0.05|none|k2	top3	median	mindet	limrots	0.5	bh	3	3	1.0	0	0.0	238.2	190.29999999999998	73.35	0.0
TMT	top3__limrots|bh|median|none|fc0.5|a0.05|none|k2	top3	median	none	limrots	0.5	bh	3	3	1.0	0	0.0	238.2	228.4333333333333	16.149999999999977	0.0
TMT	top3__limrots|bh|median|minprob|fc0.5|a0.05|none|k2	top3	median	minprob	limrots	0.5	bh	3	3	1.0	0	0.0	238.4	215.0333333333333	36.35000000000002	0.0
TMT	top3__rots|bh|median|impseq|fc0.5|a0.05|none|k2	top3	median	impseq	rots	0.5	bh	3	3	1.0	0	0.0	239.0	192.5	72.25	0.0
TMT	top3__rots|bh|median|impseqrob|fc0.5|a0.05|none|k2	top3	median	impseqrob	rots	0.5	bh	3	3	1.0	0	0.0	239.2	207.36666666666667	50.04999999999998	0.0
TMT	maxlfq__deqms|bh|median|minprob|fc0.5|a0.05|none|k2	maxlfq	median	minprob	deqms	0.5	bh	3	3	1.0	0	0.0	239.4	197.76666666666665	74.45000000000002	0.0
TMT	top3__limrots|bh|median|qrilc|fc0.5|a0.05|none|k2	top3	median	qrilc	limrots	0.5	bh	3	3	1.0	0	0.0	239.7	220.4333333333333	29.200000000000017	0.0
TMT	top3__rots|bh|median|seqknn|fc0.5|a0.05|none|k2	top3	median	seqknn	rots	0.5	bh	3	3	1.0	0	0.0	241.5	183.9333333333333	87.04999999999998	0.0
TMT	top3__rots|bh|median|knn|fc0.5|a0.05|none|k2	top3	median	knn	rots	0.5	bh	3	3	1.0	0	0.0	241.5	184.9	85.6	0.0
TMT	top3__rots|bh|median|minprob|fc0.5|a0.05|none|k2	top3	median	minprob	rots	0.5	bh	3	3	1.0	0	0.0	241.5	208.1	50.79999999999998	0.0
TMT	top3__rots|bh|median|mindet|fc0.5|a0.05|none|k2	top3	median	mindet	rots	0.5	bh	3	3	1.0	0	0.0	241.5	213.29999999999998	43.0	0.0
TMT	top3__rots|bh|median|qrilc|fc0.5|a0.05|none|k2	top3	median	qrilc	rots	0.5	bh	3	3	1.0	0	0.0	241.5	218.03333333333333	35.900000000000006	0.0
TMT	top3__rots|bh|median|none|fc0.5|a0.05|none|k2	top3	median	none	rots	0.5	bh	3	3	1.0	0	0.0	242.2	250.0333333333333	12.449999999999989	0.0
TMT	maxlfq__deqms|bh|median|qrilc|fc0.5|a0.05|none|k2	maxlfq	median	qrilc	deqms	0.5	bh	3	3	1.0	0	0.0	255.2	204.96666666666667	77.35	0.0
TMT	sum__rots|bh|none|none|fc0.5|a0.05|none|k2	sum	none	none	rots	0.5	bh	3	3	1.0	0	0.0	256.8	237.73333333333335	30.700000000000017	0.0
TMT	top3__rots|bh|none|none|fc0.5|a0.05|none|k2	top3	none	none	rots	0.5	bh	3	3	1.0	0	0.0	256.8	243.4	27.0	0.0
