ProteinName,DDAAPT-D5-1,DDAAPT-D6-1,DDAAPT-F7-1,DDAAPT-M8-1,DDAAPT-D5-2,DDAAPT-D6-2,DDAAPT-F7-2,DDAAPT-M8-2,DDAAPT-D5-3,DDAAPT-D6-3,DDAAPT-F7-3,DDAAPT-M8-3,DIAAPT-D5-1,DIAAPT-D6-1,DIAAPT-F7-1,DIAAPT-M8-1,DIAAPT-D5-2,DIAAPT-D6-2,DIAAPT-F7-2,DIAAPT-M8-2,DIAAPT-D5-3,DIAAPT-D6-3,DIAAPT-F7-3,DIAAPT-M8-3,DIABGI-D5-1,DIABGI-D6-1,DIABGI-F7-1,DIABGI-M8-1,DIABGI-D5-2,DIABGI-D6-2,DIABGI-F7-2,DIABGI-M8-2,DIABGI-D5-3,DIABGI-D6-3,DIABGI-F7-3,DIABGI-M8-3,DDAFDU-D5-1,DDAFDU-D6-1,DDAFDU-F7-1,DDAFDU-M8-1,DDAFDU-D5-2,DDAFDU-D6-2,DDAFDU-F7-2,DDAFDU-M8-2,DDAFDU-D5-3,DDAFDU-D6-3,DDAFDU-F7-3,DDAFDU-M8-3,DIAFDU-D5-1,DIAFDU-D6-1,DIAFDU-F7-1,DIAFDU-M8-1,DIAFDU-D5-2,DIAFDU-D6-2,DIAFDU-F7-2,DIAFDU-M8-2,DIAFDU-D5-3,DIAFDU-D6-3,DIAFDU-F7-3,DIAFDU-M8-3,DDANVG-D5-1,DDANVG-D6-1,DDANVG-F7-1,DDANVG-M8-1,DDANVG-D5-2,DDANVG-D6-2,DDANVG-F7-2,DDANVG-M8-2,DDANVG-D5-3,DDANVG-D6-3,DDANVG-F7-3,DDANVG-M8-3
A0A024R210,32.66795411911747,32.396952389347845,32.16456025920317,33.605597046069576,33.121963056018146,32.720271482728094,32.41462635169265,33.504734669875745,33.27305412145439,32.732277687345906,32.656981503788,33.61238942567181,33.07301972140362,32.746070298197125,32.65753681416388,33.702610667832815,33.13752414740181,32.56159731699168,32.442098439743965,33.36857103771901,33.024701486986466,32.68952152120728,32.60181439626615,33.73491143538094,33.007398226420726,32.677254244548564,32.30442412892134,33.59864086766229,33.21863806661237,32.73539258140196,32.64060386639779,33.59392293623074,33.197050283624094,32.75154675499579,32.58848682901034,33.618101429298235,32.6949845446582,32.72635616632801,32.73098225816945,33.372719002232124,32.98599821354143,32.59280003612825,32.1082353705501,33.65717327075021,33.43159586897804,32.518806370818226,32.73316933277454,33.40916969685681,33.20162844798721,32.541649953533415,32.702305576975306,33.59606448226271,33.33492037499609,32.47251227248649,32.567632196021776,33.46444895519527,33.201246433716605,32.6054727263166,32.509626661976014,33.73890270529303,33.03869555353705,32.593475722902305,32.524614977750375,33.38675100048853,33.21346525948491,32.66307819304364,32.6482173411221,33.73029982716142,32.9601117628406,32.604301539432896,31.97602642123135,33.380593201384066
A0A7R8C2E8,32.586403501592514,32.419140636253,32.42599282607234,32.9898074687564,32.04472623791662,32.52603825967211,33.08041239340312,32.62552193465892,32.2812472298939,32.228565885241,32.89866168783466,32.48399141171858,32.496929519577435,32.79494344944901,32.91520558766565,33.02037757047263,32.592778795309904,32.68310758276138,32.681905707876616,32.87004772784767,32.49159803496685,30.94298405026497,32.42082369614924,32.71556126571098,31.084391444223616,32.87677004094528,32.890696079719454,32.08291410983388,32.66117087933798,31.874992081718883,32.95238690973615,32.97305853153705,31.69473017371353,32.8857905279919,32.94022568032464,32.971833381796245,32.74108317374426,33.11414442446544,33.21941089931061,31.93580210845268,32.24374181818225,33.16886103843683,33.0412680384091,32.177097974923726,31.533237006596803,31.612322483036536,32.37980265537412,32.85428475476316,32.27349380134261,32.540267488810585,32.83276495373683,32.91081160047907,32.23174208710496,32.75253921925465,32.679813261521055,32.98383363198852,32.20222469817011,32.47032779265465,32.69382319997206,31.80938679821979,32.4840469322076,32.55615007376093,32.64033307312855,32.7574354627355,32.36748526673277,32.237735677089255,32.6413398370748,32.9606303671233,32.412220804546486,32.222653716764285,32.441556451344496,32.892018614830214
A6NDG6,30.912338953604024,30.89766387152449,30.816297889295463,30.82513775501391,30.91549098859664,30.36927890564209,29.268575986785116,30.73498657779973,30.64147119215184,30.94393891565809,30.454625386611973,30.608701566027065,30.64913895847565,31.008380170861955,30.633112190602063,30.69421379733794,30.54963989890817,30.54574759163165,30.272803511516454,30.65719296185179,30.64315259335414,30.55894084466522,30.44161411852214,30.59039943189737,31.259465480128195,30.82322054092606,30.16520676521792,30.51171895227527,30.529135467918152,30.90630162776074,30.343185117549563,30.26492060039571,29.709665451978864,31.369828907745845,30.625147871925662,30.608848108638178,30.119329866819168,30.987837423300004,31.27863448305592,30.37238029683026,29.6530921198787,30.238404070227528,30.77132400340917,30.9096166882298,30.67582067526041,30.75291746404664,30.985114816178868,30.6734730500771,30.873628103579257,30.11621467292104,30.48345647606724,30.285096987799744,29.947741385174066,30.107481077366405,30.76349558238805,30.634491092052,31.09827558555689,30.04340837188789,30.915312276990065,31.250043527460186,30.60103933737282,30.161936017887204,30.1994491604346,30.497996284324305,30.704940058082983,30.39889147220939,30.96960689133481,30.29141962057075,31.160095164930038,30.703591740480206,30.61933072406222,30.59644449207467
A8K2L4,31.072160755158425,31.966985039811643,31.315629971621973,31.885882259468787,30.94277407013964,31.95618428974141,31.49478253419504,31.992244885050564,31.21129055125947,31.543116814668014,31.106982369017008,31.44902202620525,31.47590197663124,32.08648329286497,31.756534484647705,31.742967964734824,31.306404758903,31.993232104980933,31.610790542897664,31.91591599873564,31.30495029199344,31.241812930853,31.74428955701294,31.451387889138505,31.29392757740321,31.87570743055109,31.66555129709112,31.75910539034289,31.18211663093328,31.84990518534518,31.795467199255704,31.82805724350498,30.911691005791223,31.856922506206832,31.51805775176483,31.785776958370484,30.979490006965904,32.11463330984492,31.542939265422383,31.9280175413017,31.495730275178484,31.54270369113144,31.50022590942139,31.90794659119301,30.883761338458957,31.73518828616398,31.905300419113573,31.166056559038918,31.11586103689875,31.7865306850581,31.569704839212797,31.69413774813823,31.10076743194138,31.745176090771803,32.18440387973913,32.309206816631274,31.22215145544,31.72313592259725,31.63348149650476,31.67451910349233,31.270793455970225,31.70766047970936,31.79641338700583,31.79090477023789,30.572435885372386,31.69317294966692,31.174946195017203,31.73400939323732,31.242424522631417,31.863654629373404,31.54401640346095,31.79656310251708
B4DVJ0,32.995741771676364,33.28401699735486,33.28367060484464,33.15103932097156,33.02702000725966,33.695317937057844,33.55289424498273,33.03018509415067,33.00016218890139,33.63557791703082,33.090692372095475,32.60709355657421,32.72778298388329,33.159062149585225,33.46821185497404,33.23496212626235,32.96885136703828,33.239776862253784,33.45405955754262,33.21590900893638,33.036949440151595,33.35382911639433,33.491764773391935,33.30869617047028,32.86294292749788,33.237580537696694,33.398642713934635,33.03636385641934,32.958215742120096,33.40612132680281,33.57743497085009,33.21176104533304,32.84773292349612,33.27411798933077,33.374898292721035,33.28063812029571,33.05568028551983,33.401002999796304,33.040750189939146,33.33659846787089,32.892546978190104,33.48763193659309,33.44132104807129,32.62418061991308,32.561054062382155,33.14982033234201,33.58912170461739,33.36881201472404,32.67200203965855,33.070433656816945,33.214187785161094,33.39802104321181,32.862336504953284,33.18207065772515,33.395097498550456,33.48987902815381,32.83405326384117,33.412349304511494,33.227602379271715,33.5927689595023,32.75943892161364,32.94948764400187,33.40471074041883,33.28739308336623,33.39404112609049,33.421436309474835,33.511933507675344,33.43121302660112,32.42501469606877,33.5640097945043,32.919602589850015,32.957949584598495
O00231,33.18018584795152,32.85017538243106,33.314669866935546,32.56096281975185,33.4557530073024,32.75775498636802,33.52641472333198,33.26708706435209,33.37885706517664,33.696744878149914,33.553790463502935,33.45227795964321,32.94936441154165,33.51395697278344,33.35960195014435,33.30175895714752,32.89619796192763,33.719842294989746,33.45823181137683,33.34319350829694,33.29504998335626,33.27308200508217,33.15360605494636,33.16384288405923,33.145634486778924,33.36748291093325,33.149840170650585,33.148605491707656,33.065216078818224,33.41178602461966,33.54218721682514,33.21275681015904,33.182209281370845,33.8208414154172,33.57458273660995,32.82132271088819,32.976555217630136,33.51772164996772,33.387919604099565,33.29732432959924,32.8898656305839,33.01549122301412,33.27311213026365,33.37669525971812,33.172555663976404,33.05091707851476,33.89004233092231,33.176151616454256,33.049430935601244,33.338772476780505,33.43480401508087,33.28203987178501,33.05689080119735,33.461683887143735,33.229432778909384,33.30236840933037,33.028793351690275,33.40110758486059,33.48863294968604,33.30791899155852,33.35236502895641,33.69291890116083,32.94295546331766,33.719515647765995,33.78832573782501,33.11250218753571,33.39279518702309,33.225792903161725,32.87249407963898,32.78184088295835,32.81424769922749,33.227305279922746
O00425,32.88162464609751,32.743933070573945,32.84999305843795,33.157947616720975,32.80847698561381,32.86372115260945,32.61048264719064,33.02338134883649,32.63756066992924,32.81183316169903,32.95417569329228,33.26246352132052,32.799429089590426,32.657219198566445,32.92108488109307,32.937394944600065,32.78722952312716,32.45392379690452,32.91342205232848,33.1643804245961,32.95869490278002,32.78831279877827,33.082397580231216,33.115629716684126,32.7259134136209,32.73000956696772,33.06886828115911,33.05869938712075,32.44535775217282,32.89873291763472,32.96001406572718,33.205207399738626,32.79271870062759,32.94223385194388,32.938099511483806,32.97482441844639,32.79735979909497,32.809163225392325,32.94750138178411,32.96050656833981,33.01350716390217,32.796508874316494,32.957884404246,33.140184808332336,32.624594559418306,32.61389496011739,33.00329031073175,33.16583972487411,33.03363273169413,32.78743161485926,32.85694449044166,33.194720761063415,32.88865451687325,32.67843674582877,32.98728416210264,33.21123692504963,32.90339913105481,32.64779311692517,32.83919667145763,32.86603835013022,32.721594912679315,32.995978908541964,33.00791562130144,33.049359687745735,33.02452710856808,32.78844605652691,32.917759339039804,33.00990977795059,32.546021237675326,32.67005374693262,33.03274628501931,32.95061724413997
O14929,29.987369468468675,30.824366288488807,30.427215011203558,31.20400661096325,29.989044329859404,30.616825124496103,30.38978864869376,31.675242937077,30.733399670914785,30.996787116122658,30.47608551199256,31.04200430430296,29.95879377585275,30.47885248751661,30.786032204214425,31.50223936364347,30.733215502775053,30.5000111978687,30.47753169057319,31.45920737189154,30.46420217042094,30.861257866140324,29.896811833063857,30.84092253969847,29.87611566973685,30.48442146107571,30.1959802317613,31.40833602231527,30.242221973662357,31.464560733190527,30.33721483134356,31.505887442011733,30.527349243142357,30.96322027761537,30.14939680062192,30.82264733989737,30.27256512526639,30.330953380123933,30.495137149666665,31.536389286830296,30.287541415789505,30.59782604738675,30.367638806820267,31.34979132494286,30.375377549249265,30.781624404706555,30.790468373247997,31.51778387836633,30.479408184547207,30.57734475873635,30.052001079602704,31.52152607207079,30.195340855540795,30.433605380125822,30.05613237810522,31.601514880647585,30.5886737222796,30.797158100123387,30.326432418459213,31.33595804244293,30.479451507647,30.670324730773213,30.55744768262613,31.077696671588907,30.06900436814493,30.657798013689924,30.276830191964343,31.3301545512396,30.51962583219408,30.61787497223388,30.3945701621344,31.50248579910115
O14933,29.840756226933856,30.260042103069505,29.904124106419086,31.143867440603533,29.648558506611582,29.902146386709514,30.459018492290777,31.310927933951167,29.74822826028469,30.122022657334355,30.774767129072377,30.75055983275444,29.86264932289232,30.332024592157552,30.253560245225632,30.66216579403344,30.96505569751463,30.314160957460768,28.3954674382822,30.70305662229734,30.701399844180457,30.74882672111547,30.074587951389383,29.45023053337068,30.155562180481823,30.417679242710875,30.14670404571112,31.03037423308493,31.381640122719663,30.055539875118445,27.56140680784813,31.01597220927316,29.981001608719083,30.36110782411875,30.624219386208104,30.402509469115657,29.38774434888012,30.32865382257009,30.29918695198404,30.76037229109513,29.374998492835054,30.39804385967232,30.1585548735454,30.546076470864897,29.79089048407873,30.21955860771694,29.93776883819645,31.08103913999189,30.3795619473976,30.939569145964185,30.677000002772036,30.99524681711675,28.678039827500918,28.56713447219754,29.635981899701363,30.739381405072475,30.7941867490482,30.84114035743601,28.479022078501444,30.704785985492315,29.59225414972745,30.46989208808098,29.901798912429133,30.77250931128904,29.69341034037713,29.89348134240379,30.217166226084423,31.47608050465341,29.6078256771693,29.53915500682368,29.58456656322011,31.645423809406218
O15173,30.58686401147241,30.762014206738627,30.805250198022925,30.173082513607184,30.16602946681573,31.34475549649593,30.909797847892136,29.7393874240031,30.365230401268352,30.8086362085192,30.9910661257474,30.148398565368208,30.744818711622724,30.950517833439942,31.3143152215318,30.855896300534614,30.17428901674281,30.45215749243637,30.609210634229303,29.831220614677108,30.418246214176435,31.007414276705827,30.708792559931435,29.90813001479373,30.354984059916795,31.362184262654186,30.676163950661888,30.206289055468105,30.4103292100135,30.90071932479789,30.6192723591045,30.114166408927304,30.352923859045003,30.71747051872267,31.072867556490408,30.05643825635894,30.56393001241568,31.08240273880544,30.448252154843885,29.83430104309284,30.664394334037016,30.396703610693663,30.8322022890589,31.035959566927872,30.385834544992694,30.136432685948893,30.8825802393358,30.972758824943337,30.757277991622992,30.739092637664484,30.552457098435536,30.86383646214869,30.66942254969664,30.367338371911583,31.15899013643723,30.96502071369379,30.805129439938742,30.486246925822105,30.37100886865985,29.59130148880552,30.516294697137884,31.2673228641734,30.87763080224877,29.84136277177585,30.44845510880701,30.576215942013988,30.773406415851444,30.03575052691635,30.922606588994945,30.65649643365104,30.808767206999747,30.13683332604773
O15247,32.891242967548266,32.53857601692397,32.05294645186193,32.60031510883152,33.373100529771946,32.52936770547717,33.02975220869419,33.083535290605404,33.1251701629858,32.664063752041265,32.49909793137198,32.527133861964764,32.57854269929264,32.66840526487837,32.21649091434183,32.68852331458272,32.42009561913913,32.63859772158915,32.45054671708675,32.194332269317044,32.87990947525033,32.59275891384979,33.225941042773904,33.03601503454247,33.06676082570949,32.46857192315654,32.64562097198812,32.13906445041866,32.130709375020565,32.70533603437651,32.518376075461994,32.76175816792576,33.16142268431361,32.718307309949026,32.87856082974364,32.23251147713531,33.00480280236484,31.890730222945383,33.10871635368004,32.748419165087185,32.7123527274061,32.44256583406713,32.52086676335698,32.529940102926325,32.5624784525453,32.134063100681,33.01385129702581,32.555631167848254,32.99211453393976,32.246060477872035,33.04839177804644,32.64659180601065,32.89671166576045,32.22321201159795,32.95368580757841,32.74425108497588,32.44976777765756,32.32302536094427,32.86630919840435,32.620990054412,33.3501488894537,32.252530052120406,32.688864600007186,32.62522683242142,32.84282753689759,32.24225251648783,32.866495416092626,32.7887500860852,33.15493361760437,32.25914876343669,32.77141713592677,32.6219151736879
O15511,32.41055554716068,32.78705749750448,32.478554120066775,32.75481291663748,32.4060097813604,32.71172709085503,32.62215884135504,33.04417645530374,32.39109785721011,32.895904104395505,32.660318422113896,32.59928407897209,32.29275660737032,32.78053528332412,32.84300170954341,32.90766851982291,32.43343254086142,32.735441155289145,32.70368472431503,32.83021714379251,32.460985225237664,32.745861204333686,32.67296483953862,32.793508893392456,32.45225147007851,32.81250298340343,32.58018474877033,32.695751524817005,32.39656919520335,32.89199547631868,32.70956445781264,32.793098961496845,32.35035733447339,32.839459733323594,32.638018015722864,32.87549265486538,32.55673538999048,32.804884586874444,32.61297051992589,33.03779783714526,32.54505515049197,32.96557294357578,32.69000967413593,32.52180945119858,32.47949515921502,32.69800883964216,32.44340854462512,32.666969013621426,32.46062394810525,32.75929789631849,32.692287678534555,32.931019833440374,32.5777176015708,32.79622727700783,32.727536298175536,32.84824102909195,32.28298181124979,32.69335123859717,32.4898508644694,32.87686588696408,32.35650110192371,32.789963662417485,32.473563319802274,32.52068607454956,32.46744559222581,32.85504170613503,32.729674884380174,32.840877517704456,32.500881768437075,32.90425755390661,32.65189732200724,32.83691644868079
O43665,29.69998844579195,29.89645195650432,29.71469348981033,30.77411029833375,30.1912873524824,30.39975725142349,29.69154572556483,30.763751143839805,30.54991229041481,30.09115584949314,29.716085003252097,30.53226478809499,29.89831346218083,30.01375996391391,30.37766915539768,31.145542467729623,30.478598573911384,29.907878823060127,30.268206306782023,30.356980501396677,30.456257606906014,29.19358064788401,29.737444818901288,30.84930850249472,30.393073737419098,30.096535781876465,29.58228287689638,30.76365234870632,29.68102269571515,30.510935563240235,29.53786580633684,30.94257150879969,30.91072180327605,29.845268560205263,29.76315787034033,29.88121351204521,30.174585939316508,30.15248214410392,29.4792568956866,30.45161257714449,29.83831627350451,30.279779324845585,30.377677495369976,30.470546639787067,30.128180360920155,30.392060055878304,29.82239254143133,30.796506563133804,29.50303652495208,29.993443782602704,30.39954465754196,30.63138848857163,29.495976767320823,29.832452262056364,29.939983836023124,30.78518623920396,30.245322394316247,30.44866609667833,30.048035317888623,31.04743539438388,29.978462755442727,30.37999912792466,29.373811987400934,30.572869724044597,30.270199580166008,29.99894875840996,29.319927749737964,31.082021684101807,30.253892786031777,30.16562104605676,29.93926424187792,30.47866324657708
O60449,32.6834697094619,31.6149448938009,32.80102334821216,31.92897245671624,32.6653439781039,32.24847918894179,32.67608947325729,32.05110604456682,32.60166069054898,31.92593908743768,32.89235754316088,31.571991325257503,32.81368606940442,32.217620525652414,32.617212786405965,32.457779137421625,32.915346830389225,32.01525488289751,31.65484507274305,32.46772022758072,32.55648422915774,32.12689032211087,31.943523080928887,31.18397753754914,32.57153232464857,32.03160039980092,32.69849804156975,32.18761949166907,32.73151193671005,31.9159833109794,32.49012018861996,32.123081999028045,32.75635663410438,31.71095651134776,32.461518613574974,31.563137935491117,32.69627492126688,32.35814171047985,32.79720855143128,31.783291924369014,32.49364036112815,32.086185213342,32.19261547889149,31.672918241347965,32.758559024090786,31.65008118900798,33.05391025981278,31.43435211690653,32.37774618129624,32.21284601886092,31.83430621140641,31.155283949545485,32.476985551285395,32.296116148541394,32.732841710813744,32.83517683321964,31.98644377728616,31.403364408631717,32.73482973215108,32.383957604569645,32.79789156250528,31.901251984196023,32.503335686861256,31.95777316302086,32.471175702183814,31.98244179562028,32.67381617186172,31.86618429564416,32.56976423684379,31.926626814076997,32.51302022354708,32.097487875313256
O60763,33.51904049750776,34.035004553510994,34.17034767360607,34.19382415327518,33.77058937261962,34.27841940494248,34.266888232687535,33.800499084857954,34.086375085030575,34.29246452414091,34.340765408566725,33.89021259213238,33.85576606020537,34.51277703506876,34.50304968337518,34.10716458234828,33.9296062855866,34.13755355589509,34.1519996977186,33.78684553463407,33.77057095407415,34.08374530361387,34.25701072221177,33.63732749953457,33.61633035850054,34.35393911706735,34.365737650133255,33.90886454816443,33.77599175404385,34.340972814481404,34.27188831278449,33.96955044933463,33.76011134391451,34.1979344109965,34.270937660963774,33.85222889059052,33.68679523968952,34.30095288698643,34.39190551061725,33.90676177314852,33.75795855412281,34.17313780537352,34.23949152744227,34.05689750647254,33.70114617562867,34.33256375853143,34.42226279283398,33.96626438231963,33.802789780556765,34.1941459978644,34.50825734939401,33.876164771596244,33.69573424375246,34.182741618301044,34.38929686151334,33.91225142925487,33.84845320506998,34.11907274355675,34.39736655139542,33.91650496298178,33.795385956113435,34.277193843929886,34.21378473742552,33.8710135886765,33.88012262605481,34.37907476567769,34.43671558226676,33.84377870939155,33.80781963560893,34.00591438821858,34.34135675225596,34.01497807527422
O60832,31.17939659419112,30.482825852395795,30.589937722822143,31.044871005903875,31.22208542415048,31.081199160208,30.88929804505644,31.17992076748267,31.05333825590334,30.36493107166791,31.18951120236201,30.988910268088315,31.473580171227525,30.991476384770017,30.756029865411783,30.72741872888496,31.3389305912772,30.80840848759696,30.953411104748174,31.08091733482648,31.18322984410882,30.641169165470117,31.109063762910043,30.12993425950156,31.0755872502431,30.73247470007708,31.056841505715195,31.17912602610553,30.734573438158712,30.85376595371805,30.76986435057703,31.17952685689175,31.298158982902063,29.844842115863432,31.21397506537304,31.175378745706578,30.910410968729064,31.44147591175301,30.811269192973985,30.539710374104438,30.5664575838624,31.078707418397897,30.52074238630292,31.311025745343706,31.43965513248167,31.013765969994736,31.22206441519554,30.60604507418896,31.4067175545397,30.66166464168201,31.117219260187078,30.69239421308961,30.62303296700204,30.91371497934475,31.057572734516054,30.576114135228316,31.2278353808294,31.008749673333924,30.97767436067644,30.938341665825572,30.837384335847744,30.769824193571225,30.65009326846244,30.923213382377284,30.819620742438943,31.490128214228477,30.80158090561193,30.29207176790279,31.35477841706502,31.053753839282507,30.790715294449527,31.545775788358164
O75396,31.1873249482758,31.873118316368707,32.06249691939269,31.415793958130635,31.137865685999188,31.695573961420944,31.916647483115,31.391978149646075,31.163050468032424,31.9562450644324,32.169559508448735,31.68861218615044,31.444265344355703,32.00084031876939,32.13397274319272,31.11307473785337,31.082839072114155,31.75906400834941,32.07080283862678,31.47784495673121,31.43827104532097,31.85463876628169,32.10829765016024,31.56806812745971,30.69319290569722,31.892033826551145,31.66912888627615,31.654925314180183,31.485393738348964,31.92726460527715,32.255745542453475,31.59451725645653,31.358004540245144,31.89252930812613,32.13615442143476,31.679561903298826,31.38611461998404,31.756540194272887,32.00574213636136,31.70072982257644,30.99727204514589,32.005316885475104,31.842905041583894,31.170420728123357,31.340339863167863,31.816025766294977,32.39945336507726,31.573243560031976,31.33083383415364,31.84134106958698,31.99928370815214,31.437528826016354,31.14441516067812,31.366779040583893,32.264997209819455,31.57672571027488,31.426814750094064,32.14037619201729,32.24415018426705,31.60346997601876,31.06122974516449,31.71657877573774,32.064210126092405,31.390491744262608,31.30722962230406,31.401223000631926,32.332846312660564,31.81046675535379,31.242765334168663,32.010347883710345,31.98234805612176,31.33074505286192
O75475,32.71734644248207,32.23604396429722,32.899352191292266,32.63447764890993,33.67363889707422,32.96900093321339,32.78821111272157,32.584636614599226,33.53446656152614,33.10074881527324,32.97482711290081,32.48208942520681,33.71101964712021,32.792633995972075,33.33147830579503,32.67529249663156,33.03504535044011,32.41402068537894,32.723573550980824,32.2940840084223,32.86991252353062,32.58383079799694,32.58586406804254,33.16919607224543,33.23513517038431,33.17282548278557,32.799974673970624,32.681324113307085,33.342794062997,32.94436405578279,32.6180853769771,32.613898513248024,33.500976512519244,31.992285443219693,32.79765255467025,32.64766560619767,33.102496156390586,33.06686245121117,33.3758014096669,32.429878145702986,32.57328065491995,32.87955127834712,32.073584615706395,32.973494627408265,32.8696037823204,32.75772037345851,33.4778145310751,33.14359230192275,33.3185107041674,32.70993314065265,33.00790660028066,32.92001907219183,33.24227364962935,33.02265999443046,33.25968411226284,32.59171778927318,33.2927547640345,32.796270150665144,32.05671625533422,32.77742828518466,33.29147121986389,33.03828721822692,32.62907695926588,32.83906885690828,33.34176728712628,32.89409499455253,32.60434812010066,32.49400316917918,33.80072131400346,32.58569563221268,32.68079324873638,32.75119393469969
O75533,32.80240045516125,32.90198785089886,33.0455018291954,32.91292969562023,32.839338413924146,32.85363305542546,33.01146491523457,33.193020783417566,32.72731691013577,33.29687552506662,32.7879346321212,32.92632938599396,32.768311825225474,33.30119077676925,33.04012864169039,32.885979631991766,32.740820203262295,32.806416159096656,32.90490871900693,33.018863226909446,32.83429038497296,33.190815184331484,32.990514902501275,32.925584936015944,32.80849602600649,32.89420576656326,32.96619328134914,32.96538329127688,32.957277090798755,33.38887048705142,32.85748717683512,32.982171218984,32.931033540425325,32.90480822055702,32.61811692763196,32.981874230703966,32.62416842387143,33.06946352151215,32.97192323218036,32.959903463857785,33.10812642260096,33.08218666196061,32.66770872825833,32.86260431546738,33.02490212774728,32.973931936035235,32.92254006011134,32.96086784999173,33.07639448579319,32.94095492166033,32.669106185005965,32.936490842528606,33.16432788394495,32.91444375535174,32.86891914737825,32.93970198238036,32.96180808417287,33.24183771290202,32.67084602217482,32.95263903547983,32.93722416165541,32.848403545046246,32.896007273723605,33.03398575388189,33.01740160678499,32.62293618953272,32.65060702968726,33.127769065950766,32.872446018204606,32.99644695550933,33.07189551117882,33.23545753684451
O75607,31.21979392988229,31.28464375397351,31.209453692362,30.90741229892706,30.777786608994635,31.38024414121904,31.41847332786489,30.407965152401907,31.59215603839366,30.722361058152167,31.54676799311935,31.05823175869533,30.98305487232751,30.93279913526612,31.89194242368329,31.03667847690409,31.29595997108244,30.814956093717957,31.63856119788689,31.0505614684606,31.43390726533616,30.48179113113131,30.48992868572538,31.202017440179212,31.50080472069063,31.20947239063144,31.468155944700136,30.968174085268306,31.255797754452672,30.731681264354886,30.27117866630677,31.49075668565917,31.500270912137253,31.00747157471967,31.257030812142258,30.829055375443467,31.73975845987688,31.116410192869377,30.84946260097982,30.166016576999308,31.34607229426176,31.673373505570204,31.29586766092897,30.88017551736521,31.239621603349757,30.925818676043956,31.14925871891318,30.881600847246716,31.98229589183588,30.78120984367128,31.13251609660453,30.37495211030855,31.37199430617885,30.93997391886839,31.01322298589442,30.82531326487828,31.270341332994214,31.4229158386902,31.36135724766902,30.899132218772607,31.59536625434969,31.126495702263853,31.45259684266873,30.96618276703211,31.166132125577995,31.441601725004716,31.536370745159275,29.99899673119824,31.177985798009285,30.42846551754912,31.15698563534066,31.325362925240984
O75663,31.21838577910444,31.596182017000555,31.82253321456953,31.775063125800276,31.037030363001563,31.602615870821623,31.281708542831744,31.3778837084635,30.95749246664804,31.056125384394,31.282246239631988,31.33437352004855,30.719181314367905,31.40939467813525,31.40778136026616,31.54539917836389,31.017583304876645,31.626268310621825,31.74048890397743,31.56871420343815,31.01260339189388,31.26184516869797,31.61157010812557,31.477169613898173,30.74077169787129,31.332593376734994,31.551068682137075,31.741357184860263,31.095967295781595,31.452676804552414,31.115905079583374,31.4001877895564,31.136495824824227,31.45636666948375,31.71114473385813,31.65280831134014,30.814670042688256,31.48810209266605,31.43043987781178,31.511190560111903,31.210200139496067,31.479139527845085,31.18479949486597,31.401527001624306,30.9573323659556,32.14119980339783,31.29975739844024,31.424311475338783,31.309495432279228,31.49062085666341,31.50663189313742,31.48588242678896,30.82379897530562,31.14631545487587,31.309958904149788,31.42719326695362,31.37106996019533,31.13610730366381,31.84975896309619,31.33290180358677,31.598814053104167,31.3606645119501,31.397587651077774,30.982288291590045,31.20314376239292,31.45202534721797,31.47883282421325,31.74665142498636,31.07573070896174,30.627788520055823,31.67238293739195,31.536021954567502
O75937,31.44450261640221,32.29847618371427,30.88711051625859,32.05858330724243,31.44450261640221,32.24093814138477,31.029915552868,31.35263827777416,30.80089550475886,31.77352492866489,32.314906324093045,30.98507734340504,31.943784412024197,32.24182276516498,32.4402629210227,32.213064481186834,32.05892293940565,30.11586427588051,29.825906704322357,31.569232504161032,32.07638190849492,31.527687929826985,30.279526340969976,31.0488085529044,31.432020601483867,31.484121472705077,30.80427627807444,31.777807379157892,31.635157595559736,31.5547526058548,31.223072300794385,31.96442078196572,31.723727288260164,31.95575467192844,31.17198951684609,31.43197818396333,31.321532890486903,30.73726402220288,32.43614703388191,31.91111090829316,31.446525536208743,31.6123327661398,31.77311481291477,31.86314772116741,31.30628803285483,31.268203222095387,31.891901097422725,31.30648517346916,32.090043529977045,31.03135843619337,30.60642193477881,31.489066851033108,31.400035325117692,31.475547830652733,31.91483055043564,31.34435178483256,31.78237983027705,31.521390684503555,31.18326364499408,32.30416295076455,31.530883698946003,31.49727542732597,31.500710547113645,31.412209385476544,31.85455581790422,32.27281647979887,29.283143738058147,31.62736180089997,31.721882829770014,31.53389678223624,31.85374889577598,32.716940407613194
O75947,32.64688549528277,32.6073896372428,32.991318448664856,31.888457769500004,32.669717136059866,32.61171895023668,32.96993900126476,32.183020627782945,32.78133031063133,32.31577225286288,32.84923577094691,31.99606266349561,32.7581883568002,32.63495681236293,32.55995412877848,31.475757563606503,32.755610740742775,32.99630328204936,32.79734413359837,32.62052506469133,32.437973096560754,32.57396452510002,32.60313827508141,32.424560269189925,32.68773740081371,32.688151959102,32.61691116640506,32.34030876539885,32.51371349614933,32.66926060299271,32.59691293442774,32.08870729130217,33.07699477370381,32.56000972263983,33.24588059607108,31.93698257025077,32.55999346790645,32.93808608511567,32.20941635247189,32.60983937345142,32.564761949443145,33.06007162933899,32.2612894156124,31.82338868671948,32.32639095699593,32.61995113753779,33.0644040518745,32.861571888583114,32.66215724677939,32.60148032386674,32.730883839810154,31.82358649489039,32.737579691226365,32.58258674490399,32.984745199935844,32.13158143954442,32.91927543568397,32.638053211915114,32.62013496882305,32.35939497030541,32.62499026271076,32.587495231440485,32.83743478050939,32.167726578066855,32.573643641982,32.67424096386468,32.73443776687628,32.46323255596491,32.92295029204956,32.50431904832999,32.6341708014525,31.948409407317754
O94804,33.28649408994221,32.7793834155596,32.90376744084472,32.789034669638575,33.31588128340499,33.05275754278176,32.77189646734695,33.16632625219039,33.404104123412466,32.78803147241386,33.18819296503054,33.14999602039793,33.03832998086448,33.16957837035106,32.951283097646964,32.8478941183905,33.50641797236884,32.65116577287766,32.53097724219126,33.280461634507084,33.19252423581106,33.25028543143416,33.14933557526158,33.33357695154171,33.037193191073385,32.8104961269579,32.50567086033379,33.22496386098192,33.08970163914561,33.13090683931478,33.08203389653867,33.100531525069066,33.15253390951755,33.184895152620975,32.90570782408516,33.362268482524684,33.24150097219437,32.790739367997645,32.85746486386944,33.32737437714706,33.33990095190237,32.64510684226849,32.82893247031968,32.988425453240815,33.31562582227767,33.03253000608069,33.091869095673594,33.032915270824994,33.350954273904385,32.86434149016928,32.8642751417624,33.021464467817864,33.43727845294693,32.67256594601412,32.91637678735702,33.28493910898113,33.31646330855357,32.64222431262704,32.98587466377203,33.2839515580414,33.65323775505227,32.790039152475416,32.85906469850616,33.18984033842166,33.1167130575142,32.72519558267036,33.16580091913927,33.004832057847594,33.18576184251715,32.80601186193978,32.946904994159446,33.11693354748568
O94874,31.33896635096468,31.99533655009849,31.796936076356623,31.9367448127572,31.34717493176403,31.798136274065392,31.723445530913747,31.377630690199872,31.468193925080325,31.98098409056013,31.89698212536796,31.863728458556643,31.29615632609165,31.837283660611565,31.93465743685418,31.63962743762472,31.716886091879218,31.907886355275945,31.83442009106829,32.100484381603735,31.266543203998413,31.58360293409049,31.28547114904762,32.05147161799409,31.285667926872488,31.84929228901401,31.956155789182425,31.986649892528465,31.355371375721923,32.025338133647416,31.80980973198645,31.48760460521086,31.363853448091596,31.87105763541806,31.91203912905544,31.52302555107936,31.480207777026965,31.674647717660957,31.822427482230072,31.885120503472205,31.788277714944268,31.914776620588164,31.911309214393327,31.577110677926647,31.033020887673803,32.03446296932194,31.644474853836517,31.537673287728477,31.349196302573,31.32710028859786,31.776437207864795,31.04398418341222,31.781196561343968,31.937263695335925,31.839077408412106,31.72678411404317,31.989343415018908,32.03604741255385,31.68054239528945,31.86217675975252,31.519946950030796,32.08996854455015,31.95772841181881,31.900764635604663,31.21947615760115,31.90346646355975,31.65569032775605,32.09227469312928,31.188147800030432,31.83063896317621,31.48749423280088,31.540068589345648
O94906,32.78464605258886,32.881320112105975,32.51841768809219,32.70935752324753,32.947261787657844,32.99368809037988,32.76974291424789,33.021446564359685,32.7940456516438,32.78921632496261,32.52948429997569,32.729968821286896,32.883561745461805,32.94081030668956,32.70138619984745,33.10317142302934,32.98234604685188,32.71941736523151,32.60156386702743,32.55955064114312,32.88724462770391,32.77049023324174,32.802289132361075,32.599130061153794,33.02175521289976,32.81119221322063,32.53616575639535,32.800234260866134,32.8963107203785,32.662738764265264,32.56529915762931,32.92257831293905,32.97767451835692,32.81373649017,32.5702790061328,32.57311218790177,33.049747654249,33.12945696539587,32.791643666345905,32.67427979071307,32.78354904638088,32.753013579461644,32.83076345466072,32.81155637315984,32.76515247016226,32.753626526794825,32.6325749021969,32.42714360591343,32.902517462074265,32.86521437880496,32.51182214858069,32.71048330779761,32.999309117349746,32.7112108622312,32.49878045143454,32.869963219293965,32.97816970715849,32.77404946790593,32.64687192968252,32.75342932271548,32.99337473567485,32.67435199567276,32.54171574366804,32.93638989860513,33.08537370948393,32.806291171061375,32.59013951888202,32.73234617990112,32.7664314358609,32.93661796818282,32.62001940052661,32.72313587240125
O95218,32.708525437541425,32.76417651208859,32.40439605000975,32.940049149571784,32.57620625087236,32.9265645856418,32.72153417470162,32.9969861198972,32.873830615539624,32.59170782133267,32.69085155504706,32.7583546197152,32.947673608636165,32.612163867592926,32.689992561868664,33.04908355566048,32.79543072474323,32.95124681082177,32.29153798256045,33.11762583533712,32.791003790160154,32.38447695063538,32.435721745284646,32.706258319938044,32.922413953411706,32.41098703500349,32.51783950193558,33.00157102723388,32.089096227342495,32.76939847974342,32.53950538071899,33.00913389243572,32.92174934787368,32.52059466873361,32.69967482772772,33.10435318314853,32.850254220978144,32.9290752504007,32.40983652600564,32.7328995862817,32.74944385744224,32.747005710458666,32.40798253181566,32.72639601323282,32.95358158637055,33.12277874660477,32.535061160436754,32.52982084466835,32.91319423757779,32.607262285209934,32.23238474226025,32.89691091356353,32.89501012223724,32.93493651659949,32.54781884952894,33.011511573084526,32.91830960773445,32.516924555798376,32.39684402446513,32.86312165116881,32.90182587628981,32.504412572182545,32.52747868259096,32.76967772365176,32.91235081716875,32.53710536338689,32.652725274316566,32.87057123758848,33.025699507985074,32.488403493383366,32.71445751550419,33.019141294263456
O95295,29.92891776675987,30.634201626674795,30.022571082583827,30.16107788293046,30.117383100508174,30.33776734403726,30.152046276698112,30.04244826393823,30.27317302485721,30.349275615785803,29.9676219143096,30.043998631130627,30.187208344317643,30.41267731990536,30.34838539484057,30.105875264020167,30.138225285126413,30.407144980388463,29.742092110098817,30.28751735810956,30.153540132963307,30.35012750299647,30.109707784959948,29.99235461009388,30.13839034833598,30.53220877556605,30.19686266479135,30.227620434129932,30.13295417360129,30.485425794061943,30.021781046856532,30.11430502764111,30.032253936975103,30.31068563922468,29.837523377252246,30.078737311079852,30.11773904633566,30.229250171091326,29.79184674415503,30.15125246043056,30.010005433093596,30.38841271717446,30.096987591254404,30.208027099421365,30.14238078473029,30.259392676118008,30.631124701316395,30.48217902636468,29.97735133334237,30.20889191232609,30.268794916068067,30.239272550778036,30.141534252668105,30.20639916360915,30.0538713224591,30.183634875522788,29.86737749640073,30.696399039185028,30.216041155518763,30.20551681231187,30.35218678704149,30.3225410242554,30.256889685090364,30.10089327003369,30.205670582522263,30.20547450176205,30.06716671069125,30.06877756850486,29.703451670037364,30.41582858442485,30.5807491307538,29.91847543825542
O95747,31.990229811797896,30.507285847987564,31.11514240182456,31.04701802608309,30.937960819470284,30.385778929164324,31.14978110502921,31.407358641798997,31.18499402936293,30.876739005265996,30.82544495807368,30.85467339259668,31.31994041126028,30.891723019688875,30.87508861432955,31.110095403946083,30.9692901282488,30.536974963071955,30.58500335156176,31.786247277603398,31.39565539462428,30.524700249832712,31.06674228399971,31.104633401493903,31.11707045289192,31.184868706568896,30.55714678363246,31.482476170034342,31.27340820351145,30.80042561553809,30.83549823802609,31.128714071299168,31.058393057789328,30.642710536429856,30.668444777327597,31.37250488785201,31.444422255193377,31.06050079666475,31.333583016261453,31.43802239418064,31.020620278748044,31.0938080249855,30.383302081724437,31.36337839541672,30.550845647337574,31.2932987554676,30.68524188296188,31.136386922351623,31.17909212254602,30.81942640015513,30.54059135237115,31.26038410967821,31.483044280319877,31.06955784718399,30.566868325081412,31.234796981149188,31.358960270616414,30.70359535635938,30.72280586399068,31.593299418509314,31.404273175681134,31.28308312167385,31.28863283357304,30.800181935516875,30.80212829820941,30.58788759118205,31.375546344220663,30.8085256520876,30.597208327403496,30.441234570332767,31.885870059402343,30.93634597231826
P01871,29.17457668813008,33.64649495827612,35.31784443675037,31.403238931842758,28.2425452979984,34.25703030911285,35.27133037100191,31.53205286200825,30.71339796274616,33.96946863554763,34.872908451092414,30.34135474922476,29.546966812732556,32.63127641169753,34.86918236728743,30.83864648544013,30.65229689772586,33.6477242032511,34.933449107080214,31.586480917742,30.22407189018481,32.74409504721215,35.44769443441658,30.275891682997223,29.780164910899877,33.01298952133546,35.28493842262237,30.827709241871183,29.701378658984677,33.47735185784258,35.49027713850858,30.96577421183828,29.76581779444901,33.08350623098415,35.239040056297405,30.829443919475697,28.48658386221296,33.664988670889514,35.579830011878215,30.81243340371317,29.748270636022323,33.21626750759869,35.36670767514283,32.103125050646526,29.9724851804068,33.04564495647965,35.50278955106307,30.80998828147261,29.496462490904683,33.92917950816357,34.99295495225832,30.192746340444483,29.080269387262103,33.845161233187625,35.00275482024766,31.006830219082257,30.32208652370737,33.201540433191106,35.31934918933557,30.732918011202944,30.42240488088776,33.85842756383249,34.73236690542546,30.160730573281626,29.7020349950884,34.039332611588875,35.25728336969639,31.68026958234051,29.62966142569261,32.75808783046189,34.67925787952798,31.22457363731376
P05141,31.81190844594775,31.864388513485583,32.200331233764565,31.239020980322216,31.864139823346,31.77817419288468,31.77543824114851,31.397933842309207,31.83413242905502,32.16271690481258,31.775556183478315,30.92179188860708,33.122608128875605,32.1641691871948,31.8233695741479,31.36678601570649,31.61855551163004,31.72898714543792,31.79534151990689,31.177292346667837,31.647060717036734,31.68217441078871,31.65848845718852,31.304845089719485,31.59927371431486,31.59130493531777,31.69164055437332,31.3642972650169,33.54418793484713,31.658698206338425,31.85847742860867,31.26751499702981,31.48707218792614,31.55690874608668,31.59299521019789,31.17858394333518,32.17675449956186,32.2420044551769,31.135312779106084,30.58044576462117,32.36054538900047,31.02122490688993,32.18266131421107,30.802010339739752,32.13627918318152,32.17979964777331,32.331128519375525,32.08572928005597,31.97516326559252,31.623876543591354,32.06776572070111,31.21487986816628,31.76336357444564,31.65569756278,31.91720306750323,31.27230699712246,31.337338996258254,31.821783780093384,32.50964048107436,31.255801162586824,31.22954997739589,32.29154227553601,32.19328744782578,31.867693497949592,32.36515261662142,31.02969701499537,31.107355102699252,30.8701228231771,32.32837212082496,31.277508275136476,32.28220455120725,32.04613255318371
P07814,31.060604021902652,31.27544716010367,31.679541270215108,31.15109771082449,31.03268173456265,30.9305134881023,30.80978694228596,30.488184842765783,31.137775903472363,31.455878378732447,31.41827828292333,31.00136102528415,31.508907821858585,31.469094567035224,31.38204680994289,30.872226145361918,31.39378558570865,30.96743435416032,31.255357400072057,31.173215842063836,31.14850584776008,30.81137235879696,30.98179712985616,30.811192491563464,31.819207494039446,31.071277325188603,30.9248100348043,30.898653214219586,31.09003465404992,31.13037281607628,30.68829503902711,31.23525550065679,31.369966355472343,31.158756189278176,31.292057047962864,30.794318707084884,31.40083900071724,30.659214630289416,30.942660198072744,31.10291421548092,31.49494037175811,30.85797600502778,31.19129579307531,31.06954618567581,31.564326624962067,30.968485032173888,30.85014682520567,31.724720661731983,30.80306193481353,31.50636330085661,31.225401844256048,30.66755573578441,31.39967182968403,30.878304050858222,31.41746869224744,30.55923308571095,31.46187322117064,31.453617876027064,31.34758416698445,31.00086499223415,31.423040599797304,30.920463066213447,31.7060995708595,31.04015715125404,31.29628626624005,31.074616155385566,31.293970616841023,31.02552729496203,31.00594394381199,31.106230596073413,31.21355860767832,31.097753513458454
P08567,33.14006316109321,32.58723067861721,32.54150693563219,33.27738187786129,33.11271075561557,33.104002862113404,32.52139379787537,33.414922128554274,33.24024779561189,33.26275967606629,32.37653608710662,33.630408627583066,33.014529859766306,33.02682876470726,32.82997970831644,33.42994987277293,33.19427279307026,32.985096951159115,32.789930382535104,33.243096380501306,33.07850615834732,32.89200785428758,32.932407450412256,33.194017079322826,33.41817359667656,32.843571813136855,33.18100360474617,33.20954847326159,32.93678684912416,32.962229284617095,32.7561839939605,33.337766963529766,33.07717049914124,33.21918533968309,32.31083471636956,33.339915607235575,33.3275068048429,33.017419243533205,32.98783736479832,33.06347497564734,33.5371956071998,33.19373999583751,32.95999211099878,32.9880076909258,33.12927007742657,33.007663480208386,32.73236084409582,32.78889708075681,32.8883540740841,32.98720268006056,32.83372037019129,33.488971477292004,32.93910901458162,32.9691619162831,32.68046944862447,33.41218650045005,33.197477196204616,33.094364267864194,32.761046933980865,33.35046665961228,32.69911069627416,33.00013484175542,32.48546275398406,33.23110877473167,32.38168973536816,33.41290035514838,32.886146074060186,33.40526804115298,33.19282800251306,33.29669771723484,32.87167950144698,33.52852980961162
P08575,32.474023247518964,32.30283070529668,32.16290278741808,32.93578711828224,32.563806780417245,32.14630000275304,32.239356946926314,32.87993751996053,32.64277257202966,32.157008701744,32.27100332149047,32.766963138305194,32.570004120672806,32.107106315478795,32.47191335508325,32.742221002939004,32.67641631613768,32.269409097745395,32.41172817130696,32.74540240249242,32.65842623312412,32.25180210328298,32.05809220177604,32.77440869305886,32.584687317638384,32.223530849855514,32.38215312381516,32.8577626425742,32.53165280141236,32.19979189048054,32.31629954273398,32.81479696607823,32.5099712555286,32.08888274996019,32.40804008271726,32.75009832445229,32.68794487956489,32.21220377321868,32.284205638578456,32.55802031749618,32.40897090344177,31.98685880870241,32.731345499048366,32.7054386890249,32.75854842035564,32.12992197717192,32.19487268853753,32.618134121504646,32.56625430407777,32.23329320215998,32.48950583236337,32.63653408113461,32.55473853532469,32.24963625126595,32.11336471671994,32.961171080886785,32.476301852162024,32.34037681757811,32.07106584897825,32.882637519133695,32.79160937053533,32.32413455297667,32.27411218569702,32.74349525534494,32.66679547581188,32.371331496894875,32.43498248076145,32.35578406199291,32.78559653478418,31.930030741845908,32.48133900842862,32.1288962233388
P08754,31.514581863018783,31.686056385798828,31.913532961816724,31.35434487851121,31.646259298992465,31.5887076069694,31.808749007812494,32.18032141464816,31.795229817181497,32.10942238267861,31.93607921161921,31.60021342654433,31.730889325386496,31.88652123688722,31.809686494487785,31.3866905136408,31.94792585416509,31.824129667149325,32.10793435143811,31.73070886989856,31.772365663731883,31.60655378905551,31.79692691541304,31.533164913339903,31.75251595914977,31.801368393222656,31.364446610295104,31.512545392073005,31.60766493967972,31.77899003383032,31.417291761119067,31.943902988250773,32.00696497407148,31.807706217716223,32.03863422176384,32.01295831993862,31.539080149647795,31.77131660710693,31.56568624084493,31.709767547595685,32.146087571216675,31.76728646045081,31.37356269543844,31.477311938915285,31.991856274760917,32.08090954433783,31.92149015796403,32.06522550761127,31.383838549659867,31.63339296690113,31.377622387102964,31.443462892220904,32.02151078452064,31.92582678525493,31.62364178975269,31.613744619714225,32.09673158473897,31.808666952255287,31.89509398392291,31.940870404673703,31.487201696902083,31.317437249279383,31.92719198563061,31.488884528281304,31.65306526816888,31.877024191097192,31.80481607976354,31.67998147600922,31.80874821509323,31.98518739426009,32.25320745896281,31.801133768549608
P09914,32.1014205565854,32.231579356201095,32.29066646130998,33.311797248365146,31.874116018683942,32.03529287224483,31.89539284888667,33.63213211320377,32.38989554148738,32.143635383264694,31.634186006996146,33.48855426603728,32.46086301575922,31.780172694226547,32.1052726988549,33.455764773964454,31.934459285701408,32.0764806368197,31.949879055768687,33.23970296404132,32.38861656549859,31.848454828163717,32.328265629492385,33.453731849760494,31.588817353024154,31.827516388766192,32.01915271419698,33.243084811362706,32.21537728299544,32.33687108058549,31.8337868399034,33.52080490433165,32.66311924101018,32.102877161637934,31.83590407244316,33.42581905342296,31.90665827368488,31.99188900727775,31.88157013697852,33.52617433676759,32.41918106239617,32.15672730900441,32.37219490972058,33.35344568652942,32.47827175516504,31.83611869490668,31.689418650538972,33.146523715733046,32.01913830095703,32.03436761266374,32.17130526337331,33.49900875837299,32.00633908742705,31.873817762162165,31.621713548063667,33.283919477000985,32.390849644777234,32.02782233264577,31.748850049035724,33.44617108733607,32.35712537906451,32.28363050933905,31.446548840591955,33.19068454946294,32.013206334239314,32.17516260890648,31.912629462357604,33.28078156807428,32.33139204398021,32.14080088959409,32.421592127609884,33.190917717558875
P12270,34.17618395557004,34.05715317981955,33.89268685265848,34.271486264345754,34.1794662127906,34.02051334694576,33.9780282405012,34.30983060764912,34.15839201555006,34.08727449631919,34.05707851988305,34.223184489451214,34.16756228557065,33.99663722220995,33.92855031881256,34.31439942372186,34.19840691816803,34.08958717184252,33.92879895719061,34.257606403420255,34.27776642996441,34.03234209736796,34.10154286936338,34.20113413432261,33.91933281516029,34.11654240905936,34.146280231195206,34.2545144861009,34.13760857485471,34.14339341668637,33.85980343192991,34.14624967919758,34.3050157036442,34.16338249155744,34.006267966708386,34.23364930923998,34.16019339290185,34.175624031579495,34.014689060220626,34.143739262618325,34.20783082235969,34.24573511000541,33.890987661699526,34.038148202009495,34.25464201774897,34.11764921731686,33.981197277600295,34.20979002571753,34.167769353412844,34.08026603685746,33.962375631990696,34.139108310396765,34.17447834842421,34.01219074313418,33.98806584007148,34.397197189219895,34.19984031590164,34.157853555619845,33.99104696160633,34.21725975526899,34.20506316107144,33.97430158248476,34.123081866245265,34.149349463520785,34.23914806173593,34.104674838718886,34.04608453484394,34.21695721426513,34.16224436332083,34.19485210029438,33.9157364831018,34.29096980598232
P14854,31.92546701015232,32.26530540068807,31.66438817576397,31.92589142139454,31.9942591484496,32.14981488943116,32.56985615376993,32.34772561847429,31.72428545451484,32.369212089682065,32.37989741858045,32.14135046779333,31.4294871860346,31.65395551154002,32.28441907519216,32.28345631484905,32.09711050415833,32.13080855532286,32.36219852784762,32.351044084224135,32.18262788114059,32.28079041899464,32.32866481156901,32.32777959774012,31.570230517120194,32.35982537114318,32.57149989604803,32.47764241091251,32.12764746852052,32.496286806686115,32.247951980378325,32.14731518822084,32.03323602312688,32.3396369385509,31.82667590025724,32.28682675272181,32.153843582981494,31.535800039429887,32.11526856526351,32.21738476338508,31.8100598475371,32.47745299125577,31.970549038144217,31.84180641316722,32.27303550884221,32.53536755718342,32.130719338461766,32.300992896196355,31.70123480827096,32.11373287968686,32.069609038059475,32.0483842063621,31.96487036334553,32.247781323265905,32.32208944901071,32.30561830316911,31.894004533894265,32.46954245136467,32.36053154746239,32.543677039496984,31.810200147952536,32.13508025048397,32.372355114481906,32.020377153187084,32.156038655007656,32.17969289394953,32.49574540311558,32.12348195720671,31.508248703064694,32.34657986860616,32.39966042015595,32.127102010249814
P16401,34.6970266399266,33.80931584716011,33.7130861583376,33.679829137384644,34.493846472328535,34.2148106791587,33.29352247816097,33.50165794684252,34.13699155570883,34.03765260972523,33.399782558258224,33.96737084533122,34.33118695237122,34.24245275707619,33.33192903691376,33.512982888729084,34.07869229386291,34.35573888020325,33.827756266992026,33.622373032227344,34.40697465190946,34.40599071363293,33.71303846636349,33.62107928692512,34.405535346482445,34.28883753671789,33.333020563802634,33.68925469684666,34.29420908338261,34.356708717407145,33.67854707516529,33.46844351849472,34.21252244947651,34.24096694229167,33.710782745219625,33.5163233007834,34.23385765370184,34.23330709730904,33.65377331556836,33.64342858609485,34.288889420833264,34.47515391300061,33.53484836870517,33.67484325108007,34.40381194204675,33.89495643274649,33.49404143085377,33.42216942502015,34.31019555839682,34.31454550761884,33.37527679503608,33.64637184546022,34.29859231278775,34.60006272247765,33.68545848961339,33.5579979896082,34.340299462837244,34.10338194780863,33.27029463230846,33.66240720862252,34.58738713165836,34.42234986979382,33.46201952913017,33.815351885966464,34.39772660811272,33.97960036816816,33.44967878907528,33.52219055246272,34.14394284878379,33.91319360338472,33.32872549646542,33.43544605888709
P19474,31.198957690996128,31.50904192380749,31.44533480302596,32.138652312269336,31.24029848253136,31.23374696638758,30.62413316470157,31.259965571086923,30.74901164995448,31.27134385339424,31.0288765315995,31.368468241149337,31.308181916754855,31.43228941941341,31.085668160779083,31.697141023727,31.2426403492295,31.1973224887121,30.92173803657488,31.68610035171092,31.130973783701208,31.073259823685195,30.48639293761745,31.69946565972616,31.09079075168676,31.41529220524288,30.397254430571635,31.49833642230326,31.259817294034757,31.51191587977268,31.0667701776766,31.72632047640185,31.051953191456768,31.616536978440383,30.799991720102952,31.7361580092767,30.946363218329477,31.2468132327519,31.07770179851872,30.98137398613278,30.92018541654868,30.99579534160305,31.477841236037776,31.18510743912778,30.95842975670085,31.58215653492887,31.71130440890355,32.4944207997314,31.255158043504995,31.53345409730763,30.96393111313428,31.83425665715587,30.560874889849536,30.901738981471688,31.272116839227696,31.375088737225973,31.462429210948063,31.306799871635786,30.90480532741936,31.591739833877075,31.3794927762292,31.501106260091785,30.680734577815763,31.18624651719079,31.257694997790114,31.284272747490515,31.439522750451424,31.348273236538507,31.242729921292955,31.391134864518413,31.306315758786617,31.487458100806176
P21912,31.120395944074016,31.44221806504893,31.09116050459848,30.59657387465191,31.277105012411237,31.290768183919,31.230697527623654,30.80389507833036,31.25010133329698,30.783896638895843,31.04416917359033,30.288498905171743,30.491515037808284,31.11089049589827,30.9418418164372,31.089345089325874,30.855897476445246,31.143887583488777,31.29552886848589,30.566687182571165,31.05527038683343,31.525845157989448,31.30161603043021,31.304542926751868,31.15405594982446,31.28997589365574,31.37239830009007,30.732804221939247,30.42729403014079,31.408762025442822,31.28002837795412,30.30437012397871,31.25314239877788,31.325920514524384,31.400496094107613,30.62321019192959,31.392289539526747,31.522280289201632,31.95958580540383,31.411565821669083,30.560145814736533,31.11130648883445,31.188691902053748,30.932626722205228,31.16890363778289,30.475530953251507,30.441286058810164,30.62712354283077,31.06151229889661,30.99965062061833,31.242213338796827,30.77472940633217,31.18433835349242,31.40506838672523,31.194210197185917,30.56643549887644,31.143470766992287,31.283332620554116,31.36191414811056,30.409398006851536,31.12935330359033,32.11583026033178,30.859351514882427,30.5526184628402,31.23361392998505,30.704516563013463,31.033734503852823,31.32988449249581,31.43252444017036,30.92550135196389,30.971236978937014,30.516738235356787
P23610,28.23918799041564,29.20244534921733,29.0832234064442,29.838573734960523,28.825253060409644,29.864878276556645,29.57403200026901,30.05468900573409,29.363424344420263,29.86429770365393,28.86665792868937,29.953790167539065,28.374752934875676,28.86450964165949,30.74912725168162,29.088688155531944,28.62061563855598,30.04528405408891,29.083437589493435,29.182153524153893,29.08118463200126,28.975462969443843,29.01758227784337,29.40252076541336,28.97010854744312,28.959222857047127,28.8799827486582,30.08818384282612,28.78074206836661,29.241209509817427,30.154960470249176,29.741605855936545,29.37278261373048,28.642955255832582,28.18850569426154,29.95545213414387,28.737186715790564,29.81665272535605,29.238577861111807,29.49337317542001,29.46217501207204,29.532657044730765,29.61482867260524,29.985096900268008,28.25309699739552,29.5977348936726,29.536345129608907,28.913386946751743,27.674403190066705,29.74709323907274,28.718097612711684,29.74738254280021,29.496494506007878,29.43166481517884,29.41115046729643,29.80392109694186,29.0824358803712,29.871371479682267,29.00413412269274,29.724435089890164,29.222526377847228,28.552561700766585,29.616198302325056,29.474279245005476,28.63297519013421,29.22203760722899,30.16543477002244,29.433758026921428,29.06987309146169,29.36200649185338,29.11532185303187,30.197401620980127
P25398,35.75047747930838,36.24721399701669,36.08367378646366,35.953999999762594,35.90766490335207,36.1473131017107,36.24213395609223,36.20143774750853,36.10875448050016,36.10445402001991,35.92395109582812,35.832331670586555,35.866047904493804,36.04435987550597,36.13145746409032,36.05105543142008,36.12151209436538,35.952564155364584,36.07638546602706,36.2707979999412,35.96534134201687,36.43795220490395,35.97726554085644,36.04961663970862,35.989058152184924,36.21634354744203,35.91663020030768,36.18508159593763,36.02038749431167,36.24794701942575,36.026858965187,36.06454879536292,35.879125413814094,36.21900684209204,36.11550059959556,36.03423069481964,35.809319574415404,36.12343045518087,35.87464332618176,35.76655075967892,35.904199259635114,35.92177033446073,36.165487250369374,36.17592963619069,35.89392527545485,36.12758479062353,36.0954957472128,36.32795101109833,36.02775037240394,36.18851492744108,36.19972439264911,35.969204701728096,35.871181030370785,36.01806110570435,36.09034137410327,35.998656174552856,35.99441662363951,36.13409224384685,36.0775213316804,36.26581604844479,35.86971071322632,36.17821964616456,35.91547960924437,35.95667659652882,36.170403829723874,36.17474862281952,36.20367498898294,36.14299875952765,36.13571443143324,35.90497237361915,35.99130955071408,36.12441256994064
P27694,31.99899752534484,32.349628976056366,31.70008288556372,32.03715744432808,31.947624328004792,32.004934046775666,31.63400464269409,32.02919872427535,31.827717758741937,32.116751532996645,31.678922979535432,31.805254833695237,31.989806072798583,32.32433242381399,31.544672514170387,32.04269419881999,31.881650567997998,32.01129830464862,31.62790403768182,32.03870865151924,31.997575366440557,32.20987554868757,31.70101215308248,31.84794353250136,31.737290435309188,32.39353731260802,31.85291643785232,32.15828458078074,31.64971953276276,31.91508281851273,31.891193327241457,31.987239291159813,32.105533766959724,31.84145534480167,31.443750774624394,32.025477499958804,32.16201605719481,32.04421956092578,32.157339426512905,31.901099449775703,32.127736074671894,32.25684007763495,31.76209694098038,31.621969269715297,32.03678424758091,32.211054307562115,31.45044135293428,31.791984412923576,32.19651449137685,31.680445690793636,31.418437783441387,31.94707304136632,31.91582583414733,32.17749844054685,31.63806894501932,32.050462389226766,32.217780664404785,32.15285940894762,31.901916515574044,32.050635422198056,31.971889357146782,32.068110334836184,31.760451391725155,32.14883029662874,31.646798091752,32.069726111170425,31.90563322747235,31.829500552645182,31.655761891422124,32.236262128648065,31.84029159927932,32.25156333311405
P29966,33.301187299161406,33.067161176132025,32.74333294034803,32.553270568466445,32.9390393743114,33.43069140093164,33.19712964639489,34.03039007054757,34.08481256207764,32.66124955520717,33.004350704532364,32.259393520043126,33.13535635585536,32.507347721920944,33.42798189786708,32.91914155063586,33.417914939335546,32.567719928836055,33.39528398119412,32.994628779076315,33.666464876632574,32.80681400710437,33.46522803533357,32.61764045149127,33.449559686367806,32.502102547266226,32.35471921502043,31.91696424879788,33.1557963225163,33.193658551670744,33.27263838704436,32.15634657013498,33.8297972868336,32.876273071729734,33.6386369672835,33.21855376169884,33.54150852830445,33.044236682107574,33.52500058121894,32.67130035687583,33.62633893584689,32.988738732930514,33.32837224002671,32.96755003796442,33.40961293810964,32.54769670219529,33.2883040259207,32.48628641860761,33.52660130192604,33.15827613583394,33.494721855457314,32.598769439465364,33.58641200767709,32.97393930619628,33.21569066617056,32.57991144821358,33.62092237566906,32.60769702560301,32.80349850246271,32.64615467946177,32.781405606215124,32.599952900214724,33.82385590485585,32.61951276598839,34.324002113161285,32.75762811798789,32.884731784086426,32.88668143954085,33.67716523054427,32.788007276708214,33.35141557613304,33.12842522590875
P31689,31.102851680108557,30.968455597669696,31.17251558612157,30.72819716577907,31.32482108747314,32.21722605145554,30.62159829649625,31.021949374436765,31.172511910161408,31.77073432707111,30.727787812022783,31.778092251777533,31.01531497248412,31.781832818054845,30.73900966808103,30.99015913829315,31.06399019380418,31.111672927640875,31.55470172638636,31.44710350601404,31.209465356004152,31.177469956158884,30.86682559114776,30.984232430457336,31.82233795871132,30.938482710995835,29.900470958833505,31.10896711246288,30.586906839272235,31.25021067610991,31.761306968481637,30.84396337660552,31.6014358132704,30.22949999055704,30.78662922608091,32.21533556666149,31.62606214949385,31.144334123001904,30.85000002336169,31.37506796362822,31.148455855683817,31.66199377455353,31.382425692901123,31.55068166580743,30.864357596388523,30.74257757631262,30.904812851596013,31.379370699403896,30.582766889247644,30.77338946386708,31.294257307815773,31.10644245358737,31.616165850145176,31.220124885188184,31.4977934321592,31.904519180615345,31.017369166420675,31.171141591613967,30.389985183439716,31.282870732914997,31.35025465208429,30.876710634266477,31.46915708328961,31.211412541520083,31.490040634737536,31.80708749275369,30.824319463578128,31.139313104832468,30.376460558174426,32.18076061873227,31.373399066052187,30.482311015845728
P32929,34.15074938613278,34.21923610907972,34.05439997457363,33.32614605707182,34.3359072260904,34.37900852590127,34.066339891709966,33.728183039192004,34.43904480906505,34.251366730267705,34.03144836157822,33.63846208181848,34.21613644601128,34.16557392175628,34.24060329955187,33.72041040133327,34.35718065179392,34.127336508902985,34.313114235672515,33.469411379244065,34.31223588117992,34.172434844948505,34.214949875348125,33.63755144664633,34.302596929570335,34.28841371443033,34.13811062460248,33.59107377422607,34.37832155554937,34.177094100247245,34.164849644825566,33.6449068380626,34.41340328762806,34.10028564063348,34.24111160371666,33.53666218439901,34.38668404784217,34.2204680776543,34.13789603906253,33.54573534712692,34.393293645665985,34.10955180271823,34.02220595145628,33.689609945047124,34.39174861025808,33.80715575649861,34.19419604886489,33.69971237636851,34.48492160569676,34.02044746561104,34.295528483719565,33.61826514961147,34.304688745331795,34.05087834155993,34.10459706911231,33.48705755034177,34.4158860610545,34.122855311285825,34.15963305418248,33.71542321602044,34.34822109027861,34.29108780137597,34.068304199857096,33.58719256714778,34.3388608907408,34.11062464116892,34.02054265579774,33.93608122238377,34.51788469258641,33.83195032458687,33.99016908697654,33.54478927629261
P36551,33.14291821095837,33.10430747135828,33.11676798531661,33.17076102219427,32.95515489003724,33.42673694695473,33.006950032825635,33.198489229924384,33.06721480978268,33.36805136661437,33.26321072550463,33.16564778318081,33.16785636704705,32.910992651643866,33.267688611975714,32.9936562505205,33.11310646750677,33.177683347281786,33.36841545492257,33.07794818534487,33.35493138323001,33.24683660524596,33.3416168400275,32.97315564936651,32.89846699629883,33.194195042930126,33.12601196102238,33.11084038846657,33.21981121800136,33.39872155341453,33.33790785260347,33.18055325571171,33.031030992991965,33.363863980434814,33.24568142637684,33.03966513822619,33.25366447637316,33.12807600431343,33.181357879086306,32.938988701464766,32.99423671450031,33.32645660656974,33.049601877334766,33.083373965080774,33.0843610912503,33.2957246102087,33.45831966548557,33.122776661396124,33.243118386886366,33.15082956146405,33.256114657602026,33.03272220513525,33.31375546465781,33.26250897436168,33.194515904400426,32.87975138336426,33.176946420159105,33.197954019227964,33.16182338163931,33.184689362455124,33.34504702653735,33.03072837194862,33.20533956198191,33.18687688661125,33.04325755916848,32.973855511536605,32.988992524713915,33.01023285843001,33.18421915523479,33.36587538998642,33.33139572122241,33.269364902844906
P38117,33.6941627953785,34.07076722471198,33.80054633693454,33.840603331134865,33.58625800900656,33.99554186839269,33.65659962547725,33.76731643847063,33.769032897226445,33.81865375357036,33.80077220000607,33.603073763265115,33.602559699796885,33.7654184638433,33.66147044684227,33.71769563594436,33.61367483553241,33.994276297866065,33.928853553596454,33.906409230274456,33.93829967220754,34.05272221585873,33.94281566330116,33.81954943507947,33.76101912823947,33.891092306335416,33.996777842712945,33.75641520456598,33.762875687638505,33.74962782561876,33.83180655845326,33.75372539619809,33.79760804284822,33.95938269819452,33.961045802526016,33.624056953251895,33.91047799922448,33.6438830413947,33.672939749356026,34.053670144596694,33.9069560689235,33.81674408117805,33.971017040841105,33.85153815464837,33.57360149541073,33.805164697439665,33.599413493217554,33.92893168628487,33.99773432007703,34.03467453521861,33.888197484937145,33.73624761038159,33.885033189703094,33.97787326274517,33.944141146661025,33.65114437024015,33.84578785155305,33.874924302174925,33.75588473286833,33.620105207485615,33.78349126396968,33.80379307586663,33.73906142435379,33.682862434333444,33.68450924101508,33.82687548103588,33.95402244236968,33.88667960456407,33.78509967719703,33.87665667049471,34.02716686909093,33.61213601298217
P40222,31.92152205704445,31.76159688713629,31.735031678394147,32.03674850234624,31.733856657858404,31.4744905778319,31.56822964262753,31.565787173450055,31.6496830381552,31.93529780737808,31.3539219864672,31.79158620395347,31.99623390616962,31.729025599337596,32.21400683696152,32.00759037757844,31.21208448799053,31.79328463018637,31.36584304224523,31.895892911920747,31.17769299853391,31.506930016040133,31.714193368645898,31.999043094939875,31.94831806598062,32.08776618765469,31.46653678747957,31.274677345358427,31.686411690756053,31.71525845477561,31.829091434742477,31.905279219047102,31.96488854297418,31.719618761665718,31.298956291993523,31.683002598651505,31.40428008153711,31.866090342277623,31.78627794303028,31.736376901669505,31.564094013731115,31.99964914125089,31.68160869220937,31.46927850426163,31.833840347897084,32.199216993202526,31.2201304359572,31.98110446313532,32.057355611837686,31.09155877177075,31.818983721429465,32.118904864143644,31.895833995034145,31.337199829845115,31.65772663784336,31.68047569583213,31.88738781638933,31.84978366577511,31.35256365366032,31.824801860386927,31.615498600276812,31.84874903218497,31.379710909963848,31.62248510600869,31.61647704522997,31.935170427961072,31.342505423342693,31.858585330054865,31.689829150728915,32.34944860987253,31.65730956988357,31.777058994468508
P41226,30.81584346745379,31.70619875329598,31.83042557678586,31.712719182283017,31.29604268113169,32.09014926779894,31.76033919755309,31.924771372898945,31.28398209329516,31.58894778669224,31.59765693494204,31.89176306101962,30.84615103494739,31.801425942785844,31.80267003880533,31.833016089917685,31.002604098516517,31.655069446891662,31.907116185498403,31.79774394885523,31.238595467346286,31.851777673643056,31.841258434378396,31.731525261755145,31.400662948855494,31.73354618504856,31.386682617339613,31.996374883895857,31.30671228885182,31.77436702008066,31.3143385585883,32.216006638130004,31.478980259320306,31.7341346653578,30.998539941556828,31.87857118130719,31.11581454615386,31.77333862823895,31.417204230986066,32.088616113952845,31.18938413888629,31.71117182718885,31.8924796196161,31.813168458915584,31.42185103440513,31.64086793976708,31.674621814833326,31.80771301019797,31.11526644031192,31.640754916028524,31.55753052217809,32.151150067181874,31.14842608930377,31.79432499986138,31.717342442489997,31.951399900108207,31.379484037114857,31.41565413875705,31.63393061267129,31.88878602378934,31.176152170817048,32.11678965671004,31.495380277471,31.807704505677368,31.19987102745573,31.63053602618338,31.559688080771775,31.724868617203477,31.289245736153266,31.60334539435107,31.62042011031317,32.018983085616235
P42166,32.29640675526723,32.01631866322796,31.9843043650214,32.118506427749914,32.075753251856426,32.162354098921206,31.76070440315757,32.16469221031964,32.058225261344944,32.3376039540513,32.08431739630982,32.033755876459345,32.03518215827968,32.117472653259625,32.13762004071696,32.13812773966256,32.27514190020923,31.964220539840387,31.85181437392217,32.08146925306953,32.34530155920641,32.08153963917477,32.00365197683855,32.249732345128585,32.284225782294456,32.13441967396924,31.819321889025268,32.11285363478912,32.25059087493055,32.23490078109066,32.10539695549813,31.93891148852295,31.81750103525533,32.29854029099197,31.990726097409425,32.14549886518356,32.06358768513438,32.02297243130972,32.08581479511547,32.31313753870133,31.898594816957264,32.206831260796584,32.04699782422153,31.94724785696396,31.79636140453316,32.39772723180291,31.926394489630155,32.1549843997027,32.06285421805299,32.15557864662479,32.34811820353079,31.966051060260387,31.991887628563177,32.04900229705935,31.848478663815477,32.18016112924604,32.14814922397327,32.211864451470504,31.99497544312404,32.06626600744406,32.040771187207135,32.05866965729672,32.41818988284227,31.868101918508287,32.28578342930992,32.02327822284684,32.14539101020664,31.97151689847932,31.95785566459922,32.01186589981872,31.99497031729564,32.30305574824835
P42574,31.40027565723007,31.284137078573053,29.961629016920437,30.62958255583452,30.841327426451468,31.503128322168767,31.14060336187837,31.126865159174628,30.765811085224616,32.10522668880919,30.91674464471234,30.767511201039827,30.783289998370243,29.84862212449231,31.50123166108743,30.98247572097396,32.20569963542501,31.610321521884128,31.29414264710102,29.9672799225529,31.10539109647628,31.059474562917696,31.330862620931647,30.97918118296065,31.43239404799197,31.85517333486976,31.51085591878143,30.883356907140527,30.59208092238657,31.089442588753464,30.541015291186525,31.047683683988456,30.69433126098044,30.19452891938811,31.393745704305367,30.94226378053007,30.97853912175052,30.851867031827048,31.59126560428135,31.26495505517115,31.60327913145242,30.724801128908474,31.48439974959277,31.09251766930259,31.254089502232816,31.460926809116707,31.062821862245144,29.23559737605319,31.476952816877358,31.789282971484177,31.208956293799616,29.64840159348134,30.971059634578413,31.30979068820102,31.562716090637657,30.088170198970364,31.4366135833306,31.290920507192396,31.506308374513917,29.702803106192267,31.13555099442945,31.254846587306965,31.43546210261596,31.14256207262453,31.174488903827303,31.327820435891645,29.114151958147133,31.23016512560461,31.097368272301196,31.73885489128611,31.325702301971088,30.11319533623489
P42677,32.86263573030176,32.89746674942329,32.87799446692882,32.761716777611696,32.41488256191052,32.802876980710245,32.96212410642408,32.87946595053025,32.31669316583795,32.22317355781884,32.69370096965618,32.629937258277366,32.33093902129218,33.04372291900924,32.6091278412021,32.47063649277308,32.350492287400186,32.649804851819674,32.95509726579456,32.997774287031376,32.50158956341503,33.02264580850756,32.54182859916188,32.99023499584796,32.71802065448188,32.860925559489594,32.810967556518705,32.67810598619905,32.75705644431383,32.80873904151313,32.525253870855515,32.75951235114282,32.53497856598848,33.182795618495255,32.115623665347805,32.590514340164965,32.69681764602069,32.728459526356,32.616750914354725,32.59624345848986,32.591590609969785,32.745582035175524,33.09516703726155,32.59679960760672,32.253964792661016,32.96593240486637,32.64865633891187,32.539446758336666,32.20207567532658,32.88484956117191,32.02151378878969,32.90873693078127,32.22597140823349,32.88674134302131,32.754038800389964,32.91443041742465,32.96392582039328,32.84698185082837,32.78555658818278,32.7602056755816,32.6297092076951,32.16909825610133,32.81519974447688,32.43749265607297,32.82244448835805,32.78073024334494,32.70013036106322,32.706354681271606,32.73810271006146,33.12746839570623,32.486141499334735,32.73797347899285
P46087,32.297171230777835,31.211585157730077,31.761445923435087,31.539904845232485,31.75961621918698,31.271077418818905,31.41550317140973,31.69936862997487,31.779589260020437,31.808387079988016,31.78077354050585,31.733293018401795,31.913663464806984,31.41993859709762,31.639550836467105,31.624433046346237,32.07226219684445,31.528956112638458,31.57182752031471,31.790893321917665,32.00244180107999,31.554577542715872,31.65678737496778,31.025517833527186,31.64555200925628,31.77256390406167,32.08233458886795,31.66017673168672,31.909282123202853,31.43882660533557,31.602274151176207,31.68856329580218,31.715937658950157,31.270147827232652,31.59475215799083,31.66103964876016,31.7485805274199,31.57734087329824,31.665473652472308,31.526434206404357,32.20962355049123,31.91436357671973,31.56103409023788,31.69656734636168,31.71877076876166,31.76970463403511,31.825969339097615,31.133300481415063,32.04394274997371,31.70375033427201,31.691697321616417,31.525147573050365,31.821821893485115,31.74439820984288,31.485526146859915,31.74290240446605,32.100986285732944,31.37706838704723,31.409075187627582,31.653493263407626,31.66232938697353,31.79434823063038,31.323799101397825,31.454765544830444,31.725639397788846,31.891258827882176,31.68790831696573,31.397280490479226,31.739921771766987,31.270401607426383,31.743432561237583,32.25340380921874
P46109,31.85169057972753,32.02873311992568,31.87483121887608,31.887798424169148,31.68017261280624,32.3774361783015,31.703534578239417,32.24676637793913,31.878629690354444,31.95679082979315,32.00336783865092,32.18132373039607,32.18141438795558,31.89885822325372,31.988692862052392,32.21463122946346,31.767788017755983,31.87482633912004,32.13397780822578,31.864001943582327,31.84192499887753,31.857860600505752,31.760846821711763,32.082686729041505,31.77101815275805,32.11048118251429,31.79161764260537,31.75342168793977,32.14612753585091,32.09554457723176,32.02224391867016,32.23514879805207,31.783393812355683,32.30047186164829,31.947697400691567,32.20057007046438,31.71754283737005,32.124652434995895,31.839762652757635,32.18995389115628,31.59431724366625,31.781424873994943,31.982633247134803,31.829996783453755,31.816367794883647,32.2779746030915,32.151340248965106,32.21879768058725,31.81851318177521,32.21190753031831,31.769889542231116,32.08118692397928,31.804987188003487,31.967783358667617,32.197417475080044,32.26644337353603,31.870867689510472,32.02339046463123,31.95775100086342,31.71812573068749,31.869420851517894,32.07829146040698,31.873491566181485,32.3313322615964,32.137244207117504,32.04936280273455,31.600591382395702,32.02380641917217,32.14329957527205,31.935591367319347,31.63197119761303,31.838108989734227
P48426,32.40274702551088,32.38850619402628,31.894361822832806,32.44422946729761,32.512556034230705,32.2510886316989,31.93862972089804,33.05150833208374,32.31931821351751,32.64294288099705,31.68917262825264,32.65395317883857,32.38766577700941,32.39204627710228,31.906018991357985,32.555874012077936,32.43054848110038,32.54480630162686,31.663836300780048,32.72610895516841,32.4231186013908,32.32705398719171,31.83495267648351,32.85157602769341,32.45924142231026,32.45470646911185,31.312827822935045,32.58598451132973,32.07294760326299,32.394237782030274,31.87164674852571,32.93572360982014,32.48153707204865,32.45396061395023,31.852932985850984,32.93143705962542,32.99156682151051,32.50310632725112,32.05102018460417,32.74940061556673,32.35874473626771,32.45532986233999,31.90839284143901,32.568153839248176,31.40393250616799,32.276194683688715,31.838366249223984,33.04217794791842,31.97319554254785,32.05081205289931,31.708587271078404,32.67333707630679,32.35811037543709,32.266726754936826,31.832450976343,32.67417981534357,32.31961889050796,33.820308599131366,31.942629383614864,32.03870006156322,31.328087258703224,31.703670074718342,33.026721473765875,32.26091422340234,32.448331109180465,32.16164917796748,32.554071166486146,32.72366226355385,32.2579419022083,32.43661701943357,32.33810529915738,32.77741900023015
P49006,31.807273353373304,32.8494519720639,31.7257991758262,33.28976965138565,31.261740091603844,32.45787100375004,32.898633981898435,33.554385923597565,31.08254567232657,32.99088389917462,32.940287604667255,33.55488312630584,31.7695750841917,32.53276875334007,32.59736627679863,33.40656279862593,31.85497564440838,31.639245783884387,32.42346377085398,33.41874376655305,31.889191346803543,32.61647870202171,32.5962700426464,33.524198748329795,31.61463170511037,32.65234597066824,32.2559704456133,33.66962029362205,31.913033082628587,32.65637965586562,31.5463992181036,33.52928028937278,31.660685101706505,32.564582683615086,32.59264371130723,33.582355436051046,31.80350025265756,32.60475126942855,33.42731274992085,33.63715473409697,31.82062116915923,32.490817109766034,32.97523440375644,33.6786263070727,31.791283213372488,31.796331963489568,31.930046805179423,32.984614902047404,32.030476780470714,31.99926253243465,32.202483737467986,33.52624695101005,31.544220123977137,32.36070978133012,31.94817354038639,33.66563724595031,32.15536426430878,32.66494281212333,32.385546767699964,33.736061111817214,31.605647429301456,32.942286247736746,32.54255013847011,33.87241113152925,31.50858607868542,32.936361531363296,32.44291610730546,33.31363529873227,31.57257641971009,32.765720747312734,32.26978462436716,32.92899166985139
P49756,31.454982983911883,31.397628363372856,31.611361421070413,31.84981649333037,31.689525145015285,31.218705674163296,31.15525308390149,31.749823518736623,31.47980687331773,31.61776770630673,31.98393476432429,31.592417412335703,31.28236582026353,31.68101947913612,31.02666554782445,31.722605476290425,32.09659209064233,31.463175714142537,31.78768593516457,31.38088108912247,31.28130932959589,31.180239533550903,31.690568314712745,31.90262191791,31.5343024197064,31.23821010215311,31.333867135210674,31.95733560669191,31.765119770196524,31.57995171815662,31.23895616887641,31.520582061922283,31.135669218969124,31.671823547787863,31.06631693245156,31.894131101615297,31.439663024461343,31.55215498429205,31.446173204950576,32.0240253094232,31.948052763129077,31.31689060712706,31.30768767647359,31.694168265285107,31.49832639361825,31.913598456709348,31.35137567082997,31.20004888194421,31.579518126986112,31.27744175023657,31.388852076628787,31.34839863267371,31.66376622102933,31.246314591668742,30.996140141794942,31.28915612507363,31.891086117928328,31.63447377702464,31.85886680848748,31.993059725012117,31.45521478324124,31.46650499502965,31.262548043912403,30.988590563541973,31.494392692356417,31.82888360148801,31.484772422983347,32.1606816904436,31.649171748661903,31.05879867879054,31.623383948964666,31.889442406086843
P49792,32.205174126373265,32.30841403434916,32.06995332967406,31.75053371810399,31.899667862240957,32.13140025681761,32.11803700048582,32.28730731685438,32.05025130087183,32.28493959579776,31.840297729301263,32.15709097610193,31.979642894561675,31.80959994558334,31.944677744556465,32.26480378836938,31.867442092891284,32.12275133594075,31.962709544973468,31.993258455379863,32.67387240299773,32.00751188260403,32.29791038446137,32.04808861772655,32.21236468515143,31.991453851758585,32.328541949054504,32.16809860874044,32.20051698737638,31.91563835280049,31.928763653085724,32.18057200606642,32.09515558242922,31.92500858082032,31.9366139928208,32.11054243590814,32.31484917817819,31.945071196513457,31.98320927235547,32.060800710163264,32.00036501504773,31.758015932717907,32.12473758453576,32.13217197242441,32.14551671128765,32.01374407272389,32.02139425627463,32.617819425651255,32.218430682584355,31.904534127362297,32.196029690777955,31.82766811114816,32.157538817913256,32.1862839397826,32.03701209326847,32.01100776111745,32.364786034163615,31.888561568334104,32.17988770004816,31.88203005988356,31.96488890933971,31.782106079454405,31.701769164929868,32.17510134975658,31.94092028178453,32.20575166746555,32.24191906628885,31.98660751668185,32.03323576295192,32.137187903877006,32.636824145678155,32.48547734130066
P49961,31.35479369155987,31.86290308856057,31.54673780844668,31.411362778059114,31.93064226401669,31.292748745509627,32.03247901513121,31.65860033613588,31.63982276569667,31.743962813409286,31.391981606316875,31.639237803605766,31.13643896920452,31.665428944844464,31.342621287043237,31.61221549795768,31.84362120315957,31.48541120013296,31.716368702446097,31.62937225640988,32.00071943190055,31.02188907727904,31.658329777822225,31.69609344578951,31.63266146870089,31.8530429160936,31.49749797007225,31.86957920617697,31.893678982874064,31.149420095445382,31.576869276485528,31.51846926768837,31.81774823350313,31.275383145662516,31.800034464059827,31.2062091110821,31.68433509198821,31.786999543340887,31.139008689122736,31.432715072948973,31.709459796502216,31.963185448549734,31.693685173742864,31.566086232289717,31.213202220383444,31.655148264134095,30.92179819903526,31.955115950646192,32.07987522455681,32.162218886335346,31.253500431301745,31.49740196954308,31.5581130028788,31.417129223858364,31.7098114906935,31.592432933895637,31.35775442338746,31.100124507084303,31.727525690701817,31.403095720681804,31.70766593125766,31.25954756677992,31.47041950145044,31.444358375063175,31.520578951224007,31.584674337959356,31.910960812090043,31.50066615031677,32.08933910046038,31.787277858066783,31.620101675567884,31.35768879121154
P51970,31.330009894518508,31.312189185349595,30.807333012655945,30.972514997148256,30.93340995985675,30.85080519480765,31.08706002532581,30.683803486633803,31.019127024779905,30.615114425254163,31.24936713812772,29.845813081261355,30.541666654501874,31.32431225492057,30.85840709825014,29.81395792530861,30.73192557126469,30.10257033515305,31.46122962457333,31.16929534843416,31.23666176948033,31.176227926067845,31.352222147246003,30.959067611237963,30.465776271507742,30.869887528774637,31.17505215302762,30.446108272882785,30.61125618920341,31.16535744318664,31.01819781929527,30.77990686514597,29.882982313306577,30.17415630593109,30.889096774208053,31.52691583966055,30.72031996324825,31.105115748132366,30.93493559397753,30.57187844630319,30.607412334676333,30.70985056077687,30.504939375072414,30.9664487880934,30.90972170992363,31.08647735258002,30.89133824813859,31.277786068005994,31.032803561811416,30.485158631280846,31.05470363889753,30.11125556490281,30.929082412602305,30.86997923019233,30.993686092748305,30.71888684497592,30.971914447201502,31.003526420653227,31.511451267216348,30.7343174031435,30.71964596877259,30.276193653478487,31.195821214600937,30.781017944333865,31.24692970290865,30.9550979218344,31.371148859504604,29.644984096344437,31.197969465280167,30.818134734430004,31.398095589988984,30.80264374193849
P52907,31.634140928462653,32.39892857629799,32.19214788405789,32.374842880078454,31.51439463002602,32.46865488581191,31.867563090098773,33.010266572978765,31.47475155055557,32.39761251657061,32.2613156261404,32.52224765906954,31.918780817187503,32.358251765962684,31.944209952332663,32.402360571380314,32.12738485045103,32.226794488769706,31.938410468890183,32.52612395233205,31.941188248586545,32.0759946931928,31.896582175828232,32.4039335708142,31.85560094318914,32.213545124412725,31.98106609453508,32.60190550611156,31.539959335264815,32.30205357032711,32.03332624038882,32.48119603034093,32.022390024996675,32.29579466655252,31.955149996025515,32.68860123466955,31.67199809699536,32.403122218590006,31.720843679333573,32.98095414647138,32.65458359431618,31.638621568033862,31.988420636006342,31.89755827205717,31.52321177620781,32.4892321062214,32.73757124943301,32.301008655682004,30.95728078178686,32.33515783130447,32.10805379174889,32.683879237249954,32.084486519144555,32.3732822787329,32.14017056442738,32.72616985879488,32.01359943514525,32.03188948401588,32.00065027396155,32.6677817748338,32.290913873645096,32.37510748979449,32.266169578227164,32.308305872271035,32.19156848219481,32.404762969554085,32.41193031068302,31.40548764005642,30.2114812651382,32.330012710163615,32.24937990865163,32.43345143880866
P53618,33.55264087676775,33.88075898446728,34.112578833775515,33.95139433078963,33.91318986876695,34.10342642828747,34.15093822166148,33.87989746223294,33.77988459361918,34.319733057737025,34.35035392053509,33.91569443104069,34.26361033368091,33.908017154682774,34.35263637099716,34.16594773996503,33.754532989262785,34.096275985074406,34.08815731024826,33.59759388050693,34.14958342413823,33.88358894907019,33.84443947500389,33.831630707727726,33.7883413581358,34.25863595121955,34.378310493757326,33.98089088733017,34.03008497482468,33.84155735944992,33.98924014073965,34.08782012508638,33.44631780423834,33.92040002431439,34.073116236015764,34.20392588317016,33.79211443527132,34.241526431008346,34.30941760746997,33.83682905478012,33.96026185584383,33.83930978261242,34.20817995017134,33.940082170096254,33.55904621190006,34.18791884463281,34.184514308058986,34.04146837004181,33.82251183228194,34.2090130891731,34.441662588580364,33.84675149208641,33.91245227348403,34.03146701919003,34.26591190586674,34.03076499770801,33.74122124222608,33.90023467696438,34.108581731827044,33.895534958468915,34.11499822321863,34.354691498015875,34.319473275907434,33.97535901302162,33.80031036834013,34.07370575599273,34.14554399155223,33.68529543934682,33.85714570895118,33.92365821270949,34.04442205154881,33.75349786305192
P54136,31.94811189886732,32.05650616881852,32.31990558840442,32.249828513584035,31.820320443782546,31.572511430105084,32.361381287663754,32.13864717742809,31.724966333534777,32.35962533867128,32.29334718598239,31.95673178931805,31.738791358836693,31.78385323248152,32.55380936211796,31.76518997007911,31.870273201482952,31.94953134317948,32.2239391939214,31.752251828157817,31.943421038337057,32.036118600733175,31.98146478374024,32.14993038229634,32.00745201165125,32.27705881996947,32.21598387189458,31.82560652153588,31.940373608818625,32.163823376898335,32.39705154787789,31.8708718193049,32.1493218100916,31.831048035207896,32.16807607971925,31.792060617501942,31.96256021556239,32.234544993112,32.183297522452065,32.06656371106679,32.02427968482139,32.11580529131379,32.266384389251954,31.82715569880745,32.3699227302681,32.178241853468954,32.347234055110874,31.48902034863285,31.878570213429605,31.88053426605473,31.95032273092352,32.00412799259915,32.16500409140768,31.83981711745873,31.911771426933356,32.30955776011587,32.34500150176293,32.18444493580544,32.18912651645953,31.9209070227187,32.139829370582206,32.11580633248264,32.372727536326806,32.345148162338255,32.15002898804767,32.366708939301354,32.47668028343536,32.25188348745018,31.695295311027056,31.90674062608843,31.74733392645097,31.73056568124661
P54886,33.150435994876894,33.61767878556446,33.95344210003522,33.765862031119255,33.105600320982845,33.47678807973742,34.04467979107503,34.11049214952588,33.59832129335229,33.73701706103412,33.61347958071484,33.72814586102238,33.31420516851683,33.660759573963865,34.02792016784248,34.13735653180183,33.372554502698925,33.24272730897392,33.70569993232874,33.85822734597605,33.16895736923465,33.68841285554842,33.82896990918868,34.0109382764858,33.02953925188946,33.70208264225713,34.055067471100855,34.02440599828419,33.2457028725501,33.60154009399942,33.88832944456675,33.85030103818704,33.11994755923845,33.69886893835676,33.88277943255356,33.917064147740696,33.1340649320881,33.67868582555297,33.79973171754136,33.85098406875795,33.167071865096915,33.67714700469124,33.88804559063193,33.926321300665656,33.02730085658015,33.71325110219807,33.92106311002591,34.10820203888329,33.088744672624486,33.65179396343926,33.81387217014967,34.07110819496545,33.406521669315055,33.72666332018284,33.83606218274347,33.97397098088158,32.935982964586266,33.63328138485573,33.790188874634765,33.91393618719168,33.073648833377206,33.57960296154994,33.6314553851691,33.68332168672925,33.295508931417245,33.63989267926512,34.00753552643948,33.840156288105874,33.310909354518444,33.622958008017505,34.11804914090503,34.10607982324149
P56385,30.93187883161092,32.749406773594394,30.795987898994287,31.57057893410368,31.75123746192874,32.07773351180242,32.18654638044426,31.42605235357468,32.12583838136901,32.68272895981456,31.91625341204385,32.20605648576395,32.06516206529472,32.15568412440808,32.364016903548894,31.695810821916314,32.17431440163903,32.18057582513859,30.66391034347717,30.4043408195236,32.23490506346092,32.15666769774359,32.2582797765152,31.67159369666871,32.123250476983586,32.07534204166105,32.25193476904168,30.87425625119231,32.03095605293343,32.28056566999239,31.843515657543158,31.191833602015247,32.08792970433581,32.14071052932482,32.13954767370839,31.193793439011067,32.18431535226521,32.98320469610368,32.314718262492626,31.228681806034363,31.70632619487733,31.89154565460593,32.057766775400616,31.41575136951472,31.472973969313085,31.625862606329772,31.6201352145775,32.00517270960229,31.61698389352339,32.021963250662864,32.343165815628105,30.69159782642766,31.733810371966072,32.06360096844826,31.86155711279793,32.58631610117996,32.072878518630496,32.032369793075944,32.19036061057611,30.8551693885962,32.199391623037066,32.230264257401224,31.45323122673773,31.91422831812877,33.22538480127906,31.459364177542543,31.55787586023952,30.938051613317416,31.46345913650721,32.1707294267064,31.55165404215586,31.873469174014488
P61221,31.11587525041056,31.57676583618328,30.841898302897665,31.02239692475098,30.868967573151163,31.429984751054075,31.304369563654937,31.392564033054423,30.78311855881208,31.35529745254661,31.862377830238216,31.40744115247589,29.91928174076392,31.05936961657844,31.2705756910918,31.45657412583665,31.45194337907857,31.40572959040439,31.5650117244252,31.534780581458094,31.162188403606336,31.49686881575484,31.233796356546996,31.406528544757712,31.083486953709688,30.773971121091613,31.272176138291236,31.722215012635708,31.252411556192037,31.288796242700062,31.58406692973541,31.316687884817377,31.14679393950657,31.51317390618633,31.05141672916604,31.361058322125764,30.84972890077434,31.494409826920347,30.949216051411582,30.608777752150303,31.8890645709279,31.333378613250783,31.221852631337526,31.603216964079028,30.804760975944514,31.228255445647623,31.627275126799617,31.776121469170544,31.18752885904865,30.894245948969225,30.89238639913605,30.96426149767476,31.421805624457107,30.536302059787023,31.51474995068265,31.561404709008308,31.40400816050637,31.748561526297465,31.68006221637874,31.51845064223696,31.66724661925124,31.86100120100708,30.888853093641533,30.735409655032143,30.77404762933709,31.82750549629775,31.773490859374625,30.77816774644586,30.560177881757067,31.622833592006018,31.785414401234192,31.66600163382708
P62269,34.608141463429824,34.32168028067266,34.63661995158451,34.47720720950542,34.309038262077195,34.585460732520524,34.8181200484035,34.2227712942405,34.37608000535852,34.86468014007427,34.68194552439113,34.53660999848906,34.31745052115047,34.43374351014892,34.45156734912669,34.83045691034354,34.29382857274742,34.803880039271746,34.551168339189694,34.440941019818226,34.48197333485422,34.403243200010415,34.622965836638976,34.75808061400799,33.870202240900944,34.35386305830886,34.87065376367477,34.88219975268089,34.29251080965544,34.63743264916359,34.2191851629874,34.849967040549146,34.34483136838576,34.08871023900964,34.57574983196627,34.24654817078585,34.00742517011322,34.91391350164221,34.72108286266052,34.411231517167415,34.45993686952615,34.68567693034707,34.53039010398435,34.68643730823123,34.40065360552542,34.72717520426818,34.60223195767129,34.35626309664641,34.30025278796407,34.4188760910269,34.38967125317617,34.56727430293453,34.28497553615438,34.71475129814829,34.76511258588894,34.68009817755783,34.315751749348195,34.63386009546623,34.681026060855125,34.63711880022545,34.8350639980054,34.645917674319634,34.446826898289025,34.2694668150846,34.07493300519014,34.337701958900944,34.5952223969152,34.463775122153464,34.62409120825482,34.59884346536582,34.97971588390073,34.722449962355924
P62306,33.0313421216698,32.388068990223594,32.10526584979826,32.157851642302866,32.33406858963328,32.76309705639177,32.59430649518406,31.798445548541864,32.30081331976467,32.08799359505054,31.777315157261427,31.6350809591046,32.54635309753231,32.49036590603187,31.14878579832868,32.27169195521989,32.48965797590721,32.442886970473126,32.20020349635879,32.63159192474894,32.673231149355644,32.07068059750775,32.37890731143694,31.382641940217567,31.470025907963883,32.612207688681984,31.42061429141135,32.95805844884359,32.07537316419948,32.52023319554206,31.334615568100105,32.84458677991601,32.944482973488284,31.26938007015004,32.80108308078084,31.79786248964133,32.198449855060595,32.29685818518134,33.03561904676079,31.848682038397385,32.42112862233747,31.95108946220048,32.892474694393144,31.900839105962827,32.79685959200133,31.99784314652262,32.22421880192287,31.25592216715192,32.63639074421687,32.452690394713514,30.94251443247198,32.588001970498006,30.945112711355737,30.905906109386287,32.60781120649804,32.575439529492364,32.44355201438623,32.52477778087456,32.536305898201576,32.573395766531206,32.201387733169064,31.88056389724501,33.15936063826821,32.23788715596233,32.713742933053936,32.09044612159878,32.628440743723026,32.054374544493974,32.18441979848172,31.486906539609937,31.859690625980587,32.094020002281646
P62312,31.83170227687412,31.895642153739743,31.51849780397346,31.700916430734345,31.32153675268022,31.66419713742325,31.595788853748267,32.17007097988798,31.806429459521453,31.66550788542849,31.36308924024983,31.71469200042131,31.78648976575994,31.893110439433023,31.81973554921811,31.894843654678844,31.80118414751244,31.893929358903964,31.130979907634945,31.884963332998936,31.410715387265,31.735175447550432,31.31564099355053,31.859197148090573,31.60709697729617,31.92684197077025,31.317998252368117,31.942981681338523,31.868071376733837,31.522352234552294,31.111669144985363,31.539082617576454,31.597932484242797,32.096255228321766,31.47712859208002,31.893331361669944,31.63139524609479,32.20031028421166,31.541608230927416,31.600023370982623,31.37890474446697,31.30231307964044,31.668906127595417,31.69641316120481,31.701002660528623,32.09883588499418,31.987643266872876,31.466184210488706,31.498281750603173,32.110766543094456,31.305126586510134,31.341211532015286,31.728811696368467,31.843200384888277,31.551025659438785,31.975156512138597,31.791318556715797,31.54066780968035,31.534412224080967,31.96385748344869,31.584216917763023,31.878373214724395,31.46686034126581,31.393404762516333,31.470576240700385,31.655497121447212,31.653298808057755,31.86756050679906,31.41981648943085,31.9357781305917,31.799917719810097,31.99397513816325
P62318,33.520646850243814,33.44520791369363,33.33194547029912,33.55757976176608,33.59737477310495,33.31325990902569,33.505234313527495,33.6448067730156,33.55536095792666,33.45677852143212,33.29743109295168,33.64953053777583,33.43651004580668,33.37602344681713,33.43902173115776,33.56982878353324,33.78898394377672,33.41820656791224,33.43889182045055,33.747459976422,33.405498595920584,33.39472012327094,33.428669863245915,33.56780046824938,33.5536922190763,33.70461531917082,33.424317037767146,33.48354714014245,33.54559389747469,33.492063349794705,33.36935218516298,33.48084059536493,33.62595133567744,33.65807734908634,33.268755054385345,33.562235613778995,33.59755094175262,33.43915935339604,33.50635569597726,33.35064789238839,33.569313247810726,33.52599318963737,33.457084534311164,33.25363587398994,33.61291430906077,33.40336841013198,33.522292842035306,33.43275047814502,33.59607911849581,33.37581659990901,33.48765057281689,33.76116920378429,33.60816415627288,33.36982696032798,33.64091406659774,33.55946823248079,33.57053001880805,33.520465871766,33.387715104130606,33.605044230434004,33.47417239274791,33.32219102726843,33.44153527023936,33.59703227426104,33.40470857350218,33.30212956995404,33.36208834557854,33.60096453517357,33.62187193657172,33.52712162898379,33.33369391084992,33.58784747685859
P62851,34.5841751391752,35.03634183906212,34.93911332766398,35.02134998650196,34.98341399731818,35.15545664065109,35.156225112496735,35.01724731209192,35.069836081486926,35.221701956841066,35.210551507352825,34.9605741799155,34.99023992276379,35.14518427685289,35.21180695410249,35.16677241929653,35.00133292278932,35.015101656192314,34.832100020989145,34.70880247445191,34.963650943197,35.14812466047143,35.049503704015315,35.14524388351928,34.83864113088241,35.15790783692131,35.18861183705759,34.973731750453496,35.007840810232615,34.92314876519884,34.92407381389857,34.90200542069724,34.960065777724466,35.17232755782016,35.24906717159573,34.883435921187484,34.939335477667775,34.95546641777006,35.00340958060408,34.90020323632878,34.682884947150015,35.0017418345556,34.97289235089849,34.97575364992158,35.15257375899843,35.15280036767275,34.77827352792817,35.158717784207724,35.03874709887438,35.16167676308331,35.183779799466095,34.901471145569964,34.86664624121241,35.11533035563453,35.190419692903745,35.11480962903001,34.85589712359182,35.073988953416496,35.04407214127901,34.78024692828578,34.63538934398472,35.01921003300835,35.01043303089214,35.02576022076847,35.07866330251636,34.93218338437979,35.17594259285755,34.735182344213825,35.0537665763051,35.14391790126387,35.04141406004824,34.90452242157801
P62877,29.893507425636788,30.86945341549026,30.754052608248024,30.82064343146181,30.741132704012355,31.361438166573485,30.74672624867921,31.13325134015504,30.81411777584685,31.105088575104404,30.73597254347446,30.774872580591097,31.122972824381684,30.882096979981945,29.42384582469972,30.98073319528777,29.0571025551161,31.16537332315681,30.650880052162197,31.017599845862392,31.11101487760404,31.071971524277277,31.02756470179692,31.138227511650847,30.63742729851375,30.95972471424986,30.51256752026949,30.949079850216187,30.577074918336656,30.9409018546508,30.224818480123226,30.965367060201,30.86194856393124,30.96770625725462,30.810938653956025,30.858355002351544,30.98951828068495,30.944711423680967,30.61976622752011,30.6899344650283,30.881042972339014,30.58130076355525,30.681004040281618,31.166085964251767,30.53375709640286,30.80883952513709,30.53847711734987,31.08483943332131,30.991569499558228,30.60951796365369,30.3562352719876,30.660483372631987,30.88329311350218,30.64052434314328,30.628460359648084,30.99527405884044,31.038315674654157,30.55452650978642,30.81642394724363,31.092837773018108,30.71377276922142,30.873519960274976,30.5980228660282,31.090506779703567,30.70753244628357,30.157798202030406,31.173277188475705,31.09502926883637,30.8374566576233,30.922501564760537,30.5109956136896,30.93443263451813
P63313,34.019758997105704,34.03957635625492,33.36236149302201,34.82708228252715,34.1799134124333,33.99490252255515,33.35250908594793,34.88220749382967,34.08009023376354,34.05617039795445,33.444377489267005,34.66980738526971,34.393004818123,34.016323594885286,33.45959566690278,34.75593335315415,34.15538092887324,33.93854240748488,33.458124961542374,34.56597494485899,34.15405352109095,33.91333566173813,33.50501184475182,34.69150070290977,33.92181443808168,34.22149102223846,33.689810568112016,34.79514732297388,34.2662199139069,34.04550626899735,33.16186552565147,34.6576505486574,34.12240662155886,33.98813749069767,33.49808526551247,34.63578466958382,34.281743153923,33.89751162108784,33.91094465777781,34.6972747715468,34.3843486551493,33.767088432445696,33.87548901912786,34.72755852084384,32.65816135265544,34.140043394784875,33.86801787156905,34.74996418664443,34.06606526691355,33.917604049465986,33.59503500372538,35.04480326595016,34.053656702367114,33.889930525955734,33.6187220620051,34.433646710307656,34.0235546201935,33.88939654292627,33.55938268757651,35.46010045205695,34.104293560083185,34.00531293445812,33.56366100882169,34.5097961252463,34.19449649531617,33.909573242101295,33.61505597131808,34.74636879759999,34.119412145452706,33.91980903027778,33.43764838857666,34.77885745471286
P68366,31.31566930243739,32.00844197891553,31.28616876969161,31.89677011498746,31.460652341019056,32.21139509919661,31.06008835732767,31.67887574919015,31.15800406691704,31.8559534334592,31.0140005508772,31.41708161417868,31.378547290514383,31.9656920183706,31.44070420771891,31.83916757941662,31.256059861000097,31.96191937588998,31.12745799756704,31.529113607358397,31.14298964417366,31.798685820427924,31.117817974025613,31.82225680193198,31.17138498284385,31.792012255476628,31.158447968947318,31.594789280867577,31.110347645284318,32.10595555790921,31.210342153874077,31.66879450884912,31.316360030175407,32.17606466214654,31.25747522811408,31.65507730708202,31.36302454392898,32.333113373431566,30.88438056954444,31.452365311674708,31.62008413002553,31.896329249385484,31.27585992111912,31.347477513621318,31.20140469295968,31.941858629532547,31.15225181496983,31.6287463743208,31.54876811201833,31.93281146568957,31.53121916144434,31.71751638152208,31.599840919828623,31.81817516496112,31.65964017669384,31.701206752260035,30.339117369602864,31.895970469370933,30.39046267725466,31.886671393777885,31.158661527171297,31.732995225285595,30.829994233329877,31.48134478910891,31.33012206341601,31.83596746837062,31.26462527412995,31.8226247827874,31.420163986514208,32.03242864016956,31.36208024167419,31.713245275364898
P78527,36.80765040010939,36.66612472231197,36.50087362034578,36.46842120567884,36.75322681062176,36.59440554053816,36.55762404838583,36.45606347544789,36.81020845322391,36.60687865429403,36.59953783740919,36.45708330086373,36.721511399938045,36.62251507118544,36.60805007707194,36.589630122694274,36.844433543935786,36.581506582919175,36.56705702954201,36.47499071487542,36.862930629822856,36.61437536529935,36.6387847520347,36.44225848300897,36.88682282756499,36.53813676751326,36.54707359968843,36.60639684894707,36.78613252711504,36.61757559537587,36.53559317916969,36.53806786139436,36.80198633181128,36.57866755548805,36.570684223037446,36.55034864393934,36.79882708308965,36.63136447343807,36.56543862019678,36.51732958023725,36.83588456146157,36.62410205313652,36.48914467645816,36.49264631169827,36.8479804148154,36.51669961274391,36.53413001721844,36.58602549469157,36.84995862719473,36.58144909941999,36.59705737852156,36.46405834404923,36.91705713277721,36.6102281580878,36.597485331720925,36.4662403887368,36.743050649921976,36.61259983511967,36.62853309642176,36.48851187357455,36.75486638247001,36.57470905589981,36.49788776945622,36.46222607286249,36.84049943408203,36.63909077567597,36.56060712968537,36.47637107876504,36.862652985278565,36.5195704520104,36.60842511691816,36.52315742209674
P80217,31.9795601334307,31.47767090341189,30.64515239648029,31.631787969941048,31.943436596988967,31.839930993521705,31.61947381423665,32.219534502827734,31.76210499116344,30.98294604976663,31.487746279785853,31.194133284648764,31.4939922350438,31.54814635829666,31.351051444090054,32.08905452572569,31.508070569656592,31.77814267654221,31.21985672508024,31.868670754496776,31.64353534393562,31.760469612736003,30.730426487837494,32.109254260225484,31.71955469180574,31.606058681053195,31.52486350754017,31.95148714273039,31.53126560182216,32.01599536509678,31.30238781696417,31.928812935952013,31.17891548865706,31.87840820532524,30.883485569407632,31.98476973326293,31.377790125848247,31.92118087575628,31.276699898125557,32.028610761935184,31.469205973043056,31.56251173667087,30.974090679207578,31.65466815884185,31.605438005028475,31.90432641829998,31.636951151670345,32.13168820402886,31.70503375088116,31.306863821683358,31.59169961024421,31.484572796296675,31.29640374408933,31.512802214467367,32.231122293018224,31.966953142491818,32.09334433097815,31.620429069332644,31.01829949871629,31.421745459156128,31.463108249336013,31.579011187214345,30.816791760874107,31.75904968903392,32.25501840075713,31.431772836806275,31.335022033177328,31.719259139044905,31.450132747080648,32.06913316304636,31.80145153603671,32.22800901333817
P80723,33.779286830717865,34.261984558523224,35.52884902885793,33.4510667732934,33.94695655922601,34.91534457511588,35.149498917070176,33.28256053914541,34.03299207785252,34.94794363568683,35.104416066781745,33.47566073179417,33.98003389883174,34.8114675473954,35.22800123416165,33.45987783669567,34.14186721159301,34.71018628293334,35.12661725948534,33.57041324263085,33.977293457333786,34.495158133891366,35.144793396530424,33.05882440697755,34.10308421909785,34.9539706205013,35.15287051817272,33.47709852750309,33.67512634963259,35.05013385007224,34.5100292689656,33.39882755676494,34.045636054551274,34.61720599101426,35.38434490746484,33.428012324949684,33.58649445992096,34.82362111012171,35.16804809573162,33.32942845641729,34.257387127307574,34.64177441885326,35.03431815065224,33.568314994193244,33.95753028382412,34.819674927996495,35.241049769988216,33.558584130950955,33.94652327779313,34.733281300183634,35.16893766179766,33.32821556673023,33.890987553140285,34.777586073313486,35.13445755464709,33.24667790069632,34.11967549659275,34.82888277965012,35.230059486431315,33.43471957524646,34.200774663319095,34.47049031211608,35.327308340729104,33.661597714185945,33.826194859011174,34.75067261928209,35.35946272460608,33.36236583387532,34.01771723695171,34.5099950231717,35.06146002535369,33.23340080919827
P82673,30.435019703612344,29.64307781547442,29.74457593846448,29.59567412198985,29.911340506321963,29.879158573478428,30.31232684668621,29.68661845879521,30.07104851007401,29.50913066347681,29.97821067760509,29.736249071769983,30.18086311260413,29.964631938043407,30.04181783433258,29.574896823363016,30.326277108117523,29.74977634094779,29.762909800526423,29.888473180509298,29.952642675446796,29.7630026150318,29.55577707440076,29.095523395733277,29.821583486630203,29.984904464910183,29.56403079795793,29.48981423630489,30.02066741534849,29.75683660393,30.026477615065676,30.435214222634738,29.490463047982985,29.99706110957649,29.71752082845456,30.02855837266732,30.363769779946875,29.80919757877148,29.82491064959513,29.9111984165112,30.193896620831488,29.577039317213725,29.497172415602712,29.892565324130675,29.93437722940325,30.19138382164545,29.593041613286143,29.775430655566275,29.62748224500584,30.02147110336241,29.351850295842056,29.984404679484925,30.121473458451685,29.688113942491004,30.39167601976712,30.19543761798293,29.99540099661054,29.49503557966153,29.50937840104515,29.67532933375089,29.831926022762826,29.651379420813228,29.981849584622363,29.93380216178036,29.89638463342181,30.016992392834595,29.69775416492084,29.546477228981853,29.600740811902696,29.958355677627903,29.954224272125096,30.57949986872516
Q07812,32.206360369411364,31.17652952212947,30.962954383851084,30.689567603482168,30.638834374580437,30.739765131555664,30.301569418112937,30.9710796258127,30.74801601840673,32.65580569181336,30.743168961266285,31.195714351440635,31.111100745356275,31.1952851777715,30.91373929666876,31.20988030689175,31.19700733890216,31.0885035265642,30.78847820784822,31.229290926718328,30.98769319618305,30.83047023299433,30.629901596500105,31.2887491619522,29.95481282781149,31.29268051903724,30.717508984212422,31.66623157408088,31.573610188453557,31.52941896577577,31.548599467039885,31.49858421480712,31.552245879865687,28.833254188089484,29.334701050745117,31.52534592907627,31.223523544920837,30.979388275468587,30.805493270044725,31.10676255477176,30.9779009072806,31.46272704976536,30.20197034255236,30.642641033132108,31.21038351575272,31.63845213549705,30.111107504688498,31.793417901536163,31.20404307125533,30.900391401300865,30.670083926344574,30.51839357043903,30.905890366970063,31.08954637857101,30.915364108345734,31.351569517747546,31.233415840568902,31.178401899221427,30.993634714072368,31.28626480883129,32.074780594496154,30.92452652556244,31.4455194247685,31.298545568863577,31.08243122470031,30.411404777862245,30.502281655399656,31.34319342538453,30.27912605904437,31.159725225496665,30.40123403602457,31.554441905182134
Q08211,33.37372867302623,33.3551263368349,33.290355024394366,32.63815340658461,32.9960405767653,33.10454517440681,33.15537264254053,32.8509589535268,32.8193820516838,33.1229357186418,32.90533072663964,32.82770099149164,33.130041930836505,33.32395211977834,33.07803659068279,33.18305450242289,33.19919940219662,33.23548066948431,33.08036429049562,33.02179037674683,33.20428261046671,32.930190459662306,32.9672495400437,32.43882127952268,33.22385038334319,32.8354488855972,33.05506764453752,33.21293027128615,33.2395369299401,33.15061865499706,32.35519686823485,33.18080150369819,33.105663698489955,33.03310663423318,33.1462108279576,33.160095602823006,33.060573956879466,33.30958138146668,33.34463125881622,33.190609833584176,32.71834353077793,33.22511272296141,32.886072837274426,33.24454501678269,33.01963330077895,33.08387041594134,32.57298986200962,32.838043505138906,32.99788674206957,33.11196323320897,32.65665868232971,32.91339801477079,33.12091386063938,33.096788534007665,32.9584531661339,32.99671107566382,33.427119046644414,33.04572980620071,32.9766034493567,33.211851328967114,33.120148149429895,33.20248289253908,33.145049057946544,32.821533508617335,32.761494564475726,33.18195925952014,32.69543416925273,33.22642493811301,33.145712228379416,33.153975673768656,32.87863182290932,32.79045205493506
Q08J23,33.2472112957224,32.870401217250134,33.02418458642428,32.92063952091274,33.34718534149197,33.1856160906842,33.24824858091558,33.195307031726706,33.31274207280332,33.29873368648869,33.009031608751854,32.653898317948,33.225775281368314,32.772506039071686,33.3044710281138,32.948198162665754,33.20501609560768,32.999967791551846,33.10280380066881,32.962274797460466,33.375858214918544,32.950530349260106,33.27633118540013,32.94310968304362,33.34693228751802,33.05971034827744,33.19819522523551,32.91654798546755,33.402180855252304,32.9427496795232,33.06021458933817,32.87219701183003,33.40463545027505,32.99703909739834,33.25680445213428,32.86217499625116,33.089785398076145,32.71739230994011,33.1798489817383,33.09904712394452,33.2477316927121,32.93856320226686,33.213735530901864,32.905124705428435,33.49494108546965,33.098543377117366,32.7971749566772,33.2719100297313,33.3611889609491,32.77413080903541,32.961910603064155,32.89417802232612,33.25916349617827,33.2336077128508,33.09660210219624,32.80751907885235,33.45886731888233,32.9794852057376,33.21291687455701,33.09719915297127,33.41700741133666,33.15575496310252,33.33564974994677,32.84260915111031,33.38767719566364,33.2394730679114,33.11144541399765,32.83974235341993,32.9675748953108,32.94431375125547,33.01572226618218,33.12166289936594
Q09028,32.03708765524976,31.72898034468106,32.116738973903544,32.31563786244492,31.706753570796582,32.62213371712451,32.49276588015127,32.43640988464512,32.37966298854389,31.910482508001717,32.49934630422128,31.55779271778132,32.34591343807596,32.4668583207379,32.340778292462,32.50692551593328,32.302474539035465,32.17465673747944,31.749664347006703,32.17702883049849,32.12053816894342,32.22879270794329,31.693453315832137,32.18111269943162,32.239151132635456,31.916352636545565,31.89111295795791,32.45092865134154,31.88231757862373,32.10102483527041,31.812353672778755,32.24565713979709,32.262012201184994,32.77393441721594,32.54589037423391,32.79646089756105,31.801038314447396,32.19283667847722,32.10586163688425,32.38007007549173,32.702381104557574,32.52120619142585,32.16411254575036,32.025495828720544,32.46740438434961,32.3212826084523,31.930162157341503,31.64334032221756,32.284378546922554,32.145564068319615,32.258305372687985,32.62421075042125,31.62572243063632,31.93999503890097,32.17874814162333,32.537262857025176,32.201971632051745,32.018575496873304,31.903918373574424,32.5052140117565,32.11916711378053,32.23699756239328,31.8553783221855,32.76291788178773,32.28346869154055,32.14373549880739,31.963611042205745,32.69567510627032,32.533972902154375,32.012383104941186,31.92185423961191,32.07679322428502
Q13077,31.13033339810804,32.24916723016197,32.44029977534618,32.12043055312232,30.57587506360307,32.1859118599547,32.21971054244224,32.167009136584376,30.390652028096422,32.01121663775972,32.115952158234684,32.16077229356513,30.67401204720527,32.216221980935366,32.1707310244891,32.134869430097275,30.921416235008056,31.9565344369918,32.430246884159814,32.09249779416109,30.54104370981236,32.281801308587774,32.06759490403145,31.985795886303343,30.764732672152984,32.19007458273249,32.20120043030657,32.15295656672152,30.5298367785381,32.23627219235244,32.29463963672566,31.829601486212884,30.89323476511865,32.36207862913353,32.390844371397854,31.751378503453093,30.89905502639377,32.239430928809064,32.506211763261355,31.82728613058935,30.78432955907764,32.180932383778355,32.12321217017494,31.89342912399641,30.38359729581233,32.547053510133296,32.52606890276815,32.130815959956934,30.629989667705328,32.10099374337641,32.4437510299728,32.04520724978363,30.636353560741284,32.25854993352561,32.4528761342694,31.81406467392724,30.667720840088148,32.15423424261661,32.26252288440006,32.128545592027905,31.01196872583522,32.342120003190374,32.222579998934584,31.876227755604024,30.51812105054435,32.193056690322564,32.29705245314243,31.681498951572102,31.16395576365043,32.09347000915969,32.2868747777222,32.17865231525183
Q13151,34.36801673910526,34.3893264642327,34.39524979565427,34.4646581392495,34.79113243057961,34.606878385879234,34.70395919166032,34.70389798412921,34.668228544869415,34.38801393960776,34.68375052650907,34.76892664035734,34.62004901552667,34.51519707556728,34.570696385278026,34.71684870851029,34.63292957739017,34.4520845591217,34.43840379634988,34.66783106748804,34.60997824327845,34.37185013873485,34.44352082218134,34.797515757425984,34.58193785603208,34.51614620623397,34.48048796542408,34.67539808681402,34.441312111729616,34.71786098185587,34.80516063838042,34.7934285789631,34.54397015384039,34.71433705970672,34.43753469793789,34.579147454443856,34.54970322078352,34.5158699315984,34.899358083644586,34.655831590357565,34.78067412799608,34.64821070996968,34.632461545864395,34.44895545017113,34.536128415123024,34.21023173467694,34.68994652619458,34.70676176317858,34.42790661526113,34.41946272512572,34.31756239739264,34.83968000996682,34.817418980577735,34.58871476007284,34.708058927006824,34.45211159549508,34.80885276537838,34.61631861394469,34.56576442197158,34.567540888303206,34.60354371352615,34.46267719642464,34.4717453134874,34.61828525482185,34.79396632018742,34.58615996584385,34.510568648481566,34.78882976418918,34.47920044235911,34.51455596334132,34.41063864069835,34.79809577417915
Q13442,32.57577735972591,32.50450426560691,33.1214055860984,32.72364459325145,32.52568524877529,32.98898560859728,32.592086517342935,32.53302433348034,32.59222452107518,32.657181518211054,32.51264082582357,32.624536340775336,32.31790433166769,32.663058700649515,32.79850470560548,32.76363427687059,32.339896402523664,32.80893330679745,32.74977824382102,32.63769945226144,32.530072528476346,32.7940721498359,32.6106091261996,32.70570765798457,32.480586222573486,32.94082538779879,32.660483264462336,32.58327215562188,32.44516975959555,32.649149727395184,32.71127468273917,32.55086432792251,32.23297525393365,32.95033491620902,32.65187064559645,32.678549949780695,32.7140546266496,32.55963904286823,32.92854555818551,32.823651402438074,32.48065829605375,32.771907060800295,32.771755511317004,32.43857346349836,32.53269248186329,32.43323021444342,32.41496072744554,32.33643531683242,32.41213756608688,32.35631414688738,32.98891943295824,32.593543399912576,32.51664636760418,32.75051941178549,32.799941278466726,32.542281145819416,32.406113729324744,32.79038872222865,32.72845874832947,32.81077058638079,32.3595599268344,32.457829638533546,32.519742838414686,32.773359119869255,32.46979392408363,32.79592582580455,32.738730067893485,33.1502935977509,32.69114685832121,32.59584870130087,32.41335572968359,32.69839966322012
Q13505,29.063513483400264,31.08273592626902,30.924606591172758,30.632645989767404,30.676207965485087,30.799294143620013,30.60235849096652,30.7109877936733,30.061516825913657,30.32428631136797,29.358842073263904,30.55439300157748,30.6724073970472,29.964629120572923,30.31521824478616,29.64268247402123,30.495004999300686,30.42639389870814,30.14832275894526,30.395136260557635,30.522659256614688,29.799530082549623,30.70620316792177,31.06131633397777,30.959477043770228,30.451149034585278,30.919479130807737,30.422550640773764,30.752484245388523,30.74454127824271,30.917499389391978,30.52833918787583,30.530350036612614,29.760292025079067,30.315261724768565,28.50325572385965,31.338559789792654,29.5423927815417,30.570815796581048,30.05681088529425,29.589221021144915,30.72952959194895,30.455673369109437,30.419472115740025,29.60201154908233,30.357616909524705,31.83630819109865,30.699047901818066,30.284757193643024,30.044816484679856,30.928506478258104,29.68547393096436,31.370971600317,30.536118958176168,30.172615543629867,30.04417968232492,30.21223051568138,31.344963045425978,30.7594771101057,29.27678092953227,30.18944215338949,29.956832661000945,30.862618406393945,30.198783846689835,30.655370168783158,30.160931525874062,31.156101713472736,29.67354584723445,30.211831486410983,30.13314657592454,30.7131293153358,30.10815668140899
Q13564,31.339180298058533,30.91913423613388,31.50888616866901,31.80523745763068,31.249865536008173,31.55573937337063,31.03759725568206,31.20552532447834,30.786308156204534,30.977397539446343,31.156297940884293,31.709972657925345,31.231617159262647,30.984823663755765,31.196786963345037,31.43012309144597,31.08051230056932,30.68511803639992,31.62576479259037,30.83407134907412,31.496521862469244,31.38242779285937,31.63175461316676,31.54711688185869,31.10338425161048,31.26141942196225,31.844563051100685,31.331795343836102,31.149991093152828,31.22857050329729,31.1935439711669,31.333356592465808,31.01482096555804,31.104852856299484,31.276630664013656,31.23496822177873,31.209877550797103,31.225959092831296,31.70682052268497,31.35059533975417,30.894718253328943,31.279905072263908,31.44067743815039,31.100298892860764,31.298983674847538,30.949649242823195,31.562736440177275,31.045687696028303,31.29569400600751,31.10112990931348,31.434452903568346,30.663491549792063,31.599167192021657,31.20892086704676,31.55117123553845,31.33112319200727,31.366568060794293,30.822589190626864,31.204662701666603,31.723279719854325,31.272403014152907,31.149488328639787,31.072770364840224,31.210303597437164,31.313479745244365,30.854606263076057,31.265169059489278,31.4617256590098,31.272194385003363,31.03540140190336,31.59583636426913,31.614064446440228
Q13907,29.936384624895823,29.90261537162212,29.61545987399433,31.77150008161555,29.79216926608037,30.05044930729619,29.28871899308487,30.538222799768945,29.590231832022283,30.22934498532596,29.608120740689944,30.433981067146885,28.34104319233345,30.60761405735568,30.251576150032296,30.85074855213898,30.128587333137634,29.220509912065097,29.812673461211592,30.783674962986236,30.09375280408742,29.71233289051993,30.12842259024025,30.38131420584339,29.555990936244523,29.488090312322623,29.856231841247748,30.855213051239964,29.63965572356998,30.40269146706221,29.85351714980414,30.704430744485997,29.698572921897245,30.05373484950597,29.416607190306493,30.83071321169206,29.50043020204719,30.07116389471023,29.376670317476595,30.35476387723997,29.857758665480404,30.265808394355695,29.378931482353487,30.651893790688657,30.058339230917053,30.023988222560405,30.07442828911241,31.116710454822105,29.68692910900512,29.821580264973992,29.651908103109086,30.992239001866885,29.75820926978384,29.691970662321346,29.41855523805305,30.659641666568785,29.7895147154866,30.24901866147936,30.067562616939608,30.81040865671629,31.010842500725825,29.35448663809308,30.681944224741635,30.6041911338272,29.53222472505639,29.33397657805604,29.64324553232202,31.70843345577569,29.64967286295331,30.170449758522587,29.751181746472323,30.42109650075092
Q14232,28.620620874604693,28.42608510838276,28.776932295727462,28.38180956048713,28.6783237486841,27.86184306977751,28.793917591810366,28.89034681386625,28.960783312002214,28.29117295750535,28.31615283026957,29.28374547662329,27.33712701722285,31.06567438868631,26.639980844821856,31.23252164759097,28.837585790458657,26.65355783933192,26.639595083846288,29.57529764045456,28.39680174229579,30.08500234632976,30.187602861028992,27.710579648557296,30.567353112270435,31.102337943916243,30.677190443777157,27.196460334759077,29.017141902511263,27.171300175157143,28.16675735707918,27.650975534628863,29.43838018393764,27.00540822750328,29.671252219828634,26.92836066613882,30.275719047859784,29.8018480695301,27.415332282529825,29.694450343837257,27.768231638274905,29.696810947201865,27.356183001818746,30.144380955090472,29.922797274078484,26.72306864011737,25.77755307712541,29.92657818129445,29.44897816959827,28.51087586303401,28.07895639541026,30.14255696973773,28.39411323757177,27.91455115370473,28.01763397378345,29.81321007212618,29.7755649393934,27.885929120474145,26.160172467231703,28.596344334046275,27.859853610952374,30.162908463846332,27.567952550607785,27.649198139006074,27.44472965500744,26.4968604127937,27.400464110232864,27.25593241132721,30.149478158062408,31.087598400344,30.824689641766305,30.20147318056332
Q14692,30.891206413386104,31.212911480916077,31.157886843662546,30.71123301588449,31.25218420832367,31.112629940245064,30.91843826766277,31.006534754985125,31.189423251516363,30.51466378127951,30.84775913340132,30.506679156714,31.181006472138368,30.69073175898748,30.970425773810145,30.90619710637088,31.36801330005587,30.564092154250105,30.711500391149816,30.83785337901191,31.10689295468465,30.533001799388558,30.80976275634576,31.034708345103805,30.756912921314804,30.9190410612064,30.75603751512254,30.907091800456392,31.2166327974528,30.703289868742523,31.24874386762726,30.98770847072709,31.274824302788677,30.73573441582112,30.84951260879169,30.286780967848134,31.203848341444058,30.56336790360463,30.651841733883405,30.564517841578155,31.10695509141902,30.878203176842423,31.268868183139297,30.883204691559413,30.81896474281892,30.87587631423676,30.834707359603435,31.45423893133172,31.112495992783515,31.014201452412276,30.70364669741759,30.66487655883025,31.212123508396925,30.67144748303848,30.62519638228217,30.56054987209275,31.26348311950381,30.957555613759887,31.12137414253332,30.39599813539705,31.12282590780323,30.584672028730157,31.032907316515637,30.671909809948115,30.98368652058281,30.540643689833587,31.22779579273065,31.0332529042201,31.152616015893024,30.72834780256549,31.04779742225313,30.88956347976402
Q14696,31.53931729590767,32.3240849548998,32.08457665238534,31.74193542680796,31.406767886314373,32.24565024703998,31.91868754588289,31.61018416629932,31.314798964702423,32.0865237302842,32.18074606037781,31.296055955454733,31.930548939340927,32.32082547773085,30.453691341360997,31.600727366621285,31.87690335457172,32.184395105243496,32.06819916430795,31.78431985175507,31.81877040354758,32.0005231484091,31.97471667121835,31.73481312057216,31.14291820033397,32.21216381224785,32.17977777618942,31.515294121455,31.359656397487875,32.26984658291163,31.95456503113165,31.43433005813477,31.32107221107861,32.36342657707001,32.06340640725032,31.7174262324001,31.492683285688862,32.2096677354337,32.26337491947992,31.524159091789983,30.99150989208362,32.0568051623347,31.645277842890916,31.65247524574147,31.65456110069851,32.30402182000682,32.31353893722424,31.52002918280481,31.65083979038669,31.56097415971588,32.19021114057922,31.388508398696658,31.55336042101183,32.09962633023428,32.129230415605576,31.72596851557241,31.27373225723548,32.30425352523537,32.15533642116043,31.452942894299984,31.605532601149825,32.18617772554686,32.01749805655759,31.315339348351547,31.62015609021221,32.25277879989034,32.08507688232408,31.261095604263414,31.258293024008186,32.41071976058157,32.035565213964155,31.53811708978298
Q15018,30.062949763726152,30.472116524213945,30.634935708583537,30.022674947122564,29.94799356102786,30.5225091699618,29.962504291776987,30.46021612696593,30.445581101501283,30.351626941168327,30.08111080629704,30.70660783049006,30.44601494694978,30.191602519675023,30.655427049412783,30.56296068346877,30.133516727413188,30.20040475254065,29.95999320787447,30.497089016020954,30.009627776722304,30.169898477781903,30.1489717518444,30.637270895971803,30.097119914052744,30.50855127995123,30.41973326265781,30.41639562895971,29.936966130705574,30.457719392076644,30.46509675516477,30.53419697828642,30.05317151038283,30.580529704717016,30.145077132875198,30.048739713328622,30.461034600171413,30.011923080756578,30.764206135616487,29.96552894235769,30.13431891768496,30.162600688318545,30.512332484977104,30.229836035332426,30.43427801849763,30.527513559682586,30.40848857534313,30.34472218571434,30.145570735122245,30.535614597729012,30.27199890332057,30.54866617854481,29.83468916174492,30.061523180242663,30.125407352578065,30.46596792638095,30.23431121657732,30.384800777359864,30.615431206168857,30.435976120553352,30.612764805643117,29.80784930312613,30.464575582022643,30.49273872246725,29.91979746304293,30.25589793631632,30.370686672921973,30.63832024740776,30.553784785271567,30.283282226463715,30.482111685523837,30.18693474462581
Q15027,31.310241190012107,31.157743314282826,31.403171370397576,31.297319529608824,31.34711238667297,30.979704364739987,30.21426143110649,31.50277302351799,31.172977312511662,31.44352093064203,30.81594305117671,31.208193375878277,30.974767301553708,30.870015076848325,31.08590308290634,31.14263725567736,31.59973771430992,31.40563978575058,31.054217399618874,31.386126901294045,31.078615080321573,30.345726603086696,30.858553331446824,31.47954543091955,31.35925192747041,31.37220116281778,31.28257707558148,31.384149381121706,31.3862636801411,30.718675960403534,31.0918737280634,30.99575598992867,31.24692207504341,31.162656476426893,30.392671471685325,30.99568598536629,30.862368301068415,30.89281735587699,31.057566911543624,31.09602258073099,31.21239782016493,30.661884821428192,31.43396265046954,31.48374403894037,31.16276709981227,31.36357698738159,30.48780733125187,31.75691854463637,31.48469230902384,30.958322688420846,31.264271394254195,31.46600371410452,31.635296663978064,31.255590691074417,30.80053695204161,31.642775078455166,30.89816620773663,31.14739288394134,30.56502206260473,30.56126087120456,31.704283357998253,31.430447120700475,30.418593741956222,30.79410215561012,31.264983765675492,30.90360104213535,31.56434209969728,31.092862529612297,31.256265382325896,31.11211081905801,30.73667335768546,31.45829898260633
Q15046,32.66451131716523,32.71283900475711,32.29365919166036,32.183850720657375,32.65088864222655,32.502809671537754,32.65482966992351,32.4193013080261,32.509424357545285,32.737759220536134,32.022538650502334,32.42809383882116,32.57065657111037,32.79713620887152,32.26889785745547,32.43628864162063,32.39816365055148,32.47627899211043,32.587670576248144,32.38831639854144,32.21601001726482,32.61240620546455,32.30950608641725,32.64037218801103,32.36274839678763,32.40480700530214,32.438789926817165,32.68872696570536,32.1173011610166,32.48017767943706,32.668919572732854,32.33163756446512,32.44525968914207,32.85011724404988,32.87001310002409,32.23319087736159,32.77472258073184,32.652646338457856,32.28757074681151,32.59190685448598,32.823894274642406,32.399561677185964,32.2136291173526,32.46772402285042,32.55882239914801,31.94982216526159,32.30641874621608,32.49824005839643,32.7583035076471,32.49414548928263,32.50963113943895,32.27587404026493,32.723129291016704,32.35326882822733,32.204007978418375,32.659497555319696,32.036429704405585,32.661319968751364,32.70319947608981,32.57875195192428,32.28447943505832,32.50210702253144,32.504187601026494,32.18654617595758,32.47092081171784,32.35261493463403,32.62333422115417,32.37836819023918,32.29255928575741,32.47989480295411,32.657203293657346,32.9697419243278
Q15075,32.79324351001246,33.216009395892726,33.19056007624715,33.22357076352284,32.623869495067204,33.26855163125198,33.32125214747114,32.912085219000595,32.85713884764301,33.907615269933046,33.159788003861586,33.03430007703053,32.93717849398538,33.05900859017078,33.111576821783515,33.25517591197943,33.38765432875137,33.475333651801364,33.25610999200797,33.134379051412395,32.65178749785552,32.85254162802584,33.270195672621135,32.71864154421814,32.658523285916345,33.40623136913296,33.42242526977186,33.29011267701337,33.18332538758381,33.01820328813513,32.856800312373586,33.106568004297635,32.88993899225332,33.43877945401308,32.818128194363,33.09599605070732,32.94395183648169,33.84305904882706,32.97659225845422,33.02296936846222,32.69905024042043,33.19434062859357,33.08157379835226,33.18262283231219,32.84778535253432,33.30544435542319,33.18317047890113,33.18084066967536,32.908763434792945,33.50254837717593,33.21758492889935,33.296713180630874,32.897276938250606,33.31681348479702,33.293240095003455,33.19055033920584,32.66931338986161,33.19615390677417,32.57434840595925,33.186243150485424,33.01253105056303,33.35147397619845,33.24967323364234,33.46401762842284,32.43565426469817,33.131248866060986,32.630159275281,33.45455535339181,33.16206975181907,33.122136205198224,33.2833806165513,33.12312430419371
Q15306,33.130110839391854,33.35019312505467,33.03670712919936,32.974093220722864,33.28167466552289,33.09685849911206,32.83329624315813,32.60102065373935,33.31424916620049,33.2729619489712,32.845572889283446,32.73555630569817,33.16639934415369,33.329927271262385,32.908899316857536,32.81103705160253,33.285085324545605,33.326577502432656,32.899977123797086,32.67633167467384,33.251382463419404,33.311806051826714,32.88041330856023,32.81236456848105,33.36745670212635,32.9563138270727,32.75570787976434,32.85166425178125,33.096373922186245,33.55459322436396,33.01227423470694,32.81050784638243,33.039228662746325,33.27652565028409,32.73159189695737,32.80449581883201,33.292917295339684,33.14980488185022,32.85431637389897,32.65204755762732,33.167341201685865,33.26258804137203,33.01157364301189,32.51604738030055,33.13570970482878,33.21806059379782,32.65159589904715,32.84514638126956,33.2512643886296,33.2564617980997,32.7635050572659,32.721979057705965,33.280766487642886,33.356392389174694,32.924198672448384,32.6072786860987,33.165616339734605,33.2055598901763,32.81179522115211,32.71959930325692,33.29427246982532,33.43098600624492,32.582213115462125,32.58861176798734,33.137754008444524,33.38789019994503,32.96520858959084,33.04939016314637,33.16155892044561,32.78052067765457,32.76219162393327,32.99865433983712
Q15717,33.330871201570474,33.55558993239388,33.1215873242796,33.390248635942655,33.625041989377735,33.35294061700733,33.09959631504563,33.640547565192264,33.638694514402204,33.33310176726163,32.97939989528359,33.181824825104194,33.39313678817274,33.42959334970714,33.34066277650351,33.467413885218924,33.54358822877428,33.19082333309952,33.306856237704025,33.50083295204928,33.466318742525814,33.29543653760905,33.12979972434031,33.486131330024804,33.50265521054268,33.21831749445979,33.06279603883521,33.48254176218212,33.58060663021718,33.57042834425258,33.53027455599158,33.53605637449629,32.87086210754133,33.59104603265357,32.936169851250334,33.285752432191565,33.423895857789645,33.57499577489322,32.97733967972483,33.30683391130119,33.30183988605907,33.37852630433879,32.936027517256456,33.342441157624535,33.42744073251934,33.42727178240325,33.08892352327131,33.72808367690875,33.62439011212225,33.199279868523334,33.265071412569995,33.52984031811751,33.51454749789447,33.32221303150007,33.233220878063044,33.58820108075763,32.95909022103771,33.293926760773424,33.25718702389621,33.60680190219671,33.35432653494705,33.3250378059322,33.37365222067475,33.13107595970985,33.29492812188022,33.218091693616834,33.442759392159886,33.3836242557485,33.37363808201044,33.72141308028129,33.08828936568244,33.478842939492424
Q1KMD3,30.953825667469477,31.346041059287614,31.07044511159338,31.09231879378754,31.36784775938419,31.63979999098365,30.881917239128228,30.78786099260314,30.90197501654297,31.269637088506173,31.14226403974267,30.98601814425281,30.754871767102973,31.427210687962468,31.23044456940121,30.88083918823793,31.2223771832006,31.43095432009092,31.1572201997854,31.245921058377014,31.20799023322083,31.34620613223413,31.212006422899343,30.976286934071396,31.07307948988747,31.273122559752423,31.264587719135783,31.15672080828005,31.21221345375337,31.336799732573127,31.357196656745728,31.12202809527347,30.62698765029104,31.34442010715139,31.258963084526933,30.675303550299738,31.04690634890441,30.988041447142724,31.30153043074846,31.048722601120502,31.2674730840158,31.25100946330744,30.860737544497283,30.913238789421964,30.943712741145987,31.19176226724593,31.20850926547804,31.47700755947717,31.09021191474568,31.416396824023728,30.923464754104693,31.09139837371343,30.847705445876315,31.458790841954848,31.0012034224901,31.12625763486924,31.125803185083424,31.397000582086964,30.979040619508755,31.07299560945011,30.834979968818917,31.091512820810152,31.3137024382389,31.396412720496468,31.32197498105472,30.936001035625008,31.176045788139888,30.793402350422777,31.10774481629332,31.36072003045851,30.99029167466617,31.06428277219412
Q52LJ0,32.723883981274014,32.63327218600814,33.020135481363404,31.1801380913259,32.42068808035918,32.68777619060845,32.86466690590388,32.8876735815485,32.81782214214533,32.66721943676479,32.70976386182914,32.840066658660774,32.455929533831195,32.705276176833834,32.80817333416262,32.3461876570236,32.5617643076714,32.4352293568182,32.8137026302084,32.63077734358471,32.754704295923,32.23963915085354,32.88959119893294,32.38033730772149,32.5545225664212,32.848532432198795,32.07177541343014,32.937149989333044,32.47432892853058,32.77081581341515,32.95334099199381,32.75435673545368,32.64069625177182,31.84986407585104,32.720157123330914,32.408865528291244,32.138007955513004,33.19749817887128,32.20858617558382,32.485080894100946,33.45383551896923,32.399394304563835,32.48430851737019,32.3025731608793,32.68774823998571,32.06148375931966,32.16421002125597,32.29451649331719,32.71757695460807,32.16781504518773,31.73715613406913,32.48971600174697,32.750026766957106,32.341970272905385,32.90336556978804,32.504242537011734,32.68208705796091,32.72816864695166,32.570670986670144,32.53167973552788,32.83151338931126,32.077931644215724,32.885963252553886,32.877588546983255,31.9266510287494,32.8503049219796,32.24427818235119,32.996115388296104,32.23412676731685,32.147523580063464,32.58678349284038,33.2009536184806
Q5RKV6,30.928800500129096,30.555041739971333,30.53874868207881,30.523522556287418,31.016766219027524,30.966961184421915,30.682453437932427,30.14376223740462,30.75603776655693,31.172797022227662,30.86569459085076,30.296476212227,30.94940542501717,30.91437240689216,30.419218193789195,30.81086590350231,30.993163145373973,30.818022629235763,30.544030387856647,30.331689407513142,30.69628598193458,30.68195998994621,30.955112754037653,30.88326914209421,30.86486613388109,30.807811929140183,30.59809526118801,30.95056756040528,30.92967840001082,30.81899136259996,30.65034723713549,30.8524517817516,30.98486566311623,30.86399494853272,30.33203587218094,30.426602626137843,31.23666213758954,31.016166290478623,30.639521493817217,31.02551813776549,30.796971549173964,31.018358451078647,30.70847265895131,30.749068618254896,30.96951758716936,30.388662156725285,30.291228154516443,30.30647410799782,30.93346001360394,30.545121832291407,30.790935572210376,29.801322014379554,30.95128231465826,30.7050939452817,30.56590093885961,30.8674710156756,30.901004851744915,31.138861710274288,30.903456947128404,30.692918755234924,30.755552498966225,30.735018889229377,30.45596766425201,30.43075673378415,30.72393029860281,30.92487965365086,31.017432923720676,31.05092921884021,30.867748560444365,31.03847550489608,30.34512019352128,30.49267347904568
Q5T4S7,31.843013063630128,31.83793552845939,31.75834631725472,31.554382951404836,31.868508217476343,31.572217650295773,31.714962774351196,31.55565163476369,31.62870521303739,31.973283726122595,32.0905573947451,31.830284676947656,31.375097557764303,31.85826515416265,31.98517740965193,31.686891911923425,31.677731644534145,31.70684071729848,32.074220086436505,31.84592670652365,31.430422397780312,31.79537664338652,31.84957127623655,31.852009441452825,31.594433589791688,32.0514185813012,31.831580679071298,31.559615955021087,31.63416157738832,31.981343463076087,31.76155775732441,31.787260695134705,31.497902787618628,32.00454586493376,31.814180622003963,31.732171782985283,31.656874192667264,32.02351108173187,31.757940576263536,31.340400768547948,31.73632134332549,31.7869998293593,31.585762079296057,32.067947082092374,31.896377090748636,31.884489605645378,31.7638760451743,31.64070426078073,31.92521797708173,31.76767715574549,31.97017164446796,31.72331873356572,31.76120593728316,31.773202601490222,31.568956347418883,31.58469140977202,31.798858338474965,31.92494486190256,32.035919630334035,31.41200911473377,31.746121144842625,32.121834175479464,31.354372939608822,31.76040095121496,31.706358589393705,31.72780531361048,31.727120994219305,31.59600900154029,32.05071024713873,31.824972682243335,31.66511409458576,31.99740991375799
Q6P2Q9,31.803985450062108,32.13352300649799,31.82215724829495,31.99104981837474,32.07129987554531,31.75444986043224,31.124116108149465,31.74372587463846,31.82912891438778,31.76186022362581,32.28004251226429,31.5591912312722,32.031237221898905,31.651472311735244,31.95374697781581,31.710949832039763,32.147792462577264,32.01804848649232,31.039212937757984,31.61769548417045,31.915509991066976,31.737522201626632,32.03343441605569,31.622438725351117,31.820189833352117,32.1431014176013,31.857035557758312,32.03237288324452,32.1025940157275,31.52760122384557,31.850547880401518,31.40901928417354,32.168432004235235,31.45270737181792,31.888691638141445,31.5618117867106,31.855940502413524,31.840828956897493,31.384022146498477,31.990644551763097,31.51836229754897,32.02128253490594,31.44155792158716,31.798918819371277,31.84743748395992,31.990360233532986,31.873414792607463,32.09100406461011,31.95329943410868,31.53528740651178,31.391424235744232,31.93838870976339,31.626190506664305,32.23636987518851,31.799161037902103,32.04803379782371,32.2243188156319,31.882770566269556,31.790851267490776,31.472042779203065,31.947902637590424,32.08540766444734,31.586578333882525,31.827575170023454,32.07976339537495,31.47420655653187,31.94583874900629,31.93504853590314,31.96355657282828,31.813790006896404,31.453121799495698,31.75837373628237
Q7L0Y3,30.76843193570808,30.064027535999163,30.458282794187475,29.8845578468916,29.74312427780285,30.561911536638704,30.139259168033654,30.23427043787824,30.84916002147335,30.572012853578848,30.24176080497633,30.042296142010333,30.602190749902636,30.19476980658273,30.55371680752429,29.937950829375808,30.052090174070116,30.560395630225496,30.65784422065005,30.70258853142131,30.80320211396376,28.66509842416281,30.37990623520032,30.439741676486115,30.79344138941073,30.397211482728515,30.207285499539644,30.53723784100865,29.813991023975515,29.72078228969586,30.40954779753232,30.53730415498356,29.909421132846003,30.84166659474273,30.66503401960792,29.85012224528094,30.135032006998443,30.562195710717088,30.851848155044628,30.195470395652222,30.19748078995304,29.544752304054786,30.72631740733052,29.93996172645755,30.20655797743449,29.74998334221264,31.43583165037524,29.98462342138212,30.633234367046875,30.513384662626105,30.0982999183586,30.327943680716185,30.56943228173255,30.560934429556717,29.44963194356472,29.404631773078844,30.72919946068512,29.78293715806163,30.683303262199452,30.760977020456888,30.569517786431867,30.82610351200093,30.90398157773603,30.282704381910666,29.49541700756759,30.087433868568557,30.18520005399865,29.421693813951272,30.223262074586295,30.92271021397692,30.626534802094717,29.73027938992331
Q7Z5L9,30.004365099306348,30.943504757102644,29.69167711082504,29.614760513553183,30.7798740234616,29.508141773490465,29.333293809453725,29.795558026672623,29.869379242836192,30.39243999644597,30.195469867696165,29.995971874068506,30.4483786480597,30.06981627148868,29.84934162273879,30.20497182213921,30.5489586036403,29.909953993417435,29.957826815890275,28.88366142196869,30.158214103557743,29.856977107914823,28.66287971684559,30.61542191841033,30.61880546832553,29.776693457706383,29.485106739233604,29.71692078001796,29.79222098214617,29.98991089712583,29.800895480434693,29.881249266869187,29.701212281286427,29.987356968834803,30.061376475558628,30.33011817234294,30.11013403403832,29.647191656832337,30.472271012531472,30.200261342794157,30.06761873390966,30.561279707155485,30.232597834467438,30.198153320785718,27.77258458157972,29.903509413233728,30.400440729828592,30.179460778948886,30.483004740881206,30.005392219155294,29.79721599770891,28.626731328885334,30.715070700172404,29.918713298360853,29.63978507320675,30.31676428218288,30.265694403946192,29.90372845601045,30.788125024716688,28.627970337321884,30.521047808247666,29.339173181983963,29.31745370187152,30.55479154896157,30.39465539713496,30.04247692733632,29.556772339507,29.850259590746216,30.337342904457284,30.226531010076503,29.50246522173469,30.08981349635781
Q86U42,31.371864654299728,31.09190345878603,30.622923214605105,31.650816690903984,31.09060439871321,30.778110345447647,30.652647499715464,31.065205333551663,31.68882818691401,30.772106638059725,30.53849978783626,30.922062878027248,31.05042936189256,31.575741513972712,31.505410711436387,30.819711306864964,30.9010729123489,31.54143059893592,31.40228511799912,30.87117289823892,28.94459207834901,31.471088655709394,30.741902142624223,30.92059455349692,31.30079058828377,30.042585478956145,31.192966060430408,30.84344839258185,31.31714605959179,31.52572367065912,31.11642830509418,31.39339180335304,31.468856708965845,30.59249943222116,31.138627629006685,30.490529146326487,31.214828886668226,30.641723785339856,30.2616695384774,31.048447484014947,30.82648110843698,31.472176277008035,31.12022372087996,31.49983113834126,31.936453941279144,30.86631832857652,30.44174879491817,31.4086104051297,31.24382604399085,30.66711609419924,31.04344362545543,31.242276083320167,31.330868182918763,31.000948927466958,30.94855581136309,31.26757569771343,31.236351639544715,31.003680926324417,30.082496112720097,31.28649168941951,31.24687336402972,31.19265991429589,30.90975436088988,31.02614171029644,31.51768005554876,31.13842037357358,30.684773753904555,31.394479811546923,30.986617543462632,30.79136273478715,30.645383566407396,31.118486464050694
Q86UX7,33.81258725134979,33.642526039133614,33.080667827987995,33.71300505587338,33.7806303931404,33.6407659806557,33.49928022111788,33.93340261874596,33.51712418031599,33.69935420393072,33.400835952844986,33.56311063789539,33.69945772707101,33.78937633728977,33.37692194919799,33.85102661157969,33.9040246489321,33.72077297271908,33.32263086482334,33.720531810026294,33.681835062073496,33.11725051577726,33.07673669136648,33.76471968362238,33.579673234848954,33.64322230286879,33.72380334242115,33.847400237485815,33.54220038778015,33.57269885907787,33.16974051443689,33.72275965769079,34.05361229623679,33.76230576638004,33.107480356175614,33.64470677039437,33.60929951238989,33.57220114367567,33.7798418318255,34.180958431984806,33.89630869518856,33.7361285754124,33.44147732098009,33.54711114886181,33.36175073255728,33.54145941403924,32.96398392569566,33.86054080571783,33.76331256275246,33.546257952475806,33.18904887894447,33.77979834784475,33.53846191652803,33.6274931153858,33.446230823654616,34.094655129145046,33.91207509808472,33.63375509568682,33.27160866358352,33.586196046857026,33.315979993934015,33.4750754577598,33.57184729028513,33.60060585732683,33.09381405962395,33.93617669804702,33.80535972983548,33.94088899834182,33.79658377179384,33.069194839206226,33.50194185924481,33.9287929597238
Q86W42,31.87073896463397,31.96230545328752,31.453963502505907,32.48795150937984,32.11059438896584,32.31197341306133,32.086045079645764,32.17664071088509,32.13933274310799,32.281075164768865,31.968006761492084,31.82067515160838,32.03440083037784,32.18685918756538,32.10145086546663,32.09740676042849,32.33012523887232,32.28521662538238,31.804071633291517,32.19780613208766,31.665312020810088,32.10402194853288,31.732351346614703,32.209815963722,32.3012599185088,31.75074295848624,31.869611858466342,31.949943105693578,32.28385000502425,32.22623591799407,31.82972941185964,32.26068141121243,32.343385337322616,32.30144726213176,31.85997000082056,31.75877209665297,32.43623146477034,31.999412839009462,31.74782177976021,32.09358411450621,32.407829851221635,32.04602082251943,31.74163685928128,32.13692829166394,32.04034204367463,32.240688824767524,32.20480144892632,31.694993751176053,32.22754337624864,32.13176170134356,32.02286446738927,32.24565211868043,31.976935384637542,31.99511408595888,32.14313999505254,32.27803929502159,32.18312921055552,31.958226783753105,31.297758691352406,32.24681694660296,32.27937494350049,31.98530939579728,31.61029779353573,32.22950757314883,32.27249628735509,32.14791728798836,32.21419044707814,32.26425553148965,32.28036319076761,32.131320375613214,31.670390710962703,31.887291574706584
Q8IVM0,32.63866524411057,32.59487517179796,31.70735099199201,31.92510971554563,31.73132854358433,32.34912095552694,31.484430817852694,32.021903809397536,31.38418598648314,31.92814300236391,31.649491507360096,31.806305527708645,31.62716149317888,32.333015276035155,31.427106784070837,32.27490700981559,31.734699910048363,32.49805094097258,31.394515895975125,32.11414940724097,31.722059635156533,32.18816165598838,31.55306244861603,32.16196612296597,31.61804201823563,32.350601239080035,31.527028635986053,32.73178940057466,31.342382922681765,31.85136126654361,31.452070406380656,31.935394016926605,31.566174950926506,32.172475404200085,32.06037863906413,32.29127537555722,31.700450759495343,32.50580722044578,31.662560965368183,32.309944821297854,32.196824796484805,32.2745470515068,31.523187958412752,31.916984424715185,31.828696545796458,32.08076244526738,30.99047331558349,31.98907515956758,32.15717651568924,32.19909517540379,31.305747258369568,31.98331431454418,31.968900551898844,32.419651400594574,31.324239475852423,31.8611656498178,31.60499744874236,32.48413341534211,31.53995441191486,31.91512737316152,31.500660325217986,32.31542364285239,31.83738669725444,31.900769258518253,31.8005913611592,31.97780612855601,31.85580315442298,31.891789951760884,31.5105515749558,32.34158159915192,31.76877793056033,32.53825348601123
Q8N1G4,32.27409004152497,32.89896798687514,32.557373491666844,32.47126813020426,32.55876965350365,32.72750001980514,32.85689128281564,32.630368749214895,32.91648476377102,32.64566731531818,32.58068837775134,32.86530025569787,32.55846136307325,32.459567817947935,32.840260875975645,32.781278822914715,32.584195980026976,32.567645358093465,32.67084174444982,32.73860161132639,32.66182534454465,32.81252412334002,32.91047680622995,32.67160007211598,32.525292756735745,32.62608642972731,32.823429171828444,32.6105222758179,32.42204811444717,32.59561462680539,32.907300375363064,32.74773081276769,32.63046620281209,32.617494330303046,32.90861295359377,32.84193463847345,32.549621683322215,32.50674888179704,32.847962365483475,32.75910695478933,32.34689607846876,32.73660336403369,32.7515118166473,32.50739641599286,32.671290944663795,32.84036857615042,33.042624835765736,32.605466464195146,32.63273672383258,32.85418650424219,33.05418938671478,32.3441584540174,32.64862657197284,32.46371382706139,32.80283840533467,32.533307564510714,32.68004941713439,32.74443272185036,32.92575255636805,32.449470404973496,33.02758873472038,32.77607327503756,32.476229087738346,32.765678397542175,32.65802297999746,32.79915912694557,32.926754881481806,32.612788160348444,32.418000134098776,32.53875185212747,32.90146951490364,32.431417502590364
Q8TCJ2,30.289895673251717,31.123763301602366,30.880201362285774,30.388289812900084,30.343711227950763,31.008716658668558,31.153706924284094,30.81484442258927,30.133275006674705,30.97021864939488,31.27902720416145,29.736765061750777,30.39187434505025,31.076360871362784,31.302621375262927,30.177920722836213,30.449130779166783,30.926488952083663,31.276584572602136,30.320223760013977,30.30673162850188,30.347896932632263,31.28118617092709,30.282815282816497,30.436890499397197,30.865563058004422,31.4152533954619,30.444719495233155,30.13251905675011,30.986872177425443,31.120937006389376,30.08231208381577,30.25254448291003,30.924012702227994,31.355133560666268,30.25382645622242,30.26225146506144,30.847141745065887,31.245497282321704,30.74169037323519,30.11637549115383,30.793417998914418,30.977914530346837,30.02258592048544,30.007403207297404,31.35500204945353,31.075143938101235,30.482492410116382,30.061007179690407,30.999720104124638,31.335056110406494,30.210838577960644,30.13198354132058,30.775610315793685,31.17739766316542,30.38665961930171,30.402807689538992,30.94172588413767,31.225641948108503,29.72567054080352,30.363598413016163,31.2276413004452,31.13616482543445,30.38949203958558,30.462631718630828,30.893902915641497,31.51139912218625,30.45497084889696,29.941484792918576,30.903634164128395,30.847150634649022,29.98117971428173
Q8TCS8,32.98936905763588,32.806331577769924,32.70902934926305,32.56393724364846,32.90133771824625,32.932643607586115,33.03789360671409,33.02150004153836,32.85134515169081,32.91657040111468,33.07493898802036,32.545595503172514,32.83279750823612,32.81672736359918,33.06939668276349,33.052962683982976,32.982359351692864,32.85813370660702,32.93146538876279,32.46841646544121,32.80928386307998,32.99975553212707,32.79686482362784,32.84946189948652,32.93973097461174,32.86978234336601,33.07220389404528,32.6237256544963,32.92976201146362,33.02942720378509,32.97400813663533,32.69322893386585,32.72983608094689,32.93330349476625,32.91692750523546,32.981694905886165,32.769485545026576,32.83499304448232,33.07574467816487,32.69078525609249,32.92912524260643,32.93509060884805,33.09362530677507,32.83482312426783,32.7537282920601,32.89368241423439,33.03011992060907,32.44556986421268,32.845258083472075,33.009093663046855,32.90263389028851,32.781708718483024,33.000049675788155,32.68788632931031,33.106842327008735,32.838034403762464,32.7422821138966,32.85936606586178,33.02875789847904,32.80083023374258,32.886840769868385,32.6019419563201,32.98603793685529,32.68792464710826,32.85820502827499,32.86165780361844,33.12137616529501,32.7967658019365,32.91373111343355,32.73970275955814,33.008452883691135,32.74438457730694
Q8TEM1,33.12158940856614,33.32266511848953,32.87261324567383,32.384246208324946,33.32155891296913,33.319206333712714,33.16616175973345,32.610815369297526,33.51724339475257,33.219567450518475,33.17598677332116,33.00873450374319,33.51458381166593,33.17979741447142,33.04152319109255,32.75228521592119,33.49164649574069,33.08148795740995,33.13107270021392,32.583613829193325,33.55700390806207,33.04801518625529,33.04558923196018,32.61884622741761,33.4722296967831,33.00967536225995,33.224495066287844,32.53964534146576,33.29814940700886,33.21030699982035,33.14934142356347,32.66591697168634,33.43520921704988,33.169186383892935,33.11612851152101,32.55128226757142,33.41658860021332,33.10023863304711,33.23151689784794,32.31911745604533,33.16446636022955,33.17851268429297,33.343073957034946,32.48838141771256,33.155365688998685,33.0582944329272,32.97859554294083,33.28760260717212,33.52794471370025,32.92260123308729,33.0675475851024,32.648460741417345,33.46155667884719,32.888058854651675,33.21325513560345,32.625108486146175,33.496345201586315,33.03156341699843,33.27614478875756,32.67227934620721,33.39182649187655,33.056736627928274,33.129363595460326,32.7046613857564,33.51715442663882,32.81814307763213,33.05302157738777,33.11439538455737,33.1818940123603,32.91898301535932,33.41144720530378,32.638976890235995
Q8WUH6,28.22758436540575,28.93211356486255,28.69921229164065,28.474535758363924,27.48546047702756,28.44385921977347,28.98830085252997,29.16332720318533,29.13953206307225,28.258111076431952,28.56498613437969,28.53941644655376,27.832096593806767,28.74942197367592,28.81087948585455,28.45715861985384,28.052080994217384,28.854858689364413,29.04904835563821,28.445809819094126,28.44732694619477,28.817538384702413,29.098895826988077,28.45592545444612,28.079295941105343,28.71131491218068,28.99486920109436,28.68859386821273,28.107020213710246,28.85435477388276,29.119877655854705,28.449317978945924,28.282478487271405,28.731807029050277,29.086974889609767,28.482110251179787,28.225957437922634,28.672389734568224,29.321897741706948,29.054939624790013,28.17233696381985,28.748348107388107,28.433679306086827,28.92395115573988,28.21870672576007,28.72761816618021,29.07731435524641,28.300996134577552,28.012793763782184,29.13963241636809,29.364766381093677,27.9781383096659,28.279754633782435,29.178806981723422,28.743911335162725,28.51953594250335,28.361146442904765,29.07896255460269,29.131731322386106,28.51761109606477,28.18791083651096,28.62928190024485,28.888264681358823,29.149608051963888,28.32782990417377,28.768397739989872,28.725933586270312,28.3733381018471,28.544903721014947,28.665941272778777,28.87379937088582,28.46360331954146
Q8WW12,32.162399191135336,31.84017538633861,31.85420993430292,32.42086582104647,32.01662046546765,32.461587487710204,31.87585881754531,32.25753383494502,31.764687151476405,32.17708954961836,32.201709412788354,32.40914812623856,32.56755571847131,32.09349064044661,31.83054189192092,32.09436186072504,32.429043225214386,32.20504313868776,31.94653805801549,32.625798677847854,31.816612915203702,32.01758179038435,31.81673212103164,32.27731712912389,31.928715571217698,32.353461847191944,32.037332319304255,32.28878391127389,32.27020788810466,32.39282760390739,31.657973311674077,32.12723757927447,31.90790969569893,32.401074986185165,31.72030885115217,32.32698530708643,32.05021058106154,31.76607965833053,32.09121981992719,31.74701571812528,32.32887789950085,31.580452815292016,32.031444086465434,32.2688320928087,32.33075226059791,32.413640385589275,32.19010642060123,32.298365489315195,32.149532035937234,32.14374880108903,31.928696131686927,32.26434328523185,32.4999782084008,31.912953831391217,32.05156652640017,32.33423574617696,31.62615743120459,32.14056488923846,32.12936841516024,32.2860347787667,32.161921480261675,31.974095003690483,31.770123953813822,32.15648911141483,32.196875535103395,32.33433198070016,32.50861217776084,31.979884512229976,32.237726734268115,32.14065562260267,32.2667852485479,31.545282923979933
Q92522,33.035066349623165,33.171595723570775,32.35879287513563,32.168324056188055,32.93597465613482,33.234545759849055,32.58812053561798,32.23579695476045,33.39804135723451,32.97967456384777,32.89802533374743,32.570664176264394,32.94650323292169,33.08206685055089,32.99043252064625,32.474252651883255,32.973085778632374,33.167502528304965,32.63810916524488,32.46881370889898,33.206861621605704,33.27632128132896,32.71973036764452,32.15566374826125,33.02099573266104,32.70266290691082,32.42544445914131,32.46466288016039,32.72757132331245,33.1211333986667,32.81928637215044,32.506263461361755,32.979261914289346,33.79428683825724,32.80833889873005,32.58655643446799,33.43141474775495,32.6279129812835,33.16419270536895,32.82631184560068,32.5675558155064,32.92049511948714,33.4184869476842,31.945016771725484,32.78876573759127,32.50992392131201,32.74534222719789,32.678542764892896,32.903417344431055,33.043640144296305,32.91517113578106,32.63461891959842,32.95051936726776,33.33694379313065,32.68338704237039,32.23615916472411,32.986194743839405,33.249529289590896,32.44283381982449,32.21489082937848,32.96889267019336,32.79735149459832,33.006698924971154,32.37833245100521,32.90185314094628,33.299713318831834,33.05527241313003,32.220236257905064,33.16165025462448,33.336999987888575,32.7923969203835,32.55130998148411
Q96A33,31.73575857909315,32.01524268125793,31.71413055489632,30.878401487480215,30.845280817787035,31.690047253903867,31.52788085680455,31.340764746921263,31.406238555393283,31.79782854356534,31.875313204742373,30.678068298954628,31.084094948029037,31.72645987267305,30.88708279074027,31.354817662437384,31.07347731725922,31.476897681457302,30.818117856809017,31.33445180918961,32.19512456144869,31.374474317457448,31.93611041146781,31.62556231533278,31.407819056784525,31.686627812578124,31.9211702045432,30.81763725790194,31.32190319965887,31.416387473921805,31.797678661503053,30.87416887138413,31.27383992906688,31.967851733146105,31.5546968987697,31.09947513993601,31.195734773104917,32.94417404293123,31.989056520121952,31.490017778449875,31.296599507611266,31.569184490070302,31.364841456350828,30.78438599403508,31.01708369528861,31.223757653446288,31.49944000874464,31.226116833198702,31.026256748648105,31.61718717999233,32.18533769884909,30.69974486051793,31.441933222018985,31.68234881182072,32.00153463392535,31.27242451407857,31.13406588183888,31.540281743690198,31.406787810049064,30.94526770947323,31.738802831724403,31.291573668150168,30.971652264180463,31.14820825165054,30.916160774604936,31.179129755304498,31.74273160598535,31.344303086669346,31.4232733782913,32.53828093396522,30.90040434362588,31.765957104953948
Q96AG4,32.17531815405092,32.64885035112861,32.69679889509084,32.224970921103385,32.22841618099783,32.7000064058357,32.80329639006542,32.00752965028602,32.33659707413881,32.40408993271643,32.62638695140248,32.04590018631148,32.34163351538821,32.34755814799344,32.72209454850228,32.14803822419202,32.49485344766162,32.50337688341842,32.664480013337695,32.01185419641988,32.40912001874136,32.60037670481638,32.81376145245233,31.997969722516437,32.418032177446,32.4976509247048,32.66348911662242,31.917018071266668,32.38658954876265,32.77089245293834,32.73569646040526,31.992867868647224,32.298479425358785,32.58253207764795,32.627068242160675,32.33612267094959,32.240931215253305,32.459686173723995,32.624584132217706,32.163634734055,32.121578965945034,32.78933402088963,32.66713998136136,31.978794768516064,32.38651177934937,32.64340542526952,32.80156461017676,32.185264556992095,32.36072398099132,32.3749363358947,32.796081167390575,32.088737877592095,32.2931452017868,32.584696791000304,32.82827791431095,32.1469762441931,32.35109402593517,32.5257139851276,32.53998306888565,32.16159250441137,32.38439019957444,32.6549999912863,32.637638517134086,32.019674152740926,32.46358985005102,32.60937547184103,32.66756538172157,32.04872602821804,32.323066595312426,32.467966357215694,32.55498383923872,32.06131866513838
Q96EL3,29.87700910197639,30.19345265713727,29.86238812692272,30.435696445960676,30.58813737901957,31.162978255450152,29.976923755158435,30.393357316744147,30.17684244352469,30.351702764789437,30.544529016782057,30.176783669636883,30.59910878658152,30.50350181890229,30.07645095930908,30.010249151231303,30.503086954467488,30.63245002396877,30.10274772905711,30.24890075844606,30.583786760818622,29.92815066389947,30.28647867062396,30.32350818800509,30.30564429734773,30.21413320879672,30.430187607251,30.320528545168504,30.61091331864008,30.417566499341287,30.324632532906517,30.337546171895333,30.88760631555915,30.28855337136494,29.65032305413409,30.09172688142263,30.41246625543797,30.69696904935916,30.03012776456525,30.071210433049565,30.08612095556337,30.717076477240564,29.894388203983173,30.547861776359017,31.53694428496244,29.938576436903688,29.723246026808376,30.30938180393996,30.238928280656253,30.38700855694718,31.21253038133776,30.87590439662667,30.11500147884067,30.121367160850557,30.102198493553324,29.6876449404999,30.995228300616983,29.835388454957027,30.448669500338596,29.74879698071629,30.397840796907712,30.676325514383716,29.691252774102665,31.426500924703426,30.26064578268486,29.96633896813172,30.147999615143032,30.473038349867963,30.44006157670583,30.046689916428612,29.84878066114324,30.602492583501004
Q96HE7,31.164890120042266,31.75214775995892,31.67508478707564,31.113335048460712,31.063244279063365,31.922169732039347,32.00957052832079,31.338846267577807,31.003979312064352,31.90782621698476,31.692815463844525,31.46970111225704,31.001520585510363,31.54187681594829,32.00611025830219,31.245499096100165,30.822536040060573,31.766109098893526,32.031106863700295,31.324872287541048,30.99208010034093,31.70907694509981,31.632914979529723,31.67990124827111,30.995207250830667,31.937282819763684,31.820867956436445,31.39036424153033,30.966344601018847,31.69680173390993,31.791798669880304,31.309211750914084,31.04356741681715,31.81914997164227,31.841627909801936,31.440503564099448,30.912818544999507,31.555108775128545,31.9377038250991,31.18693883016504,31.018483568002612,31.638496763702623,31.89030222396943,31.348067759846973,31.226780711334825,31.944137386799305,31.96913261700396,31.550618978875814,30.975809360120387,31.51864535684728,31.7779465823331,31.37415849275191,30.934643210481607,32.1612011126273,31.91673278743965,31.66224434398016,30.92522656065326,31.47401419275836,31.672070851653007,31.54161420674034,30.75227556711223,31.69347122678001,31.765071659535952,31.71287882270412,31.58811764112222,31.42458643022377,31.917603152346725,31.546662614669312,30.790713198350527,31.690403157608063,31.85570404712964,31.23713109453339
Q96HS1,31.31565692520993,31.02984583668224,30.956331668057214,31.188761001344652,30.83785439081736,31.59068347659104,30.988313455663164,31.137762934576752,31.0684360431225,31.44370314014257,30.738354654593483,31.05038598933489,30.57122067854124,31.266135603581883,30.97111595397149,31.406246181279183,31.23101503923187,31.406194204903542,30.825571743868394,31.3612745078604,31.04887144517724,31.32145425186948,30.973954228695277,31.25528368556317,31.477833309894624,31.16025802753041,30.873451514111128,30.980924202415164,31.6173516841151,31.399885730605064,31.067970964351318,30.94342554113444,31.191756786056207,31.28996995796931,30.493348114547377,31.103053828862944,31.088084757977363,31.44926343704976,31.40292347458196,31.1978522574267,30.907239906188448,31.62515674524432,30.93684154909596,31.060929893295413,30.61574101470457,31.27821262967829,30.748409594392047,30.89859112292904,30.965231643423987,30.43900446038672,30.83156535177397,30.95386133444357,31.454382139890555,31.577365146073557,31.282441887106906,31.378537873448384,31.766529498592817,31.05061980092181,30.78146726015427,30.632754289555766,30.92601188015388,31.203770230147285,30.48395155415595,31.094955395288896,31.226144251859285,31.32130828244233,30.873635004630408,31.88946044384354,31.188993321483625,31.37877935308923,31.059859129884785,30.541514770031043
Q96IX5,32.32918412261652,32.50828656344248,32.74366476300035,31.73417453109577,32.434910513682325,32.16487555192089,32.67633909518523,31.766404984152665,32.27024756795996,32.42726237970873,32.546883268590555,31.873325206476974,32.15975311268487,32.17857823720825,32.79919010446175,32.21277917607073,32.20379246588847,32.58388546148263,32.29613763109645,31.68437695358277,32.189086570588806,32.62957246639888,32.821428470804975,32.1481744939942,32.33266994467304,32.52933155672908,31.53712536998213,31.96878541418548,32.49421177267245,32.483132909658885,32.712176257722575,32.095608899987106,32.45237851515655,32.336228213179304,32.61750946712208,32.10048990349426,32.39681648903815,32.46082509532741,32.632675080332795,31.824846317656096,32.3450670513543,32.49291674069012,32.414188080771545,31.67025811898458,32.348121658595765,32.2529942585599,32.65705723184315,32.13598805576994,32.60936309590989,31.973254640782496,32.11788093641383,32.20787348939604,32.540664599951754,32.52003994033899,32.37716510835068,32.245865262421354,32.35388948941826,32.61275542485344,31.973399151090582,32.24389234886059,32.54324702854393,32.37148909722768,32.62701369512004,32.086598464885355,32.36852770096625,32.30782614385648,32.52249105470281,32.0324519397998,32.3879668669835,32.32330226387425,32.5894414333085,31.316236710030363
Q96JM3,31.55210247678777,32.23603642521137,31.09597274272081,31.70349797428458,31.494810899369316,30.9315348453265,30.34424326800808,31.34065373142826,30.84995978575446,31.13165784991262,31.25154254722264,31.186004397765693,31.64357971524249,31.07455704466688,31.90764119355151,31.42871720710026,31.485545064997734,31.195874761544207,30.29819350209445,31.7548874616542,31.50117384277708,30.8666505560547,30.943785857859677,30.696079574055883,31.031546513874023,31.400676484029816,31.125452999842757,31.5160558736672,31.707186636563065,30.928779572488796,30.88739214560944,31.33735623511688,31.60281978286692,31.13592608524744,30.654294487192377,31.62952947438633,31.573192907972537,31.798592825629,30.388178216558288,31.459255973303577,31.394520697191385,31.33896988441313,30.49367932281014,31.22957038813393,31.296542783132235,31.42036597496412,31.35574230786844,31.31168555115704,31.65308003915995,30.86409866863153,30.887581854562008,31.438614753079484,31.579974074353466,30.77919348959428,30.988232118035707,31.477524139833395,31.34244353450157,31.600753145736125,30.700297344052306,31.58689547593098,31.631386968816752,30.53374417312616,30.87636371513486,31.143287725860223,31.885678728275234,32.26687065493339,30.893428141626924,31.42666205264976,31.842607489320795,31.769281444289717,30.96092036065841,31.160239753819543
Q96NY7,32.996846822880094,31.692405371080437,32.49042082748407,31.86983912018729,32.44584387335683,31.07236356425244,31.968268450364416,32.03383454819987,32.78706733681214,32.14369567417457,31.95555076639468,31.694009048295595,32.8805620703868,31.345056289055098,32.22753270618808,31.698368182345227,32.774363054618405,31.538262639974185,32.03713854189036,31.919521210451663,32.89504352325247,31.424221533187165,31.987087326112277,31.835033425299827,32.257065780674225,31.662688265226368,32.371183757967565,31.99313563223822,32.991898960601475,31.57175736617071,31.437209356702382,32.03030092315048,32.91831294130577,31.1491067572017,32.31119273850227,32.061822052318924,33.06314180653059,31.810840972071745,32.17250233750305,31.82395966090812,32.80829705708717,31.70781855795736,31.98933105265577,31.65574863036579,32.75065134326199,31.51011593691519,31.802704428836368,31.836823136745146,32.83939573633495,31.51010656089847,32.165602670642144,31.80284677162724,32.808839457869844,31.38949641001173,32.15557035447147,31.97418726764369,32.90088845097464,31.256520762353567,32.21899008821888,31.81018707655925,32.69844067042014,32.25168363765683,31.9153965265546,32.0322387778546,32.867499130969485,31.275282269822306,32.432393615942416,32.016027061876386,32.655624899095685,30.960662372718275,32.178884823375405,31.756877426892945
Q9BRP8,31.05710243092432,30.980730863761178,31.30714387924039,31.41635299353407,30.519054397052177,31.15125131774549,31.134469304040163,31.25915087602651,31.30774320379596,31.2288481495885,31.479018512351995,30.68285372177465,31.18874339839269,31.43500908272494,30.23291910230464,31.133674326118037,31.35081321777524,31.07864261288702,31.17594970757696,31.114518112109938,31.181982337762022,31.26392016442299,31.260471159714832,30.58581099576428,31.564055672089907,31.179605036018444,31.09948115268204,31.264801747166988,31.22489275257998,30.830545622945724,30.9689384938231,30.998972695494626,31.12683827762209,31.403668176231182,30.97783114004434,30.661407611955102,31.135197360379703,31.303365311224123,30.777638438448392,31.105314441192775,31.84007975245652,31.15344958783937,31.13119964628354,30.816972819322416,31.132229034875408,30.909258877555164,31.185028613411816,31.066473350272485,31.22510714552313,30.76183213730089,31.4026465952755,31.084813146053783,31.247715718931357,31.087702155932213,31.162928157177653,30.66244696009472,31.67527156824999,30.86596983444121,31.40561909003844,30.58635876751461,31.54542882093635,31.1038346310308,31.0890850284935,31.25606773050041,31.28145991480813,30.81486977155727,30.779877427892195,30.85873124859068,31.077585837266028,31.394635751591164,31.110094717791554,31.057094244141247
Q9BV20,31.6804275240228,32.12106600475864,31.50183042608495,32.004388940084155,31.699017339904103,31.60566732170814,31.680310158576397,32.47176573157079,31.98653755772229,32.05323563534628,31.43565383284124,32.23079039788281,31.647139618390675,32.118802564391736,31.405324893739536,31.971372786055905,31.91322394327124,32.02041698559693,31.478222714079337,32.63473583528565,32.062733951010266,31.228382234206435,31.79750059834941,31.7992511600487,31.53758654420655,31.993256278071147,31.485839066626617,32.24098751759444,31.6998649112744,32.11841792225754,31.496019674629444,32.28432910662804,31.68690379998653,32.04090600186249,31.558102266656704,32.277618963327555,31.3804872449294,31.776078971306937,31.95700688177432,32.05834353951297,32.13044793624301,31.740605575292825,31.56555214627452,32.16645315658909,31.38283214659439,32.00378899336306,31.6820074783202,32.475161652900304,31.659823611745427,32.00575688150291,31.539998276749767,32.290143458372874,31.797977966504646,31.922980782974303,31.576199802866014,32.383110396194894,30.91493794346063,31.883272129297666,31.731824984336075,32.23123886286689,32.17558722771836,31.506281286434,31.782512181182327,32.2500536238051,31.94649810998807,31.641574179820573,31.2808352841384,32.25976786344191,31.48319390926958,32.08431162546099,31.732709394527877,32.2742801860404
Q9BVG4,29.51233755354024,30.283930368178385,29.43939995515548,29.90967422992959,29.370150371813445,29.37008317173406,29.401163087394348,30.226817731480686,29.52628585013994,30.481682490867435,29.00353598575636,29.957597973188022,29.963050489856624,29.78473858633162,29.11491834646977,30.618734962384902,29.67324639711315,29.543861241515717,29.79980084488061,29.79339885681803,29.701364453197375,29.639122378473253,29.541825617164623,29.11147247002846,29.937490658648372,30.101002029003126,29.63529059706365,29.94807261993621,29.792988773554328,29.337851448179176,29.06159812479878,29.98624760252307,29.301516465951256,29.938257153964337,29.720257658858987,29.68822578615962,29.81089957288182,29.68835965587392,30.134257224768387,29.22508510452328,30.64707796102056,29.874496325206145,29.64006501248412,29.88089267701104,29.457894581878328,28.965951455270336,29.94220269814721,29.26867507135923,29.36548615317968,28.914334991525077,28.72673404252197,30.240038165605057,29.917736472600804,29.770361156610885,29.744950395694712,30.00234415636377,29.50609194629888,29.88532738081945,29.748085191395543,29.965154183397747,29.644901852080064,29.76753818837725,29.41578846739791,29.68435001551,29.99740075254645,29.28497683726737,30.084845089889257,30.129808322003385,29.13847200498676,29.397717211618914,29.651053279649176,30.20289342819812
Q9BWJ5,32.40373580780439,31.833788554908907,31.61145746543896,30.633746128398684,31.697356537260447,31.670220033814783,30.207680148972877,31.480851575183067,31.53540738307001,29.49247127574818,30.20167238731115,30.38726723688803,31.106871615655347,30.998442617796908,31.075614216105848,31.176061544811,31.122498185125465,31.148888264652005,31.06015445917984,31.523319081990213,31.42143689577765,31.18317433339904,31.05317276147911,29.62937583196524,29.9155888288918,30.054316219537533,31.57427738478565,31.730834357845858,30.036009576102977,31.729925597294567,31.7749994041696,30.638274585794708,30.33132747623301,31.57672878909469,31.574966846393902,30.86143747817364,31.659545406279637,31.87020181777021,30.49791040984896,31.12696285735117,30.567668765427957,31.79371800245457,30.533857725507097,30.51314163266477,30.892689246782297,32.02158583300769,30.250983336783463,31.536825156641967,31.416600946665422,31.452798369699742,30.26135661714523,30.385961302801896,31.039375658632068,31.69462035195293,31.072552156592675,30.939694317086037,30.92116893961213,30.67211646483376,31.35262249228577,31.51235617285819,31.78329638414797,30.31560300918701,31.26953144318724,31.270363283336923,31.96560528410304,31.881334000861628,32.02254432512567,29.93249337586434,31.82150574968041,30.30159469548691,31.600970543798383,29.690307361809165
Q9BXP5,31.255726316722217,30.73464977330461,30.628846165818565,30.90939268609554,30.812192081650156,30.9721646177346,30.558801510384423,31.208909856459584,31.81455190050901,31.72928689845896,31.00785506766,31.271005084467337,31.47013000734441,31.11769434887696,31.1524050865754,31.20327086840171,30.36591526576984,31.30041183329988,30.747803312543844,31.16047755516221,30.7077478078602,31.08733658803653,31.10791853395983,31.37878577736925,30.82881695509181,30.80841510204661,30.51996816021525,31.038161885598463,30.19630214193053,30.73367412820497,30.384473435161265,31.50858220492064,31.61799545897569,30.47146386315492,31.46601182774569,30.92394723753396,30.831698783044803,31.427393998655937,30.93807161319567,30.57049918595284,31.34906382033085,31.1479755444016,30.80094568849199,31.315470635877222,30.80059743645697,31.637177467567792,30.637068200884645,31.84062291638717,31.0342533461197,31.08272601530245,30.92972103465635,31.39169231538804,31.014222442526552,31.282624302569698,30.613169407512824,31.139431750844544,31.14055922705904,30.72929008263091,30.80740450471178,31.54567753602664,31.79110144593798,30.8490163146361,31.167640090773904,31.20149173446388,31.614979984950025,31.148811663076263,30.80899417718067,31.454085780699128,30.263423346851745,31.01792349050049,31.055590586311453,30.77764848282454
Q9BZQ8,31.888441782415363,32.84138815185216,32.07123663581181,31.645812658796988,31.71476637829637,32.701582016922856,32.45477466791021,31.660514816366707,31.72971927464751,32.714509350102325,32.43048873898307,31.723576837945515,31.82687326338288,32.73136481020802,32.54277692252926,31.83359975837116,31.87359355785798,32.63140762432204,32.408102319940944,31.313121040618668,31.807931293123183,32.34134300653972,32.23600597027778,31.629879606761747,31.56180919992805,32.67981465849916,32.420578332519746,31.702327600567795,31.80157252359048,32.602133775372096,32.30025455610078,31.726533235371424,32.01679599820344,32.63652691680575,32.365991988740106,31.457780283147837,31.74558453564303,32.5156350501597,32.422084942527896,31.620988614519455,31.75212156345236,32.67573654963697,32.55906646957682,31.558223582314245,31.61251751086581,32.564977478998344,32.41259414026948,31.893328106700974,31.773436531720705,32.56865533771325,32.24574930970749,31.497397957884196,31.447742688077703,32.55800770545831,32.486790586029535,31.824561802878197,31.6957521719386,32.8304898809709,32.41221611949128,31.87537036749527,32.03634386343344,32.417393855357524,32.10736340450385,31.39782815200901,31.922112292222785,32.565650278858726,32.58681850550692,31.66039369460919,31.866516407073615,32.68259002734303,32.317215385614126,31.68846414382137
Q9H0A0,32.37336005032067,32.242312383465524,32.301315657982066,31.676379521164343,32.51809943460203,32.237789818751736,32.383852916263564,32.09522130587542,32.55587014798355,32.18362185571461,32.50067996799165,32.00535319279158,32.351440525909695,32.30028649388408,32.290493638509204,31.96470340235389,32.76204473204505,32.16726160531101,32.33861749458546,32.17665633023867,32.37033444523925,31.805514335125533,32.394257363740785,32.02349115778621,32.778097142402736,32.241489266931765,32.51804954227218,32.034286843931014,32.23839117744832,32.27604046915643,32.16072349121952,31.86496588636348,32.492420496843216,32.217429170876564,32.251361203501155,32.06211041560141,32.2730648053993,32.158836173959095,32.50900287197322,32.04659911831952,31.98447256809135,32.26438745250376,32.05919443151498,32.114613542396825,32.60569367247189,32.67955727410831,32.112368711872385,32.149078235774795,32.59708963104035,32.07529930455652,31.922325963845488,32.195633720710376,32.52205926289876,32.171069900597686,32.31472806018175,32.01585161689672,32.88752360759726,32.36461669964144,32.17477663871386,32.00042101931971,32.71274115263742,32.15523204448377,32.11397553650325,31.76513747061227,32.246669426968054,31.930907139876147,32.32920600147169,32.25097367957744,32.762041566814744,32.243158524049214,32.18111988917765,32.2187487645607
Q9H2W6,29.646485472788285,30.17552187413623,29.917437889506363,29.934571635073112,30.36712576916866,30.13135342925314,30.543541931120306,30.251414613098927,30.332401093681455,30.75882450098212,30.41397474932909,29.90399440427269,30.030303631501056,30.082183207428727,30.33979418829414,30.326890360125976,30.29952061001965,30.21965643191628,30.18633698600889,30.37834083035989,30.02094826669147,30.11717413420006,30.18136729994862,30.019941682857706,30.298097464329008,30.04939823209226,30.520402444978995,29.50811175300654,30.123402754344934,29.61592304762169,30.20640491585694,30.77904866803127,29.83729370297676,29.602335634020697,30.175811228708916,30.548517550402416,29.67490295417299,30.34784687617765,30.53716681051605,30.89675686071816,30.464794841184467,29.31942548790577,30.35958584524712,30.138736515201384,30.012220145631733,30.33856787054718,30.152783579218102,30.13771538710267,30.6283421024004,29.624080966320417,30.43309624291937,29.732273004712816,30.230650023407733,30.61053856832646,29.852843092212687,30.46326355919833,29.761366455728453,30.650543271001663,30.33710612608948,30.37110355216199,30.200619553381383,30.42778976765865,30.04662641519105,30.134221573590644,30.34763031999653,30.169634492402366,30.44099029274895,30.33868759087412,30.23985910168573,30.46006196317975,30.138104666630227,29.542231693675504
Q9H444,32.747413219982974,33.65056221828825,33.348840451798,33.1784736396059,33.031398910889145,33.681366310023634,34.086826383108146,33.46363100153943,32.6239454748419,32.99254741355689,33.35979475129096,33.261944349394355,32.309162358431664,33.181337697976446,33.67888215274402,32.952796402155684,33.36794090140473,33.117352247501344,33.71113473484889,33.65210566696385,33.23128283869912,33.6249125646209,33.67475026663563,32.72784632981293,32.5481420905879,33.436686288903914,33.55657499194798,33.29185142158559,33.042472732888186,33.47194512150198,33.56508386456727,33.23265343101124,32.734093985561664,33.612789488883934,33.58204528703374,33.307735842115825,33.04448224629316,33.7437549231943,33.52587286750209,33.404476218943294,32.906720482066994,33.4242020933019,33.579795527787425,32.961492545071835,32.64482639919058,33.44372797615043,33.21009990259867,33.424840333309234,32.69111560238481,33.290338163404456,33.52252981601735,33.53055745902613,32.68930204079696,33.418523996321085,33.398892177317656,33.53023796623601,32.97964670351596,33.58739866723583,33.74608250157203,33.23382807027576,32.96434043623337,33.669686675282136,33.054498345571965,32.64929363625882,32.88209253483502,33.65994026376505,33.63530114123532,33.49300908473777,33.014214720683256,33.76664589273057,33.2278148294623,33.64224559555794
Q9H773,31.468249963494756,31.69612236095065,31.85794913249219,31.588946705009366,30.61833766492038,31.4507694027572,31.61601263827803,31.590792362401054,31.033541065461005,31.471499312774995,31.54758247722674,31.275609863007052,30.99367935192605,31.49363916773069,31.852958243646658,31.56860325958756,31.438304914116788,31.626363190672286,31.36948811464576,31.19531484858533,31.38615440074958,31.463732765607038,31.7325189042444,31.635631853426236,31.310731342638075,30.740669053791976,32.119353306248435,31.404460868021932,31.7342376123251,31.43230325028576,31.03549279452279,31.43535244474381,31.60512955281019,31.61834966644109,31.337596366698317,31.64453213660338,31.86008085489673,31.63070697626048,31.610367758256963,31.156789886396325,31.162432874431836,31.21388350312256,31.538003091391797,31.82548317410036,31.807943893775363,31.628753788217903,30.892961355250737,30.987926460823324,31.82062519075937,31.44453757164851,31.55250789134844,31.447662580964128,31.456635888696223,31.041699863243785,31.59585755911194,31.14675083977072,31.28674801123442,31.50061390761321,31.929661856019845,31.234060618231094,31.824780582184417,31.778485984602327,31.64687280183877,31.611972349631085,31.307471822347047,30.876604203977507,31.5341143695319,30.529927617834023,31.547402687060533,31.73577712802021,31.537082519855687,31.49195855170153
Q9HAB8,29.63800633412007,29.873976192947836,30.02748167545807,29.868531151447844,29.60425082224037,30.604336665429468,29.879541080979163,30.066013130607807,29.632618793407858,30.27036663808987,30.167028625702446,29.441039906148468,29.970447623384104,28.60015699782717,28.858246100994283,30.166123810351166,30.20212150289553,30.15749053004929,30.18313960836892,30.20506454523289,30.097790114303827,30.16821384410641,30.09660060206774,29.993217822526294,29.714769028231345,30.384557646622344,29.902437772472787,30.119262306294445,29.55988911337431,30.19073159238695,30.077186097048976,29.91254712496023,29.82081762072359,30.18442327208235,29.54383170104932,29.57304527333867,29.99237039202904,29.92498595659312,30.1556094678414,29.50055519044409,29.56583883634167,30.05124328766333,30.505776550110323,29.737678788330378,29.805331683528525,30.235245732370544,29.719072229167647,29.83923076235772,29.514518690763133,29.69589728182277,30.153564646963183,30.108530508871794,30.08897722041325,29.859853329903693,29.75648138974519,29.67992291096524,29.33544017189376,29.827133736259103,30.53088692362825,30.17611455307099,29.909171408249907,31.16412269266164,29.837259017772062,29.62575550158538,29.6228913397187,29.9867968136667,30.144385866263264,29.51438104896852,29.74582054271303,29.777657813160157,29.80934960956626,29.663611819792692
Q9HAU5,30.166615934125463,30.19033483965732,29.56680802182642,29.35440302004277,29.62830704672064,30.43464115815237,29.579903510820337,30.01620302216434,29.759603026505975,29.82044992909864,30.079011797364192,29.949291816808863,30.171432975685644,30.223004136012893,29.65645021281943,29.570414418858736,29.958247621999803,29.847500962310992,29.93435099279624,29.65896634225474,29.871203535544744,30.048586320165978,29.728541328529094,28.983594696005653,29.730100230209494,30.73933605848213,29.470700885231494,29.86234435783132,29.77666748512964,29.914816255858582,29.41490621196109,29.64712499488856,29.76613167540345,29.949240373659467,29.91569692095536,29.693839527528908,29.9590195275353,30.25043370535116,29.39319786301796,29.625728770600457,29.72040756615494,29.864385022836665,29.81852432411479,29.44023214435473,30.027654506902607,30.097283535873743,29.892110951231093,30.317257659626232,30.18901981052816,29.32891696267964,30.083224435926606,29.601163697508117,29.566608971013,30.247729531691004,29.945353384378308,29.628348217575702,29.984458972987778,29.840226143701816,29.63234595944834,29.82768580327666,29.887294309466512,30.03946042722989,29.46267991844596,30.039207818657097,29.224627207545403,30.413881598169272,29.75940979466464,29.636499039596742,29.75376977343697,29.97195239729448,29.801563697173226,29.818628672634475
Q9NPE3,31.19851271298368,30.73175334970807,30.3401281232197,30.475630486067303,30.630117973427865,30.91885642519101,31.004675784968747,30.55175453057342,31.12189835253598,30.31576882614277,30.56404676033492,31.332768010185667,30.888814834022227,30.465131751777516,30.96373087862096,31.26252157788838,30.940930430270488,30.588234236746647,30.161544122010085,31.19096574178013,31.31538435310031,30.97749095152145,30.7104852482698,30.14835857634594,30.89821002846098,30.498889367769262,30.73249293316057,30.195530222556,30.78489382905106,31.12325133826337,30.390051961239596,30.583275868015605,30.89816570249577,31.33424872567259,31.23483765626725,30.76631400003492,31.03553357934964,30.64429441154809,30.88777999788349,30.718801340539425,31.344473338271182,30.99085755877766,30.817481832228395,30.848490737244155,30.96678288966967,30.33337086878292,30.515566692972648,30.225925632850704,31.03088311159081,30.65728822502925,30.497942384986683,30.632348511804757,31.287411347230005,30.79354185631696,29.95189353389213,30.67321196319114,31.23118847167072,30.971188037752636,30.748582202667425,30.91149744651757,31.098792738247884,31.04332269421087,31.33111629152186,31.03768867042808,30.524319760398157,30.24394912644394,30.832266570086308,30.212733613937484,31.352473009404346,30.73161196947763,30.521315437576508,30.850277618651155
Q9NUJ1,32.20322134124209,33.10784563079364,32.71007282413289,32.02046916617227,32.0402212008902,32.533563964352524,33.14211854792937,32.5782710850458,32.23893775159561,32.64443186005044,32.359868355177404,31.879832966015787,32.80457480661289,32.78503004047842,32.724833435800214,32.22223073385281,32.22937457633962,32.82707364665314,32.67229327128812,31.807949169810318,32.39252168915679,32.79433900114486,32.47757761324724,31.86852287369899,32.51740080284328,32.450620829967754,32.145620480101805,32.70471446249809,32.03302646388492,32.53051599699332,32.87562406755895,32.74478521416115,31.86452177946389,32.63442182301434,32.54625572997514,32.76763774681751,31.49681105796505,32.57333008148983,32.29786564400888,32.324626663259835,32.78872287738188,32.753757926658096,32.41261339953792,32.11365717786132,32.5041946854609,32.9017436538988,32.78719025185269,32.27684696456793,32.007203198449666,32.918701096426226,32.60135283782731,32.14778011214249,32.31901628701624,32.59504617691358,32.51323148186145,32.092039175634845,32.386859426389634,32.59949717388716,32.9047485411811,31.943619213509443,31.84250645326665,32.652960107365715,32.68999107259444,32.381525121297365,32.03289724998241,32.621894793424616,32.79071601626381,32.589208118948974,32.817596506046684,32.72312772310992,32.13948049889796,32.6770959928183
Q9NY12,32.15289014952081,32.55919484943313,32.46242622802701,32.05936878908916,32.61711772634564,32.06553445992449,31.78487276126934,31.8019647248362,32.20128632184261,32.254412132507056,32.513743110961606,31.84699179616848,32.44030670521319,32.23132982832289,32.25551982154904,32.085929187575346,32.59990087056931,32.001640641616,32.241323454908766,32.06336438979655,32.58706387552533,31.89030996264162,32.08583555892626,32.06659006336476,32.55483533844267,32.09333707951785,32.18397459612066,31.876096866223712,32.63973675366094,31.9286645996774,32.18414894966968,31.999326050811284,32.608649071611936,32.09863465096635,32.21095957782834,32.096905748615924,32.44992010381091,31.87647447292271,32.276399314216086,32.19215329952145,32.18279544975203,32.254473024263945,32.33992963976996,32.08816219693466,32.45565198936089,31.977173226181176,32.54317977815968,31.44874706791883,32.59170391173253,32.15509489761904,32.33963915835399,32.08454436358366,32.60272678781872,32.09603915640248,32.251659352909925,32.10224395214527,32.52290704356692,32.13097239175071,31.579304381314635,31.821877949903584,32.55491628529145,31.20916520717013,32.21802534386379,32.22187982778676,32.24009364424868,32.22899818886884,32.35768879556816,32.052044216765275,32.175024976998635,32.29183796048632,32.35803266562541,32.0503438141867
Q9NZZ3,30.76817246419523,30.82659315010015,31.056579968200072,30.7671514492608,30.237233447859875,30.677849686315337,31.20617283814559,31.036476628258736,31.98896031760776,30.90308569985112,30.631699867716204,30.85405506393418,31.01252365895484,30.339406407657965,31.085894717418714,31.19848591773347,31.44089613341156,31.19589777937757,31.293803451920823,29.60598994655895,30.982183621246783,31.25794736236817,31.11692591227913,31.19386652634084,30.675517443544685,31.553297076932925,30.958994520657075,31.10719294834676,30.45031162407935,31.341415609592023,31.22559088750116,31.63093594794153,30.27560470121839,30.824237679352866,30.8671279602195,31.56733880994024,30.72813934324125,30.757679466308613,31.111410757225936,31.553632076613084,30.80560557136778,31.24037798897307,31.844688732511464,31.024820815188423,30.843120762296078,30.453177682619227,31.07879179369621,30.96468014739928,30.96898473471189,30.881872996509365,30.990858231007024,31.291730958083715,30.796381202810164,30.644597898374432,30.97617204479982,31.37442155837906,30.831139332302502,30.872872550852925,31.18617539898704,31.3712704310399,30.40741024580461,30.90549815153485,31.03290234217464,31.188084677839058,30.859262207494595,30.854540660142412,31.35174549886636,31.220931653444417,30.283401362332267,31.305665141432225,31.259184560565608,31.132572947529788
Q9UK76,30.33751556214077,30.86870141118995,30.57251360428622,30.86722652775552,31.261411097160984,30.61192803457524,30.5809593744668,31.212099984237152,30.68957463532186,30.75452200925316,30.560610180479973,31.339161986692687,31.52878710308023,30.81963887256473,30.490818303395983,31.12878921102513,31.255647845035345,30.476620046420525,30.12279440093075,30.642130557738312,30.70345357754402,30.180007295408583,30.37501945175028,30.50716190602,30.776014411049346,30.588929099705155,30.639638671169216,31.20830576417845,30.89996685782471,30.499585891106587,30.43245873754269,31.265228807429043,30.99419322708873,30.53473125751055,30.758102963195977,31.21744389134824,30.98309970169477,30.71073838205673,30.727486853584928,30.988454990135487,29.43431326252716,30.686955753503703,30.986253785535517,31.19081814450009,31.27838920330514,30.96670942743422,31.06108648505237,31.14405904745989,31.02581194452305,30.565379558137515,30.616881734061657,31.27180266067665,31.01639948474735,30.518585519123924,30.767699950061164,31.311858322128813,30.462489463444708,30.65154569247128,30.407246034192134,31.26669996434613,31.345983727359663,30.47300804707564,30.528839991848727,31.263381326338248,30.44792108810248,30.62674717332853,30.81549764249517,30.94398316751224,30.657450166959087,30.51418213007907,30.661254159267653,31.02827434469883
Q9UKT9,30.589580637346632,30.85081776637023,29.53503065293951,30.368251571851097,30.78501739889345,31.02673089756388,30.484439438036524,30.4529797660398,31.162778790590785,31.169688308558957,30.320375428881,30.51054723400644,30.78846193500857,30.818170680786316,29.25970513299004,30.88202398958181,31.075271269241327,31.015140743630692,30.390900537130182,30.901627344970983,30.53548229162163,30.40401958103005,30.135089291880423,30.68871150472228,30.96050279900004,30.901389087953525,29.79789248345759,30.523783600204304,30.920454134086626,30.70071780787909,30.88790906649032,30.8231659470078,30.414889212165047,30.46794994826028,29.52906682276439,31.074103405075608,30.714125340636123,30.77513644781709,30.3630233307396,30.251906676316985,30.23330174853733,30.571768535265367,30.52700117268532,31.26759003225062,30.904433967033608,30.372512839096224,30.67069209652906,30.236883890223123,30.63663807883081,30.4495257166766,29.779614953890373,30.94895333405189,30.6233333392969,30.808430138902576,29.37060770002497,30.65286578304049,31.046285663500207,30.69508179943232,30.59076191353357,30.931464046418256,31.51254704325858,30.563803961125757,29.78724854903073,31.0268236204826,30.728450319190696,30.597091779534438,30.17763742688389,30.505348708193694,30.81903530265405,30.50988619276279,30.341391723081248,30.556576567548863
Q9UMS4,33.33485393761067,33.45788390076552,33.115682971820725,33.50516052056221,33.535060889525006,33.27864326264522,33.00505675608647,33.304875561641204,33.42069054566553,33.420900506189504,33.26007713401868,33.52735335292921,33.34169141501606,32.88766955718281,33.38380078522698,33.59078629338727,33.45751920241655,33.33297981487115,33.324962689008,33.435197639363814,33.304321706081296,33.5727727950938,33.23286460558053,33.53366429021213,33.246555266214955,33.36946663943346,33.54155849166856,33.393011288748355,33.25012943351243,33.38571918236293,33.29111729563822,33.80206568756166,33.27503771121214,33.46823152877543,33.18189173161998,33.384772699804,33.512282867567706,33.39973878419827,33.23740454872684,33.512823746367154,33.455352310537826,33.38466348794054,33.35976458660434,33.41353611201579,33.427790067621444,33.60507023995075,32.94731328381326,33.424933501733264,33.49118304335783,33.50226610850943,33.155211483128866,33.27221275349364,33.62526437783272,33.459044968465705,33.227708370876904,33.199110449507025,33.53956356734258,33.202806999520064,33.31707380360151,33.43706983373448,33.441076916822915,33.240270878339025,33.47808960330053,33.2688183473912,33.56662821949492,33.217590612850714,33.20493166859355,33.56434632887552,33.25236690363509,33.14286743773944,33.14787820246032,33.69853267694674
Q9Y295,31.57933079055633,31.587636163716176,31.77757923055676,31.2978730793722,31.46034527613211,31.920164282514992,31.84982163431247,31.413678542278653,31.50668355817069,31.773840788283604,31.73570346962509,31.331455216987955,31.54445722545115,31.90639909735916,31.84409034873577,31.749919401338577,31.456822486869964,31.749505553660807,31.55299949146385,31.421690796732044,30.978454058390167,31.75068413508932,31.36999291257373,31.69913175343446,31.483727050158286,31.87060022325339,31.724827892549957,31.7032766205291,31.64341454576229,31.797537902201512,31.723661875766805,31.458461798188,31.56301914224452,31.70365381683652,31.48989574962254,31.078264755701188,31.672273569740117,31.65524727141008,31.47339693188712,31.780732163097834,31.493491915299405,31.536842765070013,32.11474223920008,31.74265243848936,31.558419666614267,31.40995883074064,31.57842067079721,31.28151799466282,31.6268618387732,31.49496528403432,31.651619981220456,31.175674175607984,31.922003734024894,31.63946456932728,31.82826362437426,31.842110915037075,31.511133512683596,31.60228804848505,31.608822970362656,31.65736534762585,31.13371040385173,31.793459486382307,31.49383460366664,31.93769887603736,31.79922910478319,31.79037205725039,31.46085829578985,31.935890145895865,31.48552620129344,31.338615785080396,31.51020240443741,31.420871834665
Q9Y2B0,31.59962297279646,31.64911055929173,31.712510911435665,31.05999678652594,31.540917245942165,31.919825407813786,31.87719396740796,31.272069547648176,31.872157392227084,31.85549426193113,31.532053049979808,30.713283581922447,31.64916179815579,31.93196939274559,31.94800661147489,30.858198462363504,31.54029967000412,32.163314458913725,31.76347532049514,31.126206330452536,31.38187592838415,31.37562884994508,31.043584468315323,31.625091795044757,31.126266874901933,32.007034009315305,31.80985770088581,31.255665819182447,31.364638807995583,31.73326707184947,31.863091468477283,30.98804946609369,31.57210546206204,32.02883377873992,31.79109206470448,31.351034747764444,31.520616332339877,31.94147068391185,32.08475458649,31.275427107476272,31.351768757882933,31.91651675634505,31.360225315100376,31.176252144371787,31.659722607071128,32.02771686569931,31.360853474493744,31.30958368543577,31.51139184259766,31.983968882027984,31.580903860538477,31.097464170288077,31.04191943610992,31.943847129241245,31.782564175697164,31.14900753378994,31.638202702416773,32.11432775051044,31.86093087605055,31.18907908118614,31.292938375880823,31.769379061926827,31.47026236783235,31.780681180182537,31.241198285070983,32.509355994099124,31.65927190833476,30.931918479595492,31.51195485172378,31.88499149922498,31.290962790955863,31.353521594133284
Q9Y2V2,31.001056167117017,31.924334892268,30.481471373778085,31.224938272577216,30.952167450991325,31.774414893542566,30.734204268013727,31.32656535407456,30.4456233311622,31.04735444084869,30.239079133572545,30.61255844760493,31.08370928401398,31.72189427862106,31.27090247361228,30.68341794913783,30.80143780519837,31.619831808034377,31.057830504608283,30.52239674747603,30.282354652415748,30.316370290020508,30.756387070832456,31.926910647808352,31.08592467915133,31.351779375892363,31.061004575484414,31.26037167387837,28.942410291862007,31.388610372217723,31.124886974758223,31.32943036104943,31.022947262022512,31.34781488776611,31.10658013783349,31.144073712840008,30.330084323327394,31.107044899701176,30.930974854441445,30.65941668356816,30.653893476865065,31.595058111830284,30.869263259806832,31.420701593544905,30.913715867197443,31.745472838330503,30.59960042795341,31.271813320761996,30.592150455647666,31.351661922562062,30.68001093899012,31.319055157318715,30.75041442922501,31.75839090205513,30.5256041568552,31.26666784256768,30.6282206115426,31.425859263263938,30.86162127681397,31.152017443426416,30.537910305206022,31.31363963849696,30.767363786008584,31.39331949499312,29.90574778120459,29.87583979854528,31.229833103716967,31.43130423879533,30.99158750398385,31.425058965527185,31.53495367785685,31.64487502179997
Q9Y3B4,31.711030464515485,31.844863959716097,31.27331166095099,31.416386726196563,30.923401939032168,31.75262585825962,31.306256116413653,31.38411384905304,31.367905835645846,31.69655671679118,31.6283763112224,31.78922853472061,31.768101326198423,31.455819558635813,31.617865723539087,31.817879362503277,31.501643946758733,31.210550183737357,31.150757813573478,31.27308427858181,31.91002095138922,31.519260584881003,31.914082914550026,31.26364399321552,30.97911551887292,32.12319811123199,31.408544314859498,31.2541722886806,31.430965415653063,31.423975553989894,31.339528423970705,31.465208945083543,31.53237674471678,31.41696310333985,31.320827044627222,31.950597499916867,31.77967673723712,32.072079092546375,31.56625589291501,31.716875270798347,31.48217676824783,31.86680620486201,31.25537551664834,31.44845911998783,31.167929875423145,31.415069701134644,31.3416654531518,31.051952930627127,31.55297265335941,31.40365147929105,31.11404617024243,31.49382529659132,31.73417181755693,31.808979871992957,31.4238675945702,31.5517423721484,31.426008458424697,31.668279296818486,31.48226243573268,31.621275767057234,31.68022408060441,31.924498830502596,31.52235150948114,31.67425562182937,31.679046110210148,31.524985370923552,31.35370305354489,30.699159723195336,31.563122437220184,31.640288564558645,31.54207822670125,31.539586408935826
Q9Y3F4,30.988733618000907,31.454458897005782,31.87490937847316,31.138896922457512,30.89233362765921,31.780340924817192,31.10159153595487,30.95961830371549,31.5830270973646,31.48312235356903,30.74678273207769,30.83377062025957,30.87225699156695,31.16112593828943,30.93845035731188,31.590615511909327,31.2335440346482,31.316858715298643,31.495053721947347,31.411920115096844,31.270165306702435,31.449484102206608,31.51888967633233,31.56207447045868,31.00824491156696,31.507456736951067,31.250926824998857,31.33478231764845,31.17730567337603,31.54114039597434,31.466203899301878,31.61034334362803,30.85105942504736,31.20843351645602,31.537773607469163,31.365553523734928,30.88815186392417,31.146787839055825,31.63563962161428,31.84810540273371,31.219061209208785,31.4700227087562,30.99247947454816,31.314663412608887,31.079309301766298,30.989960949892957,31.27113222215928,31.84838728322681,31.318019506637462,31.292529340964062,31.627134350015005,31.70450113607394,31.262676877127078,31.615049683860743,31.30215618054128,31.412750362254883,30.93233298430005,30.941833407432576,30.97526504927584,31.265574747588023,31.41351402889961,31.21981616765338,30.787600419867875,31.36749893209419,31.01145796346323,31.11348258261545,31.2816121863492,31.9530746115616,30.889059774710088,30.991070837895816,31.562392414966748,31.973613852785963
Q9Y3I0,31.75577013483476,32.27170751341758,32.67205043419862,32.22899354328653,32.217265803535895,31.907822974154943,32.20014179283273,32.98837044268663,32.12410281035677,32.697811519667255,32.46641474369425,32.463440678866746,33.01567014946414,32.372040312400564,32.027971540844426,31.519359057883957,33.12014699450551,31.38360974898804,32.72249020414806,31.5663618754866,32.36739528425496,31.464289463036376,33.225852366088176,32.523785272692706,32.31116318122883,32.86709775820008,32.71309646627783,32.92206594321085,32.185697886496726,31.704391502587104,32.486759285568795,31.707249223205007,32.20719274645876,31.52063506943082,32.32653404039125,32.6800436783712,33.342478770567126,31.750496908554688,32.84502173303204,32.21129450841277,32.44157468817137,31.453515934756265,32.73605065333326,31.754880922997508,31.95291958012331,33.07432468372796,31.88987461777133,32.27406799478269,32.44658874583754,32.36412312953376,32.49189226970528,32.69258710162695,31.550601333706872,32.22683991759302,32.63674408307022,32.46680830328823,32.31234700269612,30.4605656828333,32.42045239400959,32.72288279352387,31.74361142065836,31.92904780549848,31.910094886056672,31.885633186352585,32.49383798203721,32.89808632318088,32.174283661439176,32.10137715335445,32.45626021470096,32.609962102953254,32.284465027549984,33.21995607119805
Q9Y3U8,32.55862486097213,33.03431702394474,32.71981390805451,32.349677375621795,32.800249143102114,32.90618064285898,32.908700983339834,32.74802663841432,32.78479833711618,32.568332602099005,32.81024312676882,32.301067436139924,33.00655796954299,32.888157058878136,33.10814048903085,32.4433199309299,32.89189724806749,32.41525721803889,33.207975906728244,33.0136489693677,32.471840100803256,32.64704804014386,32.47901510848077,32.695080068375084,32.70272199887748,32.923073108797695,32.81546239214239,32.90483615825507,32.57496945923029,32.40594937386265,32.97661696275393,32.64412290797002,32.68811416653677,32.51225473358856,32.859056584249295,32.68940734810544,32.475189901664535,32.94214350504656,32.67332339417719,32.38981282681792,32.405406560079385,32.481364993903455,32.47932844775248,32.82304445588498,32.912892111358175,32.56187148521597,32.75724809009109,33.107423668694125,32.66762285105608,32.4287126537261,32.88021164990342,32.67486031005213,32.61494504334455,32.84404991540689,33.035598569630366,32.931283275025265,32.54758697881962,32.631265865040106,32.59213137400928,32.73541813397656,31.90173553468857,32.544510826066976,32.72614626327232,32.86052061968831,32.82133122665391,32.691058020032166,32.72271680631941,32.75910405864401,32.539736629110536,32.83020785044439,33.08025149294404,32.70664314937889
Q9Y5B9,33.63874054372715,33.64672460482405,33.6062733223327,33.73215190329427,33.84711688336537,33.56989285403386,33.29795611357808,33.91056261399133,33.68371744466608,33.71634942131172,33.44244446274551,33.44955711491633,33.69762385348266,33.56620830422448,33.34759637254253,33.9981990726177,33.68825072658484,33.53853775022311,33.6566503353048,33.61148818127875,33.78046480024175,33.53218897426771,33.48219229702086,33.722500406673134,33.79569344292732,33.60088867096467,33.55106557462952,33.8297564617309,33.754194456930335,33.46761732402553,33.46049532423697,33.66042607049052,33.69856132270736,33.550988482964044,33.54551584443266,33.873689004018146,33.79600615429499,33.467777950792126,33.723097933659446,33.78857717122458,33.7721435490655,33.55846555137299,33.57104386969187,33.655044274560176,33.823340064079815,33.355197074532605,33.38776917900001,33.57475822339245,33.695000433547165,33.44968146486784,33.38511504661032,33.804766865829244,33.637852465681135,33.427115515287284,33.61411257090734,33.84206935438812,33.612027123097064,33.65153985571957,33.51390846312293,33.90441008727849,33.613213117621704,33.547608151322706,33.49664087318622,33.901823908341576,33.674018771938464,33.6111108715294,33.50475918430069,33.870326594645164,33.80145396587687,33.51984195519942,33.544879647812515,33.6113401403532
Q9Y678,31.875830269434992,32.23253240764401,32.36816319557005,31.941828826751557,31.978534363431528,32.157117759388214,32.29299589905845,32.20654908680307,31.934295507035635,32.48770433127648,32.52239415760133,32.20174984463272,32.06597983572478,32.14373915221718,32.26374016508307,32.264585276916385,31.820541649563918,32.5225532154368,32.43616932052168,32.21960943823064,32.01237279021572,32.38411158825898,32.3876409447515,31.94550329507214,31.99840469450538,32.38137900423188,32.340465193017565,31.94794441655396,32.094148251036685,32.24919572048139,32.56820976844266,31.99150184194801,31.948511932569048,32.347802227858175,32.54370259680635,31.93151766486107,32.30275390142121,32.57919031464719,32.352732116537275,31.855688337868912,32.034545805733714,32.49464941386977,32.26441552640503,32.03679992882768,32.18013924445592,32.08419479223287,32.34605769197021,31.938994285431423,31.9744406962184,32.313019563217466,32.52995044634495,32.01388078681199,31.94265215880341,32.46090011960105,32.32750063364481,32.12530670879281,31.96872436650189,32.41586140216996,32.44022986876647,31.99632137597457,32.247688346610005,32.321113459046295,32.313863543108795,32.027710766695414,31.782739597775137,32.38287761057786,32.379352783857705,32.03563513050349,31.846759276642448,32.28295732357161,32.34235633630191,32.18494553682645
