ProteinName,DDAAPT-D5-1,DDAAPT-D6-1,DDAAPT-F7-1,DDAAPT-M8-1,DDAAPT-D5-2,DDAAPT-D6-2,DDAAPT-F7-2,DDAAPT-M8-2,DDAAPT-D5-3,DDAAPT-D6-3,DDAAPT-F7-3,DDAAPT-M8-3,DIAAPT-D5-1,DIAAPT-D6-1,DIAAPT-F7-1,DIAAPT-M8-1,DIAAPT-D5-2,DIAAPT-D6-2,DIAAPT-F7-2,DIAAPT-M8-2,DIAAPT-D5-3,DIAAPT-D6-3,DIAAPT-F7-3,DIAAPT-M8-3,DIABGI-D5-1,DIABGI-D6-1,DIABGI-F7-1,DIABGI-M8-1,DIABGI-D5-2,DIABGI-D6-2,DIABGI-F7-2,DIABGI-M8-2,DIABGI-D5-3,DIABGI-D6-3,DIABGI-F7-3,DIABGI-M8-3,DDAFDU-D5-1,DDAFDU-D6-1,DDAFDU-F7-1,DDAFDU-M8-1,DDAFDU-D5-2,DDAFDU-D6-2,DDAFDU-F7-2,DDAFDU-M8-2,DDAFDU-D5-3,DDAFDU-D6-3,DDAFDU-F7-3,DDAFDU-M8-3,DIAFDU-D5-1,DIAFDU-D6-1,DIAFDU-F7-1,DIAFDU-M8-1,DIAFDU-D5-2,DIAFDU-D6-2,DIAFDU-F7-2,DIAFDU-M8-2,DIAFDU-D5-3,DIAFDU-D6-3,DIAFDU-F7-3,DIAFDU-M8-3,DDANVG-D5-1,DDANVG-D6-1,DDANVG-F7-1,DDANVG-M8-1,DDANVG-D5-2,DDANVG-D6-2,DDANVG-F7-2,DDANVG-M8-2,DDANVG-D5-3,DDANVG-D6-3,DDANVG-F7-3,DDANVG-M8-3
A0A024R0H5,,,,,,,,,,,,,,,,,,,,,,,,,32.6576738954756,,31.930155331101453,,,,32.247081069631484,,,,,31.560181575016358,,,,,,,,,,,,,,,,,,,,,,,,,,,,,,,,,,,,
A0A024R210,32.04175702371982,31.76336901391814,31.524642926599267,33.004955851124784,32.508140188445005,32.0955003217645,31.78152468844709,32.90134442327029,32.6633493121704,32.107833761154964,32.030485344581514,33.01193336023844,33.59335377817697,33.272916441160724,33.18614634203605,34.21040471010625,33.65657342325206,33.092117740648604,32.97499900825829,33.88301838691963,33.54599793269447,33.217493986725906,33.13153378750654,34.24206212009704,33.80867025461995,33.50905575027874,33.1707024364801,34.345238784194336,34.00037606630015,33.56181784783622,33.475794550661256,34.34095713508062,33.98078457514777,33.5764781929587,33.42849694361107,34.362899765005466,32.02405710995823,32.05346052296272,32.05779638071475,32.65927152039471,32.29681301611408,31.928283504800323,31.474119702261174,32.92587955316269,32.714454540500014,31.85893209148397,32.05984624152723,32.6934353529065,34.1782296232604,33.51746145572967,33.67830930576918,34.5731376055152,34.31168103583891,33.44824105052464,33.543474786317944,34.44136459871304,34.17784715190462,33.5813605933123,33.48539984787653,34.716146736385745,32.11602620759514,31.608803873465224,31.530353396908303,32.51255278629147,32.31513480987749,31.688099369615884,31.671168955739088,32.903945140724964,32.02649862818565,31.621137322138612,30.905366931867356,32.50553743562658
A0A024R2Z6,,,,,,,,,,,,,32.77845687368104,32.3029562082887,32.72064439360073,32.57613646043048,32.67088476377565,32.63915517032888,32.658062757148166,32.70267448012523,32.84926421828325,32.58200204179896,32.70668115804019,31.949103547730946,,,,,,,,,,,,,,,,,,,,,,,,,,,,,,,,,,,,,,,,,,,,,,,,
A0A024R936,,,31.360220568600067,30.29211347747871,,,31.673033519136553,30.513525585842405,,,31.331643141376198,,,,,,,,,,,,,,,,,,,,,,,,,,,,,,,,,,,,,,,,,,,,,,,,,,,,,,,,,,,,,
A0A024RB55,,,,,,,,,,,,,,,,,,,,,,,,,,,,,,,,,,,,,,,,,,,,,,,,,28.415528369626895,,28.0811172375156,,,,28.136213991628974,,,,,,,,,,,,,,,,,
A0A0D9SGF6,,,,,,,,,,,,,,,,,,,,,,,,,,,,,,30.588977485507975,31.088157746585757,,,,,,,,,,,,,,,,,,,,,,,,,,,,,,,,,,,,,,,,,
A0A0F7NGI8,32.287459068911915,32.22171612412951,32.118180931972525,32.42956909922978,32.03912671523821,32.31955106776809,31.705138584112888,32.55935620208787,32.09279475172841,32.31606893689852,31.73178817374081,32.38131926551185,,,,,,,,,,,,,,,,,,,,,,,,,,,,,,,,,,,,,,,,,,,,,,,,,,,,,,,,,,,,
A0A0S2Z4I9,,,,,,,,,,,,,,,,,,,,,,,,,,,,,,,,,,,,,,,,,,,,,,,,,29.727651722223126,,,,30.0922981842095,,,,,,,,,,,,,,,,,,,
A0A0U4CQG9,,,,,,,,,,,,,,,,,,,,,,,,,,,,,,,30.878183847869696,,,,,,,,,,,,,,,,,,,,,,,,,,,,,,,,,,,,,,,,,
A0A140VJG6,,,,,,,,,,,,,30.228340876059796,30.211650442929322,29.80304955243564,30.823311707895975,30.85892586060083,30.576055324829667,30.34564421611613,31.03447108819498,30.550718801717196,30.21866358402511,30.32815346000389,30.67283547445947,,,,,,,,,,,,,,,,,,,,,,,,,,,,,,,,,,,,,,,,,,,,,,,,
A0A1W2PRB8,,,,,,30.46800010818759,,30.84322048609047,,,31.150524114344684,,,,,,,,,,,,,,,,,,,,,,,,,,,,,,,,,,,,,,,,,,,,,,,,,,,,,,,,,,,,,
A0A2S1PH20,31.287685410818057,31.629924639055496,31.754362044490055,,32.38027086056634,31.943296005312224,32.20370980472859,32.094757127953166,31.501618407425482,31.778644352592732,31.386881673287288,31.22263615792742,,,,,,,,,,,,,31.89780142612908,32.174028965966855,32.272461620208,32.24286858305299,31.770595997609487,32.252561277504036,32.08020073894375,31.877541453299187,31.71674914783798,32.286993180413766,32.57974672672939,32.3516866780499,,,,,,,,,,,,,,,,,,,,,,,,,,,,,,,,,,,,
A0A499FI48,,,,,,,,,,,,,,,,,,,,,,,,,31.622338260209737,,,,30.089876271809246,28.947164609173242,29.36740023126758,30.293757650358376,28.837069067522705,30.792170969638736,30.31947224832451,30.83121424646783,,,,,,,,,,,,,,,,,,,,,,,,,,,,,,,,,,,,
A0A5H2UUW4,,,,,,,,,,,,,,,,,,,,,,,,,,,,,,,,,,,,,,,,35.46807022084799,,,,34.19182786627262,,,,,,,,,,,,,,,,,,,,,,,,,,,,
A0A7I2V4V1,32.532093883825084,32.633363516297685,32.512824480933176,32.813955207194766,,,,,,,,,,,,,,,,,,,,,,,,,,,,,,,,,31.901781638718827,31.97080299786336,31.947233666772917,31.932060250643282,32.16581360831087,31.922762033736515,31.264246561287322,31.921922097349523,31.8688207997887,31.75532203657467,31.9847289239085,31.40971181870277,30.87369559600552,30.996592373027468,,,31.23410024338693,31.39407553087235,30.778977658440795,,31.08512554438376,,30.790606994235823,31.549277100508725,,,,,31.91965461002368,32.63343625048708,,,32.34061041924301,,31.82803192179761,32.03876301495779
A0A7P0T9U7,,,,,,,,,,,,,,,,,,,,,,,,,,,,,,,,,,,,,,,,,,,,,,,,,,,,28.56123398731277,,,27.63200139536428,,,,28.707646313699517,30.81598007723593,,,,,,,,,,,,
A0A7S5C4D3,,,,,,,,,,,,,,,,,,,,,,,,,,,,,,,,,,,,,,,,,,,,,,,,,,,,,,,,,,30.810289604160392,,,,,,,,,,,,,,
A0A7T3V7N2,31.19357236936425,,,31.290630365163306,,,,,30.600111837891653,,29.81265274898757,30.70914855125913,,32.793786509183796,31.434213304015312,32.417591408157406,32.954561533784,33.16146851274134,31.461091452545478,32.29709900773969,31.98000984414424,33.042090041330454,30.25124270968713,30.39096641700418,,,,,,,29.96498246557224,30.331584875154544,,30.975949711287516,,29.546219814738706,30.98650723238349,31.056116326744554,30.859663304696273,30.992118123768726,30.498116715852607,31.64693113316083,,29.934206033066452,29.70731893526586,31.722941536211234,30.323350451234557,31.665792967216422,,,,,,,,,,,,,31.850211135052003,32.13664954084684,31.1325817491202,30.842571265562917,32.361464802173934,31.750369376290937,30.965080459550723,32.01101361036344,31.810848171517147,32.21038809463935,32.08691170826861,31.80566022865003
A1L188,,,,,,,,,,,,,,,,,,,,,,,,,,,,,,,,,,,,,,,,,,,,,,,,,,25.4416076780021,26.95956888139061,,27.832096110158865,28.356539515479323,26.31877794520387,,26.448519715257923,,26.78097070482828,25.73366401710303,,,,,,,,,,,,
A2A288,,,,,,,,,,,,,,,,,,,,,,,,,,,,,,,,,,,,,,,,,,,,,,,,,,,,,,,,,,,,,30.627941214796483,,,30.96826748043152,,,,31.07202553633069,30.333102341382062,,,
A3KMH1,,,,,,,,,,,,,30.49947128775985,31.371336316316626,,31.261002501611582,31.695957176105697,,30.442479350690395,33.33610492186476,32.87490295478295,,,,30.542991833854416,30.755557446671833,,31.637116037900512,,31.661595488810523,32.061973886413874,31.635192925239554,31.815655014555457,31.150553479116358,31.32465586871739,,31.536566167070177,,,32.611349197843424,,33.10377482899838,,32.55912794509499,32.37910559484323,,33.22375734216834,32.13565943746008,31.092811931487905,30.81169304130876,31.120908057440115,31.090831169757703,31.020862098748818,31.03774569676307,31.300226944799576,31.352652108910586,31.108187523591553,30.285470966838606,31.043612611373753,31.079472586629755,,,29.479281892957967,29.73201671057171,29.518160776839835,31.30539950276768,30.691008929322127,31.263266077998157,,30.880363414174592,,30.48911468678236
A3KN83,,,,,,,,,,,,,,,,,,,,,,,,,29.601874094047446,30.932508514300878,30.52552968464504,28.049873524171314,28.4644403247995,26.24490923963859,24.328969559801035,28.47755314807274,29.375756039151398,25.995929331613272,28.882648954647323,29.33914060124541,,,,,,,,,,,,,,,,,,,,27.76542115000057,,,,,,,,,,,,,,,,
A5YKK6,29.918674214145998,30.103079611912616,29.706048588870058,30.192350855040882,29.882579187366094,30.299081716873285,30.151180172092353,30.071940975218478,29.54383623193198,30.24992274400504,29.89092815597117,29.93869904360766,29.97794731997897,30.493291170524632,30.46316098262201,30.555995618002825,30.05561066516402,30.369021444561465,30.08666481152642,29.98084051373309,30.013660623719417,30.669907870683925,30.219870739212467,30.363436250257706,29.351646696861184,30.330203673224684,29.572202232473003,29.741572447211777,28.48581495419405,30.021545139581622,29.538335855615916,30.41720139057475,30.04119438640904,30.15067881269482,30.032501324249452,30.267063773954884,29.657405739469766,31.847501428600847,29.962980602813772,29.633953779112574,30.038336818113134,30.17563889208824,29.83219377749921,29.725856916613534,31.51679189126232,29.914987106006347,30.067028405241913,29.178049143212217,29.951135672974775,30.45609782606601,30.329094306141652,30.544903719302862,29.301492919237074,30.53212403457155,30.70631039959066,30.413812340492438,29.577514870862608,30.58261645861199,30.04164486552521,30.69989063786773,30.361350490173184,30.10771667470273,,30.318172043892577,29.899692547736084,30.128040665768392,,,,,,
A6MUU8,,,,,,,,,,,,,30.532722450853495,31.04343169951888,30.973749070321688,31.77681247990009,31.27354527721911,,31.1437003920383,31.022809021298006,30.834387340980445,,31.05560139173176,31.000175389948183,,31.07884862621674,31.105039163484857,30.805732138348965,,,,,,,,31.245496551452224,,,,,,,,,,,,,,,,,,,,,,,,,,,,,,,,,,,,
A6NDG6,31.135368462552936,31.119925351140434,31.034301030817026,31.04360353627639,31.138685461211157,,29.405578162590785,30.948734242452936,30.85032467230427,31.1686222278121,,30.815840027894914,31.293524187630386,31.525806423917274,31.283161419234748,31.322669185504253,31.22918896308515,31.22667223113087,31.050188968285603,31.298731836003594,31.28965345612824,31.23520287353178,31.1593404351893,31.255543721799636,31.75155919232926,31.17931826246442,30.316173774040625,30.770708459288443,30.79355443917469,31.288299236481937,30.549635503179175,30.446972627241962,29.71862097455937,31.89632756616644,30.91949796862469,30.89811688001592,30.408493442756804,31.33041917887722,,30.677107920803333,29.913579409081727,30.534891390375154,31.10058894594106,31.24738742144303,30.9992116171562,,31.327529115854063,30.996719599603665,30.537845905959955,29.726382016546076,30.119830891194898,29.90731609367962,29.54588615549606,29.71702517505045,30.419854119203404,30.281643623795404,30.778524658268566,29.648380119802773,30.582504741034402,30.94112304831581,30.367155350046133,,,,30.442380360406112,,30.63400141112866,30.142988027193176,30.771916550279897,30.441404166930802,30.380398470438404,30.363828642754854
A6NDU8,,,,,,,,,,,,,,,,,,,,,30.515421616123785,,,,28.054588548911507,29.462719974072673,31.259531941174007,30.26609165846838,29.90381861060659,31.19256520017572,28.74668864258773,27.799785248424843,30.929888545440374,31.622928289746827,31.105826453438137,31.46311979905416,,,,,,,31.237591929088016,,,31.1946861097892,31.476408114545084,,29.42238889289948,30.197608290531164,30.15835557967706,29.787100186331383,30.327633094482113,29.924384256305224,29.901093962496056,29.812360544902607,30.431729536861486,30.06947027163545,29.77031709575291,29.005792389598536,,,,,,,,,,,,
A6NHQ2,,,,,,,,,,,,,,,,,,,,,,,,,34.4863975568556,34.8669545786356,34.230216783729524,,,35.47218606880588,,,35.017472743058214,34.57045269822282,34.758186039297485,,,,,,,,,,,,,,,,,,,,,,,,,,,,,,,,,,,,,
A6NJ78,,,,,,,,,,,,,,,,,,,,,,,,,,,,,,30.241579200477947,,,,,,,,,,,,,,,,,,,,,,,,,,,,,,,,,,,,,,,,,,
A6NJG2,,,,,,,,,,,,,,,,,,,,,,,,,,,,,,,,,,,,,,,,,,,,,,,,,,,,29.283686227072764,,,,,,28.68947650706656,,,,,,,,,,,,,,
A8K1J3,,,,,,,,,,,,,,,,,,,,,,,,,,,,,,,,,,,,,,,,,,,,,,,,,31.36085261709817,31.520184900707708,31.3949005773472,31.565326652239914,31.437606935003277,31.541002814150605,31.307364445580124,31.65157365004546,31.3816635938532,31.570389451536766,31.46346246128741,31.580019954529774,,,,,,,,,,,,
A8K2L4,,,,,,,,,,,,,,,,,,,,,,,,,,,,,,,,,,,,,,,,,,,,,,,,,,,,,,,,,,,,,34.77173080798904,35.30396431595034,35.412091660486126,35.40538053268957,33.92092431673834,,34.65496043816599,35.336065101580544,,,,35.41227405834959
A8K6S3,,,,,,,,,,,,,32.49605126573192,33.249048059368626,32.88977329321632,31.704869432429966,32.658084507618476,32.088215985858945,33.8870191993747,32.42114397956382,32.36791076657286,32.482888200376706,32.426404372455615,32.43592756931548,,,,,,,,,,,,,,,,,,,,,,,,,,,,,,,,,,,,,,31.648278971790702,,,31.889711019056218,,,,,,32.029790437838095,
A8MXV4,30.233730360408245,29.82861867794832,29.47618863916565,29.68613116138485,29.525143326073866,29.62777510121276,29.834801752259047,29.496129115624946,29.913627671746184,29.70471022259316,29.96291026716318,29.490376816538678,29.82409832766094,29.96997874771693,29.802349055955155,29.85414921925078,30.15004604973198,30.901128616495594,30.109350905059564,29.92372848274165,30.433964255414303,30.156619323419363,29.938656382282947,30.2935341349812,30.094771093424775,29.883330720064585,29.859462889655134,29.233528574498777,29.79192296198165,29.66490879261237,29.63611178798298,29.776417274784162,29.86998728924682,29.734844611743544,30.075013627035947,29.929732261596712,,,,,30.42337914449184,,30.742152892026127,,30.977726655241174,31.233102835858382,31.46490435805431,30.172586105173746,29.431732186580124,29.8603413994089,29.793876093173893,29.13518765482665,29.71025388253183,29.18100575206877,28.949830199968222,29.4090718769087,30.12930025895066,29.316658867092087,29.465301801464125,,,,29.511797185092625,29.419400838851892,,29.952552507613028,,,30.141075736465908,,,
B2R5Q5,,,,,,,,,,,31.617078318374993,,,,,,,,,,,,,,31.28206531975268,31.49027804861376,31.97616074956568,,31.965192555493417,31.265710943840013,31.86368990430193,,31.364206997028845,,31.898258882744173,,,,,,,,,,,,,,,,,,,,,,,,,,,,,,,,,,,,,
B2R5U7,30.137201112160753,30.13269613092866,30.35980769744217,30.45986093198349,30.129797724421756,29.868789865734684,30.21531718820225,30.249220487883395,30.516318030003784,30.289315243160488,30.206900021876294,29.991942288110994,,,,,,,,,,,,,,,,,,,,,,,,,,,,,,,,,,,,,,,,,,,,,,,,,,,,,,,,,,,,
B2RWN5,,,,,,,,,,,,,,,,,,,,,,,,,,,,,,,,,,,,,,,,,,,,,,,,,30.98776667582364,30.85543823940761,30.85676751336115,30.337942344907695,31.211067243348175,30.488570482468397,31.015058542964145,30.69898587149263,31.228504796667483,30.994747517954288,30.60020294374494,30.997409129104447,,,,,,,,,,,,
B3KWD0,,,,,,,,,,,,,,,,,,,,,,,,,,,,32.047750820836086,,,,,,,,,,,,,,,,,,,,,,,,,,,,,,,,,,,,,,,,,,,,
B4DH52,,,,,,,,,,,,,33.57865211919079,33.50218133061054,33.2067865673975,33.442002983928596,33.6063485242014,33.55781272117358,33.2062741098567,33.50397720591619,33.692179014019864,33.50901045232464,33.208980862102486,33.54257445072651,,,,,,,,,,,,,,,,,,,,,,,,,,,,,,,,,,,,,,,,,,,,,,,,
B4DLN1,,,,,,,,,,,,,,,,,,,,,,,,,,,,,,,,,,,,,,,,,,,,,,,,,32.96396220627137,33.05501042496668,33.06065753590957,32.928814999686,32.903599246539244,33.0869521786486,33.2047298205354,33.05030785930108,32.85529863911985,33.11419779394596,33.10389365675191,32.990431976915794,,,,,,,,,,,,
B4DQ92,,,,,,,,32.172977472247524,,,,,30.845569071430727,31.189299577490104,33.716343121742725,32.746538762479204,,30.94208223118567,31.149207782745535,32.612453141444526,31.20787283918745,31.134407157425994,29.232666198682185,,32.52123412505541,31.503395608516247,,32.59415582262675,30.871775115050937,31.669162549093013,31.334709612754214,32.28288855932021,32.98415542905482,33.816633226678626,,32.543147418756774,,,,,,,,,,,,32.32495826250672,31.258953055388776,31.286886332838158,31.087215874249974,32.60825149396237,30.95192225907846,30.9743048131896,31.01151087911285,32.6283720925807,31.020990285761933,31.05534002152857,31.225935760850252,33.00532186602624,,,,,,,,32.077156526937614,,,,
B4DWR5,,,,,,,,,,,,,30.650269209721145,,,,31.949309775673303,,30.283116360590252,30.177757405853594,30.12888920551747,,,,,,,,,,,,,,,,,,,,,,,,,,,,,,,,,,,,,,,,,,,,,,,,,,,
B4E0T8,,,,,,,,,,,,,,,,,,,,,,,,,29.6934878008689,,,,,,,,,29.665162575820872,,29.75990477179911,,,,,,,,,,,,,,,,,,,,,,,,,,,,,,,,,,,,
B4E2K2,,,,,,,,,,,,,,,,,,,,28.926433917524662,,,,28.602540740252877,29.83369075062068,30.295702942401498,30.309969585071926,30.352288285500908,,,,30.399923377146504,,30.01714523817141,,,,,,,,,,,,,,,,,,,,,,,,,,,,,,,,,,,,,,
B4E2P4,,31.234406143534382,,30.918094976500388,,,31.23095571657583,31.48394552604403,,31.256776710913748,30.965844676909658,,,,,,,,,,,,,,,,,,,,,,,,,,,,,,,30.496098818121617,30.632389440462603,30.819857901432837,,,,,,,,,,,,,,,,,,,,,,,,,,,,
B5LY71,,,,,,,,,,,,,,,,,,,,,,,,,,,,,,,,,,,,,,,,,,,,,,,,,,,,,,,,,,,,,,31.9166284258671,31.50450073223448,31.47262119194179,,,,,31.145289416145694,,31.088857788013378,31.103039993545526
B7SBB1,,,,31.60073932263858,,,,,,,,,,,,,,31.34585747614922,31.343539534497864,32.31902820957618,31.769482451746182,,31.279216802536524,32.37983272037158,,30.428216804749297,30.36098528109941,,30.60136308549611,,,,,,30.76276426736287,,31.31485872770736,31.449614887757345,,31.2855045223356,,,,31.41551540754753,,31.362555858171035,31.366550450749237,31.52288123012417,31.02852298935759,,31.83980887581939,31.658415385451203,31.074055991402417,31.42763909342782,,31.984597911459986,31.150458522469144,,31.30585754389668,,,,,,,,,,,,,
B7Z2F5,,,,,,,,,,,,,,,,,,,,,,,,,,,,,,,,,,,,,,,,,,,,,,,,,30.789203971084625,31.462606742173215,31.071892795337583,31.372446777143615,30.839317006177012,30.439753049937885,30.79874944063961,30.667310767198906,31.396880589201018,30.613607565841917,31.371093557937655,30.853700871723838,,,,,,,,,,,,
B7Z4Q0,,,,,,,,,,,,,30.374668753076076,30.793717946514775,31.344953723493965,30.569589907878896,29.50560360052106,30.895931035836814,31.090231635268697,30.084703366176743,30.224380589098676,30.83528064514617,31.11984728259993,30.370827122840474,,,,,,,,,,,,,,,,,,,,,,,,,,,,,,,,,,,,,,,,,,,,,,,,
B7Z532,28.654147604302544,,29.155999098947948,,28.83257120182813,29.39962080238102,28.797318262691313,28.72802025391927,28.89945753453174,29.11425185740776,28.854143104110936,28.84854547698675,,29.37182650555899,29.356924871060794,29.619639848326905,29.209222481927647,29.852337733142576,29.650208600883886,29.100278993244522,,29.934843983895494,29.174352123219393,28.735266134908464,29.762799878915892,29.704940128468458,29.86272005484975,29.333686477722598,29.661816952705443,30.046666417314913,29.91873421806438,,29.828353212945387,29.906989799217037,29.920665144411355,29.526556904940826,,,,,,,,,,,,,28.79424363527155,29.08168331856788,29.73852586019219,,28.05877879928784,28.781466994304886,29.752797130739562,28.800816535505653,28.155843425850296,28.843832496865055,29.385036347649894,,,,,,,,,,,,,
B7ZL34,,,,,,,,,,,,,,,26.421338385414565,,,,,,27.082344976403526,,,,,,,,,,,,,,,,,,,,,,,,,,,,,,,,,,,,,,,,,,,,,,,,,,,
D3DX93,,,,,,,,,,,,,,,,,,,,,,,,,,,,,,,,,,,,,,,,,,,,,,,,,32.07358485043252,31.834518908836085,31.700387830804885,32.51688566849713,32.13773187034414,31.865485520715048,31.743080547742462,32.552681895692444,31.99108006354131,31.880050863840633,31.648378315760407,32.501172564803326,,,,,,,,,,,,
E9PJD7,,,,,,,,,,,,,,,,,,,,,,,,,,,,,,,,,,,,,,,,,,,,,,,,,28.92125202648798,,26.55991389418651,,31.558451978950952,29.882479045876035,33.96562590274622,,,30.184457982887743,,,,,,,,,,,,,,
E9PL57,,,,,,,,,,,,,,,,,,,,,,,,,,,,,,,,,,,,,,,,,,,,,,,,,,,29.944988786805165,,,,,,,,30.056249545809063,,,,,,,,,,,,,
E9PLY5,,,,,,,,,,,,,,,,,,,,,,,,,,,29.028383650790644,,,,29.373582020112845,,,,29.80525715359805,28.786491477899254,,,,,,,,,,,,,,,,,,,,,,,,,,,,,,,,,,,,
F8VZX2,,,,,,,,,,,,,,,,,,,,,,,,,,,,,,,,,,,,,,,,,,,,,,,,,,31.354171670189373,,,,,,,,,,30.453609231197618,,,,,,,,,,,,
F8W7C6,,,,,,,,,,,,,,,,,,,,,,,,,33.26543524898978,33.36123139548408,34.109399336106506,33.491771857311434,34.26984935919447,33.58781781390286,,,33.3065057103621,33.8706392223138,,33.99767596416993,,,,,,,,,,,,,,,,,,,,,,,,,,,,,,,,,,,,
G5EA36,,,,,,,,,,,,,,,,,,,,,,,,,,,,,,,,,,,,,,,,,,,,,,,,,,,,,33.61098617531535,27.803317774987622,29.46114094376953,,,,,,,,,,,,,,,,,
H7BY36,,,,,,,,,,,,,,,,,,,,,,,,,28.714550835682047,,,29.376028725516306,,,,28.39883330291984,,,,,,,,,,,,,,,,,,,,,,,,,,,,,,,,,,,,,,,,
I1SRC5,,,,,,,,,,,,,,,,,,,,,,,,,,,,,,,,,,,,,,,,,,,,,,,,,29.34931833586908,30.02055425568235,29.432921663780906,,28.67145686827349,29.891270942493723,29.528366563576146,29.104329810138957,29.512741142816086,29.84819003612915,30.035410950124497,29.235685238620572,,,,,,,,,,,,
I3L4Y1,,,,,,,,,,,,,,,,26.638677211437795,26.63525279646436,,,,,,,26.874894552931778,31.885098489132552,31.211175167876434,30.467630061119586,30.676059439388055,30.910201730581125,31.318592688448433,,,31.59168967493706,30.67011280353534,30.384722499395597,30.87691927507891,,,,,,,,,,,,,28.93862467038901,28.813697254083024,,27.255418713892098,28.709424481381134,,27.842491634837643,,28.78106722511507,,27.501249270219674,,,,,,,,,,,,,
J3QR07,,,,,,,,,,,,,,,,,,,,,,,,,,,,,,,,,,,,,,,,,,,,,,,,,35.1380777390188,35.52463472095384,34.57290182272632,35.51326825469579,35.36444069027507,35.1076191481901,35.610864848571445,35.111536696082325,35.28347223652086,35.1546855849444,35.24093203873116,35.41182036754287,,,,,,,,,,,,
K3W4U1,,,,,,,,,,,,,,,,,27.773947412999778,28.95186632925013,,,,,,28.991270515194667,,,,,,,,,,,,,,,,,,,,,,,,,,,30.410640588193555,,,29.250498823416013,31.083606070612777,31.419633329274436,,30.266532465312782,,,,,,,,,,,,,,
K7EK60,,,,,,,,,,,,,,,,,,,,,,,,,,,,31.9055595335071,,,,32.23849047781873,,,,,,,,,,,,,,,,,,,,,,,,,,,,,,,,,,,,,,,,
L0R6Q1,29.991169798225204,,29.820127592319402,,,29.713544726998222,30.408066262265557,,30.887876204106632,29.55228345643459,30.25918511824105,,,,,,,,,,,,,,28.46419520911082,,30.300999644696176,28.2778333308563,29.53221580962288,,28.33155503497902,,30.49838005136947,,,30.331741673501327,,,,,,,,,,,,,,,,,,,,,,,,,,,,,,,,,,,,
L0R819,,,,,,,,,,,,,,,,,,,,,,,,,,,,,,,,,,,,,,,,,,,,,,,,,30.22181498731919,30.12108773420643,29.977034594812682,30.21698728442375,30.153002517449966,,30.19869868612081,29.95144666907068,30.47062484801349,29.983771222563576,29.309500116089396,30.122702472707118,,,,,,,,,,,,
L0R8F8,,,,,,,,,,,,,29.019335997449858,,29.694170276512427,,29.153234097169776,,,,29.06314683041398,,,,,,,,,,,,,,,,,,,,,,,,,,,,,,,,,,,,,,,,,,,,,,,,,,,
L7RSM2,,,,,,,,,,,,,,,,,,,,,,,,,,,,,,,,,,,,,,,,,,,,,,,,,30.13571022906133,29.692958087033418,28.996103160013902,29.111371412112163,29.710691912947787,31.00167140116708,29.128085440048295,31.13204465728672,30.409783987930453,30.565536421786454,29.365696844219208,31.41287693889995,,,,,,,,,,,,
O00186,30.449802849249032,30.70067972497983,30.58637742533397,31.421451722754917,30.740038938475397,30.992517033742025,30.545291671729704,30.906344578836897,30.439821672402363,30.405893506056007,30.450640112685928,30.51767799543161,30.22353786399382,30.51485966018021,30.498396419265163,30.400342398637584,30.354316065529645,30.713447543822653,30.5073497327829,30.74531665918948,30.56805846644388,30.46008965225987,30.648212689324986,30.913333747889745,30.62688023325055,30.86959953832524,30.70572739752118,30.803259881485417,30.552431230624798,30.660108133182344,30.820360039632277,30.79303929050006,30.722571284762076,30.767855333572605,30.887304802251805,30.600061103654937,30.79188243750054,30.93025785861952,30.833231886387914,30.616373094696222,30.795609749698173,,31.057290139050767,,30.143837620294423,30.087236820223755,30.11796743111407,30.161475425432176,30.047656959788316,30.27235981092104,30.128198429267755,30.35226483687084,30.191723727263447,29.781210690379552,29.967481174603755,30.598567183326114,30.122821533128615,30.082397877219314,29.67251655128115,30.496056879052208,,30.97426429122872,,30.168245515070243,,,,29.909192406071426,29.917688185540843,,,
O00231,32.88106759750276,32.497169974693186,33.037511409405575,32.16073211317231,33.20163190819014,32.389658322625536,33.283831921952185,32.982158847269105,33.11217968630613,33.481975157877336,33.31567782586225,33.19758942264833,33.41138108201817,33.84257714412522,33.724691641379614,33.680515234333335,33.37077628967136,33.99981786296455,33.80001818779402,33.712160028326906,33.67539139233086,33.65861379663706,33.567366474671374,33.57518464427712,33.55843577878547,33.72710496611683,33.56163331910387,33.56069460477802,33.49729444965988,33.76078819019301,33.85993094137632,33.609468224832696,33.586243237432726,34.07178900348408,33.88456093825869,33.311864707163025,32.63905728567486,33.06992556633331,32.96657920006374,32.89444865421461,32.57003638731599,32.6700575264382,32.875171278392116,32.95764255197146,32.7951097868633,32.69826304056161,33.366361490792904,32.79797282819196,33.62001747047701,33.78622412810134,33.841387589740386,33.753635179358646,33.6243026461279,33.85682821286948,33.72341605133936,33.76531251496014,33.60816260916223,33.82203132648846,33.872308581132565,33.76850093967182,33.05943189474217,33.59330611957248,32.41761504186461,33.63500089574674,,32.68340742701211,33.12281281934566,32.861009263085215,32.307155230180705,32.16504142952712,32.21584444581031,32.863380162484226
O00268,,,,,,,,,,,,,,,,,,,,,,,,,,,,,,,,,,,,,,,,,,,,,,,,,,30.51064662474608,,,,,,,,,,,,,,,,,,,,,,
O00287,,,,,,,,,,,,,,,,,,,,,,,,,,,,,27.35225697954964,27.452035206298316,28.006749067323927,28.035481627759232,27.52032475450929,28.512689604388576,27.702840364750006,26.783128592619484,,,,,,,,,,,,,27.759165843263,,,28.154424342198414,,26.960015154412318,28.280758789989655,,,28.56609884828721,,,,,,,,,,,,,,
O00425,32.69064202293258,32.568474531924096,32.6625767496122,32.93581086424126,32.62574142084088,32.674757065037326,32.45007002288449,32.81641631697639,32.474095124542785,32.62871920368747,32.755013277107864,33.02854308686895,32.63094489228499,32.44583944058299,32.78929639706508,32.81052615577604,32.61506550271165,32.181222915792716,32.77932218662464,33.105978529038694,32.83825093885367,32.616475532824694,32.999266743179746,33.04252287385283,32.72588439687718,32.73066831693657,33.126423276008055,33.11454696864037,32.398221894295204,32.92772124767485,32.999291838128926,33.28565448368714,32.803906659601566,32.9785262285005,32.97369770950115,33.016588930659694,32.83748108996231,32.8477049542591,32.96753037633463,32.97879517853276,33.02470311094389,32.83674403791973,32.97652391854574,33.13442845792907,32.687835697077304,32.67856794307717,33.01585350086262,33.15665017378181,33.391860606479355,33.18666715898268,33.24460185387575,33.526117544553685,33.271030205328245,33.095826657431196,33.353231932071694,33.53988274867348,33.283318931938496,33.070287082552845,33.22981014127225,33.252181025101834,32.65390466141618,32.892417767504625,32.9027939646578,32.93881994709708,32.917233791631894,32.71201619199042,32.824424033321236,32.90452742033885,32.501284161663975,32.60910159812157,32.92437845507594,32.85298634425472
O00626,,30.044016561965424,30.657456943858172,,,29.834870652081083,30.12937347731744,,,29.393548035563303,30.516733174620523,,26.92776799580962,30.455193681715617,31.29128297575544,28.32352058747779,,30.596625601066375,31.378944244605787,28.818853045661246,27.4793604272509,30.62121663050309,31.31077856708999,29.332801433708685,,,29.927606774591393,,,,29.619100972300014,,,,,,,29.35161851938481,30.34244554697214,,,29.459416084255626,30.24161057997109,,,29.80046206975171,30.214564328465112,,27.912473164230228,30.343582487879676,31.15385701006253,28.52624108268196,28.170193807252854,30.500630324666144,31.205987682178556,28.131129116382294,27.465066384961357,30.579295346804326,31.082873275943765,28.874254907081603,,29.587206505615292,30.34193692087526,,,29.820519019340182,30.307767184650945,,,29.713833389330784,30.555404827492165,
O14646,,,,,,,,,,,,,,,,,,,,,,,,,,,,,,,,,,,,,,,,,,,,,,,,,29.990709646503962,,,,,,,,29.89809391098668,,,,,,,,,,,,,,,
O14929,30.21893463869411,30.873641667039067,30.56298608707094,31.170600008363696,30.2202447315138,30.711300956194254,30.53371082342064,31.539205631872164,30.802486696738168,31.008510910248642,30.60121306664839,31.043880233280152,29.89106181601634,30.40720231771826,30.712067690671653,31.4228788246829,30.65964891916038,30.428201614781383,30.405891471881564,31.38017104320759,30.392662378580123,30.786726589785317,29.82954685562818,30.766544473119318,29.584605995255025,30.412082653231067,30.01971685981939,31.66888103370882,30.082619371339227,31.74536334986157,30.211837888612646,31.801579955699324,30.470477194503886,31.063391337439242,29.956349549389174,30.872170365419976,30.846237806383954,30.896609899289945,31.03825277101544,31.936550716719374,30.85915799212093,31.12684344235834,30.928258759601874,31.77557091187343,30.934935044987697,,,31.92049965703302,30.597614215198316,30.707322543192284,30.118833746875552,31.764992306165837,30.279402638358604,30.546306017703067,30.123461618075947,31.85459558788,30.7200132224255,30.953556949020758,30.426251109432553,31.557119420799328,30.47378289178664,30.626733814919042,30.53628294689372,30.953169935111745,30.144882547067354,30.61669588026102,30.311417963001055,31.155470001680477,,,,31.293562831116034
O14933,31.72130081559901,31.96375389284439,31.757943445971655,32.474828043034066,,31.756799824741353,32.078812473663994,,31.667796293929673,,32.261394890532635,32.24739696258389,,30.749326268985843,30.685412049557982,31.01824735281493,31.26497051448704,30.734775198181925,29.171876845048402,31.051555542743706,31.05020599120538,31.08883821001213,30.539627691348986,30.031048717878598,31.354521003009573,31.68749301023245,31.34326835547198,32.46581044987312,,31.22746087384179,28.059118887144894,32.44751530061463,31.132773576621048,31.61562932215401,31.949864660393384,31.66822257464859,29.35230740489402,29.955595630865677,29.936702191509518,30.23240299254975,29.3441350725954,30.000086831724076,29.84653232980834,30.095001734687152,29.61079488271427,29.88564643758926,29.70496970416847,,,,,31.324037127993314,27.677108526001362,27.502560497196647,29.184762506770014,30.921344190492974,,,27.363885096077848,30.866896303131078,,,,,,,,31.1672984990893,,,,31.30537568964295
O14949,,,,,,,,,,,,,,,,,,,,,,,,,,,,,,,,,,,,,,,,,,,,,,,,,,,,,,,,,,,,,32.78757572729723,,,,,,,,,,32.5543699353496,
O15031,,,,28.729234315450203,29.42677201413632,,,29.865848173547036,,,,,28.51747818147142,,,28.579877120379482,28.242085620512142,,27.002421010069387,28.17568064793803,28.236399162199742,27.10617851738276,,28.59714225062825,28.33425383919116,27.739038802183206,27.284084609884392,28.528190908010664,27.98268681119197,27.179335503938372,27.712235038469164,28.139939165258777,28.01497987416472,27.192399263440826,27.580049694531805,28.833724012418276,,,,,,,,28.969298935407142,,,,28.587498948868536,29.012594050182486,28.054544110914737,28.687746672537553,28.708469993943364,29.107034275927077,28.41851760170127,28.112666781421254,29.251449819723124,29.41123440454243,28.39560653409828,28.758040971607652,29.22579719324688,,,,,29.979761269067712,,,,,,,
O15066,,,,,,,,,,,,,,,,,,,,,,,,,,,,,,,,,,,,,,,,,,,,,,,,,,26.869865424333963,27.98945591414618,,26.254892324392276,,,,,,,,,,,,,,,,,,,
O15091,,,,,,,,,,,,,,27.735423519853654,27.756864330428968,27.9335001266409,27.673074380439687,31.680115108238216,28.228571101103938,28.10789245087041,,,,28.093255788942415,28.995893285252073,28.760779832825634,29.182639821981937,28.942061074085533,28.941612081945305,28.67985193969299,29.0419685763577,28.74099211313107,28.4113293933739,28.881156183256234,28.675688545189743,28.591884324428918,,,,,,,,,,,,,27.848079067654112,27.18826631732493,29.448236192313036,26.645383688007637,27.043758718759822,27.576885973582556,28.115855848123477,27.99569239750618,30.050208300830167,26.64924931951531,29.963007991728464,28.254987825653924,,,,,,,,,,,,
O15173,30.37667839273822,30.55989568559977,30.60512304755192,29.94383887600324,29.936460978778562,31.16947697316673,30.714485970927257,,30.14483674387793,30.608665011497692,30.799497316998156,29.91801803026221,30.9577106469915,31.22672057175169,31.70248880612219,31.10297608892315,30.211581305566916,30.574973123087524,30.780364636108217,29.76292209782708,30.530624511714578,31.30112880347801,30.910596238965567,29.863502945017608,30.27946761174701,31.17507197502842,30.565061390191225,30.147247726941128,30.328680625980283,30.764736462066615,30.514473277227843,30.065332091921658,30.27763567715744,30.601791270196088,30.91781100178173,30.01400010729349,30.775474632839256,31.208639465103012,30.678830051125907,,30.859408866615873,30.635763144529385,30.999606221249593,,30.6266824411836,30.41831639039588,31.04169513985759,,31.61909588035666,31.603421089691498,31.442551358215933,31.710943513506997,31.543369245388053,31.282989037180844,31.965350002876512,31.79815886082436,31.660341238411583,31.385481773648724,31.28615280667895,30.614087253971903,30.319379275217386,31.056315558883583,30.673935466506336,,30.25281259196324,30.378176190499474,30.57166668971437,,30.71806735209262,,30.606363990241974,
O15247,33.540500203440885,,32.59260466252174,,34.08535590311661,33.13131330970162,33.69711816570311,33.757932856646676,33.80501107913434,33.28361953969115,33.09708606031905,,32.29293296744203,32.37583645760474,31.95891894952014,32.39439653904561,32.14675623784172,32.34833724972274,32.17484916266185,31.93847629914779,32.570961503386066,32.3060482596219,32.89019593061604,32.71497804258418,32.5637057757765,31.968178579726043,32.14443982958221,31.640137286282137,31.631819387699633,32.20388918331372,32.01776112304565,32.26006026045068,32.65794642615774,32.21680274178652,32.376343196136645,31.73316851030237,32.40450633389103,31.20407224016735,32.51647513386244,32.12824815740726,32.08938589454276,31.798685458335402,31.883056177825473,31.89283287134095,31.927893553165173,31.466267978536514,32.414256256551866,31.920515475514208,33.45739986005839,32.8848164863762,33.500591655652904,33.1922172400693,33.38417983574944,32.86728069014765,33.427906488087096,33.26716901999261,33.041158258136896,32.94388568122359,33.36084647647682,33.17256834575219,34.07545352835774,32.877261112060594,33.353576503582644,33.284107678961696,33.52164689113276,32.866041857402855,33.54748343146604,33.46261438435335,33.862350900815805,32.88448628844706,33.44369323547589,33.2804925766649
O15357,,,,,,,,,,,,,27.626937748376992,29.165493342346263,,29.02767419278761,,29.17442126887726,29.23858532183765,27.935992675054106,,,28.447440433310607,29.21638633268783,28.833591528347345,28.967944430691684,29.206102324064993,29.24817158639926,29.548016433221324,29.27301208459175,27.857903048835386,27.849837897383555,26.609415251533804,,29.793052737611358,29.070708883477035,,,,,,,,,,,,,28.520177408522564,28.909985797561784,29.23780218468045,28.716167374604705,28.831528720690283,29.024087924579145,28.712089317009852,28.90117187041464,28.675486841589656,28.602391234727143,28.74342526213477,28.783328194285208,,,,,,,,,,,,
O15379,,,,,,,,,,,,,,,,,,,,,,,,,,,,,,30.424456099482196,29.046608363868142,,,,,,,,,,,,,,,,,,,,,,,,,26.437690900835985,,,,27.059306653567877,,,,,,,,,,,,
O15397,,,,,,,,,,,,,,,,,,,,,,,,,33.29720464927151,,,,,,,31.678760348308955,,,,,,,,,,,,,,,,,,,,,,,,,,,,,,,,,,,,,,,,
O15400,30.742155652934436,,30.305744952770883,,,,,,30.913681450051026,30.593238478180687,,,28.99074650644904,,,31.925044912598107,,,27.762704001581564,31.5548761905143,32.211341184936046,31.935128622074156,,31.53906498966941,31.820092181511622,31.89097713975152,31.773137944925764,31.879866873385534,32.081104942621224,,31.34128003087809,31.85838844546038,31.477475581550923,31.98374729254112,31.848934846481164,31.933284484956157,,,,,,,,,,,,,,32.16663855637758,31.84707057353966,32.335532407248095,32.429960299413864,,31.896391128128602,32.29271189839099,32.61918999591115,32.30097906706999,,32.28265930390778,,,,31.84032899549305,,,,,,,,
O15541,,,30.581297731633104,31.04001456270053,,,,,,,,,,,,,,,,,,,,,,,,,,,,,,,,,,31.15967922886484,,,30.73492047408916,,,,31.062498824095375,,,,30.703837706089953,,29.416432819921518,,30.617160573679687,30.499035283840133,30.077827489204203,30.04418253422902,30.441622983610696,30.161301108137437,30.54443307592278,29.945463926224107,,,,,,,,,,,,
O43143,,,,,,,,,,,,,,,,,,,,,,,,,31.69787979137767,32.07013096789028,31.2310995965622,31.937052842719513,32.05419180080649,32.14164332466378,31.30048658004097,32.05398057742511,32.174145219692775,32.03637977162228,32.08867187967412,32.09010717103435,,,,,,,,,,,,32.36628580230736,,,,,,,,,,,,,,,,,,,,,,,,
O43149,,,,,,,,,,,,,29.41467724073638,30.101956316121957,,,29.02533429697278,30.365131952753433,,31.28597800719816,,28.81044030558303,28.517804788569006,,,,26.056927900721824,27.910583530191857,22.03731074437949,23.981889016842725,,,24.686957100151442,23.493048708160288,27.062372223643138,18.176273197110355,,,,,,29.657725603295276,,,,,,,29.02253552193936,29.047400705318616,28.17604541131961,29.564248349308482,29.871445094153287,29.064421855468645,29.101517710653905,29.00291162732371,29.777994542097424,29.281271389886562,29.734632381806726,29.405677256886467,,,,,,,,,,,,
O43156,,,,,,,,,,,,,27.568235726662092,26.8574078244202,27.04022720939238,27.769028331575655,27.05528973851322,27.110155691964355,27.466729908129377,,,25.72651869374769,26.377527507566523,,,,,,,,,,,,,,,,,,,,,,,,,,,28.59935249243587,,28.69248163097794,,28.657980170723445,28.870504295518312,29.02582112050781,,,28.784448489471814,,,,,,,,,,,,,
O43159,,,,,,,,,,,,,,,,,,,,,,,,,,,,,,,,,,,,,,,,,,,,,,,,,29.799295795651325,,,29.434402871668947,,,,,,,29.41229981981851,,,,,,,,,,,,,
O43324,,,,,,,,,,,,,,,,,,,,,,,,,,,32.60687732375224,32.510179093856934,,31.494394701051576,,,,,31.245867850380506,,,,,,,,,,,,,,,,,28.630891719504262,,,,,,31.10633773228863,,28.759116930621538,,,,,,,,,32.14563186149575,,32.124107759772656,
O43660,,31.389468579471355,,,,31.473607443523935,,,31.54065074744039,,,31.316370326253555,28.909282647431127,,29.211015481676192,28.34184431806608,,27.057944866305704,,29.523014072258402,29.658693741352813,29.346876327245862,29.56726354094979,29.532556939525442,31.145926746019462,31.215216688222174,31.204142248296563,31.127965632917416,31.084402223080208,32.013338478460504,30.918605982174135,30.34682158778142,30.850684104044177,30.811476187929948,31.235079486209905,31.18518529961217,,,31.042866726678618,,,,31.12910585227734,,31.287227030049166,31.4713127656101,,31.71358899452134,31.594212719075824,31.554787282883908,31.775624568300785,31.13084468592457,31.25228298597557,30.813030722854094,31.999726489139434,31.331613887262478,30.872066844304697,31.05339534794551,31.18506930229871,31.379458506268804,,,,,,,,,,,,
O43665,,30.101130145684113,29.97457691330504,30.71221859786593,30.306415616339017,,,30.705005814275882,30.556115924294968,30.236696908887552,29.975545784396207,30.543828472147002,,,,,,,,,,,,,30.701991176789907,30.334000027396026,29.69583376892677,31.161863670544815,29.818365737394593,30.848252752898148,29.640714049705654,31.38389483431563,31.344370687323874,30.0221879575428,29.920292039748293,30.066794133228758,30.730122866898295,30.714710607894066,30.245292492271833,30.923284550320137,30.495652942846164,30.803470800486746,30.87173201742485,30.936486657679662,30.697765763215113,30.88176051006905,30.48454984128983,31.163767932922244,30.610133876293666,31.069742012891638,31.450338473261734,31.667621781163337,30.603517493686937,30.918861267119535,31.01963951940943,31.81176054843958,31.305801854120613,31.496374931238794,31.120905027743795,32.05753963032768,29.885955103212208,30.298082951839145,29.26535523410595,30.49604096832215,30.1853871800507,29.906981473196236,29.210049671609386,31.018623021413763,30.168650255465256,30.078050138555305,,30.399349571113408
O43678,31.249187099594238,30.524795902048787,,,30.561579149683602,31.392825508859353,30.774698725777206,30.422640306289658,31.323731201099328,30.878817622972452,30.970870060735294,30.631248431917136,30.704751069825107,31.051886550692615,31.20563540519042,29.636348404169997,30.742845239189055,30.95606692073808,30.95698733994149,30.5134850029242,29.5525422023866,31.160486075455708,30.954363976900822,30.729011346140325,31.408262997137232,31.629876694742883,31.670940875122078,31.42659059374476,31.459761859799976,31.694234565214284,31.609062442031583,31.492127173470198,31.417626359632195,31.913717808207807,31.66979379621106,31.02818708609674,30.69588812338226,30.50805141301179,30.88294534886804,30.46126292035991,30.334795911398118,30.679560590784966,31.226992974133495,30.710382105365724,30.573566456157238,30.79970744525265,30.908306996800775,30.499091258052566,31.234054110738906,31.235240921617038,,30.820407263671722,30.86571046154983,31.278122100340973,31.07115717792604,31.108475705198888,31.09240859041037,31.265059130211235,31.570142288431683,30.04135434989592,,,,,30.36600385006767,,30.276228508004905,,,,,
O43681,,,,,,,,,,,,,29.054736601222437,29.07979706176178,,28.931095228456627,29.238550426492232,29.4451159288702,28.413857863291803,29.26689211325879,29.325705185656176,29.363110743948546,,29.74865834308038,,,,,,,,,,,,,,,,,,,29.385578617983988,,29.567824814399252,,,,29.94806038474782,30.180711499776457,28.87643641971585,30.42009065014979,30.428758181358326,30.147119882856764,28.474398829925867,30.329741320589257,30.447068154560156,30.56881822237704,29.25624729883846,30.581154923141533,,,,,,,,,,,,
O43715,29.57873294686757,,29.2264268289487,29.3249510157292,29.62647664284626,29.420340526878793,29.4332170765388,29.940988421112934,30.029344909076134,,,,30.11954228138575,29.475180201283692,29.7087741731088,27.3906471655469,29.81044583736029,29.620541016321763,29.356403290378296,29.484559931949676,29.85779093521353,,29.431628328515515,29.593070530134764,29.026413917941355,28.639766825610884,29.251174543961305,32.120020083454826,,28.160557056051235,29.249799353549815,,29.15168460270624,27.601508042704975,,28.624877961583046,29.31085773598235,,,,29.48373419643207,28.89194235952819,,28.932301600883374,28.972803115337573,,,,29.421227117877216,,28.905520699851664,29.01403738212547,28.999569838328778,28.308716186268075,29.653884991905148,30.75373375274787,,,,29.007974662485577,,,,,,,,,,,,
O43752,29.701566423047932,,,,,29.797521694874195,29.77690185372363,29.709097845060796,29.41506831301431,,27.3851711099031,,29.577738957644158,29.326847462866596,29.769197584229623,29.77487452039853,28.689450510085088,29.961215753899907,29.74065905611449,29.899496425920116,29.94527983107524,29.226751886126056,29.744641866899237,29.64059249892581,,,29.607919146383495,28.554003803025893,,30.414037798316876,,,28.97526468249138,29.988110340095744,,28.96580571263862,,,,,,,,,,,,,29.064732958600004,29.51467777104986,28.189900227541443,29.471776281982354,29.690767587929813,29.933404966970073,29.51323418333959,29.103083893701886,29.500433686743897,28.846500735030055,29.544768364391086,28.879587639628177,,,,,,,,,,,,
O43818,31.068734344049968,30.938242525260794,30.836369801335607,31.182621919136107,31.331004164795743,30.91795383792027,30.94768933908268,30.67724619752887,31.389222951994956,31.230138294132487,,31.396058877754204,31.71029860542827,31.21469089085534,31.596773494245205,31.1347053248455,31.418184079764444,31.20265426909169,31.251680967143713,30.854149300843485,31.587016442686068,31.073832391042206,31.426901784297375,31.056771738408752,31.047912358888166,30.50991445740642,30.541695489023684,29.72393368948125,31.315422899850024,30.517214466376995,30.4863549445063,30.45688499773875,30.942894188849436,30.454380987961414,30.758709140373362,30.58154384810022,31.162101857362206,30.945268513164383,31.341501637348998,30.690960864021147,31.337515005146198,30.68129762651767,31.153019585638013,30.52496134901639,31.320350432442122,31.14672478302221,31.313395920415836,,31.293489559021697,30.946914048865697,31.0470048321447,30.409063098422276,31.33865359710372,30.347560589047607,30.832562211514492,30.681859107762843,31.161953862516334,30.812086410091727,31.0019772198953,30.73436872755653,31.57277617366742,29.932096131169246,31.837731481237633,30.874065276925315,30.936455920333923,32.23473534057179,31.19444916300587,31.208028153552533,31.314126347257734,31.27298219031956,31.30760543075118,31.134094058373858
O43819,29.969716654120248,29.326381486188208,29.90798087835793,29.028545170776177,29.690203086361933,29.631975678049592,29.640695265420575,,29.602574082097803,,,,30.69069115844802,,29.568806204777818,27.697376587613444,30.160240215325306,29.881428018590686,29.329786517762038,26.863078261483615,29.0195380743058,30.027870023030527,28.882778846494674,,,,25.277068466846906,,,,,,29.310043368353323,,,,,,,,,,,,,,,,29.51098746339718,27.569250896417223,,28.47410112072749,29.363951918143023,28.814466130391928,28.94527582103786,28.969836005391194,29.71879319629658,27.943530226599602,29.197970391344285,28.822860887619726,,,,,,,,,,,,
O43896,,,,,,,,,,,,,,,,,,,,,,,,,,30.026853443067548,,,,28.192533400061137,,,,27.750262990257934,,,,,,,,,,,,,,,,,,,,,,,,,,,,,,,,,,,,,,
O60220,30.784498522410363,,,30.326418630870563,30.76986140082044,30.634724358236365,30.558822733469874,30.943740504486673,30.873760456942897,30.495206342282394,30.645263135497952,30.728354435434746,31.095616694402878,30.57737709060492,31.084998670518782,30.912670306233103,31.314916625479214,31.107728238127265,30.87212096698779,31.058433334581103,31.046916027272697,31.066818665713,30.46553379050375,30.999880342642662,31.305482834859202,31.288931891803074,31.298498330042754,31.50195719938001,31.48010304721254,30.151210504986135,31.38622360666017,31.358456967375353,31.48951429957432,31.43334109712937,30.781736241827872,31.469430974990615,30.7448780390595,30.10900161943709,31.07616534344711,,30.719115863468488,30.53237730199757,,,30.580577994409843,,,30.64645954352953,31.237652469562036,30.866264046830125,30.595546220774786,30.6286153180087,31.0942272870437,30.57779376840039,30.74499495340914,30.727062296688242,30.94512029119838,30.588427241047974,30.6624919519941,30.556789819320315,30.74858501955834,30.775880606162886,,,,,,,,,,
O60262,,,,,,,,,,,,,31.2726723317062,30.945868414213763,30.906118501877042,30.36933367967522,31.318271899611744,30.690427426989288,30.88466624135281,31.190834017434703,31.160672767129906,30.61231389634957,30.992392379456646,31.079888368609552,31.259717851309617,30.74236566322689,30.791549547726373,30.97757746051152,31.265131000928424,30.773961945501455,30.966454111448122,31.082343395956187,31.135902035473478,30.80181278949643,30.90188936310977,31.12108325098542,31.38391707988984,,,30.714711573537237,,,,,,,30.042478953771532,30.154755467229812,31.22357518635838,,31.06185592255739,31.208600505526448,31.26898827063826,30.838139459134247,30.950863317382023,31.217037612417705,30.679535229526664,30.89407003907194,30.98589017263711,31.18075536307685,,,,,,,,,,,,
O60271,,,,,,,,,,,,,,,,,,,,,,,,,27.56216152292521,,28.315150243066732,29.6175286515243,28.400974626007393,,,30.874293925537277,,29.360894426517262,,,,,,,29.50009316579096,,,,,,,,,28.5027675345568,28.37503797582423,29.021652111818877,29.073234449086396,,28.426883298858787,29.30081024791735,29.560183785475264,29.919425902982365,28.859664818892185,29.475297338248755,,,,,,,,,,,,
O60287,,,,,35.41314421911961,,,,34.426446191551186,,,,34.084079144261,34.05121019851717,34.037244908834886,33.741784200461495,34.22415948803595,34.434697730615355,34.150992409022386,33.75828575668013,34.375613818984505,34.06991949877242,34.43183305721053,34.30592243901899,34.0535040006204,33.32731697075474,33.54675034094759,33.245806292800914,33.81892775612447,32.746167659890745,33.27332692116234,33.38426737014142,33.670386106568635,33.44799414233972,34.023297632676005,33.96913862123158,34.518228910679156,,,34.1443677060797,34.36880325033703,,33.770496068401705,33.87166650305892,34.887279575622145,,,,33.416054860622864,32.35436376443458,33.2547725523934,32.48814350342843,33.383560672957614,32.827725813497025,32.82739296585379,32.611778004269965,33.28118702249058,32.32100840024241,32.705857593827595,32.52389894664146,,,,,,,,,,,,
O60293,,,,,,,,,,,,,,,,,,,,,,,,,26.43730101727833,25.238807185357306,25.630243932159775,,25.610336357766403,25.483370807157883,26.434373592206494,26.107755676526722,27.34016770693117,24.825926300498136,25.89430345022888,28.26632640210373,,,,,,,,,,,,,,,,,,,,,,,,,,,,,,,,,,,,
O60449,32.94407065394185,32.07819764685408,33.03932957651149,32.33266809641658,32.92938257062681,32.5915785596666,32.93809012150887,32.43163835469101,32.87777718075825,32.33021002287413,33.113341721920825,32.0433904668853,32.88569792606386,32.195221316763416,32.658105159320506,32.473418749389545,33.00346077660853,31.96080289698902,31.54330762942562,32.484934412889565,32.58775778102295,32.09012031913123,31.877709465534252,30.997859192524157,32.87794389502482,32.474580269343846,32.97279539307054,32.591136493703324,32.99745888087116,32.38820692116502,32.81712383076913,32.5429228656031,33.01601945630435,32.235038809676674,32.795756627832226,32.124608894428825,32.512307135879446,32.12146966389327,32.628973123109816,,32.27808826386355,31.80712375985097,31.930143133882172,,32.584299358222715,31.30304492655039,32.925686499843316,31.05369052277028,31.927750144002616,31.72044733592176,31.244569302226743,30.39094235878209,32.052508056712355,31.82512965677023,32.37415540715578,32.50280511814902,31.435827722810952,30.702814554897945,32.37665463092651,31.935558780863488,32.833084818491685,32.17613350623175,32.61726915106029,32.21754553342496,32.59370612233927,32.23561978639114,32.742177063944254,32.150440056411576,32.665940126710105,32.19472517694531,32.62436483280164,32.319911931030994
O60476,,,,,,,,,,,,,,,,,,,,,,,,,28.78109331914856,,30.7290391205549,,29.233664457418808,28.03595502522088,29.272514109107505,,26.753233601165874,,28.545324560878896,,,,,,,,,,,,,,,,,,,,,,,,,,,,,,,,,,,,,
O60493,,30.306703582996768,,30.540738165488836,,30.634384094748388,,30.675525902766772,30.148046701563377,,,30.04335650951371,30.276816329527616,30.87232588735754,30.481678811081963,31.044500837819548,30.585990571201922,30.762836798923892,30.35581352211252,31.052733523664834,30.349791443472693,30.690693337654015,30.289287189943483,30.936038869077006,30.519306478338397,30.76076051356919,30.838468261331446,31.25654702490969,30.448625325115554,30.992538308318313,30.720582972784886,31.137276555991487,30.706947145355617,30.945021683505004,30.702746249351062,31.026374759069803,29.763291968015935,30.72972971562707,29.78364981770351,30.105325601317848,29.766022901506776,30.372451643395767,,30.227582672520857,30.367378837597496,31.026671797907962,30.122265665353826,30.80742225407265,30.96900818054231,30.01058606633906,29.62603020335107,31.236702227376536,30.595111541463154,30.60801673823885,30.78914511982978,31.043857691074546,31.554841835313425,30.600582718168365,30.228287333595677,30.61292470062415,,,,,,,,,,,,
O60502,,,,,,,,,,,,,,,,,,,,,,,,,,,,,,,,,,,,,32.3230260286342,32.82954494512528,,,,32.9406231920328,,32.809075535873255,,,,,,,,,,,,,,,,,,,,,,,,,,,,
O60701,30.63958353039045,30.94879722212854,26.95372068746944,30.356491342304615,30.628080921701955,31.25684858945183,30.985387729579795,30.344812453356457,30.114695053904516,31.203104777400828,30.915636544179844,,30.798254446986704,31.04131759204357,30.02954265689014,29.702872529037972,30.539479454886315,31.266730326813356,31.762194481754193,30.362537097974034,30.85793959867603,31.804170488581402,31.025431452316436,31.114006845371794,29.27649051331066,27.791081077339523,28.46211512453024,23.760171183140773,28.568959316342454,27.333196184190143,28.819509485271922,29.178337803831045,26.865035528459295,29.429905033571533,29.687102977499443,27.577661904200905,,,30.689372391893652,,,,30.246176208765323,,,,29.9116288093434,,30.190051609629666,30.795852595495308,30.36471309677608,29.721225680466777,29.60203677317845,30.453636899095994,30.223130128847156,28.92518652925364,29.83957532196452,30.8374016060773,30.889398928285086,30.209907537740595,,,,,,,,,,,,
O60763,33.387071705097384,33.80128997031984,33.90994403597287,33.928791059460124,33.58901627362919,33.996704508050165,33.98744723109095,33.613027925162896,33.84253046411398,34.007979992924604,34.046756160223055,33.6850503323788,33.805677816000845,34.6228611870968,34.610762408913615,34.118364665495264,33.89751951516283,34.15616215259552,34.17413011253275,33.71995518794921,33.699713035056874,34.08923601182429,34.304741725246544,33.533986221467856,33.497918520733165,34.2785455684503,34.291032207102106,33.80751367965909,33.66689157370985,34.2648230544618,34.19170945599063,33.87173886044544,33.65008499768722,34.11344246776764,34.19070336093605,33.74757495787202,33.738729807096654,34.34710775457739,34.43720444347485,33.95662628486458,33.809223419545184,34.22049551201884,34.286224794097414,34.10534912448922,33.752945689597695,34.378421143303015,34.467276040120105,34.015568928331774,34.05458907705351,34.431229472799885,34.7335295731086,34.12520501322828,33.951559054875226,34.42025392203047,34.61904225119559,34.15993473622901,34.09853546021847,34.35897913164796,34.626808503669224,34.16402832809079,33.86642231389274,34.29751761607324,34.24078262144005,33.93408977625149,33.94224004385914,34.38867508330846,34.44024892814111,33.90972149832976,33.87754728912637,34.054791621143536,34.35492707127948,34.06290131176697
O60832,31.15856642502716,,30.76720212245197,31.069249738832784,31.18690917288673,31.093369390709526,30.965958896538375,31.158914443734897,31.074871470138778,,31.165281900465555,31.03209526344773,31.708636842751524,31.19432422057032,30.943147772352887,30.912625156550963,31.56499146910965,30.99902575398054,31.153715840109438,31.289740624353268,31.398888522397367,30.820613352520496,31.319767485040387,30.275223392048936,31.259357213116253,30.757541601033694,31.23194082377211,31.410786748872212,30.760611088100042,30.934934834410477,30.812225436824917,31.41137297967675,31.584877134210636,29.459344002793504,31.46175484071862,31.40530620376789,31.19580623025249,31.677364415423433,31.10590661583737,,30.883916752373082,,30.842463201615015,31.55907503063819,31.675713372226134,,31.478406823746944,30.91981383096498,31.52755526991269,31.0456936841971,31.340322786459048,31.065567977353048,31.02070872044635,31.20870677130856,31.301746506913982,30.990364053257956,31.411863556756792,31.270170282897254,31.250072382230968,31.224634034988473,31.0226362750638,,30.82598845870347,31.112753197434696,31.003985242191174,,30.98504416524045,,31.565878500598366,31.249815237581444,30.973635726288514,
O60869,31.175207335067263,32.24058615760035,31.60735331730142,31.978804129919347,30.72080556961144,32.19138724995684,31.525116539029632,,31.52074029418574,31.23944175553154,31.950288626543195,31.33913130064265,31.587840563089472,32.00507770935661,32.65455540609653,32.047584405913064,31.79581665167841,32.60480182692178,31.158494785676176,31.017334139064065,31.37934818044778,31.465493213822697,31.888785488053074,28.12284991340236,,31.857637634371024,31.3959605594011,31.597878270035732,31.271170895251696,31.384474313373527,31.796054147934928,31.76045645086226,31.45357866325568,31.987332425727786,31.94301492053676,32.31471009543446,30.621928106762475,31.25035605641482,30.972703766840628,30.917787725932087,30.459790569938654,31.12466201951852,30.954348879152217,31.01070788235116,30.880251342746266,30.991445118112583,30.768504159520685,,30.857894007153167,31.388600746772422,31.305346228277553,30.601692719337656,30.210144410102597,31.203014808595473,30.975699273955986,30.647124431623002,30.76687972114855,31.406511692340118,31.23497898948036,31.03430006197588,31.617881802597562,32.056693099604516,31.557926490857632,31.667522550567046,31.432892794827524,32.00490272995967,31.89462990111038,31.411054158593213,31.580113393654447,31.98914355689648,31.9597033190148,
O60885,,,,,,,,,,,,,,,,30.486520031202573,30.391982141022126,,,30.37680286417962,,,,30.07268185917807,,,,29.621342959440057,31.770980753924043,,29.319206984686772,28.534453075805352,,,29.80713266553825,,,,,,,,,,,,,,30.99647945746178,,,30.608445147553446,31.033910341270484,,,,28.284770957812064,30.77269061699366,,30.878723451336562,30.74496854321452,,,,,,30.434579565465505,,,,,
O60888,,,,,,,,,,,,,,,,,,,,,,,,,30.942390395228266,31.668514344262533,31.390744482621493,31.561570592078354,31.15333318600721,31.53253344793044,30.546476032465453,30.98104902945744,31.0298829046555,31.6064687911575,31.3673984108767,31.399020127785164,,,,,,,,,,,,,,,,,,,,,,,,,,,,,,,,,,,,
O75113,,,,,,,,,,,,,,,,,,,,,,,,,29.643236317664957,32.24070674912201,29.476879233583954,,,29.3748661744913,26.565104010601733,30.127979156985926,26.418634928003808,28.811397470909817,29.19651999187116,29.185135189174506,,,,,,,,,,,,,,,,,,,,,,,,,,,,,,,,,,,,
O75157,,,,,,,,,,,,,26.727393628552385,,,27.505939418704482,,,27.641371053690797,28.224127171278226,28.2817705925659,,,,,,,,,,,,,,,,,,,,,,,,,,,,,25.683840736313677,,,,28.46094827949019,28.74956876489312,,28.15757439080852,,28.795992918629082,,,,,,,,,,,,,
O75165,29.423102610489654,29.58432964549156,29.78690770946605,29.323637453507455,29.608566085261828,30.14894973128715,29.616436783561827,,29.631703496962572,29.532423228612284,29.152972617584414,29.360326472064735,29.744763447365916,30.200288872112072,28.018741401266407,29.832115367571706,29.85365570651994,29.968838509864742,27.151163376182666,29.77164581540338,29.709369492065996,29.628129820334486,29.630632902282027,29.844523406279983,28.948940910000573,29.69170127305109,28.889009016305547,28.476780026678608,31.19388989024694,29.319978582683667,29.367321645297906,28.852145984388773,28.899939463033355,29.605691592235324,,30.092372785916,,,,,,,,,29.597786291906214,29.753730244494964,,29.646261081221006,29.031334085204367,28.95350641954086,28.520975280169683,28.79778543394193,28.123855273348713,29.178812080420325,28.674110403144777,28.5932464648286,28.59949784252341,28.476153083922828,28.87449467699277,28.607673960111537,28.000867605824954,,28.134018411112383,29.30124671595388,,,,,,28.434171238424636,,
O75170,,,,,,,,,,,,,31.393669244580877,34.70463476516253,,34.45886510551159,34.467006483268115,34.53306725464786,34.56439387298123,34.62096581509089,32.28238626848304,,31.299375369017817,31.74428778576036,28.202239673381737,30.621696428417344,30.80959397681532,31.168637541002774,30.186428893861173,30.442452172624748,30.29491323464284,30.807037301670025,30.775816410903747,31.221772415073318,31.01264723834757,,,,,,,,33.46215010377619,,,,,,32.99153075717869,30.187363551339587,33.20823130626406,,33.1079246195225,,,30.54091815642621,,,30.353299235987237,,,,,,,,,,,,,
O75394,,,,,,,,,,,,,,,,,,,,,,,,,28.452529936221822,28.969362712190375,29.435219054211792,29.954818265946685,30.92901918307114,30.054377530260368,,30.701585003063233,,29.67544202648662,29.886742766753322,,,,,,,,,,,,,,,,,,,,,,,,,,,,,,,,,,,,,
O75396,30.80577088563237,31.339575638647528,31.48698330270047,30.983605564489537,30.76727300782801,31.201379463310225,31.373457675402385,30.965067922748688,30.786876225033765,31.40427946239912,31.570318198555693,31.195960588031284,31.592457278323273,32.15264374188004,32.28664003249842,31.259117650871985,31.22868579273539,31.909298599657923,32.22306023270722,31.626254781209667,31.586424083637677,32.0054935205808,32.2607983395935,31.717063389689628,30.90349047481069,32.272343021175274,32.01782718860316,32.00160936062212,31.80803594714498,32.312569994020976,32.68763390739304,31.932634634953708,31.66258126239869,32.272908768643354,32.5510831710264,32.029739746532506,31.23865129524561,31.60202924575128,31.846489934384863,31.547280708145713,30.857206741409666,31.846072774214978,31.68675093720538,31.027061141106277,31.19374743743641,31.66038306024571,32.23271051231476,,32.14479406310726,32.629732979319584,32.77976519562009,32.24614532735579,31.967712009803513,32.178938984549006,33.03217066331566,32.37837065445652,32.2359678567827,32.913791182838835,33.01236774324724,32.40377545647411,,31.22134057935065,31.607912129748883,30.858726651712956,30.766137857456844,30.870659978233064,31.906639810749958,31.325745495095173,30.694452551213914,31.54801646578096,31.516880215408946,30.792287387525864
O75427,,,,,29.647686945035574,,30.511163991673392,,,,,,29.12128388359467,,,,28.549957869674422,28.564097450191134,,28.989033020006346,29.318156851448244,,,27.239282540633205,28.09997994522012,28.09196888843818,27.786976446764122,28.355966114341705,29.856978145941873,28.24842517227927,26.76319509090034,27.240436518965645,28.344694444938554,27.855249224078463,28.844679560303163,29.756139038216162,,,,,,,,,,,,,,29.363343342633122,,,,,,29.768224929859606,32.83261869421379,,32.786195385745515,28.097666187627404,,,,,,,,,,,,
O75446,,,,,,,,,,,,,,,,,,,,,,,,,30.537955051826938,,35.82878445244439,30.1620411416983,,,,,,,,,,,,,,,,,,,,,,,,,31.507512333461364,,31.108674578578277,,,31.59960831621607,,31.96601886442372,,,,,,,,,,,,
O75475,32.52169297126267,32.07355676695159,32.69115680976647,32.44453461806384,33.412087868933774,32.75600609738552,32.5876743982868,32.398128100442804,33.282505818093654,32.87867530950965,32.761430798418864,32.30264737823585,33.35182920133925,32.28476373828576,32.910842937428455,32.14842552222953,32.5664196895536,31.844855746385846,32.204522920475576,31.705502212743603,32.37455308515792,32.04215685428682,32.04451929564249,32.72228841627335,32.945653384988844,32.87695767226341,32.465893951053026,32.33508307486083,33.06434607378686,32.62508158103196,32.26536309661251,32.260747127586875,33.23874040201013,31.57542587930797,32.46333384127684,32.29797495854279,33.019607277627685,32.98576501546965,33.27917242764435,32.38080435395491,32.51699746905773,32.80787069363933,32.04242306616446,32.89709115025261,32.7984232963884,32.692164695584076,33.3760569581997,33.05863736231244,34.097450670003475,33.596539533819495,33.84179705424617,33.76945813774533,34.03470108490962,33.853940353423134,34.04903137761523,33.49923823728157,34.076251338958556,33.66760224196522,33.05888643614416,33.6520937828772,33.5597800051738,33.30536289736642,32.894159622685365,33.105174263878084,33.61032103416556,33.16046840056424,32.86931034429822,32.75842796984691,34.071510348575984,32.850567011420985,32.94612779092879,33.016871356061806
O75533,32.74605990180684,32.82979708752794,32.95046955380926,32.838997441415884,32.777118859521096,32.78913838308978,32.92184991409882,33.07450956886931,32.68292656341769,33.16183491486386,32.73389644174705,32.850264453201056,32.92883691102316,33.504743041540294,33.222601509017295,33.05600577570602,32.899125484852945,32.97001796989612,33.07646328716438,33.19961902358631,33.00014289323767,33.38545519922597,33.16898172074435,33.09880900019525,32.75604797958862,32.84933429464877,32.927685365846614,32.92680377422604,32.91798100137863,33.38772641513396,32.809369852944805,32.94507572211808,32.88941757215192,32.86087398497157,32.54883973888617,32.944752480651225,32.524482913191186,32.88952928591179,32.809567191104684,32.79971356179157,32.92122456366379,32.899959529350205,32.560176614441886,32.719949150782085,32.85299851060475,32.81121389698574,32.76908359285097,32.80050415136231,33.2122964841483,33.08545650046396,32.830868488883965,33.0812758629386,33.29464665160702,33.06062863038358,33.017994555402886,33.084283115132685,33.104985615237716,33.36723508249303,32.832497857078735,33.09639874482011,32.89383913865001,32.78839961954744,32.844910308741554,33.008705440432784,32.98901829389655,32.52074588726944,32.553594117674066,33.120036206890994,32.816940592405224,32.96414289404214,33.05370835452279,33.2478738758625
O75558,30.281817651609504,30.796911987042197,,,,,,,,,,30.178795188023575,30.796640780550902,30.962624873109714,30.184673450627262,29.337105772194235,30.572572544025828,30.513854410293202,30.313331535087972,29.922542774519055,30.697982166528263,28.595349021672618,30.557360742526495,29.905748174941355,30.66409181181741,30.7296705045862,30.374662681835684,30.5022052899774,30.490412142444267,30.695328511527006,30.498668369413263,29.958773234723214,30.635031249231105,30.672346502049113,30.48037187197902,30.045360909205527,30.872150295380372,30.916120317686765,30.91234040890159,,31.073615741173587,31.02210600328316,30.745507235663236,30.795790255733223,30.54776402251554,31.227808836247366,30.808062654246637,,30.73087909315749,30.93716787827955,30.634235069995245,30.37440741556132,30.630683414638277,30.67112232208739,30.42209132040703,30.306709531307757,30.738893685472725,30.618547196475642,30.622504019300347,29.20928478147113,30.674049302439034,30.5035483751142,,,30.62257162588458,30.789737811235238,30.340521088393874,,30.110692114427138,30.34309685085675,30.94170439783637,30.649475464292564
O75607,31.32847091449213,31.373055377036778,31.3213619679547,31.113707538952838,31.02458946039819,31.438780950608212,31.46506363932803,30.770336020073152,31.584471061179023,30.986484216009607,31.553266634137543,31.217396402404248,31.05836201635678,31.003382002476805,32.05268929341641,31.117026493216663,31.4006816733473,30.87446115803546,31.775489034783376,31.13221455159774,31.551596665271695,30.50997711425436,30.518879637442602,31.297908100517795,31.847032012442234,31.610345960913598,31.82050728765504,31.41430886772401,31.64798190556226,31.22217587656064,30.848051447498676,31.83886872436249,31.846598332325975,31.446235182291787,31.648983674077954,31.301285166868325,31.582442744773587,31.000211187104107,30.750871740011192,30.112506536823112,31.21472453399005,31.52043661209057,31.167831451238882,30.779558800029,31.115295442958434,30.822191287806753,31.03089298971414,30.780890113647764,32.27904917534347,31.214320013981038,31.525743173577787,30.854183905164106,31.738033902984135,31.35505992258077,31.419993170139833,31.253416462355162,31.64792138768661,31.783174416179627,31.72860444836359,31.318854898670914,31.833148815455047,,,,31.229844147197298,,,,,30.193026060259037,,31.45364900875851
O75616,,,,,,,,,,,,,,,,,,,,,,,,,,26.712388920154513,,,27.99376109811862,,26.626232408634685,,,27.30325875078694,26.166818003107387,,,,,,,,,,,,,,,,,,,,,,,,,,,,,,,,,,,,,
O75663,31.18948682867083,31.477570840597167,31.650172244632145,31.613974495032245,31.051196420734442,31.482476899035554,31.237772846346424,31.311110070976213,30.990545747214483,31.065757101383845,31.23818286062364,31.277931896127114,30.872106474678233,31.64259641115195,31.64079545329207,31.79441917240557,31.205214673939658,31.884693942276733,32.01219917810438,31.820445895635466,31.199655562744255,31.47788587652461,31.868286237497152,31.718254039201135,30.983841235003403,31.543235981071412,31.749740646838603,31.929602913568807,31.319575052120413,31.65673983030498,31.338420410283653,31.60712677917202,31.357882953000015,31.660227521158497,31.901045854981703,31.84590578589261,30.68293972748331,31.452830183134466,31.386908775221855,31.4792257054782,31.135123205334047,31.442583873779213,31.106084323283902,31.353854590433812,30.846036154313857,32.19947372960155,31.237508113949062,31.37990257679025,31.30336833708823,31.433283669791983,31.44476786168567,31.42988494928808,30.95499418135998,31.186324685557665,31.303700770276265,31.38778913776943,31.34753372859798,31.179002713142616,31.69088166710486,31.320156960364862,31.412577728068065,31.129668682962354,31.17353141720192,,30.942542373058068,31.2382005177937,31.270046381034398,31.58820069801984,30.79118241197841,30.259050809659044,31.499973667201473,31.337984039786726
O75691,32.379592570280565,,32.170638980860346,,33.09785061751156,,,,,37.60434203000872,,,32.17448639315635,32.39535931906424,31.080830121520226,31.002494283492737,31.648395220574955,30.108802585598543,32.329651745272805,30.95340151354189,31.346678553702862,30.976136484858248,32.045865831109644,31.042728434301136,32.61512353377715,32.05964725902209,32.12508854864127,32.417747944765544,32.185357858424354,31.641055178555067,31.938820658346728,31.972272256453365,32.36015894728478,32.39290869677574,31.99118152929557,32.0371500391128,32.105474748469646,,,,,,,,,,,,31.702555702016202,31.38821223763683,31.383959500501344,31.195266779220017,31.85787214365021,31.496585741705747,31.123854064313566,31.574335962002923,31.708451574689853,31.440193623211893,31.547023925579357,30.794149592760547,33.605317069482055,,,,,,33.711094991940534,,33.156410878173624,,,
O75884,31.17511494600871,31.71106345930152,31.659238833078533,30.716125916644973,30.311418492404265,31.68823640364311,31.119786357217293,31.037499715851922,30.978822333630113,30.678072854088196,31.499248564655502,31.385583431228007,,,,,,,,31.33745108859503,,,,,29.989299275450012,30.417147729940304,31.237512706569774,30.54099382175756,29.421037805485057,31.690940167650275,30.47812009002978,30.33944569083087,29.538101014849474,30.338611107850188,30.358129079073226,30.36646885644669,,30.172576534983484,,,,,,,,,,,,30.819261732542515,30.90583781044435,30.60490885731454,31.116383036638645,30.785330700032304,30.763692415389308,29.950490253811996,30.364194743426985,,30.78786719331727,30.87777949331321,,,,,,,,,,,,
O75886,,,,,,,,,,,,,,,,,,,,,,,,,29.484920328555035,29.32817950429694,27.338143653887276,29.607132726226986,31.894241878406035,28.125210354546354,29.39378549487364,29.929287545694443,29.046031425073856,29.44503041995921,29.06177452895526,30.17014329023035,,,,,31.387224126900584,,,,,,,,31.114765827917225,31.022474982504562,30.729593791191974,32.14620901479584,29.61852055172271,30.428511255215426,30.681836270546682,31.618334130507264,27.60494817817616,31.278168860658496,31.23734063947407,32.406952611529285,,,,,,,,,,,,
O75937,31.66270800459248,32.178433950712794,31.32609153400152,32.0335594658088,31.66270800459248,32.14368596499739,31.41233338671828,31.607229913973363,31.27402514684691,31.86140893607501,32.188356330065126,31.385254998249643,,,32.80102232781724,32.37607612195082,32.08777368733182,28.453525989867885,27.91119669401138,31.17186910340682,32.12042850079878,31.09416518409143,,30.198481329757122,31.326768421264248,31.356009004260244,30.974459341614022,31.52083440777274,31.440775039495513,31.39564933008507,31.20950032219077,31.62556748737518,31.490483026898275,31.62070380460255,31.18083112053069,31.326744615270215,32.0759627097027,31.705704843844174,32.78230644354091,32.44958504435005,32.15517197921059,32.26024591765008,32.36213534003554,32.41919022397034,32.066301869020315,32.0421670887524,32.437411567441515,32.0664267992829,32.01018517019991,31.381763736416197,31.12952706372291,31.6534533823717,31.600605449122966,31.64542867113257,31.90618106882222,31.567552437958824,31.827560077597845,31.672640381314217,31.471932654137127,32.13728361921209,32.030535888542204,31.995139484294747,31.99875737009434,31.905547492207944,32.3714290262734,32.811943303133916,,,32.231697153899546,32.033709283335554,32.37057917174442,
O75940,29.400345174183272,29.369284168984247,29.541439224826956,29.414254464671778,29.50303719551932,29.684637942745844,,29.318377212207466,29.378282129401104,29.48344853588969,29.336649543211504,29.44054265228961,29.36321607521997,,,,,,28.836224551958296,29.15673984967658,29.209262370316974,28.989826096681586,,28.852911138067686,,29.932585811895347,29.657184477311088,29.819764866839545,29.878900980732585,29.32384006674264,29.9324360735608,30.570951334609454,,,,29.960074104885706,29.177287994705953,,29.19214930468038,29.258107112931253,29.683242330356745,29.088053310468656,,29.068564837755726,29.22384955336695,,,,30.773333793920234,30.175429989147506,31.511342793388966,28.79745779063924,29.769465461838927,,31.059492814056142,,29.621803225787943,29.402453153163826,31.19119836659335,28.993635580751988,,,,,29.198323590434935,,,,,30.395838198854417,,29.14888602416138
O75947,32.32312555314158,32.286871574377756,32.63928693302205,31.626950712817656,32.34408313859368,32.29084553086663,32.61966234273611,31.897335409815437,32.446534936364046,32.01919058236649,32.50886661463113,31.725723235694705,32.78477789562673,32.62750304451396,32.5317805089597,31.148069429600447,32.781488200739695,33.088673213885556,32.8347506440351,32.609084457157024,32.37610163007986,32.54966134463017,32.58689448331781,32.35898344465599,33.13069749974181,33.131137347076894,33.055550695688424,32.76207488686344,32.946057720801065,33.11109357307563,33.03433252374465,32.49512512126675,33.54370050309409,32.99517812780195,33.72288876443241,32.33414482945682,32.58308399613191,32.99098883647715,32.204864227241515,32.636860201267204,32.58822846764862,33.12259281834836,32.260827429312826,31.788398667744882,32.33106216185081,,33.127266848049594,32.908441572393734,32.93226880956573,32.88299924439661,32.98807469410368,32.25135068903756,32.99351171483376,32.867657688244805,33.19420971589178,32.50144209560472,33.14104837115684,32.91269637148587,32.898146786514154,32.68642632126156,32.40147457055958,32.37285885083478,32.5636094607688,32.05249687946812,32.36228749809127,32.43906206449476,32.4850034808625,32.2780231946639,32.62887378586611,32.30937987073972,32.40848103820759,
O94804,33.08847819317785,32.72349416632359,32.813017390184285,32.73044048742445,33.10962911101457,32.920250406788824,32.718105566466505,33.00198949645612,33.173125955062766,32.729718453790966,33.01772768007093,32.990236098114956,33.37551244908078,33.56876433258602,33.24734345439177,33.095112138996925,34.06473146623035,32.80544669275452,32.628479493219864,33.73203033326752,33.60255013168153,33.68759848839923,33.53895857044483,33.81023803623494,33.021725329706356,32.84996190982898,32.619002455348706,33.16399506990787,33.06150983529106,33.09273011653027,33.05570015399657,33.06971540359144,33.109116475808676,33.13363588371815,32.922101735612415,33.268027786225446,32.95753334835806,32.5927294075879,32.646730732495,33.02703118544629,33.03716901394043,32.47486817274519,32.62363930343439,32.75271788544561,33.017523012889434,32.78841195195903,32.83643541607768,32.78872374891701,33.55710344093493,33.03002079116295,33.029948924793466,33.20021113175244,33.65060689696806,32.822295952536855,33.086383680178855,33.485598027974326,33.51974398385129,32.78943091269693,33.16166144944168,33.48452834591193,33.492761761706255,32.65259671067477,32.71978038223109,33.041729620285885,32.97055366435639,32.58948342368416,33.01833166775461,32.86165809210484,33.03775995477726,32.66814320509932,32.80527675150214,32.97076827078368
O94826,,,,,,,30.82896389361161,,,,,,28.7109076097954,,28.471629418127403,,29.261836709294677,,,,,28.79814747234444,29.355874271357838,,,,28.805767434200536,,28.428985210429392,,29.07752422578396,,,,28.642106364357,,30.43474066999302,,,,30.614967651716384,,,,,,,,30.351779523777893,,,,29.98040097790552,,30.421560868980915,,30.052313270729034,,,,31.175255013898205,,,,,,,,,,,
O94874,31.45100778917492,31.915498233009465,31.77509709318478,31.87403489095249,31.456816717343465,31.775946431511187,31.72309038094304,31.47836920216354,31.54245766507704,31.905341494769544,31.845896215037804,31.822363747420145,31.37351929714319,31.990508269880344,32.10153305525507,31.76514225675156,31.85323194411845,32.07100888641656,31.987243251245808,32.2906075849754,31.339754656892563,31.70126357482476,31.361336145438685,32.234723631714466,31.41191503920203,31.91596560650168,32.01153388122788,32.038804828197705,31.474250994308377,32.07340381148107,31.880656264668822,31.592507476491857,31.48183653119604,31.935430406001746,31.97208025030269,31.624184510095358,31.29267114788852,31.45831726553365,31.58421292353257,31.63762198927463,31.555120256918222,31.662886452165694,31.65993252010523,31.375224090819103,30.911706353095703,31.764848934453177,31.432612578860443,31.341626823945415,31.41663647653078,31.39295913846025,31.87445331913122,31.089581536362672,31.87955328066502,32.04678952053091,31.941576430423297,31.821246750291014,32.10259637922225,32.15264279664958,31.771695695104043,31.966328910735463,31.38333220807801,32.0885161923491,31.92491954166666,31.854448627834554,31.0116143773855,31.85779110787478,31.551262786257993,32.09136917030464,30.972857501813063,31.767694895066786,31.343184366914365,31.408225050592304
O94888,29.905581967218044,29.771101160547957,,,29.62909887759126,29.710085947726917,,29.787527864583822,,,,29.45127970686081,,,,,,,,,,,,,30.054016470459104,29.949954318635548,29.728184036019456,29.354346365296834,30.038160044051,29.382498927511993,29.892294794500575,29.24516491525843,29.849134704562672,29.989119657324217,29.850640750135803,29.989124671105174,29.78429269766069,,29.784465118316845,,29.767182084608372,29.396005370927618,29.302932094584552,,29.299904890687536,,29.63703554746718,,29.86387537443526,29.545518628267786,29.57240388929796,29.41258056721341,29.97989263251145,29.63028876406167,29.583267936573066,29.601463665389236,30.1725786273411,29.240324893740414,29.692436617716744,29.57458224054973,29.490273117040218,29.337208361415588,29.32551493975009,29.092367749196214,29.676907162978303,,,,,,,
O94906,32.82536464255779,32.899362288063124,32.62158430853755,32.76773621635281,32.949836311352186,32.98537259800559,32.813957268610935,33.006619887377596,32.83255941851148,32.828862886002455,32.63005507336516,32.7835128117843,33.19971608627881,33.26208816261232,33.001236564811855,33.43897994337952,33.3073411838309,33.02088144670229,32.89248053620759,32.846707296222604,33.203728571613034,33.07652513020784,33.111169902419704,32.889828914534036,32.81134793232735,32.58106651078731,32.28028487519436,32.569082387986974,32.674156041509946,32.418710962518816,32.312146508343,32.70288349393272,32.76313924885843,32.58384904956946,32.31759270066636,32.32069119910262,33.05270201280112,33.13856477021492,32.77467276148789,32.64824856037998,32.76595324829158,32.73306048644382,32.81681254222148,32.796122701150104,32.74613648236579,32.733720752445606,32.60332411335979,32.38203381108269,32.76623842828969,32.73318253311949,32.420026206820104,32.596068557154936,32.852009751454524,32.596713274990016,32.408469388028685,32.73739068857547,32.83327719462545,32.65239731447891,32.53969973017557,32.63412490109986,33.022539378413775,32.687935407685075,32.54882113456756,32.96277137330313,33.11903162827434,32.82631855861473,32.599609951264966,32.74876205697614,32.78451205394304,32.96301058191346,32.63094918132461,32.73910191343569
O94919,,,,30.336868209634506,,30.27124927025913,30.283167952121833,30.66321184434798,29.00108452274175,30.406557817403833,,29.666568311910172,29.705584430677618,30.036472359798527,29.853601709111206,31.062643453215934,29.46354421785452,30.549311499817318,29.26238073325753,30.22931511126389,28.359191878804186,29.934421932543593,29.752936430210845,29.9786600135853,29.154981828576698,30.241376064637727,29.625346466590674,29.99703685971944,28.9095688910344,30.472190260078843,29.395288638842775,29.708456108321325,29.194602228263886,30.009344295316797,30.001583068515085,30.324968000636783,,,,,,,,,,,,30.7197064077814,28.932978045181205,29.754270258477813,29.554957996205722,29.89650273182924,28.40010138500254,30.070577938608974,29.9242799216693,30.070267160459277,28.860600811913756,29.892112648385815,29.582559648421967,30.17116614792406,,30.12261062412148,,30.278693046921546,,,,,,30.71202426445719,,
O94927,,,,,,,,,,,,,,,,,,,,,,,,,,,,,,,,,,,,,,,,,,,,,,,,,,,,,28.838582803237564,28.08349025281446,,,,27.685367385799843,28.493358436289576,28.74916904140003,,,,,,,,,,,,
O95168,,,,,,,,,,,,,,,,,,,,,,,,,30.28369242429039,29.658878405965748,30.670829571270705,29.60753524204927,30.286326130879836,29.8687915722774,30.805063999273276,29.39176282081859,30.097766124258793,30.056940005740632,30.861752869569923,,,,,,,,,,,,,,33.15006208362904,32.91613151681562,31.76206887179204,32.0754801365084,33.15996439736335,32.92724611582823,31.677309183609818,31.080132820811368,32.96178247694414,33.02916603651264,31.42537790827288,30.81116252102596,,,,,,,31.291783886508345,,,,,
O95202,,,,29.735512231044233,,,30.07918672236541,,30.328693345812347,,,,,,,,,,,,,,,,30.619845785765452,30.172645267699803,30.405397810984116,29.55776091463047,30.50904008978308,30.122500742230145,30.82329353306462,29.798405327850386,30.52991083146586,30.009389500055498,30.312985038984092,29.807205182305598,,,,,29.560757076009796,,,,29.88582487531821,,30.016931393554312,,29.652387651917483,28.92415006456996,29.585584762032546,28.77942176463566,29.74205805704766,29.333652648418468,29.697847330178035,28.51184367819621,29.71356639337242,29.462007042167823,29.414554706218603,29.023725045617685,30.49152153704831,,,,,,,,,,,
O95218,32.83132604879078,32.863435309066496,32.65585109630854,32.964909365736126,32.75498122995664,32.957129113935856,32.83883176059839,32.99776055530193,32.9267029490296,32.76392524343064,32.82112866630155,32.86007622464565,33.01401800877905,32.662611414939605,32.7441277258323,33.12023288037844,32.854561674966625,33.01776051355771,32.32679389200963,33.192022775241895,32.84992498692844,32.42413641954583,32.47780925385373,32.761164174972656,32.872899661660526,32.00752993887083,32.18833170420657,33.00683890608579,31.46286842621302,32.61398689570172,32.22499186979806,33.01963579715203,32.871775103117535,32.19299363701148,32.49600965350941,33.18075342362511,32.615328727626576,32.67502789570345,32.2817556927549,32.52644414805855,32.53897480430547,32.537128148056055,32.280351474723595,32.521518331897695,32.69358903199829,32.82173921959356,32.3766010221427,32.372631998975585,32.9659889167194,32.70573095189115,32.38682060064224,32.95213660500174,32.950519591550496,32.98448519095659,32.65516209998472,33.04962800524308,32.97034058974999,32.628880157386405,32.52672700058667,32.92339189691933,33.02905736037778,32.72967250999146,32.747048989193964,32.92950569842412,33.03698615344484,32.75430109263394,32.84140147245921,33.00551218653792,33.122375546529604,32.717612330798715,32.88790645254156,33.1174350228643
O95295,29.856534654291245,30.407712034360493,29.929724460813787,30.03796714106744,30.003819789813555,30.17604946478663,30.030908965850493,29.945258422903045,30.125569183531773,30.185043147234225,29.886781838236224,29.94647003056319,30.39952669549516,30.61225933096825,30.55159914203086,30.322787975776734,30.353310601914558,30.60703950343902,29.979554283102708,30.494169432084703,30.36776034132425,30.553242841605574,30.3264040044472,30.215679901029787,30.134350309605814,30.46909187248864,30.18405116980506,30.21019495350661,30.12972961768037,30.429326825293792,30.035233617432596,30.113878037780843,30.044135464994298,30.28079951299908,29.878616516678058,30.083645849019064,30.44094245996378,30.557524432205355,30.100230558708972,30.47597986022579,30.3283097774759,30.723924722490466,30.41924735496366,30.535336264363536,30.466704754692678,30.589037634964377,30.977673770936818,30.821954952919597,30.34959279067327,30.546855884792052,30.597890791576063,30.572738944982355,30.489469916358118,30.544732164937315,30.41478468870408,30.525337923448255,30.25589958388231,30.962191998536113,30.552946747305157,30.54398043775513,30.47978675388049,,,,30.277019483776137,30.276748122935203,30.085340671987268,,,30.567862155248584,,
O95373,,,,,,,,,,,,,29.148401909884917,28.85619460563533,29.16226877593392,29.39134658629869,29.302802291213055,29.003963795082335,29.00803867832967,,29.289255687370336,29.07306078038485,29.129197352148587,28.921559818911778,28.16345764014349,30.427960798342106,30.296900279576512,30.363993258175807,30.269042152870103,30.580627168178864,28.142705909131173,30.50705993165613,28.36183885216139,30.414387313782235,30.10472206182317,30.45485511121253,,,,,,,,,,,,,30.007129104789648,29.484131685576664,29.294958531232073,29.409118859460616,29.782241584675397,29.341659096043703,29.029075235462518,29.512823362201907,,29.277364787431303,29.524248903921766,29.44974198314791,,,,,,,,,,,,
O95396,,,,,,,,,,,,,,,,,,,,,,,,,,31.612107799874117,,,,,31.54496056838088,31.508401963749492,,,,,,,,,,,,,,,,,30.287913846143994,29.912372955148122,29.21003493050689,,30.747856351539678,31.59425606831205,30.945293049921354,29.797720669652804,30.241850470188837,30.378290889162855,31.53853853860505,31.914055803149502,,,,,,,,,,,,
O95466,,,,,,,,30.189177359106036,,,,,30.33251655344682,30.604041067751773,30.314102718617843,30.69430273090558,30.098728746259994,30.294328208837978,30.77466055357932,30.964495061284914,30.398324867686302,30.19601065130665,29.48546093829637,30.747845030367984,29.785959774677753,29.69717261865359,29.13511328757938,29.761084821274967,29.23956826672587,29.383984176875806,29.235234369798082,29.54906406788693,29.202960868360215,29.383254392595617,29.43324283698511,29.771946764918347,30.188546701757787,30.811015963489588,,30.63413844908741,30.440097374678672,30.238457154228485,30.275268133881177,30.918494125030527,30.309904923191162,30.746536490367596,30.191234872214988,,29.756804323473933,30.22158491139681,30.35040457662009,29.75102748768522,29.285814225517885,29.991028649632458,29.24947037404757,30.14659733610554,29.615413256638274,29.916922496680975,29.99913201887248,29.375222817574716,,,,,,,,,,,,
O95470,,,,,,,,,,,,,,,,,,,,,,,,,,,,,,,,,,,,,,,,,,,,,,,,,,,,,30.603771262777446,,,,,30.652510295416505,30.754769749982216,,,,,,,,,,,,,
O95479,31.925052914284027,31.235375081723642,31.060630591324607,31.272842413474127,30.750326423140812,31.97138776811608,30.757674672113698,31.251001897698536,,31.19887909988257,30.663133404796486,31.470190038496572,30.867726580626893,30.89136267069072,31.795067685452256,30.907558217871816,31.214766146644603,31.821177864739436,30.65975384356079,30.48757713210423,31.23700216739524,31.04248873987085,31.06360815829132,31.520549889830516,30.6522655460944,31.56787290448373,30.34267552293276,30.77992488778499,30.550791732669946,31.128867818144546,31.05508750492562,30.94205983268844,30.626939266532208,31.17549521208094,30.54260315528275,30.90663111678084,30.559887919544543,32.426315388464104,,,,,,,,,31.656697004738493,,30.473417850948184,30.399875318171087,30.110934095016635,30.996649345824288,30.775022029197242,30.43012746814186,30.367751036135505,30.414477911980903,31.98700164923466,30.590665335078924,31.811930603044548,29.84317046564304,,,,,,,,,,,,
O95613,,,,,,,,,,,,,29.838605040446307,30.39778493659145,,,27.35976813331192,,,,28.93171353628261,27.682547794698987,,,28.515005827937035,26.150752996605238,,,,,,,,,,,,,,,,,,,,,,,,,,,,,,,,,,,,,,,,,,,,,,
O95721,,,,,,,,,,,,,29.401189311163563,30.68045055387678,,,29.75479062006484,,,,31.520359450364623,,33.010699476769766,,,27.82096605411487,27.266699386806255,,29.26363733983085,,,24.804735464474895,,,,29.85595633862794,,,,,,,,,,,,,,30.815364317558995,,,,,,,29.709239614286624,,,,,,,,,,,,,,,
O95747,31.971002793521336,30.456494178206306,31.077289036358863,31.007714624586555,30.896336121414457,,31.112665028781393,31.375725136290185,31.14862746470299,,30.78142534555014,30.811275911031736,31.332446211457654,30.89190369319755,30.87479050963472,31.116561360010436,30.97170336974443,30.52694513409654,30.576355895148602,31.812174511204944,31.410340454189814,30.51431712508109,31.07196043297774,31.110942147987785,30.87505189358297,30.922879701537365,30.480057623523262,31.132824823077467,30.98533927573706,30.65167698863535,30.676418726981677,30.883265803453412,30.833658332067333,30.54041797964908,30.55857202145336,31.05524634458487,31.92607926774158,31.601818119984692,31.832464133619336,31.920673927062193,31.56813492196192,,,31.857629394971916,31.17136194200913,31.79843993322268,31.28487338204366,31.66591175598085,31.88034542476931,31.576639547293468,31.341188022207024,31.948989314766994,32.13700612675041,31.787853421385257,31.363376600538395,31.927383248805697,32.032228160150765,31.478830480137773,31.495052053987337,32.23010683500654,31.494577306862617,31.326348570888825,31.334052346792433,,,,31.45470044910632,,,,32.16310110331599,
O95782,,,,,,,,,,,,,,29.81300410460954,29.879677723469012,30.135846770016624,29.301612237110817,29.757005727120525,29.773615929385166,,29.509788774489564,29.727958703006944,29.907892770531006,29.899857225542018,,,,,,,,,,,,,,,,,,,,,,,,,,,,,,30.259032682992284,30.182397385446208,,30.865952399217605,29.80037613624001,,30.38330554651972,,,,,,,,,,,,
O95801,,,,,,,,,,,,,32.19275317828937,32.54811476476076,32.85153977693595,31.48684708816633,32.32843612077549,33.93989083206744,29.91425433787411,32.21339719661657,30.45215726441716,30.43734154039113,32.64322240362636,31.35789146551747,28.186774904372008,28.342943983499957,27.908328089426053,27.935987454104218,28.46612170681376,28.995196458941976,,28.105711790950227,28.609283536611738,28.716113185366723,27.500995158691623,24.206118186597138,,,,,,,,,,,,,31.922706480880546,31.652490779809987,31.38310408087035,31.63956760706786,31.376525978702798,31.484449030996423,31.882278255984385,31.465597733390236,31.753728173176164,31.86603436407003,30.765474623708833,31.059635276704643,,,,,,,,,,,,
O95822,,,,,,,,,,,,,,,,,,,,,,,,,,,,,,,,,,,,,,,,,,,,,,,,,28.582249873296348,26.164608211645714,28.129237149898252,,28.31335636266325,,27.794865450750994,27.636754399318242,28.840094511403034,28.030315499900322,,27.580260367532315,,,,,,,,,,,,
O95881,29.279310014977092,,,29.550710326308824,29.3902213783088,29.69843397100642,29.843716586838692,30.280364580809863,29.56889256187957,29.897104864074166,,29.55122308631339,30.450456656772165,31.277163459687667,31.278608382606766,31.18605404421074,30.68250362522058,31.228487460441006,31.213143248080737,31.041640530004273,,31.327180320716014,31.12789343069537,31.41345834018757,31.06001987898767,31.632256642451306,31.260254983329187,31.353773327582193,30.501517781572232,31.009741813552093,31.345423808746737,31.011784663135746,30.58345883203117,31.75662331833642,31.58231882020979,30.85825762117167,,,30.08251635421278,,,,,29.99392099743359,,30.372187585329847,30.12004894357485,30.098662258653903,30.08901137773115,30.974188966862883,30.999800462383675,30.728059735065095,29.91879225720238,30.86148064078452,30.988825993005705,30.653663818123174,30.20605889347744,30.745840790552272,30.874182996622153,30.703977374982347,,,,,,,29.968362025407483,,,,,
O96008,31.301492825908866,31.786630788674078,31.311444377935906,,30.90737411008038,31.676505640238254,31.527204753925183,,31.241192929123645,31.289752214070212,31.557381034744118,,,,,,,,,,,,,,,,,,,,,,,,,,32.478697970155515,31.927812300499003,32.30323629644128,,32.16124743827967,,32.07872911613854,,32.227546684916454,,,31.263776916201298,,,,,,,,,,,,,,,,,,,,,,,,
P01871,,,35.650814777943594,,,,35.60224929606601,,,,35.18625572036712,,,,35.116138897722315,31.381379596439054,,,35.175689491301014,32.074334995853384,,,35.65219747329439,30.859921955475897,,33.39213756898004,35.593905093129514,31.274361439524235,,,35.792900816947395,31.40816152936078,,33.46047599029154,35.549424545028906,31.276042532269024,,,35.96677919704422,,,,35.73463089079767,,,,35.882861139628695,,,,35.93424213807228,30.995609417584213,,,35.944324605861176,31.833169116628866,,,36.270048639281676,31.55135807428278,,,34.918789080659586,,,,35.40087773332104,,,,34.870013207769716,
P04066,,,,,,,,,,,,,,,,,,,,,,,,,,,,,,,,,,,,,,,,,,,,,,,,,,,28.568523991073587,29.523269414518396,,29.018582084470694,,30.18504025200959,30.031159480563215,29.625967541183073,28.623460984286094,29.52193978296518,,,,,,,,,,,,
P05023,,,29.472091276616027,,,,,,,,,,,,27.827337680928338,31.079280937499774,,27.663911492919517,28.72236262961355,,31.763244776468774,31.318393351737477,27.60296130607195,,30.622647866702838,31.6966026248753,32.016786824772545,32.11349235915657,31.906119176762203,32.10491004787122,32.01324924794863,32.00449898417481,31.61242552640892,31.91951091208012,31.971524567074447,31.949641919990068,31.214245195410605,31.11005262189041,31.615639888539498,31.14713011558049,31.254263806560367,31.06654889494046,31.087545925027257,31.120418858996622,31.11262044111234,,31.08911713481306,,30.72880416578362,32.16694924272343,,32.227968145725434,32.27653021123342,27.77153091921158,29.881929592778988,29.921504563238813,29.91106658091535,29.893381463251167,,29.764915462423872,30.97769845780544,30.889282974182763,31.07487321981607,,31.12158680164321,,,30.34743133851333,,,,
P05141,,,,,,,,,,,,,,,,,,,,,,,,,,,,,,,,,,,,,,,,,,,,,,,,,36.12552987507308,35.90509261541705,,,,,,,35.72528635526908,,36.46092169420655,,,,,,,,,,,,,
P05204,,,,,,,,,,,,,,,,,,,,,,,,,,,,,,,,,,,,,,,,,,,,,,,,,31.972679920828465,,31.41843786672769,32.572651996423595,31.811104206798777,32.38279782487534,31.43643937987775,32.1081512364622,,,31.936829294786637,,34.17274845575049,,,,,34.415182823576295,33.67779770665991,33.88104747280861,,33.99848565958899,33.285754196786584,
P05771,29.32904152532642,,30.191233428281674,,,,30.807574821269302,,29.74442554798104,30.8391567187055,30.463364567722902,,29.33458045698197,30.307896230198647,30.72505782639169,28.364860685316664,29.194959278747227,30.04988417102677,30.967832957812018,,28.996620583712296,30.400475205978683,30.71879081492839,29.10029530119531,28.119032391716726,29.461001433760003,30.10098401888194,28.15186112220041,,29.556036717608023,30.23466449312667,27.372222700344356,26.623843443080492,29.816685424123687,30.41147616015296,,,,30.449673691875123,,,29.46935686258985,30.609817541998613,,,29.50975444114664,30.61378976350604,,29.044521210024918,29.49123465637635,30.376485746803215,31.74219888903883,,29.265946269182972,30.391233497102693,28.040969877330067,28.340455134612444,29.417136990573127,31.148685729784678,28.43295499378765,,,30.78728091781544,,,,,,,,,
P07199,,,,,,,,,,,,,,,,,,,,,,,,,,,,,,,,,,,,,,,,,,,,,,,,,,30.983218985501498,28.165651089796487,28.292564469241626,,,,28.687829036725216,,28.662068854441678,28.290243923937656,31.30108013363673,,,,,,,,,,,,
P07305,,,30.278966391619058,,,,,,,,,,,,,,,,,,,,,,29.41226679546241,27.04801222214719,28.095308726380015,28.447857651680007,28.3951042810688,27.205178268812723,28.958714924646078,27.145909832909613,30.092679529966407,27.676212293131332,29.02661838103204,26.630347682658662,32.07768731324461,,,,,,,,,,,,29.735135350497448,,28.882409137661234,27.87475977481625,29.936018052392566,,28.956406351807328,26.891920098075207,29.976871402694773,27.429638843036248,28.708358507677662,27.715060863489963,,,,,30.66527550749714,,31.336062136774235,,,,,
P07814,31.51012873897248,31.70139696000068,,,,,,,,,,,32.37605520928168,32.34264138628713,32.26958535606652,31.841711334692135,32.279437285464155,31.921616136510846,32.1632595222333,32.09432108723317,32.07358288385027,31.790638955358897,31.933670294025486,31.790487999303448,32.20034411812635,31.513483710070258,31.378975721183,31.354954649151807,31.53070947136763,31.56775395437361,31.16177257404895,31.66407279071588,31.78778427684347,31.593819777242366,31.716236395803254,31.259139230641576,32.198788360926265,,31.705020346440275,31.87772215528069,32.300199091564785,,31.97296880535276,31.8417622511361,,31.73285113430072,,32.547827652496814,31.632432975591602,,32.22793972614005,31.441366835596643,32.47366349133509,31.738525691502133,32.49875738267271,31.288629980959357,,32.549728371883745,32.40021896462949,31.911338788988648,,,,,,,,,,,,
P08567,32.96182548390712,,32.03249598962231,33.17502906977179,32.91935763198489,32.90583759506869,32.0012679589964,33.38857661331605,33.11737400511854,33.15232636813502,31.776359191255683,,33.27650369386977,33.28487256046789,33.150925391934656,33.55917883346403,33.398810894225974,33.25647588758045,33.12367357834494,33.43203320889655,33.32003676537786,33.19313283084512,33.22062298807526,33.398636892211165,33.52580420043948,33.06303461108948,33.334793551123965,33.35778285860497,33.13810761845008,33.15859830567454,32.9926546952018,33.46104675333736,33.251169021896565,33.36554414449766,32.63398177038336,33.46277721605758,33.42531577812104,33.22076740848053,33.20125380709463,33.251147939956084,33.56363639463599,33.33707688656893,33.18288576536195,33.201366162235665,33.29454948996483,33.214332047209474,33.03272945361715,33.07002341983034,33.29826112632094,33.36422554707047,33.26180253800711,33.69906980443351,33.332131308070316,33.35218644423534,33.159533940785884,33.647829056325726,33.50454757304961,33.43573745152514,33.213305535179984,33.60664169197801,,32.80335886675151,,33.089568883425585,,33.314834871633956,32.66211034280632,33.30537733377358,33.042133485353574,33.17084304317848,,33.45811644312342
P08575,32.37022709850274,32.192488644272714,32.047210283986,32.84964749581286,32.4634436962908,32.02997265643534,32.12658783136073,32.791662368971416,32.54542891338056,32.041090825374006,32.15944427255846,32.6743681708577,32.92936174375161,32.465191941045944,32.83100143441321,33.10205186102401,33.03606634943386,32.627940715349794,32.77065086768815,33.1052420027496,33.0180268314466,32.61028533860323,32.416043141393146,33.134327999741544,32.8316035499205,32.52438861722883,32.659319417491304,33.06389294538649,32.7864901523044,32.50419525657458,32.60330158233094,33.02734452776076,32.76804691439087,32.40985126116167,32.68133995719124,32.97230913284072,32.324920895854675,31.86482826233594,31.93446178235288,32.19926992072649,32.05512316417774,31.646895532135773,32.36689394600344,32.34183928435919,32.393202086159306,31.785252947676756,31.848067246131286,32.25740641141048,32.78645358658427,32.42788779812327,32.70380316251087,32.862137873812124,32.77405225598168,32.445487626616114,32.298736820147006,33.21173943720582,32.689583797112185,32.54320613642916,32.2531851722955,33.12716664978875,32.44189697103338,31.95414190851202,31.90194944388393,32.391695543317105,32.311668332531944,32.00338637573672,32.069798700955694,31.987164453618522,32.43562328319486,31.542940873038336,32.11816629253775,31.75043364423287
P08754,31.500891559697035,31.649086638345914,31.84568091093644,31.362408407001404,31.61469241864699,31.564953965450215,31.755122464975834,32.07625006551973,31.74343864462545,32.014976312145095,31.865166273592926,31.57489775073786,31.90466933578176,32.02980476192472,31.96802599084863,31.627917193047217,32.079176981774225,31.979638985564367,32.20783139011297,31.904524241024745,31.938018275749485,31.804697677183846,31.957766685096185,31.745689546086112,31.750943604209724,31.795676920617133,31.39559531297757,31.531206767975654,31.618306068151202,31.775185449713504,31.44398469003253,31.92619334747278,31.983938101005187,31.80148035526242,32.01293707524858,31.989426102618655,31.712298905891046,31.97364202971211,31.742239592474892,31.904378901704966,32.395383799068476,31.969106776599432,31.526036813352917,31.64278915999548,32.221822381331926,32.322036877851296,32.14263713636198,32.30438712898288,31.069593272756272,31.341133106677997,31.062829474435283,31.13447044165472,31.763443594721075,31.659329960681653,31.330522863618786,31.31975376588752,31.84529124872992,31.531848500138064,31.625889639881485,31.675698903230185,31.39897060003696,31.20506921881011,31.90151825300888,31.400892694641406,31.588416482341643,31.844217653328815,31.761743067398463,31.619159608777814,31.766234269662984,31.967759388862394,32.27388626919642,31.757537208984132
P09914,32.119592895612655,32.24262399395523,32.29847539594183,33.26368744963122,31.90473591292046,32.05708646762398,31.924847590323896,33.56648027174451,32.39227053509334,32.159495971762944,31.677944847310968,33.43076497407189,33.08987440317641,32.39314265527607,32.72590409950684,34.108222422908284,32.55106522763441,32.696433511968195,32.56684838630634,33.88706881205144,33.01592536353626,32.463033953893756,32.954152172702074,34.10614158998152,31.479186951871572,31.75437746990359,31.975310493386942,33.38635309273388,32.201533195001105,32.34160054379682,31.7616065259045,33.70653007214412,32.71772439362791,32.07183444452733,31.76404743362581,33.597023113156965,31.78655434648583,31.864184722256116,31.76370341704066,33.26165182885273,32.25337347382725,32.01432374799187,32.21057726013244,33.104326067838684,32.30719481843853,31.72230505780333,31.58868683008535,32.915856138378935,31.587861560832017,31.6046737716735,31.755844402375878,33.221546301633204,31.573732026903283,31.427436744210752,31.149129406159318,32.98410114207451,31.998207714671807,31.597448190518033,31.289480178482712,33.16321680631832,32.273121785159894,32.210559875311816,31.498000915873494,32.98268224654043,31.980363496618626,32.11822745763939,31.894748252793182,33.0593766005409,32.25121649305382,32.08897732366573,32.32799858031253,32.98288072898488
P09917,29.338963535970233,,,30.441931237286724,,,,29.952888527179955,29.450682757073782,,,,27.439441317291173,27.80377622940075,29.608930306044837,29.82339009496861,30.227684881240062,28.714866550004498,29.394496763883076,29.40629853850118,29.07947572409651,27.548086796031523,32.283455312965046,29.89385577761425,29.606503408448823,29.398616110711785,,29.900860785052988,28.469016048002263,29.087985810132672,28.70080238441666,30.0830895217528,29.232073898166217,28.064095267276823,28.465272087984925,29.725147935875523,30.874107169660842,,,,29.490648158513537,,,29.528915895261985,,,,29.51474686939341,28.75972956660681,28.0244106119624,27.940388582296965,29.545101933828473,29.445663751587173,28.403983782896745,28.016405009146002,29.230565725843984,29.23594769085152,28.530692760278466,27.758983798185458,29.530453244819572,,,,30.99157309130479,30.195254731455893,,,,,,,31.050591175537722
P10109,,,,,,,,,,,,,,,,,,,,,,,,,,28.733429687728734,,,30.821146346830133,,,,,,,,,,,,,,,,,,,,,30.17919914145229,28.84267281607927,,27.996768446568414,27.495909996371637,28.1783637276971,27.766660622728065,28.80982905682596,28.504848566704894,29.196709852657943,28.667302476703913,,,,,,,,,,,,
P11388,,,,,,,,,,,,,,,,,,,,,,,,,27.868976053556715,28.062886107143896,26.543064461239666,29.135875706349978,27.672849336424974,29.240460821378555,,,31.367971060647854,27.024985507707697,,27.64635949914546,,,,,,,,,,,,,,,,,,25.481912404356237,27.634274363817283,,30.439024461142004,30.097835632194588,,,,,,,,,,,,,,
P11717,,,,,,,,,,,,,,,,,,,,,,,,,29.917352432509368,30.971879324782968,30.65502337639117,29.88557824295677,29.375125289135767,30.833641864822283,30.499384297483267,30.306009530688122,29.64461535670823,30.807969405401025,30.620509893686084,30.33739809543477,,,,,,,,,,,,,,,,,,,,,,,,,,,,,,,,,,,,
P11912,,,,,,,,,,,,,,,,,,,,,,,,,,,,,,31.775520598388102,,,30.27164657026827,,,,,,,,,,,,,,,,,,,,,,,,,,,,,,,,,,,,,,,
P12270,34.04802874957462,33.94903524403412,33.81225466635249,34.127288164396774,34.05075848183336,33.9185632465551,33.883229950660066,34.15917774032633,34.03323184934576,33.97408603189124,33.94897315211889,34.08711735990953,34.21748066009902,33.99793365212419,33.91047850874581,34.406087606949505,34.25709946535609,34.117324471305444,33.910797875671264,34.333139044369425,34.359033862960906,34.04379526163264,34.13268112858758,34.26060247500877,33.83880376579387,34.068564461351436,34.103210761073534,34.229309989810936,34.09310777494068,34.09984745355699,33.76944855732401,34.10317516621181,34.288146857936084,34.12313589330846,33.940088295076535,34.20500084006972,34.053836212828266,34.06677406731684,33.93183777044267,34.040040209448776,34.09377792511969,34.12555886227326,33.828120048348744,33.95150714182981,34.13302687955606,34.018164950960625,33.903756508276075,34.09542062368109,34.23802293365923,34.154820402858434,34.04272430835399,34.210770580169076,34.244402181738614,34.090091008068015,34.06715184336939,34.45617439724648,34.26851760916786,34.22859449707232,34.0699864428576,34.28508088353903,34.354874007453915,34.155261965543836,34.28395902343053,34.30668086803028,34.3843579304779,34.26803668327088,34.21735523853368,34.36516253234233,34.31783513944356,34.346041294901596,34.10460232305006,34.42918447503405
P12931,,,,,,,,,,,31.198297844329918,,31.164901621647687,27.724467275624928,31.40226397679469,31.052972167999446,34.00558869913924,30.430260794601846,30.752955555761943,31.38418868098918,32.24889958358295,33.81120066152343,31.350956422406593,31.595394145659338,31.05645422941124,30.684363507516704,30.971465539958036,31.114593461350488,30.76617041618365,30.905723972978727,30.801640657424493,31.43317849125714,30.338502297653864,31.013546555929622,30.382546129297385,31.314840904448012,,,,,,,,,,,,,31.158884102349525,30.80059865776074,30.142676586111413,30.264563369469464,30.774731387000944,30.344740900698515,31.015829660017108,31.025472324258526,30.968990974511893,30.766633115720385,30.653488753284606,30.60446067582947,,,,,,,,,,,,
P13612,30.151187241239185,29.769423470780985,,29.88381753424939,,,,,,,29.874484373425233,30.27715957596093,,,,,,,,,,,,,28.739965972206974,28.82588339846434,28.89876886797176,29.232352647948233,29.220941047734904,28.278018380381774,29.077869962373136,29.040948047501786,29.106286227105002,28.55618379329875,28.66354558047928,29.035266524701655,,,,,,,,,,,,,,,,,,,,,,,,,,,,,,,,,,,,
P14854,31.645151003059574,31.93096755547279,31.425574126429183,31.64550794848256,31.70300771480502,31.83383579907573,32.18710591036401,32.00028598197448,31.47594993501431,32.01835689242827,32.0273436459917,31.826716909985876,31.305901593924766,31.585406942181805,32.370452839081445,32.36925402109952,32.13721838490865,32.179178806296015,32.46730290891983,32.453413525450806,32.243703628123406,32.365934478587114,32.425547115421125,32.424444857456805,32.472700566836096,33.37339995665916,33.61485937657749,33.507795128170635,33.108552112024476,33.529062992077485,33.24578476985045,33.13098729260225,33.00085595515985,33.35037079325379,32.765230588957735,33.29012964311158,31.723658804642078,31.10951242577265,31.68532702738544,31.78679931676473,31.38204284822565,32.04522764608266,31.54152005058043,31.413589231205783,31.84209914824178,32.10277702317649,31.700680373455377,31.869880246168197,32.496496383389186,32.81406318783685,32.78009389596243,32.76375369356114,32.69945951598382,32.91726206031269,32.97446910119964,32.96178858336702,32.64490256999344,33.08798764106342,33.004064231959056,33.14506108184682,31.671638508149424,,,,,,,31.97370302778795,31.38049866070235,,,31.977193462122884
P15529,,,,,,,,,,,,,,,,,,,,,,31.470174038665593,,,,,,,,,,,,,,,29.92336482279681,,,,,,,,,,,,,30.9274735266064,31.161890504036528,30.591118378228728,,30.932713511399037,,31.24185750805493,,,,,,,,,,,,,,,,
P15907,,,,,,,,,,,,,27.595950616455415,29.221737248711282,27.302212432973796,,28.121027939746234,28.836251557884157,28.415130301791095,,,,,27.482042433522878,29.34402282787337,29.3849473014877,,,28.350537423851843,29.55891146053815,27.39449913924321,,,28.925278706573234,29.778911234699223,27.910358188148347,,29.811739361619036,,,,,,,,,,,,,,,,,29.204225435663712,,,30.043462259325477,,,,,,,,,,,,,,
P16104,,,,,,,,,,,,,,,,,,,,,,,,,,,,,,,,,,,,,,,,,,,,,,,,,35.20850789685156,35.401304639493944,34.65511848312837,34.989325771990494,35.101895904956635,35.12525187094651,34.91633426567569,35.077182635990525,35.15990475755297,35.337816333818346,34.36617948621799,35.1299369048785,,,,,,,,,,,,
P16401,34.348193109023335,33.549894987699155,33.463357817678705,33.433450535302605,34.16547780646586,33.91454726547797,33.086053744786845,33.273225236880116,33.84456629807357,33.755233043820915,33.18161101749841,33.69203025194741,34.998152906159845,34.91167490997311,34.02430261186033,34.20075289976593,34.7520783005013,35.022080564650196,34.507522695948815,34.30736163590036,35.07201359053162,35.07105467035161,34.39572176630359,34.30610078599982,34.629433559713775,34.52469102464709,33.66679409406287,33.986533309799626,34.529512275500274,34.5856090447685,33.97692264579741,33.78834344969593,34.456194146105624,34.48172460200841,34.00585588634302,33.8313181189333,33.907184912531335,33.90671554761344,33.412646584938116,33.40382741007521,33.954101052638215,34.112896807653485,33.31125969950681,33.430609301711314,34.05207575684516,33.61826202319797,33.27647062924133,33.2151977086862,34.74059062076253,34.74557967345553,33.66831167312004,33.979236564962996,34.72728260248487,35.07304566374339,34.02406589912757,33.87787864076059,34.775117452652474,34.503391529878435,33.547905315495825,33.99762787660479,33.96894271426317,33.77267739813728,32.630635075293064,33.05082434605846,33.74339496710751,33.246151631050445,32.61595924257059,32.702191551585514,33.441590700667426,33.167179497509984,32.47211938518114,32.59903342074004
P17568,30.546585064824782,30.35989759891517,30.39444691006234,29.70914922115026,30.49391419895813,30.468448732616352,30.437500363632687,29.991770368625968,30.184088356968676,29.878586303559366,30.115380849816155,29.620662656590298,31.039747408615213,30.87803383874928,30.625670989867725,29.660009663349985,30.615044658878233,31.137370353064544,31.311219294590053,30.453177061352033,30.437543487629195,30.244984331632924,30.435930444704955,28.956173447294873,29.256891540588903,28.693793941439225,29.28034328889147,27.92453924214999,28.709292450299742,29.207597156890323,29.201073289384453,,29.02122536218709,29.02404305786609,28.64713982123343,,29.91980845405202,30.384047501852667,30.2532949020274,29.554101930064437,29.820027940168544,30.12032193524482,30.02182866415407,29.137141733047233,29.77622340096745,29.7775123135922,30.080388018564456,,30.725946934005165,30.52396807420394,30.490304403343416,31.00782061376636,30.59341172303366,30.414683133104013,30.581795737231555,29.954719492059528,30.63043507703018,30.383747825432238,30.556153603183002,30.10525403471851,,,30.265500726652142,,30.28847932102069,30.164009412194304,30.628946045684863,,30.438249186274334,30.259888902470937,30.63905533699611,
P17900,,,,,,,,,,,,,,,,,,,,,,,,,,,,,,,,33.209485606394644,,,33.26122099684459,,,,,,,,,,,,,,,,,,,,,,,,,,,,,,,,,,,,,
P19397,,,,,,,,,,,,33.332423819504676,,,,,,,,,,,,,,,,,,,,,,,,,31.822208586202247,31.858405962341248,31.96192787973332,33.58100424950745,31.99258144533361,31.960216854651815,31.714434129737448,,32.93863600471091,32.81231310781989,32.42171868478667,,33.01180655286749,33.07153784530541,32.40202657132516,33.50899202109289,33.25556089693648,33.41317511653521,32.067494702130205,33.71901180206784,33.00655397850439,33.383276972630846,32.06971560106056,33.82294370112454,,,,,,,,,,,,
P19474,31.073179615504024,31.31664305377023,31.266623242937253,31.81098328046692,31.10563844501806,31.100494505154494,30.621854650340282,31.121080110519753,30.719903316373696,31.130013798334147,30.939639952827285,31.206271262855864,31.17728626004943,31.290020626587403,30.97516352944443,31.530601390838246,31.117750881940943,31.076585922620627,30.826255862198103,31.520572479296042,31.016317372615266,30.96389228482099,30.430805523539675,31.532712998607177,31.273378879316063,31.602458942389696,30.57005698724032,31.686674886227998,31.444790330967315,31.70044594540684,31.24901938285248,31.917875720863307,31.233993333796768,31.80654321360428,30.978476768380524,31.92785205811378,,,,31.056920369636448,30.962235436537405,31.079236385310303,31.825167914278047,31.372183310051376,,31.986588375057636,32.18643546889055,33.398252048004714,31.20752116022231,31.42627363948744,30.978604464577934,31.66271718526178,30.66178521068615,30.92971881634081,31.220851491569093,31.30179176245678,31.370445072145635,31.248113823262386,30.932129094061864,31.472088695813763,31.973219155965353,32.05436229958321,31.50699259089066,31.844281077285803,31.89195304702478,31.909686295777167,,31.952388804656053,31.881968024699187,31.98098700877295,,32.045255952870185
P19623,,,,,,,,,,,,,,,29.95533349081488,30.085165821173106,,,30.21759439163417,30.103128253690954,30.19513910423797,,30.415560404198366,30.219916782688628,31.996814809824087,32.896271638154275,32.04774776035596,32.10087742281928,32.30905653634818,32.81516746205092,32.47305778235629,32.17433175671816,32.66260252241288,32.5166231766058,,32.553862835250676,,,,,,,,,30.01015782525406,30.68733315107412,,,,30.61224289490975,31.27125861940371,,,31.851724611244148,31.337711557560684,30.579319653281114,30.777964166055206,31.38777817089383,31.889299680355442,,,,,,,,,,,,,
P19838,,30.010797189092383,,,30.520413502203535,,,,,,,31.154399080597447,29.13771565332706,28.25680158150863,28.85051930564302,30.032597918808047,29.968067377545655,29.28049890466938,28.421152347386542,30.053572176611322,29.679829967180968,29.215070068924135,28.546848772832444,30.05152431245925,29.42909820417904,28.901845275888974,29.035731410680018,29.506170706478617,29.06589367422304,29.152806115866543,28.59178174831258,29.28097590830947,29.513972900665458,29.33651394308166,28.685672808851916,29.710085411029535,29.80842253920616,,,29.962194962760304,30.210044500347312,,,29.66081463133689,,,,,28.48996194442129,29.267882787926563,28.13669969661198,29.494068388475608,29.010210042746206,28.98341850340184,28.488912770440606,28.399700507897908,28.555395038856233,28.411450513910975,28.94165381766832,29.576380962936927,,,,,,,,,,,,
P20290,,,,,,,,,,,,,,,,,,,,,,,,,,,,,,,,,,,,,,,,,,,,,,,,,,,,,,,,,,,,,,,33.14443231344731,,,,,,,,33.033198482345576,33.191066788185594
P21912,30.672317278559746,30.88537318607473,30.652962539767426,30.32553133967209,30.77606338733956,30.785108817145005,30.745340238921568,30.462784201790456,30.758186140920007,30.449544634386896,30.621852867620127,30.121576459235627,31.035787941491236,31.513834702354455,31.383359442818374,31.49720551292035,31.317025827543436,31.53930253553145,31.656342408776595,31.093807354178097,31.47090595432285,31.834105274148662,31.66104060598852,31.663299644973154,31.344459887086845,31.474814304410778,31.553861752947984,30.940457192652694,30.647456754925578,31.588736489476496,31.46527411055435,30.52956622531478,31.439489034053345,31.509287097565238,31.58080902399594,30.835350719523014,31.696011580322036,31.883500363058495,32.51423662022873,31.72381422538401,30.495790684505135,31.290742972550838,31.40235781408634,31.033028850363415,31.373816724894304,30.373748635967686,30.32435640159867,30.592394271623824,31.5138388177859,31.472144062349752,31.63563127274977,31.32054722108922,31.596623547364715,31.745395533660563,31.603277167505,31.180157180406226,31.56907880445096,31.66334565820287,31.71630958780281,31.07431395069574,31.422493323962563,,31.1014192509167,,,30.917296438677816,,,,31.18008168394985,31.234468449703662,
P22059,30.908898699204464,30.574479842311312,30.43254134461138,30.534147018826296,30.9464378348655,30.62144068251675,31.04538120371989,31.16056726009947,31.105339422337146,31.050020928388548,31.210175875424063,30.405522060661788,31.205972920065634,31.622774522737835,31.322969380408274,31.05742856011443,31.248553311010895,30.885716561159263,31.757949267635553,31.023543757717377,30.64791249323107,30.59780697429691,31.255187816972473,31.92905637632014,31.75554383723224,31.65673268805351,31.725983060704664,31.828226238739752,31.53473477196234,31.849295681841447,31.79822986241178,31.197099982583588,31.769522523983404,31.727234502223503,31.58773246037476,31.511641239807233,31.124353503837078,31.345450509828282,31.390153214785045,31.292055075024372,31.188293665865366,31.184981629300097,31.45095274605245,30.967896502034435,31.234793039003982,31.29073482883394,31.29254833535007,31.62852210529841,31.705834079628005,31.70275934294481,31.738846681173783,31.61950337553114,31.67763828521639,31.680573637068633,32.20223458906711,31.83430093900762,31.77493819091778,31.615720976621297,32.005889743155834,31.627719369297324,30.88125424247106,30.808181231489748,,31.016886640165993,31.307216139269237,31.153698329673645,31.320229784564972,30.95860352317387,,31.4265733417187,31.52648521207952,31.136301079380402
P22352,,,,,,,,,,,,,,,,,,,,,,,,,,,,,,,,,,,,,,,,,,,,,,,,,29.14470566091943,29.960783019594484,29.57365153795791,28.382478600226793,29.040563232134783,30.066915212047597,29.256954881080762,,29.023010557394425,30.11050306448913,29.510517142306213,,,,,,,,,,,,,
P22670,,,,,,,,,,,,,,,,,,,,,,,,,,,,,,,,,,,,,,,,,,,,,,,,,30.034295208056967,,,,,,,,,,31.165323689864685,,,,,,,,,,,,,
P22681,,,,,,,,,,,,,,,,,,,,,,,,,32.68419163714586,32.97845184032618,,,,,,32.973377339182456,,,,,,,,,,,,,,,,,,,,,,,,,,,,,,,,,,,,,,,,
P23610,29.60687141881436,30.35774980114086,30.26481391156854,30.85362460435339,30.063720865822592,,30.64740902968068,31.02209078157147,30.48323614848306,,30.095996789001628,30.943438118593892,27.27660700872299,27.926995653341084,30.42973604673955,28.224700937965924,27.60310853160945,29.49504415387682,28.217728274841637,28.34882137077419,28.214736385298476,28.07433980090246,28.130273531921922,28.641465349663555,28.53302883173073,28.520556254232023,28.429764732800308,29.814094181172155,28.31605700908837,28.84365017407868,29.890605328406593,29.416992973662413,28.99440365645817,28.15818400010926,27.637485985582355,29.6620131956901,29.6769171813734,,,30.248103439203675,30.224537872871476,30.27777655225531,30.339844979992623,30.61952748509299,29.31125949049162,30.326933175640164,30.280562351145626,29.81001021586236,,,,30.566036597959407,30.29147297146047,30.22052548729024,30.198075258806377,30.627910534479494,29.838340812225344,,29.75264994061462,30.540923659253963,30.04485260218024,29.494445812150932,,30.25167915921164,,30.04445105464162,,30.21838911521872,,,29.956779155327254,30.84575744329805
P25398,35.488265748060286,35.97294309040966,35.81337311358617,35.68684739206158,35.641637163730955,35.87546746961453,35.96798637664589,35.92827814196437,35.837844928515274,35.83364886947363,35.657527979495214,35.56813278113427,36.129316190229275,36.31690824738889,36.4085387516306,36.32395226748818,36.39807578408376,36.22033510155901,36.35060058096302,36.55513114033908,36.23377726539809,36.73098473555116,36.24632204844096,36.32243859515623,36.320610826700104,36.479668103083725,36.26992480375258,36.45779058273051,36.34253550788753,36.501784623911256,36.34706432739422,36.373440160862806,36.24367846626015,36.48153191132692,36.409096896302884,36.35222315969085,35.246059360054595,35.739702593666046,35.348719376081405,35.178845718958186,35.395168217734906,35.42278216785917,35.80579725527597,35.82220806247529,35.37902206335636,35.74623136967159,35.69580160068628,36.06111835716037,36.27036901920968,36.374834990948244,36.38211898259277,36.23232561855569,36.168629127252885,36.26407286356161,36.311041105249416,36.251463398814906,36.248708507938645,36.33947073714878,36.302710548870714,36.42506581900775,35.85959976018003,36.10295868443613,35.895703315410216,35.9282004441405,36.09679338911364,36.10022066158774,36.123038442859496,36.075175641003085,36.0694295958818,35.88741496688719,35.95551971296706,36.060514428243906
P25490,,,,,,,,,,,,,,30.547791044937455,30.809687631006472,30.39953286556256,31.81546498227497,30.831162964163227,31.281169377297015,31.559889422824934,31.86584429707571,31.12739267631622,31.20177398686251,31.394919268046092,,,,,,,,,,,,,,,,,,,,,,,,,30.390671149174697,30.50929981061571,29.294522336959737,30.27951190959941,31.121220593028234,30.057006239009247,29.625534494246715,29.954286680158823,30.923978689841988,30.61369456544694,30.23200995184788,,,,,,,,,,,,,
P26447,,,,,,,31.021485042658874,,,,,30.442196283174354,,,,,,,31.716365107686798,,29.876185887772643,30.359843275485687,,30.926622960790432,,29.967413958868825,31.611018837860115,30.21309826332095,,,,,,,,,,,,,,,,,,,,,,31.96737418908691,31.00704852599263,29.225599236475226,,29.618284864817163,33.00467367500709,29.171553230622543,30.761765045323095,29.62250812678147,32.509288429834236,30.173534596537976,,,,,,,,,,,,
P26842,,,,,30.735444749131286,,,,30.610821132121156,,,,31.61996505723824,29.035065530300642,27.51321759367399,,28.897257032268715,29.05920554539854,30.485670659443702,,,29.977288624702826,28.05761663091268,,,27.809838196096745,,,,,,,,,29.14133955446098,,,,,,,,,,,,,,,,,,,,,,,,,,,,,,,,,,,29.868797736552242,,
P27694,31.74583944954988,31.99049428961185,31.537270271743868,31.772465722967958,31.709993545386986,31.74998168692829,31.491163848865835,31.766912486435277,31.626328139828377,31.828002894529632,31.52250584198558,31.61065452206399,31.985941619623386,32.321956459918965,31.538827420222795,32.039065073619376,31.8773048722869,32.00752948207656,31.622429285951345,32.035061792455764,31.993745483069095,32.20699030404037,31.69586269903255,31.843447855896827,31.428045678058364,32.169463414863294,31.55867817641659,31.903678457948164,31.3291094048022,31.628912807390083,31.60192282364392,31.710434092285237,31.844081391126643,31.545729607874975,31.096409035788593,31.753635038770366,32.32885145626808,32.197443039957065,32.32363441967493,32.037784750074344,32.29061026610384,32.43463282285325,31.882719870195956,31.72639981021521,32.18914854239243,32.38355629914145,31.535051063764858,31.91606097523719,32.48684723065025,31.90160276629296,31.604474404294624,32.2039697778088,32.168534085841245,32.465282201976514,31.85354569356571,32.321217794818274,32.51096399575714,32.43734046855981,32.152760313644976,32.32141402173314,32.08660346882191,32.16912869282444,31.905260835665747,32.238359260714816,31.807784544485393,32.170514485269315,32.02977800233609,31.964481783206995,31.815472468610203,32.31334635495986,31.97373687042486,32.32646964009359
P28289,,,31.151740103435788,,,,,,,30.214776955755344,30.89353762375079,,,,,,,,,,,28.17148261375319,,,27.49130371426672,29.609550598823336,30.046202189526014,,28.831515316010048,29.75976723387485,30.48831364332089,,,29.81580005112284,30.413091746754635,,,30.209302834836166,31.040035814165467,,,,30.933753514071864,,,,31.43583889737631,,29.78286840740584,30.118811400462857,30.96089800565579,29.02079432264178,29.781418610829324,30.038704923918754,30.620855624316988,29.47158989976103,29.879066643083597,29.69918352180815,30.787456225897152,,,,,,,,,,,,,
P28908,,,,,,,,,,,,,27.62503183888256,27.68133819715323,28.58108540496751,27.714512599321267,27.647234357223464,28.435004070365714,28.39435398070822,27.031964379757362,27.753228879379677,27.253404189210492,28.44574903378843,27.885663927004448,26.92584098684017,27.17288616717656,28.357356529316615,26.8910500609019,27.091239073519915,27.50925879095648,27.946803338090945,27.346379576183388,27.345468475215796,27.232622562850317,28.044103317148064,26.658640453409816,,,28.44835353682395,,,,28.38194191122244,,,,28.586023445956805,,26.73297332923786,27.069551534377375,27.25716845003797,26.315305894863332,,,28.128438783425395,,26.88270909094713,27.185268825147418,28.296933294341848,27.20246048011741,28.89620991160226,,29.576294616995945,28.89923902415225,,29.40100028732316,29.81575443705576,28.5903792400898,28.896023122109096,29.12366644149991,29.697354028253883,28.96280518992083
P29084,,,,,,,,,,,,,,,,,,,,,,,,,27.955074729836184,28.053199151845142,27.675702669556316,27.43868673208696,27.92620752234537,27.947859961729637,27.740051545537256,27.461276651353856,27.944743483345675,28.17692219215444,28.006505079593204,27.802879999621148,,,,,,,,,,,,,26.353329866269867,27.27236256202733,28.230660439944728,28.369219768452872,26.921389786505806,26.466358936156233,,25.672736625009666,,,26.477931733011026,26.53798140487249,,,,,,,,,,,,
P29966,33.371246911895646,33.171540470320195,32.89520130009022,32.7330113724252,33.062207594149704,33.48175937520177,33.282449202974554,33.99351287423953,34.039954365404924,32.825155355873605,33.11794108742024,32.482231079859524,33.233258069267634,32.755074227786,33.456071575696946,33.06862589614394,33.44840630384792,,33.431174441233736,,33.63765937680666,32.9830964728722,33.48443185632318,32.83905428516677,32.70387470154546,,30.83571524011012,30.0887606806641,32.202617375053975,32.267222843592094,32.401988529166594,30.497225986989406,33.35268563747062,31.725658384850178,33.02650299354714,32.309702294594814,33.896570672318184,33.54891467324857,33.88502952660384,33.288184950201945,33.955877870807704,,33.747561413487446,33.495300996768016,33.804358950434576,33.201770341401414,33.71954865726066,33.15883677567252,33.427001029104,33.17912958606428,33.40554714778671,32.80259888714215,33.46725178389503,33.05507660197839,33.21776778892448,32.78990804238124,33.49047619401275,32.80860687644757,32.94037521346744,32.834487687848636,33.48862313253034,33.3022206757506,34.55950987222429,33.32231410458315,35.07329929996093,33.4641970309896,33.59476788963763,33.59677072869464,34.408817701900325,33.49540488644235,34.07418209785884,33.8451089137979
P30049,33.380294014793435,33.40279657480687,33.41076164824741,33.493192668882536,33.35638413091468,33.71403190314799,33.487310001347616,33.34088095113761,33.26469611600049,33.72044814338133,33.280057224677826,33.24534130492968,34.249863100359065,34.391635748368415,34.46217715577676,34.276259055870355,33.523531012601296,34.475500254855994,34.32720764922503,34.315204753271956,34.2966093905055,34.530763207707174,34.55801344608835,34.32881076778958,33.97597465355015,33.98128668629935,33.883083332815715,34.05605444137401,34.12422958664708,33.75808832661946,33.03364302619507,33.48473157782229,33.68494788213657,32.9942497077178,34.27918546122631,32.48011781193596,33.44725207439559,34.125090647596785,34.21589979590745,33.93360930056821,33.77819624780391,34.15891451182101,34.05379209825328,33.66199463114612,33.69200270970315,34.07246106923816,34.10679990393487,33.68094556726442,,,,,,,,,,,,,33.822623514168235,33.82246264466735,33.83499620237139,33.61011397109097,33.733975055065656,33.903915415515286,33.91954337986621,33.75801284518231,33.76729845513585,34.00379409979245,33.93514662274051,33.847747249400236
P31689,31.423159394056704,31.335792977106728,31.468445579105037,31.17960897266706,31.56745431279272,32.14757705712186,31.110312598165997,31.37056749970032,31.468443189485768,31.85732765811106,31.179342865424182,31.86211079989706,30.80044742001712,31.312432380942177,30.61589312516849,30.783644929560154,30.832959358818776,30.86480837937485,31.160723319287953,31.088854580717474,30.9301274752102,30.90875659176082,30.701265997770292,30.77968626728338,31.769710513487695,30.03093651985798,27.98889644100236,30.366323840753147,29.33929500489186,30.644186800634664,31.649646624190062,29.84499231580663,31.335138329159477,28.636182436066363,29.732201075231067,32.542839396332106,32.00087158780677,31.696795265101045,31.511005720495852,31.84243905977985,31.699396984843652,32.023552345031035,31.847083405007304,31.953289925493984,31.520068506484805,31.443198532874646,31.545604669134917,31.845155032279457,30.513875344196272,30.63653213020102,30.971686430784352,30.850836282633757,31.17881964818227,30.923985654963865,31.1026524871272,31.364361642984548,30.793521753415185,30.892467177313797,30.389829257408692,30.964359697926398,31.83445208595319,31.437956051704305,31.934008496047248,31.718200282205068,31.951494189073827,32.21695593527804,31.394089186901937,31.65783178499555,31.019099168626738,32.5298305720196,31.853830787843613,31.107727226655015
P31930,30.50073459158661,29.938421627307655,30.51725166793885,29.603545750378924,29.899458593744175,29.942127878932666,30.15280312917517,,29.820837348793383,30.215491930803932,30.14783829738542,29.357255039803043,31.41561192720747,30.438430348911897,31.91444356118354,30.93856626784654,31.35562052652529,31.5558792826047,31.682492706805267,31.307968958076504,31.615732300596843,31.51948904884951,31.770146013673244,31.4325023558774,31.549171362112308,31.305692333789867,31.948486637327896,31.304732327773493,30.646873599753384,30.869438473103365,31.99886291227146,30.66439440053393,31.896626398071923,31.182316393693796,32.36671839787737,31.520482459757577,,,29.630170916262287,,,30.40225820727206,29.82539538081653,,,31.324775199947997,,30.580425755765354,31.013957282037875,30.537890318571847,30.685540507253094,31.03524621048793,30.65939016238428,31.007638642460634,31.141142461467,30.8403181444528,29.612382215741313,30.94019959724898,31.190201285517013,30.893672083879952,29.558560048079194,30.725824124279306,29.784767751561176,30.603770093445746,29.682522320209156,29.545811119505522,31.119797917848704,,31.00282994845061,,30.030530436573812,29.298666231584956
P31994,,,,,,,,,,,,,31.421264284476525,,,,31.98071485175029,,,30.462941801103206,,,,,31.27049213934908,30.570031350013227,30.903703650948014,30.919273780108885,31.696392094228287,,30.235437123988,30.797811944134835,31.488184083188248,,,30.81466198836243,,,,,31.64748613750551,,,,31.518732020742913,,,,,,,,30.50584177509324,,,,30.733553369015628,,,,,,,,,,,,,,,
P32456,,,,,,,,,,,,,,,30.72613306415782,,,27.729388267102586,,,,30.35014713933868,,29.57201774890791,29.10738922823176,30.36674904816425,30.672254881466923,30.411555654892872,28.85357421161644,30.704365470150584,30.67956666140153,29.859168318608642,28.831681070009964,30.1631722842816,30.239186385348027,29.97853567953909,,,,,,,,,,,,,24.155710406952203,27.70361224692958,27.727976274645663,,26.94898736316894,27.626007472584835,27.439894812841715,27.612325125296252,25.325260539726006,27.497662553648762,29.0369311346593,25.12520381437201,,,,,,,,,,,,
P32929,33.92242986490713,33.99409633619277,33.82160707707655,33.05954128940955,34.11618433949212,34.161286775882054,33.834101348838786,33.48024431906393,34.224110464595945,34.02771873980145,33.79758985092063,33.3863577358161,34.544779543433044,34.49328724521426,34.569696308122914,34.03993779149354,34.68841735450362,34.45434669992371,34.6435406187435,33.78432324913291,34.64264611254269,34.500274331169244,34.54357115339823,33.955555176746714,34.64363876899526,34.62900980725238,34.47398302882288,33.9097540386324,34.72174324992612,34.5141916675682,34.50156239640803,33.965278954781006,34.757927522066595,34.43496929054526,34.58022109741778,33.853632414720494,34.05994783639684,33.90937715291204,33.83457731103497,33.29815448706203,34.0659352975341,33.80890101149292,33.729776698051744,33.42848670796993,34.06453569052213,33.534968372463545,33.8855780117893,33.43763823527022,34.6808919585954,34.212256042032315,34.48980183828828,33.80647009612553,34.49904417758366,34.242959584407124,34.29715964195708,33.6740868518561,34.611237842366485,34.31558148144687,34.35268875990227,33.90449871725536,34.031059070345414,33.974625623225094,33.754570960924525,33.27935260040372,34.02181352653377,33.796373007205275,33.70739446149962,33.62396762002377,34.198644415298986,33.521112250986164,33.67739294709621,33.23746871942706
P33908,,,,,,,,,,,,,,,,,,,,,,,,,,28.28926551294396,,,,28.149236487958795,,25.394210854276604,29.892576521173307,29.876511838849936,,,,,,,,,,,,,,,,30.952839479254283,30.921167885042255,32.587812912014606,29.674393409645518,31.050734635696614,29.934977325515447,30.433124307085144,,31.898346508158507,31.170696183730087,28.33282634071408,,,,,,,,,,,,
P35251,,,,,,,,,,,,,28.076803163130677,,,,28.494754044642654,,,,28.224351615170455,,28.392278814605852,,29.037799676221283,28.971031181221512,28.460676585246937,,,28.911721564706884,28.478468092285713,,28.901388207479904,29.06375238266171,28.635044679921744,28.218641587265758,,,,,,,,,,,,,,,,,,,,,,,,,,,,,,,,,,,,
P35270,,,,,,,,,,,,,,,,,,,,,,,,,,,,,,,,,,,,,,,,,,,,,,,,,30.120429708872006,,,30.06748157178957,,,,,,,30.09770024777542,,,,,,,,,,,,,
P36405,31.301707765397495,31.66107208049289,31.950500248889053,31.60384260996788,31.319305815085322,31.477881143400566,31.36407787942393,31.54942012361547,31.076162602735174,31.471665150805766,31.561774498941162,31.764129195303575,31.77784986067013,31.597391238590358,31.309992917949145,31.797346532225866,31.450140204760935,31.634720602671663,31.757420378057343,31.840466742143654,31.079603020400818,31.567072409786725,31.832631168364237,31.532429984646363,31.57478855977807,31.97549135771725,31.71254279809728,31.947605466619102,31.29783702568195,31.773085275924956,32.30684959378048,31.829905323136742,31.780604424340275,31.701682686268683,32.03604554026847,31.951254784512223,30.655539549160896,31.22129229227029,31.674226374218016,31.01383391438229,30.696685064182816,31.575946341549937,31.34821743544577,31.229296819822785,31.05307918810385,31.197052159332912,30.897682955294187,31.37564905166347,31.414579365592516,31.7803842481396,32.00662645764463,32.45410684019285,31.480261623814037,31.88318020633398,31.96275145410018,31.758181438323607,31.176847302048504,31.92560157063501,31.357479768405323,31.96616357043271,,,31.647993831713713,31.94065210638028,,,31.43919618847241,32.15940880271012,,,,32.09959607494355
P36507,,,30.77004266483743,,,,,30.74019769650739,,30.235747784875933,,,,,,,,,,,,,,,29.897342535564043,30.31510039587943,30.285318332451148,30.50856058178004,30.034977116291746,30.33601167810976,30.08423705889201,30.385847461909666,30.16999772570803,30.20176949665452,30.20849970902203,30.605392959240998,,30.266189571945144,30.294611468982797,30.593423192533052,30.366446688711527,30.2390106688067,29.669741452848765,30.138470116514988,,29.780358207014032,30.0912564203632,30.311734367308492,29.905267778156237,,,30.11555950322249,29.889600178701695,,29.785306675868664,30.472962020086438,30.10232022303828,29.871779699660284,30.052980240474344,29.981808839352283,,,,30.276231453019328,30.590616776683017,,,31.301550225620122,,,30.89071816910812,
P36551,33.05979897829175,33.030381593212304,33.03987521444817,33.08101231707533,32.916742772361914,33.27603946309068,32.95620530730512,33.102138339855735,33.00212082637662,33.23132712830081,33.15144941698407,33.07711655846981,33.17791460368622,32.83949891273334,33.30944271030836,32.948407478844274,33.105782091496074,33.19086156390946,33.442149441968986,33.059461363276995,33.424384295842636,33.28197037442734,33.406842502014236,32.92139811672559,33.08753951726648,33.39658685292663,33.325332874683035,33.30947799000248,33.42335675434704,33.61032502844666,33.5467723406939,33.38233065355184,33.22607406090938,33.57389750599935,33.45039213047213,33.23509707922211,33.105355579534915,32.979285030740265,33.03277143027405,32.78947190817204,32.84493199307452,33.1784271254444,32.90050967746043,32.93441140081331,32.93540231610896,33.147577162997614,33.31079634636583,32.973965346067956,33.38729916625466,33.32316255124422,33.396330994405545,33.24108320948105,33.43638878292014,33.400774759188465,33.3535226099545,33.134775315119406,33.341312602496274,33.35591194632374,33.33080276563473,33.34669360184062,33.219924493163916,32.88983258919454,33.07320617943805,33.05381700359215,32.90299052049837,32.8301057148792,32.84600233898077,32.86830856260108,33.0510259010041,33.24179807288022,33.20558813323971,33.1404444624964
P36954,,,,,,,,,,,,,,,,,28.132678104091298,28.81224760267112,,29.45516022925738,28.720102902834483,29.812273893527482,,30.474133132641818,,,,,,,,,,,,,,,,,,,,,,,,,29.3100474397066,,,30.47213949406995,29.747385597563643,29.715702206032958,29.73241591117783,30.227580361722367,,30.008580256862253,,29.64178862827091,,,,,,,,,,,,
P36959,,,,29.772399424125606,,,,30.107445842333536,,,,29.22320453836944,,,,,,,,,,,,,,,,,,,,,,,,,,,,,,,,,,,,,,,,30.746126724877712,,,,30.396998750040847,,,,30.640400656835734,,,,29.4603028069508,,,,,,,,
P38117,33.295041726874075,33.64533521340013,33.39399293078478,33.4312513989951,33.194675557793225,33.57536537160383,33.260102855408945,33.36308459279622,33.364681133556815,33.41083529803088,33.39420301424807,33.21031650285121,33.667026125750255,33.888897233401444,33.747283352163905,33.823881900955676,33.68216886302801,34.20068236468742,34.11155350004405,34.08097641133107,34.12442244702101,34.280306329898316,34.13057482053281,33.962642718434,33.808374577583166,33.898882808904716,33.97242149777063,33.80517105019246,33.80966641891441,33.80044821899225,33.85763027504696,33.80329941299919,33.83383407657973,33.94640100346181,33.94755823382821,33.71307280670668,33.78493913994841,33.472579984925765,33.50662462260543,33.952711921168465,33.78081262839764,33.67511467936488,33.85587042851886,33.715881569622134,33.39023377517015,33.66154755660439,33.4204767095828,33.806560622005534,34.68327274701756,34.7160197446473,34.58616983446153,34.451468340091836,34.58336472983146,34.665666190183025,34.63576312867622,34.37602547673782,34.54857427204848,34.57440333871191,34.468876381735974,34.34850968168206,33.47913295823449,33.49575330413887,33.4427598844103,33.396751840480206,33.39810002047643,33.514650019376184,33.61874055517594,33.563609453371164,33.480449706923295,33.555404046284586,33.67862120421633,33.3388507234073
P38432,,,,,,,,,,,,,28.34003967960899,27.27877722697328,26.78184601424675,27.76020713114684,28.297123536871208,27.42833013148071,28.70874843267814,27.87203694129314,28.726749012354542,,27.45882997328572,27.846038612938845,28.739886352387,,,,29.485051092836557,,,27.677617185370575,,,,28.83229729451804,,,,,,,,,,,,,28.191178780859257,27.788780297613027,28.497064084864185,27.075452076748984,28.05346874820106,27.89705287458975,27.756983976321965,27.918648566292294,28.0029677225513,28.41841865155877,27.88529119378578,28.018147227747694,,,,,,,,30.69949561494985,,,,
P38606,31.33018060434249,31.830362964031362,31.50255847162118,31.56429082634062,31.28413208183147,30.129316758111994,31.892563877569536,31.53007532233701,,,31.243331784966873,31.38265764634731,29.36863254975024,30.878995596772146,30.09924192555814,30.46445743374892,29.478088268420155,30.367557487771414,30.66341520543147,29.8255695839592,29.718984180084746,30.91647365087915,30.592111725392915,30.452183263528006,31.377075592145857,31.856701084419026,31.789898481100195,31.674103738364717,31.087400249714147,31.835833394317625,31.728953387009362,31.702839569830324,31.218609519592253,31.77216542055953,31.708512441238614,31.65254427847997,31.069656009225,31.32875269727057,31.231953575460015,31.414254805296284,31.25824050551663,31.584660457003782,31.29016776353272,31.60674838080437,31.039013425795662,31.33742188378719,31.525853800835048,31.47094705786357,31.396988703586207,31.8196988297455,31.804375237888006,31.773597978769164,31.505285879469387,31.900126251886235,31.852117644289848,31.90263311858533,31.832920477739602,31.800090276415307,31.642380916431737,32.03113875571734,,31.731503819575533,,,31.030779570840483,30.70260584902776,,,31.178143719081557,,,31.516447670364233
P40222,31.651235083093997,31.5575028736927,31.541932993666702,31.71876935118824,31.541244313636096,31.389229744956264,31.444170250291048,31.44273871807801,31.491910119696414,31.659309056163234,31.318564442805854,31.57507962490281,32.28434264181462,31.85398250163631,32.63508319375995,32.302633138413974,31.02140790176394,31.95747675992367,31.269048230566526,32.12273552389773,30.96601768430039,31.49627997549082,31.8300940194431,32.28886706280769,31.926902793654726,32.033806369887756,31.557560123308367,31.4104770342671,31.726120396490728,31.748234873182277,31.835501395711443,31.893908396893377,31.93960603575819,31.7515775671851,31.429089735473138,31.723506921792687,31.53395605703108,31.925531734547558,31.8578576333715,31.81554581022515,31.66946462861434,32.03877819449495,31.769107044028555,31.58906917074805,31.898186492414535,32.20799469633958,31.377812877975796,32.02305389056591,32.22733011418074,31.238527022411887,31.98327996569392,32.29034553155566,32.0619608900779,31.49001949744677,31.8181815762557,31.84147253967671,32.053313514966334,32.014813595678845,31.505749302991394,31.98923669857066,31.71173550132795,31.912184167474553,31.509106388788368,31.717739502021637,,31.986452212202845,31.47713307107343,31.920637197000424,31.775613023741,,31.747666637743894,31.850575825236103
P40259,,,,,,,,,,,,,,,,,,,,,,,,31.671675138488947,31.048501490017774,32.428342170382216,,32.30696604087968,31.378955031530705,,31.041076846040085,32.060379559698475,30.83043618738159,,31.20645991911059,32.38076279049856,,,,,,,,,,,,,32.091942827013234,,31.70480376085165,32.15641886694083,31.816871614038508,31.773058233441407,,31.72361784039998,30.777127079201325,31.613487181741792,31.87172275983519,,,,,,,,,,,,,
P40306,,,,31.78548255154191,,,,,,,,,,,,,,,,,,,,,,,,,,,,,,,,,,31.075407847738155,,,,,,,,,,,,,,,,,,,,,,,,,,,,,,,,,,
P41091,32.3908562268378,32.5223977357296,32.466954993428665,32.57663092258852,32.28598843405517,32.14614311019013,32.44305747857291,32.03994323899629,32.56457990975645,32.331040377043436,,32.04778841745141,,,33.46097833942163,33.341015740417234,33.73050884964151,33.319454591757825,33.79330473901697,33.39448018360142,,33.32736209637702,33.287413279353096,33.25536279817385,31.053367697809144,,31.65778596273491,31.3013404561538,31.400382906366794,31.616954356738383,31.402038477100838,,30.82522547440274,31.49695518765047,30.960197566498326,31.355837956918847,31.218230007384946,31.82714201304615,31.748236767650248,,31.40099895121491,31.858479745519013,31.789231451847165,,31.566933651634454,,,32.113716373420964,32.522633036957956,32.32351908845964,31.845689164203556,32.41541702618886,32.55202485001792,32.479497889742426,32.14841448777203,32.13293765460469,31.839166938784366,32.3940794281528,32.51120722427844,31.983699378120523,,,,,,,32.49732064526034,,32.42232900121675,,,
P41208,,,,,,,,,,,,,,30.250028778938923,,,,26.948290616540493,27.424143473415985,28.491370024752616,,,27.45224240238012,28.326879277836944,29.14125691942945,,28.43108601402914,28.406264485232192,29.102583656227246,,28.554929631352177,29.367379358277216,,28.831994744966785,29.190183432389734,27.557261836770028,,,,,,,,,,,,,,,,,,,,,,,,,,,,,,,,,,,,
P41214,,,,,,,,,,,,,,,,,,,,,,,,,,27.54959592512515,28.234450130815564,27.6716360666173,27.553255754627475,26.752025259810257,28.93794374163788,,27.59758641864824,27.634693889328098,27.135130909579395,28.18121387849764,31.02763738233133,,30.378138432893312,30.32403670533673,30.95499502698126,30.527552499266523,,,,,,,28.6857051067242,28.363749513430662,28.992457002398954,28.78778807055884,29.218683758221914,27.914114594527994,29.25858652093629,27.560551062669003,28.310769357236378,28.307445360648952,29.273334858333676,28.654038584317075,,,,,,,,,,,,
P41223,,,,,,,,,,,,,32.333602907591825,32.9025848284586,32.73642880750173,31.13305320051674,33.78004676054829,34.912592730418154,32.27066455881907,31.803218453374384,32.898617347661414,32.55600682054271,29.20981373540068,32.2581965715907,33.89674882729333,34.182356060588084,33.62863724122018,33.72406823102018,34.13345168147694,33.83041085477585,33.87583402878043,,34.06034276777643,33.65734708611491,33.610272357873484,33.78730445174819,,,,,,,,,,,,,33.42269981203581,32.47813140422769,32.467389906887774,32.886402239489044,33.085079234435646,33.14069915459799,32.93324709395758,33.248883057689625,32.97955020641427,,32.255612643513615,32.788637990558556,,,,,,,,,,,,
P41226,30.85906066969439,31.67580540204537,31.789761712874796,31.681786751415128,31.299559181341376,32.02801262223065,31.72546975891198,31.8763074247048,31.288495708432098,31.568248215763173,31.57623733097302,31.846028090960257,30.56177031038541,31.910589965900908,31.912346592344942,31.95519431070513,30.782677366119923,31.703938962347255,32.05982143382408,31.905391100376075,31.115890134714316,31.98168510690394,31.96683225505488,31.81189229077672,31.25977181277103,31.61717823097333,31.24476156392367,31.899369262669804,31.15889989965318,31.66100629694535,31.167087989212543,32.13518107314736,31.343858682799624,31.617810064050637,30.828024797334066,31.772887076679627,31.329844195628386,31.8477957228065,31.567257929646374,32.09614929594491,31.38779718008607,31.79882506086273,31.941646670801624,31.879170880292424,31.570918356683155,31.743444570856656,31.770033515071905,31.874873458993772,31.458730982251094,31.89865013282614,31.828977806330535,32.32593372081884,31.486490990875392,32.02721322023041,31.9627663240321,32.15871040786904,31.67992399812841,31.71020424427262,31.89293708320676,32.106292430011685,30.986961271596886,31.78930867117371,31.259257289017956,31.525664418315298,31.00719304337974,31.3745427896955,31.314110725676283,31.455006847566278,31.083428113942897,31.351349654113843,31.365914089569756,31.705881368779803
P41227,30.543179210771815,30.96165320190276,30.73721775868908,30.649748514503898,30.798026541530444,30.524692241529866,30.67914590391074,30.878160472784042,31.00483900653086,30.244579502013348,30.507449021250128,30.754608034534147,31.30972792289459,31.7615973813362,32.025616813200116,31.836907647484747,31.820368561844603,32.36607454178163,31.882190207870494,31.79159697684259,31.803184485704126,32.251968952018146,31.68065068745993,31.779234877015124,31.484663675726487,31.51974004801759,31.537346945628652,31.589375180491103,31.514586756156515,31.52072850492197,30.906401891901258,31.57171918340682,31.472657521698547,31.558334858144892,31.405221116209237,31.551851264206107,31.512804055607276,31.320653748624483,31.30054606236075,31.151232271594377,31.508751908823204,31.081110284830483,30.877126205571166,30.93882873147587,31.24617270396531,,,30.3888776398335,32.37494623245408,32.328680622156696,32.306305577867676,32.46618287808381,32.34974989945937,32.00475788340394,32.15982766494761,32.25146217022426,32.41228527507621,32.155319881853416,32.595992479931795,32.21389866629151,31.343242782504902,,31.737695751070294,,,31.116403910309725,32.05194875204717,31.22792274576049,,32.18282628884627,,
P42166,32.18204517717357,31.969275049594486,31.94495524983374,32.0469024258105,32.01442479128117,32.0802114983999,31.775096574064783,32.08198765481168,32.00110957766327,32.21334080697835,32.020930580565846,31.982521303859897,32.39263938028251,32.46534544134095,32.48314624789823,32.48359481477764,32.60465083619306,32.329942713257836,32.230628575402825,32.43353538340934,32.66663894857629,32.433597571593616,32.36478154205221,32.58220075051049,32.39710155374186,32.21765383964254,31.84020876842284,32.191820604427264,32.356811426003595,32.33801678868841,32.182888498330264,31.98346113977024,31.83802762874584,32.41424842373896,32.04552812238916,32.23092523130811,31.814985326325314,31.765915815834354,31.84183911409454,32.11648015904221,31.615648414363577,31.988045727943465,31.794942207608855,31.674428814144704,31.492134634907025,32.21867759577359,31.649234720034755,31.925406698150553,32.02034028618237,32.08735529519687,32.226509996287454,31.950377444760484,31.969050386555693,32.01032904508275,31.865403988153936,32.105121867823264,32.081985805908744,32.1280349065703,31.97128205218921,32.02280609913284,31.979415790382163,31.999171117060527,32.39598936284261,31.788833143184554,32.24984655115182,31.960108038167533,32.094889278900645,31.902976793593723,31.887898290415507,31.947511756560715,31.928863360888123,32.2689107673342
P42574,31.150764913120753,31.0763494590501,30.228956292558685,30.656945565986817,30.792620471572036,31.21666745689472,30.98438065053017,30.97557793739096,30.744233597140358,31.60246022159754,30.840943833253625,30.74532294136882,31.457363628553225,30.500770689162167,32.19214647992106,31.661221770247636,32.91313958251106,32.30379532708246,31.980199654592674,30.62221191443667,31.787020445514266,31.740026820258677,32.017780990896945,31.657849950278035,31.11152950794554,31.38794160878495,31.162827694053163,30.752570319896485,30.56213476789845,30.88730865258122,30.52874817863355,30.860006779114116,30.62898579816295,30.302216205772943,31.08626131197674,30.791083494815084,31.072172318206427,30.96159259356699,31.60705830420762,31.32220210037181,31.617545638294615,30.850669085758085,31.513768639594367,31.171671082383483,31.31271690238777,31.493277690910332,31.145747817287422,29.55065310731929,31.750878487303176,32.20047817597368,31.36509712241316,29.11867647724801,31.022644553091922,31.5102483723372,31.87433483826146,29.751723991868644,31.692810104931773,31.483084720728492,31.793135853040916,29.196987529886613,30.746219998183022,30.88248677398991,,30.75422848363943,30.79069727720333,30.965841999652476,,30.854294087845723,30.702605340587994,31.43535087781911,30.96342253659337,29.578422379597527
P42677,32.93734669707376,32.96115549010724,32.9478451835043,32.86836340234527,32.63128437718815,32.89649851815599,33.00535211913934,32.9488510182287,32.56416687479702,32.50024141272165,32.821871099350396,32.7782853230638,32.87942256998402,,33.15843219950792,33.019532225634215,32.89903352895263,33.19922922961943,,,33.05057662481328,,33.090934387787954,,33.092707393753145,33.203909313081006,33.16503432963764,33.06164766405285,33.12308322131174,33.163300203395735,32.94270529046107,33.12499429324492,32.95027259379195,33.45437355245522,32.62395020598958,32.993487938145954,32.51608857444065,32.53827423697824,32.45994989145452,32.445571115904485,32.44230877731996,32.55027966138543,32.795390723126886,32.445961059122034,32.205582882164094,32.70477803158941,32.48232033767461,32.40574818472927,32.121477632152775,33.2813704444539,31.814740015627827,33.32195018672152,32.16207158194784,33.28458419385916,33.059149787882106,33.33162225293773,33.415704792319254,33.21704097029512,33.11269204583659,33.069626044161716,32.578198230025286,,32.72656902793395,32.424447404618064,32.732363978172074,32.698997446789214,32.634526940352806,32.63950567065236,32.66490039129582,32.97634753280327,32.463360805901566,32.66479702151158
P42680,,,,,,,,,,,,,,,,,,,,,,,,,,32.73059978236102,,,,,,,,,,,,,,,,,,,,,,,31.07673747078503,30.538569668249377,29.583897014463417,31.50969154993233,30.84725037940746,30.871071914666853,,30.54393435360715,30.376478357375074,,,,,,,,,,,,,,,
P42684,,,,,,,,,,,,,,,,,,,,,,,,,,,,,,,,,,,,,,,,,,,,,,,,,,30.00436940470828,,34.91477527913417,,,,30.555170084978975,,,,,,,,,,,,,,,,
P46013,,,,,,,,,,,29.866282244145367,,25.63337484844939,32.46650794609383,29.24160053805206,,,,,28.754707512263153,,27.304793633822054,,31.988370117510446,25.38152892854744,,,26.690522362265376,26.151463822258144,25.78360713541073,28.11230591531107,25.453869663182953,27.57973121652528,31.56498385329499,26.251823124497424,27.514832403632234,,,,,,,,,,,,,29.06749200743618,29.803494219447977,30.39971522211733,29.608973179054555,29.90999548962182,30.235745731907475,29.15506790395058,29.33587148140758,28.430323692109496,29.884499882741572,28.310100905066204,29.524882567481328,,,,,,,,,,,,
P46019,,,,,,,,,,,,,,27.155662900283396,28.615025293804052,28.617627542399475,29.383810103937492,,,,,,,,30.018108161521987,28.79801079922783,30.38975793752912,30.343129119875858,30.23156717322513,30.078362796038213,30.51518325932625,27.532362390524696,29.553401418121418,29.274044889365896,28.16936862731895,30.3721752779161,,,,,,,,,,,,,30.824044989413302,,28.78562737885254,,,24.181378827524533,29.71435247894803,29.47750038152978,28.856635719655223,,27.800955180252267,27.541077579411713,,,,,,,,,,,,
P46087,32.24923704934494,31.09377961545367,31.67903096043021,,31.677083491290926,31.15710096512897,31.310822363753676,31.612958198458344,31.69834205298529,31.728993381320763,31.699602557080414,31.649066055560876,31.77053655728296,31.12051558349875,31.40964941293737,31.38974585672918,31.979342126907664,31.264044249454273,31.320487252405506,31.60890166090274,31.887419024359925,31.297776532387342,31.43234243950672,30.601234936351588,31.632991646193553,31.721850067810138,31.93856783394653,31.643223205637184,31.817499102711395,31.488365088747177,31.602714150012318,31.663082647040547,31.682233945474565,31.370356220322652,31.59745171027872,31.643826908536422,31.95847611471935,31.803542840052124,31.88328313241023,31.757483785303865,32.37561609139886,32.108472392416175,31.78878887834981,31.911415914156905,31.93150500484617,31.977588667995057,32.02849553911807,31.401786410725897,32.55668503507946,32.30123032005332,32.29217956297871,32.16711528584055,32.38989172201098,32.3317533152499,32.137363064246976,32.33063009639305,32.59951973538106,32.05592078380056,32.0799550883405,32.26349166062663,31.469251417932753,,31.093017308420023,31.23857014466664,31.539612583705072,31.723677884371458,31.49767920226389,31.174682690114846,31.555485657649562,,31.55938746143622,32.126156777318826
P46109,31.7733032785186,31.933953135578754,31.794301284801914,31.80606783353348,31.617666464686653,32.250369158653314,31.638865304260936,32.13179830711221,31.79774804906187,31.86867210982395,31.91093647073357,32.072415110499335,31.80607908809652,31.577806259352514,31.650382297958526,31.832914469235508,31.471916633463103,31.55839126560416,31.767755796681914,31.5496464010515,31.531810773139767,31.544684903368886,31.466308946730965,31.726318513771876,32.49699890500889,32.83124922463482,32.517282074196835,32.47967264714211,32.86634820140651,32.81654198216014,32.7443669103398,32.954002475174136,32.50918452704573,33.018322453999694,32.67096511021083,32.91995472995504,31.460420085701283,31.970213082395016,31.61346684830562,32.051985227337326,31.306113861898222,31.540414797385363,31.79237304180168,31.601237778279323,31.584171212014173,32.16220700243243,32.00363224209528,32.08810415436772,31.984552109853386,32.30068577721912,31.945477909762122,32.19563804372912,31.97368255356297,32.104506371077754,32.28904149630922,32.34451105377215,32.02662445429547,32.14919251973488,32.09644431813594,31.903880251735973,31.62093605420464,31.860147721369184,31.62559809089045,32.149945851585386,31.92766408903604,31.82701681574556,31.313055755326257,31.79774804906187,31.93459907485931,31.696718661849587,31.348993879667333,31.585075754380096
P46736,,,,,,,,,,,,,,31.431162228359604,31.280985478477596,,,,,,,,,31.571163366566545,,,,,32.44078492908504,,,,,,,,,,,,,,,,,,,,,,,,,,,,,,,,,,,,,,,,,,,
P47813,,,,,,,,,,,,,,,,,,,,,,,,,,,,,,,,,,,,,,,,,,,,,,,,,,,,,,,,,,,,,32.70660236762049,32.41929552042529,,,32.75791090997854,32.03726388531328,,,,,32.36302214810918,
P47974,,,,,,,,,,,,,,,,,,,,,,,,,,,,,28.601625561334615,,,29.232901055366483,,,,,,,,,,,,,,,,,,,,,,,,,,,,,,,,,,,,,,,,
P48426,32.42237273165094,32.41354098248147,32.10708702685364,32.448098934590256,32.49047308257568,32.328318610229715,32.13454068869877,32.824715610063876,32.370632610870146,32.57133520968416,31.97983466095234,32.578163475921464,32.62113323843159,32.62445399802555,32.256007533502746,32.7486481564875,32.653641661672275,32.740257971603505,32.07241422767546,32.877699476772676,32.64800923528158,32.57518479001777,32.202133742400534,32.97281327108377,32.244586223073924,32.24068892023215,31.25936746045143,32.353508229409826,31.912608376145133,32.188722609734455,31.739612016779546,32.65407123916758,32.26374692777866,32.24004793821674,31.72352955743289,32.65038741189873,32.92245514529301,32.48360688119743,32.07743847811483,32.70488541273526,32.35390788946792,32.44068300314121,31.949297589145917,32.54204761091689,31.496074564888005,32.279742327050805,31.886383497228028,32.96792577235305,31.745020551079833,31.873689476360397,31.306365659792487,32.90568157906376,32.383113885193204,32.23162250552703,31.511700964942094,32.9070786313876,32.31930454906281,34.80707591515271,31.694349439971468,31.853610798497073,31.34780381433748,31.687666697167025,32.8848888368345,32.19191394900086,32.36150648725194,32.102089539930084,32.457190099957536,32.61065217727828,32.189224311438586,32.35090647004842,32.26176374088742,32.65929636098231
P48553,,,,,,,,,,31.439699797941376,,,,,,,,,29.93975829074086,,27.170060637971186,23.78034118384478,,29.74109744523442,26.4174711211341,,27.79730531217491,28.49405604525477,27.241865202417095,27.46324195656913,27.568567173876524,27.609073743467743,,28.6025845497246,,27.722008467625585,,,,,,,,,,,,,28.31678345867132,28.080693475298364,29.917115951112155,28.498143137316713,27.394593375651628,27.691051087246198,27.885446664680384,28.428317052860436,28.375401384077566,28.532466717549834,27.543212746399742,30.363975714242656,,,,,,,,,,,,
P48595,31.76574525428876,,32.521418112004895,32.13650425311447,31.652606611782264,30.48143576963902,32.79280902760368,32.366035164180865,,31.187598304007707,32.494621092869274,32.127315903252246,,,,,,,,,,,,,,,,,,,,,,,,,,,,,,,,,,,,,,,,,,,,,,,,,,,,,,,,,,,,
P49006,31.310235766975126,32.63302993734432,,33.19190693680636,,32.13601242727114,32.69545462609671,33.527773414960116,,32.81254362658235,32.74832384485173,33.52840449377155,31.798642491344843,32.470741039738435,32.52762817533898,33.24023865636165,31.87384960439346,31.683869351720347,32.37448274642337,33.25096569877931,31.903981306006912,32.54445933336345,32.52666278816113,33.3438335291062,31.48534880256964,32.53605040308619,32.13471410811204,33.56605624840177,31.787484771362728,32.54013457117903,31.41626236357123,33.42395984289275,31.531978572554316,32.44718872966228,32.47560095033502,33.47769924246873,32.12204491322997,32.869748710566576,33.63733880360069,33.833157149069294,32.13802164713013,32.763428715904574,33.21547263551394,33.871857196802694,32.11064433279454,32.11535567737363,32.24013442061277,33.22422623962334,32.2014091690907,32.17392233344353,32.352876119429894,33.51856371966807,31.77321827421671,32.49220778802288,32.12893407275605,33.641308887945286,32.31138336224375,32.7601111924615,32.514078895138134,33.70332317143805,31.822816777551058,33.102178940981695,32.71957202690794,33.992446803307026,31.729914627922486,33.09650810615877,32.62420743932898,33.4576152179452,31.79116290232755,32.93317949438915,32.45849485825252,33.08945405248472
P49137,,,,,,,28.83371173210089,,,,,29.90880078873437,,,,,,,,,,,,,28.525993686744865,27.223811183656693,,30.66828966611901,,30.117813520404116,27.339637598586922,28.705436497716157,,27.13304414998957,,28.473840055808903,,,,,,,,,,,,,,,26.548583392452553,,,29.61956467449328,29.816414384191706,27.055422070052504,,,,29.290110924101526,,,,,,,,,,,,
P49189,,,,32.31034878172265,,,,,,,,32.07329364055551,,,,,,,,,,,,,,,,,,26.888774847345093,,,30.401050099131538,30.338956504177517,29.858092749090723,,,,,,,,,,,32.008258156919055,,,32.53374262671365,32.59530600561412,32.594541838834864,32.53496901288442,32.41569415288049,32.22967677267028,32.45519588597004,32.42215579763953,32.4910270995085,32.717607098400755,32.541261849304796,32.462858091180095,,,,,,,,,,,,
P49247,,,,,,,,,,,,,30.21139172416241,29.85376510438976,29.572912351602476,29.79586952827525,29.904212535830588,29.41449170419562,29.76416214201056,30.422100425613777,29.919624606667313,29.3975420275652,28.96321483163919,29.862644430771397,29.034810569990768,28.532326226412945,28.463002906074355,28.408262622752222,28.863123592099242,27.9035837962142,28.212585944269396,28.785810349161196,28.327684111196582,27.87985442383259,28.510136025817975,28.568640487473964,,,,,,,30.36290421784226,,,,,30.73101031266031,29.050650447645914,,30.67472522223649,30.97690738227775,30.7747437791205,30.630911146604863,30.531217264234982,,31.052531489668667,30.924541498813404,30.47548762794615,30.88843852130954,,,,,,,,,,,,
P49756,31.893395714883983,31.85622891494836,31.994731684566876,32.149254753171085,32.04538314843814,31.7402838745785,31.69916548332259,32.084457552060414,31.90948203055481,31.99888306974685,32.23616574480342,31.98245563468625,31.496264978369105,31.984889542429944,31.182856506202757,32.035860954025715,,31.717881295210066,32.11562921938215,31.617013852054775,31.49497005160644,31.371090127434005,31.99659342502847,32.256504746833,30.961546164312065,30.68958671332603,30.777447264414477,31.350100228234194,31.173550854052277,31.003474837933208,30.690271972228192,30.948944077904912,30.59540337711258,31.087858696839305,30.531703616437266,31.292047176934116,31.76607529353302,31.858581847687358,31.771428870489878,32.24661933811122,32.18414413118464,31.665114715640296,31.657546784526332,31.975364943017816,31.814316484671973,32.1558110025996,31.693473137146597,31.569031178697923,31.477804139456946,31.19444661710828,31.298953147510456,31.26100649384318,31.5568316074356,31.165248324198256,30.930576506977825,31.205435083884172,31.77006510639027,31.529354336799546,31.73984234023695,31.865719685404816,31.39160467971639,31.406317743390193,31.140527192712966,,31.442660149907834,31.87855861989185,31.430123304851442,32.31094788779409,31.644363550470473,30.875007161847513,31.610757667244936,31.95747702857813
P49792,32.170491298874715,32.23585604567079,32.084878348310376,31.88264277447731,31.97706474521791,32.12378251737524,32.115321778852476,32.22249265479035,32.07240431429315,32.220993568919546,31.939475466198424,32.14004819790472,31.972416078196495,31.785600772844525,31.9340021056434,32.28570410202343,31.849148238214134,32.12964016384843,31.95381249073251,31.987374623476207,32.7351216086643,32.00303395175293,32.322076200338884,32.04761301373489,32.15625297491821,32.021979254978035,32.22686768021425,32.12934722903164,32.14905172349677,31.975897182325127,31.983874984353044,32.13692879229645,32.08501109876552,31.981592581475937,31.988646567089994,32.0943635149556,32.31168853752002,32.00590162868707,32.03743980807802,32.10160383918753,32.05162670342258,31.851216780661602,32.154476265735994,32.160624112834135,32.17165950879742,32.06269047923603,32.06901677797739,32.56222896998725,31.945785360907067,31.740738467276856,31.931152343412215,31.690527219054367,31.906008920259836,31.92478611882502,31.827277153132435,31.810290322790436,32.04138918231968,31.730304699981325,31.920607898112998,31.7260381175795,32.027398169086844,31.71832670086927,31.582483262293835,32.38285096319234,31.98686909469683,32.43467825299626,32.49583449542309,32.0641226352913,32.14296735251196,32.31874229176767,33.16358809552885,32.90767248754563
P49961,31.81539580865392,32.154582864296614,31.94352758547025,31.85315834956211,32.19980196791928,31.773977872491912,32.26778281608041,32.018201113705736,32.005666197274365,32.07518460485871,31.840220500711137,32.005275707410476,30.846612365806045,31.388968758064273,31.058004458662182,31.334410724070857,31.571663543974374,31.2044023597198,31.441195651630466,31.352000996184657,31.732731300441856,30.7291680493176,31.381690210659738,31.420408083701467,31.738765220540024,31.924887839301995,31.62461321444595,31.93885352312582,31.9592069312893,31.33064488668917,31.691646059447073,31.642324473162724,31.895079800422913,31.437026676313597,31.880119679251465,31.378605912593432,31.357677756639582,31.489503602110297,30.65745374367242,31.034586157647276,31.389939024986333,31.715734352951138,31.369683688744487,31.205840818923406,30.75272162713192,31.320200536357568,30.37854555175577,31.7053727490109,32.12581608645886,32.226734406830666,31.113031928800314,31.411951518283885,31.486357433444123,31.313571260579025,31.672275283859566,31.528419077518322,31.240802998802543,30.92505825452863,31.693985361756972,31.29637215212403,31.920442236518703,31.56204370698279,31.730696003557128,31.709852694923416,31.770812799623116,31.82207535473566,32.08303451598803,31.754886831999784,32.225698868357455,31.98411469398463,31.8504096224443,31.640535626331243
P50238,,31.555837355429638,,,,,,,,,,,,,,,,,,,,,,,,,31.82354021868863,33.39098379746798,,32.988278901802424,32.2057205865857,33.40995974874775,31.60293477561985,,32.33115779501774,33.06490615286807,31.81598323220398,33.32661377117179,,33.15551810683895,31.65259569411623,33.336237838309316,,33.267291112847275,31.88791485815087,33.34680580074432,,,,,,,,,,,,,,,,,,,,,,,,,,
P50570,,29.99279871140193,,30.120357930027666,30.354073503421745,30.305971400518445,30.44609865764312,,,30.367646436469805,,,30.09872843407826,30.59776444784329,31.066957182365392,31.24656296652808,30.77675552236255,30.508978217846817,30.72235580920706,31.25793557476279,30.05406923891141,31.140355897981152,30.082343927471,30.690891073296434,30.883796268533274,31.237678296245,31.009425115392858,31.13004153391875,31.04235096983858,31.049458010653403,31.130822552189677,31.175668337211597,30.878058515966757,31.480107188121806,30.9359118771594,30.97744922149284,30.51269505026815,30.645911387686546,30.654978602385,30.307687743209897,30.36728806292171,30.64526846132423,30.506827532397928,30.337982869278335,30.3920471215593,30.47524519149446,30.33811021684616,30.47696677437193,31.09426794111372,30.60888899848409,30.696622486285065,30.621554613107,30.878084282150375,30.942214597693948,31.051647900992016,30.954178574235094,30.806226068435294,31.183260705419116,30.491733959872462,31.123749100893342,,,,,,,,,,,,
P50583,,,,30.273213007436723,30.115178924800663,30.43722136646145,29.52550924874142,30.187019321238736,29.971533777799742,30.267483291080506,,30.608160576623504,29.848964657424325,29.701833483857403,28.886855571385173,30.722940581039868,29.587021305093224,29.750912081955118,29.3863529368107,30.474095390388605,29.9148657504119,29.672080634170932,29.34797330293904,30.09696933177567,29.950233517978692,30.33787665318355,29.376071666104004,30.722353829226464,29.93058039902855,30.29530667352237,29.25856035899015,30.728775008216402,29.769312780966136,29.796204918791958,29.23133330246833,31.5040108459469,30.243196724791606,29.84833440193042,,30.866571426444274,30.258635782434588,30.21932412341117,,,30.112741448019456,30.51205714816918,,31.27082543391099,30.364012602848753,30.90045030343712,28.89117570285418,30.470584936361597,30.67138926213002,,,30.593632577638655,30.142255912257653,,,,,,,30.07846984389654,,29.7869042353459,,,,,,
P50748,,,,,,,,,,,,,,,,,,,,,,,,,,,,31.561271888688797,31.402294226086113,,,32.13747382553197,,,,30.674086017490104,,,,,,,,,,,,,32.04289353077798,37.26915478431141,30.926374100896123,31.093929089874823,31.90133633459207,30.441435564807694,33.924340546825974,32.232713153476155,31.704050200381428,32.641688573492075,,32.03821030437339,,,,,,,,,,,,
P50749,30.03280075600003,,30.344297254894656,29.8713799392163,29.441184578547066,29.755445561121157,,29.93195884958514,29.754157564656825,30.353824087802344,29.87866070397247,29.457460640889632,29.64323465664377,29.108916137622266,29.50625799027977,29.725339213545265,29.283555418503994,29.767462626038913,29.785316891143253,30.297774674556116,29.81447062460109,29.716135518319582,29.57079772979476,29.628166838239054,29.910369242408134,29.80620417907146,29.205187524863703,29.7180909811857,29.079236382757358,30.007557992325413,28.606972534978425,29.841992288458197,29.84345026713175,29.727202738667437,29.385196468096233,29.632085880976028,,28.674731324709356,28.33692706968504,,,,,29.171596944321877,,,,29.911584587095604,29.562583497917053,29.333155938672927,28.96646536292003,29.38855977842052,29.450783667915395,29.60690054823298,29.45475273799518,29.490317078591495,29.746510456840557,29.71024239968076,28.90076392145815,29.638919397906065,,,,,30.757339163935253,,,30.22137020866553,,30.622601128421515,,30.804074561899355
P51116,,,,,,,,,,,30.864573736959326,,,,,,,,,,,,,,30.845341539910315,,24.576115008221812,,,,,33.81357286521977,28.051250879333814,31.84335709701029,27.57457389511584,31.339100015254907,,,,,,,31.008146860891205,,,30.96436821125377,,30.91510813303052,29.246729378285043,29.26472250731794,27.542833490745586,31.300150575569777,30.241077984025797,,28.197606176035226,,29.357498708745716,28.129289435063136,28.95558541712406,28.436135444399632,,,,,,,,,,,,
P51571,31.3810160479582,31.944000809689477,32.140776816637214,31.156610605777118,31.214189666038,31.439394553730768,31.245131592985466,30.53121540576934,30.741918882040157,31.241640909760722,31.787559445812757,31.103503145339214,30.7805062420617,30.38297726584892,32.77084590310987,30.628071913843105,31.2469728080023,32.69132025738738,32.36167563220056,32.382916466394114,32.68072124593335,32.6910081729375,32.397949195944804,32.02454478892091,31.65380606086239,32.242480231602244,,,30.980771650875663,32.18216921972562,31.901896491728944,31.426331534410355,31.79508674443613,32.3767062691681,32.231265548178435,,30.391694853657015,30.906515737212768,31.790498879927586,30.16786778314369,30.599395504326917,,31.095285096347045,30.033989236759556,30.52032025151234,,,30.35618662092516,30.535325613120204,31.51200445189991,31.763880504687037,,31.128951615930667,31.50277198297362,32.0772406752537,30.083558959550082,30.097007422257057,31.650552979269644,31.476456200444456,,,,31.871809888435255,,,,31.554436917155574,31.036774826159537,,31.670100655504307,31.219517591055197,
P51970,31.55261018198418,31.54031450217959,31.19198101062362,31.305950930201618,31.278969791980607,31.221975329428652,31.384983081858948,31.106749862750426,31.338111634995627,31.05935675977139,31.496969438299843,30.528565144840847,31.031257267206456,32.21412559848037,31.50996977762373,29.931418962750655,31.318809190146816,30.367619561636026,32.4210586221592,31.979837448905734,32.08165314429092,31.990315149837798,32.25630781702648,31.662105217929508,28.874325235161123,29.281838597425192,29.58957232133691,28.854491656896386,29.02102990951991,29.57979599431699,29.4313974727636,29.191100410565305,28.286624889914634,28.580250198798083,29.3012095603775,29.944398254591512,30.738323000262227,30.978145627582144,30.87208144161552,30.64580734391781,30.66795371558637,30.731797981782847,30.60408780185538,30.891721929648376,30.856366976550454,30.96652931273156,30.844909548278856,31.085761800625036,31.727615658578316,31.369195191397566,31.74194873357436,31.12448460565053,31.65973265504163,31.621051040239266,31.70201421363671,31.522164699331746,31.687765194001635,31.70845447214778,32.0408790973908,31.532263629421223,30.80272670749904,30.262463251701888,,30.877496946513,31.4451230206202,31.08958074219045,31.596460759773123,29.49345281944546,,30.922716792241253,31.629290295738606,30.903843923956316
P52735,,28.094719243303615,,29.66298175447473,,,,31.07235853967169,,31.149200696622728,,,30.225258417202696,30.38719122863813,29.986812228035653,30.876739274299887,30.15229987842538,29.9553810457792,30.02680250000573,30.566588189152974,30.168686797172413,29.443741369746455,30.148599928202017,30.271396696737526,30.55571955105065,30.553673199411193,30.740545593262432,30.95710070092322,30.35523752667479,30.302844803276102,30.81991506729741,31.299741492904054,30.484078000253263,30.85374565135003,30.89408910940042,31.19963277338549,,,,,,,,,,,,27.104504760177036,29.55370859293444,30.253776326234664,28.462173692599386,29.350316751982533,30.163668909497297,30.107580640636506,29.533928211516518,30.370459502473338,30.19000675146713,30.455728987296965,29.940035294723486,29.64709941993557,,,,,,,,,,,,
P52788,,,,,,,,,,,,,,,,,,,,,,,,,,,,,,,,,,,,,,,,,,,,,,,,,32.2056247595521,32.17823648321479,30.286360247488147,31.162460463715707,30.875636251937117,30.418883308917046,30.772528863332504,31.263377095868933,32.133755798367815,,32.15497363005719,,,,,,,,,,,,,
P53384,30.689397492878854,30.590296867473057,30.687884428129287,31.065673354763355,,30.857614608036993,,,30.175492353454747,30.950793065926387,30.842968533725532,30.952360089045463,29.515431794414887,30.847804125419763,30.79063656606376,30.070341029765586,28.336237474415668,30.050462855847467,30.121473517761782,30.688649086427013,29.593698243222317,30.050840950544114,30.634326105863877,30.935240243141564,28.974557523158822,31.26583141632277,30.173002061358602,31.116250645575374,30.662003090922287,29.85208608401964,30.240391963259846,30.218433105726852,30.730635602664776,30.578737026034972,30.246230441453015,30.220554736496403,,,30.86061746825547,,30.582786393379408,31.256783792413255,31.02248432696198,31.266302812957257,,,30.659654578620064,31.193732840023454,30.71616564441836,31.027593784162256,29.506332504556454,31.38586468878239,30.37540129971081,31.11405511751039,31.11575871824388,31.377807806342375,30.661034367082472,31.188948329045754,30.985602089789893,31.504429378142085,,,,,,,,,,,,
P53602,,,,,,,,,,,,,30.0372126407886,,29.657984783269885,30.045867242073797,29.518162176267303,28.993870764286868,28.981586051843557,29.621176139480134,29.99323039490458,30.761558143574902,30.224385018423266,29.91259992012131,30.551015532207867,31.325754666345333,30.912758980918728,30.896658755510778,30.295618499545633,31.31649315859203,30.84659922753239,30.926205152122023,30.804462563661062,31.208963156005254,30.439980880497973,30.114674087443742,30.173608372038366,30.807855183915315,30.65337263921036,30.563333722190436,30.353318550061076,30.668553045835953,30.45807194944385,30.728334428215735,30.853236024108362,30.364427487716863,30.620510066965394,30.553232143373684,31.123958363802632,31.11994276577208,31.05888454735766,30.95674952375251,31.344775495952703,31.175940947668273,31.17931711190923,31.32440482766867,30.51155536890089,31.206382247584934,31.172462059269535,30.962358164102262,,,,,,,,,,,,
P53609,,,,31.054139170429043,,,,,31.051843477102747,,,,30.632114107708677,,,30.636673508249572,30.58080332715788,30.019323088421817,29.423046951153825,29.96520927009658,30.48176059991037,29.545329770168077,32.04537660108202,29.80930685835064,29.118154606178667,28.732106613836418,,,29.153557381445612,26.82684779264643,29.30383073786886,28.57390538692566,29.411678829547665,26.8385486115294,28.041031390280022,31.325559949830748,,,,,,,,,,,,,28.934433910575354,29.101943905517878,29.010370627948696,29.140147703334893,29.533415582856687,29.106444951334634,28.962689249811735,29.091597362887686,29.199987090864123,,29.273563670256028,29.42909062346551,,,,,,,,,,,,
P53618,33.40628377630966,33.68743682022339,33.88607522128451,33.74796180241857,33.71522572191368,33.87823284196525,33.91894405239663,33.68669861165489,33.60100104793783,34.063578502144885,34.089816459090635,33.71737179459425,34.190414394359905,33.80306536539776,34.28739080207379,34.08403015226518,33.6358744687557,34.0081364394583,33.99929273548392,33.46492008893874,34.06620443957013,33.77645562628526,33.73380995235337,33.71985731248384,33.70928587912073,34.31782192770971,34.472674384666746,33.95843467091376,34.02208918886506,33.77814453843267,33.969238158245304,34.09679538519738,33.266725694347244,33.880162729673714,34.07776933921363,34.24703002595616,33.77233293728006,34.20169329065646,34.26655533215336,33.81505250199017,33.93297803932711,33.81742254593384,34.169834646624146,33.91369872082696,33.54966363673463,34.15047754108104,34.147224906437806,34.01056132140068,34.27785642661909,34.59263731461357,34.782115653193756,34.297598100163206,34.35110724131484,34.44803724262742,34.63897781086118,34.447465490423355,34.211650369931974,34.341156779801345,34.51084231062789,34.3373291556088,34.04887017526951,34.272000589595926,34.239215954743145,33.918880066644945,33.75592732361076,34.0104310270353,34.077305223978996,33.648859952689705,33.80883532910092,33.87075180353698,33.98317083331017,33.71234957321518
P53794,,,,,,,,,,,,,,,,,,,,,,,,,,,,,,,,,,,,,,,,,,,,,,,,,,,27.258123959529154,,,,27.18955499281001,,28.454333614319204,,,,,,,,,,,,,,,
P54136,32.151819054208445,32.256625805818324,32.51130751136562,,32.02825710488248,31.78864981055893,32.55141049201282,32.3360481986275,31.936058923629737,,32.48562811071969,32.16015365268658,30.764006051950275,30.81309787600836,31.651912328032388,30.792765530277904,30.907246511432696,30.993592826679258,31.292541379838855,30.778670311072307,30.986936068182494,31.087923711520013,31.028382122347136,31.211913850063183,32.26475143185969,32.45786284304759,32.41411665768773,32.1345008664775,32.2167051487853,32.37675563234932,32.543810097730166,32.166923065251126,32.36636858742285,32.13839846235335,32.37980171804809,32.11047292405284,32.49917678021647,32.75339257894988,32.705493145738004,32.59638564579681,32.55686406814646,32.6424102349895,32.78315188237056,32.37261834672955,32.879925982370146,32.700767767574376,32.85871957615411,32.05657364415808,32.1580910523921,32.159364110844166,32.204599556127604,32.23947501835571,32.343751591550856,32.132972093898736,32.17961139503922,32.43744830179752,32.46042220499098,32.356352746407495,32.359387250546774,32.18553290003373,32.854002425804985,32.81865323464104,,,32.86901086171103,,33.3496685968715,33.018886749821654,32.19988368424642,32.51101922138571,32.27645697014404,32.25178299249157
P54886,33.11311667289776,33.462771297388734,33.71403508995868,33.57366216208046,33.079564521785585,33.35733770307318,33.782311543305354,33.83156130368611,33.448285388123935,33.55207643109736,33.45962888101738,33.545437792319596,33.50863761275283,33.86494799284034,34.24244465339871,34.35496179883061,33.568629559510676,33.43514755491119,33.91115348299881,34.067974749374955,33.35930089171951,33.89337975165567,34.03789367622095,34.22498469886113,33.108654792873885,33.87136443752781,34.27167308263759,34.236900900840105,33.35379894366399,33.75734239470866,34.08258089499659,34.03945411279631,33.21118392178884,33.86771988017288,34.07628680639051,34.115167989838234,32.951064203271414,33.521618866802235,33.64842872482264,33.70212161166271,32.98564286116538,33.52000677033379,33.74094792992645,33.78104625358928,32.83921623359276,33.55783007357513,33.77553767830831,33.9715877929274,33.13902685360629,33.72132656830615,33.88894616230291,34.154976981103864,33.46766851523297,33.798755677591515,33.91189484230898,34.05451868558603,32.98104228554299,33.70218105226802,33.86445314464627,33.99243132696934,32.97541524662132,33.46752915170676,33.517963167864565,33.568410682336456,33.19120642837021,33.526169662316825,33.883755749919494,33.72095512033661,33.20618557752682,33.50969823391066,33.99124629768153,33.979604397104715
P55081,30.115612796651096,,29.88209419838481,30.414627061980045,31.699374602647534,29.986053972787335,29.652397265356164,30.45422080479302,30.747438846379993,29.888943521092568,,29.77221735926384,29.235294128735642,28.193402036463308,28.817811840547716,28.652860760977834,28.185941041812022,28.533645612762825,28.944232426680355,29.30254028135874,29.136073574978557,28.674255162097193,28.360536358474256,28.932390792648306,29.675174255321654,30.410157191799794,29.28349176830589,29.99894567643369,30.452908135032057,28.99787538364217,28.372960963073727,30.523017051225107,30.412814999276335,29.47097812027189,30.202008702484893,30.68767000662589,,,,30.78609250846907,30.437232323416865,,,,,,,,28.62712295034601,30.00407389174532,29.43552406986601,29.09527405615623,28.619366190597223,28.877576928446718,29.308753251525125,29.683700986064792,29.25769282730469,29.28614397328198,28.94865177692384,29.071847420923753,30.807949270054028,30.01932647124948,29.75503103114409,,30.85922522479408,30.441843969126364,30.526782264194818,31.206450116341234,30.78489315075772,30.615866388747005,,30.815610361577658
P55212,,,,,,,,,,,,,,,,,,,,,,,,,29.818816128030477,30.369493722372738,29.248089717466662,,28.483565135823255,,,,28.729188328548606,29.93136064526208,28.980644821750783,31.533247410856386,,,,,,,,,,,,,,30.73585323186287,,,,,,31.026283544158073,29.74002503517452,,,30.624889409872356,,,,,,,,,,,,
P56277,,32.05470052955158,,,35.60069016319683,,,31.022747377874357,35.46444220269004,,33.89670514373118,33.28477528845072,33.255516649290406,33.478772223568996,33.46995270111921,33.39808004019844,33.603003772762406,33.65013196835402,33.53375889072136,,33.5762129745428,33.45399963010453,33.59718460176424,33.40427404953982,34.041619720934904,,,,,,,,,34.55079811590196,,,33.30848841720294,,,30.591617996229576,,,33.022851712258955,32.92593467749404,33.80362527598096,,,,31.88714454197658,31.64565172055843,33.19854527335397,31.659313928441573,31.975836710917545,31.65158390088733,31.62059400091287,31.89503653288592,32.22723297167252,31.77908920777324,31.754459038854687,31.68432799526791,,,,,,,,,,,,
P56385,31.281017847657683,32.96441143910057,31.15515572481604,,32.03990745562993,,,,,32.90265447690175,32.19274515704458,32.46116063821098,32.48849295120683,32.624235948110304,32.9366428472772,31.9346296699548,32.65217311270027,32.66156247479651,30.387235975849126,29.997996651960733,32.743032270132495,32.625710872493876,32.778083987170575,31.89831470772686,32.55609551115997,32.521058061525714,32.650207735267294,31.64265360922719,32.48859672493559,32.67114671487058,32.35151369626438,31.874911255704856,32.53026394758754,32.56886478029596,32.56801433517459,31.87634456676104,,33.224882978691014,,,32.26325222159855,,,,32.08751218280626,32.202654238705854,32.198340879164114,32.48831670497218,32.10991887356351,32.46253367391992,32.74220417149587,31.30418688365077,32.211639478938025,32.49878756016218,32.32286833720078,32.95391468929134,32.50686550647631,32.471594631745795,32.609156953352674,31.446608349637206,,,31.43977838317584,,33.24299684430943,31.44601884126668,31.546257380086598,30.915567951831243,31.450185582630837,,31.539926496921936,
P56537,31.91662804457538,32.04578700307091,31.962059606647856,31.85413547803331,32.00956983857895,32.2436838683181,31.974252985563826,32.02692828406437,31.919150379583936,32.20096563640867,32.31756097616196,32.35769907293391,32.579809784105265,32.49748475551351,33.138015082310176,32.83263716836833,32.727032161426656,32.73215109743849,32.50558992486843,32.709308184731434,32.279328630176344,32.50199817158799,32.78922954316731,32.62641014868021,33.0139357009341,32.976959559996835,32.515059782857975,32.92574960235286,32.79490564761992,33.0881968199746,32.96296986350046,32.8860222370956,32.79912097505784,31.570977367928826,33.2072920375463,33.0622943588955,32.587756922077894,32.644845645788344,32.52799177626854,32.518360782250916,32.51858262297574,32.6538877828704,32.78411173954032,32.67734684307095,32.56588267500562,32.65217756661526,32.70438898898089,32.71586251231142,33.5580218835935,33.53278416890419,33.678077574273495,33.498296114843335,33.58392959002935,33.54652602921756,33.5151451154812,33.460275867398266,33.59369981540621,33.60795618692909,33.70057659682384,33.49567246694157,,32.61183765878853,,,,32.60425122352103,,,32.669263612340934,32.443562059740835,,
P57081,,,,,,,,,,,,,,30.057022571723678,,,28.71826368021206,28.948380143960122,,28.148807038773754,28.85016933233812,,30.992505189950457,,30.28664563846548,29.782911974515763,30.259203887501485,29.467198620763966,30.482282951892138,29.742061385572903,,29.83611758955542,30.203976461829107,30.259481829852184,32.074743285617544,29.887947890742225,,,,,,,,,,,,,29.681446798702858,30.606268847109774,,29.05998622847902,29.43914338910092,31.639691099064137,30.121923144965123,29.267778018346817,29.758185241427185,30.23622105378719,27.709964070139137,29.40905968341857,,,,,,,,,,,,
P57740,,,,30.182985888306842,,,,,,,29.8248020902636,,30.50335659635999,30.465068620467953,29.831099377537658,30.649454955743664,30.46571038338484,30.90435958391013,30.42726958531884,30.833669157928334,30.471807688025137,30.193299406873685,29.899126926066128,30.505057159046707,30.054977193539475,29.745412573423028,29.86952629325706,30.251537525932182,30.220343483736038,30.081862771085653,30.130979180834846,29.832431101542774,30.239083753890885,29.656014981050923,30.0267845744525,30.15155047382986,33.24516816237265,,,,,,,,,,,,30.245930485206802,30.17439134581214,30.479145306832443,30.57465974717532,30.385196769228134,29.585830348219634,30.40725391771781,30.107007237112448,30.880824177644325,29.74537814290922,29.94604645016809,30.280354459792356,,,,,,,,,,,,
P57772,,,,,,,,,29.378832438073967,,,,,,29.656667785981117,29.124373988034808,,,,29.57460588298113,30.527086688543346,30.397243511484252,29.37829044454465,,,,,,,,,,,,,,,,,,,,,,,,,,29.365763100621574,,,28.410404368337595,28.58991413235503,,30.283694265758992,,29.664847944831074,28.71180705072281,,28.818901429961894,,,,,,,,,,,,
P58004,30.44566482318033,30.52098087583613,30.186377556480267,29.705820549805964,30.31100501568629,,30.981348286747746,30.491317736385426,30.712520111449773,30.365446662521276,31.120764045679614,30.388782203276797,30.456206446445368,30.56699764469301,30.58671744633543,30.13687470432571,31.298122676745493,30.835012536631687,30.36745668436012,30.247811794316974,30.487298993040156,30.094415411929287,30.309237743892794,30.762289408479003,30.097346577935127,30.569521310401836,30.552523211750234,30.246339162239046,30.69517699037754,30.378408617306544,29.917623204228903,30.131058024192704,30.653760371182706,30.3669427599014,30.390700242345524,29.75079730201739,,,,,29.153293376582713,,,,31.14236917017786,,,,30.191645660816135,30.127358273591636,29.869623741460636,29.64521567810361,30.088732690770104,30.126500651399436,29.641947334696457,30.1882451974259,29.7138426408139,29.971831341344295,30.365658656199606,29.765252089501715,30.42605456916216,,33.060735861356584,,32.98437412276363,,,,30.9160527503295,30.104505020967736,,
P61221,30.679682775222243,30.95968856676247,30.513233005102716,30.62289169860634,30.529678453714,30.870514356671304,30.794199107319447,30.847780072034254,30.477522428064955,30.82513943085996,31.133207000285374,30.856818398543922,29.59718379917321,30.79005018050827,31.01103369517002,31.20564262356474,31.200797503951275,31.152444323435102,31.319100163613196,31.287469519274467,30.897628795294967,31.247802690318714,30.972551721423017,31.15328026407487,31.504604978048004,31.32014409157953,31.617057300633633,31.885265130277336,31.605278283373483,31.626962316369077,31.802933581612574,31.643584784391155,31.54233378377973,31.760683755948794,31.4854922173258,31.67002805267139,30.959240800546873,31.490786933765932,31.04126899167445,30.76057407077179,,31.358015022139305,31.266060689328743,31.580499550779567,30.92216427851438,31.271339876365648,31.600335756331567,31.72306111475662,31.6360312138932,31.424790984978582,31.423451623839775,31.47522045095781,31.804771620693092,31.166977977500718,31.871715789867086,31.905319390656505,31.79195280231041,32.040121138621934,31.990783760239378,31.874381253500353,32.39255616077304,32.72485285673214,,,,32.66740641132236,32.57476919355786,,,32.31638607964573,32.59521853482328,32.39042096201171
P61326,,,,,,,,,,,,,,,,,,,,,,,,,32.58778014350425,32.62778244182182,32.48215586534798,32.653930979939325,32.805660679896214,32.598929981801014,32.90901332457567,32.354300717112466,32.570491077410246,32.571917322609494,32.55316517870341,32.410539901591925,,,,,,,,,,,,,,,,,,,,,,,,,,,,,,,,,,,,
P61960,,,,,,,,,,,,,,,,,,,,,,,,,30.489194203592987,32.67094250635676,33.098130195690715,,,32.170412660355026,,,31.966178222611603,,32.928247576392835,,,,,,,,,,,,,,,,,,,,,,,,,,,,,,,,,,,,,
P61964,30.17821640662785,,,,31.1468661042736,29.06943611119442,,30.65230624481982,29.323186157841555,29.38931334798126,28.95566263953576,28.52046931926301,31.74059837756769,31.64745161800313,30.165337101395508,31.15135729209108,31.206480670761795,31.621430788932496,30.18353614267826,30.062690137654933,31.187929156176285,31.144981343113677,30.928630935950277,31.29520051879085,30.99232113902735,31.21921517561016,30.946831233440616,29.992955027823243,31.002697543031395,30.932877292987293,30.928654004969033,31.193328700961747,30.640306692078017,31.162770695476503,29.718882172617484,30.96436190721182,,,,31.61267790722095,31.224531364610197,,,30.8293306421524,,,31.041655172954854,30.97452072756124,30.006204214572946,30.06301321454615,29.983303952705175,30.166666635728816,30.551724900488004,30.413580134487226,30.052046536961846,31.53427490135055,30.40260410631176,30.18939094993835,30.313381265289138,30.53038218600338,,30.81684630419934,,,,,,30.29887205319231,,,,
P62070,,,,,,,,,,,,,,,,,,,,,,,,,,,,,26.320713528525754,,,,,,,,,,,,,,,,,,,,,27.213804445806268,29.701364245260663,,,26.87635317735092,,,26.405907656918885,26.596528670717124,29.667091926452144,,,,,,,,,,,,,
P62072,31.631265376846383,31.48675786889658,31.4600740395277,,31.738598263572523,31.607729582706533,31.640508621697432,31.731324916580746,31.53715041214062,31.444344219986903,31.559471434843196,,,,,,,,,,,,,,31.25455212061716,30.56830292273181,30.726932951463947,29.624990325581066,30.26962112446174,31.55292147153916,29.71929825188574,30.73137198600592,31.03102305907324,30.699817901773184,31.582569044895564,30.189640540881502,,,,,,,,,,,,,31.844148670109774,31.194478923366272,31.501656283970437,31.106236111868682,31.13839851026602,31.606056384814746,31.748523986141358,31.70517404118242,31.369833370617684,30.802636085027512,31.334768651481806,31.60081345857656,,,32.666919355028895,,31.621756267447214,,,,,,,
P62269,34.5748211223694,34.405750500195296,34.591629248568374,34.497543162536125,34.39828912644511,34.56143485743364,34.69875138636901,34.34737399098123,34.43785745168594,34.726231352734764,34.61838059659066,34.53260294409422,34.55138094156593,34.63358340036997,34.64618229736212,34.91400285830432,34.53468361305803,34.89521682340888,34.716585907700185,34.63867100708796,34.6676749669606,34.61202405694554,34.76733643769462,34.86284320053689,32.47357084326998,33.44935411111717,34.49197676138181,34.5152707361621,33.325576257865286,34.02145433521482,33.17764213430694,34.45024140146418,33.431132722097956,32.91440963105507,33.89700956158732,33.232846864991544,34.2476493597508,34.913763736684324,34.772066092631555,34.54437818009437,34.58016831032698,34.74604876872078,34.631939426117206,34.746607516829194,34.536605218460345,34.77654292503292,34.68473094029556,34.50398576254983,34.68645945852361,34.75738657855605,34.73992445276556,34.846116680625435,34.67732490026318,34.93429596978256,34.964407937737775,34.91357621253287,34.69572658113853,34.885929587342844,34.914131011533605,34.887878028649396,35.08685322198043,34.93294650127647,34.77094806607462,34.62663170687789,34.46834123544031,34.68215405072732,34.89169619437938,34.78473868862494,34.91518649541892,34.894642626325926,35.20455520512222,34.99522015931068
P62277,32.71738916168584,,32.7088681155879,32.88451376369763,32.82955718286367,,32.72932767954053,32.87879637317871,,32.81249995364067,,32.600337659542596,,,,,,,,,,,,,33.31671548216638,32.64610243816499,32.76539014957487,33.35122612815827,33.315978797527926,33.077612537489365,33.41171937491368,33.32845466813828,33.25471197100989,32.593679265062136,32.6609774465596,33.31469838438475,,32.72909008837477,,,,32.87898069338837,,,32.395817522968066,,,,33.024897119381784,33.00940620737542,32.94147453995997,33.09494724207502,33.20902364623571,33.056703425357284,32.72058746282051,32.90877508791016,32.81693415948012,32.54800265632471,33.67336152693103,33.35595978116313,,,,,,,,,,,,
P62304,,,,,,,,,,,,,,,,,,,,,,,,,,33.221473279911706,,31.052234945777514,30.225878293753944,,,,,34.204337154477706,,,,,,,,,,,,,,,35.389929792676725,33.52458038375215,33.532196123141404,33.353066672806115,35.44317934734699,35.15896822685629,,33.397488580459324,,35.16682618584183,33.5971731213323,35.3739502400109,,,,,,,,,,,,
P62306,33.22025800247613,32.849024381509906,32.68581838283143,32.716165700648006,32.81786069183474,33.0654534847348,,,32.79866903957067,32.6758505459068,32.496557682924504,32.414474173096764,33.23223949706512,33.18885141366937,32.149174515523,33.019386874369644,33.18830279298554,33.152056926209724,32.96398585974873,33.29829655841641,33.33056547745579,32.863610216920435,33.10247496455922,32.330404713269274,31.10974912441065,32.42597771009383,31.052808116184824,32.82452955585937,31.807339802508515,32.31998805147016,30.953704821187983,32.693766960247174,32.80888543595785,30.87852867265131,32.64363412381839,31.487541773112525,32.58206843449436,32.65354393214311,,32.328026640198644,32.743803479560114,32.402406741662325,,32.365909127947035,33.0167027148771,32.43636466829045,,31.897495944966906,32.840537597992196,32.530212182956646,29.979068521410465,32.7587943333334,29.98345779979322,29.91722599859526,32.79225812041854,32.73757257338859,32.51477469644406,32.65198956710282,32.6714640417228,32.73412004000546,32.37423316172027,32.14428152394302,33.060863685413395,,,32.2947153627863,,32.2688609302172,32.362071333532484,31.86212619763904,,
P62312,31.83738891406956,31.88183178591593,31.619688991373618,31.746483224471113,31.482786713945895,31.720960640961234,31.673411900900522,32.07257980967407,31.819822465119998,31.721871706300664,31.51166871951865,31.756058248825557,32.27975776675207,32.39317071277255,32.3151214735723,32.3950143425335,32.29538825441538,32.39404180152629,31.582488638783776,32.38450459474496,31.880044673259537,32.22517446877914,31.778913563214875,32.35709697446368,31.42970122359363,31.88004467623978,31.022521375286637,31.902776581759394,31.79726948734672,31.310342857333616,30.731918036699334,31.333906692918127,31.41679353300381,32.11865404585282,31.246647813758685,31.83284680383984,31.71020515439423,32.29429614675573,31.618023047618006,31.67799642648442,31.450979404015403,31.37234463692746,31.748716648259073,31.77695743902989,31.78166936442277,32.1901148919687,32.0759561823014,31.540587072130766,31.759451747935422,32.30821212879297,31.586392918211413,31.618723497976642,31.965996795891094,32.06848420626842,31.80670805185575,32.186711296204535,32.02200029003646,31.797427858048515,31.79182311883198,32.176587846017355,31.520455776591046,,31.42795012087439,,,,31.57490918474761,,,31.797571908366,31.690480710238003,31.84344536946071
P62316,,,,,,,,,,,,,,,,,,,,,,,,,35.283613258254064,35.22581698611048,35.26364051771299,35.27717547470546,35.284894819892514,35.227832217335205,35.23970493817228,35.32273022162491,35.32868886095805,35.27939372165267,35.217436239989055,35.34428563349097,,,,,,,,,,,,,,,,,,,,,,,,,,,,,,,,,,,,
P62318,33.47181654799834,33.41077258228929,33.31912244740042,33.50170206186691,33.533903540554846,33.30400239383403,33.45934497289634,33.57228474671263,33.49990664173398,33.42013533068317,33.29119397221751,33.57610714065438,33.57096004298392,33.482362581611866,33.574639022288245,33.76623803700606,34.08724452717942,33.54415010982821,33.57444873619089,34.026422491304,33.5255361676252,33.509748450508035,33.55947617245424,33.76326707173418,33.95054751803535,34.091630017305704,33.82960795403741,33.884976090988694,33.94297722925428,33.892937020371264,33.778226960852365,33.88244602036757,34.01809514168456,34.04812645074515,33.68418903941657,33.95853385992837,33.248207490779706,33.12402559148513,33.176708751834525,33.05463098883411,33.226068622789384,33.19210490566693,33.13807926083926,32.978571793872334,33.26025265145826,33.09596483801842,33.18920376553669,33.119000916189734,34.55833008760468,34.35224788005939,34.456882078212054,34.71279181553904,34.5696371010691,34.34664384831046,34.600278600403435,34.524076178866274,34.53442581692699,34.487584756507395,34.36338036883781,34.5667180333658,33.03957834532955,32.886356613333376,33.006674861258624,,,,,,,,,
P62487,30.655459551511704,,,,30.729801045612838,,,30.866047022404434,30.80127439359772,,30.33274226715164,30.463745746848844,,,,,,29.638192568001248,,29.38712223595976,,,,,,,,,,,,,,,,,,,,,,,,,,,,,30.701782897267545,30.20644064893113,,,,,29.112752148410575,,,,,,,,,,,,,,,,,
P62699,,,,,,,,,,,,,,28.703082744639882,,,,28.710824686126372,28.478065456394056,29.574970498302513,,29.168655272905514,,,,,,,,,,,,,,,,,,,,,,,,,31.02723385738186,,,26.925163158406328,,29.058260687687138,,,29.92633164536137,,,,,27.05993784897052,,,,,,,,,,,,
P62851,34.58579959131787,35.11741371662119,35.0031017824288,35.099787737999954,35.055186249848575,35.257457446230724,35.25836094153046,35.09496420794247,35.15679302605246,35.33534231884648,35.32223269256725,35.02833338882707,35.366107135983526,35.528178258691995,35.59786529029225,35.55075936210554,35.37771036592315,35.392112401376565,35.20069348424837,35.071724785053306,35.3382951786173,35.53125388721072,35.428096794269884,35.52824060700665,34.972863734294634,35.23638479557685,35.26172771592676,35.084366821729965,35.11252026041404,35.04261589153587,35.0433794218711,35.025164286101514,35.07308699965992,35.248286757425,35.311627231336054,35.009837118796774,34.406404706689514,34.421229357364,34.46529006534116,34.37044140856297,34.17072163390496,34.4637573739775,34.43724413205584,34.439873722037795,34.60237487402682,34.60258313184783,34.25838561253259,34.608021353828086,35.469391104182485,35.57128451005152,35.58960517879802,35.35560640855089,35.32674089316134,35.532869101247314,35.59510882481644,35.53243748364222,35.31783121125912,35.49860221942912,35.473804902190444,35.25512660611768,34.12948651056267,34.579959817849016,34.56965864002192,34.58764748250084,34.649737481508545,34.47782050292704,34.763909866957434,34.24660912573901,34.6205172989657,34.726323907811434,34.606019698886634,34.445356058585226
P62875,29.856605452412712,,,,30.051162102017397,,,29.50550457212334,,29.690677319474748,,,,,,,,,,,,,,,30.897661273150803,31.980351570636575,,,30.745305092364266,31.329273584194027,31.99472839832314,30.76405903246783,30.93063625773627,31.46001246920647,30.820132296379814,32.1571220054874,,,,,,,,,,,,,,,,,,,,,,,,,,,,,,,,,29.625363965920794,,,
P62877,,31.384915379153636,31.320657735988707,,,31.658863034574562,31.316578261935437,31.531803718289574,31.354103308844234,31.516122087021927,31.310590368364668,31.332250742879175,31.448981694684967,,27.88949258803901,,27.12120471240466,31.537806198994925,,,31.423931076749493,31.342139432640753,31.249111895023393,31.480938630905772,30.83573111658023,31.014428168385383,30.766502903222282,31.008526148304522,30.802268879899124,31.003991877702717,30.60696111782987,31.017556553961885,30.960216409476644,31.018853516322316,30.931934083648503,30.958223967625056,,31.19517497452515,31.00204466199008,31.043748967208625,31.1573337999161,30.979182815853843,,31.326748343551294,30.950925363813653,31.114419873232553,30.953730695701733,31.278459684120794,31.271969920940894,31.063488953309207,30.9252756085627,31.09130016928661,31.212884788137586,31.080408764882375,31.07382559293774,31.27399145476872,31.297478751298048,31.0334807726417,31.17639508144579,31.327230810263902,,31.451243484048785,,31.591365228951744,31.344055129687778,,31.64481517643715,31.594285678545237,31.427955189820484,31.48287392089623,,
P62906,,34.15321866934917,34.1075090206638,34.7479547519522,34.299878328924585,,34.62764328018875,,34.86363975741176,,,34.624255596311286,,,,,,,,,,,,,,,,,,,,,,,,,,,33.567878453368536,,,,33.42240710709358,,,,,,33.40499437622637,33.58391692297551,33.625037616092065,33.5974993307239,33.47922140225701,33.38788487189355,33.515241468683236,33.60733381208722,,33.62421914201495,33.47620864306492,33.64402296579081,,,,,,,,,,,,
P63172,,,,,,,,,,,,,,,,,,,,,,,,,,,,,,,,,,,,,30.693286908465314,,,,30.636742194609443,30.805210832711435,30.888376937995222,30.728134510615337,,,31.433812615333824,,,,,,,,,,,,,,,,,,,,,,,,,
P63218,31.536068585992766,,,,31.319832939677546,,31.429003182520482,,,,,,,,,,,,,,,,,,,,,,,,,,,,,,,,,31.191345679073038,,31.162127220924766,31.321534728527524,,,30.85890009812806,,,31.552776130068985,32.899989896686186,31.54083914334329,31.116732914495707,31.488970940462792,30.821058210220745,31.478776250922024,,31.404394170353992,30.806376245399967,31.58565381900415,31.078069280761227,,,,,,,31.877156008902766,,,,,
P78318,,,30.393008608490973,30.821138706147103,,,30.160090245738814,31.570534210877184,,,,30.6386627456231,29.848153517054275,28.852963608489084,29.085430017286377,30.42426018830718,29.512145663639252,30.13615456132846,29.209280691037407,29.929086819227948,29.172245185837433,29.957723483417283,29.471439994011583,28.543768748902792,30.464677372943683,30.68250548132388,30.340596509893928,30.508231095719037,30.202911690124413,30.580669646042345,29.36814667533299,30.494654586293223,30.346800976095764,29.557881538397005,30.13711777490368,30.43393042260663,,,,,,30.905465668403984,,,,,,,28.850012428707615,29.166730413373465,29.280601299332265,29.868538137557564,28.476675473891785,28.9342195742381,29.789013201365197,29.062198077163895,29.949101566254974,29.611462634295748,29.007631509086735,29.074927792201247,30.35673608773208,31.140585474508715,,30.72058563392676,30.64419641914642,,31.319510563405693,30.479661023719725,30.759358388506925,30.77124330193822,30.096750029814253,
P78356,,,,,,,,,,,,,,,,,,,,,,,,,,31.88431882927818,31.19569880603057,32.51376328845123,,31.624393730318893,30.574262577374384,32.25198978707382,31.68875406260372,,,32.20813379065448,,,,,,,,,,,,,,32.03337593176296,,,,31.11528295446209,,,,31.572347961712616,,33.19779380746112,,,,,,,,,,,,
P78527,36.5446009848777,36.42857114412548,36.293090012053376,36.266483896721994,36.49998179972564,36.3697721659499,36.339616856019695,36.256352410386285,36.54669820497325,36.37999824947977,36.373979880040416,36.25718851435298,36.89372539935074,36.794846907792014,36.78039913163333,36.76200110287415,37.01650122680628,36.75388723270139,36.73945487889964,36.647498152500695,37.034976295263775,36.78671689075109,36.81109722253386,36.61480488242608,37.01102097367493,36.71590065323714,36.72346459420698,36.77367450603432,36.92579888670834,36.78313595461552,36.71374781521745,36.715842332592246,36.939217203234726,36.750205033323184,36.743448113844856,36.726236520646,36.710328511728505,36.54961497193947,36.48634605919492,36.44017590739904,36.74589250142864,36.542645241343926,36.41312691022662,36.41648742273541,36.75750086829518,36.43957132882464,36.456299253994835,36.50610324248577,37.076557204473765,36.75687090381882,36.77545405446871,36.61710597023683,37.15644439956478,36.79113512854891,36.775963573725974,36.619703903352324,36.9492730218674,36.79395883712621,36.81292891020051,36.64622023838476,36.57207353976133,36.36725288841401,36.279914858780316,36.239371118131324,36.66942965478559,36.440448389426706,36.35122042519155,36.255452558600204,36.69461600092046,36.304565874913,36.40558463828016,36.3086438969587
P80217,31.660203015701917,30.996301007481726,29.895040658436884,31.200167964271927,31.61241859046772,31.47550077296169,31.18387872710025,31.97764251476846,31.372552081961754,30.341876078221503,,30.621235787421604,31.24869689754474,31.304630766084728,31.101058436612092,31.863315581050955,31.263237908832412,31.542185786029563,30.965552075776525,31.63568901916004,31.4031546579402,31.52393190676317,30.46003698467982,31.884179168644806,32.04384048255731,31.949610150388047,31.88219766496286,32.2364029501414,31.887513018927905,32.28996105479131,31.697486695092124,32.217577636174546,31.594973501606773,32.175728988998586,31.349692110313583,32.26403589988597,31.549576520488703,31.970008363467773,31.471361072846616,32.05312892642338,31.620306714405533,31.692499172906622,31.237226517494555,31.763802363883393,31.725712049866445,31.956967746541622,31.750094375702787,32.132881919930085,31.726935315388168,31.416034389064986,31.638441215949122,31.554793950678633,31.407866901831717,31.576836178419224,32.13771825775641,31.931448452876523,32.030137818139885,31.660873888002868,31.190716230320476,31.505736812298625,31.98146968905822,32.112363128919135,31.25156076731533,32.31568721407139,32.875802875755355,31.946081458090475,31.83681722606907,32.27075028617843,31.966815978330793,32.66587585726279,32.36357317548228,
P80723,33.537036371842134,34.01043590291493,35.25289678814839,33.215138810857376,33.70147628170403,34.651210258499624,34.88085409002087,33.04987850894714,33.785854499846,34.683181364015006,34.83663966978109,33.23925901642459,33.97474247117572,34.86947390860629,35.31771867827907,33.414986461821,34.148896299086324,34.760482010703825,35.208616250741684,33.53393702728128,33.97179339741031,34.52908357594871,35.22817615339101,32.98340047504015,34.1978899112046,35.03533449046352,35.23109228004078,33.581793187535,33.776692678126544,35.1299785877195,34.5984062733252,33.50475869732587,34.141349280271314,34.70388987813349,35.458909967842835,33.53348242104848,33.56919995600731,34.68918797894379,35.00100253616526,33.336474515179134,34.17656845140509,34.524559631314034,34.879934950423284,33.552741831954194,33.90510386591377,34.68561544518919,35.06709197075018,33.54393234564782,34.39532077839691,35.20111184328334,35.647307488652025,33.76205513032503,34.33844154814605,35.246488425795185,35.61199324784665,33.67854492658769,34.57266184998847,35.29902608851716,35.70990795634056,33.871135655714795,33.96535282600481,34.24096996665811,35.1165355341728,33.41437845841035,33.582577058005036,34.52728278056855,35.14939346949531,33.10859925868136,33.77829002614218,34.28133905740998,34.84487034582319,32.976812425012966
P82663,,,,,,,,,,,,,26.341675588255963,,26.922075344697568,26.859698696344235,,,28.576988956730883,27.947279926837457,29.562262791593746,,30.577439384173605,,30.421684265542957,29.77281679117913,29.75826537641696,29.55069303048158,30.097129339286415,29.22199497653864,30.404295380517937,29.03690308113431,31.031324299479987,,29.857542546418447,30.62245227099444,30.79673687883137,30.669615291085695,,30.91608334017546,30.782820571718332,30.633207940607086,30.659507335094073,,30.428558428515064,30.279360263082733,30.840627227262743,30.834586321618435,,,,,,,,,,,,,,,,,31.696986104860148,31.208662764929187,31.542483386161077,,31.564999189642602,,,31.331644340843116
P82673,30.55107425559852,29.93926206391621,30.017674116629067,29.902640490996482,30.146507554137642,30.121645504080064,30.456288278465475,29.97289924969506,30.26988946544744,29.835781616852163,30.19816789268483,30.011241222197654,30.07221231165999,29.775387144142645,29.881341878202402,29.24038939954169,30.27182521976779,29.48045026129258,29.498478842728304,29.67084238546527,29.758929226426204,29.498606251189003,29.21414331037282,28.582343221655314,30.08726541074943,30.223880104125378,29.871827798498565,29.809747146518482,30.253795088469722,30.03310595358543,30.25865520295823,30.60055510401594,29.810289864357884,30.23404889138748,30.000219102992318,30.260395714585897,30.639666662247265,30.193261096142535,30.205909408231403,30.275367162075607,30.50292644411123,30.006384184611584,29.942094937240135,30.26036836456145,30.294025059223678,30.500903754295962,30.01926530995837,,29.622392937300912,30.09925964473046,29.288780203660707,30.054396082891742,30.220298077150957,29.69577886518278,30.54733931961398,30.30982102805516,30.067705539314996,29.462085345161846,29.4794452624879,29.68030493959742,30.409855522695857,,,,30.466861090815435,30.573523548703783,,30.15741181514187,,,,31.07099096084358
P82675,30.141218735373318,,,29.666376974923633,,30.140358297279565,,29.89128317751521,30.159951601911228,30.09559875054123,29.62575852020351,,32.662920224961205,30.450845623636543,30.43529666974727,30.349661329003748,30.534672852093077,30.56985074253883,30.553335221776113,31.656940953637715,30.873557064683713,29.961384801574642,30.51719954220246,30.7578396385782,30.62950658259177,31.046688688774257,30.707607173304638,30.22736181849299,30.14913021918802,29.69514109208975,30.490895017791658,30.19702678723366,30.068715280463106,29.994212298424635,30.40372522237223,30.26433797914061,,31.5271181021206,31.76437099874971,,30.630400060625956,,30.18045927011866,,30.068109370203498,,29.631277482195866,31.43328108580559,30.053116613593982,29.762939043514987,30.81931487985861,30.842943061677918,30.57354122787945,29.82627610905223,30.5700744876728,30.80554952171337,29.85967716065525,30.076320644355878,29.739721353280995,29.72940424405012,,,,30.63878401171851,,,,,,,,
P82909,29.802560722151977,30.985649205770777,30.68863305233865,30.015228442142725,29.367973306392397,,30.16149102557461,30.191838742702576,,30.496840662775988,,30.799161008838976,30.32847798036651,30.451543136549315,30.67626751135276,30.78843676158816,30.537144035253025,30.89374205647025,31.006211652925654,30.451058262475538,30.68026921571146,30.81210716130231,30.934239082460007,30.89605702732535,30.19484244284963,30.768200791840318,30.888521518218123,30.422706879774996,30.421578127078615,30.820753611186962,31.12552152720645,30.663959475916908,30.70742132530271,30.54875237611852,30.56415283892201,30.917773676573475,29.908504556871087,30.110871394488193,30.154515610594363,,,,29.798005839412443,29.82480423060622,29.705954967824415,30.11848668805791,,29.981376770746312,30.681296065925935,30.70255960484347,,,30.456379411666095,30.542717849129904,30.521331905526612,,30.598722476587266,,,30.46218735751405,30.500938248934894,,30.209579137043004,30.570912298546272,29.915782524183047,,,,29.898188751271846,,,30.193154275327654
P82921,,30.731498309161655,30.848113125194438,,,,,,,,30.939786715032508,,30.200949600250237,,30.806299684612135,29.67789242309945,30.438589439201696,30.24219773493999,,29.698965535081967,,,,,30.382649069684195,30.324542960986637,30.81713402556223,29.725112048982044,30.173361020367036,29.984180098474848,29.641540278545524,30.416635470250124,30.688054976433772,29.651477446018742,30.429716678682897,30.172135586699323,,,,,,,,,,32.36613321718118,,,29.54827492799472,31.375246741047214,30.283559519115794,29.75040770021173,29.69540166009394,29.725927789725965,29.929569872097733,29.737114749548436,32.85269923000795,29.581434097096633,32.635794738761106,29.697011721091425,,,,,,,,,,,,
P82932,31.450200956143608,30.90654639225308,,30.910327980867404,30.878934051689473,,,,,30.895151873269178,30.29699343318479,30.05095505844641,31.26522341214216,31.191161931769525,31.25388363512935,31.086684603457027,31.27475988092656,31.239779362705786,31.12772617307447,31.32814870274415,31.290637593778897,31.05851204736285,31.19043679215219,31.028402304718615,31.173786205401402,31.051654974182444,30.893851157854918,30.921653616723777,31.0561073413455,31.114388958330856,31.224683791892513,31.07501682014942,31.365645718040458,31.252186175259506,31.00787304488225,31.311787298303063,31.56881745627672,31.51874985589161,31.554252173662704,31.3623625132911,,31.206063755358514,31.28739386725309,31.542033742645458,31.367327927029443,,,29.71035167837348,31.102781073764458,30.97202203152547,31.10810114712252,30.820658408494214,31.195280207401414,31.140766638045978,31.538390073964504,30.59554076262856,31.127676284829843,30.476259211490476,30.867213068957465,30.60768406187128,30.93759795631262,,,,,,30.553952986454878,,,,30.532652481602067,
P82933,,,,,,,,,,,,,,,,,,,,,,,,,,,,,,,,,,,,,,,,,,,,,,,,,,37.77158320054721,,,,,,,30.123748076860956,,,36.09860885633072,,,,,,,,,,,,
P82979,,,,,,,,,,,,,,,,,,,,,,,,,,32.81886512159711,31.420072981838036,,31.671543533807334,31.722325381723397,,,31.679743058574278,,,,,,,,,,,,,,,,,,,,,,,,,,,,,,,,,,,,,,,
P83111,30.12597014683421,30.77074452106727,30.78778502418032,30.236287681492843,30.069039527752896,30.986151306037215,30.64455693805046,30.207228564070682,30.249707330303764,30.99663825711887,30.51145024918207,30.461874948869134,29.42815968692049,30.228601526980558,30.06562647408929,29.318819896225172,30.412511497989044,30.809037357729082,31.367575676100174,29.77087170277633,30.141242046718826,30.04735146063185,30.64681557766966,31.101852520702344,30.36281389262942,30.94282137485217,31.042687035985733,,30.406054272624623,31.28918450328488,30.104721248739413,30.564569660688026,29.645470820701203,30.86157616491173,30.625401117116954,30.110310906981162,,,,,,,,,30.03585670785439,,,,28.92457977796184,29.78068517980326,29.776313291592576,28.860850805377527,28.989672153547033,29.885878660946382,30.13572598801297,28.386966327317772,29.126446550310035,29.55799648762282,30.04722133580942,28.626665797604073,,,30.94278990875522,,,,,29.649757531077856,,31.27983169754877,,
P85037,,,,,,,,,,,,,,,,,,,,,,,,,28.020614505346813,,25.733843457443,,28.236822879554893,28.966165457325495,28.696398076182007,28.734715126877276,29.127671978202223,28.793518310630283,28.832885713177397,,,,,,,,,,,,,,,26.18907893252471,,26.065972843903467,27.66182925083116,26.099998576301047,26.244876425758996,26.28984599543324,26.617068541038748,26.731688907780068,,,,,,,,,,,,,,
Q00403,,,,,,,,,,,,,27.90370813326412,,,,,,,29.759267198858854,,,,,29.272096301881923,30.100211421487213,29.4562075948535,29.64899306619691,29.60349628073517,29.91841301991529,29.258339740956707,29.036783093631307,29.66650795089962,30.055467098272583,29.222180404793068,28.896183560202367,,,,,,,,,,,,,,28.954070557647036,,28.75074152882926,29.344944241312366,29.25621610827421,,29.194124041613048,,,,,,,,,,,,,,,,
Q00534,30.72122233719712,31.557744485083823,31.053452222487234,31.465205623990244,30.270881346416928,31.329974490344377,31.1427795466742,31.210233896866562,30.9318674541261,31.4433501134896,31.549057330896368,31.54296004409819,30.48271903397176,32.0412643484007,30.86400664142844,31.34659834843249,31.055585208622738,31.07453805491853,30.98969356870974,32.24936772677661,30.622347493604813,31.646934755362558,31.204432370268265,31.622776724441813,30.82263292362381,31.64292039848818,31.412598080293233,31.69078583147482,30.960175637639235,31.70505118303073,31.371127907836303,31.754990782066265,30.8084514911953,31.797084532053354,31.25575085613816,31.628320836450825,30.77280762553079,31.251687467946415,30.659523178288183,30.574705359213926,30.78176518370592,31.36847962381612,31.418741018358546,31.45544137695375,31.190783558595967,31.903296984460862,31.097131011169495,31.416133079723423,31.05669428523716,31.90347726722132,31.025915230064584,31.886739235520533,30.49155898033514,31.348347964555124,30.790983416946514,31.501012615807507,31.201387514231016,31.55334977867698,31.14684242588074,31.680243484701833,,31.721132883640774,30.820800429783453,31.11590901218667,31.085542414776796,31.425197078816467,30.944842202103313,31.19969125209483,30.77835603631596,31.190467994227532,30.848636780157552,31.240680112742854
Q00653,,31.02042206812271,,,,,31.093775553581136,,,,,,,,,,,,,,,,,,28.571751304841452,30.22291758479,29.727377878290223,,30.94290556503215,,30.232253092138613,,29.49684600614093,,30.978463773831358,,,,,,,,,,,,,,,30.996144621510695,,30.113467916273425,,,30.77743136935101,,29.900436108570613,,31.478264547914556,,,,,,,,,,,,,
Q01780,,,,,30.437456995257378,,,,30.47747472537305,,,30.447232065171562,29.132302714918012,30.502212787689878,30.17645606236207,30.291145790721522,30.66189623624821,29.706043970294928,29.619055176407365,29.755908965856072,31.282379088371904,29.303636613396996,30.784132621574734,30.421217303267134,29.260378861749793,29.180638071805028,29.372282300365526,29.61966919653611,30.101862736833525,29.537791629693096,29.375189797801625,28.961020261109624,29.65390636813433,29.778308623257267,29.320948060686383,29.735711478430453,,,,,,,,,,,,,29.5895300834582,30.681275995009074,,,29.07472723247458,,,28.969713703511516,30.316996545015897,28.957163403786204,29.12376741346727,29.453418639992798,,,30.64404630166836,30.723269441963836,,30.636112163439023,,30.469509489299554,,,,
Q01804,,,,,,,,,,,,,,,,,,,,,,,,,,,30.70319866673793,28.163104223772482,30.42255250862001,,31.383398147321067,,,29.19160211184152,,,,,,,,,,,,,,,,,,,,,,,,,,,,,,,,,,,,,,
Q01813,31.690890040531713,,32.158761981033784,32.04701250209927,32.36850710598954,,32.07067088567235,32.1127479921912,31.72874531304803,32.213051157050415,,,,,,,,,,,,,,,30.64124382236814,30.53206568995789,30.386661744441433,30.715921219598727,,30.821422655791668,30.565674838282398,31.246215960147893,30.317284796622747,31.08218576978549,,31.25926379944897,31.257982357292093,,31.025226297945437,31.43710035455309,31.31856980339289,,31.165672691569085,,,,32.056208292716235,32.07902134042776,31.397544300987132,,32.39293917423298,32.83801452579878,,31.46481596898974,30.146843142489516,33.84963964626786,31.40490528455939,32.56697877516123,32.34730158050974,30.30582682145978,,,,,,,,,,,,32.142568563103396
Q01970,,,,,,,,,,,,,,,,,26.56337390922385,29.601782321077984,,,,28.383531458625782,,,,,,,,,,,,,,,,,,,,,,,,,,,,,,,,,,,,,,,,,,,,,,,,,,
Q02040,,,,,,,,,,,,,,,,,,,,,,,,,,,,,,,,,,,,,,,,,,,,,,,,,30.51192456329763,,31.295314710099678,,,,,,31.847985825757075,31.52607190106417,30.2579294445196,,,,,,,,,,,,,
Q02790,,32.64485742531982,,,,,,,,,,31.428584242341394,32.32513988320082,33.01303286986541,,,,32.61468986024511,,32.859835400720875,32.78313906839233,32.2995001563381,32.55105872652336,32.81504381277485,32.78781642914106,32.87697241160497,32.710903499958384,32.61341398410106,32.665190180405034,32.61598319650888,32.55394142449481,32.44905185205656,32.647828244472265,32.97746251108435,32.838202220720966,32.54409096236659,,,,,,,,,,,,,,,,,,,,,,,,,,,,,,,,,,,,
Q03111,,,,,,,,,,,,,,,,,,,,,27.149636631126352,,26.283000074085205,,28.972728767230414,,,32.457773044584215,,,30.72524296033998,,,,,,,,,,,,,,,,,,,,,,,,,,,,,,,,,,,,,,,,,
Q03169,,,,,,,,,,,,,29.712169945276784,30.004322315779323,30.81274624090343,30.34482299512753,29.903519143573643,29.848684006391224,30.037545961038663,32.03780776957488,,,28.495050039049037,30.958878093078347,29.823185273709733,30.754553259657737,30.47685314685237,31.610533765887016,30.2311348282843,30.270404792965884,30.58587823185088,30.830462319403168,31.5871487628788,31.38654857971534,30.704369636264257,30.307709763147287,,,,,,,,,,,,,28.012708617394576,27.645462455808126,30.167753594435887,31.18568703598799,27.82212015623306,29.034178137960684,28.83531917958309,29.99573977364544,29.943443444841765,30.93624220227257,29.228980640375674,30.776395048145446,,,,,,,,,,,,
Q03188,,,,,,,,,,,,,,,,,,,,,,,,,27.351876423945157,,,,,30.534251726265225,,,,31.047074409095224,29.49742124320808,29.063817611703172,,,,,,,,,,,,,,,,,,,,,,,,,,,,,,,,,,,,
Q04864,,,,,,,,,,,,,,,,,,,,,,,,,29.123079310392132,30.620562940321594,30.074428136386825,30.19476892280421,28.958667359431548,30.244880923179817,30.07363350365134,30.76462869836794,29.316264053989936,30.30852522495556,30.231860354710854,30.385793170104645,,,,,,,,,,,,,,,,,,,,,,,,,,,,,,,,,,,,
Q05209,,,,,,,,,,,,,,,,,,,,,,,,,28.638378481286473,,,,,,,,,,,,,,,,,,,,,,,,,,,,,28.072978714307197,,,,,,28.346966866673085,,,,,,,,,,,,
Q05BV5,,,,,,,,,,,,,,,,,,,,,,,,,,,,,,,,,,,,,,,,,,,,,,,,,,,29.9006021159384,,,,,,,,27.40811942700055,30.49762039284976,,,,,,,,,,,,
Q07812,,31.95417900949475,31.817996214520704,31.643675475881796,31.61132623820559,31.67568313243275,31.396274595075308,31.82317714601438,31.680944179394725,,31.67785353038892,31.966411911216152,32.01978118087972,32.07211415768309,31.897092082435716,32.08118717191837,32.07318473351186,32.00573369379762,31.81922393665696,32.09325372018603,31.943065281954496,31.845328141613273,31.720645305369096,32.13021573746157,28.44031419705589,,,,,,,,,26.12221173555722,27.158631201703827,,30.956408947987853,30.798472178133206,30.685975464683644,30.88087355455392,30.797509965144798,31.111155244898647,,,30.947908358264524,31.224835879758018,,31.325086829082874,31.80908214332691,31.646881250825345,31.523858453047573,31.44283037533126,31.64981862027737,31.747921716497515,31.654879186243278,31.88788599542563,31.824772125860576,31.795385459263528,31.69668881010407,31.853002333918486,32.18238042309625,31.38107218359855,31.744014523146724,,31.491074260437,31.02361317049654,31.086921262784404,31.672730561945684,30.93146307065188,31.54492003362281,31.016527866948003,31.819893829622803
Q07960,,30.409090091468894,,,,,,,,30.631663889431252,,,,,,,,,,,,,,,31.158111198745342,31.291738977293136,31.07677724051217,31.456342226093934,31.22387764706747,31.09211894393748,30.98611431138357,31.192163357509735,31.182332439266613,31.335855466928336,31.04858400305498,31.223478493738224,31.217728475515077,31.38383025889772,30.98256147166182,31.115279553913513,31.117102610746716,31.361259578639523,31.1584636839896,31.35708031997434,31.261594203585954,31.17929186722095,31.342945605479407,31.257728498865514,,32.16998556076468,31.786850007076335,32.128420079016685,32.0273622722096,32.242401333158405,31.919776745802427,32.201722770488054,31.93331570424542,32.17788434499519,31.98895119060086,,,,,,,,,,,,,
Q08211,33.18713962950902,33.17062841871143,33.113138177574896,32.534251833223834,32.85190819895288,32.94821558022695,32.99332943216641,32.72313548785305,32.695108207983345,32.964538807020794,32.771395222440766,32.70249199931832,33.578746154565636,33.78989035123987,33.52211877552255,33.63647028398,33.65405008167765,33.6935558914424,33.52465335253349,33.46087360979772,33.65958506636604,33.361132636856695,33.401485388815296,32.82609241345627,33.52727197712297,33.02372370041859,33.30845135527608,33.51311445291245,33.5476090086539,33.432329730960745,32.40109459849692,33.47146068575285,33.37404728094487,33.27997971199558,33.42661514509376,33.44461624574987,32.96737673635937,33.23461762805757,33.272234018381404,33.10693443710235,32.600086626880724,33.14396378648269,32.780097843439236,33.16481900209382,32.923438217413,32.99237906913489,32.444089494997435,32.728551583046226,33.16243269691924,33.242160258865944,32.92394989472979,33.10338389403066,33.24841581332587,33.231554727800685,33.134872742744726,33.16161102879764,33.46242128186528,33.19587000570335,33.14755789650027,33.31197161318403,32.498500915202605,32.56956611372643,32.519993518936275,32.240759068564145,32.18893793785476,32.55185164714958,32.13191954047106,32.59023109861041,32.520565918104445,32.52769830675231,32.290042067299616,32.21393188002952
Q08623,33.229863447057774,33.659521334918104,32.39412793009157,33.69291492919682,33.29027518079254,33.99908793054119,32.96250329679919,34.059350006656814,33.355582367962064,33.921747019888144,32.56210260063989,33.61507976792183,33.760822092184426,33.98916541094272,32.99060152062679,33.95714838774828,33.7833543079733,33.8840966237547,32.160975409890995,34.361846229505495,33.18523239559685,34.06292107817371,32.98836729438467,31.581015742432715,32.82247457654461,33.070689370043915,32.707965210590004,33.17990971255387,32.92221840238218,32.244130526401435,,33.75446890899052,33.111226319533614,32.766148607875,32.57873311525246,33.6692639542927,,,,33.20805000289586,,,,,,,,,38.29452460351104,34.305101684564505,32.966051112113405,34.302826999302084,33.51038173139349,34.14504017382714,33.389946683460856,34.3621138309396,35.227642254678685,34.08670826889185,33.411591514151546,34.43047253821496,,,,,,,,,,33.70624506757369,,34.133692752456305
Q08AG7,,,,,,,,,,,,,,,,,,,,,,,,,,,,,27.789320820344052,,,27.77654916205494,27.708914355658507,,,,,,,,,,,,,,,,,,,,,,,,,,,,,,,,,,,,,,,
Q08J23,33.23578366930562,32.89066518732799,33.031514612422896,32.93667820048163,33.32734940197668,33.1793689265098,33.236733713669345,33.1882448113457,33.29580298301578,33.282972771468735,33.01763607532816,32.692371255663936,33.04096804522013,32.62377149610157,33.11340091934628,32.78548144866612,33.021860945391424,32.83313107609504,32.927783049194616,32.798437817445524,33.17910687335128,32.78762803199512,33.08750054010723,32.780797927393294,33.537286134338196,33.259074219737975,33.39321488762549,33.120402796651916,33.590801579045916,33.145782555204704,33.25956264298063,33.077443093355214,33.59317917451321,33.19836893815829,33.44998556911263,33.06773546395294,32.87674938956308,32.473867312446444,32.9741867610245,32.88676940194895,33.04762724224912,32.71314615874391,33.01084770814805,32.67696994739328,33.31507644259657,32.886224411790614,32.560182014462505,33.07378513548038,33.4166342515286,32.76274962763994,32.9719049210161,32.896462151102206,33.30299494264366,33.27453007299695,33.12192873035064,32.7999385776279,33.525431610241746,32.99148008988423,33.251483938688835,33.12259374508589,33.574032284873574,33.31771086684237,33.494210215162404,33.010475550492586,33.54525566469916,33.39984882759467,33.27423764186152,33.00766286240421,33.133082618771944,33.11026051903818,33.180321228245816,33.28426227648605
Q09028,,,,32.057717392509296,,32.4354417373762,32.276009298987596,32.206556380924034,,,,,32.42540941591228,32.52169357525555,32.42132132911056,32.553591048895775,32.39082773056225,32.28907204399611,31.950735818904782,32.290960466037596,32.2459882792128,32.33216966244528,31.905986245683156,,33.096719983479936,32.68405150349378,32.65178487299744,33.367458254563275,32.64054078151404,32.92013809146307,32.55109829950539,33.10503732113389,33.125945777662594,33.78039171009286,33.48885816911538,33.80918976372711,31.786905372971898,32.13720942082873,32.059445673121466,32.30461342985408,32.59278936042553,32.43080219746912,32.111527384125196,31.98759119261912,32.38269839579172,32.25205198611719,31.90235405523641,31.645908753055437,32.360560241609775,32.2510344939208,32.33998829600722,32.628690602012966,31.840875232292298,32.08883886508315,32.277216996470486,32.56008801004973,32.29554051847423,32.150839482740466,32.06037408400424,32.53480121161237,,32.652975530355135,32.30115072956475,33.13783528612066,,32.56699478440391,,33.07584240523729,32.92676489614869,32.445897562523385,32.36243662383248,32.50527894328053
Q09666,,,,,,,,,,,,,27.60139459510496,,27.385267877579743,28.164829509024752,26.859861245144195,27.03784465427697,27.090377133491415,27.763585499697136,27.45165288097266,26.770410970476892,28.049376830657543,27.09651303158886,29.41472431189247,27.311406063985938,27.023635134517782,29.437045765932364,29.711362683564975,,,27.87827646729888,28.838021916765136,,24.277106466075956,29.011494473284547,,,,,,,,,,,,,32.69203508797135,30.248765731580775,33.7185924122089,31.11111961557277,29.881870498022217,35.41234427440429,,33.70572338765478,32.1169799405755,,32.04275248663727,29.443191881261548,,,,,,,,,,,,
Q0VDF9,30.648068521465962,31.92432837648856,32.26817480141843,30.989078047922543,31.035340673338414,31.105680542213594,30.9182720385052,,,,31.410305936421565,31.812148072643506,31.10294768659261,31.141350753379015,30.853484823931872,31.45129934175071,31.819867001062665,31.278525579622215,31.065165205031157,31.782037983451932,31.023741393950214,31.208637379624317,31.808961221475432,31.286849700940408,31.15474513903124,31.42362832419221,31.25858954726393,31.60020048617613,31.119788220956167,31.38198131688859,31.125615777859952,31.481992051589117,31.260459305589247,31.28201928734128,31.33139567225178,31.4649639556423,30.96553611531588,31.373674841408725,31.39747921224237,31.396594738144,31.115734294175407,31.0778916104419,31.020085812707446,31.04467187358239,31.219952942781152,31.3077596224968,31.350016524601184,31.316274938575855,31.27058914412115,31.044902498698832,31.24937738761913,31.64846133023539,31.350149059857063,31.456150592367646,31.393513995326437,31.409868046944535,31.354479410356642,31.409876014167523,31.500134783823054,31.67155271650582,,,,,,,,31.479336503838454,,,,
Q10713,,,32.09212271051291,32.189672012957914,,31.623263201375877,32.121957143249645,,,,32.191820019957646,31.382340152191915,26.141213980921446,31.807524279851563,31.545586456671106,,31.4220436692718,32.017634979148426,29.531937416650234,29.883802838505485,31.35498402663269,31.825257586108794,,31.93819817257933,,31.91987444771468,,,,32.239903528508854,,,31.89259090815335,32.10349604061407,,,31.85006337289272,32.33818129673671,31.840612986297366,31.95277568575528,31.593072574594384,32.211864115160296,31.777315828274855,31.727662622542503,31.74214515822225,32.204750185960705,32.02026091972794,32.02772820915847,32.11707688082271,32.18727571569462,32.268425411025845,31.70539200693683,32.21446679134748,31.500748582092328,32.07784050258419,31.787011731296733,32.33315971704192,31.911772193999518,31.86116319012007,31.391109608059757,,,32.26646235505075,,,,,,,,,31.39151421751202
Q12769,,,,,,,,,,,,,,,28.9881056118277,,30.143835553841484,,,30.23633844405422,,28.67898421737396,28.975583296088995,,29.263089916778497,29.174822167329687,29.120486310670902,30.991348929387122,28.994134503276726,28.71729743449919,29.094115171514172,29.267047602933793,29.020895905388873,31.61955434205906,,29.86349866958887,,,,,,,,,,,,,29.077404816308754,,29.17417679907687,29.064808631426605,29.480570425960146,29.25143504013139,,29.22113969974857,29.522784047599934,28.923182964605886,29.106901492209175,29.368393227389397,,,,,,,,,,,,
Q12788,,,,29.770669956319026,,29.60843903958129,29.585760447225873,29.86472373723523,29.981689317125436,29.84617458239726,,,29.26228224560576,27.747016228137973,29.48573430959123,29.71770603347707,29.56026431770176,29.179947217094785,29.683198917240695,29.658091782861185,29.954481989313734,29.936172004179745,29.38338753171741,29.414562108173655,29.92522041226063,,30.198377791305496,29.790535523085595,30.402903548323756,29.959194082522586,30.108668428008095,29.746221974735704,30.10570976309281,,30.140237290159355,30.062918997241965,,,,29.879215539340983,,29.582276017738224,,29.3997234867648,29.624342019862816,,29.947756352069064,29.51106438410524,29.777574381287664,29.372153250563116,29.692614923722502,29.54720690349393,29.913418273612137,29.532706710539685,29.620641725626406,29.485218552668066,29.634788739632512,29.525802226121094,,29.673372641625626,30.181405604344988,,30.05423240243939,,,,,,,,,
Q12882,,,,,,,,,,,,,,,,,,35.93005588713816,,,,31.572555886439538,,32.41674618135244,,,,,,29.451685639851824,,28.444129789427542,,,,,,,,,,,,,,,,,,29.78729905335298,29.204825574272906,31.396538855119974,,,28.49140989434027,29.75526585709239,,29.991793015689918,28.667379731790746,30.356068924636133,,,,,,,,,,,,
Q12981,,,,,,29.773590432700214,,,,,,,29.823770982921378,28.874409002356792,29.319003550818127,31.704326034340166,31.13503972741371,29.49377286628674,29.577337554397268,29.868582598509246,31.23065977204732,,,29.14967544381047,31.277105195434473,,27.71708295171104,,,,30.765681249591378,31.79347055927749,31.265784553373937,,30.269370663922114,31.394956146782462,,,,,,,,,,,29.988625486526008,,28.718103131512944,28.342133303454855,26.17947028817841,27.743799659038242,28.23234963312416,28.21334781766312,28.508196084863524,28.25495288837585,,27.797549448022917,28.641413294963098,28.079419156909303,,,30.102431840202474,,,,,,,,,
Q13057,,31.053670826023403,,,,,,,,,,,30.51241333485842,30.77211716208063,30.809135193411645,30.777364458688268,30.448356729960288,30.681076117131724,30.857108334270386,30.433104556510337,30.434710378662068,30.657048534421296,30.793759014746296,30.837763946309707,31.17191900247097,31.335914570544478,31.073977258064374,31.069336184955567,31.211369550794128,31.183292073457267,31.737671704455003,31.010701373548446,31.08513436428293,31.110286080941282,31.283737681735182,31.175259586370913,31.161456135337517,30.206541215309166,30.53969177152888,29.957522821178923,30.176556601462963,30.26121129515331,30.43890883861666,30.691163267261043,29.757794792332177,31.282400827473605,30.325249391306926,30.70767207437155,30.783129482839275,31.12283100546189,31.120378266392095,31.106911612020923,30.894444910430956,31.30943029090065,31.18509440437827,30.816126522235553,30.92530529899165,30.997224814433523,31.306561517492483,31.436730993752487,,,,,,,,,,,,
Q13077,30.995503391301543,31.986325591990965,32.15558966286299,31.87231835159521,30.50448353522848,31.930307599579045,31.960239198001688,31.913567635669995,30.340452836119066,31.77560017158914,31.86835235329323,31.908044382485617,30.49042633469446,32.08874469350772,32.04159869265674,32.00443238770749,30.74683154047346,31.8196092405696,32.310556215133374,31.960519193966118,30.352620365385253,32.156709917342035,31.934710291033277,31.84993527505895,30.77785816672759,32.156515782884206,32.167277225019845,32.12061349509605,30.550655829988326,32.201200279900696,32.25765601246807,31.807849279606923,30.902151424257042,32.32288617220653,32.3507097486851,31.73218833808839,30.83854368953695,32.347629496364895,32.64798939546499,31.883609019548956,30.70937800243641,32.28176787958497,32.21678256094484,31.958077273112632,,32.693971795192894,32.670345905560346,32.225343421534355,30.795046521596245,32.39834819281295,32.77193201865722,32.33754443306278,30.80198276365617,32.570074503538166,32.781877806850964,32.085613602761846,30.836171119915758,32.45637697928609,32.574404769430714,32.42837797024094,31.198261357402355,32.34337833651767,32.24046726851569,31.94229529263252,30.773111701344693,32.21505087975837,32.30458003015537,31.774654766614187,31.329105826426737,32.12931747376556,32.29581814785668,32.202650264318734
Q13131,,,,,,,,,,,31.637026882867566,,30.155399340754933,30.517652272991363,30.66807940358271,29.89490075564312,30.301708036342095,29.81427614532619,29.755847072851523,30.454372143941697,29.60025541140498,30.589513783808297,30.363420284513644,30.509992882450618,30.330391948926554,29.979112830738902,29.588082614647035,29.76514352511483,29.3359584067867,29.9283879578756,29.8107549951622,30.032212537321833,30.031565624478887,29.9877097040747,30.183184491679047,30.14808696181165,,,29.711221183531357,,,,,29.99898269770177,29.722158662998815,30.061225846297713,,,29.366948419883467,29.950660789106518,29.746067986769408,30.057699787230586,29.78365449433912,29.796669317910222,30.150171707853975,30.289724417327697,29.812644806088084,29.24844145939974,30.300024856407937,30.25825171164542,,,,,,,29.642054805515773,,,,,
Q13151,34.202405831474195,34.222052878545334,34.22751404571486,34.29150684644738,34.5925081841427,34.42263044674222,34.51213658300058,34.51208015114904,34.479193797714295,34.22084276283835,34.49350468638545,34.57203498689874,34.225605137381265,34.138377476884564,34.18454805748732,34.30613403135338,34.2363206403817,34.085873372909575,34.07449217261077,34.26535563325131,34.21722713404677,34.0191253395936,34.0787490913874,34.37324197383698,35.00548102695899,34.95658656080285,34.93008637949083,35.07493798851772,34.900972009225306,35.10649519358685,35.171373793142884,35.162654863250076,34.977264520220906,35.103876315768964,34.89816474369292,35.00340728057269,34.63383880793119,34.591927533865835,35.066976736244136,34.765306226277374,34.91995597910968,34.755865796031046,34.73635638535846,34.509036652205026,34.617022902232286,34.21331562398239,34.80756639252264,34.82839641001973,34.534401792517485,34.52362024420611,34.39350920666527,35.060173051636596,35.0317491427545,34.73972904741381,34.89211318326176,34.56530782748279,35.02081140416051,34.77497492097764,34.71042499738082,34.712693271514055,34.500504346403005,34.380166731962255,34.38791332495863,34.51309755839692,34.66317609191576,34.48565398473316,34.421078818178465,34.658788101724845,34.3942819954009,34.424485049610325,34.33571191201005,34.66670374811492
Q13257,,,,,31.14727697149625,,,,,,,,,,,,,,,,,,,,31.1796132715019,,,,,,,29.300440784332018,,29.54746764591508,29.59513067720047,26.525374184533952,,,,31.862429282172318,,,,,31.73424577565787,,31.242992824772468,,29.471569244089576,31.52606159172118,32.154835539369266,29.82156503762039,31.542116132577647,31.21168340325253,,30.05897146573554,31.210311542770388,30.034383479716357,,30.521528139650133,,,,,,,,,,,,
Q13371,,,,,,,,,,,,,,,,,,,,,,,,,28.248482889412102,28.703243724091685,26.93614443692119,28.00323084952233,27.473880467603795,,,27.941983385727923,27.45744445242833,28.014024956785065,27.97216312126044,,,,,,,,,,,,,,,,,,,,,,,,,,,,,,,,,,,,,
Q13395,,,,,,,,,,,,,28.301095594558998,28.635182708904143,28.380351329531642,,27.939025841214868,27.874330844708975,28.44424373278095,29.06342442127109,28.253733440799994,28.10956457635021,27.911939356195454,29.239898078424282,28.36950325520455,28.20314163741006,29.625085341590083,28.872090308591247,29.52445600896318,29.183858335342496,28.77638637866153,29.054474158321906,29.770390655788038,28.858556929263838,29.088903367555208,29.43543188594995,,,,,,,,,,,,,29.324542849011895,29.05020832730371,29.196429310610586,29.627735137377822,28.540186861160795,29.567418633513714,31.018872393638645,28.92346287882746,29.431022730252007,29.39158178194896,29.09472463901761,28.461329725370998,,,,,,,,,,,,
Q13422,,,,,,,,,,,,,,29.74472127337991,,,,,29.27612847474873,,,,,,,29.959162920337597,,,,,,,,29.717886594335006,29.22850132745498,,,,,,,,,,,,,,,,,,,,,,,,,,,,,,,,,,,,,
Q13428,30.696547789474305,,32.413318122184656,,30.79551104283836,31.734222218127737,,,,,,30.33739055637981,,,,,,,,,,,,,,,28.09161676409211,,,,,,,,,,,,,,,,,,,,,,,,,,,,,,,,,,,,,,,,,,,,,
Q13442,32.78908198416007,32.7291947871423,33.24754594584343,32.91332738498176,32.74699210221209,33.13628009749317,32.802785749199,32.753158766043576,32.80290170679569,32.85748180512373,32.736031529545095,32.83005170408857,32.5646425290682,32.86264566265048,32.97958850775236,32.94948169768065,32.58363028242731,32.98859246688883,32.93751852514434,32.840750718926515,32.747826614733974,32.97576147953594,32.817361178530405,32.89946838335761,32.38306090021595,32.83743075327413,32.56066376121676,32.48443730586691,32.348096094317164,32.54947475784433,32.61080744954838,32.45244276689176,32.13860765082464,32.846819009104756,32.55216097687284,32.57850004672569,32.19790979774154,32.05468149946261,32.39686103289437,32.29956637480869,31.981422844565106,32.25157086932373,32.25143029947925,31.94238702445775,32.02968719524348,31.9374308895219,31.920485012240235,31.847648704800598,32.6461815547525,32.59309273922278,33.19470879601289,32.818700920031276,32.745570817620056,32.96798719909509,33.01498805287651,32.76994983329716,32.64045280572151,33.00590344460219,32.947007214180616,33.02528686900796,32.2453042949631,32.3777887562345,32.46125839087588,32.80317672804401,32.39391866949254,32.83360052625012,32.756490814184865,33.311349189052656,32.69234046941692,32.56386217458229,32.31783028324479,32.702118496981306
Q13469,,,,,,,,,,,,,,,,,,,,28.344854485621028,29.80896738166262,,,,27.95752296641308,,28.796281992645433,29.431555875080928,29.119294055397155,29.343629730152816,29.570267141946964,29.599957829532194,29.619126718099935,27.821760938641205,,30.01278198986465,,,,,,,,,,,,,29.808769002417925,,,27.563475711649748,,,,,27.601061772523696,27.204820370469218,,28.837623511828063,,,,,,,,,,,,
Q13505,,31.016162074471044,30.886803970952247,30.647964860694735,30.68360084538373,30.784291805496967,30.623188095505494,30.712052572018752,30.180751200083176,30.395710443921693,29.605926337017905,30.58394980529236,30.09656976752884,29.58658758551669,29.839200886177228,29.35461232044101,29.968744338430295,29.919307332586115,29.71894610178189,29.896784970656686,29.988670322252762,29.46762721267415,30.120920954258185,30.37679400561633,31.655966186245184,30.959842299941272,31.601191509043865,30.92067856179897,31.372502303392395,31.361624899317825,31.598480375163156,31.065549458551658,31.068303191991735,30.013756194812302,30.77375300228352,28.292322436650906,31.934912449177986,29.714949156582634,30.98602324499424,30.350741542330326,29.772826276303935,31.182184736730093,30.84371355929513,30.798970808060492,29.788634662931432,30.722521186937765,32.55010200269468,31.1445110499983,30.969622800465874,30.738132609092098,31.590699756253116,30.39144580930811,32.01758161479325,31.212131807075338,30.861430688611684,30.73751823440075,30.899650453407325,31.99248906015717,31.427623465654193,29.997146644637557,29.309835709185652,,29.79106598627396,29.31651376063999,29.642911433337222,29.28945445372993,,28.941039392839393,,,29.684201437219357,29.251727553959075
Q13541,32.38888903101088,,,,,,,,,,32.777846092717766,,,,,,,,,,,,,,32.206782775159816,32.24895969391974,32.25469185218946,31.984444534542327,32.31721674905649,31.325320613555064,31.69950422838074,31.81485747089871,32.34112570182304,32.05261506507518,32.42044913155885,31.78673798970104,31.527106730410466,,,,,,,,,,,,,,33.88113363740651,,,,30.989977223304987,,31.396175763087406,,,,,,,,,,,,,,,
Q13564,31.318503824256673,30.843683498320505,31.51033944444397,31.84533512318366,31.217542362474724,31.563302335765083,,31.167420160175755,30.69353681613071,30.909544372107018,31.111773495578994,31.737647735188474,31.29109104357692,30.955185257077183,31.243684347020285,31.56127357467626,31.085425183951784,30.54726180565641,31.827557657083226,30.749999238192082,31.65164763967088,31.496356439193555,31.83571028439445,31.7205115282676,31.084971000984915,31.189562542617136,31.57550126137725,31.236139049265567,31.115816548825133,31.16782232468671,31.144640908895568,31.237172321800337,31.02635765181952,31.085942959493448,31.19962971470773,31.172056491280216,31.03639156530189,31.048643255994346,31.414986576303733,31.143597131880217,30.79628808373134,31.08974189272364,31.212225998697313,30.95290928352341,31.10427688801215,30.83813714840955,31.30521640570456,30.91130385224613,31.699273075599677,31.47964488097727,31.85590714466437,30.985629158485793,32.04184022489965,31.60132166433987,31.987661342717914,31.739266313253925,31.77927725398039,31.165222044423952,31.596514954413745,32.181941152465846,31.171050820030693,31.07698702071362,31.018276516588493,31.123527555847314,31.202485903429054,30.851320516165387,31.165514839875772,31.315935112722435,31.17089116091126,30.989678903409022,31.41856697003975,31.43251650467932
Q13601,,29.601658138782124,30.936243965156905,30.087776076634047,30.537720967646084,29.90746145979867,,,,29.768919299302738,,29.530507231385418,28.03452113747844,29.009244445619554,,,30.28736402112901,30.513990429376026,29.22823687335652,29.62041258329953,32.18846197722495,32.00158062821693,29.816566169493893,29.845612077096472,29.997008346238456,,29.923485627138415,,30.158840767137487,,31.292147037778353,28.77636879153056,30.15033292904585,,29.779143571074616,27.4427987683454,,,,,,,,,30.061221225423342,,29.98550851089595,29.571621039549544,30.321288328533054,29.51474228126798,29.92273037984452,30.0070186790207,30.46702933389007,30.416771927399537,30.03077627565207,30.40412104293102,30.368154581827035,30.42397858609439,30.465018729556814,30.029573398901938,30.384982871157685,30.672969971429318,,30.013642789247296,30.37080545463899,,29.9249539665994,30.371307193934204,30.271746872574262,,,
Q13707,,,,,,,,,,,,,,,,,,,,,,,,,35.27034903800428,35.76615114785194,35.832778486035444,36.05631368588386,35.39805478336271,35.924559572666375,35.99153328405745,36.08529898488621,35.196875510157994,35.73451133916746,32.65970292676934,35.946538658549805,,,,,,,,,,,,,,,,,,,,,,,,,,,,,,,,,,,,
Q13895,,29.596794768162212,30.288072580119813,,30.368887946296578,29.553781247515158,28.90282535528137,30.04740755275695,,29.651046629577134,29.80499721495161,30.408195672499442,28.92450069683286,29.297054837641625,29.214682228075223,29.344286365436297,29.193105238691597,29.21369331061423,28.88591492858171,28.49338209217284,28.975078290359264,29.230986566754712,29.14157559531248,29.287565476250286,30.12388204018298,30.08883637590243,30.13382105580975,30.076227024358875,30.197069400277915,30.175336608245544,30.04681753116125,29.589213536581664,30.186833632232883,29.944731602279877,30.264257070668332,30.211486847743874,29.346363161046202,,30.068405070228867,29.730358615685955,30.143949639509753,29.482385774035915,,30.336506239855108,29.851039623721316,29.64853068407096,29.962542169741113,30.360331260562052,30.76577561856865,30.152575583538635,29.771429518776173,30.332177654211737,29.59622192794229,29.491908345852117,29.77348578610128,29.642757477870713,30.370114218006236,29.33351909737152,30.369417894673244,30.65501860628933,,,,,,,,,,,,
Q13907,29.88713830804452,,29.626959878377917,31.374893479451657,29.770220789264773,29.979612228687852,29.36206622631741,30.375057394409918,29.60650713260056,30.124645593840217,29.62100993474507,30.290547084054776,27.75820706179128,30.617990368951933,30.168769354161455,30.92475861533959,30.013591604835117,28.867849951455458,29.61499598562172,30.840130363220723,29.969640098077516,29.488394036605595,30.01338374502576,30.33246276963664,29.305083045650445,29.256449908335473,29.520127566852324,30.23563778685431,29.36500710607008,29.911523764476254,29.51818319647516,30.127641479817882,29.407205955373133,29.661587105306506,29.205250842878986,30.2180900237837,29.61164299365107,30.024071414989802,29.522210576265035,30.229008839554094,29.86985871837115,30.164727074087963,29.52384455840513,30.443723377545293,30.014803947674633,29.98998093068781,30.02643035935777,30.779613137454167,30.15183809072428,30.243371465990673,30.128031456077718,31.039163709301754,30.20029303088919,30.155265245792496,29.969402477269693,30.813070167917815,30.2215738961649,30.53393621360885,30.410585737337765,30.915558790370834,,,31.932255375532204,31.81562729287038,30.20769910040277,,30.374228092815517,33.47196871014748,30.3838689603276,31.165023897198985,30.53613025719351,31.540989001964935
Q14008,,31.748707154928148,,31.192832301445215,31.53373823636142,30.876937787801605,31.454318723729724,31.817554357811698,31.565133898216416,31.918849787593143,30.537020531979106,31.45481869628144,31.38889153891193,31.87599220798377,31.907882057234755,31.715355760915656,31.569938395427588,31.6417038295299,31.56848581718557,31.72487066278567,31.36463682557781,31.714707013056817,31.457478819639743,31.908287530456988,30.939180216791218,31.99916835494226,32.381179312798636,32.009029308262626,31.902564143476713,31.544073343681784,31.371838782242346,31.71408081148706,31.293808515216586,31.602298580608366,32.077196442649615,32.25681172873106,30.849811717829528,31.148959681186902,31.42730588858913,31.710530679293438,30.668429749294557,31.120366744505112,31.245356266250543,31.20903963232986,30.824057543642443,31.496024662763293,,31.210265721161498,31.055893412740456,31.448959139492825,31.25271837380332,31.081110038629713,30.963068731131333,31.17370255726851,31.196901344663125,31.28090466607107,30.88085649064818,31.226342187918984,30.789609884154213,31.16653536206311,,,,31.871242740497397,,,,31.770503005491836,,,,
Q14088,,,,,,,,,,,,,,,,,,,,,29.51285333881369,,28.708399171406132,,,,,,,,,,,,,,,,,,,,,,,,,,,,,,,,,,,,,,,,,,,,,,,,,
Q14151,28.237435423277418,,,,,28.650306852381657,,28.542951914354898,,28.060128660370626,28.366530935261583,28.534674109313347,26.876984082900986,28.640762409224227,28.48787271073841,28.903864015584546,28.59056488159102,27.554842856429417,28.700017644093712,28.120451086368345,,27.463601863141005,27.80008413132653,27.851102410683076,30.55287233786241,31.590614456113748,31.262282064804328,31.650605323562136,31.54587537111034,,,,31.54218780486679,31.499427792278045,31.729918667932925,30.260120513123393,28.53318390108875,28.373604826242808,28.284981310381298,29.07992397536874,,,28.053122625382127,29.015544739915832,28.15206175089161,28.616766228049077,28.527922026238397,28.727658613442884,27.613226666176626,,27.342490932724925,28.57803129212873,27.95793947680235,27.731454251088106,27.68546474334528,28.03430264845191,27.809557052396205,27.516297335550153,28.22867782418942,27.5973768399339,,,,,29.02380788293731,,28.449308457420134,28.593006340941205,28.557763527545923,,,
Q14165,,30.691270702823118,31.775574957002146,,,30.663819345628546,31.44590635783622,,,,31.126145639327266,,,30.283759888555256,,29.61307543971974,30.32978011371715,30.57347505253422,30.62242734738975,,30.02991697773137,29.335212802405657,30.635653712927883,,29.257031451725204,30.77438545660379,30.808141174540186,30.11851733716698,29.10843664643514,30.83296210462214,28.66939255829827,30.131279645538918,29.649300703686915,30.018641233575988,30.591975612384083,29.831139161873264,,,,,,,,,,,,,,,,,,,,,,,,,,,,,,,,,,,31.27820037345235,
Q14213,,,30.136249956967102,,29.43081692701484,,30.98550830848871,,,,30.182572075994656,,30.055325475060428,31.460031144224885,31.74468324125362,30.875721932430565,30.222717610574755,,31.788680654430998,,30.061502992814344,30.838785040639763,31.682641212009088,30.23538875800294,28.862603589911835,30.34649281112643,30.896921290286972,29.49408335198102,29.297906449226673,30.257283073577725,31.182004072245554,29.462281437575758,29.40800869087135,30.029717483418267,31.14650947979597,29.58064354689496,,,30.411050577273233,,,,30.019667080482137,,29.127967274969656,,30.201405770818223,,,,,,,,,,,31.000189498845693,,,,,30.14385948252956,,,,30.660012877201538,,,,30.636314222479307,
Q14232,27.30276658524725,27.204926718770068,27.38138189012679,27.18265876373824,27.331787683037767,26.921146688032827,27.38992447914834,27.43842261598804,27.473847965817438,27.137073968171308,27.149637351570327,27.63627863693455,27.742188048153913,33.173822493001296,26.726606700820646,33.41688050680875,29.928010767789146,26.746385253616506,26.726044735960443,31.002686960849577,29.28588996839563,31.745209278876587,31.8946745891378,28.286222486712994,32.014626780531174,32.53619122135399,32.12170878173958,28.728294715437478,30.503303477610697,28.70376571237504,29.674251299517746,29.17140814976846,30.91397476342907,28.542035256113476,31.141005075314943,28.46692047550149,30.40167939305745,29.945447800677115,27.647767741050348,29.842047850792902,27.987530761755025,29.84432058299484,27.5908202347437,30.27523023296001,30.061894788806136,26.981272938945985,,30.065534955430948,27.735652945156286,,26.852741857576166,28.182630083980655,27.05584481222523,26.74679083293342,26.813222598107714,27.970382342346262,27.94612192130084,26.728345352018817,25.61618077746965,27.186172724302867,27.71690186976319,30.376338514222958,27.379831141525173,27.47364892216361,,,27.18642502473348,,30.360829961613717,31.44411781561256,31.14052574709003,30.42087085382029
Q14289,31.72774182571201,31.7104645761736,31.78086918729942,32.11513186372689,31.77721690907026,31.73558607823594,31.937590804998123,32.24379489718428,31.87778010259543,31.987004845935353,31.91996419087789,32.085186874240165,31.553520711661022,32.40025515845786,32.05452321534271,31.94174055078742,31.75923632341765,31.634765499113712,32.39755735131279,32.04523182247907,32.18755125604591,31.11560474330824,31.858447372537835,31.968862576743128,31.61210371212696,31.511698035322084,31.740785661915048,31.679471577516395,31.45260900398416,31.477534940527107,31.833690091566645,31.569015250285887,31.393257454966335,31.5996500543103,31.65169590431273,31.78058504943496,32.57388677990728,32.21548396536241,32.128692885506204,32.16866744876964,32.24923356579459,32.22433107538879,32.032460180707275,32.12161048321388,32.03407873405963,32.240234641448076,32.27765173644086,32.40982914514377,31.43818174709522,31.933573958685116,32.224502905910214,31.111988293937387,31.86107658553089,31.405597622412312,31.92437559602837,31.58835289696768,31.797405657283107,31.827260187404043,32.03494072242094,31.477498748952605,31.222610593625383,32.109547357290765,,,,31.11266529155467,,,,,31.317470437678743,
Q14320,,,,,29.923848111220202,,,30.226447083708408,,,,,,,,,,,,,,,,,,,,,,,,,,,,,,,,,,,,,,,,,,29.831961244175368,29.845181662750697,29.801591126978018,29.996904510841723,29.923869775588305,29.631555770226612,,30.099172510631547,,29.68956810802335,29.700032288110627,,,,,,,,,,,,
Q14520,,,,,,,,,,,,,,,,,,,,,,,,,30.53848089770433,31.16166431960351,29.329263010000798,,26.89841579523307,29.989876213971186,29.786202600657273,,,31.46973713175575,28.222980780701835,26.812963349621047,,,,,,,,,,,,,30.319978038797164,,,30.622755726124307,,,,,28.40029228686173,30.934612195346627,30.510211988933495,,,31.41138469349446,,,,30.92427204388139,,,,,,
Q14554,,30.829083192561573,30.44627584369011,29.848933702686494,29.86691073957917,31.07832802496175,30.583692340353014,,,,30.086165194717815,30.42514042451259,29.782269240879426,31.42033620839695,29.747402167497544,30.444384827851746,29.966446153856044,31.246890809085382,31.782171477901308,28.273557647348415,31.632558190027176,30.67726066736497,30.73045452932294,30.32761995135919,30.689558575140385,31.45092760284546,31.740568078296675,30.783061231786355,32.54712708016727,31.412461562517333,31.27971964342466,30.466785814617538,30.661569789360428,31.128410243704153,31.354609691421423,30.968981265511758,,,30.273639700885152,,29.547514768629537,29.594873401842094,31.071737099774342,,,30.60647674724133,30.346417728092202,,29.913817258883768,31.038146719748532,31.17104090950287,29.937685864746488,29.955823104748873,30.98944095293594,31.39482345376754,29.863524948459215,29.76055683154076,30.781427186047974,31.02306305943777,30.2150492622694,,30.30308789959158,30.797227923479944,,,,,,,,,
Q14571,,,,,,,30.066431538958977,,,30.13999537308927,30.39142858967961,,29.079076532591934,30.901381736266927,30.540485984551037,30.021187564981552,29.649084360441805,30.55482753765813,30.757164302101728,,29.745465760742327,30.696800467068382,30.16050416960874,28.95857355681248,30.142339637080262,31.60578402804316,31.03330220257818,30.411736772480058,30.41309933660004,31.425644139877956,31.115500064611528,30.525040597242263,30.485337034901374,31.295948515213674,31.175951852755738,31.237332103096772,,30.9275048143036,31.654592588184794,,,,,,,31.217867184384186,31.023124928347233,,29.843756736684885,30.85953354055967,30.631303589903418,30.252047087161085,30.947181448155675,30.42683470284209,30.641714533147496,29.34008771729362,30.443842634351263,30.74598563818866,30.23832143136289,29.254006253534005,31.835482390689528,,32.343098551517784,,,,31.649138737984746,,,,31.972931428606675,
Q14644,,,,,,,,,,,,,,,,,,,,,,,,,,,,,,,,,,,,,,,,,,,,,,,,,,27.60364092153603,,,,,,,,,,,,,,,,,,,,,,
Q14657,,,,,,,,,,,,,,,,,,,,,,,,,,,,,,,,,,,,,,,,,,,,,,,,,,,,,,,,,,,,,,,,,33.62343556366124,,,32.99044297910409,,,,
Q14684,30.880060456723793,,,31.223749541719126,30.99655307830346,32.70600305992709,,31.256152769678085,30.959335301780005,,32.61182429998034,32.14548076224861,30.037781552499407,30.861738593601135,29.869546561112774,30.790526351828927,30.02791570634797,30.7686117008978,30.287294586496984,31.174782969350336,31.4540064510577,30.586926973257796,30.21911959832242,30.860883997934877,31.121829889055608,30.381538245611612,30.777572982282837,32.17325933924029,30.871070987501245,30.454643267230825,30.700687220070986,30.927493469128997,30.783347386819766,30.689999982367148,30.537883159760224,31.57672358510126,,,,32.17518374220789,,,30.93664097011616,,,,,,30.464799758524553,30.20089124578753,30.143906867300682,30.526438996044295,30.971306217779773,30.32401878424137,30.411445261126826,31.015668644658522,30.76296959978209,30.685088020308033,30.147625262865027,31.127083865679776,,,,,,,,,30.731985427375555,,,
Q14692,31.33068244598941,31.592978515269106,31.548115230472394,31.183944581080933,31.62499878186918,31.51121588050157,31.35288541714808,31.424713201893343,31.57382783699976,31.02367561803949,31.2952585378477,31.017165507228096,31.171859249684122,30.69708086020594,30.967934466035953,30.905735901706247,31.352955272380218,30.574444007909506,30.71719304928118,30.83955234392516,31.100088270044775,30.544336339262664,30.812349593648356,31.03018523045775,30.65311975902273,30.830345544209752,30.652162833532277,30.81728354818463,31.155649523868686,30.594503237531754,31.190750830950048,30.90540737849219,31.219259920134633,30.6299690754479,30.75434248526962,30.139208326680706,31.47388598789572,30.807063323430885,30.8991759809867,30.808260557035805,31.373007629505405,31.1348474107578,31.541580021188228,31.140054632044986,31.073172567810946,,31.089562660387877,31.73457485587903,30.779826595272258,30.659661014578475,30.280006230800996,30.23260953715626,30.901621745049127,30.24064252576574,30.18410031742825,30.105069626533336,30.964409133540453,30.59041118574931,30.79068017896207,29.903904282867984,31.40227566836508,30.9510046342746,31.326874082959424,,31.28559979256944,,,31.327163876876792,31.427256279684844,31.071484514758037,31.33936023919684,31.206672549612097
Q14696,31.622365084107738,32.173257486817114,32.00512708193972,31.76459926983794,31.529317846633223,32.11819777051307,31.88867599298708,31.67211231827981,31.464757362239073,32.00649389466407,32.072636230194064,31.451600115912527,32.26779188433584,32.84989692138133,30.065030093095128,31.775856602757244,32.187778452736204,32.64640837103568,32.473099868347155,32.049688360107986,32.101072027212716,32.37215977621553,32.33366891426645,,31.14873580811518,32.21212796607087,32.17991922339465,31.51907320292837,31.36428749859196,32.26949495948151,31.95593937788709,31.438552367442455,31.325914536578797,32.362562661439554,32.064184915241725,31.720098766423845,31.41473476395883,32.07231024165395,32.121567275355915,31.443602500546632,30.955088346487234,31.932113784725143,31.554685412653544,31.561286442312284,31.563199464373312,32.158846194083246,32.167574727739385,31.439814793749463,31.731533210344853,31.665383615113956,32.12856148720717,31.538432519378585,31.659779184034942,32.061882507783594,32.08367391179282,31.786835050705303,31.4539464345078,32.21250745773959,32.10289039853708,31.585862396309846,31.508062913980815,32.066578564486534,31.904327593808933,31.228929469904617,31.52212907446881,32.130641347068156,31.969330863874408,31.17675305656315,31.174057287893824,32.2825628817466,31.92170617798665,31.443216734097142
Q14761,29.289013767786535,29.458326316238782,,29.708452183397455,,29.459447305644847,,29.821658102171583,29.336961696381593,,,,29.28473125843717,29.5847041812909,29.01562799488694,29.51671783343634,29.45750687962081,28.842137229420096,28.29338552812873,29.518245483472086,29.502280735892782,29.14300921201176,28.883388830802943,29.759235458715168,29.5106622729148,30.230371663425732,28.830088938708965,29.11684108443943,29.8610679287485,29.300972312088888,29.12417864273196,30.151630879378537,29.75381468287831,29.41939943914951,29.33929820099702,30.224116996635843,,31.152049312525506,,,30.576470764297394,,,,,,,29.946668217601854,29.729702310949335,29.589042482341,28.908372652660745,30.22548341110755,29.547310080084273,29.572340267883618,29.07668901433421,29.789427243915018,29.246701967081147,29.540649703663778,29.457267521951643,29.58660512936855,,,,,,,,,,,,
Q14997,,,,,,,,,,,,,,,27.905091721572845,,,,,,,,,27.898241192468326,,,,,,,,29.10700198952761,,,,29.749797547356433,,,,,,,,,,,,,31.987463582508422,30.91020377350179,29.162976965005413,,,27.019247168415635,,29.96344894418318,,,26.720595018851743,32.34965461040266,,,,,,,,,,,,
Q15013,,,,,,,,,,,,,,,,,,,,,,,,,,,,,,,29.279595516439368,,,,,,,,,,,,,,,,,,,,,,,,,,,,,,,,,,,,,,,,,
Q15018,29.951346163257206,30.40479010165892,30.58522844449959,29.906713086422307,29.823950200708644,30.460635888660654,29.84003118170555,30.39160192627964,30.375383200258526,30.27126197486912,29.971472467405192,30.66465642440724,30.391960010039536,30.122654801148357,30.61363066741366,30.515751510083547,30.061168785758905,30.131972298669915,29.877487555335204,30.446023850345895,29.930027630027997,30.099680249164322,30.077528515617423,30.594411689993958,30.094604174681074,30.441494707735178,30.366609485271795,30.3637954228822,29.95957355747325,30.398636768009425,30.404856851421357,30.46311739065001,30.057549913777457,30.502181947952927,30.135038391855502,30.053813328358977,30.648271960743003,,30.91281729510587,30.215897233568874,30.363182170442983,30.3878606431685,30.693034131664184,30.446529730722112,30.624924357100376,30.7062810299195,30.60242067167911,30.546778571767923,30.225045486342452,30.555494879758026,30.332156802522547,30.566552320669594,29.96166324348382,30.153839485708573,30.2079628498246,30.49648946394,30.300227385301852,30.42772377440951,30.62311637665112,30.471080080551857,31.007719738512023,30.04203630931564,30.8299322848125,30.863720524641955,30.17634417470353,,30.717290692719512,31.038379437027885,,30.612428722340155,30.850970921179695,30.49683750019979
Q15027,31.455739634483084,31.328627106630275,31.53320032097543,31.444968960399514,31.486473118409382,31.18022516447586,30.542200629668915,31.616221922725014,31.341325198422783,31.566833147504283,31.04372415138321,31.3706790685285,30.72931665376286,30.625604999263746,30.839348452997207,30.895519049290222,31.34807883950393,31.15590900862581,30.80797752367403,31.136589958011573,30.832132846758906,30.106524615037397,30.614257110640086,31.22908050220369,31.134754560386856,31.144609019153215,31.076404461243012,31.15370169694066,31.155310693298166,30.647271764311018,30.931277878529006,30.85813160681833,31.049270756186967,30.985144045635092,30.39918006580208,30.858078332856206,30.71828594643519,30.747693237335785,30.90680616020617,30.943946132454226,31.056339786088984,30.524661676532276,31.270324143208473,31.318402344039367,31.008407098516496,31.202346608842586,30.356539958960294,31.58223063710569,31.98628948096994,31.357473503566375,31.722968446594358,31.963963558993225,32.16620568615155,31.712598234027208,31.16897821782403,32.175139610764184,31.285608877041632,31.583342085529566,30.887625496090788,30.883132270885678,31.96614308380145,31.644692006361733,30.45689684083491,,31.450457765216612,31.02623755610033,31.8018687397518,31.24840796593236,31.4402234231554,,30.830284366886065,31.677386769869617
Q15046,32.64373459314611,32.68446256731333,32.3312003805644,32.23865971095654,32.63225413586298,32.50746114878995,32.63557542190483,32.43708479433716,,32.70546398399731,32.10271457984209,32.44449466608832,32.56842476529991,32.74674545107506,32.330832453295606,32.46262902326474,32.432610984469605,32.494115768802764,32.58182088820942,32.424857666119266,32.28919075859319,32.60129669808157,32.36280569074937,32.623315954361566,32.629806145086135,32.677155207228694,32.71541276066262,32.99678879291917,32.35348467774058,32.762006581522485,32.97448987448458,32.59478195420172,32.72269633920193,33.178479975496046,33.20087848448565,32.48395188944134,32.65553614156388,32.50647845464534,32.06071339645253,32.43231425351311,32.71557582512267,32.19745670314775,31.970429095028855,32.280684376202124,32.391917430234685,31.648315198506204,32.083727204397086,32.317945104315,33.26114605885247,32.98692291167582,33.00299860662628,32.760334735178155,33.22463161025242,32.840678472088065,32.68573038367381,33.15857533480341,32.511766928077265,33.16046718707344,33.203942415937064,33.07475310740762,32.241174884148215,32.43970160097021,,,32.41125256050236,32.303330225696826,32.550288856986505,32.32682315387809,32.24854557758983,,,32.86629283787613
Q15050,31.42356862339106,30.598988260321196,30.952324181826427,,30.98350901726706,30.540468812706496,31.20618911632344,30.379987397493178,31.008775212484156,31.00084199668338,30.856846894701373,30.682211684183056,31.180884380984374,30.190789130247314,31.436498228124247,31.22269343057339,31.079836002331493,30.882447275857924,30.590812143760115,31.000013429576097,31.693362066762635,31.041131571344483,31.286536602607903,31.4680890954938,31.88619418396001,31.40595910659022,31.611795166164267,31.540537000993194,31.5570273362337,31.254763947642,31.45856714673103,31.476280493330165,31.599563744272643,31.472275572402154,31.796453580844396,31.35837958143799,31.815634626888652,31.542279662162795,31.838093064341354,31.330684604575683,31.205158311405857,31.457583500008923,31.635393033157378,31.618631231659318,32.27023973200382,31.434728766095585,30.001256652732085,,32.4368959656181,30.87269151123652,31.32463685682118,31.23020686914027,31.1198467952257,31.05810588766772,30.950524532786567,30.887401025707067,32.5844546219066,31.441789224183843,30.881358526232855,31.241922038245058,31.72829546929957,30.179369624986816,,,,,,31.5351577967398,32.16295836903614,,,
Q15057,,,,,,,,,,,,,27.518375009919165,28.293289975840263,,,27.84756064386313,27.898108614531225,27.765848995041264,,26.226594674328314,,27.134892100157124,,28.275781570299007,,,,28.267911874495322,,28.017159295442095,28.8655423965668,,,27.931285148303434,28.673226089374605,,,,,,,,,,,,,29.0898499340728,,29.965758679801095,,,27.685361631983067,,,27.95775382374026,,27.028818956741315,28.675842325100465,,,,,,,,,,,,
Q15061,31.48674155117624,30.827022605852715,30.67131691302596,29.85513163930049,30.878614121240762,30.670770412684636,30.451903771781883,31.17392123105932,31.141595801635074,30.86822306104254,29.856391092625714,30.85633169134406,29.655762319913382,29.076416972826777,29.579294180946345,29.47338313610651,29.926523290315394,29.86366504637481,28.791403406149282,28.16478396851191,29.779762707758568,30.4289339774186,29.961892053261014,29.465730819633475,31.223907587960486,31.1313470027513,31.55007657835569,31.503816380622823,31.15833033111192,31.02256406326194,31.31986195072026,29.275412137224375,30.347509069981097,,30.646280249943143,30.583508848896713,29.955418443537763,,30.87446844514973,,,,29.196025934875113,,29.991428200534564,,30.104404304263856,29.436207558495063,29.458434843897646,28.771025238417195,28.265962409885777,30.740079432124478,28.8062040959591,28.30913911256939,28.847629171609356,29.1398062645769,28.806808722040994,,28.880006454931166,28.75510708052951,,,,,,,,,,,,
Q15075,32.74240974892195,33.25971009723569,33.228570068305515,33.26896225839491,32.53516209755565,33.32400127483611,33.38848612639815,32.88782559137044,32.820592690156865,34.10596560527404,33.19091706863113,33.03736885098412,32.74748488174362,32.857500084295744,32.90497033039882,33.03464340371039,33.15427426924603,33.233450587635375,33.035486898107564,32.92556123519006,32.48977066145768,32.671055967678356,33.04820657127752,32.55014130616948,32.62925540158884,33.22765289075869,33.240613014769245,33.13472205936908,33.049259233295295,32.91711053524797,32.787938285264055,32.987829610606056,32.81445946816892,33.253701415185176,32.75698864216422,32.97936878127163,33.04368734814951,33.86361579723271,33.073453331780705,33.1157462990261,32.82035270787597,33.27202596134846,33.1691898023696,33.26134007828608,32.955989646524955,33.373345476058105,33.261839497056336,33.25971485959496,33.0522786708514,33.57290095603693,33.323049012939975,33.39242755102462,33.0422074722544,33.41005121498266,33.389382398399604,33.29934546497057,32.84233223960706,33.3042585941936,32.75906827751763,33.29556898248627,33.06754006410765,33.46844294281654,33.34803266822846,33.6015599685594,32.38520818277398,33.207959911779454,32.61526939004,33.59036795653566,33.24441496332422,33.197181424617554,33.38790187870575,33.19835015156766
Q15120,,,30.515799763133263,30.234532419303875,,,,,,,,,31.60234618413214,,,30.24365990454395,31.392665373580254,31.790541593178123,32.33592247698329,30.178496942289083,30.042396024720126,,30.6233789937748,,30.589168563700632,29.897500791332458,29.341307622924354,30.22907080377752,30.893433926149488,30.390717813393717,30.54244410121883,30.041461013870613,29.561153773173313,30.363062618060578,30.28569947282019,30.127239759135474,30.72126212324002,30.168787883423786,30.93153206983104,30.738554491050586,,30.99637985233637,30.976505444600324,,,,,,30.080751937363758,30.211448311770553,30.911197179250156,29.721543112176658,30.170510540414412,29.96056422071068,30.56383647281289,29.648360819970687,30.333194580621328,29.82189261763718,30.360477879591873,30.132695913719303,,,,,,,,,,,,
Q15172,,,,,,,,,,,,,27.444071719350884,27.07155992176517,28.378162103416674,,28.364410747307076,28.86054653680926,,,,27.636239897158866,26.947098764732882,27.73810523129197,27.49536773890436,28.525579524155905,27.79565998522314,28.071198432793995,,27.823075431868308,27.007667196328313,28.01572097908824,,,27.97468458855096,,,,,,,,,,,,,,,26.460502691828886,26.981064514611017,27.013502830579785,28.138897735724512,,27.669178639388548,,27.402299708317575,27.702982896929715,,,,,,,,,,,,,,
Q15269,,,,,,,,,,,,,,,,,,,,,,,,,30.789809998872126,29.9784200232884,30.005219927888444,30.354275679104283,30.546795691045123,30.05577992625901,30.592015091479038,30.14267650815923,30.65423708469194,30.55350059897241,30.260877461998465,29.945285258346168,,,,,,,,,,,,,,,,,,,,,,,,,,,,,,,,,,,,
Q15283,,,,,,,,,,,,,,,,,,,,,,,,,,,26.329179853669565,,,27.937076107803463,,27.24489850343656,,,27.69086419146688,,,,,,,,,,,,,,,,,,,,,,,,,,,,,,,,,,,,,
Q15306,33.21768546782502,33.38286689993784,33.14758187648971,33.10058738512854,33.331440783394484,33.19272812438424,32.99491306281198,32.8205800201071,33.35588937841012,33.32490150653598,33.00412722551669,32.92155494225434,33.86016276981078,34.01639377405656,33.614152876766305,33.520657409362784,33.97355275911945,34.01319347819571,33.60562880869699,33.391962839040936,33.941353782878515,33.99908115742496,33.586937967594956,33.52192568994795,33.41329045109307,33.02117356876437,32.82985083545692,32.9213667432297,33.15475226163949,33.59176706864377,33.07454436005565,32.882114886145374,33.100251448586306,33.32656731245032,32.80685084064653,32.8763810703782,32.7133576445034,32.572662973288786,32.28216645058876,32.083314765340624,32.58990303439482,32.683540773198395,32.436767014121145,31.949612176113252,32.558805920302326,32.63976557268485,32.08287073708417,32.27315137588924,33.14201354131149,33.14726450169616,32.6492286374138,32.607274779462614,33.17181961183073,33.24822471619713,32.811577940897706,32.491392605683416,33.05548302753179,33.09583813178108,32.69801635348545,32.60487050548554,33.199872178124636,33.37505554250667,32.28744641105064,32.29564558068837,32.99931098008471,33.319833005396674,32.77821299831116,32.8860824285128,33.02981435730969,32.541555746798124,32.51806907985256,32.82107004967469
Q15386,,,,,,,,,,,,,27.64276535762355,,,29.4042509588669,29.94063004593413,29.229389519490805,,29.48414803569299,29.40437249223927,29.60087662327728,29.35916541421997,30.376612052296725,,,,,,,,,,,,,,,,,,,,,,,,,,26.34210172066472,,27.187012753730645,,,,26.94588029918576,26.90493301576201,,,,,,,,,,,,,,,
Q15397,,,,,,,,,,,,,,,,28.92245001431288,29.903049386167055,28.799445782626947,30.140643301629062,27.12315363916405,,,30.346091966561833,29.915350628882003,30.890531057343694,,33.4867342641187,33.06986101457825,31.45399987328189,33.39151453171007,,32.575268855155855,28.955042010228304,31.244070674568988,,,,,,,,,,,,,,,30.11094215371512,29.052344049801224,29.767943758541684,30.898400561899315,30.218508676830997,30.432623297728615,28.43140844684772,32.51349043166808,29.181225541241734,30.146278904272954,30.98878817748586,32.17480716985005,,,,,,,,,,,,
Q15417,,,,,,,,,,,,,,,,,,,,,,,,,,28.488825772990428,,,,28.996384926044477,29.60073013893961,,,,,29.536243316573426,,,,,,,31.787071498268265,,,,31.795518789783785,,,,,,,,,,,,,,,,,,,,,,,,,
Q15542,,,,,,,,,,,,,,,,,,,,,,,,,29.950491297715693,,,,,,,,28.176856172626877,31.630036674388087,,33.68415315666305,,,,,,,,,,,,,32.29540471152188,31.314983240630458,32.870135498069665,31.31667580397433,31.85390455760166,31.94825693576736,31.51407728291737,31.18940266889572,30.688971674959614,31.243599668159238,31.94387906567355,32.02474708279098,,,,,,,,,,,,
Q15545,,,,,,,,,,,,,,,,,,,,,,,,,,,,,,,,,,,,,,,,,,,,,,,,,29.415019677130026,,,29.4576243937289,26.151622460316723,26.163639094088055,28.194712408624085,31.48295777271862,,26.255486220117724,,29.85232801188537,,,,,,,,,,,,
Q15554,,,,,,,,,,,,,,,,,,,,,,,,,,,28.229631563210198,,,,,,,27.869284079081233,27.3582869149034,30.635964294126097,,,,,,,,,,,,,,28.830740009972118,29.217450190745364,28.79220393299902,28.565611218988778,28.529743503956535,27.97545778746418,27.58403769614502,28.593507470614707,28.847180238056122,28.048950070151566,28.340438546034385,,,,,,,,,,,,
Q15628,,30.854868662365288,,,30.622972615638172,31.26303851056957,,,,30.70687682520857,30.546853268107935,,29.742637706665366,28.861384761913396,30.130508608806906,29.851870359000173,30.775881455727855,29.95553482110197,30.512251562613873,30.01912939491394,29.93731284759644,30.79187420044912,30.476672220600502,29.6995624931272,30.944026179066817,31.40835323930739,31.212014263376275,30.56297911797156,30.965531202828668,31.35590111473027,31.219850264596506,30.563391497233575,30.36290750549526,31.280215652346474,31.093749387839846,30.368829946718787,30.64878486093229,31.045552199297752,31.085155705929967,30.549427799644608,30.799754393649994,30.798674260532234,30.495424930862818,30.57007909715494,30.655903401021657,30.730942023089767,31.03680905125871,30.91856700078235,30.42179250585084,30.860806690690737,31.503323502959095,30.157598243990634,30.654527218813474,31.129688998858665,30.955846650863666,29.483308676288267,30.678372907084945,31.0329211645177,30.722836253550582,29.852145519807625,,,,,,,31.902162844792894,,,,31.726471598747292,
Q15642,,,,,,,,,,,,,,,,,,,,,,,,,,,,,,,,,,,,,,,,,,,,,,,,,31.12097516709956,32.19348015983357,31.91310767712994,31.457323043242972,31.745471727850227,31.52667000517001,32.14816984841147,31.47492677514083,31.468431375475912,32.06337837427578,32.00697035214108,31.424030300722066,,,,,,,,,,,,
Q15645,,,,,,,,,30.64846418448577,,30.695859268814033,,31.026888834451324,30.885145532538875,32.96219122526408,31.11698027980033,31.345775205282695,30.868276490518333,33.64474978897821,31.94802744043736,32.113633148262394,31.200101931666953,30.36518203653133,29.99802197197414,31.027197808014304,30.334069701366232,30.436108855974464,30.6346924062202,30.9584000172133,31.704055350093157,30.177460871063616,31.067158864870528,30.99260054727507,,29.35764129419827,30.71956525099281,,,,,,,,,,,,,33.033191463154246,30.111723154656186,30.40689498048893,31.155205376473376,31.452701336483084,30.43016531196334,30.550434009418982,30.96013859462317,30.808382753239247,30.62596080021597,29.903642082934272,31.262918679100956,,,,,,,,,,,,
Q15650,,,,,,,,,,,,,,,31.368672590152364,,,,,,,,,,,,,,,,,,,,,,,,,,,,,,,,,,30.888855100625136,29.271004053919945,,,,28.575387511186285,,,,,,29.04213174293149,,,,,,,,,,,,
Q15717,33.200831176521135,33.378987849551926,33.03491123224009,33.24790551750771,33.4340493362471,33.218327776006,33.01747679307537,33.446342133516026,33.44487303762667,33.20259956565833,32.92218525161572,33.082667432621236,33.99154018483264,34.01656199712043,33.955524860986586,34.042519967383384,34.09480191733605,33.85268317026312,33.93232188099237,34.06545700757225,34.04176832066351,33.92448401641785,33.810799865331695,34.055366609269726,33.551286176159614,33.054336153216006,32.78252419662588,33.516132983111746,33.68752543533845,33.66973637972769,33.599557768629325,33.60966291710613,32.44707249196231,33.705770856142095,32.56121382073744,33.1721952762148,32.943405411044516,33.08428765047492,32.5270462521303,32.83425942678782,32.82960310749017,32.901103837260514,32.488527700460494,32.86745884011737,32.94671057427685,32.946553048904484,32.63108457368877,33.22702344331368,33.89947989796318,33.5767144836771,33.62666678496951,33.82769286414756,33.81608177377932,33.67005162121999,33.602484232043146,33.872003336584356,33.39435023288509,33.648575239440994,33.62068055430345,33.88612603046964,33.11360402441485,33.09223658583306,33.127702977040215,32.95073273859321,33.070270223811285,33.0142146107142,33.17811975140831,33.134978022907376,33.12769266225185,33.381410087547664,32.919518003411596,33.20444431404297
Q15814,,,,,,,,,,,,,27.97535132705018,,,,,31.132594199531802,,31.87686753235334,29.79401722106178,29.84206041303886,31.943915489123317,,28.328889949548703,29.321824995550564,29.503761066401996,29.16759664399719,30.349542804297077,28.877453446619874,29.201880981338547,29.458982427581766,,29.928761566199626,28.463455818242235,30.569690731078865,,,,,,,,,,,,,29.561898800111376,30.347697153461965,29.67426091821446,30.06947171380758,30.21903950241391,30.173632791606227,29.693577772683504,29.79486982121093,29.621965774173876,28.065402901748072,29.612920688448856,29.443646082153002,,,,,,,,,,,,
Q15843,,,,,,,,,,,,,,,,,,,,,,,,,,,,,,,,,,,,,,31.869718040549497,32.261936956772054,31.99195945921479,31.56387377007011,32.1519948843309,31.852266597949715,32.65866333811043,31.979773631093842,32.1332582903173,32.25865902897693,31.77458278479631,,,,,,,,,,,,,,,,,,,,,,,,
Q16254,,,,,,,,,,,,,28.253780942383194,28.328552609374555,28.116072483317133,,27.22458725203268,28.09130067660996,26.381529079071594,,,,,,,,,,,,,,,,,,,,,,,,,,,,,,,,,,,,,,,,,,,,,,,,,,,,,
Q16512,30.278698145317595,,,,,,,,,,,,26.980787412398453,29.61526688695496,29.25622208178309,30.017399301931537,26.678809977705296,29.811062047712607,29.750469262024605,28.31101446696459,27.297702311270513,29.604565402061493,27.36366609007874,27.96793446633809,29.17417114551218,29.834029004411963,28.852416261332785,29.587595521217448,29.258402519926076,29.264794312870603,29.482435258577404,29.151094265423126,29.322875280358513,29.187146720371977,28.100572518705906,29.29391405294405,29.39740769188307,,,,,,,,,,,,28.771817183117566,28.832034168076216,28.66999817981929,29.408629714088377,29.33872079277447,30.806006484985883,28.298315865634184,29.94883899677833,29.074278833150814,29.36616179837458,,29.608452694100666,,,,,,,,30.30782940359848,,,,
Q16633,,,,,,,,,,,,,,,,,,,,,,,,,30.101737108290752,30.19776321035455,30.24240556027446,30.378512397638044,30.01631266271487,30.335905673977923,,30.429498279645664,30.10266255787723,30.34995294557417,30.168595173163904,30.191881893471955,,31.06432818053847,30.696564246538596,,,,30.90191087747596,,,,,,,,,31.0108185470233,30.947428668362708,,,,,,,31.025288042812466,,,,,,,,,,,,
Q16643,,,,,,,,,,,,,,,,,,,,,,,,,,,,,,,,,,,,,,,,,,,,,,,,,33.057691683538316,32.21589227005018,33.05963922764626,32.6317456205758,33.18319848494511,32.73869064523687,33.14891240670763,33.0075666596825,33.04651094247695,32.84413106281459,33.09315601416803,33.08764883989571,,,,,,,,,,,,
Q1AHP8,,,,,,,,,,,,,,,,,,,,,,,,,,,,,,,,,,,,,,,,,,34.784057055174245,,,,,,,,,,,,,,,,,,,,,,,,,,,,,,
Q1KMD3,30.75344665355348,31.18285928251502,30.881126145827203,30.90507430179457,31.20673410388304,31.504477958813727,30.67471851615079,30.571742088062727,30.696678549108356,31.09920925082128,30.95975629494712,30.78869222620741,31.557953102033874,32.213261431926796,32.02147947117246,31.68072972228269,32.013616434817266,32.216910236483116,31.95010990164187,32.03656393501753,31.99959391154665,32.134308751245754,32.003508369670534,31.773759741776747,31.198483822845336,31.479345104182887,31.467362153345253,31.315916573064378,31.39382847235172,31.568748113057165,31.59738547731242,31.26720786331162,30.57216907098786,31.57944714986843,31.45946514354449,30.64000479053856,30.861783995416523,30.8169748926673,31.055608775622,30.863166561763084,31.029683663994565,31.01715123720259,30.72006869757824,30.760033661553145,30.783231023531336,30.972051124631758,30.984799263880536,31.189185362960515,31.086130417117264,31.336674168473955,30.95805134918142,31.0870417403335,30.899860363811385,31.369237159542593,31.017762687899886,31.113817258792736,31.113468194348297,31.321775848291654,31.000739362658337,31.072906513771148,30.513811926547422,30.74267402915164,30.940897307873488,31.01468609927983,30.948277538233913,30.603936421625168,30.818088902889208,30.47671905094278,30.757155170989435,,30.652371036163785,
Q2KHT3,,,,,,,,,,,,,,,,,,,,,,,,,,28.56903827060718,,,,,,,,,,,,,,,,,,,,,,,,,,28.105662290035575,,,,,,,,27.87769989706377,,,,,,,,,,,,
Q2M1J6,,,,,,,,,,,,,,,,,,,,,,,,,,,,,,,,,,,,,,,,,,,,,,,,,28.84396203824101,28.367694606924978,28.880785814294207,27.92132900866182,28.634436099279633,28.089596965347184,28.396280741261933,27.78527484705279,28.65991202265659,28.23612105471627,28.73883591737176,28.024460468739633,,,,,,,,,,,,
Q2NL82,30.148199810661147,30.235471857706386,30.82368956585563,30.144666746748253,30.776692665238265,30.93132816280246,30.88643888209674,30.711793018547077,30.47314601128661,31.489187282674358,30.648252408570876,29.92557010180136,30.3173152764328,30.179093632173526,30.124795850601576,30.21332486115604,30.290464233041746,30.128866509979627,30.205010537492868,29.87494092833875,30.550371409257373,30.12975261157102,30.495449057107543,29.96050482178733,29.83496594431604,30.091824795390025,29.51309570812348,30.12165952683732,30.07434988515358,29.952665316143207,30.024678954335208,29.65107885633548,30.034836142342,29.895087225242264,30.14288619298894,29.17355687683937,,,,,,,,,30.262221696164353,,,,30.357933743399308,30.509058032635444,30.798334594769617,30.819860920130537,30.432283180947586,30.46807207256513,29.984257666206737,29.866161166878467,30.964221575013234,29.744452979814717,30.25434655528828,30.149236405928896,,,,,,,30.882662819480935,,,,,
Q2VPB7,,,,,,,,,,,,,,,,,,,,,,,,,26.89874867490628,,30.58054119577833,,,29.21213682891814,,29.298875545628224,,30.70282586222281,26.811178137649428,27.38601421851328,,,,,,,,,,,,,,,,,,,,,,,,,,,,,,,,,,,,
Q32P41,,,,,,,,,,,,,,,,,27.705084880046915,,,28.182209999689732,25.93547327194022,,27.128080673220506,,27.646432020363225,28.108936895594123,28.739235972327105,28.300649989541114,27.749676513595517,27.948896418580656,27.319306347661836,28.47184897621095,28.55370443880239,27.63719519960263,28.193901973509103,28.28963938683095,,,,,,,,,,,,,28.582207777683248,28.137492463527227,25.051873060831447,28.857973147775624,28.891611663360866,25.112596987648356,28.292261722207282,29.210733758816847,,28.520790847102536,,28.916659448605085,,,,,,,,,,,,
Q3B726,,,,,,,,,,,,,31.193042711566857,,,,,29.537591116040954,30.78646819635277,,32.64313826650411,,,,31.16596651791289,31.667904086124494,30.511387275658556,32.98473712770036,31.982348761091487,32.58455309283255,31.537901774985716,29.8744767619107,30.05456684200489,,31.406195023388793,30.154853342184825,,,,,,,,,,,,,31.41044415189854,31.50409994987972,31.16094856610933,30.195103437563716,30.53915394699444,30.59915821956341,31.22591125335796,30.92428982008685,31.024580769869004,30.644950510470583,30.800520735003143,30.425915651465257,,,,,,,,,,,,
Q3KQV9,,,,,,,,,,,,,,,,,,,,,,,31.50244158051753,,,,,,,,,,,,,,,,,,,,,,,,,,,,,,,,,,,,,,,,,,,,,,,,,
Q4KMP7,,,,,,,,,,,,,27.826271611240667,28.302086724794265,,28.04846577661666,,,29.842604993253453,,27.924786456687272,,,,,28.886725165565057,29.008848879726436,26.494227565740168,,28.103101726990015,28.457284985817672,27.11219954791171,27.892404800046258,29.60871862624081,28.846993390941286,,,,,,,,,,,,,,,27.87732177288651,,,,,28.352335999820244,,28.057797886375056,,27.831248645506292,28.33645419865528,,,,,,,,,,,,
Q504Q3,,,,,,,,,,,,,,,,,,,,,,,,,,,,,,29.571267345676812,31.401340374054715,30.158851259805406,,,,,,,,,,,,,,,,,,,,,,,,,,,,,,,,,,,,,,,,
Q52LJ0,33.020141458600826,32.88388832958894,33.46561540317067,30.698807825518173,32.56422520529176,32.96584610504941,33.23183701033313,33.26643219229087,33.16139644990502,32.934934875166945,32.99890900811531,33.19484557172953,33.33171154829638,33.49991516207682,33.56932726043922,33.257682156764176,33.4031052964102,33.31774767640482,33.57305719867044,33.449659931751555,33.53325825486142,33.18580694094055,33.624249913159716,33.28071873984207,33.219283286349736,33.43336720617509,32.86776990252664,33.49789427211715,33.16089011542919,33.37677768207605,33.50968378573212,33.36479296885093,33.28203084176549,32.7061846819866,33.339890447296476,33.11322279892174,31.23133152352809,32.34484710041414,31.305508656742816,31.59610234907501,32.61425555255809,31.506046442870066,31.595290587435343,31.4042882111396,31.80910407537081,31.150905217941357,31.25886968075516,31.395820719292658,31.68024810254822,31.30928067857242,31.01868137707055,31.526492468956434,31.702144532783464,31.42679685255846,31.805614234316085,31.536294660185263,31.656300289302578,31.687395147035872,31.581119138611694,31.554808687221765,32.95395088807594,32.14536984970061,33.012374711697795,33.00338878791386,31.983048193243405,32.97411389905187,32.323856997791836,33.13056617384157,32.312964693456095,32.22004087260759,32.69135966277386,33.350354285668175
Q53F19,,,,,,,,,,,,,,30.67224941692933,26.349092140659554,,30.81516133616427,,,31.560376923504613,30.805607113543854,,,,,25.557312622199827,,,,,,,28.13383833672691,,,,,,,,,,,,,,,,30.417938702822084,30.036107807372748,30.163197413621084,29.758341085701478,30.108692729511898,29.30218476039881,30.142262443986606,30.36957653180179,30.649630774293648,30.376296334356663,30.083456227889343,30.02285006725219,,,,,,,,,,,,
Q53FC8,,,,,,,,,,,,,,,,,,,,,,,,,,,,,,,,,,,,,,,,,,,,,,29.650179930024013,,,,,,,,,,,,,,,,,,,,,,,,,,
Q53QZ3,,,,29.915433552032557,30.439025089289583,,29.884895314215477,,30.184845970011846,31.117253591709297,,30.36328652706145,29.59710630071518,,30.313254638221924,29.95628431602305,,30.163840422014314,29.76897347554143,29.694805877719094,,29.888540462633014,,30.10784903089772,29.047199690993608,29.915636330655584,29.17050954782361,29.501761150842167,30.212323087981407,28.250482446046167,29.31538748464717,29.186503816924475,29.83276512562308,29.372249254450683,29.64020383099386,,29.717712896449857,,,,29.940820857543745,29.5042806065491,,,29.478694350605004,,,,30.147245805600523,30.33470337279758,29.586912132634236,30.075580608576242,30.282092657573184,30.55308910909488,30.55986562351998,30.1382203996765,29.88577843246912,29.9742392730963,,29.966765770277814,,,,,,,,,,,,
Q53TN4,,,,,,,,,,,,,,,,,,,,,,,,,,,,,,,,,,,,,,,,,,,,,,,,,,,,,,,,,30.658730211039565,32.59457321373453,,,,,,,,,,,,,,
Q562R1,,,,,,,,,,,,,,,,,,,,,,,,,,,39.70529696437198,,39.11847200751387,39.820857042193225,,,35.9381517154263,39.46731106006776,,,,,,,,,,,,,,,,,,42.85020580622935,,,,,,,,,,,,,,,,,,,,
Q562Z4,,,,,,,,,,32.30447261382195,,,33.84368955911822,32.900394898605896,33.05364394658518,32.17545994272586,33.78706743495799,33.59349365582506,32.36727394329094,32.88799249584376,33.23746525776483,33.31285722689067,32.64619366395408,32.65242264706929,,,,,,,,,,,,,,,,,,,,,,,,,,31.79789391203347,,,31.715016423445885,32.09354900031754,31.97379550560086,,,28.173335057016033,,31.58433552726488,,,,,,,,,,32.305872712175336,,
Q56VL3,30.37105572221685,29.849896756690438,29.653844036222782,29.78358897758697,30.356554979386754,30.001459273691072,29.866942114188614,30.188367421856906,30.44018819098644,29.55710458979838,29.729824076232614,29.78583228902055,30.783430981603775,29.06584308117228,30.129590434069048,29.776240042902867,30.358009172885755,29.698970100276988,30.111212997286806,30.30414348386644,29.918669256977253,28.3475113206381,30.3494828952452,30.0889819042486,30.120004422659658,29.595291433008843,29.78743128546009,29.969447075120762,30.317599521867876,29.22145100100654,29.890729816594696,29.83149490110056,29.963139779613638,29.069313730794935,29.69997531819598,29.958011393518138,30.307282367819436,30.05852894436952,29.961258040055267,30.020840099229186,30.564360398940103,30.27909287923126,30.36881976730385,30.156620233932866,30.291857545604977,30.29258718875227,29.930901082592264,30.059877538878492,30.318177607517963,29.62617028174299,29.962839653370747,29.427971882029542,30.125339286925676,29.496387781661188,29.598051610691563,29.409041005308307,30.79714825189897,29.30613422453854,29.963994391721812,29.286864022208338,30.142698034679547,,,,29.725193332040202,,,,29.501314147649794,29.87808406961864,29.325180553810814,
Q587I9,,,,,,,,,,,,,,,,,,,,,,,,,,,,,,,,,,,,,,,,,,,,,,,,,,,,,,,,,,,31.538202845403646,,,,,,,,,,,,,
Q58FF6,,33.16399181110957,,,,,,,32.89145688423279,,,,,,,32.45509630405893,,33.09781530924067,,,33.07931410777572,33.07313481910163,,,,,,,,35.01474758896601,,34.47610271526856,,34.76449774512374,34.40713425918902,34.287045007164004,,,,32.00060597910995,,32.66417451544476,,,,,,,,,,,,,,,,,,,,,,,,,,,,,,
Q59ET7,,,,,,,,,,,,,,,,,,,,,,,,,,,,,,,,,,,,,,,,,,,,,,,,,29.427029222026672,29.80494943344538,29.455932876263915,29.885036213213205,29.079499493577305,29.015584526158975,27.860788119497727,,29.472352239953217,29.39505130445628,28.45711682336643,25.53044193658691,,,,,,,,,,,,
Q59EX4,,,,,,,,,,,,,,,,,,,,,,,,,,,,,,,,,,,,,,,,,,,,,,,,,32.67045706662584,32.572037453083496,32.413340930356085,32.59651592554702,32.7007187693211,32.53385031672015,32.48985323067099,32.58475803719066,32.71962727450988,32.265900109905886,32.38916101520855,32.6983048898318,,,,,,,,,,,,
Q59GK9,34.569324621870585,34.60161343257249,34.583491498023484,34.60816603638195,34.72024887044216,34.644588965625225,34.698677366003274,34.601194089094804,34.69137001454428,34.61934353508801,34.7794156047187,34.30919955595802,,,,,,,,,,,,,,,,,,,,,,,,,,,,,,,,,,,,,,,,,,,,,,,,,,,,,,,,,,,,
Q59GM9,,,,,,,,,,,,,,,,,,,,,,,,,,,,,,,,,,,,,30.777212685888458,31.12396977730574,31.276933054370858,31.070983706097202,30.82796405359244,31.27256081002664,30.847724445775825,30.79428802792389,30.880468851700158,31.217402375571016,31.22024183913092,31.279303083438528,,,,,,,,,,,,,,,,,,,,,,,,
Q5BKU9,,,,,,,,,,,,,,,,,,,,,,,,,,,,,,,28.69252071112861,,,,31.29248024355732,,,,,,,,,,,,,,,,,,,,,,,,,,,,,,,,,,,,,
Q5BKZ1,,,,30.033920633301335,30.113297493304223,,,30.51148899241835,,29.82555853756857,29.370048493814366,30.478237508887112,30.327128498926392,29.461677962732054,29.56306578883485,29.72173257395901,29.346667753806933,29.60049651088682,29.638220770455664,30.042389962667826,29.750832558389302,29.425433464289704,29.927490937442464,29.676522758634718,29.346730734441287,29.44670449418389,29.471724358908578,29.798316428867803,29.5163146333835,29.365792692147977,29.39116378457799,29.746498292881682,29.620779848035454,29.411888923796084,29.388366181217883,29.64618552737165,,,,29.593937836294728,,,,,,,,,29.469836420309566,29.452077609008985,29.165439355913634,29.695753559841876,29.492750697192793,29.07651889821917,29.241944829321017,29.80768242217214,29.621833633150604,29.545476229191998,29.225484852239262,29.76802405657098,,,,,29.351432640356993,,,,,,,
Q5C9Z4,,,,,,,,,,,,,,,,,,,,,,,,,,26.478730277607458,,,,,,,,28.79817337463332,,,,,,,,,,,,,,,,,30.23695963312088,,29.54549435591835,,32.288183659036534,,30.44514647978683,,30.713815945368733,,,,,,,,,,,,,
Q5CZC0,,,,,,,,,,,,,31.880483302071344,,,,28.61456441146578,,,29.66015616278992,,29.997906043682068,,,,,,,,,,,,,,,,,,,,,,,,,,,,,,,,,,,,,,,,,,,,,,,,,,
Q5EBM0,,,,31.32598341573322,,,,30.713017614111767,,,,30.39733498565099,,28.7695765177478,29.480376924742167,29.897530654733856,,29.777672507492994,26.750674398427734,30.310590985483117,28.988266391463696,29.477111367351526,29.27785956766163,29.670208912590642,27.909236855382762,,28.088864087917866,30.273400254426875,,28.109595260838415,28.23776696954453,30.286793588784104,28.36588425231096,27.263904647524704,28.82463933685009,30.205233807735084,,,,31.13023979877693,,,,30.675331427782364,,,,31.18845676681327,30.688531740567633,28.914761487847855,29.654197543488017,30.693815114216573,,29.397529167675504,31.107160691989677,30.80593753573524,29.724313610247926,29.559719963206422,27.52583639110144,30.574891501529002,,,,30.091172215316462,,,,,,,,
Q5F1R6,,,,,,,,,,,,,,,,,,,,,,,,,30.372364035347722,31.08324842953619,30.690428588039346,30.560123926095436,30.69547961519101,30.578275181913835,30.922845897804134,30.41373326153935,30.39948690088542,31.17937665165456,30.682424753891475,30.3012234060881,,,,,,,,,,,,,29.188847236454205,26.09880040022575,29.577674073281237,,27.09454767259767,28.00938680773846,29.156290224974335,30.082203792964457,25.263208362986155,29.407519954127267,,,,,,,,,,,,,,
Q5HYI8,,,,,,,,,,,,,,,,,,,,,,,,,32.384569064728026,33.12454292896328,,32.76202828523222,,,,32.89766134772806,32.73782006068018,,,32.82198955405913,,33.47243080385898,,,,,,,,,,,,,,,,,,,,,,,,,,,,,,,,,,
Q5JRA6,,,,,,,,,,,,,,29.93435309238646,29.26714538013339,,29.199635086267435,27.299987315037875,,32.02247322735688,29.19188366485195,30.68955212905066,32.31397869492139,32.0243794888457,,29.327247344828617,,,,,,,30.018095682321924,,30.107633714871554,,,,,,,,,,,,,,,33.191960099518155,31.31253425172101,26.929034571664257,30.46509551783425,,29.843066198202617,,,,30.54306826548172,,,,,,,,,,,,,
Q5JSH3,,,,,,,,,,,,,28.331876830119374,28.079879376198857,28.016049282428934,28.73861860348682,,,27.961312637877644,28.15403333303257,28.48584055610209,28.422611844473213,,,,,,27.697720595461515,28.16302050651036,,,,28.22613191803831,,,27.966421061676204,,,,,,,,,,,,,,,27.492987824487166,,,29.53820083218262,27.899078650323887,,29.330639098037647,,28.53472511139145,28.367950817446445,,,,,,,,,,,,
Q5JTJ3,30.34931490042501,30.002369595210805,30.1327598926303,30.66020233818279,30.364609346803082,30.274050035170465,30.001370024238437,30.289952524535035,30.345395720209122,29.880050088977274,30.233151551451453,30.451960591801782,30.78424084974507,30.16074079212147,30.320911010031498,30.427973252428725,30.76344864151773,30.17951414889711,30.447691333646507,30.693147924727093,30.723382529492618,30.066296179120606,30.40361667034091,30.43391347973243,30.95080937808316,30.36656285257399,30.97655206680869,31.014053964013964,31.106235831831434,31.21434357216424,30.1695660071026,31.01421550818748,30.95334792522912,30.518103014160378,30.740900492324503,31.062166781977044,,,,,,,,,,,,,31.607311528013145,31.450082513881565,30.68562534578884,30.95617332261858,31.304532338575935,30.414335540201687,31.190296761742307,31.025556784379372,31.482297969914036,30.269458602742663,30.80956013590026,31.012898164008032,,30.232793602271116,,,30.555545553329374,30.206119562091434,30.33524319987453,30.42465057464781,30.77773718916791,,30.5623507243034,30.336775829025502
Q5JTZ9,30.523179626070384,,30.444812601937095,30.35735860805757,30.18625862150181,30.538046339349595,29.94526437608801,30.290325195163238,30.243675416033536,30.15204391943581,,30.046047420036015,30.281426564474305,30.36030389029604,30.169371130200606,30.45812019883011,30.271924114466565,30.070864945858972,29.614190499593978,30.157647735926044,30.208781337656866,30.197665329190365,30.32580635014697,30.24907698833641,30.125327074627293,29.906504708143242,30.110369834088367,29.967784065937323,29.978014550730606,29.797824888270018,30.037127209502113,30.19395796441966,29.98768925315863,30.1858946083645,29.955678897825162,30.337169516269608,30.26242580891296,,,30.383827763424552,30.36952759936636,30.41731141401892,30.488735230733003,30.348238806169203,,31.05803476038351,30.749224184482994,30.685880159947434,30.515835784882157,30.043201719244756,30.242587926307312,29.69980317316265,30.277749758592602,30.508712480804643,30.319749937077585,30.345214332400566,30.2644878988196,29.7779232347755,30.399766159280333,30.481397254877457,30.771267042215168,,30.32695157642561,,30.584906026648692,31.478812593848065,,30.468638966240093,30.92984451535143,,30.626208249058497,30.789428473233368
Q5QJE6,,,,,,,,,,,,,30.195452749058024,,,,29.077837429338242,30.356377293120094,,31.67163046984477,31.007767713373386,28.401363478081525,28.101613381827736,28.88401602299078,30.8064322220476,30.570997516869927,30.248250245671322,27.649167895827365,30.833198327826977,29.723840821828666,27.797321104705066,29.967364728492367,30.833995443157814,30.49479856254852,27.646845496286968,,,,,,,,,,,,,,29.914303666381723,29.252134526094498,29.944966194231046,28.838797821294424,30.006793138134523,29.02678948857971,29.830165187072513,29.780194399723506,30.386669263648965,29.73743290282686,29.996258091261,29.569081406187582,,,,,,,,,,,,
Q5RKV6,30.45500175602695,30.122060053163437,30.107546310563,30.09398298365432,30.53336100633935,30.488995028065645,30.235557507152187,29.755695134038543,30.30110591507704,30.67235216013783,30.39878745114481,29.891731680197243,31.177941474089593,31.151155362412013,30.77256234474874,31.072014685771972,31.21139845972672,31.07748669089748,30.867993270999072,30.705638169508482,30.984407315942466,30.973453717256703,31.18230527603146,31.127373925099302,31.276766587937868,31.23962115545597,31.10308404368443,31.332562941020218,31.31896294605824,31.246899582920722,31.137102960491994,31.26868416034245,31.35489289661757,31.27619939825072,30.929864714532147,30.991432884487196,31.408588320191413,31.186610937177733,30.807435422608677,31.196025620557407,30.96594340224364,31.188817827146472,30.876849878222036,30.917718606251217,31.13964879608868,30.554890533977723,30.456801861967545,30.472150254690977,31.170093142103237,30.5504512466029,30.942677659232753,29.363626074053652,31.198530841353286,30.805706660802624,30.5836068970136,31.064799483827645,31.11830689243516,31.49783711060416,31.122219515773505,30.786279629926696,,30.59364155804354,,30.343842333270732,30.5845378253158,30.74951724260858,30.82550347586127,30.853003933620723,30.7026126159963,,30.27353473507934,
Q5SRE5,,,,,32.55104029945306,,,,32.30781371774613,,,,29.927910991956452,26.741292698106466,31.586541288846842,,29.592387970876043,29.756115352929204,29.733307269266728,31.58038135325248,29.754593151076268,28.22802716426611,29.59433969164358,27.812927990412522,31.29774309812483,31.46802430262839,30.914600164922607,31.439913982681176,31.311157977921916,31.460111473293203,31.381555501433635,31.753492376214144,31.422640415802398,30.85287236481386,31.55176197588078,31.059592526438156,,32.509560665515025,,31.856841542452944,32.14113519230535,,,,,,,31.87821963357528,32.03030189354281,32.158674765843635,31.952987212317726,32.080454075932934,32.731778976774805,32.001977393210865,32.1996753291376,32.367128210086385,32.52731704835148,31.888830415551983,30.62067687930595,31.66206462378567,,,,,,,,,,,,
Q5SRI9,,,,,,,,,,,,,,,,,,,,,,,,,,,,,,,30.736665704467644,,,,,,,,,,,,,,,,,,,,,,,,,,,,,,,,,,,,,,,,,
Q5SSJ5,,,,,,,,,,,,,,,,,,,,,,,,,,,,,,,,,,,,,,,,,,,,,,,,,,,27.688271667759093,,29.68980042363162,28.798672720366408,,29.27679951919101,29.426317012219645,29.193233318039162,,,,,,,,,,,,,,
Q5SWX8,,,,,,,,,,,,,,,,,,,,,,,,,,,,,,,,,31.87387703703954,,,,,,,,,,,,,,,,,,,,,,,,,,,,,,,,,,,,,,,
Q5SY16,30.514497708732627,,,,29.499289749327186,,29.266069091070964,30.01763793913354,30.50378182119512,,30.379027036824485,31.27040795414257,30.39348599049158,29.513086348556854,30.16268972983135,30.495570920582825,30.482981189382464,30.463678442571396,30.533156985898653,30.47233419438073,30.675604889906783,29.960337968844396,30.417159877542694,30.59272284129347,30.34994638925566,30.950634808855373,31.483975633065864,31.27816734124922,29.575604881768104,30.05031697137514,30.24871104523721,31.152587739251526,30.66672492990793,,31.36452736644294,30.158127493053616,29.71481238550954,30.8767852634204,29.311840592128036,,30.15991286768027,30.54838959398284,,30.717205512409837,,30.963866539214262,29.919608337085986,,30.15683296180382,30.13597771723256,30.495791893746603,30.015285895772305,30.228902296910594,29.63292494242743,29.627268914564628,30.143932008768186,30.027129690825927,29.784003060804917,30.135296157263582,30.158528107417315,,,29.554689872910924,,29.503017120751416,29.35995159127047,29.929250415253822,29.258797158497597,,29.88649243145009,30.820938997853677,29.716387235271025
Q5T280,,,,,,,,,,,,,,,,,,,,,,,,,29.796205669818693,29.488079126063393,,29.62799657726799,,29.221344478862346,29.69315570150168,29.375029287509637,29.338853926371716,28.748468343324813,29.35218152680428,29.09341599960136,,,,,,,,,,,,,30.002066849644596,29.094174540132293,30.993146533679365,29.391939649029958,29.679778302113508,28.866888634839622,30.840251036588125,29.849863086395953,29.62965102110716,30.75345021791519,29.205114755866838,28.947743727829742,,,,,,,,,,,,
Q5T440,,,,,,,,,,,,29.268569024250606,28.852499494031743,29.439285036644655,28.840653848299734,,28.874958962235414,28.961261789444986,28.09385025023273,,28.789640173550918,28.432877978611867,27.672817768810756,,28.73433060239844,29.14053900208941,,28.993532571256193,28.933844595425306,29.25446599134537,28.903688703637616,28.87287720738446,28.76506996056995,29.141704085647753,28.683910479411,29.064610451089553,,,,,,,,,,,,,27.499781526673377,29.363564706526308,28.97271881763042,,28.553030801012763,,28.932571176438383,,27.603144430529735,,28.927859530615457,,,,,,,,,,,,,
Q5T447,,,,,,,,,,,,,,,,,,,,,,,,,,,,,30.539020765038796,32.21017502925422,,,,,,,,,,,,,,,,,,,,,,,,,,,,,,,,,,,,,,,,,,
Q5T4S7,31.75279679172943,31.749206491646753,31.69292935284615,31.54870786256585,31.770824289301387,31.56131869021146,31.66225306357668,31.549604942313216,31.601260767294526,31.84491053483315,31.927834167657604,31.74379661226798,31.233617284375118,31.83273016023712,31.990097431832105,31.62023264018594,31.608874191936998,31.644968541863427,32.10050759708432,31.81743086677502,31.302218374878027,31.75475035192501,31.82195002049777,31.82497326995704,31.709041998776737,32.095642404025384,31.909663819016814,31.67958695766554,31.74265110277343,32.03636021838032,31.850425790576054,31.87216997552339,31.627378819607962,32.05598899859756,31.894943709519648,31.825565828434613,31.513522389980018,31.87524205498255,31.613233301532674,31.201293412566695,31.591904019266742,31.641902820636005,31.443364010958526,31.919082093025267,31.749813146979825,31.738085093263674,31.619089165713476,31.497569324373245,32.065290403440535,31.932658600402362,32.103136378268154,31.895313755658442,31.927210556109888,31.937310409536643,31.765357840599236,31.77860500836892,31.95890967901929,32.06506047091674,32.15848885032957,31.633225773009908,31.752000021670515,32.217993084768985,31.266118694076432,31.76971112075223,31.702682927241142,31.729283081870495,31.72843432746693,31.565817452098308,32.12977879746861,31.849798784149158,31.651527798447958,32.06367093430996
Q5T6V5,,,,29.870565580293288,,,,29.728899368300826,,,30.02439555295716,29.841294329019323,29.483011109569716,29.250045253293585,29.526426239478532,30.375782143747678,29.37370558009161,26.419602864297843,29.75622694020771,29.637129557563497,29.681987357135107,,26.853613739997826,30.10247961456549,,29.237048415436895,29.49934846296403,30.214285533407935,29.25765978386269,29.810860697458672,29.73310163713854,29.815673671567094,29.6002525903229,29.273470145707307,29.50625486120479,29.594868503003823,,,30.785165418126212,,,,29.265818155173918,,29.012936233482954,,,29.888997030789383,28.863482116416574,30.420884888802604,29.60325789857422,29.65405051886558,27.87058069076129,29.501451570342304,30.938155533171923,29.958543267663682,30.119082075983936,28.533973765098885,30.143369577698397,31.28456214135252,,,,,,,,,,,,
Q5T8P6,,,,,,,,,,,,,,,,,,,,,,,,,32.257433969985996,32.34792045502331,32.45124594680591,32.71428778045372,32.44563940142966,32.430750714108605,32.6044884891886,32.50242697695579,32.43511218414061,32.66305938590786,31.411139777167257,32.52020574254825,,,,,,,,,,,,,32.36311233832414,32.40058228994911,32.44931301332891,32.396716063749594,32.09727559427239,32.242513709696105,32.132531503031586,32.12444533960961,32.39786996346431,32.20437188221023,32.17930497856354,32.162097471005076,,,,,,,,,,,,
Q5TDH0,30.221553632945422,29.96106504423502,30.615183346436158,30.705099565387403,30.766886653154383,30.78777036029277,30.645122365145685,30.97809207256557,30.94910688855713,31.03155452077921,30.769029425692725,,30.50055184608601,30.359984723149477,30.007774577125588,30.503555622680192,30.58784666790971,30.53317022483008,30.0746752228797,30.543487714239294,30.156457360449625,30.52919701906913,30.186056632138587,30.281403667606885,31.008080338675843,30.73391148354442,30.989612421059274,30.789726883284622,30.686573282120374,31.1110638245888,30.863954516238675,30.719938392517168,31.043283905393658,31.243658126679588,30.7908556739737,30.48947802241712,30.419623072064145,31.033497944504536,30.64463966183204,30.360743866131063,30.513560802269104,30.577005529448723,30.50503434103294,30.76991475831146,30.548336901514585,30.908008125256284,30.62842676973271,30.603275890605964,30.830049425873028,31.02766389462707,30.852839812493954,30.77605108274067,30.87374390346938,30.849247012073782,30.674637492293957,30.857637792083892,30.865728945008353,30.980597181797595,30.881707802221335,30.99907208177792,,,,,,,,,,30.686974290150285,,
Q5TEC6,,,,,,,,,,,,,,,,,,,,,,,,,,,,,,,,,,,,,,,,,,,,,,,,,,,,,,,,,,,,,37.179166106629644,36.7712312891272,36.5479565781878,36.739749895165225,37.283884878031145,36.87778152885843,36.54861253130897,36.91592498637428,37.141919586353836,36.94776484249843,36.508208948505136,37.104190036754495
Q5U5X0,,,,,,,,,,,,,30.820888477867634,31.27968249150696,31.34472837826684,31.190325387361753,,31.428407254505988,31.438747132577355,31.066525104787022,31.141046127145472,31.37305708631157,31.269330005020173,,30.1278639621772,30.014549941199043,28.125958438461506,30.139445231762437,30.018242632055294,29.67847836268613,30.189340327588916,29.894560390165942,28.296428037294618,29.899487573920325,30.034242257222726,29.860356355889223,,,,,,,,,,30.270929321012005,30.503922592229053,,31.068759201315494,31.0850963869864,,,31.238065133980356,,,31.531088571640964,31.124456240139825,30.927471685990614,30.822953359300207,,,,,,,,,,,,,
Q5UIP0,,,,,,,,,,,,,,,,,,,,,,,,,,29.067907482589792,,31.649942878076956,,,,,,29.072025129963393,,,,,,,,,,,,,,,,,,,,,,,,,,,,,,,,,,,,,,
Q5VSQ6,,,,,,,,,,,,,,,,,,,,,,,,,,,,,,,,,,,,,,,,,,,,,,,,,,25.750963447171372,25.912167252161986,,,,25.496960367440877,,,25.90594819167812,27.403349019695654,,,,,,,,,,,,,
Q5VT52,,,,,,,,,,,,,28.96707968230244,28.959965238816768,28.213019833206474,29.13768280385834,28.44896889584968,28.330530814085893,28.58783642731052,28.929610232178497,28.584901537071296,29.02215302616692,28.892728636501815,29.21818201281438,28.158628420339475,28.8850257363381,28.555648646739876,29.472741170568224,27.86624500904064,27.94994818943154,28.659676854090787,28.92161358644239,28.407746292350076,28.857851659168468,28.4115726032751,29.426594615390307,,,,,,,,,,,,,30.138987217360707,28.884425070505678,29.617015729656735,30.96991606394605,29.66464912023556,29.12970064137521,29.465092000275078,29.638410990500923,29.101721857916246,29.359651101193343,29.2745156173208,29.460437026359287,,,,,,,,,,,,
Q5VTL8,,,,,,,,,,,,,,,,,,,,,,,,,,,,,,,,,,,,,,,,,,,,,,,,,31.86508956381452,,29.236681020614874,28.960874395150512,28.83221205061695,28.281089401334494,28.010888254887135,28.118577116489416,,29.34733952406716,29.095178148110456,28.352480755164045,,,,,,,,,,,,
Q5VTR2,,,,,,,,,,,,,,,,29.858586233777206,,,,,,,,,29.186507080629582,27.6898185332358,,28.14856560897489,28.052067885872898,27.96976977967659,27.891707201525357,28.270725791237197,,27.899118110418488,31.029786391994733,28.55555065954266,,,,,,,,,,,,,29.329347550769427,32.6989333531785,31.39436038879225,30.41096253474111,29.997023213863738,29.46081822869513,31.865824256030436,30.613970220550243,30.81423599277521,31.218122521528514,,29.846977739868667,,,,,,,,,,,,
Q5VUA4,,,,31.202775714098518,,,,31.364534818544758,,,,31.159040999175286,29.80855129290786,30.41198400738532,29.4514967516637,31.03540409594218,,30.46398673531239,31.4590507812372,29.734661454483206,30.956126358624307,32.022937775168316,31.77822584845143,30.11572357476454,29.796792964064647,29.75041506534645,30.78437242547584,29.836000821379802,29.389122049749584,29.774765737077498,29.30555440329432,31.100375926112623,29.790607372416343,29.63233805944377,30.141773187916417,31.047889376021097,,,,,,,,31.407690964741946,,,,33.15625831247932,29.257078172915833,30.037391206302008,30.287343788482314,30.456224199503872,29.827495265057557,29.780152482378494,29.300521809180967,30.33796228702798,29.178913246419814,30.118270984019286,30.44356581540081,30.7121620751112,,,,31.141110460821317,,,,30.690499457803977,,,,
Q5VV42,,,,,,,,,,,,,,,,,,,,,,,,,27.884261006005936,28.004302588283274,28.33792138540916,27.418317976277585,26.0288609127903,25.45006736540731,27.565303467854246,28.321447500464956,27.821135954533023,28.47141559280135,29.022814196191025,27.81762468059255,,,,,,,,,,,,,27.738959542445116,,27.035548628127316,,26.460870269186522,,27.149605683868558,,25.912891469973133,,27.933576779042617,,,,,,,,,,,,,
Q5VW36,,,28.539932303913876,,,,,,,,,,,29.239018582360746,29.596755898689292,29.66238712755168,28.657989851793847,29.343695876123046,,28.795618226811523,29.925854797640014,29.203413627641655,30.608493766368003,29.53094905359074,27.845357394330833,28.71966547258346,29.72533824734711,28.340016441789068,27.89093332072686,29.451670794633035,28.404115087576372,28.823988435833446,,28.718450955570457,28.085025988967313,30.229676285906823,,,,,,,,,,,,,,,27.901835692796116,,,27.756885707725278,,26.984737087979877,,26.798069968433236,,26.513488557990367,,,,,,,,,,,,
Q5VWZ2,30.283079312234122,,30.612339100429743,30.793422362560513,30.98491334940556,30.786813745122757,30.654023031304824,30.93726036177363,31.118100363070194,,30.464923913194482,30.89025340086029,30.833907877990544,31.072875292278447,30.97834926721415,30.856179077775728,30.96418861809402,30.922869322556206,24.658303368782008,30.35220072448047,30.723806118679274,30.684462124203733,31.02727627451756,30.868388540140586,29.99830934484792,31.070618096135977,30.671286806266224,30.601457805867604,30.738447163337373,30.941973311457474,30.892307261928238,31.05608105035491,30.805558768004897,31.089222046649503,31.068476827280527,30.544389392770547,,,31.150471771626407,29.987328541578393,30.3200643435025,31.072520286249905,30.17037674002713,,30.955548837823095,,,,30.97816610275593,31.214159096281147,31.266857734356797,30.349791214702005,31.145185142387163,31.44253250009066,31.165706110132973,31.31397228699344,31.030145141163956,31.031567679845498,31.141080342803697,30.444311944795828,,,30.85420034573439,,,30.320011439689992,,,,30.28710964742473,31.114751252802215,
Q5VZ89,,,,,,,,,,,,,27.978784124224973,,,,,,,28.383219430842807,27.772781001922475,29.453775510379067,,29.907339886343685,28.175840108748844,29.74657332216734,29.117175114214056,29.776996737680648,29.416693112996526,29.71135560287066,28.563403071499764,29.74536559676903,29.069358052799284,28.17914994337516,28.508688084421113,29.476308881022725,,,,,,,,,,,,,28.313854242299428,,,,,27.13637494327076,,,27.475075566341264,26.730825551636833,,,,,,,,,,,,,,
Q5W0V3,,,,,,,,,,,,30.06450657289866,29.600470997564457,30.2497794191264,29.42486263090096,29.804909759186643,29.89090620779635,30.491460334191995,30.728997363984117,30.079366266952803,29.772553915855706,30.096823932078795,29.588103056645508,30.100879840458315,29.578305902918505,30.108660169079396,29.83601582902437,29.533800102208037,30.216362516360473,29.982174737332507,29.494782639608445,29.819724202537056,29.78278319852541,30.254831537186295,29.94694388607624,29.897007627646506,29.669353846320266,30.365002643644104,30.397271661536198,30.279050026748763,30.187687859691717,30.635629256290887,30.0686019453088,30.31094140532861,,30.056822319897883,30.359040447205633,,29.14878544824855,30.3296443229806,28.96411889971045,29.222902613038308,28.75160329849914,30.198997521312418,28.73834807479481,29.41296977131201,29.371794590288346,30.144585632202705,29.65107878841739,29.737654171979955,,30.925177542809784,,,,29.965384911612418,,,,,,
Q643R3,,,,,,,,,,,,,,,,,,,,,,,,,,,,,,,,,,,,,,,,,,,,,,,,,26.948637729345027,,,,28.83810368087957,,,,,,,27.082071904155576,,,,,,,,,,,,
Q658Y4,,,,,,,,,,,,,,,28.056908626612064,,29.00073439525255,28.898360886828762,29.21734577855579,,27.026060239201165,,,,,28.29603226045843,28.597613259122653,,,,28.625336582270002,28.511930894733005,28.049370499522436,28.965295797071207,28.788698807422932,,,,,,,,,,,,,,27.760320238056295,,27.84491420086551,27.727642335192765,,,,,,27.706011100119156,,,,,,,,,,,,,,
Q66GS9,,,,,,,,,,,,,,,30.11424930523811,,25.72426372346998,,,,,29.1299608204884,,28.070733846484913,,,29.737395055509708,27.80997710372305,,28.570332833513902,29.649885756731607,,,30.118969962921007,,27.54683559695274,,,,,,,,,,,,,,,,,,,,,,,,,,,,,,,,,,,,
Q68D91,,,,,,,,,,,,,,,28.160110688825217,27.613509927887304,28.39059055373215,28.194226482522843,28.488229873858234,,29.27196424215227,,28.472368217761673,27.920781142906023,28.752825013845605,27.765132479093072,28.415653537025197,26.98887639049232,28.78075495568686,,28.769869018652823,28.607924540783554,28.735465237097504,28.72258768899506,27.985253844281207,27.572477176187935,,,,,,,,,,,,,28.93086616478538,28.706270683996348,,,29.173910816170345,28.240667088606788,28.22866821025706,,,27.51631758228919,,,,,,,,,,,,,,
Q68E01,30.36150161381094,30.22170460166936,30.105083447605697,29.92525169031278,30.188164763673587,30.624745512996807,29.79890543073192,30.253432329460743,30.059249143137098,30.048649738477366,29.895691247051822,30.09840717868409,30.183317883396555,30.276984683672765,30.29352698264493,30.299056288817713,30.449993806655108,30.326926948331508,29.84597023708368,30.337685189207903,30.407262229514878,30.28295592756223,29.865218778597363,30.473975249996116,29.992421762247606,29.997658173709997,29.929732140875235,30.018043419547382,29.750228681000735,29.901759484374868,29.76463329543977,30.235295443696177,29.90011934359345,30.097125825760493,29.35440350508608,30.14715193159819,29.321636375232554,29.483998278174585,29.69213999641764,29.655633548828956,,29.503634003271614,30.53682527724263,29.494194975958226,29.520602769858936,30.254272080932527,29.22414949854586,30.30106209323959,29.89506999952736,29.063245572777543,29.544606508534994,29.929384306165307,30.083397523642258,29.680944739739875,29.52777029165945,29.62687048609253,29.75643452088159,29.62557232399018,29.611477219471855,29.714187085505497,,,,,30.480593949819344,29.26191883386333,,,30.192795867681422,,,
Q69YN4,,,,,,28.71955557561669,,29.24491261410988,,,29.391634457770277,28.095198103720783,,,29.55702574395712,,,30.563710369623266,32.199739639043464,,30.745169211734293,,29.926022613857157,29.183687890967505,29.316411263327126,,29.903366586063495,30.133077320252255,28.674501132044263,,,27.460556406162517,29.439025472806303,30.82272315320972,,,,,,29.815453000102664,,,,,,,,,28.55398812263082,28.33425318234653,28.2772628399453,29.914179771364367,28.616017371615833,28.52955864805201,28.754879423205608,28.466888267616255,28.292697433958885,28.363952257985122,28.155648476100765,28.816962860697377,,,,,,,,,,,,
Q6BDS2,,,,,,,,,,,,,,,,,,,,,,,,,,,,,,,,,,,,,,,,,,,,,,,,,,,32.116852717097736,,,,,,,,,,,,,,,,,,,,,
Q6DD87,,,,,,,,,,,,,,,,,,,,,,,,,28.68803831879324,28.814188087083128,27.702496048486033,28.483840736510093,28.291522031541312,27.829733152873747,28.01053840141303,28.254842167125236,28.6016569703194,29.116259887125587,27.869860108918374,28.12541444655933,,,,,,,,,,,,,27.853908542788865,27.544706958084113,27.20054515208998,27.285239808603507,28.03222853462918,27.67446580147984,27.253324917447344,28.233347430073845,28.1003960404066,27.281332031917735,27.7172857092917,28.08654987901722,31.696693238146118,,,,28.76262196701747,,,,,,,
Q6F5E8,30.328667609439993,,,,30.680061207112583,,,,32.023584676905806,,,,30.691745105329417,29.30751323704217,31.2878924549745,29.05788272969488,29.764051060738662,30.313064905697583,29.64748580437701,29.82330546569297,30.058182909508815,29.768388902532532,29.528211470088696,,29.535005482222363,28.54624287686496,29.208991989165934,28.71506670553625,29.40745239952491,28.890338061350814,29.09304605359606,29.18607193313047,31.297200622935307,31.705791731742245,29.048970099525395,29.45200977275714,,,,,,,,,30.676198599720603,,,,31.52077280534133,30.748171646991338,31.526469631830427,31.347044996829197,31.392203448379412,30.479757842917802,31.24624702869971,31.68960378743004,31.407372770618764,30.852981995785026,30.861656155752147,31.276644779623364,,,,,,,,,30.397653160467765,,,
Q6FG99,,,,,,,,,,,30.98969936889989,,,,,,,,,,,,,,32.94646577577647,33.339059520685744,33.16100159535862,33.51279325699124,33.0633574204653,32.202419386380534,33.41676741780825,33.37785587753617,31.531463652859646,33.31705491517106,33.02875466196672,33.30517032516909,,,,,30.730312291909677,31.357825100590876,31.433502811146052,30.777817834319556,29.52076338149138,,31.271415890915588,30.839728899321834,29.745663354600232,,31.863537027067423,,30.659938998020756,31.180684568510717,31.77811403234857,30.99302592572721,29.81753236164042,32.0546085353395,31.623126457966375,30.252839200711122,,,,,,,,,,,,
Q6GMV3,30.869065304207687,30.99564052676655,,31.80311244862827,30.670454624077784,31.15866450657868,,31.185717556562857,30.563581138971436,31.33875456391285,31.05035218870924,31.67376132950502,30.372283593099795,31.091627067842843,29.81824933635766,31.416843016289647,30.72392036596463,31.108822766395072,30.63059261546939,30.04408004151572,30.624594645514335,31.041714721809434,30.699369385617075,30.014706746486475,30.131175177225344,30.99851843090569,30.700960409815714,31.64393453247323,30.61930343863518,30.484482023176604,30.99157292312951,31.56352556824759,30.10003302683615,31.06986032973382,30.298230892258893,31.38741218765118,,30.9251483898504,,31.574450956770725,,30.92594769971626,30.95623844304452,31.377871996061188,,31.430559237996228,31.243062091831042,,30.83463350546149,30.89306255905226,30.698678932435556,31.97572077942398,30.818722557913226,31.028638768317265,31.003896038300695,31.925309148041897,30.752764549326173,30.81653566408847,30.618711455341625,31.455431917078776,,,,32.24696154166038,,,,,,,,
Q6IA86,,,28.942160610131975,28.763010208523184,,29.356378413417367,29.027493496621318,28.885208263282006,,28.81402442793722,28.754979855617115,28.835412498613174,28.931754185203783,29.07338748492203,29.45098882000293,,28.42711489767413,30.555342547253574,28.61721977204117,28.706205014238332,28.62417171324789,28.906075020038436,28.989256126052414,28.683116380400946,28.48622218366518,,29.158317825658354,28.853585983767893,27.87343268419484,28.527609343165533,27.83462657727209,28.69040861483267,28.355687112712815,28.276802825654997,28.641576447231934,28.62807837726642,,,,,,,,,,,,,28.246438906983094,28.712251152082096,,28.61384932986116,28.651683389129527,27.70131992697014,28.144814252463185,28.013531034077197,28.77563077032413,27.740014174878212,27.810354675552347,29.145412085222667,,,29.225211082028085,29.335574698475746,,29.3284807336835,29.393676401209014,,28.969290526320563,,,
Q6IQ49,,,,,,,,,,,,,,,,29.579469140647568,,,,,28.50729276553901,30.116920705008678,,,31.329834482604166,,,,,,,,,,31.551069477502637,,,,,,,,,,,,,,31.988403993297087,,,30.218269478964764,31.362556943018355,31.123955737090107,27.86308534996502,30.73428248431676,31.414665187846175,29.41623855805577,30.68920823947852,,,,,,,,30.03657255950778,,,,,
Q6NUK7,,,,,,,,,,,,,,,,,,,,,,,,,30.22970890953342,30.187493618722023,30.219834331423,31.44939900113929,29.927609813224333,30.590984579811277,30.050036203972383,31.360685504592748,30.42671680702795,30.504682117314672,30.478180964752024,31.51375816561896,,,,,,,,,,,,,,,,,,,,,,,,,,,,,,,,,,,,
Q6NZY4,,,,,30.362579617346917,,29.306670108699635,,,,,,30.204816512422237,,28.959049606658223,29.10036439775479,29.39710634143266,28.475221407125396,,,28.58590852695732,27.425545663003764,31.23678233926098,28.068006457695738,30.36116603438315,29.75368915483779,,,30.037892931659666,29.675851658082575,29.987505651506563,29.81379643175688,30.171271140925803,29.528527866236292,,,29.699455643164697,,,29.31996665009445,28.939498612487377,29.941247120380748,29.552993830578192,29.652167464757817,29.363643085145224,,,,29.911809517525395,29.39556507324154,29.214876962199988,28.721796151640145,29.879822718453354,29.241727119210548,29.92460791931899,28.39977501028856,30.20261975022869,29.994714331663314,29.544899229659492,28.539238217045067,,,30.694472950667233,,,,,,30.292684830271398,,,
Q6P161,,,,,,,,,,,,,,,,,,,,,,,,,30.316324198580126,,31.021751200285347,,30.418443450400282,30.77504378736854,,30.232873098160745,,,30.982137567303653,30.95909004146172,,,,,,,,,,,30.682455940966683,30.523306105711427,,,,,,,,,,,,,,,,,,,,,,,,
Q6P2P2,,,,,,,,,,,,,,,,,,,,,,,,,,28.694147115455408,30.009473555051162,31.249393809524854,26.06341781462859,28.829859213932128,,,31.971341154577626,,28.783146402459522,31.028843266520035,,,,,,,,,,,,,,,28.119035371294586,30.129285570889444,28.182134937063957,30.936199147185572,,28.103492241885412,27.906356255483125,27.78863011228367,27.36081154321806,28.057066543549833,,,,,,,,,,,,
Q6P2Q9,31.782197487414724,32.11357055524649,31.800470501858246,31.97030379699656,32.05100084387006,31.732385986473712,31.09854129966182,31.721602268495392,31.80748099986056,31.73983762510258,32.26090616897167,31.53603977432967,31.899582247181364,31.362663732184803,31.790025135225218,31.446754128698313,32.06437015955884,31.880935773956292,30.49704032920393,31.314909441011437,31.735964990136296,31.484322626568147,31.902688680114604,31.321615521385983,31.943591250479106,32.25045833781263,31.978606222628567,32.14523156838043,32.21196362583949,31.665540481272412,31.97244089827618,31.55285051840804,32.274530324449096,31.594367877525936,32.00868940842122,31.698051225062667,31.61270825720481,31.601031990692146,31.248070206779182,31.71679029030146,31.35187106588744,31.74046339880032,31.292526483156454,31.56864920530335,31.606138213821687,31.716570605595773,31.62621015012554,31.79433526529029,32.31997716795108,31.916969288996608,31.778269951458395,32.30560165003449,32.00460950785218,32.5928870617408,32.17137142452841,32.41131113076642,32.58126856363445,32.251979867499436,32.1633599255117,31.855994768111454,32.0186928375406,32.12539080367669,31.73832077258847,31.925323916031562,32.12101109448267,,32.01709134907656,32.008718609413165,32.03083961566271,31.914627224411397,31.634764261876587,31.871626590176277
Q6P4Q7,,,,,,,,,,,,,28.611230916794003,,,,,,,,,,,,,,,,,,,,,,,,,,,,,,,,,,,,28.804736401187593,,,,28.801201800480587,,,27.16878380496068,28.9257049761508,,27.880230025680568,,,,,,,,,,,,,
Q6P582,,,,,,,,,,,,,,,,,,,,,,,,,,,,,,,,,,,,,,,,,,,,,,,,,26.98508684972386,26.4637491911357,27.487682545047587,27.189552262856292,26.953248557974444,27.751060081103308,27.372249003335035,27.35814028151054,27.253715648534783,27.324694630684878,28.300880031950612,27.48788496882894,,,,,,,,,,,,
Q6P587,,,,,,,,,,,,,29.69854059931466,29.432356605045783,,28.932516416253918,29.49014271258062,29.322289194605972,29.499960912305973,29.546744486951383,29.58870115776856,29.451019247916328,29.207786485854008,29.1899129232974,30.02007620346744,29.458756950837703,28.363971756889605,27.90831044366039,28.59512280453258,29.619726836643984,30.735363065340117,28.470875629458483,29.94394642649877,28.83950977700784,30.428444140905754,28.16478685528277,29.914331351500614,30.137524368565053,,,30.30861199565861,30.86352400254225,30.095583822699993,29.577658513719086,30.883894820063283,30.016041805588273,,,30.2886458886,30.356624414378707,30.72762586836047,29.69410188099601,30.49553238258649,29.801900462393164,30.272450532438114,29.84292168639776,30.16158546995883,30.174301916455114,30.23950828997026,29.241033120065936,,,,,29.283646457682565,,,,,,,
Q6P589,,,,,,,,,,,,,,,,29.735999974906857,,,,,,,,,,,,,,,,,,,,,,,,,,,,,,,,,28.627059413597113,,29.238834973101245,,,,,,29.849113779826972,,,29.731833464267655,,,,,,,,,,,,
Q6P6C2,,30.960006897395516,,,,30.407203086966724,,30.24210661666647,,,,,28.90502422726903,,29.05479526704927,29.266069866391817,29.283810705730822,28.453399778152047,29.087664668960358,,,29.124442576520927,29.145937887456334,28.985909679811797,30.447892302446284,29.62764535111382,33.453341927576325,28.9040860545084,29.122008332229367,29.655390670995352,29.204411475735974,,29.789530413542373,28.657842202404257,29.42895204716431,30.945226329670792,,,,,,,29.87441580642778,,,,,,28.875623377070905,28.59934404549945,29.523276602678955,28.40765119882662,29.106884420624127,29.254398472824462,28.90018403546432,28.74827177457749,28.44095658642447,29.365022892065628,28.826367871247363,28.690462417397043,,,,,,,,,,,,
Q6P9B9,,,,,,,,,,,,,29.509987833071968,28.818745370804677,29.36230704944371,28.617498119805237,28.90824305646082,29.370927536686565,29.01254015692533,29.4610535271294,30.230683256145173,29.152245419449507,,29.700060659170383,30.072979774227136,30.119791217681275,29.872585972920337,29.845416448549752,30.20872581099731,29.62778166924415,29.27850212982205,29.84326789146612,29.56329465092923,30.193202424798294,29.680889673948656,29.94738383969461,,,,,,,,,,,,,29.068914139861818,28.794363116065767,28.61199847036553,29.028295218519762,29.13619028704891,29.028463784259273,28.858623970907033,29.004455834169477,29.522247161269163,28.277412136835494,29.099546426840305,29.456650266095213,,,,,,,,,,,,
Q6PCB5,,,,,,,,,,,,,,,,,,,,,,,,,,,,,,,,,,,,,,,,,,,,,,,,,34.39714510407216,,,,33.576605806239776,,,,,29.776080441556644,,,,,,,,,,,,,,
Q6PD74,,,,,,,,,,,,,,,,,,,,,,,,,27.0391527167201,,,,26.56035104336701,,,28.214933517602205,,,,,,,,,,,,,,,,,28.673046168800617,,,28.573537102250484,31.425628914799162,,,,27.312473040637457,,,,,,,,,,,,,,,
Q6PGP7,31.205677010417716,31.573379067977655,31.26465852459587,31.853770487769896,31.442969160159954,31.629615545304194,31.538362076312396,31.69422745989372,,31.59676731449988,31.32723086237736,31.666689842410094,31.089910491360403,31.30769188935463,31.42221969884152,31.743316057310995,31.402323202691115,31.109386728601418,31.419699429396907,32.03801230936854,31.065074331963913,31.28237961953624,31.45713428700448,31.850393338630905,31.483407955436846,30.51167787998812,31.650076066830056,31.918254211415647,31.463905127356398,31.64200163180881,31.680483120589663,31.740402066846052,31.031823325423623,31.62776716235689,31.72299875095912,31.416002013495863,,,,30.99911911073275,31.148316893030064,,31.50548829961994,30.864592605157615,,,31.011513250752564,31.68417064023005,31.47706841854532,31.39138028217713,30.897705286146333,31.430630579634826,31.153000385048735,30.98154199734245,31.49613337872033,31.243424780271106,31.21056920655673,31.360363900679992,31.777608138723977,31.29329465235366,,,,,,,,,,,,
Q6PJG6,,,,,,,,,,,,,32.30299989924553,,24.51387083513512,30.464037483320656,26.442802266435322,32.117973578969334,26.731718284307874,29.937557705391143,32.17381405428401,31.497244117444623,,25.65106992870037,,,,,,,,,,,,,,,,,,,,,,,,,31.069965612020585,,31.656249004552738,29.759886023285148,31.672536757737277,31.215620998975034,31.670757301350204,28.938792617055356,31.516192013811867,,30.975562932306538,,,,,,,,,,,,,
Q6PJI9,,,,,,,,,,,,,,,,,28.611998997316434,28.25770743820091,28.33388553571588,28.062059037313844,28.21228407846329,29.0563094163547,,28.39297552827511,,,,,,,,,,,,,,,,,,,,,,,,,,,,,,,,,,,,,,,,,,,,,,,,
Q6PL24,,,,,,,,,,,,,31.094806729193262,,30.09566127429342,31.410138475538385,33.01522850274761,,30.576207812836067,30.90682716193218,,30.418196110550426,,31.42822434841145,30.241942067968576,29.815132966545807,29.977976151381473,30.427333110015617,31.894949314462316,31.170979151942294,29.950927948483997,29.89200450019263,30.450456108149265,30.921016380983424,30.229174542419564,,,,,,,,,,,,,,,,,29.79322628260466,,,29.73107293116704,,,,,,,,,,,,,,,,,
Q6QNY0,,,,,,,,,,,,,,,27.658490983230582,,,29.751720628625687,27.974880436546513,28.074969191663047,28.138310575786353,28.31061915893687,29.66039027316845,27.910429264412354,27.88888923494409,28.590825032946118,,28.009602112729116,28.319177541487125,,28.798138326549687,,,,,,,,,,,,,,,,,,,,,,,,,,,,,,,,,,,,,,,,,
Q6R327,,,,,,,,,,,,,,30.010454258909906,,,,,,,,,,31.121627862361688,,,,,,,,,,,,,,,,,,,,,,,,,,,,,,,,,,,,,,,,,,,,,,,,
Q6SPF0,,,,,,,,,,,,,,,,,,,,,,,,,,,,,30.680170593471896,,,,,,30.560991537387668,,,,,,,,,,,,,,,,,,,,,,,,,,,,,,,,,,,,,
Q6UW63,,,,,,,,,,,,,,,,,,,,,,,,,,,,,,,,,,,,,,,,,,,,,,,,,32.013278459823496,27.703304127360685,31.097519414213796,29.950452519852323,31.069867953288092,32.158735373860495,,,,,,,,,,,,,,,,,,
Q6UWF3,,,,,,,,,,,,,,,,,,,,,,,,,,,,,,,,,,,,,32.32692487490028,,,,,,,32.63421233438044,,,,,,,,,,,,,,,,,,,,,,,,,,,,
Q6UXV4,,,,,,,,,,,,,,,,,,,,,,,,,26.77008370344251,,28.55735045151406,27.324383686643692,27.4872639898732,,27.671462149114774,27.306187222008056,27.407546560803397,26.949051003806346,28.820266146694074,,,,,,,,,,,,,,,,,,,,,,,,,,,,,,,,,,,,,
Q6WKZ4,,,,,,,,,,,,,,,,,,,,,,,,,,,,,,,,,,,,,,,,,,,,,,,,,34.94316752436164,35.069601282983385,31.70326336807821,,33.22170184853749,33.608156307050635,35.17096875486431,32.32284606075682,34.83847265353214,35.15572908112698,,33.506836133279094,,,,,,,,,,,,
Q6YN16,,,,,,,,,,,,,,,,,,,,,,,,,27.911787251729738,,28.567096821493426,28.559788164848133,,28.981427868572755,27.98378456057868,29.15309317301701,,28.740139969700085,29.143767274909372,27.900626768849754,,,,,,,,,,,,,,,,,,,,,,,,,,,,,,,,,,,,
Q6ZMI0,,,,,,,,,,,,,29.456237805256315,29.77021866462834,30.469678102224552,30.849812344294563,29.081824750378996,30.51740424767102,29.55596077208143,,,29.750010891460153,29.476909718590377,29.78143215743831,29.241714337049896,30.305317935884045,30.153244402778153,29.856544065361987,29.786996106205716,29.212769307934582,30.707797782629214,30.62232985459397,29.483136292268203,30.12223702427846,29.922991268553247,30.775629676589084,,,,,,,,,,,,,30.70808623928937,30.21720778051802,31.095927906703015,31.087306628268134,30.380658796328422,30.55557584683746,30.690045259249377,30.712114237565803,30.420155852025683,30.6936952953826,30.659792310821693,30.870025934200672,,31.256425687980258,31.01773296836588,,,,31.229933425989675,,,,,
Q6ZNK5,,31.30144104593996,31.14017195462298,31.219024351693307,,31.316518240819168,31.310468917380064,31.081593501693177,,31.39023058017594,30.958566456117094,31.127942231329428,,,,,,,,,,,,,27.52993369262679,28.65646704571413,30.49100916543175,30.680269211248024,,30.674098291395364,28.38551471722287,,,30.656594286749772,,,,30.89911107143137,31.20213147995502,30.94717780962577,,30.912544048839877,30.949600779026312,30.953651287522028,,30.992191236298417,30.532295654051158,,30.961719634675656,31.997906874460575,31.56775367136905,31.53792805522773,29.676081452340846,31.657348978474225,31.603399508285303,31.861700918865616,31.006754255478704,31.776851408706214,31.711848671928287,31.786102132552983,,,30.65089882821532,,,31.144329116269653,,31.034798611794542,,30.225846825872406,,
Q6ZRP7,,,,,,,,,,,,,,,,,,,,,,,,,,,,28.435457260889706,27.322956012451538,27.851743561621817,28.27447910053885,,27.467958149385613,27.356831807799676,,27.801550904732416,,,,,,,,,,,,,,,,29.13303625976454,,,,32.105806903496564,,27.42878576889119,,,,,,,,,,,,,,
Q6ZS10,,,,,,,,,,,,,,28.221701581353514,,,,,,,,,,,,,,,,,,,,,,,,,,,,,,,,,,,,28.694997700184704,,,,,,,,,28.174271102616526,31.606288645671228,,,,,,,,,,,,
Q6ZS11,,,,,,,,,,,,,,,,,,,,,,,,,,,31.937257559730067,,,31.98595166636284,28.58959375714005,,31.35043843957369,,,,,,,,,,,,,,,,,,31.48828481386723,,,,,,,,,,,,,,,,,,,,,
Q6ZT12,,,,,,,,,,,,,,,,,,,,,,,,,28.264476020184972,,,,,,,,,,,,,,,,,,,,,,,,,,,,,,,,,,,,,,,,,,,,,,,
Q6ZT21,,,,,,,,,,,,,,,,,28.617271568730867,,,,,,,29.31371027954194,,,,,,,,,,,,,,,,,,,,,,,,,,,,,,,,,,,,,,,,,,,,,,,,
Q6ZUJ8,,,,,,,,,,,,,,,,,,,,,,,,,29.162762669396738,30.01890257649319,30.11407935165509,30.59183531315703,30.11416908184945,29.966427485700454,29.868700991867073,30.445998292560137,30.35473481706023,29.999273318268894,29.93104860968249,30.300865483226637,,,,,,,,,,,,,30.68387928595576,31.437612950081412,31.49487747718463,31.70240306560421,31.19444989965112,31.41674270321871,31.227119686596296,31.738390741948088,31.354292279561268,31.331838882948684,31.083441136287263,31.636023314353,,,,29.92002585265584,,,,,,,,
Q6ZVK8,,,,,,,,,,,,,,28.300547764733853,,26.935252418171515,,27.920736136452017,,27.997398272322297,29.410944695532894,,29.1087321056014,,27.657982502428947,27.941868721697414,27.560728895702702,28.099676112552533,27.89468287887355,,27.334846095248892,27.57099965214422,28.02681478606743,27.10694779901347,27.154436518352338,27.132708593849564,,,,,,,,,,,,,27.230210583317405,26.537442086049104,25.93625155955085,27.333504919054768,,27.414204409822556,27.165362153918668,27.241137710564974,26.705080870066816,26.830493518962243,25.856437779481524,25.983934159713403,,,,,,,,,,,,
Q709C8,33.83203565370266,34.12956562694835,34.32570528405278,,33.52887365204768,34.39204272898378,34.08342135540883,34.04971433978772,33.668731203431676,33.88120336313863,34.39310008686636,33.79500923278094,33.34871984020674,32.79021483682653,32.80682117804625,32.82676002640204,32.82103574147978,33.313958252612025,32.93541587918613,32.41825987727949,32.9156097411669,33.21024739484093,32.89256060814412,32.70609435474631,33.46192807254011,33.85985227581274,33.31893593123868,33.45275866106374,33.443920235720746,33.54978435417803,33.60746629896727,33.65024005411323,33.48038281893798,33.75386431431451,33.29800380796154,33.74669246601617,34.762075931902324,34.48077542599191,,33.97925261708772,34.328974633549045,34.51727961336366,35.25633790099161,33.97131492393252,35.13189535254935,,34.36421652568357,34.74958150623179,33.20131791974517,33.6218464390812,33.25384173622119,33.09469162983632,32.89114804727657,33.22493158838552,33.36384496693867,33.286041157150194,33.170356000661634,33.14122636368969,33.15849631358734,33.00110940759825,,,,33.41935362943409,,,,,,,,
Q70CQ2,,,,,,,,,,,,,,,,,,,,,,,,,,,,,29.88857639277198,30.48260388032314,,,,,,,,,,,,,,,,,,,,34.74601782159704,31.308172325549712,,,,32.31237036991522,,29.762917157060038,31.676945236642425,30.455782212373627,29.7733736878304,,,,,,,,,,,,
Q7KZ85,32.16582481295144,31.876579099821104,31.756082879226323,32.01760348176708,31.926836785514396,31.870788399088884,31.452285060162875,31.787367686344684,32.261371512552046,32.22126648843862,31.68044817237385,31.777275824138957,32.33399215077952,32.22422825838793,31.639490280321045,31.819361559289597,31.765947320140953,31.231242464161248,31.73882624919548,31.251222983845903,32.054561238592214,32.0627772826909,30.551143071738668,31.464157116750936,31.43056408379353,31.383587868793892,31.029350568279206,31.19570126491798,31.311141287264007,31.23625259372084,31.25573667989731,31.215029771233933,31.41152723794357,31.361915617366858,31.229592361772188,31.08230458597854,31.910423825659894,31.97139166763923,31.040577008144265,30.616721563930806,32.13766211648839,32.0761521993815,,,31.912257973403875,32.133861350344354,,31.91217550456332,31.586737662170282,31.626650174445384,31.506816528283245,31.426355661141063,31.723701481063554,31.521931084297197,31.08790224905252,31.53612636776202,31.721430236117826,31.664795312539994,31.542137862705868,31.59831123574403,31.72031157073364,31.0625588257013,31.515831554070363,31.736566872198534,32.3150634857926,31.219750518063172,,,31.94848507005385,31.960047245323278,32.744495811909495,31.835275766961548
Q7L0Y3,30.54906568231884,,30.366984590086332,,29.94713224697081,,30.179693501633636,,30.596459197444865,,30.239869744323325,30.122768844038468,31.0735270012717,30.437105039848213,30.99780708065355,30.035934604492194,30.21422879092754,31.008239900844053,31.160461881753,31.230355839072786,31.38752177420055,28.047644022944453,30.72630197722615,30.819769408221333,31.192300283943624,30.919196729519427,30.788289243204943,31.015710636002645,30.517208950171664,30.452964338127348,30.927699599607212,31.01575634325984,30.5829846563768,31.225539761244278,31.103794826591724,30.542112585151727,30.105709817624145,30.51441692260424,30.791554261149024,30.16353682549328,30.16546035604469,29.540934518556327,30.671447360591728,,30.174145342584062,29.737298073622803,,29.96179998386194,31.013403077295784,30.910911329620532,30.555943738511978,30.752327957067223,30.958841514037914,30.951574414588677,30.001223017931952,29.96274026871641,31.095469447090675,30.286255293215092,31.056220442538013,31.122644629988322,30.294960952099693,30.562098797787094,30.64317960873492,29.996352310375233,29.176687644102564,29.793051272701405,29.894838104758982,,29.934465430713082,30.662678462488216,30.354322799676822,
Q7L3T8,,,,,,,,,,,,,28.635210944915546,28.435598096553434,28.62556774887137,28.990909306364543,28.66185622261484,28.95403372919224,28.138256322990024,27.51280317545727,28.751129015939256,28.2353959213154,28.925867195928788,28.830138064935497,26.46773890402631,26.888506536050382,27.96494784962315,26.012111366829892,27.12951599589003,27.666788898638817,26.71564379766204,27.609579170707335,26.865409368798403,26.829602510497736,27.006958804695586,26.44756750742543,,,,,,,,,,,,,,27.562918203028964,,27.473473291112178,,29.872925334380938,,,26.979323438462963,27.37765468034486,26.770429619650777,29.366872660543542,,,,,,,,,,,,
Q7L513,,,,,,,,,,,,,,27.4763602721831,29.416812870796505,27.473955363423165,,29.622766229090097,28.940246919088352,29.276883445142488,26.40082200914918,,29.319891291030306,28.158448376947504,,29.80158774702405,,28.24501767295721,25.756778812150344,,29.81788956186434,28.5988346236976,,29.088518344987023,,,28.614016949498,,28.99471749631594,,,29.836371408154235,28.83158388238961,28.788702164792966,28.412236161667813,,29.63040502462377,29.328189409714334,28.683254860847512,30.016199893346105,29.588937811906806,,,30.039577673475065,29.694097918443553,29.69342840384333,29.052438893108068,30.070525636468403,29.40635759111326,29.581358161826596,,,,,,,28.38526889842666,,,28.95199296566025,,
Q7L523,,,,,,,,,,,,,,,,,,,,,,,,,30.376508145265905,29.19854957899166,,29.333109377012164,29.154815651142137,,29.34463631969709,30.93178217552662,31.150520404626626,,30.637960639294263,30.730751034383538,,,,,,,,,,,,,31.09991492901274,,30.48247926819291,30.41153639265523,30.580179513637177,,30.534500885857028,29.893237176801463,,29.970154847707235,,30.57205369827976,,,,,,,,,,,,
Q7L5D6,,,,,,,,,,,,,,,,,,,,,,,,,,,,,,,,,,,,,,,,,,,,,,,,,,,,,,,,29.9346442788274,31.861672726296515,31.488222284385373,31.044963544713188,30.901056282229916,,,,,,,,,,,,
Q7L775,,,,,,,,,,,,,,,,,26.501850997304594,29.380679309869137,,,,31.30651197446727,25.62364130036316,29.881273838074982,28.549433392832334,,28.49834245772984,,28.839688752104497,28.303415379584283,28.694001135328747,29.013692989989494,,28.67458935719581,,29.1366422634699,,,,,,,,,,,,,,27.19676648952857,,27.900168574010927,27.619715108282392,,,28.15293876488336,,27.86500720604959,27.809603789827804,28.654345913825722,,,,,,,,,,,,
Q7L8W6,,,,,,,,,,,,,,,,,,,,,,,,,,,,,,,,,,,,,,,,,,,,,,,,,32.10090663292305,32.239878043466675,,,,,,,,,,,,,,,,,,,,,,
Q7YPT8,,,,,,,,,,,,,,,,,,,,,,,,,,,,,,,,,,,,,31.431202986945628,31.89354373480743,,32.897765018217335,,32.02818579946022,,32.877862868334226,31.13781437058967,31.82559756267174,,,,,,,,,,,,,,,,,,,,,,,,,,
Q7Z333,,,,,,,,,,,,,30.750835184570136,30.481851213295855,,,,,,,,,,,,,,,,,,,,,,28.3411617780173,,,,,,,,,,,,,31.053420951114248,30.552358271722923,30.15978765498835,,,,,,,,,,,,,,,,,,,,,
Q7Z3K3,,,,30.119987626589353,,,,,,,,,29.60370678923509,28.58289876157751,29.608141642417724,29.649574790248597,28.865588640067134,28.69865944764634,29.098749194000984,27.5770780504525,29.94549525958467,29.01548689004105,29.61104767918568,29.669033618208037,28.38006890110207,28.863684147880928,28.385520343326903,28.259297852111658,29.133292068416832,28.991062083569613,28.858936286451762,27.94229899207141,29.624307033376443,28.573342366082823,28.47315295003354,,,,,,,,,,,,,,,27.601776178076026,,,27.741380508674784,,,,,29.41083540010958,29.454286176408726,,,,,,,,,,,,,
Q7Z417,,,,,,,,,29.19568795896189,,,,29.185132433860332,,28.629752244285264,28.786809463209835,27.92763892807041,27.84347317781854,28.326202169144032,28.339327404622107,28.79643465480084,28.251109012369106,27.65607770324444,28.590148889764528,28.118927475389,27.88832732932884,27.898424853760936,27.75291044447426,28.782066837790815,27.685729226835516,28.20771691054651,28.4368917922195,27.854741581072204,27.88221795340038,27.677457716624815,28.374235966729813,,,,,,,,,,,,,28.67337887189099,26.85870991223524,27.419566880346583,27.856533127326657,28.570684059041902,,27.12722510727476,28.382400584493,28.04790089021637,27.84634599601884,,28.223645416100766,,,,28.050992485906836,,,,,,,,
Q7Z434,29.9067043026989,,29.696570513424824,,,,,,30.16183806440303,,30.09599530931079,,29.948023757821066,29.934013647796572,30.069225129626318,29.752520994332087,30.17450908208694,29.44481266299557,29.162871050469864,29.81283034874402,29.972909697292497,29.681713463463606,30.01988319012018,29.619387072981606,30.34526270044226,30.454243085942547,30.175390137810506,30.080272749647445,30.26633367498833,30.501517446899395,30.641633914498847,30.15857797279389,30.217862421733244,30.276190210781206,30.621108750839625,30.093127288818003,30.327432173383617,,,29.91296566951136,30.19288423249399,29.585884280853247,30.544671794853574,,30.048220294783736,29.924320989224377,29.833591163282957,30.30389737729566,29.978003024469626,28.852525054951894,30.12592889175855,29.85339481023875,29.531007386707685,29.692266117090302,30.261548378970552,29.299824570452113,29.520796649617264,29.93815342268791,29.413802387205674,29.905979696248217,29.433820410016846,28.92214321077518,29.765222877600916,,,29.540980508775714,,,29.52131104684332,,29.537919442094175,
Q7Z478,,,,,,,,,,,,,,31.037372133122567,30.237711639866973,30.781382331821078,,,31.156567979886116,31.50841270999866,31.068491036007075,,,31.3852798593269,32.37420840028432,32.26314028650184,32.03489760209656,31.744300190406875,32.05999697373107,33.37107721135574,32.20559750219345,32.046449348449066,31.458888949831973,32.50496169334773,32.40988521575163,32.07697715246112,,,32.522208527859966,32.124593272239046,,32.41734225769515,32.28817593009569,,,,,,31.17477617746647,31.16804529216193,31.293513159256065,31.523291453133105,31.154534717544195,31.287128427488334,31.41093202922616,31.405054946013156,31.24860518995404,31.845418296059393,31.40130365058048,31.54183701382665,,,,,,,,,,,,
Q7Z4Q2,,,,,,,,,,,,,,,,,,,,,,,,,,28.980853668197767,,,,,,,,,,,,,,,,,,,,,,,,,,,30.298851865307633,,,,,,,,,,,,,,,,,,,
Q7Z5L9,30.761770769032097,31.357142376082052,,30.51477927377548,31.253407971894255,,30.336342251592892,30.629396631314336,,31.00779251164269,,30.756449847956404,30.416383789751787,30.049909626406027,29.836475150504256,30.1807494045024,30.513752036973358,29.89515205346028,29.941496206098073,28.901630946380358,30.13548474837806,29.843866820186204,28.687899218996574,30.578093052301284,29.953142734166676,29.470587602562226,29.303499773945113,29.436336087342678,29.479485334105114,29.592767512410287,29.48445607862655,29.530501178920638,29.427334652168835,29.591304035833485,29.63371940618564,29.787716360538557,30.38741494035884,,30.905043038008024,30.51624030244045,30.326644802997684,,,,27.046189525401882,30.09207169803213,30.80237091448226,30.486508579549138,30.860024175608306,30.236968529732273,29.965398241665703,28.438476211467396,31.162759132450567,30.123894042521886,29.76002626776497,30.643159977846643,30.576538240513237,30.10434599843954,31.25806004541343,28.440092524203266,30.942875989479163,30.07833969907724,30.062451991236998,30.967559393093055,30.850420475323848,,30.237512562474997,30.4521972454593,30.80849662933192,30.727438197268594,30.197787135515185,30.627429914226763
Q7Z612,,,,,,,,,,,,,,,,,,,,,,,,,,,34.571587696118364,34.102722432850086,32.64343021331113,33.017983813635915,33.70373749953796,34.301117016089975,34.10083634864328,34.37142137247122,34.82147162270123,34.43817949818049,,,,,,,,,,,,,,,,,,,,,,,,,,,,,,,,,,,,
Q7Z6L1,,,,,,,,,,,,,,,,,,,,,,,,,,,,,,,,,,,27.93637395638627,,,,,,,,,,,,,,,,,,,,,,,,,,,,,,,,,,,,,
Q7Z7A3,,,,,,,,,,,,,,,29.388366459737938,28.80456865867053,,,29.52450286601218,,30.63794166763545,,,30.786286277057307,28.261837822400665,,28.510917272748042,28.517794933627712,28.686708037738843,28.325917663658668,,28.82275893877943,28.309651396311192,29.051580576553643,28.94365135482747,,,,,,,,,,,,,,28.52271298491548,27.70925171960329,28.739611481435848,29.485539783185004,,28.713060440519875,29.256485626005475,,28.786160656290786,28.008170076119246,,28.805271008175136,,,,,,,,,,,,
Q7Z7E8,,,,,,,,,,,,,,,,,,,,,,,,,,,30.575162901329175,,,,,,,29.646291693782967,,,,,,,,,,,,,,,,,,,,,,,,,,,,,,,,,,,,,,
Q7Z7H5,,,,,,,,,,,,,30.896771547638636,31.34142280951777,31.196667494941188,,30.86740010530383,31.55103104267263,,,31.140053452754763,,30.676868595450127,29.95970814480927,30.293837917781705,29.96892591820607,30.812116417981713,29.504270030362783,,30.81301031278159,30.887937325658786,,29.591941795259114,30.27820436174569,30.638852408904672,30.098987216807974,,,,,,,,,,,,,,,,,,,,,,,,,,,,,,,31.418869406757903,,,,30.598773674498535,31.074175381280515
Q7Z7K0,,,,,,,,,,,,,,,,,,,,,,,,,,,,,,,,,,,,,,,,,,31.343390175344943,,,,,,31.400180312389978,32.21899707964452,31.81712787541955,31.8165602413345,31.760562769021426,31.876335582445947,31.664552331511977,31.943221553439905,31.741436924923015,31.91997712885547,31.75613868281705,31.955204230023266,31.91736524008573,31.47362430570274,,,,31.303669686813286,31.606816508091676,,,31.539363106101902,,,31.179573290787417
Q7Z7K6,28.992075907614982,,29.388809384932834,29.10422799478556,29.40954361360498,,28.901952489685698,,29.26073508265516,,,28.816541026804884,28.988692380364284,,28.587952040940127,28.145926416166077,28.900456715325813,28.939397113363235,28.87386314155446,27.310742897255544,,,,28.952118855322894,28.325571369267024,27.83933251952311,28.64162767819858,28.437000457671168,29.083405615027026,27.76860186078728,27.517683757217146,28.156572022126426,27.373507972649758,27.844243369194633,29.342282973360867,28.998795102979816,29.43728203758189,,,29.83756297578377,29.71704032291912,29.31466169351107,,,29.242522633278824,,,29.268863967275333,30.140714562374527,29.07866947942906,28.933771022964102,29.903434768714643,29.998798079298425,29.504525984129927,29.61667801871744,29.923445996686322,30.036729391032342,29.15367896360774,29.508761050266074,29.23447851937499,,,,,,,,,,,,
Q86SF2,,,,,,,,,,,,,,,,,,,,,,,,,,,,,,,,,,,,,,,,,,,,,,,,,31.350203799450767,,26.981339775043523,30.105520702885798,30.322083426018544,,31.112284724309415,,30.66418205314108,30.677230229238,30.896870492145233,30.491549518693017,,,,,,,,,,,,
Q86T24,,,,,,,,,,,,,,,,,,,,,,,,,26.308923423684828,,,26.828705433560682,,,,,26.259925904866687,,,,,,,,,,,,,,,,,,,,,,,,,,,,,,,,,,,,,,,
Q86TB9,,,,,,,,,,,,,,,28.06032471572715,,,,,27.19506661894596,,,,,,,,,,,,,,,,,,,,,,,,,,,,,28.12426496586589,28.372520791341994,27.275698863116148,29.22897724630289,30.03707956023859,28.232599722157122,28.466977241444663,30.133064466544905,,32.3385842546714,,29.91941462721721,,,,,,,,,,,,
Q86TI2,,,,,,,,,,,,28.97659126541056,,29.141767736507898,,,,,,26.377174277914587,,,,,27.499188425736225,27.854601113345133,28.06068340683416,27.835193552955815,27.897087313740784,27.87451181273225,25.991315310674885,27.683919363668643,27.764109985282424,27.682842197467156,27.398864833013796,28.09983807996254,,,,,,,,,,,,,29.796902140809564,29.291642785748614,29.106849080109544,30.10606323194778,29.064310423488784,28.54336061740574,31.0885852840583,29.41340382773732,29.817362215601236,28.93784517533929,29.04007565844968,29.088458796971445,,,,,,,,,,,,
Q86TT1,,29.353574037931413,,,,,,,,,,,,32.12532990443749,33.37517851935427,,,31.842904780147393,32.574015745765095,30.613202762482814,29.549573011749782,32.03214518219981,33.054627984552205,30.125469445971635,,,,,,,,,,,,,,,,,,,,,,,,,,31.908381105354078,30.026442213202394,,,31.948977694602096,,,,,29.897429576000466,,,,,,,,,,,,,
Q86U42,,,,,,,,,32.81851736353483,,,,32.61207288709294,,,32.1501974478445,,,,32.25321862283415,,,31.994430956544335,,,32.38762936543462,,32.92118240056774,33.23677052890846,,,,,32.753994512121544,,32.68605959516281,33.25296297935215,,,33.13210296168445,32.97086583033336,33.43990100035212,33.18424146464986,33.45998958583121,33.777153877246384,32.999803722748716,,33.39372653448175,,32.92161884090408,,,,,,,,,,,,,,,,,,,,,,
Q86U90,,,,,,,,,,,,,,,,32.00552648024717,31.89185927993652,,32.36759861201151,34.48884075297156,,,32.42303342670198,32.10972634197468,30.35620445012905,28.610830604665175,30.355854076757744,30.244610302572482,29.87958821365141,30.26216946099366,29.8817580041852,30.493109531076705,29.953097518240128,28.606626129382036,30.145812575158246,28.898720106227138,30.93002982051369,,,,,,,,,,,,,34.16986815641042,,,32.571355634505146,,28.311612544248298,,31.389245198952707,34.22494672164526,34.192124942679875,34.0291994635636,,,,,,,,,,,,
Q86UF1,,,,,,,,,,,,,29.02961347980748,,,33.4418953714388,29.11957721439923,26.516353404042135,31.312293312301627,29.34384203634606,28.73437650295482,29.37670715707236,29.618351745515586,,26.643203185999592,,28.944985988211705,28.812860094873866,,28.278866771355013,28.66757353608294,28.43705537464163,27.151267557063424,,,28.171517892480686,,,,,,,30.80664926727097,,,,,,,,,,,,27.5963639897341,,,26.641892598475806,,,,,,,,,,,,,,
Q86UX7,33.632533048813045,33.52400812762243,33.16545712536703,33.568984460776825,33.61213971235802,33.522884942593244,33.432595506787514,33.709631630285095,33.44398266697806,33.56027314082352,33.369773089395814,33.47332902185583,33.44919341807504,33.54870138637728,33.09226085558497,33.61692634587056,33.67557635178274,33.472781825226164,33.03217990582491,33.47251494377046,33.42969138634093,32.80489679709957,32.76006238133778,33.521415227198396,33.792653778354214,33.84629471715318,33.91431212080158,34.01863864659479,33.76102343728275,33.78676679880353,33.44663491997453,33.91343116014407,34.19269955366611,33.94681151428672,33.39408193307841,33.84754773681452,33.6920519370835,33.65026737766235,33.88413681647999,34.335921652176566,34.01531553784848,33.834901790159684,33.503030786769095,33.62200806558176,33.41323329736841,33.61564241507714,32.96522139406607,33.97502952111089,34.11529887528342,33.94545624133319,33.66594441782409,34.1281988047493,33.93935593653868,34.00902178375786,33.8671862105616,34.37457046663187,34.23170377818662,34.01392170837459,33.730546460893294,33.97670732204516,32.926810319587936,33.136237145689165,33.263623667305964,33.30148028039808,32.63436008014354,33.7432121463745,33.571009986778506,33.7494152276607,33.55945767098985,32.601952335326764,33.171602988664596,33.73349249224604
Q86VQ1,,,,,,,,,,,,,,,,,,,30.98301659050478,,,29.897531450174718,,,29.0786670546323,,29.462939091285527,,29.844566805733635,,29.666192093799353,30.351176876667814,29.968168593035074,,,29.56934917707759,,,,,,,,,,,,,30.388155631943857,,28.708825318873814,29.839614761339003,30.521036259511504,29.848625697678752,28.879177815261254,30.43308414463663,29.070447835193896,29.796529718111966,29.973475293912227,31.566966376141135,,,,,,,,,,,,
Q86VS8,,28.954704764556958,,,,,,,,,,,,28.04319336265691,,28.093756850613016,,,,,30.93264031718004,28.470381355279915,,,28.497495387068458,29.734328965301042,29.79942351954774,29.323290202295528,,29.666873235402615,29.47618146072639,29.663786188020847,28.665164085291924,29.818425439347603,29.611769650169276,29.577756914771324,,,,,,,,,,,,,27.372845266636798,,28.848715014863217,28.20946519619838,,,28.26641442040084,,,28.74681622205079,,29.500980782939028,,,,,,,,,,,,
Q86VY4,,,,,,,,,,,,,30.617767713691077,,,,,,,,,,,,,,,,,,,,31.864615999203096,,,,,,,,,,,,,,,,,,,,,,,,,,,,,,,,,,,,,,,
Q86W42,31.68589250635595,31.78229845007332,31.24708970485587,32.33572585396377,31.93842472505809,32.15044699595969,31.91257794019812,32.0079617149254,31.96868195335961,32.117915719183095,31.78830108276097,31.633182729976035,32.05562816951163,32.19053636592518,32.11495977631996,32.111381206231265,32.31731042374437,32.27757144084356,31.85181319253352,32.2002231588894,31.72902681728821,32.11723489055899,31.788348947605776,32.210850485294515,32.269759493360375,31.754675603969986,31.865893713084738,31.941054578718536,32.25347013880315,32.19956428269662,31.82857823107716,32.231792751403844,32.3091735825538,32.26993477893553,31.85687243690655,31.762187960565146,32.33687170970368,31.93048536091296,31.696422145823178,32.01809591264579,32.31044877956942,31.973846259753117,31.690668116340994,32.05842038797188,31.96856311003323,32.15495213297953,32.12156495858791,31.647274539965636,32.320184672980325,32.20604979957225,32.07628623024461,32.34176332074442,32.021556449722276,32.043218461543326,32.21960834418281,32.38035636346795,32.26726009023594,31.99926300167281,31.212239364939272,32.34315134708257,32.463175933916766,32.176260505291125,31.810367202104686,32.41452107430934,32.45646453031392,32.3349146334279,32.39957637974648,32.44842414605335,32.464140152236276,32.318721270195894,31.868998977556075,32.08062595928314
Q86WQ0,,,,,,,,,,,,,,,,,,,,,,,,,,,29.43321320658731,29.607851171131607,30.353514561782383,,,,,,29.142870020798078,,,,,,,,,,,,,,,,,,,,,,,,,,,,,,,,,,,,,
Q86X55,30.66952510653857,30.791161892864647,,,30.96538603507048,,30.957734893798875,30.875182065787303,31.26846790117077,31.11467571965479,30.83077892537223,30.794597402898187,31.32607571962955,31.341200934694154,31.82966438592623,31.183464311508445,31.24329779369659,31.16969526246723,31.349938250658553,31.210354822324156,31.155024047443646,31.824428381058194,31.28190643488546,31.394698770356083,,,32.04159373609119,,,,,,,,,,,,,,,,,,,,,,,,,,,,,,,,,,,,,,,,,,,,,
Q86XP3,,,,,,,,,,,,,29.53827412449351,29.540910969665113,29.6384299908094,30.867938790226624,30.94674237817275,30.49300565309007,29.656224462896393,29.49821101003945,30.062504675247173,29.59650577458027,,29.575427318265323,30.7895194111192,,30.57187139673309,,29.808796789404727,30.486067453015988,30.939984843393002,30.886408062480758,30.684879118238936,,31.014405671272254,30.79010146741488,,,,,,,,,,,,,29.981116417659617,,,30.472644382266278,29.464844494550196,,30.322295274345414,31.03253649182779,,30.248251449363497,,,,,,,,,,,,,,
Q86Y56,,,,,,,,,,,,,,,,,28.328226908540373,,28.223769706283296,28.22361563291394,,,,28.590778980960863,30.024111717490136,29.477124092906145,29.284626371377314,29.099588772066596,29.95729037127094,,29.81444717048979,29.269923254203473,29.818910188521258,29.238432774209592,29.738973375317098,29.300505353343322,,,,,29.190857753312745,,,,29.489457123181985,,,,29.123170549117873,27.914862705517983,28.662648370572764,27.5549946085197,28.88591782597343,28.247047437442397,28.335586219081293,28.32899327991504,28.740908437280854,28.168676129482975,28.834243437292784,,,,,,,,,,,,,
Q86YV0,30.639356765460747,30.730948686343023,,30.610503211006577,29.402469025532294,,,30.28400449699866,30.619130653928366,29.873774721074458,29.87067849622662,31.149003779578624,30.394907530702806,29.874949051285455,29.468813128217956,29.300512503777657,30.094077469098792,30.364423719869247,29.94704674987513,30.43822705577521,30.25150152867562,29.3774844141997,29.65536795584259,30.13671347797865,30.364590320668523,30.182313645946795,29.724677951399432,30.623688788818317,30.46384969658104,30.24246934087886,29.940148568512218,30.436486974931405,30.297294954941766,29.789341628359093,29.204298370411486,29.942186154268708,,,,,30.293647252075154,30.7303604908665,,,,,,,30.376067174099934,30.69798256003677,30.658037851419408,31.408808254780833,30.549647377031075,30.908901174689802,30.488593957755203,30.449032337851353,30.449714538254963,30.976628029340784,29.815456183985813,31.350433281075805,30.743070216135546,30.716619728669574,,30.536295486149992,,30.935416670458476,,,30.46262165474945,,,30.68255629161374
Q86YV5,,,,,,,,,,,,,,,,28.386091026481793,,,,28.15082983660794,,,,28.22920833949258,27.93724973463458,27.863667963786565,,27.92631708131057,30.178066056401722,28.166978906044957,,27.16819985862473,28.245320018291036,34.632017535331634,,28.367533674604342,,,,,,,,,,,,,26.895167988586927,26.629688491025252,28.84081710608112,27.778533434060698,26.171517713978528,26.32109724872805,26.255727138889885,27.70556292345841,26.695216353524597,26.946316384794894,,26.703565228301564,,,,,,,,,,,,
Q86YV9,,,,,,,,,,,,,29.159482663528117,,27.857507675969988,28.803023892630467,28.99761233310585,27.683741831362155,28.739781970770753,28.627980755766558,29.706667448954835,28.412379863130052,30.391864351718286,28.781940448576652,28.08578537902716,28.212543572757237,26.669112994480276,27.83582640968245,29.123601903137363,,24.921909267297725,,27.351054981162857,27.010099804633537,,27.19298515306866,,,,,,,,,,,,,27.332971423771472,30.983827930246992,27.966801761602355,30.525752675985373,29.97910387420337,29.795287559277767,29.551432590588202,30.686201333468453,27.475297163346546,30.54021191097222,30.559771606875415,28.69692385525924,,,,,,,,,,,,
Q8IUB0,,,,,,,,,,,,,,,,,,,,,,,,,,29.295775187794558,,29.09046509746083,,,,,29.737011411943264,29.512090547911583,,,,,,,,,,,,,,,,,,,,,,,,,,,,,,,,,,,,,,
Q8IUH3,,,,,,,,,,,,,,,,,,,,,,,,,,,,,,,,,,,,,,,,,,,,,,,,,,,,,32.845336910083034,,,,,,,,,,,,,,,,,,,
Q8IUI8,30.193512517457595,30.46818427079825,,,,,,,,30.712641164267257,,30.68588949544802,30.347813409538713,28.513771640838133,30.191342867139454,29.072691352292527,28.901412619671433,31.382989151726438,28.25538982432146,30.842531701210508,,30.976229833788743,,31.20516037492165,31.238073469315065,31.276658147826243,,31.4979672178203,30.985728735991533,,,31.20146708332751,31.236454712346415,,31.603688161833322,,,31.254342119783512,,31.06896508146316,,,30.890129165598932,30.57769728693209,,,30.55859569642417,30.512585095384107,31.32114645290721,,,,,,,,28.389946293606837,,30.91794614906949,,,,,,,,,,,,,
Q8IUR0,,,,,,,,,,,,,,,,,,,,,,,,,29.43773373325541,29.055870856038837,28.51946902125663,28.219305941087125,29.123407847230485,29.170494869468627,28.154993125450527,,29.004243872597275,28.99762194483146,29.13716332657359,28.724514081377446,,,,,,,,,,,,,,,,,,,,,,,,,,,,,,,,,,,,
Q8IV04,,,,,,,,,,,,,30.050258656411923,31.148213013310755,31.013366107696218,30.495146350282713,30.258743555785355,31.00439837496356,30.055683638914733,30.098782440414897,30.207469673947173,31.039073833705494,28.919030577113602,31.080890434203607,30.29257097348767,30.27462852852261,30.962524420375917,30.457089792618646,29.714291191043635,29.924903213744518,29.827360291375534,30.677612458821194,30.4981956264125,31.160858619188364,30.844477367396888,30.74094126638749,,,,,,,,30.080318084837042,,,,,30.02059229560658,30.63890291484696,30.86564616539169,30.532055226367515,29.79905129122728,29.85951425506747,28.812974726668795,29.899612865635362,29.36487464841967,29.49711817721509,30.604714131796147,30.79612851907983,,,,,,,,,,,,
Q8IV50,29.722437273362114,,29.894714288617696,30.05693828054275,,,29.754499005775283,29.878276271302816,29.802357281630847,30.03670609495823,29.85655217895989,30.159847707019235,30.439899190578327,,30.591504902879148,30.654360042881443,30.429055555234843,30.33387672489485,30.635187087594954,30.58310910095204,30.48780038984064,29.7896471219373,30.55096561891241,30.537360623560904,,,,,,,,,,,,,,29.551702402668145,,,,29.957050467473028,29.754478189074543,30.18685488552776,,,,,,,,,,,,,,,,,,,,,,,,30.04304223631085,,,29.88289895331876,29.740988500310415
Q8IV53,,,,,,,,,,,,,,,,,,29.2523333396324,,31.372455581462663,,,,,,,27.860588379815663,28.798701130512065,,27.189721092420307,,,28.309571903830626,,,28.31761047005839,,,,,,,,,,,,,29.76643176423209,30.319689906465236,,29.26087713071296,30.49917958349527,29.795272114110993,30.346136797952084,,28.438965966585624,29.859221833217124,29.468152503606753,,,,,,,,,,,,,
Q8IVM0,32.60499940206623,32.56596268878043,31.774778177963377,31.968899457237804,31.796152995527564,32.34688479343326,31.57605571727929,32.05518667006726,31.486692340287803,31.97160348446556,31.72319926993336,31.86299131932389,31.774802916788584,32.495302441955374,31.57059727757467,32.43598848878784,31.884572645553256,32.663762427735755,31.537330161965116,32.27189533077816,31.87167009791699,32.34744325780527,31.699166393021855,32.32070419432988,31.50958062001461,32.44912308342043,31.392851576234236,32.93801524951585,31.15603456076446,31.808823787089327,31.29671403855528,31.916599834479193,31.443058609503183,32.220668125872535,32.07689862866485,32.37303480772628,31.551988122324463,32.382809446887336,31.51290027679208,32.18075400214663,32.064057193457906,32.144236977188925,31.369120383215055,31.77536844553947,31.68428895954449,31.94432502385869,,31.849738643983144,32.007585711784344,32.04658188394838,31.215516448835164,31.84584484566799,31.832435982563197,32.25176135743237,31.232719424826442,31.732212148637323,31.493903497069972,32.31174781133382,31.43339513445848,31.782411765421557,31.8770608813476,32.52098506359292,,32.193275188138514,32.11410253856062,32.254159008590605,32.15773755262937,32.186178657605375,31.88487813914622,32.54165823364713,32.088959731024474,32.69709206476782
Q8IVS2,,,,,,,,,,,,,29.918119591981082,29.84305895656118,29.053236093136434,29.68492331140007,,30.134379602120234,29.917714925343148,29.702078740302213,29.964289267606283,30.039112191085117,29.197062014307882,30.668071951349326,29.999129835501655,29.625866777812675,29.600198034201632,29.371416740436494,30.06116457184025,29.255871768184917,30.3827358900408,29.38872458301369,30.238201315352363,29.306700217532217,29.518489690912872,29.24045898768665,29.424889516628937,,29.47281413761243,,,,,,,,29.72253440651376,,28.981126899832574,29.08393372677307,29.548850697480034,28.13015909383668,28.8512147900762,28.894907456683825,29.74527982382282,28.68786840657961,28.80410394056119,29.5806809219158,29.437272133650204,28.54582839782934,,29.125392136330497,,,,,28.624342250511177,,,,,28.767819391105917
Q8IWV7,,,,,,,,,,,,,28.551821960862988,29.94749209318288,31.598068001936284,29.229358891653582,29.50801381873906,29.758975512555295,28.9815979908849,29.55561571386079,29.457330549220643,29.293186757719432,29.698730307802784,30.004574198555446,,30.0260581728633,29.790773864870104,29.099189113547432,,29.71241027729942,29.685932204716828,29.68129247828518,28.84100160121715,29.643645963093853,29.741106017548944,29.893094531077338,,,,29.008917541457755,,29.250346510776502,28.97562103194678,28.911598886085144,,,,,31.09177559355181,29.28734067155699,,29.81304488591787,,,,30.1483819918827,,30.24432442800675,,,,,,,,,,,,,,
Q8IWV8,,,,,,,,,,,,,,,,,,,,,,,,,28.28151575746955,29.600562646411607,29.992050922588767,,29.96064050617072,29.99955358243041,29.65386967360761,,29.5433979269349,28.5638876753423,,28.360642789839233,,,,,,,,,,,,,27.66920219321053,28.325357961944448,26.855031792703407,28.27775541648417,28.580853095521988,27.831867219372505,27.719265993004683,31.018576293740274,,28.01160321193905,27.044257126348725,27.845136059492184,,,,,,,,,,,,
Q8IWZ3,,,,,,,,,,,,,29.303861930427544,29.438594986244436,29.535283142152,29.530739928613283,29.56149761455951,29.36797523257362,29.519412854157924,29.122472431639764,29.32446496735069,29.107532186804704,29.499684220765445,29.387771537301692,29.444342462714246,29.096581862242008,29.53879205486074,29.317780667085934,29.56071873734682,29.51059105558281,29.688176095275583,29.360543792498543,29.331279055146464,29.490058481829408,29.089535292071897,29.292832731437066,,,,,,,,,,,,,28.694812285282378,28.962402754212693,28.78603974845147,28.79526243347957,28.95973708709569,28.777291988626384,28.944535852929917,28.599711908242526,28.782496966012477,29.236394846341366,28.947661967207193,28.643687345472536,,,,,,,,,,,,
Q8IX12,,,,,,31.57892576491713,,,,,,31.894432317723556,32.10811518244123,32.29468988471141,31.71941664147083,,,,,,,,,,31.911267158686293,31.879124769652204,31.824425104936417,31.71481830637145,31.869212389991397,31.830161539719967,30.74140714054716,31.63949390282849,31.716725321656227,31.76396324491744,29.28597998346823,31.595288109917345,31.837881141105136,32.11424939014171,31.353983456848756,31.867325283350965,31.42064325681081,32.0782182603442,31.56579107564759,31.466949670173815,31.62759547953656,31.669549399277706,31.58269123470365,31.474933407529385,31.866853290372102,31.736440105361016,31.598517148019482,32.18095093225102,31.53164400969142,31.774381041837692,31.80959537929106,31.652139532629803,31.857679241922373,31.7861279110786,31.45391812234095,31.422543619235185,31.841525272682325,31.859238442823386,31.652180140432975,31.56808765904649,31.753868465156533,,,31.838916821649576,31.62855099852276,31.720498961666696,32.255628831114976,
Q8IXI1,,,,,,,,,,,,,27.916561769231034,32.36770119414124,,29.97843543742274,29.547027837226448,,,29.577108264304552,29.000466112149084,28.948604870708447,30.226149611223786,,28.928645370771353,29.333816089229824,,29.877445813318122,30.160560494382672,28.354390037173427,28.319365330856726,29.78489619478051,30.333024730046755,,29.310889274531004,28.69149986563627,,,,,,,,,,,,,,,,,,,,,,,,,,,,,,,,,,,,
Q8IXM3,30.262816739781123,30.13713018564442,,,30.327575921434367,30.47483435769053,30.25905028433492,30.43123995619343,30.334561913432836,,29.870914733432976,,30.762330421593237,30.733351283488005,30.89323152611744,30.588388755420006,30.893112090464044,29.441352010114784,30.901690799130748,30.623819487739233,30.813664960984887,30.903950348278762,30.75135365343323,30.327127105014636,30.669816441982434,30.635542635957066,30.8005532053783,30.751925089495852,30.739232313170465,30.66790845852265,30.7063560286744,30.736853971245914,30.604363877755993,30.879783065155006,30.820335082062826,30.732005239483488,29.619064792974235,29.6319212015492,29.752682571502078,29.578923099556945,30.026368567259112,29.595502126967503,29.385587337884743,31.137550939634263,30.281691434927364,30.362624291940143,29.23298283559077,,29.705789189270895,29.99413918548953,30.057135766306274,29.873525190817507,30.122522719152364,29.874419265559844,29.5950600785706,29.73898122567432,30.365367216689677,29.92210348141049,29.308034397968335,30.055775964187838,,,,,,,,,,,,
Q8IXQ6,,,,,,,,,,,,,,,,,,,,,,,,,,,,,,,,,,,,,,,,,,,,,,,,,,29.78565800338839,29.358445796881917,29.59524074189919,28.850614419321303,29.29543055964356,29.212838033225072,30.04293677508677,29.22064991772625,29.494830703359113,,30.09309824590116,,,,,,,,,,,,
Q8IXW5,,,,,,,,,,,,,,,,,,,,,,,,,,,30.380482771994355,,,,,,,,,,,,,33.70562587024898,,,,,33.18540640859845,,,,24.25829663336579,,28.05281390816274,,,,,,28.189291613752943,,28.397008775234024,,,,,,,,,,,,,
Q8IY18,,,,,,,,,,,,,,,,,,,,,,,,,28.062077592957955,27.521456358609587,27.52595675707432,27.703037814035632,27.67538283133957,27.528493421137654,26.363150012909458,27.869920435960935,27.701124918670196,26.677659021018105,,27.134712724031118,,,,,,,,,,,,,28.909284658539477,,,,28.76159227123626,,,,,,,,,,,,,,,,,,,
Q8IY37,,,,,,,,,,,,,,,,,,,,,,,,,29.4031345033521,29.161102576907453,30.425564240916305,,,,,29.61188427558526,31.03792567404637,,28.485812652063814,28.402184632918534,,,,,,,,,,,,,29.48885660430468,32.19719126230253,29.38714171285993,33.52225240548176,28.50284282885806,30.077924583422437,31.46626007286615,29.87721057823408,31.780234296982407,29.66472768887119,28.119847112346342,,,,,,,,,,,,,
Q8IY81,,,,,,,,,,,,,,,,,,,,,,,,,,,,28.210715863015274,,30.63036020538957,,30.273200753453416,,,,29.29442715335253,,,,,,,,,,,,,,,,,,,,,,,,,,,,,,,,,,,,
Q8IY95,30.493034081863026,,,,,,,,,,,30.487770974514152,29.85221074307538,,29.18414887171913,28.982932534145363,29.30907305554027,29.543998884497622,29.679103544869253,29.889440364511486,29.643191949226402,29.16872514800156,29.66026324651265,,31.312999261944388,29.573870625704952,29.875269678807424,29.67496982199891,29.844344946254797,29.760551126063636,31.833299091757663,31.282694820617724,29.74939996236665,29.76483739137549,31.652819079574005,31.683611141084594,,,,,,,,,,,,32.5100307360283,30.48527476471471,31.972123947717865,32.48709898102317,32.765989908527274,29.87917168238452,29.78046878348458,,29.939071811128063,30.603228628791243,30.06600275340633,30.50042985934926,31.877289239215838,,,,,,,,31.01291761731844,,,,
Q8IYB8,,,,,,,,,,,,,,,,,30.475199964435987,28.74561358783768,29.183298709887147,,29.64246644992572,,,29.720235064902468,27.541695379515374,28.652617288404088,,27.924540165438664,29.214563958767123,29.173293329847873,29.289976926201476,28.76691748003443,28.856682842397866,27.22833958559623,28.917769232443653,28.45577817777003,,,,,,,,,,,,,29.036879702144248,28.32611328301595,,,29.726775445831663,,28.660458534217184,,29.06799598099883,27.07987422275349,,26.709454270071774,,,,,,,,,,,,
Q8IYI6,,,,,,,,,,,,,,,29.43528717137572,28.218472786659174,28.563196314233785,,,,29.236833988077972,28.820567868760143,29.43342049941314,,27.072180516300413,27.459082727832943,25.93191816020358,,28.2247743356198,27.794959546198566,,,26.41542976052436,28.6171051171171,26.198471450016548,26.076485701930256,,,,,,,,,,,,,28.363575245678128,32.69289988712434,29.169015018911672,28.234379342359695,28.230814704984635,29.746999440517197,28.696244099644325,30.384780610675733,28.474557739838957,29.24456865976004,29.370000288717655,28.97447895146656,,,,,,,,,,,,
Q8IYS1,32.28495820480733,,,32.14845714214762,32.68316530887792,32.07164951448701,,,32.36047180868886,31.54909253504366,31.718002367774805,31.18791707531808,31.85523552020241,31.67370577686268,31.082500369743325,31.092332861817745,32.29933629611483,31.804532620231033,31.795784511777565,31.489036042313234,33.1139223758631,30.535664128721983,32.046759438138814,31.453557774246217,32.60688725678182,31.415413285275697,31.531325434308346,31.538139609072267,32.20800924349927,31.660598147912655,31.008538102080873,31.602464048245896,32.31778749491794,31.73570446023015,31.58384768118869,31.463061525191343,33.35712746774507,,,,,,,,,,,,32.11571022546754,30.97514675237646,31.23161633965554,30.97006184682355,31.913113754772933,30.750233663209894,31.424774155235994,30.81821580915634,32.25328399053315,30.68123756252885,30.603711429218468,30.864131403301695,33.102525383155594,31.961351229851882,,31.712302836785078,33.038541857429195,,,,32.86064929012852,,,31.91011778593432
Q8IYS2,,,,,,,,,,,,,,,26.29332426143462,,,,28.944523228369903,30.282198184623347,,,,26.28702875072728,,28.958178861802658,29.115033767842135,28.879750453603336,,29.44965947598648,29.01298659945453,28.714105251892313,,29.15377266256138,29.050158051050865,28.68592823637686,,,,,,,,,,,,,,,,,,,,,,,,26.778249949732384,,,,,,,,,,,,
Q8IZ21,,,,,,,,,,,,,29.11154120704882,30.66735366836372,27.996183414721656,29.14997955684834,28.240546293043572,30.62977548952506,30.46823540342467,28.683113634943496,28.466796440808793,,27.61139882009546,,26.274926808939796,27.906879047618077,28.134985907983925,,28.18555423218574,,,28.076523011693283,23.36252016531871,,,,,,,,,,,,,,,,,,,,,,,,,,,,,,,,28.505684112292222,,,,,,,
Q8IZ83,,30.015491480714775,29.909661613381076,,,,,,,,,,29.45296881525024,,,,,,29.030697816223025,28.03961889081437,,28.490629931753293,,29.612478425380093,,,30.976613513672415,,,,,,,,31.096261413920576,31.342463552432733,,,,,,,,,,,,,31.186860632238627,31.33213069124636,,,,30.57768543188484,,,30.185822473336657,29.76429267231133,,,,,,,,,,,,,,
Q8IZK6,,,,,,,,,,,,,29.04266230501831,,,,,,,,,,,,,,,,,,,,,,,,,,,,,,,,,,,,,,,,,,,,,,,,,,,,,,,,,,,
Q8N0V3,,,,,,,,,,,,,,,,,,,,,,,,,29.307845390340287,,26.492109756738014,,,26.970321643827344,26.794672026526367,27.266063892744263,27.78402583752697,,26.71856311408311,,,,,,,,,,,,,,29.313410531668136,,,,28.5635936337413,28.31724744694456,27.65899642588523,,28.3281415046833,28.49869831651605,,27.99588376643069,,,,,,,,,,,,
Q8N108,,,,28.18615266569498,,29.000454173124115,,,,28.629810825037612,28.19386082540118,30.42726900901371,28.477331429124025,29.78397446507696,28.938887288324707,29.12914975759827,29.420488845593095,29.566352032626128,28.76288002822297,29.49221292296709,27.155535172699135,29.884719089505108,29.91600209814818,29.40919951426461,,,,31.118733434948872,32.568963694314164,30.067699300195795,32.331253557951335,,33.71760870650753,,,,,,,,,,,,,,,,29.92698455743924,30.427783875953438,29.489668380985016,30.05237431955023,29.74512034819487,27.816645003341566,29.777110871262238,30.008286827891123,29.96549995446374,30.032899769729944,31.931452223876217,29.02509488559818,,,,28.444366625472842,,,,,,,,
Q8N122,,,,,,,,,,,,,,,30.452909917733304,30.772101100725237,30.516906552228658,27.922245027046774,,30.459393911792443,30.725526360719602,,30.310438511910345,,,29.042019898981277,,29.052603221081412,27.730168455080022,29.00095076190095,28.08988525480139,,,28.95481447642791,,29.075412462099806,,,,,,,,,,,,,,,,,,,,,27.83183843834495,,,,,,,,,,,,,,,
Q8N1G2,30.591976788786603,30.75672631928322,30.90452087442035,30.65400229862785,30.587601917564047,30.589031463694504,30.711156937258234,31.17064521868158,30.785763561243424,30.967753186494452,30.620075924575527,30.841859752344142,30.36666941396378,29.824741915027683,30.046375596268465,30.1450518599344,29.993501923117247,30.049548930732463,29.797201861089807,30.264876140743073,30.110597661903313,30.07168704274777,29.906311445685667,30.318432726413707,30.970962891441385,30.65518508878578,30.682271142679173,30.872746590025162,30.93303695856339,30.808760298609403,30.75928278373121,30.84630405414737,30.649964786744857,30.60721568490381,30.70716209367158,31.125485862699282,29.63263244829753,,29.620932083164295,29.950205467671093,30.028185122180393,29.733687988847322,29.813733106556278,29.974438999768388,30.086651669973424,,30.170411940491835,29.85016017140493,29.26987728230998,30.31970271968373,29.820959060990265,30.176242970613554,29.575219551255024,29.686579295372614,29.781850341689026,29.864812931597026,29.206201164749988,29.34511508275357,29.45038088444526,30.124970435508256,,,31.519309703884534,,30.66814719592736,30.774521112455677,,,,,31.885425143979436,
Q8N1G4,32.054382814108564,32.612959041917435,32.307608907553515,32.23063962361929,32.30885693177651,32.4596844209315,32.575346822111825,32.372859115074085,32.6286172280235,32.38653445024705,32.32845000335115,32.582863573802705,32.73507573371471,32.661291208572706,32.94532649597024,32.90131995569013,32.75427634472765,32.741927917147045,32.81892279435592,32.869478466061665,32.81219565372556,32.924632090490014,32.997714637831805,32.81948858301967,32.69819235693677,32.77119893043664,32.91413763857438,32.759925548758744,32.62341050464393,32.749127684755585,32.97488697931807,32.85930802823712,32.77437127465365,32.76497552653124,32.97583770207903,32.92754146314659,32.446563022636724,32.406712534464674,32.723872211744094,32.64128065329858,32.258128536645884,32.62036345065882,32.63422093357123,32.40731442080971,32.55965522299473,32.716813745741575,32.9048119729344,32.49847103192183,32.64617874931779,32.944838692182216,33.21457411184032,32.256985454948776,32.66760871474344,32.418224724711905,32.87558768521553,32.512082851876855,32.70998737559931,32.79681841274158,33.04135679664548,32.399015224394965,33.17609257325146,32.87474243173957,32.51548782214983,32.86228793765724,32.73330192879507,32.902402460066156,33.055279737408476,32.67910438833499,32.44572152054156,32.59039870007414,33.024984387746386,32.46179737487972
Q8N3C0,31.05271869958626,,,,,32.616422429889994,32.1873345413259,,31.771728728484444,,,31.181105865670666,29.84177443622515,30.261723351571284,31.16109207506564,31.251237504602717,30.505373017643873,30.563648644258127,31.31718706720038,31.304538882379404,30.17683798426076,30.093000937693354,31.000228604155126,30.936629932762244,31.200459756880228,31.34950393199793,31.133900156950453,31.49738726483431,30.93675874883525,30.716028605759668,31.52795558341103,31.153987755705117,31.642142627536664,31.828925310779052,31.327625984322864,31.47250326608909,30.951968068450093,,,,,30.977048764633295,,,,30.62243512610244,,30.942112202330726,30.03136724771207,29.887129455333795,30.54121549716174,30.673964599286187,30.26090195413617,30.345875011669744,30.430279141501874,30.862936174794505,30.427760672353642,30.44319245105191,30.97554548670628,30.68662422120707,30.987487086336344,31.14285472732628,31.468362092509523,31.21790590800328,30.793219493443793,,31.93405401155334,31.11698304461963,,,31.9709462368305,31.76396182880099
Q8N3D4,,,,,,,,,,,,,,,,,,,,,,,,,,,,,,,,,,,,,,,,,,,,,,,,,,,,,,,26.482958030212718,30.218781099763216,,,,30.659919174882923,,,,,,,,,,,,
Q8N442,,,,,,,,,,,,,,,,,,,,,27.779824623143334,,,,27.88182468857172,28.047475026785765,27.501790455064658,28.254301098183102,28.826716412623348,,28.705953112406576,28.613032545036766,28.902676281952274,27.92843968057247,28.22212406276882,27.890222303372816,,,,,,,,,,,,,,,,,,,,,,,,,,,,,,,,,,,,
Q8N4V1,,,,31.24144468742263,,,,,,,,,,30.09053744888127,,,,,30.733129071965116,,,,30.780396262612378,,,,,,,,,,,,,,,,,,,,,,,,,,,,,,,,,,,,,,,,,,,,,,,,,
Q8N5L8,,,,,,,,,,,,,,,,,,,,,,,,,,,,,,,,,,,,,,,,,,,,,,,,,,,,29.87723048572651,,,,,,,,29.965628268088313,,,,,,,,,,,,
Q8N5N7,,,30.43159058565136,,30.48689331020343,,30.29813628082293,30.490636163135214,30.2429511594919,30.476438899064565,30.47889624069836,,31.589931560788187,30.61804326981418,30.05371412134317,31.077401575034976,31.19462659198194,31.399596609901593,30.549298238095904,30.996804065302822,31.06455704317789,31.191425731226804,28.869560286590367,31.370379444815086,31.431260757676814,31.429781595860806,31.06557969764468,31.635249180986076,31.30246715582793,31.135987859475026,30.62372159093226,31.61317722117204,31.73584096421741,31.706601833697203,30.97353235752931,31.222750765702887,31.174347986306625,,30.8894140621945,30.44951638679361,30.64089231591071,30.557739467782866,30.38278151868174,31.509633778652105,31.263342909857105,31.003238577705226,30.428335068870258,,31.4025176162156,31.179285369610707,31.02680075632257,30.87059503725236,30.783042471659222,30.877664576703378,30.90987983141949,31.146189539121178,31.362828779867773,31.295628914224807,30.61212691709137,30.92856251011785,,,,30.607014448138614,30.560217507342426,30.37453368205235,,,,30.4690300201844,,30.505734361532493
Q8N697,,,,,,,,,,,,,,26.479930429699913,27.052774867784244,28.133164184986732,,,29.616059666172266,26.23378640085182,26.783696494609014,,,,31.504240498059403,31.48441593245363,28.134669517436368,,31.48944826430524,30.122116137447776,27.076221261949094,,30.150605287744416,29.38428703591571,29.57953773717353,30.181225230172444,,,,,28.29923365114927,,,,,,,,29.712482014731584,29.02643642338155,29.208333293247897,29.36577861644494,29.479912030658777,29.538827751922174,26.89187989616249,29.071961630794217,29.454690606471075,29.40440342331736,28.22100986930688,29.022797466610523,,,,,,,,,,,,
Q8N8J7,,,,,,,,,,,,,,,,,,,,,,,,,,,,,,,31.387677835817115,,,,,,,,,,,,,,,,,,,,,,,,,,,,,,,,,,,,,,,,,
Q8N961,,,,,,,,,,,,,,,,,,,,,,,,,,,,,,,,,,25.107577993620172,,,,,,,,,,,,,,,,,26.898329539645093,,,25.957789387856923,,,,,26.88843130048301,26.78959665058243,,,,,,,,,,,,
Q8N999,,,,,,,,,,,,,,,,,,,,32.00236977561286,31.681613709549342,31.664386282657087,31.973954658246306,,,,,,,,,,,,,31.54975238597057,,,,,,,,,,,,,,,,,,,,,,,,,,,,,,,,,,,,
Q8N9B5,,,,,,,,,,,,,,,,,,,,,,,,,,,,,,,,,,,,,,,,,,,,,,,,,29.42007267449558,,28.37812401760605,,29.456498445339705,29.518878262464213,31.659491359021786,,29.204323758903342,29.057626530785726,29.356675772935745,29.943189291523424,,,,,,,,,,,,
Q8N9M5,,,,,,,,,,,,,,,,,,,,,,,,,,,,,,,,,,,,,,,,,,,,,,,,,,,30.211973296524405,30.67428928592829,30.42515095676164,,,,30.18469355927253,30.22033892416566,,30.064842435397146,,,,,,,,,,,,
Q8N9Q2,,,,,,,,,,,,,,,,,,,,,,,,,,,,,,,,,,,,,,,,,,,,,,,,,,,,30.79226941713263,,,,,,28.62854238150354,,,,,,,,,,,,,,
Q8N9Z2,,,,,,,,,,,,,,,,,,,,,,,,,,,,,,,,,,,,,,,,,,,,,,,,,29.948140544177967,31.567507463122784,,,,,,,,27.940264288556058,,,,,,,,,,,,,,
Q8NAV1,29.51801315066975,29.338394356744143,29.43885000125216,29.868792249562848,29.24009594096048,29.405254910999282,29.576308127007906,29.809751934798197,29.708791797757087,29.48077057226341,29.6709417550736,29.519100720070753,30.682657152373487,30.494473478936882,29.685838888883772,30.159161571254327,30.594827022782415,30.641080814888483,30.357679053455794,30.677856016024904,30.82634628941929,30.577158926534548,30.511001997922953,30.98801674145228,29.318202964354825,30.447628412240842,30.21909267314811,30.433450760914013,30.30699398515346,30.494701838445287,29.579271270131375,29.950669680210986,30.43243387673383,30.462758304252674,30.09781562590593,30.33940299812464,,,29.737464037935524,,,29.804803145764062,,,29.380891270255148,,,29.838881465895632,30.413838278336712,30.640826628640394,30.173367862315985,30.18931982130826,30.35724888511271,29.385280497355872,29.670311183080063,30.001395605749835,30.642413600546607,,29.95788833171751,30.555557813930072,,29.719486443127387,29.166016355163308,29.612683162141792,,29.508842973838128,29.302060157292885,,29.84572641245134,,,29.522767720002392
Q8NBF2,,31.258002368343774,,,31.34431379968953,31.23587672189866,31.627753101086757,31.441538105349494,31.32308763356926,,,31.443748228709648,31.56845845198045,31.635756001430373,32.53427511049489,31.84668515580129,31.59710063699609,31.76195691894031,31.787419496303453,32.68970958552037,29.63667268568747,29.044072574860383,31.77353377756458,30.121112421702065,32.61210011129887,32.46905190679609,32.672462587371186,32.47716090342849,32.355183719220925,32.30562813345621,32.322707414424826,32.551882825214655,32.37503559676626,32.39601996843664,32.00363708715369,32.314264865449495,31.664056014470514,,,,,,31.562057652538364,,,,,,31.20119749074309,31.243819218668786,30.726670535206463,31.25526960338165,31.153290199009394,31.255369805960246,31.264008734169845,31.423956624013282,31.804102085446555,31.601753702692225,30.916729986743473,31.257522046682123,,,,32.179594442283864,31.984129873800384,,,31.870118190012924,,,,32.21334335089318
Q8ND04,,,,,,,,,,,,,27.52612985515649,,,,,,28.729475095051228,,,,,,30.38696936225211,,29.707057582507222,,30.50790222994153,29.957719412927034,29.645288378562622,30.159371981501263,,30.831547666401786,30.265587524803045,30.345498062280143,,,,,,,,,,,,,27.575930090726203,,,,,,,,,,,,,,,,,,,,,,,
Q8ND56,,,,,,,,,,,,,,,,,,,,,,,,,,,,,,,,,,,,,,,,,,,,,,,,,31.07898005362671,31.357897259170212,26.12581423278743,31.011542249999703,31.33881619456143,31.056973688075203,30.029981989649443,31.345407763210297,32.057296076615664,30.6793068733307,30.82646163638886,31.418418301565612,,,,,,,,,,,,
Q8NDX6,,,,,,,,,,,,,,,,,,,,,,,,,,,,,,,,,,,,,,,,,,,,,,,,,31.87072900580601,,,,,,,,,,,,,,,,,,,,,,,
Q8NF37,,,,,,,,,,,,,,,,,,,,,,,,,,,,,,,,,,,,,,,,,,,,,,,,,28.92563243913877,29.096643853605737,28.760485381634666,,28.437666005898823,28.263046318012297,28.42944250294883,28.1627719412336,28.720039446772496,26.9323430809807,28.23061730521779,27.793268512788647,,,,,,,,,,,,
Q8NFC6,,,,,,,,,,,,,,,,28.743700006789243,29.61111416142492,29.295483898354345,28.101210158824944,,,29.09858447739614,28.199409705537423,,29.077328408196728,29.054982128806547,29.190725556741857,29.65087998284449,27.912203586790714,29.376893199383,29.223001314752786,29.885810660109083,30.778105162166707,28.96601739002686,30.066820442195738,29.857998564163896,,,,,,,,,,,,,28.759693164309066,28.346880106299057,28.049763869814708,29.447743174927464,28.251187195659224,29.288486491328594,29.277104887040235,34.95150242843537,28.886607635305616,29.263899106776492,28.22340894782226,29.73043119764439,,,,,,,,,30.08089368574648,,,
Q8NFH4,,,,,,,,,,,,,34.810440109514595,34.615838622028505,35.047407242184285,,35.449027032953815,35.45750436423882,,35.32430179235423,31.744732908138417,31.16893779063672,31.353826221859748,34.25824943248471,,,,,,,,,,,,,,,,,,,,,,,,,,,,,,32.97929773073094,,,33.16888065617721,,,32.935063620671315,,,,,,,,,,,,
Q8NFQ8,,,,,,,,,,,,,,,,,,29.879532273890426,29.35455323342606,,,29.28756519998612,,,28.20145378785179,27.765438162445,,28.1146497746503,28.536990248133318,27.446022117011857,28.13320489431831,,27.493315779410914,27.544988612325902,28.900595622910547,,,,,,,,,,,,,,,,,,,,,,,,,,,,,,,,,,,,,
Q8NFU3,,,,,,,,,,,,,,,,,,,,,,,,,32.487317586411244,,,,31.380459919556372,,,,32.50777119318702,,30.073727272876205,32.26390898730251,,,,,,,,,,,,,,,,,,,,,,,,,,,,,,,,,,,,
Q8NHP8,,,,,,,,,,,,,,,,28.969371618335984,,,29.425693482507988,,29.7956409868625,,27.986523698585714,,,,,,,,,,,,,,,,,,,,,,,,,,,,,,,,,,,,,,,,,,,,,,,,,
Q8NI37,29.735207907762124,29.62486278256452,28.8278983813442,,29.688790778939257,29.371140182616507,,28.36054152776005,29.825310440014995,,,,28.344096538209445,27.926181025917316,27.855903608022523,,28.138705809053725,27.64513955735272,27.053070184145817,27.437778211934766,28.373441438736165,27.489746748177886,27.66862346135421,26.93426596678664,29.922800681242776,29.278720538226864,28.891129962948597,28.822814815286836,30.175977544773804,29.693217815162125,29.668386417275027,29.169079520501423,29.88934708480572,29.34277903390067,29.610482364454647,28.177993755066616,,,,,,,,,,,,,27.987372221351173,26.935526487722967,28.671447333369315,27.86248258100334,29.061556130612395,28.661249492190734,28.198949663994334,27.84060359605717,29.130810360370145,28.255960112066774,28.19278719904782,28.641033886815585,,,,,,,,,,,,
Q8TB52,,,,,,,,,,,,,,,,,,,,,,,,,,,,,,,,,,,,,,,,,,,,,,,,,27.844839075517353,,,28.202862777555975,30.194724505818716,31.117048959937232,32.22012353438895,,29.63895327241011,,28.172737799092747,,,,,,,,,,,,,
Q8TBP6,,,,,,,,,,,,,,,,,,,,,,,,,,,,,,,,,,,,,,,,,,,,,,,,,31.32320642532946,31.41839429806998,31.849240080676374,32.116436689827424,31.392223392333413,31.5013780752652,31.780529967308222,31.407756874057533,31.599672973327003,31.566463711956587,31.096157988363267,31.955278363662554,,,,,,,,,,,,
Q8TBQ9,,,,,29.891943322279587,,30.56698118843608,30.10238796482739,30.25537111024186,,30.61173438750402,29.578898054854456,29.96135273225496,30.409714649608752,30.405549280216878,30.069458445214515,30.058288775066057,30.520618353478845,30.50995571239863,29.898311138125074,29.987499677612213,30.401037055702297,30.48215663994936,29.942904350055656,30.000886884729404,,30.539606809382565,30.00573787689236,29.602660163085282,30.237991883878628,30.516301814111614,29.94064488927433,29.901243845533656,30.519765563510646,30.863185934436984,30.06705477268369,29.77619825476832,30.120846047763877,30.59494231258953,29.682593721541398,29.65124593922149,,29.985237410076785,29.38292204645155,29.773367878770525,30.48537522701057,,,,,,,,,,,,,,,,,,,,,,,,,,
Q8TCG1,,,,,,,,,,,,,28.710850219585392,,,30.989085303598845,,,28.559170709584187,,27.328033943697054,28.564368710283215,27.223015744189613,29.09093249871075,,,,,,,,,,,,,,,,,,,,,,,,,,,,,,,,,,,,,,,,,,,,,,,,
Q8TCJ2,30.31841071572715,31.011401727707945,30.80898802429934,30.400181793161554,30.363134475762024,30.915791481187895,31.03628656635509,,30.188250111647836,30.883797464993044,31.140434784395044,29.858727992487534,30.791019091226552,31.443082299894325,31.658625111179045,30.58720019918998,30.84556335573973,31.3003096362733,31.633821641083138,30.722762509707888,30.709909484516956,30.749124836850697,31.63820526713482,30.68712602785605,30.990998131422028,31.396355068516982,31.916147593297215,30.9984013059637,30.703181537489687,31.51106615067712,31.637839155736142,30.65570533599082,30.81667874682769,31.451625620086077,31.859297693292906,30.817890993249613,30.0993448647037,30.629448847170398,30.99049067664885,30.533875037731125,29.967132999746664,30.580757369877073,30.747972229496337,,29.868368079853752,31.089738202450146,30.836094220963,30.29895598163826,29.501945024653256,30.707837480738352,31.138617913928535,29.69442192377304,29.593122909629944,30.419940834118723,30.936086205652874,29.920285722870087,29.941029909481994,30.633336756865855,30.998061936196,29.07116377880394,30.416571628351512,31.312267138233846,31.217439590760144,30.44341382031933,,30.966302861352265,31.60641990602493,30.511291325413033,,30.9763905962345,30.917837896509706,30.020143723747523
Q8TCS8,32.84438353870556,32.64686399644553,32.541863142797226,32.38529124119803,32.749387093859895,32.78316992859396,32.8967473864231,32.879056750101554,32.69543907802365,32.76582499799716,32.93672382602345,32.36549828848848,32.853199849661465,32.836050382293976,33.10568978764273,33.08815202851417,33.0128067487734,32.88023770880923,32.95849458318996,32.464345801118725,32.828106952279015,33.03137131277798,32.8148538100932,32.87098347516106,33.345812270674685,33.29191552648015,33.44788516222749,33.102324190935974,33.33813099590047,33.41492491280756,33.37222347272966,33.155877783081365,33.18408428271947,33.34085977580983,33.32824176595096,33.37814627391414,32.53722535978136,32.62372822834047,32.94164155272101,32.43330136931019,32.74803010566997,32.755907391418816,32.96525298163026,32.62350384813817,32.516417855395815,32.70122773419338,32.88139391025746,32.10949363754385,33.21346699446129,33.32742826962557,33.25337664122637,33.169263124405546,33.321137424112976,33.104001847600884,33.395420597175004,33.20844232428146,33.14183864099524,33.22328026986398,33.34110638124698,33.18256372899771,32.4682028973738,32.21142946464546,32.557607260863136,32.28892389290904,32.442394093272156,32.44550600857407,32.67958481865998,32.387020184007234,32.49243861018171,32.33559043921144,32.577809390776494,32.339810065119295
Q8TD16,,,,,,,,,,,,,,,,,,,,,,,,,,29.170634858501323,,,26.565607034104147,,29.10467267039414,,32.127300251197084,29.090865013168663,,,,,,,,,,,,,,,,,,,,,,,,,,,,,,,,,,,,,,
Q8TD55,,,29.72033652340932,30.322362480282468,29.980155253144734,,30.358034946987935,,,,,30.58938375627043,29.887702424459174,29.002661343705046,29.29144784829737,30.169854089370606,29.52169255314143,29.946612147241296,30.47563596576064,30.618308072424202,29.64116948259438,29.964815870339052,30.127545478601295,29.949138783036414,29.06211893266984,29.784783072105146,30.131073825172,30.432040748423795,30.598979761284884,30.12136898340793,30.1134549233448,30.1481524692626,30.108577006631084,29.662175135498526,29.759619640646914,30.22862806704283,30.369319297092275,,,30.400926246709087,,,,30.76638466420834,,,,30.74859246318699,30.440120971962006,30.29110650937005,30.52223295225684,30.246095354356008,30.21961760138237,30.493047753869583,30.287774708978443,30.75230912264232,30.091435716851212,30.255238514605015,30.10359156530624,30.951088494940407,,,,,,,,,,,,
Q8TDB6,,30.749070292531545,30.460691126538308,31.200309963694764,30.43457963570487,31.11949137726335,30.519042847673195,31.190311154842387,30.60570532816761,30.950807534171446,30.365298655122906,31.280396324817264,30.054177128833572,30.488158364964715,29.591174737427842,30.83327445493824,29.214500209514114,29.7720249630329,30.46439139461902,31.128737602581552,29.610479005890063,29.69047793010938,29.71221495410729,31.04896752011082,30.381909311712917,30.84886790350733,30.391541451159817,31.267328525870123,30.428501106473693,30.641867651199306,30.132290032409614,30.408194778294416,30.120519392113174,30.620697032403747,30.170636253857715,31.050627915766626,,31.035442136556778,,31.656190965693614,30.902107676791196,31.215208052634786,30.98325007093822,31.843641889050907,30.56263073068277,31.16914296324303,30.307838493657414,31.394246191827037,29.42728016630874,29.895755647011626,29.669173307244993,30.826214641628003,29.092295380516852,29.897471181228095,29.729395591338275,30.673326058901324,30.166150014129286,30.56098002299819,29.382041221692877,31.185161411367005,,,,31.44440518212728,,,,31.34605886399114,30.923607520919973,,,31.763136242752132
Q8TDD1,30.085598480871816,30.0261775314285,,30.47527682292499,30.44953212103278,,30.24660635418603,,30.467998701535713,,,,29.977742923138585,30.023749772187017,30.7993143741183,30.59861373360352,30.599643944037513,30.3443458549515,29.778412250922052,30.694403166884065,30.264698733163833,29.689474828499023,30.6747609180274,29.85236791904152,30.24882300214892,30.092430828574443,30.361287983158157,30.322707488831348,30.499463832339387,29.931729507446732,30.709806710453726,30.320578702527406,30.27402445718487,30.5306172763552,30.755419809178367,30.23597784414853,30.787705407829698,,,30.25173453898357,30.891737862022794,,,,30.45988249646596,,,,30.124170137295753,29.75764309626425,29.600333008982055,29.94727284042108,30.2550503327283,30.32703181659183,30.123033102115144,30.01925856657955,30.327778236925635,29.361556935599527,30.335052253066774,30.156481904306403,,,,,30.055738362300776,,,,29.81991725470971,,,
Q8TEM1,33.10431473053218,33.28116939411129,32.88532957541668,32.45578993521665,33.2801964391719,33.27812724536876,33.14351801457692,32.65506717639347,33.452309287643985,33.19049059759351,33.15215953310433,33.005054028017106,33.8449769975321,33.45774653574755,33.297811748012464,32.96326483801313,33.81844656645049,33.3440369681704,33.401389127679714,32.76817119167683,33.8940421735789,33.30532070986347,33.30251473145504,32.80892272145371,33.4464442295244,32.98126202145562,33.19730216376538,32.5085616560876,33.271374951097,33.18303349175222,33.1217215565639,32.635550663385544,33.40921342825255,33.14167926050503,33.088319954617546,32.52026469414592,33.14478160390535,32.818814379416004,32.9540835940653,32.01394657956147,32.88499467383,32.89946801583868,33.06903206484,32.18835628247681,32.87561733591311,32.77559504666567,32.69347325542145,33.01187434765913,33.64106304042434,33.0034137015154,33.15609552348879,32.71464293106866,33.571132021273606,32.96702787185137,33.30957916744734,32.69004441698106,33.607777131424555,33.118190958993516,33.375825103915226,32.73973268272934,33.314647760124245,33.03096454568881,33.09244969883976,32.73290170593109,33.42074894436479,32.828973997559245,33.027819426744585,33.07977778410839,33.13692134398662,32.91434392591475,33.33125842983824,32.67729396952198
Q8WU76,,,,,,,,,,,,,25.920140838914563,32.07205172159736,31.248133119462217,30.205274589603142,29.94593653076329,30.690365327382843,31.244337947516122,27.657179390934616,28.513053244763547,28.730086272083774,,28.160968619203565,28.914263775791646,29.47306106460637,29.938842422662958,29.828697938633397,28.972197027776886,28.303275955382937,30.20613374696201,32.575721957306165,29.635036304102215,28.338258487888453,,28.218110494594292,,30.87809070374542,,,,,,,,,,30.629651101299487,30.001059878084618,29.698382003936665,29.977050054789018,30.169876267795786,29.142026912495155,29.791872479490188,29.97737331852604,29.67362569284196,29.213758306008472,29.3956076784919,30.106108940704935,29.837813549340602,,,,,,,,,,,,
Q8WU79,,,,,,,,,,,,,30.33558211005966,29.988523482595625,30.198205586083382,30.29654539909684,30.28747815238043,30.486793726726606,30.172892148064186,30.30189425557301,30.170009790603633,30.342511743515246,30.25998548662885,30.29579637936469,31.89383847348967,,,,31.876653739096923,,31.78620717331604,,,,,,,,,,,,,30.33589171940791,,,,30.44016389121318,30.001570901763248,30.072764183689213,30.084667559978055,30.850161779231232,30.102897060916327,30.28366546799198,30.966396860236454,31.012049334528257,30.07429777972363,31.12761863233996,30.215212583907036,30.934461476153402,,,,,,,,,,,,
Q8WUH2,,,,,,,,,,,,,,,,,,,,,,,,,30.118689375284713,29.483494868977022,30.086147277561523,30.100484072903257,29.74143075256986,30.262884344459884,30.731245263589724,29.560455069137298,30.045361109135737,30.37739053058067,30.327757984538014,30.44386477680067,,,,,,,,,,,,,,,30.886756073205124,30.892123730877188,27.884096876888965,28.602142370307327,,28.457258979493464,28.616312965094718,31.077421504121215,28.35945670546072,,,,,,,,,,,,,
Q8WUK0,,,,,,,,,,,,,,,,,,,,,,,,,,,30.677236308908025,,,,,,,,,,,,,,,,,,,,,,,31.236690116746317,,,,,,,30.901057314533507,31.814202524834204,,,,,,,,,,,,,,
Q8WUM0,,,,,,,,,,,,,,32.88434155462345,,,,,,32.32700876181268,,,,,,,,,,,,,,,,,,,,,,,,,,,,,,,,,,,,,,,,,,,,,,,,,,,,
Q8WUW1,31.816011477491486,30.926865042626513,31.942929671825645,31.646129698702318,31.833701542372932,31.911229434078443,31.93341956789733,,31.546722144341885,32.22297532843932,31.74547387654655,32.05288651995006,31.143592488045975,30.916869472071255,31.126393890236272,31.006183622896874,30.98351527848594,30.38445593701453,30.258094948327518,30.83474967560839,30.480268304044642,31.285842315912266,30.95056992901782,31.105462151189457,31.011658125445052,31.04822041990493,31.276946998369823,31.01277937157642,30.56297775365328,31.186489722833254,30.640150513435785,30.71638899880995,30.767396916526387,31.414483039311904,30.749690764832913,31.136652844290325,30.801872864500744,30.48427087913143,30.78991918007122,31.15928606689489,31.074756270264395,30.83603095784723,30.53533465234397,30.952188214376314,30.585384141428325,30.808727968499127,31.66261558413803,30.925169105083008,31.149152939909435,30.797674628548712,30.92037742228164,31.187946443118825,30.89216991472947,30.973393859571246,30.867760520944074,31.12472392201807,30.024289425040656,30.88081115559654,30.580622524972647,31.035659305683268,31.715399365045155,,,,,,31.16013396417707,31.266573394777986,,31.492542701392985,30.09458021212516,31.84677448188657
Q8WVC6,,,,,,,,,,,,,,,,,,,,,,,,,29.964116952168535,,,28.914449089740057,29.523570303951356,,,29.16428221413207,28.31857350668377,,29.459170846645673,,,,,,,,,,,,,,,,,,,,,,,,,,,,,,,,,,,,,
Q8WVY7,30.848075792218843,30.513064970489058,30.379455838657307,30.947811181810234,,30.73450057842545,30.549573619092936,31.04435460108036,30.239086783158424,30.366594035473327,30.846628428186765,30.4412916036523,30.836783849595932,31.191686106723804,31.49659417005567,31.050883867486387,31.257279866878598,30.91785499149643,31.4744378336153,31.541159246621255,30.657616581546247,30.97695313351867,31.261118878451434,31.721818922540162,30.04621671077173,31.40807810216919,31.56175905469283,32.060085748051705,30.639935817148288,30.87541072583443,31.48025375180746,32.08932258215267,31.310351430994654,30.871017931054915,31.119753205092664,31.64237101564819,29.7000152362973,30.31066587300725,30.491762676036483,30.544887405033776,,30.154455375250986,30.234327878246678,30.665396707706396,29.967328544498283,,30.48689617385404,30.305966945923014,30.52939777205039,30.70779695085079,31.219142780101322,31.309972576708226,30.74202891338504,30.656417397972596,30.84497967306072,31.10297397365244,30.862967235814512,30.64149634577543,31.060926191471655,31.370978185528827,31.518899629257177,,30.827099986543068,29.85549587917757,,30.683971385027057,31.245918930921057,31.05741573858401,,,,31.980274061170814
Q8WW12,32.075357641732246,31.830994233349223,31.841637549965252,32.27136980997724,31.96480408937642,32.30225171600918,31.85805531556185,32.14750447095644,31.773746562354262,32.086498302403,32.10516915659994,32.26248351480281,33.134126682860256,32.47695871104439,32.112448638967024,32.47816643143958,32.94211512477609,32.6315972457485,32.27324716377803,33.21486540262742,32.0931397343397,32.37173082704554,32.09330498222613,32.731786341954134,31.979593592475528,32.400741760606984,32.08729022708433,32.33661172399175,32.31819306190709,32.4397740423846,31.711144842969638,32.17643388221113,31.958963967551796,32.44795155949219,31.772952326038137,32.374489508392834,31.651828071060514,31.3695700922731,31.692566983821468,31.350631818401546,31.928658460730038,31.185166870613415,31.633185282085947,31.86900846604209,31.930520466349442,32.01286220656084,31.790801740415827,31.898347183294423,32.40989182230496,32.40554204613176,32.24379330137173,32.49624543748846,32.67347482575956,32.23195295863362,32.336208485839286,32.54881403781084,32.01624320780443,32.403147313033635,32.3947260475226,32.51256037959537,31.922265305141032,31.73573071321067,31.533162591565006,31.916870300535926,31.95697894336307,32.09348995318266,32.26657143793242,31.74148040107474,31.997549164905656,31.901145715651378,32.02640781253741,31.309868035254837
Q8WW59,,,,30.37171470637693,,,,,,,30.024855840430146,30.265571897965472,,,,,,,,,,,,,,,,,,,,,,,,,,,,29.218829188398324,,,,,,,,,,,29.674834470053135,30.139737061779613,,29.81447460296024,,30.035812315114217,,29.635625211174734,,27.326640482708047,,29.436524600426168,29.367574877629885,29.71562416488424,,29.620044829219935,,30.04681459986979,,,,29.891120280946637
Q8WWH5,,,,,,,,,,,,,,,,,,,,,,,,,33.030843657074996,33.07994662257254,,33.62758710728408,32.36373974400759,,34.15185579924561,33.46330997693364,,,32.829542447589866,33.47335374399238,,,,,,,,,,,,,,,,,,,,,,,,,,,,,,,,,,,,
Q8WWQ0,,,,,,,,,,,,,31.895235872756757,,31.5657275390934,,,,,,,,,,31.057719630248098,31.412176132809787,30.96763232107624,30.716950102298217,31.09357015742315,30.72206056224368,30.881102652497308,30.84181184385805,31.08568684205594,31.47488557655862,30.19442003729303,30.77268679270961,,,,,,,,,31.571221149629427,,,,30.83024483271069,30.990790528590562,30.32294128628827,30.917107720732364,30.509702074802586,30.563955916915756,30.746638990838495,31.082611524215395,31.3016261766002,30.910477422887343,30.87853668639489,31.332049410757637,,,,,,,,,32.514025245436535,,,
Q8WXD5,,,,,,,,,,,,,27.570754501699387,,,,,,,,26.81012694896681,,,,28.707531560302733,,28.410228769783345,28.338154880018227,28.486322571026385,,28.718454196777152,,27.245551516573077,,,28.734248605608787,,,,,,,,,,,,,27.178237420119785,27.399390282397416,27.786007882438692,,27.975419710366303,,26.240627967027898,28.816576220621712,27.590561463783224,28.053999085542873,,27.65950507016664,,,,,,,,,,,,
Q8WZ82,30.15376006530886,30.189450770371316,,30.128389010794205,,,29.75781927478854,,,,,29.871574658453508,30.426710000575454,30.338730302685637,30.573351559575062,30.489277775752733,30.385645567914793,30.755339455552665,29.69790905719146,30.790817302452318,31.71323268222379,30.421258554170088,29.586647647541735,30.60690833622818,30.73034084717209,30.327960131735956,30.355251867441652,30.58623167502546,30.255681278239177,30.455442645323153,29.88919265301226,30.59610756288895,30.17153448840159,30.395150685133885,30.52857468899557,30.60442303157215,29.794835307096978,30.579879088674133,29.903912288604886,30.07664601918836,29.85259557018757,30.146550271358983,29.979791532850214,30.455667789740687,,30.294736545875942,30.00500079593551,30.010697188973758,30.102201002791684,30.56291862573658,30.234164522120782,30.354516140084804,29.904736444255388,30.26957104685332,30.097758240270494,30.453189194197726,30.059869494931263,30.274322751271864,30.0579352643053,30.513144089048485,29.806350160447735,30.540174814744354,29.55544084716955,29.86880512191204,29.758230861059303,,,,,,,30.072203752269225
Q92466,,,,31.25607468477601,,,,30.931042621232315,30.757282380512013,,,30.71488419531287,30.28585855646302,30.11989729832271,31.33648355035204,31.89051927546012,30.323931585059633,30.13437204407385,31.528783755734963,31.55089173133933,30.292986018204676,30.5733224301799,29.76604274918689,31.899142240078298,30.304344685331476,29.961386876897834,30.240960034227335,31.40513911444325,30.2465260195563,30.153088324189014,30.197231896383638,31.01415982933291,30.38676083316693,30.223843002258945,30.125431933389443,31.081003452453047,,,,32.10262928389656,,,,,,,,,,,,32.40753317052459,,31.323255983129588,32.454866856853805,33.56096172510772,,,,32.12140814888767,,,,,,,,,,,,
Q92520,,,,,,,,,,,,,,,,,,,,,,,,,29.87716563506693,31.434475036664622,31.555600805670217,31.304050256279844,29.501698788884262,31.55832011633264,31.272717885244393,30.425312757115073,29.655411002061285,31.456596375432326,31.337090116254004,31.461216025739702,,31.48240172691499,,,,,30.68799098543834,,,31.376851935168045,31.015430634308597,30.915575197230122,,,,33.339441586842504,,32.142451323759644,,,,,,,29.624911651711734,,,30.965224400267402,,,,,,,,
Q92522,32.68865476655705,32.82975210211226,31.98975472330725,31.79291325188762,32.58624769090296,32.894808303097825,32.2267551645133,31.86264363982893,33.06377409045246,32.63140969790573,32.54702867070119,32.20871475517083,33.35355501556349,33.483006254202934,33.395503591501075,32.90259757039674,33.37893899047223,33.564589753542094,33.05906601661232,32.89740386194814,33.60217419890149,33.66850201711628,33.13700703009851,32.59837340677595,33.182669142754946,32.865541596528786,32.58937276002071,32.62844269129573,32.890355704075546,33.28242766508247,32.98172349915435,32.66988576335994,33.14109333798623,33.95303239466995,32.97081747532535,32.74987472924925,33.1990729527797,32.260995325666975,32.887094771904614,32.49262336138098,32.19052913727255,32.60258108116188,33.183979918115426,31.463723082396527,32.44878877958105,32.123244667209335,,32.32010492473868,32.62392935213165,32.74952218987554,32.63445682705951,32.38317565880743,32.66611704712293,33.01222438675896,32.426855623379964,32.02628868044519,32.69807028001745,32.933930160926344,32.21140020616528,32.007239349004706,33.65212427554677,33.494599102815485,33.68684151934282,33.10981657470969,33.59056230135697,33.955914777384486,,32.96463784406458,33.829132341846005,33.990154888910844,33.49004934876203,33.268660743013896
Q92576,,,,,,,,,,,,,,,,,,,,,,,,,,,,,,,,33.87140110872022,,,,,,,,,,,,,,,,,,,,,,,,,,,,,,,,,,,,,,,,
Q92604,,,,,,,,,,,,,,27.712290020099225,28.918542776757533,,,26.540339647731386,27.570689424673162,,28.71027358307743,28.107730949168563,28.675881263773313,29.74591709667571,,,,,,25.991508629744985,,,,,,,,,,,,,,,,,,,27.792134287986023,26.856190718777775,28.704685247480853,,,,28.537255005750048,,,,28.18089985358025,26.544827607996403,,,,,,,29.080534547591384,,,,,
Q92621,36.698465893490784,36.85656357152257,36.50591073182631,36.19743677792205,36.61512949164346,36.72362392910524,36.44596070176027,36.408477770887686,37.12901855414856,37.18646660777786,36.744518951351615,37.104373150234196,36.51434380304084,36.773883682462525,37.06423190747385,36.89478216738942,37.208068144859084,36.75880594959698,35.2640281771191,36.56683904611931,36.7432474940402,36.693899440742555,36.626238952866316,36.71444348245038,36.80074784574478,36.707600639418445,36.69553994941428,36.84286599820459,36.96153586438315,37.08685376900137,36.12415010547251,37.05779042735745,36.82630797417402,36.65091941014066,36.66154572107203,36.89682021766618,36.75609473255459,37.05368559804602,36.944301108861225,36.39282001657088,36.92852962433886,36.9059310952159,36.822945617913575,37.145174621934764,36.811195512388,36.93485395418462,37.54460192033225,37.07852504012098,36.70088620765795,36.43105238105356,36.30391952222689,36.67409401238364,36.31075191278724,36.50214667147019,36.500781295087734,36.20911488882081,36.53081584257944,36.26077227057209,36.38993213024301,36.399235293576716,36.76783075226663,37.361839545473465,,37.5751168816925,37.22327359025171,37.17427855789005,37.293784911985725,36.83296301046009,36.951989917337784,35.89929851306556,36.770341107781675,37.74394887587135
Q92665,31.05704767830898,30.867816850774826,31.0172602982543,30.67879564973858,31.127692655037325,30.953197164776725,31.038225602195528,30.87775166897494,31.061787520805748,30.860992694682942,31.72811697435495,,30.739564113756384,31.14183375443668,30.09009967930768,30.95332228626187,30.480091382308725,30.2447098120522,30.891231607014237,30.42928147989466,30.519818567176582,30.671693609244723,29.58396611240843,30.481359339116267,30.76043863307705,32.812906850628195,30.80561733410259,30.2206126928721,30.21354287706921,29.358764957070772,29.374541079964885,30.76756477482719,29.915159483755062,30.395557228577655,29.196866255750916,30.6258699132758,,,30.276564371367137,30.52943689415613,30.54384948698054,,30.98383685642001,30.51661272040178,30.659685747833443,30.40528159519315,,30.600676001814666,30.562003340208474,29.927273645105096,30.0254492387061,30.528994660457126,30.24254901178036,30.078603586805073,30.437112779997907,30.757002004152362,30.48603756866286,29.90831800627137,30.67624126600017,30.911067354077648,30.90453753667637,,,,,,,30.130053246637853,,,,
Q92845,,,,,,,,,,,,,,,,,,,,,,,,,26.879979251513333,27.051725234933404,27.6960565047819,27.303248293442103,26.651114502501407,27.54446627414702,,26.436465488785707,26.378167678558512,,27.6256635131357,27.425876758466753,,,,,,,,,,,,,,,,,,,,,,,,,,,,,,,,,,,,
Q92896,,,,,,,,,,,,,,,,,,,,,,,,,,,,,30.570079225482303,29.982621673495977,27.762908473779927,29.697186779228115,,,,,,,,,,,,,,,,,,,,,,,,,,,,,,,,,,,,,,,,
Q92917,,,,,,,,,,,,,,,30.486229820482556,30.798023537529605,,,29.002777659568952,26.893716354654238,,,,30.181703620936208,29.647461063314516,29.91568677308776,30.359149547956083,30.493956472344298,30.185594705417312,31.244388883569805,30.30012459468481,30.146400750185343,30.183430018010778,30.13454860911462,29.68309316427523,30.650812964183206,,,,,,,,,,,,30.841792655694448,30.988574774911218,31.333406419585202,31.025853230611744,31.118071352168027,30.885618345431304,30.54125287218748,30.783294727815598,30.943749224942184,30.62749167749507,30.94626385901653,30.293384018024764,31.137828100603457,,,,,,,30.475931505637252,30.90934818443139,30.471391307557578,,30.531344040450907,30.805390882983534
Q92930,,,,,,,,,,,,,28.758671292030467,27.79764687741339,28.42539819266263,,29.451042668648135,28.149035421781168,28.649213419795455,,29.43476954946882,27.650571112554477,28.236961620850362,29.022597000479845,,,,,,,,,,,,,,,,,,,,,28.822441499906304,,,,27.859384248143268,27.555669903617197,27.550284454341707,28.661997934860903,27.523177364250017,27.60701544394691,28.67534905502887,27.94049630786487,28.03522238107436,27.561901544784742,27.43052214530237,28.4064668756164,30.688888849486784,30.106054387338364,30.49635598953134,,30.294708647603752,29.61316119028795,29.81342790911023,29.903338168529405,30.591417343607464,,,
Q93034,,,,,,,29.567452548504413,,29.521221566531214,,,,29.5739501559775,29.1727656844954,31.035357212689995,30.213875103779735,29.15402375126391,28.601242059238473,30.42171512165296,29.88336489643557,29.245571834097724,,29.6493449080362,29.84333727623804,,,29.6780087900315,,,,29.574768763512637,,,,28.689016337572134,29.658475130845574,29.557430042780993,29.57665061034324,29.977693855198563,,,,29.944465092001103,,29.870731135155516,,,30.481596334404063,30.31523383121532,29.50781735662248,29.089111138723183,29.901276073332273,29.300993954124912,29.665680419292507,29.601379103647048,29.78044482161937,29.775011963683443,29.202375556891663,30.656358916576643,29.403773857251878,,,,,,,,,,,,
Q969Q0,,,,,,,,,,,,,,,,,,,,,,,,,,,,,,,,,,,,,,,,,,,,,,,,,,31.703522233188995,31.160080463709868,32.11791818432417,,,30.78067425100892,32.6211727141273,,31.890064482344886,,,,,,,,,,,,,,
Q969S3,,,,,,,,30.458297642462323,,,,,30.81445546091406,29.142692126525784,28.05303058570965,29.67975765890359,29.388582794796573,29.023634671259018,27.060624749310247,29.892009560650198,28.95728375836968,28.99895357626843,27.22494608625578,30.31010228804142,28.109356668207447,28.502725344805075,28.59711470771482,29.585138362434108,28.39618648344791,28.364654073419835,28.666121666210948,29.534318062498087,28.882502540793958,28.813112636582883,28.180864114056597,29.617483854481257,28.37575248786561,29.007197081138294,,28.7914202259904,,28.974577838712868,,28.507548171661398,28.603304781819457,28.62123964608091,,,,,25.466001279700542,,26.564507812479278,24.176816689240013,,24.616650401283664,,,,,,,,32.06995101535848,,,,,,,,
Q969X0,,,,,,,,,,,,,,,,,,,,,,,,,30.44258804094748,30.163819226491007,30.101646741405478,29.714849880002266,30.003049348112757,30.293389913660832,30.259663678374,30.317433201789644,30.510740442058896,30.5547284306484,30.16653168559793,30.636808947054167,,,,,,,,,,,,,28.939649283977364,29.071604245772225,28.355140706717425,29.158762194514413,29.57626041529552,29.327676009062596,,29.368825284521012,29.072019772896052,28.760809295321522,,28.947660014804267,,,,,,,,,,,,
Q96A33,32.03564256733645,32.24508568124828,32.01943470184264,31.39314613333203,31.368325772740302,32.00138687187999,31.87986069233251,31.73963740086988,31.788702940626276,32.08215729407317,32.140223669196544,31.243018070591827,31.05573392104541,31.622050755826532,30.88204557498417,31.294406402753612,31.04637328689533,31.40203365217059,30.821245239230347,31.276451615519097,32.035231321792494,31.311735952089634,31.806881254792835,31.53309822570239,31.741290003006313,31.939061817552723,32.10543347369013,31.322647034118773,31.68034595225839,31.74736797354998,32.01783526868157,31.362747495618937,31.646252474056972,32.13854681904156,31.845477180497873,31.522567546583094,31.382798125823662,,32.60926612119654,,31.53873406127352,31.96014789275155,31.644235475278194,,31.106605231699135,31.426121236536424,31.852323577432514,31.429768506351664,31.28167000278374,31.752422008379,32.205026887135034,31.021561336796907,31.6128097159188,31.80433161946688,32.05860413268223,31.47777425320402,31.367553827645487,31.691156948297294,31.584811880141963,31.217151828392083,31.618985972788995,31.167454710980063,30.8444558393062,31.022710198134597,30.788430552163813,31.053929149623173,31.622952539694495,31.22069135746379,31.30042129979695,32.426154614047526,,
Q96A35,30.07339792045863,30.28177029742385,,29.943911330922017,29.872892746754097,30.015051258973347,,,30.1043237898739,30.118342820425248,29.737831041039154,,29.24186055840748,30.23346282452763,28.24799570841815,29.614343377416592,29.322523579774757,29.06716785603645,29.157407914280295,29.34972057469443,28.60607645363954,29.928264560573954,30.412406803557797,29.25272911029108,,,,,29.744588798868786,,,,,,,,29.820482147128022,29.405174945734277,29.767165588936077,29.29606728486714,29.414333932417044,29.801997615025723,29.727889126535327,30.00342465919617,29.309577945715883,,29.865369736371196,,30.66680670826012,30.801074024406525,30.068351252285247,30.888827234281276,30.64123495146169,30.80501637033862,30.726640715143763,30.10071483414004,30.03986004924855,29.931566874692994,29.757728071887286,29.983573970251282,,,,,,,,,,,,
Q96AB3,,,,,,,,,,,,,,,,,,,,,,,,,,,,,,,,,,,,,31.08867093588126,31.420514366068254,31.591364761348892,30.41955084274683,,31.49115833603676,31.38989698684548,30.955920122256508,31.256933826530044,31.445434379320993,31.287136749548345,,,,,,,,,,,,,,,,,,,,,,,,,
Q96AG4,31.97088655292383,32.420532794174214,32.46606271315142,32.01803473040913,32.021306204178444,32.46910843033622,32.56718825142193,31.811561652719547,32.12403022648599,32.18811860391409,32.399202495379555,31.847996698541323,32.41910472104503,32.42570260441656,32.84279977374412,32.20351006097094,32.58973593325558,32.59922793702952,32.77863816088988,32.05185064304997,32.49426011175785,32.707250417288854,32.94488332585453,32.03638839490837,32.70937588350043,32.795571285817516,32.97510801760525,32.16697709005682,32.67533603581909,33.09138306717186,33.053279820878906,32.24909222029914,32.57994785405936,32.88746377821371,32.935678711881984,32.620700501016664,32.14957357988461,32.388812171931015,32.56915073749842,32.065039261388236,32.01904550279918,32.74932736837902,32.61569140338157,31.86289137217654,32.308785921525455,32.58973440646614,32.76270319757808,32.088694443523806,32.55257266895465,32.56402078611407,32.90325488242144,32.33348661329282,32.4981376518809,32.7329837962406,32.92918950996223,32.38039788510906,32.54481569592153,32.685472875171406,32.69696668768384,32.39217134985497,32.121624819028845,32.36811500495318,32.352300968939815,31.789416122422246,32.19376535927915,32.32655702506771,32.37956043493932,31.81587858759213,32.06576702275151,32.19775178585261,32.277013349844204,31.827348835568515
Q96AH0,,,,,,,,,,,,,,,,,,,,,,,,,,,,,,,,,,,,,,,,,,,,,,,,,,,28.60722166999411,,,,,,28.34200236005539,,,,,,,,,,,,,,,
Q96AJ9,,,,,,,,32.5406338656968,,,32.23482982465704,,31.909070533975157,32.782686480111145,,29.356625992245828,31.98116810873432,31.901368463463978,32.400198184728566,31.939038748392296,32.34481491986145,31.899714828862184,31.846635957060602,,30.924933353795605,31.457440989357657,31.285782201604786,31.181835005339703,31.20407831601401,31.215634893630234,30.458154555707214,,31.399469770421657,30.64284311260596,31.80567035762724,30.779018454959836,,,,,,,,,,,,,31.802725076500792,31.780396593993725,31.78266728778144,31.993599512175773,31.832490062039472,31.856091277976613,31.926173601325587,31.89448440472564,31.709905058736894,32.585168498907336,32.23338661106776,32.04455763585791,,,,,,,,,,32.44355701635143,,
Q96B49,,,,,,,,,,,,,,,,,,,,,,,,,30.49658151011624,30.864311105998777,30.9129123959586,30.144843277962597,30.5798872406972,,,30.088846599669374,30.960084751530445,30.030833922464478,30.307869218301146,,30.34516281978842,30.149555886081107,,,,,,,,,,,,,,,,,,,,,,,,,,,,,,,,,,
Q96BH1,,,,,,,,,,,,,,,,,,,,,,,,,,,,,32.52040549232415,,,,,,,,,,,,,,,,,,,,,,,,,,,,,,,,,,,,,,,,,,,
Q96BN8,,,29.468906498024023,,,30.00674784222124,29.74779091894168,29.75235919263646,29.613478026372654,,,,,27.67222049456809,29.625226040447632,30.350745894622857,29.31748810657756,29.60595241390251,,31.513561217349586,,27.33318070750398,29.10219575225097,30.463241313711148,29.80758738999388,30.267530457091592,30.013532715136872,30.465891332686066,30.459147030217807,29.934122859562418,27.987568429362753,30.525919983646922,29.934100124439667,30.399620503186444,29.71749731030675,30.403684989034513,,30.045184126068765,,30.152439802425295,30.201604609574222,30.189710478854533,30.036985758804068,,29.98965543804243,29.86793548554152,29.708430600078362,,29.434980971880954,28.411623262706883,28.662211617682047,28.87082468093463,28.93342570750644,29.353516648380666,28.27170642723536,29.044584420183636,28.096124182694528,28.833883050181182,28.663784515825302,29.18002528956045,,,,,,,,,,,,
Q96BW5,,30.460729674285663,,,,,,,,,,,30.53405319847931,,31.273701466955057,30.824367982322077,,,30.846026474213154,30.862658858941,,30.28474961078029,30.903483304609274,30.971806293244658,30.59111720869961,30.531696891832528,32.3588439821067,31.147331532990915,29.62807214721509,30.105724747857206,30.656987995461858,30.80214083439324,31.965996300642356,,31.089093066573575,30.56784655717154,,30.39089659411463,30.370975668131127,30.369408973283814,,,30.421145698266766,30.506816576085964,29.985551736909432,30.304884687894965,30.64079039395727,,30.642898281571785,30.09871515246037,29.06909483844345,31.14310088208635,,30.42531616487246,29.885359127617402,30.709747206572477,29.657578198415415,29.820442439307303,30.5266859203489,31.19285523038164,,,,,,,,,,,,
Q96BW9,,,,,,,,,,,,,29.211451754878368,28.641146895098053,27.784959875633525,29.84795143882583,29.007419799050602,28.69560360938543,31.523723508953232,29.13093916975472,28.837125524091867,28.33759077143062,28.471621406106536,29.3959868044384,,,30.697850904096462,30.56093034518983,30.754742934200664,30.502767752807273,,30.311735243050016,30.663734967210637,,,,,,,,,,,,,30.29959811461704,,,29.21762230822734,29.10108469930276,28.532071724753493,29.397823588023314,,,28.419612521169363,,29.31069660628726,,29.647647409429936,,,,,,,,,,,,,
Q96BX8,,,,,,,,,,30.998898589012178,,,,,,,,,,,,,,,29.80128490189417,,30.70318723465273,,,30.612796173391466,,29.319462273673505,28.361955738873704,30.046282483581408,29.36214114984808,32.132329484448796,30.36218903506686,31.08508278424399,31.156432841553226,30.869133226329158,30.535394973502523,,31.150358629114752,31.6984757392732,30.49968801943487,30.293725875847542,31.561790540442225,,30.41209155382675,29.9593490083049,33.39470389250357,29.49636362218439,32.75055194111078,29.591147572323383,29.79503003368318,30.707116757422728,27.412347347628145,30.629418120368825,30.150635549175053,30.641717258252022,,,,30.92810061661981,,,30.623856774713005,,,,,
Q96BY7,,,,,,,,,,,,,,,,,,,,,,,,,,,,28.301556873389824,,,,,,,,,,,,,,,,,,,,,,,,,,,,,,,,,,,,,,,,,,,,
Q96BZ8,,,,,,,,,,,,,,,,,,,,,,,,,,,,,,,,,,,,,,,,,,,,,,,,,,,,28.042720926183296,26.8300709883406,,,,,,,28.09719154110615,,,,,,,,,,,,
Q96C90,,,,,,,,,,,,,,,,,,,,,,,,,,,,,,,32.36067858643872,32.54907446467767,,29.322836014523112,32.16276018630783,30.306980327363682,,,,,,,,,,,,,,,,,,,,,,,,,,,,,,,,,,,,
Q96CD0,,,,,,,,,,,,,,,,,,,,,,,,,,,,,,,,,,,,,,,,,,,,,,,,,,28.48972036711863,,,,,,,,,,,,,,,,,,,,,,
Q96CG3,,29.98629468124597,,,,29.777050846712356,,,,29.924096895110278,29.55296329170936,28.47657313678144,30.459651939461086,31.77023872424586,31.097197321808153,29.496302725049834,30.477829426746364,30.931413961601198,30.91066719311821,31.448195035179015,30.746145026706984,31.085608464043926,30.960633050202738,29.01813781359393,,30.92257969480431,30.004901218915474,28.495503668076594,28.901700041448027,30.21031281949949,,,,30.24270899984735,30.084281104164535,,,,,,,,,,,,,,28.5439478931191,28.727032713551843,28.546430155960312,26.9023023208798,27.554298724058835,28.633799843111273,28.998212156951467,27.46282593879513,27.970026754641655,28.56149146540297,29.063556257284976,27.310535967734364,,,,,,,30.82229792928933,,,,,
Q96CS3,,30.57363489406084,,,,,29.956072371208265,,,30.440871344504473,,,30.47232321054136,30.25009989780911,30.628714287703772,29.582742316168677,30.485828651577688,30.15047465560072,30.642943284125923,30.491325982225923,30.82829552035272,31.12834296419916,30.120788010390687,30.42584208898985,30.54886465292682,31.131548840493142,31.11529500663759,30.506428431320902,29.894764399843698,30.827765249657883,29.964009406113167,30.345043609646336,30.954540547337448,30.416057934604208,30.619749076150665,30.528613176216652,29.917994537481523,,29.633436682487638,,,29.801706854188996,30.166717043710424,,29.475128435147735,29.62612133820136,29.405698805508347,29.392211890390872,30.310887765806335,29.914787765306652,30.5865172157354,30.092679262691252,30.1426882084363,29.584886463255618,30.315423961900176,29.640264266908098,29.935360036691087,30.005145183078955,30.72519318942885,29.240577645939844,,,29.769356305910154,,29.35539566530748,29.52249105890149,,,29.78591321995681,29.59116224486556,29.435872434003098,
Q96DA2,,,,,,,,,,,,,,30.403547833334372,,,,,,,,,28.71736802604373,,29.729975482225715,30.199980401331107,,,,30.915589544734363,,,,29.88870061178704,31.01426281567068,,,,,,,,,,,,,,29.76001113107527,30.00648441433307,28.62367335368846,27.8371591137952,29.490982362749637,29.42580565489413,29.043104024485174,27.61047737215492,29.196873111261766,30.97414300130656,29.70742951673354,,,,,,,,,,,,,
Q96DP0,30.860887783342406,31.848744838232967,32.22149509336968,31.56229493684241,31.33866838034954,,31.833938373411605,,31.57651662855799,31.671211307715858,32.742950459702605,31.15488568619204,31.50196395367591,29.282995890998357,32.26805538341302,31.363065916935906,30.482378250437236,30.638698038483952,31.874965999253035,30.39068661903667,31.35733868331341,30.75119677711345,31.908586729936662,29.676275315535,30.455386903703154,30.76228911608414,31.45084946707461,30.49298097184572,30.308953724080144,28.80873077624394,31.733203815515,30.44635656415082,29.744384811311207,30.827616614253184,31.724820706384904,30.659629348825934,30.290793111487613,30.750420213039803,31.47506149057466,,30.471422417889546,29.77548542365718,31.493016959210728,30.073466095294357,,30.601949717085745,31.61704470949469,,30.337630334694808,30.869256956559962,31.70841199264553,29.977211866880605,30.369219275807747,30.434225668455355,31.107082265690828,30.832832860184798,30.318366116910735,31.151551304179904,31.737345421304116,30.96131271117526,31.63160138171541,,32.306861506808325,,31.454501026893844,31.073057531583515,32.03658902488332,30.648897018282625,31.44765086521035,31.70095474273782,32.41744170934413,30.980737476103542
Q96EE3,,,,,,,,29.629002734726114,29.561507382382462,,,,,,,,,,,,,,,,28.140377219379435,28.855450775821073,28.873401934332044,28.94775840577045,29.19018939966255,28.87877695340936,28.754224089789485,28.73738363439138,29.106832949913898,29.272869178031232,28.88316040622079,29.015643210483624,,,,,,,,,,,,,,27.518553131314146,,,28.91403904863431,,28.343535864707558,28.273951209714244,28.867713646104757,28.72940700732878,27.773022552604793,28.752478092286882,,,,,,,,,,,,
Q96EL2,30.599424900180416,30.03869341473189,29.34016966061487,30.008116846348216,30.197725640275124,30.083879653840526,30.42528367384569,,,,29.632929217748313,30.05292740532755,30.120343880024365,,29.731599354445926,,,29.858340626967873,29.76398638655167,,30.337210200167817,29.92438452507602,,,,,,,,,,,,,,,,,,,,,,,29.900918605189688,,,,30.042326662934805,30.49037254945202,29.890325656570482,30.000339324585234,30.116664746543492,29.819415005321275,29.884970984976825,30.026457189683796,30.49080886856106,30.226327689489032,29.592410576751114,30.12025354692389,,,,,30.27897707930132,,,,,,,
Q96EL3,29.848254511428067,30.05505944828532,29.838699284995254,30.213372710270434,30.312997231046907,30.688672226522026,29.913551602190186,30.185702875314362,30.044204197415738,30.158480431228142,30.284497915918205,30.044165786994796,30.637336971996046,30.571739406601242,30.278732553972475,30.23331036833004,30.571454761061776,30.660212961612114,30.29677521461836,30.3970532919982,30.626824269717538,30.176981200882405,30.422836136191737,30.448242717395065,30.581076121690895,30.523355137711764,30.65963231099497,30.59046442035074,30.77362577404827,30.651671496857684,30.593053026980026,30.60119835626185,30.94815098509307,30.570295951981834,30.167729634618617,30.446146858658608,,,,,30.076812764063856,30.86627591502227,29.83691321963627,,31.892109592066507,29.892202349215456,29.62277698053157,30.356160842953013,30.508072771094195,30.7123125810599,31.850914052904976,31.38662246141823,30.33714665529775,30.345926526031153,30.319488130154646,29.747714893252418,31.55120002762609,29.9514902242567,30.797358474247094,29.832058881429962,30.560662406812664,30.864936387959588,29.788640327187586,31.684582294296174,30.410762356463607,30.08920106234889,30.287684515174707,30.642823679499717,,30.17699296399726,29.960756189651846,30.784266109091007
Q96EY7,30.91110089867119,,,30.423606521110504,,,,,30.67385692313699,,,,,,28.994516709768416,29.242965633720356,,,,,,27.618786825304557,29.0504881215852,29.066973643452368,30.286979624607508,30.33097453792394,30.293235278622195,30.220339288618174,30.50428846272678,30.102542078135023,30.888640595330255,30.203340593597613,30.416473337648704,30.55141462844765,30.398980806512718,30.461691868582964,,,28.678913798290818,29.58032521945253,,,,,,,,,29.385766566293615,29.589451841764333,,29.80125394673333,29.284322685096015,29.697699056812734,29.127978456200683,29.71523655397056,29.355669048643584,28.355413091803026,29.4140595492916,29.430940629770173,,,,,,,,,,,,
Q96F24,,,,,,,,,,,28.934075192933218,,,,,,,,,,,,,,28.85825420927046,29.405221623386208,,28.84093615024513,29.172856488917734,29.09824905360742,29.214333939804682,28.471743182154814,28.879762901332025,29.258285134789805,29.046179974958665,29.179560109957176,,,28.58966951481973,,,28.735025977781927,28.613938519752892,28.353467683880993,,,29.791164735208334,,27.787937669732695,28.434417682387956,,28.27837839309651,27.266986988786865,27.713372089581963,27.97328901412873,27.138461662461403,27.78737599414676,27.80636319176146,27.79008732125759,,,,,,,,,,,,,
Q96F86,,,,,,,,,,,,,,,,,,,,,,,,,,,,,,,32.82504528533448,,,,,,,,,,,,,,,,,,,,,,,,,,,,,,,,,,,,,,,,,
Q96FS4,,,,,,,,,,,,,30.362315441556483,30.4618167386097,,30.68631507290582,,,30.02212968611326,30.727739994264184,30.12395381692671,30.251419825466364,,30.00648108681504,30.072421349907067,30.188491104075634,30.275688739474617,30.44803539791003,30.10665624323838,30.192131827144514,30.36240910960006,30.66237172913952,30.100903363907683,30.156048171694856,30.32690719248717,30.390946672783762,,,,,,,,,,,,,,,,29.90856803527341,29.139751788097712,29.620938225496218,29.876469208239058,29.659490778878883,28.843037820849524,29.26087240183864,29.425415686779395,29.69420271603112,,,,,,,,,,,,
Q96FV9,,,,29.624842326180318,29.970959238482465,30.277345417765716,,30.69376239612957,29.48087741419976,,,29.757853770212435,,29.432685425821145,,29.208823787655948,28.948724079958957,29.25791373933331,28.09863858809478,28.009437065388717,29.593460131173448,27.822355483408177,28.6203614200028,28.607427621625376,29.609205931793973,31.973216586836855,29.60951988910069,29.587921689441878,29.8471500586159,29.021938364133618,29.793916293252813,29.756316181903056,30.001198824799857,29.918606007552334,29.5775127748648,,30.081139020905614,,,,,,,,,29.658689582179314,,29.413270422601993,29.375698235428267,29.320903902658202,29.117430584215203,29.62753169678129,29.345420338729166,29.810821272347617,29.07930414459713,29.480311303636892,29.136355776966575,29.347605749978335,28.795125951270357,28.30555817720031,29.74792208329332,,,,,,,,,,29.242547364512586,
Q96G03,,,,,,,,,,,,,,,,,,,,,,,,,,30.781165667989335,,,30.669242067179734,30.32415259131486,,,,,29.40477637837556,,,,,,,,,,,32.01787375071101,,,,,,,,,,,,,,,,,,,,,,,,,,
Q96G25,,,,,,,,,,,,,,,,,,,,,,,,,,,,,,,,,,,,,,,,,,,,,,,,,,29.145594904872542,,28.946324051249643,29.30293584532328,29.070029323212875,28.60834594285264,,29.130360045503945,29.04314625317136,,25.487034836319907,,,,,,,,,,,,
Q96GS4,,,,,,,,,,,,,28.176823373555465,28.125452093345494,26.973809240365494,,28.140375668996555,27.020934338102872,27.58614986016112,27.970485923043388,28.26538007684971,27.893790946040106,27.813169517778615,28.02001014808344,29.960851391840844,,29.360769734645956,31.773117279630654,29.332481001798072,30.842273825672752,29.77048675286435,29.71099890985576,30.055234957497593,30.141155875988424,30.578041019979374,30.520344565282233,,29.6617549009083,,,,,,29.242921436085105,,,,,28.481525019367883,28.873274516773602,28.58015991299574,28.878913448582445,28.642084496127815,29.132483522063346,27.847010894062283,28.565260088267948,28.700414239997414,27.035652653995577,28.44547901819572,29.22283154157408,29.53633047682029,29.171231479622435,,,31.491614353295617,28.64351352011561,,,,29.452568356513346,,
Q96GX2,,,,,,,,,,,,,,,,,,,,,,,,,,,,29.52750831890772,,29.307908533408167,29.25665343234236,,,,28.993224353660032,29.418326886255194,,,,,,,,,,,,,,28.450546644699216,27.034946426077568,,28.211316085273396,28.061829202646276,,28.548790841829934,,,,29.010409648376154,,,,,,,,,,,,
Q96H20,,,,,,,,,,,,,,,,,,,,,,,,,,,,,,,,,,,,,,,,,,,,,,,,,33.5486501472756,,33.16509323552522,33.20728211316372,33.333688533167134,32.984599627517575,,33.38844746327867,33.72749120101581,,,33.11973610523392,,,,,,,,,,,,
Q96H79,,,,,,,,,,,,,,28.123308226463585,,,,,,,,,,,30.15353695717424,,29.147569877530657,,30.61713525279852,,,,29.013823478874293,,29.42533639973407,29.37959176360917,30.133416472118675,,,,,,,,,,,,29.595250020054593,31.703140250788515,29.154106584954796,29.022124867856952,29.602550927715846,28.779431759972802,,28.96227352860015,29.812712175236584,29.021582370042424,29.2597288267078,30.441410578006305,,,,,,,,,,,,
Q96HE7,31.2547174656728,31.71580565936373,31.655299291200947,31.214238750343497,31.174909738999705,31.8492992381028,31.917922398612525,31.39129998141492,31.128377561765525,31.83803735745935,31.669220618346976,31.494041299480052,30.748772131281086,31.424021402768695,32.00414480302191,31.05365676525834,30.52510637688687,31.704230415219733,32.03538149214281,31.152844461590934,30.736974949396128,31.63296091163805,31.537786082757883,31.5965018742124,31.273126464092655,32.107188210267864,32.00412091143382,31.622976667775983,31.247573065941637,31.894279521194797,31.97838456850696,31.551128728755003,31.315941887629954,32.00259990245685,32.02250062907596,31.66736725841767,,31.66429440343684,32.02062441451019,31.32139921810756,31.164508360694953,31.741957830849906,31.976476919510635,31.471466693633495,31.358505965723623,32.026616314070964,32.049895628992296,31.660112830390943,31.159041919553637,31.71739712269793,31.98411154345242,31.56877950551688,31.11669886569792,32.378322985598274,32.12686552478959,31.86510147929061,31.10701300208617,31.671489992659218,31.875208918224207,31.741022631922373,30.649301721662425,31.64476015604386,31.720488570173416,31.665286658535955,,31.360373338213307,31.881813964598706,31.489487583689446,,31.641515203410357,31.816346188864635,
Q96HQ2,,,,,,,,,,,,,,,,,,,,,,,,,26.92839748084532,,,28.079951596794206,,27.928273451919473,27.32869503756171,28.296405080003183,,,,,,,,,,,,,,,,,,,,,27.275849460577835,,,29.26535550020535,,,27.637352757258903,28.362787266194882,,,,,,,,,,,,
Q96HR3,,,,,,,,,,,,,,,,,,,,,,,,29.127404251435188,28.889970557675518,28.844815722087294,29.064156414212682,28.389840886274097,29.319220259908445,26.46449142945545,28.41480952901607,28.732203496820276,28.594246427581158,28.83295642834365,29.267324611371613,29.85005254881571,,,,,,,,,,,,,,,,,,,,,,,,,,,,,,,,,,,,
Q96HS1,31.024369247275153,30.85493103336089,30.811349416239658,30.94914116986398,30.741112189446405,31.187414032853862,30.830309271847963,30.918907838502534,30.8778085770122,31.100279255065374,30.68212547315922,30.867107911441163,31.244241856957846,31.77737605509379,31.55103890408184,31.884867976477757,31.75043178718685,31.884828100541366,31.439378335355233,31.850366001943893,31.610692409800137,31.81981616126225,31.553216409938205,31.76905053436792,31.82892913995141,31.590493881104504,31.375159788485547,31.455850193809212,31.933679419707147,31.770406162010445,31.52120483054139,31.427696229992133,31.614143122904878,31.687881490994936,31.08977847105785,31.547545016146035,30.72978679699893,31.00863105621399,30.97285476803559,30.81453165831923,30.59016740180249,31.144427663451058,30.6130210436877,30.708822164906664,30.36511870106914,30.87657305159386,30.467544104249296,30.5834901982442,30.82031904243496,29.971617219917555,30.60474138132338,30.801980951463353,31.609223400131487,31.8075710052167,31.331917303818994,31.486901389350056,32.11265621539493,30.958033488259538,30.523942929565568,30.28409790968185,30.579778438012337,30.904112300468306,30.063591857220604,30.777051005342646,30.930238078075707,31.041359553295486,30.51861882087642,31.704781498933958,30.886857546967075,31.108467578392943,30.736069672768608,30.130807478787332
Q96HY7,32.329606227588464,,,,,,,,,,31.8190925737509,,28.86179449145613,29.921454616134252,30.69628144901525,30.431099347682228,28.107030590424188,28.069623578556005,30.361962366573817,29.932108769444465,29.22507271786064,28.127053878249193,30.211384790424546,28.931545973247694,30.850512486919623,30.64597926730748,30.78493008755915,30.729709941497244,31.282680517735507,29.543889141758953,31.15651058345383,30.81560525099967,30.75097311514919,30.80000427528897,30.738743960456972,29.928770030271693,30.36819813793071,30.248382806252426,30.831473881026064,30.475296625283498,29.57178857333782,31.234498829359723,31.446763234652877,30.172584124731365,30.50750613431186,29.466526677579033,,31.130887669336943,29.61934443633443,29.348864819817038,30.37864141016468,30.23329331113294,29.426912659465707,29.325437475605884,30.56669479408453,29.16856452923277,29.628881599420573,30.600124604026384,29.61815190715423,29.49070295346573,,,,,,,,,,,,
Q96II8,,,,,,,,,,,,,,,,,,,,,,,,,29.14627745624909,30.907770718183944,,29.04704691741567,,,28.850307551646065,29.07631757047393,,,,,,,,,,,,,,,,,,,,,,,,,,,,,,,,,,,,,,,,
Q96IR7,,,,,,,,,,,,,31.896509689544654,,31.550388819300093,,,,,,,,,,,,,29.994250300311695,,32.471100611238434,,,,,,,,,,,,,,,,,,,30.847229091100548,29.507760866748942,,30.387671354803413,31.01070439093777,30.3484258989385,30.191200906894604,30.164682704318516,30.80664104129492,30.989970224942933,30.473162066582,30.357793829370234,,,,,,,,,,,,
Q96IX5,32.25953811408881,32.428437647950346,32.65040708624025,31.698424361604296,32.35924160269302,,32.58691675155552,,,32.35202915903734,32.464835619290305,31.829648057384297,,32.76994392871225,33.44887617804737,32.807358811631005,32.79752759879074,33.21333884261579,32.89855066012428,32.22930136800676,32.78143975532349,33.26331916469768,33.47320433688481,32.736683073002425,32.58072058346489,32.780956223327905,31.770718187535206,32.2102230011626,32.74519819023283,32.73391798561493,32.96712385063567,32.339351312293864,32.70260467643684,32.58434351812767,32.87073663407881,32.34432102066862,,32.48358355482329,,31.95153525205356,32.38674247617386,32.51043084288978,32.44456787487945,,32.389297905152794,,,,33.12841012060614,32.72193344505292,32.81435041478811,32.87185613329554,33.08451141744085,33.07133215059376,32.980034375412956,32.896133077695865,32.965161131504885,33.13057783678762,32.722025787906006,32.8948723754699,32.568589387002675,32.34126082896274,32.679457952888555,31.964196572580786,32.337341301423386,32.25700033933335,,,,32.27748360913482,32.62972954713482,30.944591681218625
Q96J01,,,,,,,,,,,,,,29.95265029678461,,,,,,,,,,,30.952659472990575,30.821376580790655,30.670143540315593,29.9947913598177,30.572757686384524,29.781817840400073,31.525976050196835,30.770879940425623,30.870240204194353,30.552920412261358,30.29728000542947,30.861882918606696,29.575464340814484,,,,,,,,,,,,,,,,,,,,,,,,,,,,,,,,,,,
Q96JB2,,,,,,,,,,,,,,,,,,,,,,,,,,,,,,,,,,,,,,,,,,,,,,,,,31.03225667755796,31.992373530424782,32.12506645449423,29.868869989097746,31.97239621851683,31.273905453364517,32.18353412836459,32.33084792723752,30.010474234126946,31.368452572797437,31.929191164727424,31.90182506627077,,,,,,,,,,,,
Q96JH7,,,,,,,,,,,,,28.525372277965687,30.168933797321234,29.14990049516934,29.559873678608774,29.046973520699666,29.493945442135292,27.677525316817675,,,29.69591803246572,27.45011919259909,30.496257807204298,30.18137401754006,30.042328408312876,30.005645948105332,30.602490907850648,30.090067669356067,28.511987249851646,,30.484779184723784,29.879929146104246,29.712691287590534,30.23796088942881,30.59304743604374,,,,,,,,,,,,,29.460480907747225,30.40388028832701,30.223036779776336,30.581637617812067,29.886566857569868,28.427044859125576,28.99160506452518,30.703168410390656,30.135457573092324,29.5453248658833,29.31186361175777,29.456161175672506,,,,,,,,,,,,
Q96JJ7,,,,,,,,,,,,,,,,,,,,,,,,,28.28387592100627,27.785313914783572,,,27.761074415286835,,,,29.50066068324616,,28.839042360816293,,,,,,,,,,,,,,,,,,29.553952248780938,,28.941675465684277,,,29.556367580764757,29.89400202114318,,,,,,,,,,,,,
Q96JM3,31.64611277956983,,31.250891653730534,31.77729190361901,31.596471548057593,31.10841172733028,,31.462899529135196,31.03772967247495,31.281811603005256,31.385687674883552,31.328901065111705,31.72746592065685,31.081924770508493,32.027036674569075,31.483710095445904,31.548179795239225,31.21955650740773,30.201160892158125,31.853741611160274,31.565910229727688,30.846060365235772,30.93356832233325,30.65255210344707,31.194743996725872,31.439340630911456,31.256969262223695,31.51579448901401,31.64244348821047,31.126647526645794,31.099222971256754,31.397382727159123,31.573286868053504,31.263909043998776,30.94476544329908,31.590985513988503,31.6012559384583,31.78108310441578,30.655834858492387,31.510355479077347,31.458708782123036,31.414389576808272,30.740005097505364,31.327109148414106,31.380540649699242,31.479328501524787,31.427770847784615,31.3926217590757,31.680839353862094,31.13747102935189,31.153643805883554,31.53313796633111,31.63049156734592,31.078997171034025,31.222961241083052,31.559934705871402,31.466905231495065,31.644802030968798,31.024661710128598,31.635258309019324,,,31.875207689153527,32.292689187492925,33.45382305177013,,,32.73589974100412,33.38645764194743,33.27177231609873,,
Q96K76,,29.61222132899059,29.240916241631652,29.639041425763132,29.538538922984124,29.68902971418352,29.53162022032812,29.763476847286434,29.366008917328678,29.64177065053935,,29.419633865113553,28.491830120946226,29.28764251348239,29.934071490651725,,29.780818094152615,25.40345635199859,29.882876723659756,29.913828782908386,29.436898719313977,29.904314163467838,29.94952186803282,28.970480432524074,27.893308162136798,29.158580582639424,28.191511813862615,28.57975124664835,28.268188442554425,28.15860045775066,28.860822435364,28.909185723110074,27.15281244533119,27.851866425965,28.99531952399216,,,,,,,,,,,,,,28.024131381767702,,28.70188645955294,28.006939088489844,,28.459131430745263,,28.45793054395545,28.34013774996975,29.186140599509756,27.986775016784307,,,,,,,,,,,,,
Q96L91,,,,,,,,,,,,,,,,,,,,,,,,,,,,,,,,,,,,,,,,,,,,,,,,,33.56298332842941,,,,30.66364736491518,,,,,,,,,,,,,,,,,,,
Q96LJ7,,,,,,,,,,,,,26.948199417436584,28.395494611754845,30.519379076473335,29.616273422977113,29.06530496773779,28.294041670330817,,,28.887841950092355,,29.650344994388593,30.88210085271991,30.246707190114147,29.718022105879154,29.25183896351026,29.628816263235166,29.67661454355985,29.43155613774878,29.64113993369686,30.707886548601792,29.83359737719717,29.52903866495451,29.69453143652076,29.851961349586645,,,,,,,,30.36711500948766,29.551352108144926,,29.889773879351516,30.604549300054686,30.437113011444804,28.951388817058362,,29.206937783946703,29.06643848823951,28.051686219260024,,30.203054697117405,29.667155860411565,28.902979020157897,,30.62451839061636,,,,30.897989873858315,,,,,,,,
Q96M27,,,,,,30.335464616372768,29.931931660193285,,,,30.087493947448362,,28.83473630821741,30.473068872725168,30.055933357869467,,28.149516911538285,28.579081801507705,28.565442051101947,,,30.499138729968713,30.255779926927882,28.54920507418673,30.368918237030798,31.29421646752343,31.205233557683933,30.242755592574426,30.93699070167608,31.121334870206958,30.740007257559792,31.01285081982862,30.315541422366046,31.28589407377401,31.53991730764467,31.26207734141968,30.387103201580146,,,,,,,,,,,,,31.182477730833426,31.654188037680484,,,,30.02561174253286,31.761958215420226,,,30.83947193366328,,,,,,,,,,,,,
Q96MG7,,,,,,,,,,,,,26.625325337444245,27.24503642444872,26.95326697369096,27.961211592877483,28.578015641690186,27.049763255540988,27.0006182157638,27.09949471888867,27.567224907749228,27.009064225963314,27.181495919558884,27.41519674425988,27.514340400311326,26.87824987004253,27.250884158331218,27.20199790873017,27.59248608190552,26.905525362656164,27.21301304643592,26.908188030267283,27.22835735293529,27.028884715036227,26.99363826642457,27.294575318354163,,,,,,,,,,,,,27.644529431750406,29.389892152225514,26.46462330986889,29.08248117383487,29.04690794282571,,29.184375418520744,27.88639423553935,27.606696867257156,28.232519257933525,25.196667779415655,28.005625328527913,,,,31.020654147177787,30.991595621226267,,,,30.132913718068373,,,
Q96N11,,,,,,,,,,,,,,,,,,,,,,,,,28.04814906970471,,28.917694659832826,28.988363202594247,27.89147263695631,,29.005127874455635,,,,,29.31687053008144,,,,,,,,,,,,,,,,,,,,,,,,,,,,,,,,,,,,
Q96NB2,,,,,,,,,,,,,,,,,,,,,,,,,,,,,,,,,,,,,,,,,,,,,,,,,,,,,,,,,,,30.666319863439547,,,,,,,,,,,,,
Q96NY7,32.85827554287559,31.82322714585024,32.45643656878944,31.964017303459748,32.421065640604034,31.331236280824754,32.04211902299615,32.09414442005032,32.69181968509533,32.18131704261504,32.03202779322988,31.824499631885246,32.709807314074006,31.012395257767103,31.98792145119435,31.40296094276711,32.592410498038014,31.225973606603212,31.7774518105987,31.647432712760107,32.725815715335585,31.09990781647184,31.722123111659606,31.55403639548736,32.227384458614736,31.599279762509497,32.34797791241315,31.948477936466944,33.003914793579504,31.5031891076083,31.361006345975753,31.987752123574303,32.92615323112791,31.056555738401613,32.284582780412066,32.02106187830539,32.81398922669367,31.733758902659325,32.04572673276892,31.745075037810466,32.59416103629829,31.644892128223553,31.887723822493882,31.599976790624986,32.54443604497744,31.474354538121965,31.72674034889507,31.756171027120132,33.14558682799614,31.783952746088183,32.45539870388137,32.08381605306375,33.114287039399954,31.660407850736487,32.445122276546456,32.259325688813554,33.20857581307905,31.524196575371448,32.51008516989707,32.09133496584188,32.8409980250734,32.339297075035454,31.961652067228965,32.09286403297957,33.030847952549514,31.242814069874882,32.54223146921039,32.074658537124904,32.79291660368598,30.889500994305333,32.2575451794677,31.783637672228835
Q96P48,,,,,,,,,,,,,,,,,,,,,,,,,,,,,,,,,,,,,,,,,,,,,,,,,28.294553395896397,27.812638403786583,,28.59425805756945,28.60406874090283,,30.068202877008567,27.786611374141202,29.28919694538374,,,28.362106197580125,,,,,,,,,,,,
Q96P70,30.862247449638033,31.084996480716313,30.93106573638458,31.335705717701703,30.959521698529148,31.048242254964723,31.082535751712296,31.559138863100976,30.940431441966336,31.182505765086123,31.276028644526253,31.499884871860903,30.52641451921252,30.77578400505102,30.777817104071904,30.951792985793467,30.48665575119648,30.728548304784095,30.988903578775563,31.004526616057586,30.59505062725137,30.896996785166,30.587169190353297,30.971646963353024,30.94740389207553,31.449161563125838,31.260215470648472,31.146358623277465,30.954182816573404,30.961953344476083,31.147916123754545,31.22504075141979,30.61942521050658,31.038371449272766,30.88871857678964,31.56872828005182,31.106526638111717,31.577670940930947,31.493502084355598,31.182711294645497,32.253785989244506,31.743236417305628,31.1323408868075,31.347864876856683,31.288175695650036,31.347723400294043,31.07039889530259,31.338725161369783,31.438626643655233,31.371716712719174,31.489347364334037,31.941869585125666,31.383912908640582,31.581558743921132,31.360203124186754,31.680409689384977,31.275798651857844,31.620360174361156,31.154983465175828,31.5486752287642,,,,,,,,,,,,
Q96PU4,,,,,,,,,,,,,,,,,,,,,,,,,,,,,,,,,,,,,,,,,,,,,,,,,,32.50074987909029,,,,,30.303077501002665,,29.857375149555104,30.61840789386311,,,,,,,,,,,,,,
Q96QR8,,,,31.854463872191026,,,30.302565521346843,,,,30.25124082303325,29.526143619705884,30.68235117008716,30.52502155998875,30.517732414008798,30.29680815027031,30.486506568106797,30.44122937479454,30.46785940797558,30.630512957726147,28.190633867895308,30.359249861031948,30.400950972100496,30.01699825317592,29.58690154284291,30.2824466916288,30.25162049390783,30.16482179420351,30.121986128138417,30.33546494977513,28.934322770960016,29.730140129776167,30.514494756931803,30.36332331612583,30.09862034641158,30.133394165278453,,,29.95987166925231,,,30.346413554496614,,,,,30.1181083691432,,29.394279971093937,29.5008498065878,29.338734337661407,29.071044447527477,29.360572600796793,29.44208770679049,29.534083931456706,29.407478446383287,28.79961774796015,29.56916023923643,29.600181024889885,29.354774673416514,30.025582259300343,29.858894109140607,29.68982259585632,29.789248722528924,29.96780149092846,29.69129846957592,29.84354667372201,29.767723813277065,30.156645064882177,30.005698636899474,29.940823680693867,29.297375037244365
Q96RS6,30.146867010642232,30.378517212294668,30.604221882294116,30.18603660743247,30.25323545155047,30.513721884973016,30.69448816683319,30.585862438964433,30.246534660803817,30.641499931423958,30.27563093916823,30.35218806392216,29.95434739986605,30.81488246193492,30.78633716848445,30.847421030786478,30.61967776588812,30.79767609949164,31.04676458912362,30.72331601642585,30.624962856860243,30.863935858984647,30.19854511699102,30.861266071801232,28.386262640067162,28.57997198637095,28.853053380988,29.387942724952897,27.99849355341366,29.07524234437713,30.346340313084745,29.937414301806555,29.319261991294987,30.002635435934458,29.49455105055253,29.42601255885506,29.824543407410328,30.640435950703967,30.67266741855175,30.69495031133588,29.908397293302492,30.34353664092842,30.84387626819224,30.87731033720462,30.9173524875086,30.693543860092973,30.716983330423616,30.55599873765341,29.91227891145036,30.13818365986055,30.577518808079517,30.148263489020795,29.742756127759606,29.932570460420564,30.52091232548583,30.074434870277372,29.89837711641755,30.2031830297575,30.08760225001562,30.16291348381268,,,,,,,,,,,,30.063052994302094
Q96RU2,,,,,,,,,,,,,,,,,,,,,,,,,,,,,,,,,,,,,,,,,,,,,,,,,28.908151297273946,28.72550247878318,,28.824573975668322,28.766154238911255,28.548632992634985,,28.70681818180805,28.900531649494372,28.347872712169,28.423435335898933,28.331779313411822,,,,,,,,,,,,
Q96SB3,,,,,,,,,,,,,,32.28556964113295,,30.827007219600738,28.337089064358853,29.8446928620572,,,29.23557660978635,29.253154386869593,29.579301943981882,,27.05881081433225,28.935720083745156,29.649821102641837,30.436990036571643,,31.765771683515855,31.861180283155427,31.642312376374072,31.3035315601745,31.766483579144257,,31.745441412916,,,,,,,,,,,,,27.490521055373474,28.373778187728014,28.346590251665255,28.222518971684707,27.894716703451376,28.310248808760676,28.34218883974077,28.22901399378015,27.6105677238423,28.142512735536,28.128599944396186,28.041895912694947,,,,30.212034156299037,,,,,30.35558254631834,,,
Q96ST3,30.466509290383396,30.205075908483597,,,30.429064500762824,30.26694480101202,,30.876611838211662,30.72064278540675,29.4902436209122,29.703504217570476,,29.302654657244915,29.32729642980166,29.310777202335235,29.612214025710504,29.413206873941707,28.99604435338063,28.599914401782033,28.77076355350334,28.904579632276135,28.845781599528483,28.447463983631508,28.720307463923877,29.800413202584156,30.032404864480565,29.13919661650779,29.765983199348025,29.878244407697313,29.793854565488576,29.55164628166387,29.80580079157942,29.749755003228312,29.755629907335774,29.650576657885228,29.99897984490286,30.141751043598912,30.146255459021354,,,,30.761403483170714,29.965352193432462,,30.311826781232906,30.56458161836258,,30.244007276175896,30.245903949951934,30.226225885632008,30.04501555881974,30.111143084421148,30.214781667414098,30.15004534001024,29.753342945017174,29.943658215189007,29.84333113288515,29.584208888466442,29.400277275624777,30.177038963014375,,,,30.230373387297146,,29.319483421549446,,30.09217219848851,29.955848803465408,,,
Q96T23,,,,,,,,,,,,,,,,,,,,,,,,,,,,,,,,,,,,,,,,,,,,,,,,,,29.652224740647778,,,,,32.548251775765024,,30.913855828462683,28.714462178235504,30.780499964910884,,,,,,,,,,,,,
Q96T49,,,,,,,,,,,,,,,,,,,,,,,,,,27.928606160517752,27.1330708402538,,,27.78314797977921,28.11240671153884,,,27.098241618415152,,26.859176590730826,,,,,,,,,,,,,,,,,,,,,,,,,,,,,,,,,,,,
Q96T51,,,,,,,,,,,,,28.711476048984775,28.3814202183052,27.75929023491514,27.97665126149197,28.271527182358014,28.479473431658825,27.729841202919033,28.724377403174508,28.502459866781876,28.19868343399642,27.565009410508583,28.52232041526881,28.388861280812378,27.39235445247686,27.380926892684123,28.153005363471284,27.753027747769742,27.84761102210033,27.215786465451806,28.42702744510085,28.5542194398627,27.612497042620124,27.75584774494726,27.88150997528406,,,,,,,,,,,,,,,,,,,,,,,,29.06583100949519,,,,,,,,,,,,
Q96T58,,,,,,,,,,,,,31.460486863495618,,31.805973201999542,,27.337096222793793,,28.19103289379201,,,28.73339714057251,28.822911620899752,,,,,,,,,,,,,,,,,,,,,,,,,,,,,,,,,,,,,,,,,,,,,,,,,
Q96T67,,,,,32.338436162401955,,,,,,32.09738589969598,,,,,,,,,,,,,,,,,,,,,,,,,,,,,,,,,,,,,,,,,,,,,,,,,,,,,,,,,,,,,
Q99467,,,,,,,,,,,,30.502209112441584,28.977870724326227,30.051041993211495,,30.216186948996594,,31.24251549126126,,30.16921153016741,29.40160455160043,29.23542123595385,,29.277493007804072,27.48506806560526,29.22465100560612,26.76849728307626,29.580741036891773,27.649259628321097,28.188040084134872,28.133238036027542,27.661131608659407,,28.268390822331998,,29.470068898014553,,,,29.352411443817118,,30.071799031489423,,,,30.072107013715986,,,28.53626756123287,,26.428055720241368,29.963306951912443,,,28.947517147500548,28.364516593492304,,28.058389778881526,26.12216025636311,30.074417047022276,,,,,,,,,,,,
Q99797,,,,,,,29.718219207750735,31.346136902589805,,,30.22942050580697,,29.19560802695521,27.51691902789004,29.018700060638814,28.155737846977235,29.020689028077385,27.608257630222813,,28.418977300225396,33.098726237470785,31.211976028241203,28.668823403175217,28.63785756461895,28.846926766808018,31.278771973898994,29.25067849126116,28.8105308712041,28.017789630843215,27.373759081038877,29.13746193827871,29.042214204165838,,,29.43791929712675,29.36885063336724,,,,,,,,,,,,,29.041071294839835,29.08194056758303,29.788950956176866,29.883419793730315,28.640512560935477,28.288298092159323,29.856366200251284,30.762711745219395,29.235139839077945,29.638797415438148,30.071523381176416,30.00228965018903,,,,,,,,,,,,
Q99856,,,,,,,,,,,,,30.745357075282087,30.65605643965828,29.714669269250187,29.89648278367593,30.567389832818805,30.76953874274472,31.223619585787787,31.261841104409584,27.975073894144522,28.057044818184373,30.858615643256435,28.209511080757224,30.557884268677363,,,28.904141607558365,27.443700079860477,31.048751636920407,27.83854394909809,30.559772346320003,30.025670113791953,28.86256112072686,30.154186816973407,29.82639541535569,31.158663743450028,31.37054471201727,,31.49449290861741,,,31.105914364387452,31.528697909972635,31.09431593316016,,,31.20265087428509,27.343574352168844,28.336573508392185,30.170175044394092,30.713506762551276,27.245902633301434,27.737561257190258,30.08503309457199,31.91178638581806,29.42380385831551,29.623422460666575,29.552124236192114,32.38083272268328,31.61941254327953,,31.702550683611484,,31.477868396668093,32.18621460423436,,,31.679912685591596,32.07429190510029,32.19474111774918,31.613950639002702
Q9BQ61,,,,,,,,,,,,,,,,,,,,,,,,,,28.878914367202213,29.999120604148384,30.178030807130956,29.944164827516175,,,,,29.678027098836296,27.12627075833317,,,,,,,,,,,,,,,,29.66512877083883,,,,,,,28.92727910065785,,29.49741586684406,,,,,,,,,,,,
Q9BRF8,29.847324398512153,,,,,,,,29.895230040060266,,,,29.00442842758523,,29.14847489932955,,29.20755411718073,28.61449672415969,28.749169738680823,,29.224435615613743,28.537163790776344,29.136140924330928,,,,,,28.859079493034873,,,,,,,,,,,,30.363101641825693,,,,30.794538959079162,,,,30.464949185568745,30.33972074927775,30.767415674861002,,30.30798964751455,,,29.014137478858583,30.674515515968544,,30.65639631546905,,,,,,,,,,,,,
Q9BRP1,29.91090564023103,,,29.041374237193523,29.809886566160863,,,,29.57346914303146,,,,,,,,,,,,,,,,29.701030483007237,29.326380063621414,29.239641687877686,,29.753503491740602,,28.976300299523878,29.29757963348502,29.884536725782766,,,29.170589720640216,,,,,,,,,,,,,,,,,,,,,,,,,,,,,,,,,,,,
Q9BRP8,31.17036556331838,31.112811598966505,31.358797949053415,31.441098439987844,30.764890089770436,31.241316597546856,31.228669594814992,31.322630201045698,31.35924960279561,31.299793926998156,31.488323463253824,30.888330014419356,31.029867077151305,31.409391437967752,29.55682950795335,30.94499916503247,31.279635715342135,30.860188827590346,31.01015049608363,30.915477187998608,31.01944748815639,31.14572330841333,31.140407986829384,30.100677387797955,31.47481879264596,31.200165359789363,31.142924461875868,31.26103031094187,31.23251912813519,30.950795591407683,31.04966414175724,31.071120723742602,31.162468527024654,31.36023717359856,31.056017092130272,30.829962561139332,31.325023975010645,,31.035485668929383,31.300825865911836,31.895812287846077,31.33980396984992,31.321786770464474,31.06733723047763,31.322620332182296,31.142067148644124,31.365375524665435,31.269373752758945,31.25816745388548,30.71498658014284,31.466328981549882,31.093675487213165,31.284675563410055,31.097062794713388,31.185263807846955,30.59845940636096,31.785976422910046,30.837085990467795,31.469814173442114,30.509247490773806,31.465580453341637,31.132064109000137,31.120924393779287,31.24703896144043,31.26621654275546,30.913821872626105,30.887393720250248,30.946948484823448,31.11223956886823,31.35169319125878,31.13679207259077,31.096763184928097
Q9BRQ8,,,,,,,,,,,,,28.21484149097899,,,,,,27.869232124253053,,28.88287116123884,28.261953748944688,,,,,,,,27.095519049906045,,,,,,,,,,,,,,,,,,,,,,,,,,,,,,,,,,,,,,,,,,
Q9BRS2,,,,,,,,,,,,,,,,,,,,,,,,,30.1867291159313,,,,,,,,,,,,,,,,,,,,,,,,,,,,,,,,,,,,,,,,,,,,,,,
Q9BRU9,,,,,,,,,,,,,30.348307470478574,28.543309944435254,29.733541188502972,28.62850450475903,,,,,29.813682086650644,,,,,,,,,,,,,,,,,,,,,,,,,,,,28.380186957132164,29.512234129421902,,,,,,,,,29.705958133054683,29.3527851329931,,,,,,,,,,,,
Q9BRV8,,,,,,,,,,,,,,,,,,,,,,,,,,30.381531261844028,29.245377182692888,,,29.93285062308351,29.786406353259828,,,30.053421224216162,,,,,,,,,,,,,,,29.610121037365413,32.331639167388005,,32.98652527475126,29.420574702079808,32.16622830730282,31.446386155780992,,29.941678530538425,30.193325787346158,29.949194289706256,30.19345301381046,,,,,,,,,,,,
Q9BRX8,31.299215098014834,,,,,,,,,,,,29.984652179553592,29.774138567163174,30.340785974650977,29.772257705518715,29.7963246172308,29.870995601084644,30.140461654705963,29.99828561764091,29.744305543584012,29.71902025465228,30.505520137269468,29.415553891736185,31.222067164385685,31.122929407285362,31.150834497300494,30.5156214926168,30.64752536354625,31.301669794046397,31.331356108605437,30.617382159663606,31.31429626547381,30.794347214902924,31.128072896653016,31.029353046056993,31.849741040748157,31.59495688663813,32.16298303767089,31.59069672097604,31.563624513677723,,32.39766654389107,31.391572640511143,31.120285496190824,,31.78484970305619,31.44606611237399,30.702678561728533,29.757538460893322,30.142587160944615,29.006540639874988,27.67809617999188,30.534067990328758,31.096340600306366,30.43295152865054,28.885697721437875,28.992485850198,30.69653081922226,28.941858566294208,,,,,,,,,,,,
Q9BRZ2,,,,,,,,,,,,,30.221369784286345,30.427706860343747,31.301658029720933,31.56582182009202,31.719749714297144,33.54412074995002,31.81878724298965,31.69421011563098,31.6406423521847,29.921593367177323,35.376324301456435,30.905822013812255,30.56389895059177,30.666887304281865,30.82172314005566,30.372213715744834,30.324092156629398,30.746841912765724,29.65287077846868,30.45718860226173,30.4889379337925,30.599175175307074,30.474499638299058,30.28214796539808,,,30.400414099950005,,30.839380249560342,,,,,31.349775481822014,,,31.080578644589067,30.6524428047502,30.704990771642407,30.39020529300379,30.962526103577048,30.4730621015974,31.047035093232203,30.41030301645371,30.117142932849674,30.472307139599984,30.259609131958563,31.2839748942678,32.3064566887738,31.931399391384232,31.711474617452552,32.50846518464355,32.0948852030821,32.608453399806166,32.33064636636737,31.718378527285275,,31.627634495880642,31.90073928805296,
Q9BS40,,,,31.393238477588984,29.77642400707709,,,30.167299976356492,29.769261081670006,,,,,,,,27.72489899532679,31.556666909150596,,,,,,,29.40089291748375,29.39777669355715,29.86204182458863,30.108686975023186,,29.77758465575285,29.83497572992226,29.98910248680966,28.94580327837701,29.717122027302356,29.894867311798226,29.978958049598337,,,,,,,,,,,,,29.46219390643546,30.367999288820048,29.337834205595044,30.408456251844672,29.903461204710563,30.02300266014093,29.756632743151943,30.576592164957976,29.229531636351496,29.70610877944915,29.645256389591076,29.733834785629096,,,,,29.59928069800315,,29.723748265724325,28.589413143252788,,29.711627858691156,,30.078486313435548
Q9BSC4,,,,,,,,,,,,,,,,,,,,,,,,,,,,,,,,,,,,,,,,,,,,,,,,,,,,,,,,,,,,30.760129956492598,,,,,,,,,,,,
Q9BSF4,,,,,,,,,,,,,,,,29.433984570709598,28.094809385799255,,28.617496004376225,29.26381321408311,29.201355626461222,29.019887086821257,28.30059426373084,31.781706024673397,29.13176926417936,29.290305066608926,29.98365433462466,28.453004862542418,29.849560366505465,28.812081144921294,28.57740119120323,,,,29.285893473959806,29.585221481679575,,,,,,,,,,,,,29.00716392091484,28.458363439460992,28.02994335611477,29.73185149890985,28.625470043220105,28.42569080087764,28.3270802820841,27.712074386339165,,28.509626214560846,28.209047876527627,29.060704166306003,,,,,,,,,,,,
Q9BT25,,,,,,,,,,,,,,,,,,,,,,,,,25.48876997919182,25.59886056164976,,,,,29.063391611816265,,,,,,,,,,,,,,,,,,,28.690374490146606,,29.379560778692248,,,,,,28.410669334921746,27.65440238206256,27.75764212951339,,,,,,,,,,,,
Q9BTC0,,,,,,,,,,,,,32.44740876585287,30.25475928706438,30.73972322946663,29.16186250754492,31.311080470845216,30.74664126096996,30.88428975766922,29.031697078462816,29.514709146775093,30.306248857525045,30.3701631053121,31.233533860072857,32.869044897394865,32.67071852940251,32.1451396405391,32.03557239506186,32.43668239162464,32.25740802162889,32.39360254526704,32.06703948949008,32.4167403779247,32.681460596171064,32.09709040362989,32.373386455101056,,,,,,,,,,,,,,,,,,,,,,,,,,,,,,,,,,,,
Q9BTL3,,,,,,,,,,,,,31.540163019388725,,30.869455801416848,,31.089890600905974,,,,,,,29.74764332965642,,,,,,,,,,,,,,,,,,,,,,,,,,,,,,,,,,,,,,,,,,,,,,,,
Q9BTT4,,,,,,,,,,,,,,,,,,,,,,,,,,30.524382321343523,30.722972525163176,31.105105114252627,,31.046090175258815,30.619817135482844,26.50901344164524,30.85959693661833,,,31.02029158090084,,,,,,,,,,,,,,,,,,,,,,,,,,,,,,,,,,,,
Q9BTY2,,,,,,,,,,,,,,,,,,,,,,,,,,,,,,,,,,,28.16687905607559,,,,,,,,,,,,,,,,,,,,,,,,,,,,,,,,,,,,,
Q9BTY7,,,,,,,,,,,,,,,,,,,,,,,28.96944784864068,,30.157318787102756,,28.716696646939877,28.90163336203223,28.75034972727645,29.010969939722916,29.110264219704586,29.139648886115754,29.043436404327803,,29.268338843509152,28.54352042810859,,,,,,,,,,,,,29.85698610905312,28.79482940935468,,27.20088984214267,,,,,29.911867993257996,,28.680773169127836,,,,,,,,,,,,,
Q9BU02,,,,,,,,,,,,,,,,,,,,,,,,,,,,,,,,,,,,,,,,,,,,,,,,,,,,,,31.570848440975432,,,,,,31.795605104252253,,,,,,,,,,,,
Q9BU23,,,,,,,,,,,,,,,,,28.951643038556835,,,,,29.25631455469241,29.4060042106618,,,,,,,,,,,,,,,,,,,,,,,,,,,28.65504687473856,,29.588878897427605,29.977607906301884,,,31.14789166065345,,28.833709641980988,28.44821528902905,28.684175563002693,,,,,,,,,,,,
Q9BU61,30.04885646089608,30.23084332548244,30.308623422135003,29.796107526407518,30.0347001677064,29.81533745394131,30.085889264363797,,29.89695467417825,30.115784189007435,29.854042493108533,29.723357730645578,30.216689286406684,29.008864203669702,,29.442733296579263,30.16723826463449,30.003790844012418,29.18244595643889,28.41195157829278,29.88804518266084,,29.833934137238643,29.383210932448602,28.945200937177724,28.728984614402666,29.904470838832285,29.540966259920214,29.10411076994788,,28.919576834337633,28.772632436618565,29.517764624207103,,29.0033601704077,,,,,,,,,,,,,29.96748042351663,30.526815824377767,30.57984291941242,30.553322513383904,,30.431050247933925,30.166627355152354,29.222745803634673,29.673909409065892,30.78437870689596,29.987992069237833,30.713274293551496,29.92150668903051,30.101538974340563,,,29.531908062139692,,,,,,,,29.959690791811
Q9BU76,,,,,,,,,,,,,,,27.363039898082143,31.334262157461644,28.150125550952808,27.36147063319826,,27.439465028236782,26.693312045044372,28.27287113913049,,30.392913293873356,29.06869985580237,26.622906370763953,27.0285849583191,27.768565123327505,27.942673339739272,26.812326144018,27.109432746546457,28.853291830714806,28.787741624597643,27.8596505646683,28.50806261793047,28.20527644668697,,,,,,,,,,,,,29.00185450155103,29.424520833566678,29.529249572388938,27.547716125247213,30.224885874350086,29.191681846910768,,29.109728685678718,30.831288340678586,28.25173940412141,28.03923850102469,28.376667086284186,,,,,,,,,,,,
Q9BU89,30.281445555772248,30.51533413625583,,30.871680441612977,,,,,,,31.454990219366096,,30.10612513571134,30.557128189810104,30.47268070540429,30.62477682524215,30.63745116483354,,30.411315965344617,30.54592798403323,30.126913822280912,30.263729548558274,30.262914894116424,30.98818616070717,30.11945139490978,30.00064285760465,31.145318175770722,30.977141775084263,30.6803660080828,30.378202652177638,30.992740431074573,30.747651477703624,30.741988961562893,30.811470823942994,30.953703699492223,30.496095326564227,,,,,,,,,,,,,31.155290891174147,30.855679998334,30.59063153810125,31.947283876350955,31.363238448876796,,32.288542922247814,31.77566426009296,31.203804663093987,30.521023530830885,30.618817925171356,30.712473787611803,,,,,,,,,,,30.13891353048671,
Q9BUH6,,30.046323550992085,29.84309629786808,,30.144287576477495,,30.63681757528319,,30.812703779656772,,30.611368417144057,30.360036564101577,28.839245930133867,28.812019942211787,29.738805524100734,29.51711093626681,29.957958358998834,29.886522793539097,30.386336815472916,31.571890532147126,29.906632818303482,27.695784751890073,30.304866517340116,29.69621160111092,30.5195332947511,30.45217610691301,30.54979316158996,30.365462708161104,31.0263390126788,30.784631235343877,29.661921592501667,30.51509884529133,30.47243578845327,30.444045304925005,30.162555298294144,30.02118326830101,,,,,,,,,,,,,30.011197023947503,29.93142935016964,30.27501014596451,29.53820816676322,30.296820851917197,30.493269695690373,29.286863172215224,29.00808942167111,30.094908001732982,29.888818483328343,29.93198051015259,29.15791312108842,,,,,,,,,,,,
Q9BUP3,,,,,,,,,,,,,,,,,,,,,,,,,,,,,,,,,,,,,,,,,,,,,,,,,29.877448668359875,31.600944329598505,29.833350857532576,30.61742319589441,30.284640199031266,30.57444363000084,29.875095407847738,30.0771950059445,30.495286231662746,29.32627933535312,31.87000433683358,30.444512199827592,,,,31.531294006798944,,,,,,,,
Q9BV19,,,,,,,30.113940757121146,28.591454883769842,,,,,,,,,,,,,,,,,31.4975455100779,,28.953459462226252,,28.67797170426201,28.057534013675028,29.361543207495288,26.95145000583267,28.711082224256042,29.498473287874678,28.547376421452164,26.658235676479123,28.768483495518325,28.89206541188621,,,,,28.953962225629645,28.938923293519693,,,,,,,,,,,,,,,,,,,,,,,,,,,,
Q9BV20,31.796539865503135,32.107555429802886,31.670480795254257,32.025201335239984,31.809661102819717,31.74377192187908,31.796457025528554,32.35508958354294,32.0126013059608,32.059678765503804,31.62377141468278,32.18500212485315,31.457418844490896,32.02115104518514,31.168401553555448,31.844942771684394,31.775443194944806,31.903560466317735,31.25552912852055,32.6377951989783,31.95413776148459,30.956919443923994,31.63713049419613,31.639222767942798,31.92196489041722,32.28605054045082,31.88061802752049,32.4839908087467,32.05162727606482,32.386056213850274,31.88875245692622,32.518621264631825,32.041271190773884,32.324123248316134,31.938357201753817,32.51325977866115,31.382436602898686,31.713877894220403,31.86546594898224,31.95036952623014,32.01078124055242,31.6841569789471,31.537490780704246,32.04094773780227,31.384401247718188,31.904661721901242,31.63506133908767,32.299595064924894,31.438882562348688,31.91393318833927,31.274333195821654,32.30446521626508,31.628602136755916,31.80026144624103,31.324046707492258,32.43213146253199,30.415973134590608,31.745731794324186,31.537757981718862,32.22357486134646,32.257914160393966,31.6227919354818,31.884914784900076,32.32857730596988,32.04052539812358,31.75117496357445,,32.33779540655871,31.60088370869404,32.17130031161406,31.837655594870917,32.35156653579702
Q9BV57,29.28850723610015,29.409928923272275,29.358835840502973,30.05626544337527,,,,,,,29.77276945691142,,,,,,,,,,,,,,27.580493191487914,28.343669093585962,28.393325824676154,27.7286049210482,26.93352381783477,28.232616768519346,27.302843083933627,28.130899424837615,27.597314719308233,28.14709193872378,28.365167846282223,27.632771179222335,,,,,,,,,,,,,29.65210749318111,29.952079021010515,30.750716718026045,30.53875424737343,29.975309609834632,33.31913140819772,30.077088267465857,29.289825170793716,,28.66054811900666,30.016755988120483,30.81323726219205,,,,,,,,,,,,
Q9BV73,,,,,,,,,,,,,25.653270479742083,,,32.5488745270671,33.676442041337516,29.01518694941104,,32.06575348128265,25.501731309294538,31.407398191990804,,33.108361747425576,27.793513069868503,,,27.583080744968242,,,,27.988778376717427,27.37681018258419,,,,,,,,,,,,,,,,26.98253925857936,29.958803719727257,27.527532787884006,28.557074761194944,27.497676260612014,28.448902022667873,27.21452195820056,28.64957107974878,26.783697002289394,27.511440371100964,28.61409234279087,28.75894124993588,,,,,,,,,,,,
Q9BVG4,,,,30.373620035240233,29.807726560253556,29.807656075721926,29.84025504462889,,29.971493272456794,,29.42319363221891,30.423886085942012,,,,,,,,,,,,,30.71066597794408,30.82359917329328,30.501943988057718,30.71797467273823,30.61086215645907,30.29651024095748,30.105709011247903,30.744341174080496,30.271414581633895,30.711195377000937,30.560628602877852,30.538504993191808,30.367940744859652,30.229970889553318,30.732014832163863,29.708361895703312,31.30940875005135,30.439545450741527,30.17559509819276,30.446747216129964,29.970486195188094,29.41659874647476,,29.757440608697515,29.401018077833378,28.84156151617839,28.608924230024527,30.485519024402,30.085844120934087,29.903089216227315,29.871578232460674,,29.575378337216822,30.04565475516174,29.875465581476572,30.144645143072022,30.179209182157425,30.2792962289414,29.992223148948252,,30.46689368911124,29.885464009364732,30.538259531787865,30.574955320752565,29.765897195439255,29.977474676536172,30.18422953939809,30.634602181249093
Q9BVI4,,,,,,,,,31.22396905010949,,30.525982195316924,,30.74191103918027,30.946276222363053,30.53620248518609,30.647704023153146,30.62319408906033,30.578694428215478,30.854342800402335,30.399683733013347,30.60871701885272,30.398342696898073,30.341878190583177,30.32866139392609,31.089926225713885,30.457602997471565,30.649821692745878,30.620547321095454,30.853225873901042,30.17678652067098,30.745061594485154,30.513046177708002,30.965015590796323,30.460299540224593,30.67196852608936,30.70762683261543,30.838844677195937,30.10270033712698,,31.36530152803397,30.680813385439667,29.92250065933024,30.849013274371142,,31.076888017917476,30.222943032261632,30.335000206071214,30.574661127384026,31.310320879993338,30.544447046997778,30.248299612551133,29.95150212559187,31.166649025736778,30.352207980107416,30.27634835699696,31.179350825294076,31.072458843435836,29.343433511206207,30.75318134780082,30.54454286400346,,,,,,,,,,,,
Q9BVM4,,,,,,,,,,,,,,,,,,,,,,,,,27.35826650370199,26.66664576712773,,28.789361134652438,,26.904998081964305,27.512444565514176,27.916723782212117,,,,27.597205424506434,,,,,,,,,,,,30.707387379768438,31.31613546994619,,,,,,27.719872024106003,29.331548054603225,,,,30.42683367376103,,,,,,,,,,,,
Q9BVQ7,,,,,,,,,,,,,31.647845773482832,30.069366858688173,,,31.00924140338522,,,30.335000263002463,,,,,32.611902812002214,,,31.378080059814074,31.65869889448483,34.32435483868254,31.994087596262247,32.397311083890855,,32.15219318577837,31.105317931609193,30.23607308379271,,,,,,,,,,,,,32.07124593786987,32.936940228324374,32.456734778397966,32.23201536147261,32.34033867690506,32.536961395644084,32.7445202945276,32.15654637235328,32.102713748475125,31.70439885045863,32.36308119073509,32.00863499143065,,,,,,,,,,,,
Q9BW92,,,,,,,,,,,,,29.616619239384363,29.952646120812677,29.968956159417672,,29.56896111291214,29.611201084349226,30.004239743560497,30.215320876705945,30.095603597632838,,29.915547058953216,30.101319196308783,,27.277803534904937,29.474260883059898,,29.316642309735073,29.48132499413341,,29.215879018078894,29.643416325844576,,29.47682593632952,29.50832021375274,,,,,,31.159488666075845,,,,,,,29.882075631519083,30.258007182480675,29.54618908686021,29.89345837926723,30.656143608159248,30.106147580021556,30.33947315931014,30.38496912574731,30.454434551898117,29.867379822197314,30.255534085980507,30.380861742865655,,,,,,,,,,,,
Q9BWH2,,,,,30.591581715861228,,,,,,,,,,,,,,,,,,,,,,,,28.793425122419414,,,26.892196582343185,,,,,30.259123169715714,,,,,,,,30.725064972417627,,,,30.09556273818157,28.397784432329964,,,27.917970250225565,,,30.948765953889847,,29.416396432455237,,28.182577022439983,,,,,,,,,,,,
Q9BWJ5,32.71971869178318,31.998207175325682,31.716752285063183,30.479041276084995,31.825494224352045,31.791141396694808,29.939672923373873,31.55141478504353,31.620478445724583,29.034270825052268,29.932067536726173,30.167017035446666,30.807136924705866,30.730560618536988,30.785061868722497,30.856001244246503,30.818172948202783,30.83681053454554,30.774143654010157,31.101246520064716,31.02929379857269,30.861024541403076,30.7692129377694,29.76367833217336,28.72897890187866,28.860362517125942,30.29986189786278,30.448131255608782,28.84302496766091,30.447270601875825,30.489958348489058,29.41340803290797,29.122709701769427,30.302183532826543,30.30051486162318,29.62475740993661,31.92829868513615,,31.043185237448085,31.522494816012877,31.096337956504666,32.030532148789156,31.070575469831812,31.054790741914143,31.34398889652001,32.20415715297532,30.855037950529145,31.83479139274939,31.70429892051576,31.725837021561368,31.01690829942154,31.091050271016726,31.479843263467533,31.869725338800972,31.49958386115421,31.420531118386247,31.40950819414209,31.26131760713955,31.66623061897219,31.76127495815881,32.894675605872834,30.801270331013953,32.161880693942834,32.16306716693978,33.154707039774905,33.03450894399663,33.23592052132064,30.25483213014092,32.94917451464985,30.78128994662852,32.63462000949116,29.90939657257179
Q9BX95,,,,,,,,,,,,,,,,,,,,,,,,,,,29.90116818394354,,25.036722224724194,27.302692553991186,28.663891934180988,27.49934916497393,,,,,,,,,,,,,,,,,,,,,,,,,,,,,,,,,,,,,,,,
Q9BXP5,31.36694875948092,30.986785041592995,30.909593517054127,31.114272867019686,31.043357866846094,31.160069614565444,30.85849078183336,31.332792703491407,31.774653182692724,31.712446083573525,31.18610842653679,31.378095745896076,31.828832579555268,31.563233781665488,31.58939211719448,31.627725044587635,30.996686055989258,31.700931381355595,31.28448044828405,31.595475604779082,31.254294246527095,31.540355890078395,31.555866636406478,31.75999471626678,29.182832912834726,29.144338803855803,28.60009863170618,29.577823826221504,27.98940729141372,29.003317927669904,28.344447897395895,30.465410409546287,30.671850761606557,28.508580979223858,30.385088845881675,29.36232422920731,31.517564339946553,,31.608441007012985,,31.95956076119976,,31.491291289478916,31.930861358965522,31.490993770044717,32.20570263746753,31.3512871186784,32.37951059474683,31.499781289693992,31.52905694804253,31.43664772827927,31.715660904354856,31.487683381741064,31.649787950918224,31.245462521395147,31.56330506699539,31.563986019973804,31.31559501604162,31.362773171721713,31.80866215198875,32.37407758776569,31.508618356202668,31.801326392123862,31.832424661867897,,31.784029402684894,31.471851479009928,32.064473594484056,30.97065546615366,31.663787214909803,31.69839060128394,31.443055333471804
Q9BXV9,,,,,,,,,,,,,,,,,,,,,,,,,,29.931004445712958,30.399370811297025,,,,,29.854243558030387,30.121447580557994,29.698586047079786,29.950243406315,29.976448844898652,,,,30.686263051804723,,30.335534703806225,,,,,,,29.53815902828894,29.41106155465117,,29.29067250323001,29.82016252488892,29.4952869058344,30.01189550747439,,29.728519651933045,30.494726640233267,29.097625589537078,30.378685359326152,,,,,,,,,,,,
Q9BXW7,33.244643463732785,,33.570590185714636,34.89036405941228,33.526878516343,32.94412379201406,33.789121874714375,32.011615253072655,34.08301933770174,32.78506403398092,33.944555376972986,32.08953205303517,33.380354052501374,32.17539343462152,33.64210901144934,32.38250490846971,33.478928847323054,32.364239508653505,33.32813785958764,31.576240422747702,33.59110251361519,32.911061385802796,33.73131877564492,30.712084860990892,33.07912744848574,31.008104980455848,32.89801719289347,,32.68109397660436,32.388561883294685,32.82797027209948,32.209749471573176,31.8538390055056,32.76866673183803,33.52471511342165,32.121322800171264,33.180495341787235,32.54981969987127,33.366088231447634,,32.49346938042233,32.55112968470517,32.950794101460325,32.520783381998896,32.53380188831194,32.23301364950865,33.04594482211045,32.1711051803823,33.57780024686253,33.18043487731367,33.912674470751405,32.5906217977515,33.58330449929498,33.075643033043264,33.96149268635141,32.82302343073281,33.637173479294255,33.190462848430094,34.01908374725551,33.19187739895607,33.54328588477512,32.70656360392472,33.71922072475391,32.41261409989965,,32.723937640103884,,32.56486206543282,33.20532117562139,,,
Q9BXY0,,,,,,,,,,,,,,30.02046619639335,,,,,31.845206508296197,,30.18604519793804,,,29.999683409380662,31.111519696026516,30.666109264639285,31.038643335522668,30.926318390890568,31.25591965544564,,30.31157069282958,31.163766021183594,31.203261344822014,31.170411542861086,30.6855185161549,30.364977050488573,,,,,,,,,,,,,29.792731062704792,,,,28.675510415111457,,,29.312363094439924,,,,29.635008431339795,,,,,,,,,,,,
Q9BYB4,,,,,,,,,,,,,28.71386488352922,,,27.630135823620343,,30.057925015644262,,,,,,,,26.859938679118613,,,27.10266720747241,27.373800538477,,,,26.890878235700832,26.53195192737656,,,,,,,,,,,,,,,,,27.31949208971665,27.660768383787477,,,29.083683914510548,30.252619091445204,26.71936008773085,29.180921494684178,,,,,,,,,,,,,
Q9BYC9,,30.629265403125494,30.1776531911036,,30.4436163871679,,29.93378239760051,,,,30.088228974718568,30.059321452818814,,,28.985923274502483,,,28.330733401786382,,,,,31.965854950648954,,29.211656269620477,28.99707153520449,28.740429990542545,28.478144235348864,29.164212163140604,31.01680579371577,30.73508465173036,29.027502002072907,30.481781400265852,28.513847361602117,28.927279104400114,,,,,,,,,,30.48185913430691,,,,30.0927288446358,30.142120056075356,29.973103367828266,29.840432556108134,29.98569650767459,29.673947015488444,29.55400536214932,29.575849757634607,30.087203971156015,29.5236430288408,30.02076856821074,30.03289282547928,,,,,,,,,,,,
Q9BYD2,,,,,,,,,,,,,30.61398995477596,28.544364463480342,29.238894528396322,29.482232428862183,30.019171856723702,,27.401687305736353,30.836445163658375,32.59571778304781,,,31.02054995998247,,,29.315205334318634,,30.346008628475047,,,31.908376971745703,29.880904299291906,,29.78639430589994,,,,,,,,,,,,,,,,,,,,,,28.485379345605054,,,,,,,,,,,,,,,
Q9BYN8,30.600272530144466,30.41731390885031,30.29012659673332,,30.679355602147645,30.166587008321912,30.1105740567807,30.47726802499836,30.094710205178334,29.956179978024842,30.087287820591747,29.892584449371093,30.03700780413856,30.03125392223243,29.890143678168194,30.023146201756205,29.987449465205696,29.90470181188298,30.162103272745092,29.893093811207265,30.636606207686363,29.939714660928956,29.447603365743298,30.188481361322523,30.46784351387756,30.83158336643615,29.979367085703906,30.63374266369818,30.29742294053363,30.834243816589748,30.355563158136597,30.441116677824766,30.138512678342618,30.052219469819285,30.23624417662237,30.641476234933275,30.50410535607355,,31.069087724981806,30.64627090172275,29.213952124866868,,30.119293790650794,29.608371279498925,30.383209090415022,30.194342528754607,29.71868266156281,,30.717357025739936,30.156731993334045,29.770308975149014,30.395360619244077,29.8219262893739,29.481067626349237,29.775016620613773,29.42039562053637,29.90724988066726,30.471354653672186,30.582469526514423,30.005743815093027,30.977076320160506,30.8612328209739,30.913431314535334,30.60145197720651,30.953933138808935,30.808593179684912,30.85404764350264,,30.984788697979777,30.60179941469746,30.80327219263055,
Q9BZL6,,,,,,,,,,,,,28.843580751589503,29.497091218227073,27.965592503207365,29.464313584873576,,,,,27.984856118131322,28.87030937840765,26.622906302360644,29.07320192550799,28.006227963956825,29.26735002103003,28.39705881363394,29.6068316729262,28.791566402321955,,28.713246721678612,28.92216846993149,29.051068615628257,28.796964079838364,27.494152338440312,29.48747714571665,,,,,,,,,,,,,,28.29321317101536,27.65443842639421,28.9682270405516,,,27.414029295731805,29.17862541526751,27.966662597370696,28.462599406767982,,29.068644562144687,,,,,,,,,,,,
Q9BZQ8,31.95389676661102,32.84874996867377,32.125548147138424,31.726058710717172,31.790808898835973,32.71746664411119,32.48570507426847,31.739864600744614,31.804850242199123,32.72960590594249,32.462899655241216,31.799082258472506,31.76992111305659,32.75247911859673,32.5476142534279,31.77722817029019,31.820673825471467,32.64389465083882,32.4013159166656,31.2118270533466,31.749344265672338,32.32879462218033,32.214365970389906,31.555924978948845,31.629468381768035,32.740336552541905,32.48275517757533,31.769089720359933,31.86770106903591,32.663151580069815,32.36319954178982,31.793140827669458,32.081550568354515,32.69732515750511,32.42851731013126,31.526103580098,31.65509972605727,32.38625897337033,32.29743359764149,31.53679650024335,31.6613066024149,32.53827457448316,32.4274968965093,31.47720140506502,31.528753228205286,32.433109371428834,32.28842212669921,31.795381533774613,31.91288891080961,32.793306626182506,32.43580478478411,31.60727585349691,31.552300570128594,32.78151821776789,32.702670970808406,31.969491689932916,31.826881530143854,33.08319384796781,32.62010667408907,32.02574383090902,31.884345564588585,32.2329986261643,31.94932701308796,31.300116559548535,31.77982597955961,32.36865026518142,32.3880187658649,31.54035873834927,31.72895686532504,32.475647777825564,32.14133734570176,31.566042633546893
Q9BZZ5,,31.653152247666323,,31.62509711673697,,,,,,,,,,,,,,,,,,,,,32.17192726930525,31.863866289904752,32.0861094804878,32.40691257637288,,28.535115786944292,31.990728753049357,32.15186187015243,32.413915295192986,,32.031908048321704,32.25120706418127,,,,,,,,,,,,,,,29.93296428120703,,,,,,,,,,,,,,,,,,,,,
Q9C0C9,30.229137279025323,30.652794864182148,28.54100889646061,28.57270649905908,28.66030980212995,,30.431056368166498,27.323067456143797,28.487934750446964,,,26.82897708740144,27.82422071248921,29.472970525841852,29.599023457375335,28.829616887964722,28.320903483511263,29.170645578567708,29.113316286772587,29.694939595529224,29.522509691122764,29.310569978841478,29.04927460807489,29.67323333909972,28.75259043309657,28.972172834372003,28.75544964448634,28.620557157405003,28.71359012498261,29.60155919003794,,28.977931519814685,28.611896459320644,28.870031464846285,28.52040480003756,28.777916407598326,,,,,,29.785160576881438,,30.081935310692796,,,,,28.404940755005196,26.920039894895694,25.049703947261467,25.251050775249933,27.58435373270852,24.85937200430465,24.892582850819853,25.07379121186532,26.288717773987614,24.79052007431932,26.480701167546737,26.691062319844725,,,,,,,,,,,,
Q9C0D5,,,,,,,,,,,,,,,,,,,,,,,,,,,,,29.836888352505568,,,,,,28.046981948212967,,,,,,,,,,,,,,,,,,,,,,,,,,,,,,,,,,,,,
Q9C0F1,,,,,,,,,,,,,,,,,,,,,,,,,,,,,,,,,,28.71901818356638,,28.661142548347275,,,,,,,,,,,,,,,,,,,,,,,,,,,,,,,,,,,,
Q9C0I1,,,,,,,,,,,,,,,,,,,,,,,,,30.38557895708839,,,,,,,,,,,,,31.81347902627028,,,,,,32.78623694796398,,,,,,,,,,,,,,,,,,,,,,,,,,,,
Q9C0J8,28.260540149865722,,,,,,,,,,,,,27.924794425766205,24.518402714283496,,28.70043161269566,,25.595234438804802,27.219516306585863,27.89596024658442,,,25.512677021312737,27.324622294944554,,28.321263169226732,29.340869127136756,28.163854325705017,29.528004358672547,26.54794625096382,27.847809150992724,26.04427579586155,27.873523084099695,,29.94819327470058,,,,,,,,27.881961264325867,,,,,29.6065956092786,28.001819034859043,28.78447396138545,30.180968167420236,28.948129447651333,29.423214093671373,29.87938954205822,28.898299100357505,30.072698501416316,29.68437328604535,29.38274025932128,28.61708291280644,,,28.60036623889942,29.21099489006251,29.6179639061459,29.60604054065889,,29.69547306975119,29.159311384623784,28.97876726635067,,
Q9GZN8,,,,,,,,,,,,,,,,,,,,,,,,,,,,,,,,,,,,,,,,,,,,,,,,,30.185346422773506,29.718859680305385,29.346516425110785,30.00196826827458,,30.201236774264466,,30.213988639942585,29.31370323076346,,30.69009922941558,,,,,,,,,,,,,
Q9GZP4,29.850900338878652,,,,,29.925660668196144,,,,,,,29.98888127911841,26.871046824225672,30.421252171485687,29.84874676354055,30.156600487510413,28.80935152195989,30.457877980551046,30.482506956416444,,29.98404069346462,30.532670437274056,30.704537152958487,29.951042729435947,29.987376131316097,29.888282148263233,29.972320670303716,28.166575581578805,29.945998257462115,30.235922815131026,30.197052047434852,27.885612714146824,28.071307050661627,30.150002154092434,29.946333844421147,,,,,,,,,,,,,29.595514949011122,28.530755953520387,29.047901641068258,29.142446365062938,29.41604695121117,,29.402281832111765,28.936896317562315,28.82416011490954,26.38543437781309,29.04250374483856,29.3392273210765,29.390190999217882,,29.595363881183722,29.612609559077995,29.43778373669339,29.62810586177857,,,29.505141889345932,,,
Q9GZT3,,,,,,,,,,,,,31.11743951376135,,,,,,29.73398205724553,,,,,31.04531473185034,,,,,,,,,,,,,31.410695283778836,31.394687308651616,,31.816277603795218,31.701161782204995,,31.34375547458622,,31.564766157764506,31.27104893546966,31.793168729703634,31.788695114336257,31.20035016195164,,31.073180199125357,,31.391715400284333,30.82752813791055,,30.875339677639072,,,,,,,,,,,,,,,,
Q9GZY6,,,,,,,,,,,,,28.240374403018542,28.370215957421458,28.870219769414504,27.816835895260304,28.459487620392068,28.694136824071933,28.473437995701126,27.973274923648084,28.771479782807617,28.543808850952495,,28.35665787192766,,29.38464765687573,30.022906629350693,28.91730600460405,29.13118156926744,34.234685184202405,29.876157343193178,32.7879352727374,34.22568323482414,29.011753364513112,28.95836390295692,33.85582077461498,,,,,,,,,,,29.72066955660371,,34.77256152410687,35.091792958339326,,30.36339021037051,29.67259800815887,30.955017677558693,29.806980900446998,31.115382452201924,34.757771414455,29.53729588274071,38.18175410956329,,,,,,,,,,,,,
Q9H089,,,,,,,,,,,,,,,,,,,,,,,,,30.170660314884817,27.73914760366046,28.237804715495393,31.03563092005951,27.716041261769778,31.16150370050666,,31.198338212085318,30.24612622774873,30.051184984106683,30.776288495837537,,,,,,,,,,,,,,29.990627687012953,31.277285232819313,32.51270274113691,,31.373453061346762,29.347964058924322,29.242111274328416,,31.065511531827962,31.035439667061542,31.117051414229856,30.944396643635272,,,,,,,,,,,,
Q9H098,,,,,,,,,,,,,,,,,,,,,,,,,,,,,,,,,,,,,,,,,,,,,,,,,,,,,,,,,,,,,31.713219559163512,32.28083968706532,,,,,,,,,,
Q9H0A0,32.28534386883096,32.18304703366763,32.22910545189179,31.741275408749424,32.39832856585604,32.17951668422956,32.29353468217018,32.06822658642636,32.42781268055654,32.13723274801826,32.384730793783945,31.99807483347116,32.27886487028862,32.228986347930245,32.2194376743179,31.901770915027512,32.679230789946935,32.09927839303062,32.26636157720925,32.108438863452974,32.29728767569416,31.746551177021658,32.32061408376223,31.95909281630523,32.912911595299356,32.453966161126786,32.69050028863952,32.27675182952155,32.451316453420134,32.48351682042761,32.384889493237765,32.13193643649897,32.66858049595758,32.4333882461631,32.46240934733791,32.30054853800127,32.08598138113737,31.99404090598879,32.27588348950499,31.903703412711703,31.853698921934715,32.07899714313864,31.913841143202173,31.958446942313547,32.35370809466975,32.413159517181036,31.95664012048225,31.98618692523262,33.09215199339251,32.427423951700746,32.232545541656,32.580722425701026,32.99656802575122,32.54942966458372,32.73244112004104,32.351691338435394,33.46214660363835,32.79599610741342,32.55415181569302,32.332033728110154,32.620046376782746,31.94595969008133,31.89607626690003,31.474294644693835,32.05651702681008,31.674727472562324,,32.061721317354845,32.67965572192127,32.05227197882561,31.977260795660282,32.02275803249515
Q9H0L4,,,,,,,,,30.604012135261698,,,,30.316736960035485,,,,,30.198662361559286,,,28.787855590101366,,,,28.824016830821222,28.80103376997259,27.8447826236063,27.504444673576998,27.332182405391585,28.535696003382178,30.080523607539327,29.970768152168283,28.57572793941874,29.127271534395888,28.74969739235653,29.303942685906108,30.90540072619082,30.635486691817405,,,31.217315812910698,30.88425157439385,,30.12344353098733,,,,,29.830826722455896,29.31880845898666,29.178879736558763,30.27422344827165,29.769588127224623,29.394847229626265,28.86627021966858,,29.852154327705286,30.444023538475328,29.680464565551517,28.428025408281606,,,,,,,,,,,,
Q9H1A4,,,,,,,,,,,,,,,,,,,,,,,,,31.01928100643013,,,,,,,,30.146859034952907,,,,,,,,,,,,,,,,29.112439738113455,29.00899861290904,28.25122007387037,28.763550411705186,29.10591425161038,27.1870000249644,26.79392865321011,27.49575164846177,28.48712245717419,28.19174686136056,25.387058129092186,29.09914057784111,,,,,,,,,,,,
Q9H1B7,,,,,,,,,,,,,,29.525917222506394,,,29.614153771566574,29.870503798811153,,,28.91171080337786,,29.200976923168263,29.382938482304795,30.03727142292352,30.102542232492844,29.452985345361245,30.11598324485487,30.08145326321482,30.852310309953445,29.56183652679159,29.99778414434063,29.805912714202545,29.39336670456956,29.603784421169987,30.25947863892108,,,,,,,,,,,,,29.653927450733345,26.479536019212762,29.543207402509612,30.306108744489077,29.71311753753869,29.16062719557298,,30.274327425512585,29.633795540818323,29.846092010591256,28.928083920783486,30.40924715133467,,,,,,,,,,,,
Q9H1C4,,,,,,,,,,,,,,,,,,,,,,,,,27.534461939041595,,,,27.677514783801414,,,24.926794366648252,27.73817203219223,,,25.48913498235673,,,,,,,,,,,,,,,,,,,,,,,,,,,,,,,,,,,,
Q9H1E3,,,,,,,,,,,,,,,,,,,,,,,,,30.21909412704875,32.00860324696753,32.53016420306925,32.90932253888551,,32.96415899562384,31.806494123300475,33.04494403250598,33.385737422405946,32.93830967208251,31.37770275783256,32.95406783077305,,,33.35391028664025,,33.01116725046034,,,,,33.37013476639662,,,,,,,,,,,,,,,33.18758985173077,33.08389994636994,33.146581404413254,33.17733139992642,33.132466187242315,33.41832390114287,33.47608646512884,33.37027160177489,33.27776560959884,33.78528388385946,33.552693071324924,33.676992266645655
Q9H1E5,,,,,,,,,,,,,29.6429571176565,29.60350111182907,,30.24420562797321,,,,29.088514080385583,29.028532475441818,,,,,,28.412583458341686,,,,,29.040436409013076,,,,,,,,,,,,,,,,,,,,,,,,,,,,,,,,,,,,,,,,
Q9H269,,,,,,,,,,,,,,,,29.651098904381477,,,29.3879693865306,29.661859911893742,,,,29.734281771477043,30.83584302206497,,31.64827770243044,31.830477810057495,31.905840625621053,31.589445849911783,31.488548802366942,,,,31.34710640713324,,,,,,,,,,,,,,32.91839333638621,,,,,,,,30.45289551979799,,,,,,,,,,,,,,,
Q9H2G2,,,,,,,,,,,,,,,,,,,,,,,,,,,,27.692141891291854,,,,,,,,,,,,,,,,,,,,,31.094940847503402,31.06456252832281,30.688125004638017,31.660325948464937,30.940160932767384,31.315705777438254,30.52707101438215,31.273559446870458,31.122796157831267,30.952379759183096,31.18665758736079,31.595123039345374,,,,,,,,,,,,
Q9H2J4,,,,,,,,,,,,,,,,,,,,,,,,,,,,,,,,,,,,,30.51025433957063,29.964223256970953,,29.91466657272901,29.970206280547934,29.744955163016293,29.891832122668124,29.91233780054577,,29.973563020338432,,,,,,,,,,,,,,,,,,,,,,,,,,
Q9H2P9,,,,,,,,,,,,,29.943181832456634,27.489855518866765,,25.79169864635635,,,,29.576619322251364,26.19187276550422,27.653142990118837,27.264747701278413,27.758800703013907,,28.602482811755372,,27.8638137428298,28.801165650240716,29.279379973579065,29.084445272811415,28.21909433867466,,29.026057244976233,28.965118547469398,28.086069802849238,,,,,,,,,,,,,,,,,,,,,,,,,,,,,,,,,,,,
Q9H2U2,,,,,,,,,,,,,32.23524389798865,32.13873110186639,32.36369298615528,32.38623134554604,32.348045449540884,32.07396297974654,32.20209881453545,32.180297992981124,32.132114762643404,32.066203855252134,32.18253446997576,32.27368745532216,,,,,,,,,,,,,31.406432373431635,,32.326879072657235,32.38715512485288,31.558975391793204,31.863665832167676,32.421058044259524,31.727352253487062,32.4022433848373,32.097954779287576,32.35909406711877,32.61874144923387,,,,,,,,,,,,,,,,,,,,,,,,
Q9H2W6,30.162106118415604,30.51814732694648,30.344456946556857,30.355987947944858,30.647096643425936,30.488421987716443,30.765824623855263,30.569223098727303,30.62372695583014,30.910709675534008,30.678625981430386,30.335409488353097,30.38695952178591,30.42001206646557,30.58413635435288,30.575915308798045,30.55847800573447,30.507596434945498,30.486368573019817,30.60869446968723,30.38099920680966,30.44230483100367,30.483202379626487,30.380357910952004,29.877656322687518,29.49222531777281,30.222181841800914,28.653346203815,29.60691661425791,28.820430819440666,29.73555234117166,30.623028570485346,29.163508332727503,28.799373213306044,29.688138621895337,30.265754285668837,,,30.928224942146862,31.350795279833545,30.843177406759523,29.49720269439213,,30.460011696699453,,30.69484245261553,30.476519029373744,,31.852309938020955,30.841537580421686,31.655798183648518,30.950431092069685,31.452039385034073,31.834390973059556,31.071782907070606,31.68616109255959,30.97971317321101,31.87465504998671,31.55918570586898,31.593403557450646,,,,,,,,,,,,30.377137191023746
Q9H330,,,,,,,,,,,,,,,,,,,,,,,,,,,,,,,,,,,,,,,,,,,,,,,,,31.944163362630388,,28.472676869701534,,,,28.03764780278183,,28.002823638670378,,,,,,,,,,,,,,,
Q9H3H3,,,,30.184120729958998,,,,30.261624373367113,29.96902176624606,29.773431271325727,,29.825152882607956,29.352028172790178,29.27385428343832,,29.66342165966374,29.76633767113758,29.49778111659144,28.478053185933458,29.51020723901505,28.57183314895751,29.701608165540954,29.589713877919877,29.74015015729071,28.837594612448708,29.665812604477736,28.759386136570058,29.48108528415387,29.95387739288342,29.841936400016063,29.765711070860036,29.26996394051977,28.81815869111051,29.877467981092565,28.79783638835724,30.331744103496387,29.613983172775995,29.748981979089088,28.97303228881863,29.81907610964391,29.56514551497817,29.93383595206151,,30.09044001034086,,,,29.732854398393982,28.824510133884488,29.00385989296678,28.83653274135199,29.943108157297527,29.04761156740394,29.246643979136735,29.200272134746026,29.74527669191855,29.357727546527727,29.342730743421377,29.595723793976486,29.950363702641717,,,,30.649759051686946,,30.22693645532478,,30.206675139224245,29.647234391313923,,,
Q9H444,32.64763213291256,33.468110177424116,33.19400691714146,33.03923485939757,32.90562281305635,33.49609457534453,33.86444031731638,33.29828996009117,32.5354661732717,32.870327639594024,33.203958500151394,33.115064965913476,31.65767295941936,33.043662885394006,33.834319959454746,32.68048369502377,33.340197479276455,32.941982425346,33.88557313282164,33.79176895180565,33.123031630134186,33.748555891088984,33.827753902995845,32.32301138414983,32.68309672462403,33.37232217132104,33.46531737073383,33.25997674572042,33.06653882958757,33.39967172207324,33.47191752809576,33.21405808283961,32.82733578231001,33.50892179900533,33.48507415440453,33.27229796379401,32.81506648329672,33.34013907810515,33.176534950382774,33.085380161463675,32.71162339250104,33.100192002933355,33.21702460783724,32.75275085278221,32.51497134215883,33.11485367399798,32.93942611497545,33.10067124707921,33.427005336539494,33.88041764493852,34.05610954983451,34.06218380735482,33.4256330732112,33.97741171389994,33.962556952161215,34.06194205750609,33.64532747779228,34.10519370902257,34.22526462809737,33.837658287330676,33.17438626937142,33.851446591041444,33.260928650571614,32.87197353088492,,33.84209103181171,33.818439991652845,33.681854155917414,33.22226048660442,33.94451753311245,,33.82510595826215
Q9H488,29.86432398835767,30.051656092463382,30.241741878323403,,30.47098942620004,,,,29.690492225353847,30.102659462377567,,29.875643552663007,,28.11925046302307,,30.25092843003059,29.545042030199873,,29.198250646716314,,30.64265371603516,27.169893273663604,,,,,,,,,,,,,,,,,,29.07444446006268,,,,,,,,29.398062631115963,28.965793277794482,28.99628800435181,29.69138179762931,30.102545202480798,29.51717556649275,29.620579685785827,29.202601746106453,29.475994150459282,30.023170288785906,29.943167519081015,29.187058916175012,29.975616883240317,,,,,,,,,,,,
Q9H4L5,,,,,,,,,,,,,,31.750777938117302,30.28077476706617,,30.621811735930713,,31.451354209256387,31.50204060222606,,31.6893810338167,,,32.427443650362974,32.20877754156216,32.568482111221954,32.28255351337258,32.50872792319257,32.59617003077538,32.29246768397488,31.989191039041934,32.48739694746242,32.51927224938302,31.31565030991174,32.392130028147754,,,,,,,,,,,,,31.06459636696362,29.732493578909924,30.78319970277778,31.133056147796054,30.21383493736068,31.284665666084557,30.603883216431612,31.140129963604444,30.796147723557148,29.49079366802836,31.25091244147628,29.925039890086744,,,,,,,,,,,,
Q9H4L7,,,,,,,,,,,,,,,,26.881446998710203,,,28.167309092847702,27.0932105142739,,,28.63308126927934,,,,,,,,,,,,,,,,,,,,,,,,,,29.438641744574433,,,27.36564786162857,,28.26071024141084,,,28.345009265878588,,,28.382413641197097,,,,,,,,,,,,
Q9H501,,,,,,,,,,,,,,,,,,,,,,,,,27.526349709649942,,27.763174566047503,27.909568072248426,28.3252414788775,,,28.041522356520144,27.164202799401437,,,,,,,,,,,,,,,,,29.5658313183343,,27.399571711441418,,,,,27.488516067702,30.31269469736845,,,,,,,,,,,,,,
Q9H6E4,,,,,,,,,,,,,,,,,,,,,,,,,,,,,,31.96389446311516,,,,28.185297791425576,,,,,,,,,,,,,,,,,,,,,,,,,,,,,,,,,,,,,,
Q9H6F5,29.44635462040425,,,,29.23406689540588,,,,29.618867643381783,29.69934235541423,,,30.097298103880206,,30.17301031209938,29.830242240291856,29.950727144584956,29.79240617541146,29.55349521357212,29.696332214675294,28.78132500557921,29.987816016496755,29.976643818577656,29.806482929855534,29.344399141347044,,31.56745754993731,,29.636218652435993,27.745603246209306,29.443418653720272,26.322991090743,29.13228904897501,29.53834626291064,28.587546707647476,28.375551842617792,,,,,30.02631260835878,,29.7382453817751,,,,,,28.855824079283305,28.386723608791954,29.174529010216958,28.2900061425935,28.15355162575596,28.869805105144234,27.54956102859373,28.333005986332857,28.823262661817083,27.986552220561553,28.775537049354433,29.215086648925357,,,,,,,,,,,,
Q9H6T3,,,,,,,,,,,,,28.78831515932408,28.172829051232426,28.653422018760896,28.508553079871024,28.463747070320906,27.902459764560245,28.42222002843327,28.149929232643103,28.719075923000517,28.051040683377995,28.416395905377442,28.410610043832325,29.517664181516466,29.363066686448427,29.271911190784095,28.687729893194913,29.434028547851867,29.12303241072044,29.20809736227431,29.53705026467664,29.157458636515493,29.306314696888183,29.346268708956508,28.79897027105099,29.767343655640992,,30.09685141596354,30.084715098121407,30.510853767695213,30.378209427801547,29.557328809426163,30.275395986315736,29.758398755034463,30.401088085933374,30.257631493921792,30.362629189310503,29.657317537889835,28.970281882357177,29.48296224961842,29.839686254813422,29.494814664880273,29.309954042330816,29.72755425995982,30.03501068793811,29.980200651066333,29.713745526412705,29.89899372419454,29.929664927627545,,30.320839298584943,30.222551410732027,29.990304977758562,29.870364843575786,,,29.88630495935896,,,,
Q9H773,31.186505028715985,31.369912729272837,31.500162274142433,31.283650238373003,30.50243595279078,31.17243544641855,31.30543480131109,31.285135752994364,30.83662079398587,31.189120333098828,31.25035740436756,31.031454753825503,31.852084284415245,32.223452976491906,32.490354137430906,32.27913608514494,32.18235085439723,32.322039993385744,32.13123393658789,32.00185854287253,32.143613605266246,32.20123858827451,32.40089214761797,32.32892472902933,31.384518110290788,30.7832044756441,32.23746948333794,31.48338597558383,31.83124138826211,31.512754703184054,31.094190728528545,31.515971057323224,31.69505550463484,31.709000357212144,31.412855900000107,31.73661817478289,31.65789643441995,31.43798451684167,31.418484317168588,30.98361710314666,30.989027310826533,31.03835553635621,31.349104783850105,31.6247259514821,31.60791018853584,31.43611190026306,30.730671830820786,30.821719506317482,31.964773898516896,31.711732287137085,31.784377549277472,31.713834875344244,31.719872352071885,31.440692514277043,31.813544342402942,31.51137356578372,31.605567333553957,31.749461916329164,32.03813662591063,31.570117874046407,31.97919519053809,31.909401969782955,,,,,31.540990039067793,,31.5610233588757,31.84501457230424,31.545464789505257,
Q9H7L9,,,,,,,,,,,,,,,,,,,,,,,,,26.372895641005684,,,27.7377490895759,,27.379248494208007,,,28.47788663017497,,,26.431455896755466,,,,,,,,,,,,,,,,,,,,,,,,,,,,,,,,,,,,
Q9H7Z6,,,,,,,,,,,,,,,,,,,,,,,,,26.56512234551187,,25.553591730581292,,,,,30.751065363182278,26.768428125037023,,,26.99439531949199,,,,,,,,,,,,,,,,,,,30.89020550290968,,,,,,,,,,,,,,,,,
Q9H814,,,,,,,30.2176200515655,,,,,,,,,28.336019178102802,,,,,,,,,29.194815569005357,29.296888256935592,29.064343092927565,29.406082840774793,29.333130174195094,29.225384567774878,29.019224412298385,29.065946730148646,29.242989109320085,28.909009083007163,28.9934265748214,29.27350286209194,,,,,,,,,,,,,29.72637667956322,29.104221973890535,29.180274836697496,29.715058483062922,28.987200966735656,29.637524967104454,29.290811249546408,30.024674698615847,29.41327697697065,29.053361435983643,29.51714106823607,29.79719321794343,,,,,,,,,,,,
Q9H871,,,,,,,,,,,,,,28.256500640211865,28.018504069289406,27.670529417798406,27.97922745489644,,,27.920477390810678,27.87883785427109,,28.639451106091997,27.998581767643635,,,,,,,,,,28.504129812914172,,,,,,29.159581723903976,,,,,,,,,,,,,,,,,,,,,,,,,,,,,,,,
Q9H8H0,,,,,,30.259886084044595,,29.627111237856493,30.537429779333532,,,29.762320358279414,29.3194377539121,,,,,28.695256175545506,,26.686265166527644,29.62681499075028,,,25.791484390832576,29.375288324134512,30.010355158917047,28.935868870086704,29.132584843010452,29.826408581261703,,29.074761211075153,28.723200363666873,29.317693174225127,,26.634116193688012,28.758460830414034,,,,,,,,,,,,,27.669903369511577,28.302963405220527,25.55959960511603,25.78566278684828,30.26328970050813,27.81066704956071,30.94535822745057,25.859008484277847,30.17332860169279,25.025970489322486,29.485115755754236,,,,,,,,,30.00661319184793,,,,
Q9H8S9,,,,,,,,,,,,,,,,,,,,,,,,,31.08400706579668,31.467619881004413,31.17146868673864,31.402068113336018,31.138810715256295,31.52710071627519,31.12498950945702,31.308126113865423,31.055880899301744,31.13719511824152,31.172918249965516,31.30572482270576,,,,,,,,,,,,,31.531573932897306,,31.55016441869556,32.66188501682265,31.68638462128541,,31.478557536982784,31.685292748431618,31.618643552958492,27.591915846704545,31.5303041272039,32.62918554323334,,,,,,,,,,,,
Q9H8W4,,,,,,,,,,,,,29.85066686427339,28.62990468391023,28.62524469306286,,29.11168148021179,29.48182974986646,,,29.397532178811655,,28.42647855602902,,28.510080342048255,29.882792529445368,29.748299962047465,27.686180389291177,29.036481056109064,29.089131499853572,29.547334860552514,27.566296383176354,29.227641725426338,29.679384613113285,29.40035911162697,26.601686852795766,,,,,29.142178382628106,,,,,,,,28.902328064430527,28.078370816305537,,,28.916863392408484,28.830378282009164,28.074455427609553,27.578783606553863,,28.378735064316555,28.662900801831814,27.52412355267208,,,,,,,,,,,,
Q9H974,30.137520660267107,29.871773415920337,30.180541824954588,,30.179577594915926,,30.220558826150054,,30.064670145510814,,30.40540802358713,,31.027244393906628,29.725374953502012,30.15866584259708,30.781106534082653,28.709550289281918,31.160943261047393,27.692738050657923,30.431338593399424,30.320867200034264,30.97976586049625,30.42233632051937,28.375380778084082,29.985710483369342,28.938320035056798,29.047660702509457,28.910964717767484,29.026436917499407,29.171827734072274,29.73932915428016,27.65378803987632,29.668736791498304,27.515649830283486,30.42583338413709,29.017915039916325,,,,,,,,,,,,,30.088370296209046,29.139473068433613,29.15432113721009,30.23501930124583,30.00975730790548,29.314687873563813,29.190592223410174,29.377337980404484,29.54774581353427,28.96141483249633,29.906065733372664,29.91157474574755,,,,,,,,,,,,
Q9H993,30.657306858484453,31.346054716128002,30.83608472368575,,,,,,31.08567585355579,,30.598394295416682,31.379469806343955,,,,,,,,,,32.48272585305268,,,,,,,,,,,,,,,,,,30.936043617923147,30.621778224487194,30.647058918149625,,,,,30.99428649863436,30.938335983602265,30.731704459412455,30.920126910720946,30.869489569983642,31.269680759327827,30.710211187459393,30.810076379071212,30.854317924576563,31.20244651647851,30.81914687001708,31.051086594314413,30.93392496844853,30.841099049615657,,,31.147687393425606,,30.47081992654909,30.501652807416512,,,30.648185458708106,,30.806037516287596,
Q9H9B4,31.013346617843297,31.60386260631634,32.12392744901104,30.94222059696635,31.689586788305682,31.15138284540946,31.873248958267226,31.94567534073105,30.72675167091782,31.114241986055987,31.46183301972505,31.76717822147426,30.95750773090001,31.440298176595533,31.469213624073088,31.1897986886096,31.30826606250323,31.232868941501565,31.53855442390643,29.537653505893367,31.291134668093317,31.56056760028097,30.521390557744567,31.61039287155664,31.86180074841459,31.95222089261467,32.037182664629775,31.725297618198546,31.729373454971608,32.12002660513853,32.16789728736015,31.711991077461366,31.804401859802272,31.875779641597894,32.04783101352642,31.63386994607137,,32.20015712211194,32.10226543420906,31.313203306192445,32.05369218684285,31.815553128980522,32.15876154620313,32.1720712107122,31.29599782123498,,32.733144628419915,,31.303666704134724,32.32438098329088,32.59391822539531,32.03343231939756,32.188137153261216,32.11238375492464,32.33367641254431,31.798229397950657,32.08498259821464,32.24403959889344,32.38640097781838,31.891917988129386,31.182765421259234,31.407539754959814,31.554830062217093,31.380720222042605,,31.750474571477916,32.545019354365486,,32.085140210187156,31.914344429317715,32.383229513294644,
Q9H9F9,,,,,,,,,,,,,,,,,,,,,,,,,30.87039704463312,31.062043076539307,30.99719122268243,,29.460234231931903,30.900251284724437,30.46476958942866,30.826068833891203,30.658769905127407,30.612366620168054,30.60588980857083,30.081699212036593,,,,,,,,,,,,,,,,,,,,,,,,,,,,,,,,,,,,
Q9H9Y2,,,,,,,,,,,,,31.87764162520879,28.696476152326547,29.113757780687333,28.320993002603664,,,,,26.775037374511616,,,28.72721830606173,,,,,28.6442830830535,,,29.701130407309705,28.4522906692906,,,,,,,,,,,,,,,,,,,,,,,,,,,,,,,,,,,,,,,
Q9HA77,29.828633954422042,29.730027017079763,,29.3924806838834,29.77070093340204,,,,,,,,,30.030052443364713,,29.429322029691356,,29.743629816483278,27.2504386132739,29.57322081692062,,30.04479829052675,,29.633763927663765,,,,,,,,,,,,,,,,,,,,,,,,,28.91669142296658,29.12506303592915,,28.029041503485267,29.016131857341325,28.962238058331586,28.12422530767084,27.340907424535118,29.038213026231347,28.280640590008367,28.11511146187246,27.59958828968687,,,,,,,,,,,,
Q9HAB8,30.155995693563806,30.295734455481675,30.386638718340276,30.292509961634963,,30.728245915569584,30.299029921129588,30.409456623407753,30.152805251052857,30.530472528875414,30.469276891509658,30.039354335549405,,27.73409079767939,28.231733938111223,,,,,,,,30.61950860709081,30.420167641330377,30.4716447114954,30.875869023090374,30.584904726470164,30.715760559959104,30.378173091877006,30.758893008283366,30.69036713545208,30.591005824544546,30.53564612644744,30.75508587217739,30.368482278589287,30.386112969562003,30.37564743174943,30.33188690423366,30.48165749212204,30.05625479274602,30.09865103401672,30.413880429513245,30.709061582393286,30.21024664060842,30.25418151017716,30.533374552933434,30.198163244213585,30.276196112841227,29.937036452783463,30.05206249528923,30.342304389266868,30.313744796582593,30.30134456028006,30.156039570232068,30.090483513626324,30.041931924473094,29.823469062040168,30.13528957241068,30.581593315156578,30.35660501010257,,31.139188590030752,29.972769570011014,29.78684110671072,,,30.242758570703696,,,29.92037535650509,,
Q9HAU5,30.635225761841614,30.65596415874715,30.110789483125767,29.925075212887005,30.164560563998233,,30.12223939796535,30.50371367905272,30.279357941020237,,30.558629927506754,30.44521051025237,30.10759280930701,30.172088185023938,29.463550546770463,29.355953377705664,29.84098121096279,29.702480401969936,29.811095862852106,29.466697241788626,29.73212306186877,29.953959632294275,29.55370837071786,28.622071140747078,29.805227857963292,31.032640506942524,29.489751506209245,29.966060549836772,29.861862032173146,30.02987583418398,29.42189512834464,29.704315018236564,29.849048588810465,30.071741765252913,30.030946881652785,29.76112830869619,30.46543870252401,30.71428552421509,29.982267554454246,30.18083228363297,30.261681189241674,30.3846276181318,30.345465868339783,30.02243145968667,30.52404805571471,30.58350625602181,30.408303573814873,30.771348391776353,30.248120547461497,29.578541278716543,30.165760176559917,29.790481943813322,29.76358152305997,30.29382532830575,30.058429293854754,29.811644751393334,30.08887250362957,29.976589056825638,29.814756943250863,29.966826559244456,29.740777005534117,,,29.886612554785664,,,29.61800906635433,29.500015890041343,29.612594698679526,,,29.67485863582847
Q9HAV7,31.464408613771745,31.730484414820367,,31.192235685082217,31.52407802895634,31.660318569639564,,31.00828043435442,,31.11892753784349,31.122002893445313,,,,,,,,,,,,,,,,,,,,,,,,,,,,,,,,,,,,,32.74495945538269,,,,,,,,,,,,,,,,,,,,,,,,
Q9HB07,,,,,,,,,,,,,,,,,,,,,,,,,31.51768633106838,31.585546937195733,31.68498263503528,31.893534744385196,31.47674244008322,31.638454467854803,31.74028194409853,31.819646608813773,31.386316777507407,31.547924048482006,31.620379147616635,31.749560124370568,,,,,,,,,,,,,,,,,,,,,,,,,,,,,,,,,,,,
Q9HBL7,,,,,,,,,37.193711725323624,,,,35.28704963233823,33.881422661123366,37.06010784699479,36.971656947378946,31.919719915945514,36.122078218974636,37.662251164696166,36.0048288682578,,35.91917321706168,32.43666040609901,35.489418632499756,32.31178505154138,33.0455937139018,,,32.28475950978201,33.687655798717714,,33.25635132944821,32.73903289094943,,31.366271404965282,,,,,,,,,,,,,,36.53767338813218,36.209068693316276,36.06824036217933,36.55300389169878,36.699328113377746,36.28216993478935,36.342682822663846,36.496571704566755,36.43020646188244,35.76468740834386,36.42366684532841,35.65264769190414,,,,,,,,,,,,
Q9HCD5,,,,,,,,,27.409244917824306,,,,34.82658212228737,33.91995601418878,34.78967622845783,34.99442599368657,27.949444682932405,31.213116126251624,34.793419864857135,,28.822281747736053,34.812211153145064,,32.756419595731764,27.799441905185866,,26.117454676850134,27.474126978537008,27.200850370585083,26.553091636382888,26.702324902928183,28.299278235803424,27.587563688818936,26.381480874787297,27.041262590993473,27.68003851633003,27.42536162053249,,,,,,27.69571687927277,,,27.333598717297537,,28.344654729840574,27.445885444074666,27.833338724433194,28.575920613587623,27.799374807908972,26.98359312613306,28.610356199206148,28.384734639850134,27.9738564654573,27.74762615538047,27.65130948943027,27.745938913478998,28.327745160182108,,,,,,,,,,,,
Q9HD15,,,,,,,,,,,,,,,,,,,,,,,,,,,,,,,,,,,,,,,,,,,,,,,,,31.27518539187743,31.672143131405374,31.71419235788742,31.63143690399006,31.97745018375461,31.83116336740517,31.887623353508733,31.79300053567489,31.397570864503475,31.727889218561952,31.769573712103483,31.74268776327554,,,,,,,,,,,,
Q9HD33,30.62043441696317,30.51784608661817,30.584304882644318,29.88727328164834,30.598487140552564,30.616979813040324,30.58111149647452,30.413484173022567,30.43521659350356,30.23506304163375,30.45804355894729,,31.08054977160512,31.063364256358234,31.05027733555079,31.04357004949013,31.1620407504899,30.99453222294575,31.109687620120596,30.947901377406552,31.029650183747904,31.04808635171368,30.849260791042738,31.181223603974267,30.674645661667817,30.865315560066193,30.886483799608023,30.70898335592156,30.692392276804533,31.03461125901861,30.86253748934608,30.90158224559557,30.471990096204614,30.757513019754185,30.754461846334983,30.7465399431713,30.848728460081652,30.655687764931578,,30.37256192330768,30.043697626934296,30.873917727912108,30.703303408021867,30.481934230465257,,30.634985725164462,30.54350541321014,31.041030774633356,30.64403061259624,30.25061924000709,30.713791510482146,30.082743027329414,30.536552674174757,30.38110709371714,30.224486059304553,30.34511603641232,30.151690409030152,30.35105484293497,30.493685533646392,30.346984446487774,,,,,,,,30.927584387361513,,,,30.68102676980744
Q9HD47,,,,,,,,,,,,,,,,,,,,,,,,,,,,,,,,,,,,,,,,,,,,,,,,,,,31.487988760585214,,,,,,,,28.82313839256832,29.472359407926536,,,,,,,,,,,,
Q9HDC9,,,31.48325118372287,,30.609917796445018,,,,,31.208699803932006,30.802910605270398,,,,,,,,,,,,,,30.106658003231505,31.097734497907616,,,30.883899319624447,30.73641081945423,28.323979988611537,29.065860368419393,,31.155439103084426,30.16026024624085,30.415255690923445,30.748169834726696,31.403403943060404,,,30.97811736374559,31.18090538804413,,,30.678923672040924,30.84889972865626,30.972887532104455,,,,33.2414500254869,29.328618208060185,29.44449423755755,,29.36938489182946,31.22791357058559,29.17929071570841,30.498370521476946,,,,,,,,,,,,,,
Q9NPE3,,30.669143862229387,30.369391971842383,30.473106152309462,30.591351641224207,,,,,30.35074724506423,30.54078040708191,,31.517890051751635,30.92885384290188,31.622043993085942,32.037445381792786,31.590345088363854,31.100000211697225,30.50678339924748,31.937963055996413,32.11093920301203,,31.26996279782204,30.488451858161454,31.25554600932952,30.91284988037113,31.113327955890206,30.652507716836116,31.15829829162118,31.448675975586248,30.819445853043867,30.985270192710274,31.25550796888187,31.62975347796296,31.544439112806366,31.142353122469373,31.0293032230688,30.722290413806554,30.913358180093226,30.780757416759425,31.271734122337605,30.9942451007966,30.858193873704806,30.882527150698852,30.975353250483057,30.478302801659993,30.62127532696889,30.393988483360125,31.44448488585526,31.107025241701542,30.963091819665046,31.084497773974412,31.67620092434531,,30.469858486958408,31.121408787105935,31.62541609761988,31.390563702509937,31.189488986028188,31.336646568196613,31.73653108201983,,,,,,,30.71529098129738,32.02891390226193,31.313331641943954,31.070951370099873,31.45010143099001
Q9NPF4,,,,,,,,,,,,,,,,,,,,,,,,,30.885400117137216,31.028310825997252,31.054829410515744,31.090076996734894,31.08539018282967,30.770709278724695,30.8708405259582,30.905215354195228,31.46210918241423,31.185586821810908,31.118860555363938,30.803429036910615,,,,,,,,,,,,,,,,,27.799716862656915,,,30.467275049321657,,29.247223443687318,,30.834157234019266,,,,,,,31.46569637497749,,,,,
Q9NPJ3,30.9201927183271,31.193199673333947,30.86458888413657,,,,31.608123814051567,,,,,,32.17618655797337,32.09865755705776,32.14801439484794,32.339875422920656,31.86949513598407,32.5867732835266,31.879752729510184,31.54758660269825,31.854158118934343,32.00609443968484,32.07223379300796,31.73131024763158,26.06335529420592,32.039278512250014,31.653714695327185,29.360953136178782,29.265795741017943,30.603027794670876,31.04028419436568,31.455818772828774,31.2855207017878,31.338484686076924,30.743078332006746,31.41010902002444,31.100179155876447,31.465968675812558,31.333013514221737,31.077578753552643,30.993695874080306,31.541683959175064,31.359866078025544,31.22359426464135,31.168983090790977,31.28613979317881,31.562405886154732,31.341593685926835,31.554881641173054,31.575787214226633,31.543405573624497,31.28159960194191,31.418332281817,31.78505507163333,31.736871969251464,31.50323496916769,31.429303035501388,31.78269690852297,31.69320641785515,31.44111546174815,,31.527460068230088,31.318363047144967,32.00647582381728,31.74921292263208,32.15701333166099,32.317515023465404,,31.468927084310035,32.22775262789832,31.7118612617989,32.180496964039044
Q9NQ50,,,29.4853654343233,,29.516356364041854,29.33339010229317,29.28773458496732,29.739617923037255,,29.635966985801993,29.55214495091902,29.675705308236882,28.450388633769816,26.573815313651682,,,,,,28.69651403456637,28.450136180753596,,,,29.495190237441527,29.601547171490164,29.450992355074124,29.547809086804968,29.876584631660148,29.871252954762053,29.957953155970802,29.564673130639893,30.01454389366376,30.005473450024564,29.596279231406726,29.888258209343146,,29.83982641102285,,,30.076672144343227,29.62491881780731,,,,,,,29.711846734931985,29.352648305182985,29.782319722766825,29.467212240370227,29.642708517615795,29.86530090037702,29.357058265383277,29.309030374179653,29.62284534337189,27.369701049803464,29.753235675812668,28.933068506368393,,,30.344952141986248,30.14733027291801,,30.304524725278984,30.237618825603885,,30.713912379757478,,,
Q9NQ88,32.016479962175254,31.951143618914323,31.363552536036273,31.427724869014767,31.608263422256698,31.40757091591572,31.205114767068707,31.449017295194523,31.541109895153383,31.45883697994303,31.259997585716626,31.32839864130048,29.391275356207636,31.639413683097402,31.776762180199434,,,32.1370330427775,31.31554946803758,32.27078797305376,,32.006555921865555,31.264733505297947,,31.22839392642949,31.515133508103084,31.270535352013525,31.292552962402212,31.752266673417417,31.38219687688212,31.569090586491157,31.354124677514832,31.25714111797032,31.417370144634027,31.644056973714434,31.432051516666576,31.61369932425015,31.927902449311958,32.11169452498468,31.503792472181814,31.518964930290366,32.21744539914971,31.532581978606316,31.718184756762227,32.063789047630735,31.84034275803377,,32.07133256232846,31.753258562994986,31.494560171475314,31.76918115089604,31.451089993691426,31.807011441212566,32.44038247928506,31.464812873304446,31.74977890854077,31.792145867881622,31.176493780523515,31.28086044484563,31.233601304475705,31.22039663752794,31.16408465386514,30.766633366431343,31.15429324519374,31.270255996404487,31.05913877947279,31.180512725656527,31.365162318699333,31.70832157777061,31.5133858429514,31.08904928143089,31.14636154613366
Q9NQE9,,,,,,,,,,,,,33.1830834455738,32.91274131619525,32.30215985110749,32.5660868090468,,31.646487298960405,32.804214179844315,33.376713792420325,33.013153813208355,32.45709492993306,33.13998379532105,33.5084895356204,,,,,,,,,,,,,,,,,,,,,,,,,32.9261145292384,32.60609467234278,,32.866831954816675,,33.01066846182565,32.63396622185916,32.51834587455934,,32.85311673198363,32.67554742822261,33.09629924716087,,,,,,,,,,,,
Q9NQG5,30.358404905065107,30.866277842613396,30.842768908900585,31.011678449197273,,30.862748501087225,30.67665396107542,,30.404756713753592,30.66342520149635,30.212236525844688,31.216543831508172,30.866771239467184,,,,,,,,,30.704795426380528,28.023529923710434,,,,31.849320429296533,31.76267205960476,31.52639965796319,32.04096918073646,30.895561383238164,,,31.89795326819823,31.810009120826578,32.204851695275075,30.052710928947555,30.005833579830842,29.739016930135833,29.838181672367412,29.771839144370105,30.12922803940596,30.123724784423334,30.065493727971273,29.970094319493708,30.1425942149167,30.67353206645532,30.804965360623253,31.324770709947984,31.100814255767467,30.915730482599383,31.268440925405528,31.207702353325853,31.16676029634865,31.06757057737911,31.226248800443564,31.132088041251667,31.211087826758302,30.8047364799278,31.149937336085653,30.61033400309836,30.77737090232229,30.64322925400247,30.73543226574999,,30.647574377790374,30.828762984314473,,,,30.818582632857208,30.81039247014688
Q9NQH7,,,,,,,,,,,,,,,,,,,,,,,,,29.83810794925594,29.748232766119035,31.47901458941365,31.133644237920095,31.352807437132437,32.12025303297497,29.919545380323168,30.137209859428808,29.691829875645933,,,30.23195059674033,,,,,,,,,,,,,,,,,,,,,,,,,,,,,,,,,,,,
Q9NQL2,,,,,,,,,,,,,,,,,,,,,,,,,,,,,,,,,,,,,,,,,,,,,,,,,29.654096963275535,29.771907018035428,29.326644466924513,29.328447248117584,29.782624265401985,29.75532619092325,29.33925011372805,29.132730808973932,30.04921201044513,29.25803252202003,29.563676959373986,29.28821585777485,,,,,,,,,,,,
Q9NQS1,,,,,,,,,,,,,,,,,,,,,,,,,28.936311802711096,29.234228684068835,29.040877057794265,28.809528206420435,28.79903242611374,28.988037001698412,29.013658619485348,28.53352663510478,28.85916262033677,28.91038421544744,,29.05057186480083,,,,,,,,,,,,,28.759876588980813,28.983999547918888,,28.611746042596135,28.688780712048487,,,,28.425720517595643,28.89120338398003,29.541983522932316,,,,,,,,,,,,,
Q9NQT5,,,,,,,,,,,,,29.388830531798824,28.920803778102854,29.427922458897143,28.834664058198715,29.41550042728378,29.33521488001139,29.227777601228603,29.06541516904719,29.42764032564872,29.212565369437062,28.89530538946863,29.233685856921813,32.026776063367784,29.20008020525329,31.93218104214512,31.048397915827664,29.737440941601058,29.76146195294027,33.94022910566554,30.803403838773658,31.251257895672808,32.535962768600186,30.859286656802507,31.48883772429671,,,,30.642383532244597,29.210786208011815,29.675627497569643,29.352458283141377,29.28659982169412,29.57701825679466,,29.226045029519735,,,33.57104828556664,33.25189723781652,,33.519275801992585,33.54118328941246,34.183101276845036,,,34.246317373623945,33.60448948056209,,28.94691409949378,28.755758944596675,,,29.233257081146245,29.026455705917773,28.944826278240345,,29.736164774081715,,,
Q9NQW7,,,,,,,,,,,,,,,,,,,,,,,,,,30.85759174234508,,,,29.709363394100038,,,,32.22385530692876,,31.006946392389843,,,,,,,,,,,,,,,,,,,,,,,,,,,,,,,,,,,,
Q9NQZ2,30.269541913320314,,,,,,,,32.24681439101966,,,,29.020577283303503,31.10315476294897,28.057806963157553,29.10832684497821,29.510949073030996,28.974486671882218,28.775282755364433,29.230586493903896,30.068719547775103,29.019292130646875,29.13612500465673,29.538944877226143,29.98448534085271,29.429524143961967,29.843327983860693,29.66591324482727,30.44248164476853,29.782151898835043,29.28477337205828,29.744299494137504,30.271373271663652,28.773462473729932,29.823659996379444,29.657311958676022,29.63184125583643,,,29.64555276505687,29.867449019469635,,,,,,,,29.972018537583367,29.459017836598246,29.297197234586402,29.0843580056586,30.516746221433475,29.523341585079187,29.907072479010033,30.204129660305384,30.578993528287953,29.35694410969445,29.631278889604975,29.51718425942809,,,,,,30.650164496865507,,,,30.10405807249389,,29.884546128221196
Q9NR09,,,,,,,,,,,,,,,,,,,,,,,,,29.185261542365396,29.1725729878032,28.871791092171485,29.59561862446352,29.26111727950462,29.248495271483115,29.287818346251484,29.487351671194368,29.061838765671553,29.304996618306134,29.40267188398945,29.42222077549191,,,,,,,,,,,,,,,,,,,,,,,,,,,,,,,,,,,,
Q9NR12,,,,,,,,,,,,,,,,,,,,,,,,,,,,,,,,31.683101736135136,,29.909520309097747,,31.414666884898693,,,,,,,,,,,,,,,,,22.3878634471486,,,,24.133377561635236,,,,,,,,,,,,,,,
Q9NR50,,,,,,,,,,,,,28.603514623429195,28.51124956701493,30.46524513402843,,29.449817710996694,28.968501417976956,28.389872591612747,28.04000253366126,29.090886151756663,29.759137678101233,28.546464645583466,29.826936071777403,,,,,,,,,,,,,,,,,,,,,,,,,29.363100492662063,29.82201346131036,30.003919016453462,29.06861631171476,29.91001158958319,29.700687369331447,28.19021478736394,29.136365537587555,29.795465675771542,29.961842675989143,28.204625051583324,28.398838985827634,,,,,,,,,,,,
Q9NRG7,,29.694367963532383,29.686485144191757,,29.592786620066384,,,30.068316355845546,31.02264691203738,,29.759412625602017,,,,,,27.068490573933005,,,,,27.736362872216265,,31.70478920160462,25.71206324757184,28.571192287799146,29.862570752717843,28.447579245510433,,,,,,28.286362516929344,31.113905922236178,,,,,,,,,,,,,,,,,,,,,,,,,,,29.69232534680674,,30.123245466220432,,,,,,,,
Q9NRK6,,,,,,,,,,,,,28.68757100382211,30.04562996819466,31.405230889625294,28.217165905583382,28.36709119372515,29.97221279576288,27.298478798081533,27.87606616766275,26.78408291673611,27.567581080611596,,26.461221477371076,,27.58334316283011,,27.809214133653896,28.42084884239733,,27.591960053993255,,28.56045912846277,27.43068005872227,,28.389947621133114,,,,,,,,,,,,,27.701819526989908,27.586231778252582,27.640113656449326,27.717278896101583,26.848118971335115,27.16895595897638,27.759277899055068,27.863949106983302,27.812220535144995,28.319661900489628,,26.802321455458802,,,,,,,,,,,,
Q9NRN7,,30.513479947912256,30.376083293235144,30.076857157869686,30.18944525260708,,,,,,30.063746788748603,,26.942518705828626,30.780031109316333,31.127136936264435,30.75922231396575,30.54586657685544,30.79336171745709,30.633503539611738,30.531256492519187,30.2971396787329,31.056307279023244,31.150372014456245,,,,,,30.235043589957186,31.035126402739905,,29.385163057660478,29.473711865307155,,30.773938750465227,,,,29.866559215474716,,28.842515433448696,,29.421755861217143,,29.298676696252535,29.88650213634582,,29.455323598410594,31.004452765481773,31.279621322610726,29.89186150907203,29.877775522278863,29.96263879491199,29.980154942820274,30.119401569127596,29.674619260820467,29.98740438429912,27.9222776054903,29.95032918749669,29.86884691693289,,31.163331563008445,31.25869222673672,,30.904066901636376,,,31.276597941119004,31.38438203759904,,30.995275910058268,30.825600730894156
Q9NRY2,,,,,,,,,,,,,31.00290415200902,,,,,,,,30.82815808460547,,,,32.8741142501252,,,,30.16859513313398,,,,,,,,,,,,,,,,,,,,,,,,,,,,,,,,,,,,,,,,,,,
Q9NRZ7,29.565719387701115,,,,,,31.490561063288887,,29.55884650939926,,30.268727816209967,,,,,,,,,,,,,,,,,,,,,,,,,,,,,,,,,,,,,,29.43620798932076,30.864582378314175,,29.51562494671874,,30.41895616085096,,29.83640252919333,30.59580242794319,30.219562590806767,,,,,,,,,,,,,,
Q9NSI2,,,,,,,,,,,,,,,,,,,,,,,,,,,,,,,,,,,,,,,,,,,,,,,,,,27.69737753247851,,28.679432294248276,28.578614924061565,,,28.68064335917217,29.018284431040286,,,29.651001700060352,,,,,,,,,,,,
Q9NT62,30.147134890511563,30.87870268081347,30.21158611180977,30.166785762862837,30.41673829341826,30.23011482771454,30.471161876396653,29.74487858724391,30.16007812917667,30.130199703244397,30.358059337603425,30.26977928875998,30.587249715685434,30.98790590002053,30.835097356014384,30.518004198306397,30.99003505084207,31.10524631495581,30.896059964106318,30.768585648203928,30.32499243166501,31.060762645443187,31.105508400527743,30.978404559634832,31.264083703682903,31.183443389934393,31.64962880085965,31.33824491403499,31.3281487423273,31.552463103357933,31.056361058311023,31.4643448382618,31.49571522881818,31.10699547131733,31.200936466517614,31.47401496450478,30.842183487103245,30.518128638339025,,29.824638656983563,,,30.294389930863478,30.669495873195924,,,,,31.071369678927613,29.744197373878198,30.3155854852423,31.539967668502566,30.969633127381567,29.374752434478996,30.577791645501453,29.96290181012688,30.475100529792254,30.85529986922724,31.31561093991573,30.89137798646521,,,,,,,,,,,,
Q9NTX5,29.910601308633833,30.504055297996803,30.37611897517741,29.89327940610215,30.200224284342344,30.178514618276655,29.989963385352603,30.13517114496641,29.914153725013744,30.252640766297002,30.419793187743995,29.992873246130447,29.440499060730698,30.10304140077279,29.838552453692383,30.272765721869423,29.462791994036383,29.559915891488092,29.95434278302064,29.978616744200277,28.94236575372203,30.101469932674664,29.403245895190725,29.622803099572888,30.499230670840717,30.826220219034344,30.640340880954184,30.910776885619963,30.56545690108108,30.784740527335224,30.60859914808486,30.21246625515173,30.746936247444577,29.882794949461807,31.25737367605219,30.652754803485745,30.609865656777213,30.7009220898633,30.5222609339209,30.295362376575913,30.472111287047383,30.657416599278324,30.421667539420017,30.635720213242653,30.357179378650695,30.721978939365854,30.44921306395241,30.90025535284554,29.959193708260177,30.45376901463319,30.062643395867134,30.159930084680546,30.338161021444648,30.663769272475317,29.916690685431572,29.345250528073656,30.358678684429545,30.437150745015046,29.403311657058634,29.701224513461966,,,,,,,,,,,,
Q9NU22,,,,,,,,,,,,,28.071462073862634,27.627093557701066,28.834136474588547,27.686942495861576,32.29862042107317,29.65564592975096,29.490592723905245,29.733403353805542,,33.134026797479194,28.796659220975588,28.705660807847355,29.400091582789965,30.467494537326242,31.11996607101552,29.63365878086629,29.31165561713625,29.304830348994287,28.273270629140352,29.957308486446692,29.506776644290216,28.442919732329205,32.087113279726914,28.991823373490057,,,,,,,,,,,,,25.769930971675088,25.759399799295533,26.436236228179208,26.960273469070817,27.861491643706486,,27.78033709229989,27.495220494915863,25.491066210092615,27.000266626758236,27.59755271681246,27.317043117124523,,,,,,,,,,,,
Q9NUD5,,,,,,,,,,,,,,,,,,,,,,,,,27.65445422278215,27.639650906821313,28.348516417331457,28.583803211013393,28.121997212115847,27.665780640030952,27.757135556537985,28.93356139753123,27.830494022996408,27.836116052580113,28.450757856357658,28.38889114939562,,,,,,,,,,,,,26.674224583398786,,,27.491948392430746,28.31835878310009,,26.123020010726293,27.92488397376935,,,27.800989423572293,,,,,,,,,,,,,
Q9NUJ1,31.957042120987214,33.06516066868019,32.577909298227624,31.73318004126515,31.757375274886904,32.36169496083489,33.10714324155636,32.416458900103784,32.00079289932345,32.49750247007992,32.14892671173647,31.560907879583844,33.0378918453463,33.016020981747296,32.94866014862286,32.38624077439479,32.39423483293337,33.063068358499265,32.88986697792911,31.92265397492034,32.57679870842035,33.02643783747141,32.6719774637593,31.99043678727639,33.09249976603985,33.04064860610123,32.80383176953688,33.237939036336556,32.71640839855295,33.10268302907841,33.37064141529043,33.26905188145877,32.58557331482797,33.1833604743001,33.1149041093977,33.28679567910865,31.017962584980282,32.191156467941525,31.890954440885967,31.920118685456615,32.42589222741476,32.38778731202471,32.01600691272192,31.69020346393956,32.11581249171371,32.54906263198693,32.424221967199735,31.868048216649164,31.384495706286028,32.118139291452685,31.862713014878985,31.497642814120525,31.635466852468255,31.85763692931318,31.791786172739194,31.452778222999907,31.69007222688475,31.861219433874645,32.10690920230493,31.333318426805427,32.44243164947881,33.15040009001525,33.182748336669384,32.913289179574036,32.608746743206396,33.12326311339183,33.270736194990526,33.09470980397333,33.2942175357633,33.211694720798064,32.701852099867324,33.171483893016706
Q9NUL5,,30.415331230500662,,,30.321574897945656,30.610947270071875,30.36178064328928,30.774226267786634,30.227081919174807,,30.135275500391607,,29.81146717968553,30.35481537072818,,30.93122293376623,30.462360382637506,29.341623528005854,,30.556961380907012,30.172570267490592,,30.727823024972764,,,28.42829161806312,28.5794069012327,28.403108505118627,27.29868868194539,28.596022002848397,27.744564329762873,,,,,,30.05144340424431,31.013981436690287,,,,,,,,,,,31.48062631457192,32.73274578545697,,,31.117480217217526,,31.93343596156042,,,31.40078819241436,31.140079116905035,,30.72393321043355,,31.061323722725867,,,,,30.22298827850178,,30.91821980807436,,
Q9NUL7,,,,,,,,,,,,,,,,30.186155911058126,29.747347837781838,32.166555967159724,29.743644482091028,30.37102316604726,30.810822995770376,,,30.098500035339804,30.0925469716089,,,,30.204412161602253,,,31.154032093688357,28.978437667913177,,,29.990663523805196,,,,,,,,,,,,,32.192214961174685,30.767879973889432,30.24084060332853,31.162304924022454,31.66238642437574,30.44761323138632,30.285143256859385,31.176555104064786,31.592758730108667,31.44859879924729,30.68004748475039,31.10821876967681,,,,,,,,,,,,
Q9NUP1,,,,,,,,,,,,,26.73025977908407,27.25167669142977,27.66512695816087,26.976872792004098,26.698962828174466,26.550046742312336,27.271374230636166,26.29585917877534,27.265830937562892,28.465994570464236,29.21957752238764,27.42125737306728,,28.910033896547763,,31.82548348757437,,,,28.854909618377924,,,28.913563351850776,27.756442969430225,,,,,,,,,,,,,,,,,,,,,,,,,,,,,,,,,,,,
Q9NUQ3,31.418687566754336,,,,31.000910639881603,,,31.68863985062888,31.385961307347088,,,,31.062244861023288,30.06925346879574,29.413464639737818,29.6854369063471,30.886883544990923,28.985394841249146,29.47725207001548,30.559794987465374,30.93747214996071,30.426096721557734,28.6230226509915,32.88461964562168,30.713915407124475,28.911112672797323,29.562559840966223,30.05642553565913,30.452909197153005,29.624632341302302,30.234346402445027,30.069627995097704,31.00593928427277,29.820699444343752,29.45205477342904,28.49280153684846,30.776986583444213,,,30.29195675238627,31.08974542847575,,,30.035672821401985,31.79731846113593,,,,31.436273511852146,31.365865994562217,30.015590037620683,30.477236200286345,31.24607448743696,31.10013930388038,29.684247479920824,30.76488545671169,30.995651635426725,31.2575228579105,29.96775155292808,30.246346608803357,,31.181554767371416,,,31.675625693137935,,,,31.80978979334565,,,
Q9NV31,,,,,,,,,,,28.974400145497064,,30.035710461034014,29.71194540503957,29.573919126218904,29.50970655122879,30.085757204155314,29.29492798935486,29.305741907650933,29.5605708684069,29.73566678283248,29.736347096784286,29.354242303251645,29.747657448369203,30.344994227454094,29.870877918987652,29.8477463095929,29.618766801848523,30.115857304393664,29.639651525805178,30.012168004121506,29.669175261735504,30.478099583848383,29.957369229046556,30.40847566048241,29.80671697440833,29.953946479732934,,,,29.088847068419092,,,,,,,,30.00454127403887,29.58169983621405,29.13953106446433,29.190891219522854,30.229506707295094,29.518582177018516,30.02060894586093,29.37155047997517,30.341071872280736,29.744676129333193,29.686202213210805,29.472569515724494,,,,,,,,,,,,
Q9NV35,,,,,,,,,,,,,,,,,,,,,,,,,,,,,,,,,,,,,,,,,,,,,,,,,,,,,,,,,,,28.589214950727236,,,,,,,,,,,,,
Q9NV56,,,,,,,,,,,,,27.030111492575003,,27.23133754055674,27.54675442894545,27.692421130730885,28.68401339445276,28.307807215941825,,27.557852825280342,27.40478563690472,27.674758384827737,27.7649849853944,27.97185097672623,,28.210465090544886,28.476639222513874,,,,29.04314202154935,27.993622025534762,28.605343701948403,28.058798003519705,27.786619113756377,,,,,,,,,,,,,28.185913765440464,,28.232831603084616,28.585421115524902,,28.12414654825708,,28.453606839232634,27.846194685318906,,28.23934776583916,28.53783187423676,,,,,,,,,,,,
Q9NVH2,,,,,,,,,,,,,,,,,,,,,,,,,28.944937823867686,27.361949321191414,27.496961384732302,27.53342309378191,27.65204588117317,27.12865648913996,26.604364398540177,28.56744143420766,,28.917463828005484,27.131214304454627,27.28859048247364,,,,,,,,,,,,,29.294771211267612,28.130579844191015,27.6463335128587,27.39208102847734,28.079417006632728,27.84615166007315,27.725266031641656,27.59993076331237,28.271425773423783,28.14191495746174,27.235905737767116,27.698202132551863,,,,,,,,,,,,
Q9NVH6,,,,,,,,,,,,,32.72254478570225,33.01787930046958,,33.424845547266095,32.75563993789715,34.86188325960587,33.082823710174985,,,,,,31.964343905507842,33.42125100552332,32.96782600217996,33.376499503537225,32.19563178043795,33.36496387432506,33.33796235617496,33.94809136441137,33.250423135223286,33.26967485273916,33.00499173091579,33.36121339165408,,,,,34.14547572133112,,,,,,,,,33.644764017166494,32.665268352710534,32.36325389783581,32.3553657768002,,33.80114232969618,33.60301229540009,31.858915539618106,34.63301251984879,33.034968403797265,33.9987186724966,,,,,,,,,,,,
Q9NVI7,31.78522739216491,31.757561881524655,31.79722196860455,,31.48078751880773,,31.482684666526428,,31.296309128397855,31.76714058713463,,,31.879322422109855,31.921359665197595,32.12251084082481,31.14772422883591,32.172536385311005,31.843307728234493,32.43949940280161,28.09895192120039,32.27906854996469,31.75024433089607,32.21461154505503,31.705350660449465,32.729242553609296,32.12199619735208,32.32629516275869,31.688200930179516,32.65526801825184,31.498826613575822,32.404828094967975,31.995214012943315,32.14956082782209,32.54430184795816,32.602633384303104,31.9576051457924,32.54862996163199,31.905161173199186,32.15264303344727,,,32.300665935870235,32.574892445937586,31.92226790501094,32.40679034187193,32.278071511180684,31.993369345466622,31.90973342220604,32.13512793505667,31.819365019689126,32.17463313752816,30.731422182790364,32.34106422823294,32.05200855465037,32.2233509595895,30.617033621745186,32.15663393894188,31.584297897770593,32.3131340386083,31.605324731389178,,,,,,,,,,,,
Q9NVK5,,,,,,,,,,,,,,,,,,,,,,,,,28.623608135896724,28.213295450935448,,27.62413390214983,29.505373479698825,,,,27.146236343839945,28.393500478372502,27.644363862688323,27.833882428815947,,,,,,,,,,,,,,,,,,,,,,,,,,,,,,,,,,,,
Q9NVM6,,,,,,,,,,,,,,,,,,,,,,,,,,30.937757922373926,30.70177834993995,30.233958811577153,31.39007871562221,29.31093751022744,,,29.55725334579774,,29.062889963538417,,,,,,,,,,,,,,31.209630284515697,30.783976787343335,30.627134574083342,30.94475084626052,30.743702800329324,30.542851451776038,30.65899060593854,30.780592156287305,31.263667039084076,31.09060606339542,31.070974807040898,31.387050976851754,,,,,,,,,,,,
Q9NVR2,,,,30.837653638299955,,,,,,,,,,,28.933540307646453,28.824264108914008,28.654406513328315,28.54698247806046,28.646098660642817,28.965600917718003,28.714737580570258,29.059826027876714,28.668845222302078,29.006080612735175,29.52764379303604,30.14277505378188,29.316371249765275,29.224641600018458,29.778750977505883,,29.54364759955733,27.653815796971323,29.730067810716324,,,29.72634662191405,,,,,,,,,,,,,30.48964182479443,30.44611890429492,30.37474519196176,30.44658902713584,30.734042329284577,30.223387171290035,29.762757419973607,30.1123129391839,30.320902301578485,29.845232507323267,30.25295877627235,30.146001167676715,,,,,,,,,,,,
Q9NVT9,,,,,,,,,,,,,,,,,,,,,,,,,32.25818033300143,32.82155053777991,,32.80461848931258,32.56085424159076,32.94150014751307,32.429869856578726,32.68536044192131,32.51415463484576,32.69212334815905,32.629871782375005,32.330299302005955,,,,,,,,,,,,,,,,,,,,,,,,,,,,,,,,,,,,
Q9NVV4,,,,,,,,,,,,29.703203700771482,29.094995485681952,,29.25297279353722,,29.23056141015031,,,29.524126177145366,,30.27756770255368,28.882153514733044,,29.641175412915448,29.036219101645415,29.642760403789833,30.165712536817377,,28.583219455925875,29.7280458779941,29.7250402890557,29.0809163904706,30.32612694156168,29.38813291006234,29.202527107795298,,,,,,,,,,,,,,30.404703697443967,28.630786454723715,31.908799788392617,31.6681571988694,31.393271041098455,31.639008667105106,26.883923658112316,28.467813617605923,28.158619146318433,29.830169130564734,28.123879683435494,,,,,,,,,,,,
Q9NW64,,30.34980944360784,30.068538430920444,29.709244938658983,29.838368781497543,,,30.23925052506922,30.333736559524834,,29.136854682131546,,29.82744036861852,31.30658892269184,30.899583862511133,30.53577060577408,29.16124586176793,30.98111918123979,30.806545285509586,30.37547630963926,30.645916509684493,29.104142053469424,30.701031390136805,31.227782758114248,29.862454877674185,29.468535106080385,31.734556400464506,29.58617559724231,29.93044419837388,29.719711865205063,29.38008102041508,29.470194824816442,32.09577224829933,29.705052052194336,29.40332869377952,29.305957873904447,30.127396429942692,30.452410921992772,30.441682918046507,30.457729134192395,30.444753331631603,30.48240858891278,29.842098721445744,29.917314274227984,31.627341914372995,,,29.987357021445504,29.421934226605682,29.065999183874617,29.29494736571196,29.395064020519392,29.65628676846103,28.464885466981443,29.3656603156131,29.86146633071055,28.570453680119265,,,27.409524311748847,,,,,,,,,29.94971318982722,,,
Q9NWK9,,,,,,,,,,,,,,,,,,,,,,,,,30.31592296475159,,,,,,,,,,,,,,,,,,,,,,,,,,,,,,,,,,,,,,,,,,,,,,,
Q9NWQ8,30.50486959718409,29.616114526349,29.937084384625877,29.879917398891564,29.56715389886056,,,30.765340314122113,,,29.697744707431433,30.01795956771833,29.18848057812029,27.832667252371046,28.278032544376863,30.111989357295876,29.380004671926045,,30.027715050364556,30.53709176508088,28.697097713334976,29.07604314263235,29.09614472111315,29.77202416953996,29.520675002194025,29.4769369215442,29.227792979704034,29.275273130077558,28.898362293945546,27.898775479573537,29.63375458010821,29.261353140009916,29.637908560818936,28.75027004586508,29.561538296674662,29.71758979019348,,,,,,,,30.37665633364154,,,,,28.957394046054795,28.65437086843368,28.753225780373647,29.181861745330032,28.979817245691564,28.376215335526865,28.848628598688073,28.74835470857512,29.251823476962265,28.57779847208692,28.659787075832405,29.01674231309385,,,,,,,,,,,,
Q9NWU2,,,,,,,,,,,,,,29.713032239520032,30.103440171314155,30.568673526193628,29.552567871341466,,29.410299015327254,29.93028294077228,29.951427045706836,29.683803005304377,,27.4961079275674,30.419924128052543,30.755886972981436,30.864616218473067,30.341860267231006,29.93569352791016,30.346167052364798,30.49350558092555,30.247338325357887,30.48020497860668,30.381132596805045,30.781803974002912,30.255253603980492,,,,,,,,,,,,,30.971096256279154,31.49509726822049,,32.20365378803069,30.497619342461306,29.98224288630812,29.17174640946915,30.542922434484545,,30.31131949154075,31.638455262151695,30.602757750194712,,,,,,,,,,,,
Q9NWX6,,,,,,,,,,,,,,,,,,,,,,,,,28.094676546774306,27.491493462605696,,27.069518830245016,28.085586380696224,27.13234210197962,,26.81094087627609,27.93417419562199,28.632223777100908,27.925688577168778,27.025952746406574,,,,,,,,,,,,,,,,,,,,,,,,,,,,,,,,,,,,
Q9NWY4,30.870254458227038,,31.457657681553847,,31.365677489914617,31.572709344562718,,30.742745491406893,29.04929219778458,,,,28.113758779393702,28.710732604542184,28.697070700989006,,,28.383518558429113,28.56496540458844,28.731333728889393,28.510362639379544,28.78468393641035,28.920416377087033,,28.3943575911203,28.65188933598944,28.426158048545563,28.728564810728958,28.11923180923855,28.25928381412204,26.667714983439254,28.649635927684646,28.37052497367078,,28.003834575060306,27.831094730665665,30.286166622245748,,,,28.59588909202142,,,30.259937958589838,,,,,28.797901127694335,27.86044719675297,30.268866587669436,25.7448051572812,28.237473506437397,28.42172029561213,25.155302970900642,25.27193689864294,26.619044330822117,30.500640106844553,26.414323286875085,28.10661082600505,,,,,,,,,29.956607024639283,,29.88565650889035,30.015418352542902
Q9NX07,,,,,,,,,,,,,,,,,,,,,,,,,,,,,,,,,,,,,,,,,,,,,,,,,31.05994633677866,,,29.519931324732177,29.418465349088837,28.42588733834451,28.581589310131157,29.269005671621073,30.037439006407638,31.448061076088248,,29.65576127554842,,,,,,,,,,,,
Q9NX08,,29.990708786681527,,,,,,,29.500415635882835,30.253891599845446,,,,,30.77667737990383,,,,30.046294777776723,,,,31.465271787936608,,29.53914579428983,30.01881484018797,29.30426711329092,29.854257594490058,29.720331647517565,28.12633343546492,30.11000307408494,30.142269644920685,29.780642224202595,30.609474264734978,29.64029622053576,30.15419730444831,29.634780859100395,30.189536792242595,29.752493062017134,,29.467493137465198,29.960637202456848,30.113628875981284,30.32842578867595,,30.13942234566902,30.837734289916746,30.415700100792154,,30.2294716688222,29.7274613774565,,29.372518797111344,29.329714779556877,,29.880116239707974,29.900962259060055,29.6914340833329,29.678164580016084,29.912647352973973,,,,,,,,,,,,
Q9NX20,,,,,,,,,,,,29.490048122059314,,,,,,,,,,,,,,,,,,,26.876311654337748,,,,,,,,,,30.29526901814913,,,,,,,,30.866933214780296,30.80452006995103,30.530747178537382,29.936149260716427,30.79879478561638,30.48532804169114,30.41613999634736,30.694849393132294,30.75507386723517,30.511436795506054,30.59931668951097,30.578501416901137,,,,,,,,,,,,
Q9NX24,,,,,,,,,,,,,,,,,,,,,,,,,31.971246638117407,,33.529101759343284,30.097321541807993,30.13347517164715,28.694061120303374,,31.576655800665087,32.066309450826644,,,31.144244280888188,,,,,,,,,,,,,,,,,,,,,,,,,,,,,,,,,,,,
Q9NX46,28.290309824530738,,,,,,,,28.87935804903016,,,,28.87332135238415,28.937098335513546,29.951731645812586,29.42515908220302,28.87812562380001,28.87277992962339,28.986946202784175,29.66923310746046,29.828690453504134,28.830640781777156,29.929303166253916,29.543558742818433,30.123678334860838,30.321033533574543,30.518368453719408,30.18189938609303,30.153996137480945,29.44136160933376,30.60088750875938,30.163971877492187,30.287407492723087,29.330374558535688,29.45629240515541,30.22705473556951,30.102770873027303,,,,,,,,,,,,28.575046766279875,26.526904591144174,28.60803232564419,,,29.138020030022403,29.42155048407648,28.806361210241796,28.77080132286403,29.123416574949058,28.616097144294763,29.00200374081278,,29.609682025189045,,,,29.49090232699262,,,,,,
Q9NXH8,,,,,,,,,,,,,28.346860161539862,29.91830667043013,,28.074992559610834,28.94630137424248,28.781970749604934,,,,,28.605635091422183,,,,,,,,,,,,,,,,,,,,,,,,,,,,,,,27.271716036340507,,26.944008550443325,27.53538432934217,29.23778123653634,27.084310991248945,27.35991175673342,,,,,,,,,,,,
Q9NXJ5,,,,,,,,,,,,,,,,,,,,,,,,,,,,,,,,,,,,,,,,,,,,,,,,,,,,,,31.880868050036536,,,,32.14915390940128,,,,,,,,,,,,,,
Q9NXV6,,,,,,,,,,,,,,,,,,28.953586171853843,26.20515977295674,,,29.96280709475058,,,28.94308271003794,28.864864788006912,28.912465688205565,29.14663310084085,28.752515338160393,29.050492825913253,28.860596335175288,29.229784403198725,28.85312904543362,28.69620054950199,28.711077470557072,29.122988029750967,,,,30.435852637910312,,,,,,,,30.453972390164047,28.221310946989597,28.953285023828833,27.446149234223256,27.925945825453383,28.478134804918565,28.36406595341277,27.620822642629264,27.77016029994426,28.632203743567228,27.964488940158276,28.553418136987347,27.891887518074636,29.987844363048865,30.900129400722214,29.853011263925723,,30.26906362228474,31.22697159500634,30.130571855550514,29.838056923324913,,30.433188310234943,30.844104670833882,30.365458770129237
Q9NXX6,,,,,,,,,,,,,,,,,28.850343199021033,28.6737226141177,,,29.221023228295522,,29.50186545466923,,28.056101625041258,27.491464324806273,27.515576691861384,27.71373602121828,28.307387194211344,31.834014399820795,27.596724475159725,27.486575213739414,28.49884666054622,27.414705785405154,27.196276104436343,28.711475118638155,,,,,,,,,,,,,,,,,,28.75706278838004,27.980635464997874,28.455024372965433,,,28.215767577226934,28.566934582636804,,,,,,,,,,,,
Q9NY12,32.032832747358235,32.37601634397164,32.29428112520445,31.95384031424083,32.4249406641415,31.95904812279746,31.721988371342732,31.736425028194905,32.0737103756094,32.11858287346818,32.33762571968313,31.77445695912781,32.87379308812618,32.70846127674657,32.72759916155398,32.59342773012521,33.0000558251169,32.52674294571565,32.716367722714566,32.57557561679239,32.98989985152368,32.43866380944538,32.59335365592915,32.57812760465769,32.79700322830129,32.43663824518924,32.50741334890466,32.26700430989036,32.86329924669278,32.30805228788796,32.507549494410156,32.36322890481358,32.839024156159,32.44077490054743,32.528484809715856,32.43942487190861,32.099578689435305,31.53844652470225,31.929783871850383,31.84734685245499,31.838189941641613,31.90832840007993,31.991950025333885,31.745588726898916,32.105187495525044,31.636982996789975,32.190835820243976,31.119903611900337,32.69760061642788,32.25922554716598,32.44451627746808,32.18838964079557,32.70866807933301,32.19993092930592,32.356180599416405,32.20616082304511,32.628525469391946,32.23500546732574,31.681105995562614,31.924660758505834,32.316009471226614,30.387723097539983,31.833288541379556,31.838811515833804,31.86490954738462,31.84901120201702,32.03340811416082,31.595459160540393,31.771674604866597,31.939052426806317,32.03390083525649,31.593022704664293
Q9NY27,,,,,,,,,,,,,28.19420851441624,28.205359544795044,28.188904612838137,28.69703660948356,,28.65245375517047,,28.668055804969164,28.5804279210751,,28.762730406455024,28.792290561025776,,,,,,,,,,,,,,,,,,,,,,,,,28.673978481531904,,,28.054344944201105,28.596214245283242,,,28.22063112783592,28.28594178423837,27.889574841059435,,28.085480587912986,,,,,,,,,29.560116077475225,,,
Q9NYB0,31.13168070945376,33.46406751968537,,31.269765946445716,,,,33.61787277907783,,33.25048791999051,32.82946424549462,,28.516031755321666,31.17197533801605,29.983335260924374,30.500468756532364,30.425697097039098,31.7325149940639,29.81420409745124,30.957364611093542,31.558058735850814,30.248052375726285,31.174426688203095,31.54695911557937,29.97400561054758,32.85495302810615,31.508508055747168,32.609729433496334,28.906734142934866,28.48760062617346,30.245016256726174,31.6452147833079,32.02945556067363,26.53066289902357,29.284170346613422,31.97256603385253,,28.248030827183907,32.98590641945523,,32.56948757538294,,32.84847712064036,31.37927417122015,30.556833080919873,33.22401196943383,31.55145984594494,31.630607529570824,31.15659982452108,32.200272887678345,31.263125137758507,31.864372607061586,31.111285281537445,31.044082972366255,30.65156261673025,31.613097110053957,30.68042092185654,31.605906376971372,30.287223321731165,31.025402095885504,,,,,,,,,,,,
Q9NYV4,,,,,,,,,,,,,,,,,,,,,,,,,,,,,,,,,,,,,,,,,,,,,,,,,30.06622476957277,,,,30.258773631889262,,,27.724789814678996,30.608783027020216,,,,,,,,,,,,,,,
Q9NZB2,30.8746645854264,31.587183522239144,31.13450310665572,30.730457678793684,30.643687083762213,31.117958755622507,31.10884527687385,30.953332674151085,30.53488789679009,31.1112227769641,31.30933238647548,31.363521465513376,31.416717908078738,30.15369007807377,32.25625410238614,32.23533296796427,31.24468391128736,31.780011906754705,31.090848660433878,31.70525873973124,31.28599282891971,32.02152458373151,31.91949377676395,30.596524811757714,30.55563306886393,30.733286108438325,30.326990616348056,29.957464315058417,30.39467340166296,30.04403677423643,30.613845267816618,30.541780349926338,30.024618456850156,30.377009709432183,30.256402293938265,29.93775327684302,30.118854625572542,30.010692142393275,30.35238406113502,,30.016866171734012,29.762030974710388,,30.79134672203102,30.245643755490065,31.013954387978604,,,30.942613716942322,30.77789384841382,30.874030615179905,30.905021862731,30.979789004966324,30.724222370350237,30.912611608590215,30.765917650827976,30.78377637921828,30.594461704644505,30.542796533253828,30.672465831332058,,30.637621667873276,,,,,,,30.274331355104813,,,30.96564357627913
Q9NZE8,,,,,,,,,,,,,,,,,,,,,,,,,,,,29.011869429948568,29.54913567882764,,,,,,,,,,,,,,,,,,,,,,,31.674109945222163,,,29.790673484905106,,,,,,,,,,,,,,,,,
Q9NZJ6,30.631790300841534,,,,,,,,,,,,28.825454266821904,,,,,,29.025623541165675,,29.542020309259435,,29.066485469556987,29.223186145805375,,,,,,,,,,,,,,,,,,,,,,,,,,31.335388748934147,31.482849572814487,31.40372166224432,31.798469533245527,,31.32968653843663,,31.568635797225962,31.492603256750623,30.984198517352258,,,,,,,,,,,,,
Q9NZL4,,,,,,,,,,,,,26.548366562840076,28.48348819616112,,28.671680594912495,,27.955033875493342,,28.108546431298546,,,,,28.032185281847276,27.926908409104755,27.863143527316076,,27.882693357161536,,27.56829213368387,27.356502394988638,28.835318546527184,,28.180221252179678,27.34196809801861,,,,,,,,,,,,,,,,,,,,,,,,,,,,,,,,,,,,
Q9NZQ7,,,,,,,,,,,,,,,,,,,,,,,,,31.633125406574187,,32.071325228928316,31.764059145494116,31.160894776816495,31.75729133999772,32.22944836388991,32.18812264340219,,32.528428739824086,,32.19586506772784,,,,,,,,,31.025563237865967,,,,,,,,,,,,,,,,,,,,,,,,,,,
Q9NZZ3,,,,,,,,,,,,,31.104791273262006,29.931668412036007,31.23266389258722,31.428890197599657,31.851367804968636,31.424379535798206,31.59501159504629,28.653454823456844,31.051914019295918,31.53252085025058,31.28674570973241,31.420839425409223,31.671085451159296,32.513227379035506,31.943053406609174,32.08523500305505,31.455022950094644,32.3099482636396,32.19882600578905,32.58771412493657,31.2874090989239,31.813767670401802,31.85491661307749,32.52669902004392,31.334994580230653,31.35776806933198,31.63047159464003,31.97139510313292,31.394715939479475,31.729896835351585,32.19578061316803,31.563716452937374,31.423637680590417,31.123017251389516,31.605324522342915,31.517351959488266,31.91930198931919,31.86894456463188,31.93194658768284,32.10587464843403,31.819523595065395,31.731780927089428,31.92345681889699,32.15367630826362,31.839616523117332,31.863741600328233,32.04485524706266,32.15185470923534,,,,,,,31.02552328775197,,,30.990425814558044,,30.85858875916515
Q9P013,,,,,,,,,,,,,,,,,,,,,,,,,29.612634472617433,,29.541703303337,29.926996693422137,29.14515594071652,,29.68635316639813,29.130482906904472,29.610168477144054,28.699898597386493,29.65797041433631,29.65971893236877,,,,,,,,,,,,,30.22496934653793,,28.630603108620118,,,27.98089307840597,,30.352083417670006,29.278757166594666,,28.465906983358696,28.170777356414217,,,,,,,,,,,,
Q9P032,,,,,,,,,30.36421044463517,30.241564722179387,30.375341086049996,,31.727219671609408,31.407578104320653,32.165958008939405,31.365836707840835,31.399050159333054,31.189111847949405,31.914591745434958,32.65541375370115,31.431864693858724,31.757447933489313,31.285423571577358,31.893747989515212,30.26342948256185,30.40367511773148,30.339335957341266,29.81776916427504,30.2688241085306,29.417103684580464,30.10118816109045,30.146633855905566,29.06726922625186,30.21257513554792,29.967806994207773,29.684003505064442,30.349260345831983,29.977878473921887,30.952505803818184,30.36095750133885,31.53557356295005,30.88267387697903,30.915098551592415,30.77955749301375,30.97673046196199,30.39492629958293,30.978725346965998,30.33902817126958,30.45395449396013,30.28789854078693,30.323786136529993,29.926943643243835,30.261179142982254,30.762101882051734,29.886449665892,29.64063845099,30.67776578798162,31.02760137672396,30.567682075049582,30.90351559644525,,,31.318709421438346,,,,,,,,,
Q9P0I2,,,,,,,,,,,,,,,,,,,,,,,,,,,,,,,,,,,,,,,,,,,,,,,,,,,31.284506779264433,31.593499708964714,30.746081609219125,31.108172349293895,32.3942721713248,,31.191162442262716,30.632581596129818,32.571539722948465,,,,,,,,,,,,,
Q9P0J0,32.49358138983043,,,,,,32.67850190820623,,,,,,,,,,,,,,,,30.91286274913159,,34.93729682766536,35.60658432715001,35.50226831039773,34.48347669067841,35.205214660002966,35.68211672840351,34.806307947001464,35.20863636360373,35.094959911775184,35.40105486159121,35.53525288093468,33.49742703298685,,,,,,,,,,,,,,,31.469230322339236,,,,31.549019979531202,,,,,,,,,,,,,,,,,
Q9P0J7,,,,,,,,,,,,,,,,29.785007394784333,28.652393209981955,,31.15745834860436,,,30.10966024364402,,30.96342675055408,29.600952728010743,29.56014522124298,29.421668383743064,29.427777875782652,29.376114540608043,29.674967109371654,29.68448402494399,29.670426410258106,29.377233842112705,29.71390248955003,29.70695403404267,29.78605245447187,,,,,,,,,30.826972902111205,,,,,31.359880739489352,,30.81990312828233,30.756384682152508,31.038387582047967,,30.537444309905073,,31.118589334641207,30.88697836673016,30.91951394772609,,,29.93701590937517,,,,,,29.61906657616659,,,
Q9P0U3,,,,,,,,,,,,,26.239435985057995,,,,,,,,,,,,,,,,,,,,,,,,,,,,,,,,,,,,,26.989352456102164,27.308159548481104,27.908851363439908,27.289524088320775,25.871671719578707,26.838246367456684,27.58846975088006,27.45784623182871,27.68183532370653,27.144511290776123,,,,,,,,,,,,,
Q9P1F3,,34.30518899721421,,34.56055088288025,34.35432048068692,,,,,34.4040355687938,,,,,,,,,,,,,,,,,,,,,,,,,,,,,,,,,,,,,,,,33.51041888299034,33.170447065924016,,,,,,,,,,,,,,,,,,,,,
Q9P219,,,,,,,,,,,,,,,,,,,,,,,,,28.409116596060684,28.914518699419972,,27.467733178399904,,28.293727629211176,,27.19075352753584,27.344763647254844,28.810299564031652,,25.292184518278297,,,,,,,,,,,,,,30.640315535103547,,28.26296205488019,,,31.410331311815305,,,31.895260761531425,29.9638100406897,,,,,,,,,,,,,
Q9P265,,,,32.158270625539664,,,,,31.87870280454132,,,,,,,,,,,,,,,,31.665220732389663,29.941274312996697,29.738438930894144,30.454530039265123,31.391236426391494,30.08120528870521,30.516775071390136,30.96745680322194,28.329758975323156,29.787390219325232,28.089777785854842,28.029588136577313,30.540292729999532,,,,,,,,,,,,30.325666372957937,29.797739752342885,28.613709431481197,30.55738198387396,30.211969223033947,29.728316300917555,29.79366169806052,30.90138494932679,29.62873547462028,30.05809601050595,28.533939110318492,30.877273296325292,,,,31.71417745009056,,,,,,,,
Q9P287,,,,,,,,,,,,,,,,,,,,,,,,,,,30.72249968243955,,,,28.48776040554944,,,,,,,,,,,,,,,,,,,,,,,,,,,,,,,,,,,,,,,,,
Q9P2A4,30.910240909635778,30.849865976756877,31.000735574758615,30.782128144298305,30.77666054023771,30.60849210144603,30.753387675757953,31.251382276553507,30.76452786413486,30.937613271638785,30.84941435269959,31.1359763694125,31.09567908704585,31.184786127835952,31.685421756044487,31.731027103484006,31.567002974363348,31.1039115991513,31.138564760803376,31.08221868598503,31.31794209100415,31.5668520516726,31.498147670809214,30.966835492649526,30.377806312783193,30.627514013156674,30.69037234937176,30.77572776062623,30.192950824770598,30.498824601324266,30.689831442595292,31.26690350490284,30.992414540185678,30.614564685678683,30.911461371447782,30.91343522926147,31.121377074292887,30.9324045484851,,,30.89574253837537,30.67768435768348,31.045065548193765,31.52220978567919,31.168796840390407,30.71632349381783,31.04967942415335,31.69913503929876,30.39126227913952,30.616772107541955,30.524577669275633,31.08496492079749,29.872043273984918,30.18735706558955,29.80340294470897,30.68392445271177,30.324316721889268,29.934516832825583,30.42836814344759,30.924215374561395,,,,,30.622527744552308,30.374115156052977,,,,,,30.84116026859665
Q9UBV2,29.28165641247828,30.815631444121962,31.327880893674656,,,29.87256732074185,30.41070471855198,29.330930829291272,,,30.554362355223038,,,,30.140158318482616,,,28.982286009878482,,,27.661694261749826,,,,,,29.714442910922678,,26.723569808576315,29.02593513895184,25.347110731762637,,26.742906738789802,29.869188607967647,28.039676228212226,29.41308783896555,,,30.178102921912323,,29.77668593038913,,30.564279147703537,,,,,,,29.091276653776017,29.22560552025282,,,29.54193622031716,29.258911077103477,27.717259037085846,,29.005726193730432,29.52068973817957,,,,30.462311077855798,,,30.354761388953815,,,,30.759692668062176,,
Q9UBW8,,,,,,,,,,,,,,,,,,,,,,,,,,,,,,,,,,,,,,,,,,,,,,,,,30.838174790642565,,31.98725328830945,,,,,31.96373478401541,,,,,,,,,,,,,,,,
Q9UFW8,,,,,,,,,29.89504578816662,,,,29.545451221064642,,29.537173923564147,30.457444335081185,29.986275606385142,31.08189589349989,29.178029366289927,30.129729487153227,30.719604961109646,30.721962569748328,29.842937813272485,27.230453295142436,,,,29.3880441138002,,,28.91903556396999,,,,28.832859834187342,29.36650133890047,,,,,,,,,,,,,,,,,,,,,,,,,,,,,,,,,,,,
Q9UGN4,,,30.524545313240882,30.394605541413963,,,,30.5088972974339,29.93992232823614,,30.658885751367364,,,,,,,,,,,,,,29.793954300762067,29.209623141714932,30.27203313254174,,,,30.32300313195601,,29.77631614950816,,30.200529573493736,30.552687191605354,,,,,30.13286850794272,,,,,,29.994962882508883,,,,,,,,,,,,,,29.805232331748183,,,30.356879324829098,,,30.112100059855518,,,,30.269257755891335,
Q9UGR2,,,,,,,,,,,,,,,,,,,,,,,,,,,,,,,,,,,,,,,,,,,,,,,,,,,30.3701303013646,,,,,31.441147194731872,,30.68319222513729,,,,,,,,,,,,,,
Q9UH65,,,,30.44556524235941,30.743527750970927,30.980224498123643,30.946409293383166,30.695032832109835,30.886677515973563,,30.731059760247856,,,,,,,,,,,,,,,,,,,,,,,,,,,,,,,,,,,,,,,,,,,,,,,,,,,,,,,,,,,,,
Q9UHR4,,,,,,,,,,,,,,,,,,,,,,,,,28.307837944858953,28.959039646913418,29.277228728697427,,28.124588035993863,,,28.335856668198602,,30.21211919141191,,29.092933129288642,,,,,,,,,,,,,,29.591805665567374,28.48478130954266,28.970466250018386,28.303885001191446,,28.376443044862388,,28.910262797199284,26.19431373495245,28.520626920751187,29.681297220617683,,,,,,,,,,,,
Q9UIB8,,,,,,,,27.831350458411084,,,,,,,,,,,,27.955510265090954,,,,,,28.091863619388572,,29.095620394303243,,,,29.51893234415969,27.271900110265047,,,29.16938758465928,,,,,,,,28.9773799791291,,,,,31.131914109105054,31.14096533593908,,31.30005961909322,30.905601927752908,30.939222023768423,,,30.783453322236248,,,32.09232718157244,,,,,,,,,,,,
Q9UID3,,,,,,,,,,,,,,28.777959089275775,,,28.603970617186,,,27.86034939111976,,,,,28.18292194980657,28.32928657250268,29.663264064303263,28.9316230275211,29.092081112464157,,29.446542122752625,28.58913399345502,29.45044745436384,29.4218710806094,29.069256559503984,,,,,,,,,,,,,,28.639868094545534,28.76367857294278,28.775657459047217,28.409668520399457,28.619640858386184,28.62471793832553,28.46048647268757,28.51628163136924,28.290542960006306,28.875566759978483,28.37360179664035,28.48371341526753,,,,,,,,,,,,
Q9UIG0,31.715965939059544,,,31.482996069096842,31.863658105866882,,,,31.70620489644375,31.07238616787093,31.1527813246732,,30.751976622059956,30.034718411038767,30.322632811763718,29.49791228914107,31.585114920598024,30.673594219000094,30.591992985616997,30.295537441635034,31.138215143535028,30.64374003901598,29.887747549117492,30.72205706399133,30.809207111654146,30.356524647213476,30.04169353336316,29.583560931512224,31.19707363704294,30.547057902587994,29.94201553196966,29.805484900700186,30.77631801670737,30.298420169210857,30.01674895431976,30.212095904080833,32.477832229373526,,,,,,,,32.948307776335646,31.92532044618516,,,29.81134213974814,30.14452167686145,29.17781961806675,29.605730431873454,30.121684587726683,29.59892882973768,29.340740829639074,29.32690356689504,30.084545660258563,30.80281608969866,29.52801239370357,29.607976851256318,30.61046424432675,30.473035280668036,,,31.125667782482445,30.777556749249904,30.06175758497735,,30.83373153867857,,,
Q9UII2,32.68868670129449,33.55659808001419,30.950766377090794,,33.471512474093764,33.767279527611535,,,,31.559049229027288,,30.502216752052128,,,,,,,,,,,,,,,,,,,,,,,,,31.372206183805815,,33.088135248972904,32.13841525439401,,30.01034409208497,33.246987040074984,,,,,32.877877991022594,30.87973057735156,30.78457949285759,31.177407878480846,30.87417550773285,28.298936178220753,30.688774822583824,28.63857091037306,30.84715929018281,28.23852736491013,28.624859005555415,28.481647061355126,28.610202802366427,,,,,,,,,,,,
Q9UII4,,,,,,,,,,,,,,,,27.961249757893565,,,,,,,,,27.10510780563011,26.437502305396446,,,29.439560930162653,,,28.541452645367034,29.431565664610787,28.433030611225377,28.667551677638652,,,,,,,,,,,,,,,,,,,,,,26.71347082284978,,,,,,,,,,,,,,,
Q9UJA5,31.04997893874308,,,,,,,,,,,,27.83510645505041,28.89457912766214,28.706347878231018,29.7390098468468,29.264907616402628,27.718754632088267,28.1573824994648,28.745417009558142,29.389881124273987,29.220245728289427,26.76111643268507,28.878088894016475,28.700308484237574,28.860268085076385,28.518794328305372,28.430938650233006,28.843248028022355,29.013833408136737,28.36906172125253,29.03371027417953,28.68317943408164,28.59749393091587,28.757293075391765,28.757771845304642,31.69638169293796,,31.646407250912027,31.15283003360633,,,,,31.741002095383063,32.410328206926835,,31.670164742104895,31.48819911315214,31.517041139502115,32.003769583112934,31.27242605584218,31.198783280229797,31.694661265235,31.411104934285497,31.28389270981236,31.338258545410305,31.050931877834536,31.557776269805487,30.806977138216933,,,,,,,,,,,,
Q9UJX2,,,,30.55556565010117,,,30.26603895107337,30.587070147273902,,,,30.20860903019518,30.574884705354744,32.15444562008732,30.143087284771536,30.390728861516262,30.492801060916804,29.76461989970757,30.46708496160755,29.804167019230523,29.73550682448055,30.738744064706406,30.10743968920823,29.81321108906353,30.823852221821987,30.949241057365445,31.39552247773928,31.28522758884726,30.875711794489906,30.921786601398242,31.389429949460787,30.070936571396025,30.838743368716575,31.55132687414077,31.2570020448608,30.005069896563025,,,,29.860123458985345,,,30.19488912604113,29.92237309466228,30.24102449726688,29.659883186662395,30.200718978722623,29.976226275702025,29.321918122888064,29.614009812393018,29.79482226677941,29.056736753585273,29.391308373016788,29.68759093063794,29.009204921294995,29.63401978163304,29.412411778860363,29.43410569571446,29.39442429078071,28.714381104496024,,,,,,,,,,,,
Q9UJX6,,,,,,,,,,,,,,,,,,,,,,,,,,,,,,28.757994230171942,,,,,,,,,,,,,,,,,,,,,,,,,,,,,,,,,,,,,,,,,,
Q9UJY4,31.731752105240606,31.57952216804591,31.74147424293105,31.652850957203352,,31.663201842343476,,31.512413870697102,31.235583884238473,32.04008641856704,31.714018477607503,31.909711935118956,31.639430592395478,31.56475093036004,31.615268729125752,31.612295956785218,31.548205961046285,31.48754508682201,31.647937672683703,31.69686465795523,31.290658694435393,31.299598197712918,31.245669449138823,31.418693718443556,31.395489059996322,30.636674644883293,32.0615768865223,30.89981459368805,31.74037125562666,31.81647714663225,31.661307514012222,31.580101970306558,31.192200118406564,28.626960727818155,30.342191550540598,30.244430187386897,,,,,,,,,,,,,,31.343166835967512,,30.396773243496423,,30.220621936625516,,,,32.10218810966235,,27.58223444473065,,,,,,,,,,,,
Q9UJZ1,31.486292736281783,31.633667654772808,31.522166575572225,30.92039872093067,,31.43455794652443,29.218912836531512,30.85985666902601,,31.247542332948697,31.42661953685337,30.855920552463342,30.160338295788343,29.608787994776588,29.313766076784034,28.99164879674512,29.30314137718715,29.484175473529945,,28.43103403878466,29.313593816613352,29.331652102245,29.63303234405007,29.221972124871154,32.30931436662826,32.63725428613653,32.69217508480146,32.213660908196054,32.554825979150294,32.35514266720003,32.58279172874981,32.22284339856639,32.4925879562664,32.63254032287487,32.37912217369495,32.17883862637064,32.34017596447836,32.42672273020292,32.41524018278274,31.91120206557861,32.33779055323073,32.31839437936293,32.36805970628085,32.30774153675405,32.1990193399162,32.353136357931625,32.37392377612346,32.008498371837725,31.975688612698704,32.047890267004796,32.04281321977719,31.74040185978645,31.920397432874058,31.85732376753522,31.883906693697114,31.69665972652073,31.827866650112615,31.750148329574095,31.948568319439666,31.401047807251434,,,,,,,,,,,,
Q9UK08,,,,,,,,,,,,,,,30.772652799199463,,,,,,,,,,,,31.079878666829188,,,,,,,,,29.663987030021914,,,,,,,,,,,,,,,,,,,,,,,,,,,,,,,,,,,,
Q9UK58,,,,,,,,,,,,,,,,29.347827355602547,29.49486648176385,,31.40011446363797,,29.61114410697496,,,,28.4727210097872,,,,28.051472130088634,28.01545358917108,,,27.76871317720595,28.674092720016187,,28.109661191424188,,,,,,,,,,,,,,,,,,,,,,,,,,,,,,,,,,,,
Q9UK59,,,,,,,,,,,,,,,,,,,,,,,,,,,28.011409183641742,28.235932779323527,,27.994722666890947,,29.009611072808337,,,,28.9467883359918,,,,,,,,,,,,,28.46098097797454,,,27.700839159619544,,,,28.302394111005395,,,,27.557309602658176,,,,,,,,,,,,
Q9UK61,,,,,,,,,,,,,27.64977352804543,,,,,,,,,,,,28.149542468523904,,,28.461829425495395,28.23612359419477,28.400403747303848,,27.89193884739576,,,27.602618855858534,,,,,,,,,,,,,,29.182600824006794,29.73412009460535,29.416723514808545,29.245764315030478,29.128676222453535,28.43117765899164,29.250528579252272,29.623914047077623,29.35040959395366,29.13964954853117,29.17305951289425,29.649258836316804,,,,,,,,,,,,
Q9UKE5,,,,,,,,,,,,,,,,,,,,,31.694055218401754,,,,,29.268571881825064,31.275467221380257,31.64621198103227,,,29.81615167315588,,,,30.7561959861013,,,,,,,,,,30.319545252097758,,,,28.61800288885019,,29.508093226261074,,,,27.220472651648755,,29.887288324577245,28.521595453195918,30.0109649961004,28.71216606810896,,,,,,,,,,,,
Q9UKJ3,,,31.05913367855099,,,,,31.29345370424491,31.17340967511549,,,,,,,,,,,,,,,,28.39902569805359,29.43182642213014,28.128711205370546,27.900093642474662,28.45127842101019,28.78919595338614,28.795495948498264,29.185277494727643,28.392884449456403,28.597559657253207,28.568758255617464,29.1371480012378,,,,,,,,,,,,,28.14605669460802,28.609638575485057,28.60764259482156,29.717029525510814,27.627391622897044,28.788546389686,28.495983265236195,30.663852471397405,27.99285666721337,29.776867148221253,29.639918707712628,30.50023462614909,,,,32.57933538406044,,,,32.33359119501871,,,,
Q9UKK3,,,,,,,,,,,,,,,,,,,,,,,,,27.782887454814738,29.835693621822788,,,,,,,30.956284795908783,,31.397003978792146,31.23924416009096,,,,,,,,,,,,,,27.04168409982906,26.529203763878765,26.776520875804724,,26.778965770427433,27.13652696661647,27.161150797366588,,25.57959042134428,26.9142360841043,27.02400340873059,,,,,,,,,,,,
Q9UKN8,,,,30.533418867078307,30.404499802497174,,,,,,,,,,,,,,,,,,,,,,,,,,,,,,,,,,,,,,,,,,,,,,,,,,,,,,,,,,,,,,,,,,,
Q9UKT9,30.696670926969897,30.90477557857839,29.856603674933293,30.520357520686748,30.85235821125911,31.044910103166227,30.61291417794303,30.587853023332023,31.1532874976287,31.158791703079597,30.482218807057524,30.633711963483286,30.928840844359836,30.968348585218205,28.895845980777658,31.05326297358435,31.31025004074263,31.230286341121147,30.400149636720965,31.07933220890192,30.59241956733433,30.417595805286386,30.059962795391694,30.796189194244928,31.159226471449635,31.095675655816326,29.90935004670126,30.689726912128155,31.116171733805608,30.879941889535324,31.081183817229718,31.011581046960035,30.572658857098755,30.62970235846687,29.6203461980548,31.281353995584613,30.435387131447154,30.47661593362654,30.198126803292926,30.123038728748778,30.110466282149606,30.339188245068783,30.30893629880544,30.809395854418963,30.56398989040873,30.204539423566384,30.406036727692182,30.11288694648051,30.38450688526279,30.175030201952733,29.425049371789786,30.734151147446415,30.36961191692515,30.576832130631537,28.96715614654759,30.402674181193664,30.843116975876665,30.44993600288471,30.333147440922442,30.71457147924721,31.561986033336712,30.711667453487966,30.015673450873404,31.126652528584668,30.85923306951577,30.7415019271285,30.36556260680653,30.65927646524893,30.940420585867432,30.66334322210602,30.512328705246627,30.70518984415616
Q9UKU7,,,,,,,,,,,,,,,,,,,,,,,,,,27.622505593392397,30.11584249856348,27.77713536244041,30.620936451790804,27.25737810702253,27.188688779785323,27.024254680259528,30.666917387865514,,27.66024694116679,29.069856802947307,,,,,,,,,,,,,31.365007770008944,,29.183258952460648,,29.445841046894095,,,29.657086769635722,29.58900844997891,,,,,,,,,,,,,,,
Q9UKZ1,,,,,,,,,,,,,,,,,,,,,,,,,,,,,,,,,,,,,,,,,,,,,,,,,31.006641441862122,29.930872357499908,29.686430885304095,,29.705154466583046,,,29.13728422709749,28.887357875131528,29.348673477989283,29.70132610478209,30.90781352693663,,,,,,,,,,,,
Q9UL26,,,,,,,,,,,,,,,,,,,,,,,,,,,,,,,,,,,,,,,,,,,,,,,,,31.300895874153348,,29.71562187572836,,,,,32.88874411425204,30.541044465994872,29.97614062047026,,,,,,,,,,,,,,
Q9ULC4,31.253460244634798,31.37334028839415,31.286270590710107,31.172625499666413,31.098434618633316,31.151523560463826,,31.09129354582424,31.792619290600225,31.330826111336453,31.369201945764267,31.265379691190187,,,,,,,28.81630058415327,,30.12334426607782,28.261664519756312,,,32.23449428064458,32.405692081979865,32.25203525775719,32.12880048731385,32.54250291769631,32.378033575611354,32.42365384239468,32.29046165061532,32.42788350164742,32.64330619610077,32.4905606899986,32.466203673424644,,31.225272760830354,,,31.143102417304224,31.532160344544053,31.026665929390973,31.13488318806819,,31.153286857074853,30.713229406493408,,,,,,,,,,,,,,31.49678984865252,31.31792948017487,,,31.331179998652438,,,,31.553248153656167,31.523640561725802,,
Q9ULR0,,,,,,,,,,,,,29.467336083331727,29.099121239024075,28.472056030891483,28.71471083385016,29.706113833283982,28.903090720495104,27.82692057568904,29.084757062478868,29.10258159510673,28.764723569928815,,,,,,,,,,,,,,,,,,,,,,,,,,,,,,,,,,,,,,,,,,,,,,,,,,
Q9UMS0,,,,,,,,,,,,,26.82262720805368,27.35434712862564,,30.836063220450157,30.3418356031723,27.815772395684213,28.363289186380143,28.009553385109257,,,28.372953940749255,,,,,,,,,,,,,,,,,,,,,,,,,,28.310850350405175,29.16933519685483,30.166481260583787,,29.409940422680293,,30.569630215457238,,30.97521343423132,29.710332525721164,30.231312756997163,29.617882801430227,,,,,,,,,,,,
Q9UMS4,33.016992193370896,33.11219276399779,32.84739772651904,33.14877540668534,33.17191230857671,32.973496379873026,32.7617951741478,32.99379492966719,33.08341255031447,33.08357501774256,32.95912991178464,33.16594821768997,33.338614516041446,32.74263795737836,33.3938898229739,33.665591523493795,33.49065707730037,33.327179142644255,33.316655378204594,33.461356443195136,33.28956077524696,33.64194591582711,33.19576186201462,33.590609726276526,33.543389578878674,33.65216282324839,33.80445946274592,33.67299920174182,33.54655262036691,33.666545884615324,33.58282577090177,34.03500129249649,33.56859577313718,33.73956708179852,33.486164097898936,33.66570827312358,33.7035423538003,33.604556761135115,33.46177937091688,33.704018071465065,33.65347037525068,33.591297626669764,33.56939836345052,33.61669188748138,33.62922863042874,33.78515137998991,33.20663618679936,33.626716202774055,33.56256050460347,33.57129135048444,33.29789401815552,33.390063471773225,33.66818502731467,33.537243268355546,33.35500449663057,33.332476067844745,33.600672966523845,33.335388078918726,33.42540341692312,33.519932036135266,33.202039499135374,32.95495062465236,33.247583065018134,32.990077865101384,33.356528528954016,32.927042891823234,32.91146624725487,33.353720696136364,32.96983460572528,32.835097124776375,32.8412627970068,33.51883502221059
Q9UMX5,,,,,,,,,,,,,30.537538085230945,28.749227648109553,29.591616645426587,29.36025202278215,30.339989706228206,29.6403760937703,29.905036827745732,31.959075920410363,28.78057771315693,28.647426294768316,30.11285607812013,30.408391267240816,29.068859260938012,29.207653643523454,29.49444151168391,30.32921124885726,28.78761094690995,28.984423642605087,29.2730041595644,28.7818648922774,28.53870552203312,29.195822267556927,29.87765023942545,28.176613847901887,,,,,,,,,,,,,28.881231717115735,28.36933517480891,29.913910392031255,29.83468319002356,29.043442626540582,29.132362631711317,29.46345014027813,29.744248909311725,27.819130742624207,28.87279878804403,29.141097882114146,29.66459537230185,,,,,,,,,,,,
Q9UNI6,,,,,,,,,,,,,,,,,,,,,,,,,28.672547317452924,30.672108108868194,27.583335751295223,,,,30.748090880563893,,32.59539132056206,,,,,,,,,,,,,,,,30.559440788239804,30.280144512619767,30.20853998476862,31.26822340731962,29.674843024391723,30.105130111833084,30.74697549662467,,29.700488857028013,30.499734099863637,29.82677670285643,,,,,,,,,,,,,
Q9UNY4,,,,,,,,,,,,,,,29.39301528943618,29.051898261797795,27.568802747292988,27.2761559645067,28.736565951725424,,,28.016954472746217,,,29.86910076185291,29.51742234429405,29.527803838465356,29.370652745265183,30.9969884349903,29.044193088451955,29.045236069365536,29.248506581942216,30.556686970479678,29.293772905633215,28.84516666240338,29.409478285973027,,,,,,,,,,,,,31.27250350388367,30.788565659920035,30.945026420097186,30.370490490378614,31.3124055841653,30.93490827676863,30.40061478974891,30.422305334443124,31.429977058390715,30.806089130737963,,,,,,,,,,,,,,
Q9UP83,,,,,,,,,,,,,,,27.409814729414695,,,,27.46271131041328,30.566199737624117,,,28.224432696127234,,30.675399628283813,30.575031388011435,32.13119812743301,31.604941204125563,30.976106587800754,30.904785082762583,30.70223576801671,31.757618430494567,30.561720451104346,25.93452548642453,28.751928830569057,30.446860420361258,,,,,,,,,,,,,,,,,,,26.3162894524578,,,,,,,,,,,,,,,,,
Q9UPM8,,,,,,,,,,,,,,,,29.85047195758017,,,,,,,,,31.754920030665446,,,32.03971137559423,,,,,32.31568857957713,,,,,,,,,,,,,,,,,,,,,,,,,,,,,,,,,,,,,,,
Q9UPN7,29.749963875318702,29.68120406471026,29.48621024071132,29.69138326248713,29.39349283842152,30.338736898947676,29.13350214773475,29.722951577762366,29.68109024195831,29.841969662592877,,29.690555576933757,29.326027282571207,30.031536581774347,28.377793520132855,27.55433089599813,29.943730297968063,29.911700304165674,30.04406594899564,28.638943366695948,28.106075421163812,29.937027096237546,28.990175934537675,29.642431331081387,29.72001300966251,29.385449973960082,29.229771787278022,29.887412431937545,29.982295812661004,29.910698461194563,29.8274835112579,30.04195807938,30.042848455222206,29.960999509447717,29.459849136412895,29.861169124944364,29.687061928973453,30.38542884919675,29.563222713550598,29.6321167199802,29.70129623355778,29.93762148244642,29.238380396902112,,29.593199663020794,30.13185248035528,29.591256886974413,29.705343333881828,33.89075043024678,33.298195659554615,28.962395376713115,31.68774464696539,30.41533615124683,29.902577353829482,29.1248151101322,29.539986955280728,31.600651003575198,29.83926394488602,29.38138977160535,32.734233996145214,,,,29.77651747161095,,30.10624384386826,,,30.07665464470792,30.13223074111575,,
Q9UPR3,,,,,,,,,,,,,,,,,,,,,,,,,,,,29.04993980988585,,,,,,,,,,,,,,,,,,,,,,,,,,,,,,,,,,,,,,,,,,,,
Q9UPU5,,,31.045976743459146,30.71891886584041,,,31.263804329477427,,31.13781446996825,30.875368653334814,,,30.33603085730519,30.578014391131994,30.531258136842787,30.757009548910087,30.873240658895025,30.16385168985219,31.79304235364341,30.42376962570896,31.03439905623039,30.868964393131364,29.20791880532788,30.657063305464074,30.54606887636599,,30.17620900315625,30.416542147761746,31.730572289069926,31.804073617421484,31.352445387803236,30.172507254177823,30.79370243980616,31.02477659417904,31.32359743775979,30.510514165641137,,,,,,,,,,,,,30.745525396237635,30.14568685847775,30.464409059993283,30.19267436783552,30.92836433710368,30.826794978247914,30.579224378290807,30.275505526473918,30.550841643867948,30.427658402761725,30.284445738386427,30.369939993366618,,,,,,,,,,,,
Q9Y217,,,,,,,,,,,,,,30.825632403987502,,27.008355795261025,28.03534329460015,,,,,,,,27.527971682122537,,31.067858751960223,28.53919152126805,28.427696448004667,28.06804666257958,,29.937284597890976,31.708568260872458,27.45351600434469,,32.10617059088142,,,,,,,,,,,,,,,,26.746047593997123,,,,,,,,27.089540382500548,,,,,,,,,,,,
Q9Y232,,,,,,,,,,,,,,,,,,,,,,,,,,,,,,,,,,,,,,,,,,,,,,,,,29.127845641316178,,28.44186398741047,,,,,30.024305376625655,,29.512857414965097,,28.602412399066438,,,,,,,,,,,,
Q9Y237,,,,,,,,,,,,,,,,,,,,,,,,,,,,,,,,,,,,,,,,,,,,,,,,,29.91828021658052,,29.75712954501665,,,,,,,,29.497938642404478,,,,,,,,,,,,,
Q9Y244,,,,,,,,,,,,,,,,,30.660861256576236,,,30.247009910656143,30.429444435435894,,30.607835884020766,,,30.658881397835028,,,31.39653077279316,,,30.508960451048427,30.5439476171518,30.383437697270793,,29.459063982789413,,,,,,,,,,,,,30.351219907392974,,,,27.80638797721775,,,27.940768192573184,26.52184291529935,,,,,,,,,,,,,,,
Q9Y263,,28.318930519695954,,28.190829836047644,,27.80480310481985,,,,,,28.13102641425375,30.02048689963568,30.65961416337879,28.31635191324956,27.795977464177323,28.609023185469987,31.1889049115941,25.218771469759197,27.072595148931686,27.55854296586578,27.819574214321314,31.005856888958984,31.535927302253548,28.198577422205684,27.51188670746038,28.445543017355813,29.746627245222044,27.294008675282686,29.370780108899872,29.8653966818905,30.283498248957212,27.688655694089153,28.708154584398553,29.70776318551133,29.19511515705442,,31.92554334743763,,,31.31017776411947,31.664672021655175,31.119955375854953,31.38680494566356,,,31.249346829058457,,25.823089808144704,26.610462095314002,26.142298946367568,26.39592611662304,24.498242785715338,25.749403595915133,26.058115955394786,26.53883256856015,26.30866364268733,25.857570177188094,25.935006416211642,26.1354123645456,,28.852821463278886,30.6012707757312,31.50987721852277,,,,29.035309292976727,,,,28.906258348889903
Q9Y266,,31.372966814072825,32.6809530023243,,32.10804995822553,,,,,,,,,,,,,,,,,,,,,,,,,,,,,,,,32.13224422371738,32.21868064065148,32.69118617467266,32.4681299043255,32.073837659816334,32.3191942040781,32.36271205942819,32.2214312093043,32.197839193104514,32.314050515189884,32.24948342980148,32.00327021326103,32.51297529058703,32.311267593559094,32.133839829012594,32.60050378577582,32.478608136571225,31.86588250510436,32.51391030990775,32.52809327194057,32.59637760779481,32.365446599185816,32.603708267347486,32.67358150293807,,,,,,,,,,,,
Q9Y277,31.9772847445557,,32.57657582804631,,,,,,,,,29.512059160381778,32.116938652341226,,32.33663973672663,30.817238860656957,31.70039921349218,,32.19201007043295,31.39565530899736,31.97333663938826,31.71833880157845,32.13213452148205,,32.25272287027342,32.72715563020494,33.44843797550181,31.753647737199444,32.24407566133566,33.12478223491146,33.36007807389993,31.855689056416082,33.16700998792945,32.40071443186079,33.44821276384214,32.550528011620045,,,,,,,,,,31.434802720397567,,,32.541787853514194,31.970547167823458,32.917856728225715,30.76599032851555,31.760790119095663,31.97582023443116,32.09848345138502,30.8972859255059,32.738052036555644,32.07955741009534,32.429818909116875,30.937125038381335,32.32562177366496,33.01013131429375,33.1039068715395,32.39960618231039,,33.09915969700899,33.07284071775262,,,,32.480315955783304,
Q9Y294,,,,,,,,,,,,,,,,,,,,,,,,,,,,,,,,,,,,,,,,,,,,,,,,,,,,,29.47441221129448,,,,28.272480845517997,,,,,,,,,,,,,,,
Q9Y295,31.45344533029457,31.459299882046114,31.593192904462228,31.255042596993473,31.36957109147665,31.693702724986867,31.64411739434411,31.33667518142392,31.402235472119315,31.590557634097234,31.563674205567988,31.27871502673444,31.325736880781946,31.85041602793461,31.760091852631184,31.62357951128076,31.19869957598674,31.62297958830009,31.33811994335127,31.147771881099093,30.505245851618163,31.624688086671675,31.07282945560189,31.5499565849038,31.488087869121518,31.79849834089696,31.681536863357817,31.66424504531359,31.616214279258756,31.73987626233493,31.680601301409027,31.46781611256399,31.551708449260577,31.66454769148262,31.49303736948522,31.16276228217874,31.60594390235648,31.591934766640243,31.442309402568803,31.695182979723043,31.458843433887967,31.494512251976232,31.97000445859094,31.663851211670092,31.512265596608756,31.390112915034372,31.528722302384054,31.28443256871114,32.35158757915067,32.25664414986723,32.36940929520142,32.026808026901605,32.564040313157896,32.36065943443534,32.4965631338695,32.50653086399266,32.2682825666283,32.33389856577903,32.33860261505755,32.37354499677527,,31.612244375894427,31.236931575321186,31.79291992190969,31.61947145136509,31.608377034625676,31.1956251579448,31.790654290401612,31.226524396402286,31.04250309869644,31.257434028558134,31.145537760083307
Q9Y2A7,,,,,,,,,,,,,,,,,,,,,,,,,,,,,,,,,,,,,,,,,,,,,,,,,,31.836252358822637,,32.55650605986773,,,,32.397105014884566,,,,,,,,,,,,,,,,
Q9Y2B0,31.366131719297723,31.40647871501953,31.458168722915886,30.926177036300384,31.318269217244566,31.62719125342938,31.59243404125795,31.09907895760398,31.588327745282193,31.57474237379056,31.31104228010944,30.64350339683795,31.411189432833208,31.762272353632476,31.782181272985042,30.429271961423453,31.27604584175904,32.04946867755234,31.55310049207461,30.761982210108116,31.07937548708712,31.07162024081082,30.659413802342826,31.38130845665883,31.537012977921915,32.28699179577946,32.119094914836054,31.647197002134117,31.739988195328344,32.05387750698863,32.16442380658103,31.41931997506665,31.91664737104254,32.30555443812138,32.10311585625209,31.728404251500777,31.730584965973133,32.06564923909721,32.1797250862125,31.53537693473877,31.596156535821798,32.045782105561514,31.60288924557426,31.456418533095565,31.841334783946333,32.13431435828252,31.60338935628895,31.562570782025027,32.0071530765094,32.46109759976767,32.073924411576584,31.60954552431751,31.55619077837724,32.422557746111174,32.267633771081606,31.6590566634964,32.128964105191514,32.58631674811455,32.34291067085253,31.697548291233787,31.136772305503357,31.723877048847903,,31.73780433808266,31.073014415748737,32.63573025443655,,,31.406660280237716,31.86634307308836,,
Q9Y2P8,30.512247637896426,,,,,,,,,,,,30.882893185064635,29.09340620588907,31.035168852011257,29.08323426375193,,28.70132423284967,,,,,,,29.261280918912558,29.876694854815206,,,29.148538111505143,30.42260853675255,,29.719588073831655,,,,,,,,,,,,,,,,,29.84594124054615,29.218446440813747,29.707454731347777,29.272155805530094,29.90628175421754,28.620997163996893,29.023603171297868,,29.878658843588322,28.637586300919487,29.77170808777664,,,,,,,,,,,,,
Q9Y2Q5,,,,29.19123842282521,30.194527931081428,,29.658790454591557,,,,,,30.468241188813835,30.47810633722566,30.50480782092042,30.637588595876064,30.350101133907085,30.573900835264663,30.51721121532461,30.2214768006689,30.449833966194138,30.561600221240614,30.46713885464724,30.546598085508215,29.49743272705316,30.310770180699105,29.828261392114232,29.650659854956636,29.227129053940384,30.07663772180262,27.882774530037185,29.88086818094045,30.014862684596444,28.757737782946325,28.59733145238647,29.814742194796803,30.62731269845146,29.58774133664857,,,29.558834786713007,,29.601968979749092,,29.939128012497864,,,,30.270894736950755,30.05891206877721,29.47782556263075,30.180193267240618,30.154334635782565,30.306766369628438,30.035994205515625,29.475032134230194,30.270374654801113,29.894231626544443,30.890737322479215,29.81415797509403,,,,,,,,,,,,
Q9Y2S7,,,,,,,,,,,,,,,,,,,,,,,,,,,,,,,,,,,,,,,,,,,,,,,,,29.062473800353338,29.008340163554916,29.01046208010409,28.52221818962876,,,28.951718838367,,29.229860378545517,,28.956437540625735,28.66001615072138,,,,,,,,,,,,
Q9Y2V2,32.62534292644278,33.273906872604506,,,32.591000687431396,33.16859446440835,32.43789084289685,,,,,,33.35196885340607,,,32.97804246254903,33.08828901295172,,,32.82762682388053,32.60339495464103,32.635170173073334,33.04620551765918,34.139633274937744,,,,,,34.00986051199083,33.57868284471492,,,33.94316145536299,,,,,,,,,,,,,,,,,,,,,,,,,,,,33.34998730179346,,,,,,,,,,
Q9Y2W1,,,,,,,,,,,,,,,,,,,,,,,,,,29.050311083868525,,29.504204771226963,,,,,28.345040881310123,,,29.126482234993745,,,,,,,,,,,,,,,,,,,,,,,,,,,,,,,,,,,,
Q9Y2Z4,,,,,,,,,,,,,,,,,,,,,,,,,,,,,,,,,29.36763730055401,,,,,,,,,,,,,,,,,26.75227865097617,,26.742059190919562,26.790656437644497,25.724060299935058,,,,,27.527407746580526,,,,,,,,,,,,,
Q9Y305,,,,,,,,,,,,,,,,,,,,,,,,,,,,,,,,,,,,,,,30.866953333972084,,,,30.604705154708057,31.67627970171355,,,,31.261644034746034,,,,,,,,,,,,,,,,,,,,,,,,
Q9Y333,31.636114127506463,32.24601872619412,32.03309560333269,31.51255660973536,31.37153397814495,32.17028944682051,31.931013032812483,31.480225668721992,31.707966599281907,31.159237365484866,31.329606374542774,32.231335841853365,31.393566106789162,32.283489648480185,30.149578046888497,32.08012118064542,31.84316509672818,31.413070681972915,31.71759075799408,31.62161745846709,31.27145415323287,32.13696847887702,31.557831095720715,32.17580320824204,31.636865497353288,32.402878714013966,32.19245781324084,32.29473880189578,31.712789571316303,32.85379613255342,32.319078106230634,32.49522878487302,31.929501457968193,32.645848084664145,32.37851385148249,32.271722841525914,31.46024424145165,32.40576431078013,32.18639331803909,32.006455549466494,32.193451948040256,32.37658957921597,32.13745007160125,32.13567623383228,32.41368323352235,32.14847541526429,32.07466026547733,31.58136782095877,32.38897490834043,33.104752443628755,32.62846728336247,32.341487610909006,32.224386373598165,32.3396790934673,32.6971300510697,32.87637876664628,32.83161932165975,32.51621767062841,32.63451594671003,32.391900667071326,31.32929736849763,,,,,,,31.22704308673387,,31.302206808009398,,31.593268345258487
Q9Y3A2,,,,,,,,,,,,,,,,,,,,,,,,,28.780278351318312,26.499884506406328,,27.33170867379847,,,28.568809914194045,25.364221887717004,27.28182413689225,,30.476576661178445,30.587358983675646,,,,,,,,,,,,,,28.44468096697688,,,27.480146885032163,27.036572999607714,29.204759574431673,29.373983791100517,28.918684739694132,,30.964948640243836,28.093276112022462,,,,,,,,,,,,
Q9Y3A4,,,,,,,,,,,,,29.736530504775285,29.061641555328748,29.422510208847317,29.060445025158614,29.74497951415933,29.344592090375528,29.091162508829722,29.053983245355724,29.530193629680607,28.90592980109166,29.563452204232785,28.968533637735586,,,,28.736924717467375,29.238554647595212,28.80175377824258,29.138604847286608,28.744409220571463,29.10754064895803,,,,,,,,,,,,,,,,,,,,,,,,,,,,,,,,,,,,,,,
Q9Y3A6,,,,,,,,,,,,,30.548450967017825,31.686963225298882,31.439270845613184,31.157750036451976,31.14109294329764,31.575253287866605,31.959399385333317,30.379246743030787,31.226735043698977,31.899443548055302,31.925639135015984,29.96569355925454,30.843676644592485,31.193429956390634,31.60225162883556,30.39964393836606,30.502182390935154,31.19963169141737,31.441356373227176,30.364755105711122,30.91508634322263,31.215481831830406,31.381290834297484,30.31774254283444,30.40771335789694,31.001368891415247,31.313903480822344,30.03694061347741,30.74846072823379,30.990183968638203,31.259308756125485,30.52269659001307,30.606355827821716,30.738068531600465,31.017514396527684,,,,,,,,,,,,,,,,,,,,,,,,,
Q9Y3B4,31.56095207128456,31.666971047099093,31.214204052942005,31.327543929922694,30.937015817741436,31.593902724159204,31.240301685837892,31.301978301705216,31.289138788107792,31.54948639217614,31.49547587143029,31.622898292605267,32.247698410775875,31.928892685926638,32.09432419819278,32.2985163726108,31.975674402916795,31.678499326563617,31.617457818891452,31.7423398369792,32.39258291470457,31.993659074675932,32.39672973736379,31.732702332226765,30.373916529250774,31.818742276718456,30.916228583720635,30.721277030745664,30.94454348329997,30.935716207918258,30.829070596345847,30.987788554360186,31.072612645696765,30.92686040561893,30.80545321542503,31.600770419684476,31.767343734093057,32.07973068969946,31.5393363784402,31.70025002382634,31.449510762100505,31.860428172849236,31.207208498700638,31.413488639505058,31.113786277068748,31.377817179560825,31.299396027543473,30.989882744667167,32.03386699697748,31.9421959164932,31.764401763988648,31.99755532091044,32.145108575865876,32.19103464912282,31.954606970333334,32.033111704175795,31.955921286966163,32.10465591662573,31.990456662900186,32.07579956462695,31.894622014737596,32.16743461197104,31.71830568986974,31.887956279778994,,,31.529954567608613,30.798943007760858,,31.85002095851363,,31.737554088180453
Q9Y3C1,,,,,,,,,,,,,,,31.4474933846753,,31.447831793514304,,,,31.535400875883486,,,31.603484738995327,,,,,,,,,,,,,,,,,,,,,,,,,,,,,,,,,,,,,,,,,,,,,,,,
Q9Y3C8,30.167925993066287,30.562008319427264,30.36904425428722,30.27568209476999,30.388487179077934,30.95391342345058,30.234838564134456,30.478993145745363,30.511308120882255,30.83098471845237,30.126069527888802,30.477412104126564,29.5089965409989,30.498332910557114,30.456449497211565,29.984401595578074,,30.54684898991261,30.119144788580215,30.30496468967966,29.739421255986134,30.576538735406544,29.890604643582943,30.018671953622924,29.39483326407669,30.64106380316495,29.948577938846984,29.548411221803605,30.319998109010903,29.878430575536647,29.65427863684644,29.225007481536657,29.86421755799474,30.169740615647353,30.467414118765202,,,29.862920560387725,29.790245601423305,29.44288940812837,,30.2558895884174,29.63832045509138,,29.67700579924675,29.985516398587844,,29.938970671651923,29.42363182587196,29.867164120319497,29.488051426987,30.004509358183988,29.46111212459541,29.919999926913395,29.75048317143063,29.622031764221774,29.447015199990933,30.037133605097402,29.860852152241563,29.98607069710392,,,30.01653640894482,,,,,,,,,
Q9Y3D6,,,,,,29.995583029203637,,29.506473722225564,,,29.668705628037472,29.643485201819338,29.34618403536295,30.172198265010692,30.12765008239193,30.283951772980533,29.748346817472743,29.964741272499538,30.234239232465427,29.951754890685187,29.788655398527446,30.098050531094835,29.859950040823705,30.344196790715706,30.587472415363052,30.964970805731316,30.927669737381937,30.754252764475407,30.590130823849194,30.80283729125098,30.921257709394204,30.75349692078695,30.759190684786944,30.991679358260413,30.572809017759994,30.767071453138293,,,29.662381615063104,29.554100888049092,29.116737314484446,29.968672621323368,29.466703182636138,,29.045167724115885,29.405715102742874,29.54953673727341,29.62720437656805,30.03587601878809,30.04651430784412,30.387704228387868,29.904424165093864,29.854934952580514,29.95848776337267,30.050553471739068,30.235807712191132,29.995731183746415,29.97058924707396,30.460883587258188,29.73681643315207,,,,,,,,,,,,
Q9Y3D9,,,,,,,,,,,,,,,,,,,,,,,,,,27.619887372314956,31.542566848731,30.534891937363867,30.694010334238605,,,,,,30.471051350657987,,,,,,,,,,,,,,31.082315702423813,30.409551278630616,29.432045641301137,,30.315578439950485,30.4723277596594,,,30.06708454579148,,31.218031379345398,30.29788798895668,,,,,,,,,,,,
Q9Y3E7,,,,,,,,,,,,,,,,,,,,,,,,,,,,,,,,,,,,,,,,,,,,,,,,,,,,,28.550191784600607,,29.811532240215996,30.52280250790674,,,,,,,,,,,,,,,,
Q9Y3F4,,30.998435392263733,31.542251396428153,30.590283517954624,30.271375414239603,31.419935354815568,30.5420322562344,30.35840227064068,31.16472713900577,31.035509071807073,30.083118033343165,30.1956292750872,31.47387173336368,31.68800325925451,31.522939265791898,32.00637343644695,31.741685033122405,31.803444179957683,31.935535805287255,31.87391088405677,31.768831491590888,31.901756154272277,31.953204818663153,31.98521665644106,31.698707697159865,32.019041546785644,31.854431635598974,31.908239961858158,31.807190473202475,32.04065565049023,31.992570458521687,32.08506174325516,31.597845038380935,31.827164562952227,32.038495252302724,31.927985205063734,30.96261925702334,31.19106422297918,31.622851520810308,31.81051581658317,31.254901001972133,31.47656734669139,31.054768531481848,31.339343400559265,31.131462568004423,31.05254399841438,31.300893678647164,31.810764792695704,31.57856055125533,31.561356789515486,31.787187603109544,31.839403809586557,31.541208835917253,31.779031449089704,31.56785411309181,31.64249607408932,31.318253924708504,31.324665927599888,31.3472295314702,31.543164659727967,31.396716179804365,31.11736165094934,30.49401234905459,,30.816863712613163,30.96400544784715,31.206484977230893,,,,31.611431257858914,
Q9Y3I0,32.4568212248725,32.74457978296319,32.967866767794966,32.72075652268885,32.71421550119982,32.54162707072255,32.704664767267325,33.14429087140958,32.66225483756603,32.98223473785689,32.853175659439806,32.85151690657181,33.51048948260948,32.4668724105384,31.90898024444381,31.084287789681838,33.67989402671628,30.864176340324597,33.03511127839719,31.160500761891697,32.45934070458903,30.994994897983148,33.851290571812115,32.71292009515807,32.70560353771285,33.09090434169204,32.98417088050899,33.12900106521896,32.61864748040997,32.285069134391236,32.827303685500745,32.28704973084491,32.63354489310538,32.1577133188613,32.716256597692315,32.961263030769615,33.328923824278775,31.8882485158072,,32.305250581069,32.51364426753301,,,31.89221586085708,32.071432352107394,,,32.362057894015074,31.928527482680302,31.83645217421398,31.979110211843057,32.20319194899654,30.92813094104808,31.683171393044205,32.14084156116508,31.951103218760018,31.778642591706216,29.711073780840216,31.89934547004757,32.2370179882798,32.112474091879804,32.250955935037126,32.2368021042246,32.21853437718331,32.67273499803853,32.974623192327535,32.43409536243813,32.37964958780527,32.64467233661991,32.75945520838636,32.516377589163866,33.214991963539454
Q9Y3L5,,,,,,,,,,,,,,28.3746215287666,,,28.30595493599423,28.245104927717506,28.608026326265353,31.325947999331092,27.86356911615455,31.94326932474119,31.931179893093134,31.975589380351522,,,,,,,,,,,,,,,,,,,,,,,,,,,,,,,,,,,,,,,,,,,,,,,,
Q9Y3P9,,30.232388398783737,30.254465175748198,,,30.424880034644925,,,,,,,28.996017150158856,29.38706890941526,27.734625861599184,28.476165441506144,28.432536763961995,27.824764762141847,30.737332786978804,28.35274525012417,27.907176041668315,28.694994183522944,,28.356261426048622,29.148769022851432,29.149686613773138,28.946234766071935,28.735859017778157,28.879611615109713,29.24552817698226,29.23027102425275,28.903075464133025,29.073452258041172,29.38005894497257,28.919716026704815,28.61068735659737,,,,,,,,,,,28.80229429467315,,28.81748639654284,28.30264014175448,27.368302244149437,28.82477634092451,28.42632982420862,27.63868947486242,27.208350853879402,28.145336521984063,28.18182090201707,28.302122994914814,28.460925063532404,27.978715630897756,,,,,,,,,,,,
Q9Y3U8,32.48751778914477,32.81358035346015,32.59800460839947,32.34429501150885,32.653138833939444,32.72574944042213,32.727477004473215,32.61734298713157,32.64254809940006,32.494171947468004,32.65998919683324,32.3109753927461,33.966173385985776,33.78497722423452,34.12163133414568,33.10421573569475,33.79070106471453,33.06126964823963,34.27441558548312,33.977025177108,33.14786189757414,33.41599333286966,33.158842251056235,33.489499686053556,33.116558194707494,33.2575044810385,33.188671921549805,33.24583932330948,33.034842037075485,32.92672933750004,33.29175349105581,33.07907563222451,33.107214381007104,32.994726933136725,33.216556689115954,33.108041556961524,31.85608432590214,32.25455288451158,32.02515886907293,31.78322895075133,31.796535652682806,31.861353757567088,31.859615898380554,32.15292131746198,32.22959160228587,31.930052885959412,32.09677487625296,32.3955924826609,32.95754135630893,32.80752945865839,33.09102602749813,32.96208576240922,32.924464920111596,33.06832004644423,33.18859359455395,33.123093940405354,32.88217073930903,32.934712776674985,32.910140199494386,33.00011006688017,,32.13183702750296,32.37171871627825,32.54918379710782,32.4974272790637,32.32537849118721,,,,32.50915042922781,32.839377240433876,
Q9Y4B6,31.02033125705771,30.87437601546535,31.24267520828324,31.180377811288853,30.844105023333018,31.125865129584415,30.793120291665673,30.54793023308154,30.73444533311588,30.817137598389223,30.855457233920475,30.569598496383374,30.619323374071563,30.860096340884,30.786570897846154,30.779750938482042,30.81282516432836,30.869060394445142,30.74527331863412,30.84419246428368,30.646264611271043,30.75101360352148,30.56566927774224,30.775175169112938,30.948424029918062,30.560392333496488,31.135953578751412,30.625182798825982,30.554922693523007,31.18193621385072,31.084401288262136,30.898321270116153,30.61754424038993,30.928719874552613,30.371698070736127,30.972862321108067,30.58099649073629,,,30.30083011447084,,30.785274347665805,30.73529076161023,30.54491395287141,30.669548076662444,30.735479365087684,,30.932024549782412,30.7566886286442,30.49815894075602,30.924848623279807,30.600898504803933,30.6531641851628,30.94868804766769,30.737493607540795,30.399086008002662,30.559557616847982,30.80277153933939,30.566737037792123,30.786970851170686,,31.54258864518412,31.297639403320332,,,30.951562668061804,,,30.726850125229518,31.41087159094284,31.201711812412924,31.123147403531433
Q9Y4C8,,,,,,,,,,,,,,,,,,,,,,,,,,,,,,,,,,,,,,,,,,,,,,,,,33.082521005828454,32.61799685509803,32.252762924153124,32.53059553429778,32.880721755798476,32.43844259768496,33.234588751119865,32.817376114007935,32.82871760426135,32.74292994554896,33.04268105385265,32.790353440012105,,,,,,,,,,,,
Q9Y4E8,30.971075508582388,31.151257641084815,,31.30197863163527,30.269844155744924,30.510391825016615,,31.20407969547495,,31.32057979840103,31.371234982613732,31.264563014141313,29.813868712080374,30.044415227793852,30.299936381981606,30.36284564065891,30.08525935008213,30.24129688561807,30.349043440243314,30.468904602859617,30.302184137302977,30.579793133663944,29.56727310594729,30.749034907504672,30.799034532588372,31.084598200913756,30.79006264444357,31.073839616286048,31.08866927411072,30.817456272736994,31.020750243806084,31.16144442271808,30.83852152593786,30.96788391441302,30.77398568930379,31.287805009272194,30.864563471150756,30.807074584674158,30.92769221346089,30.726550600059873,30.891938851996965,30.71987184572568,30.913464148545458,30.889447453434844,30.945324818185362,30.713936745461353,30.62236912803068,30.755707562048475,29.904165092843602,29.753041381368885,30.536310986172357,30.821599172115132,30.446967699167953,29.931634785269498,30.905870710814693,31.03234509451295,29.685478751587603,29.292256268057066,29.81962277887261,31.303205659129222,,,30.718523685459875,,31.569445143388528,,,,30.871174588725406,,30.834229125907807,30.657643278535797
Q9Y512,31.305837243356553,31.747007936371507,31.711472174198516,31.228280455406704,31.544016635428097,31.739458785473772,32.06796163684259,31.057105710890365,31.396434117353582,31.458521987145605,31.70554851397305,30.669996369839186,29.945417437373393,31.341196680277115,32.653704149929574,31.311922859864183,31.544794766440393,31.421623584728607,31.94273155636524,30.816789584901535,31.287949047059428,31.362747096955886,32.46716329355729,27.90318543346298,31.66031852297404,32.253127740895536,32.09963097912062,31.227215552593805,32.039535499295,31.84726702472936,32.35316064964387,31.44571344722145,31.68556754077717,31.9922946167275,31.804692700704173,31.341666937891098,31.2731998095926,31.159392731750287,31.482241010952478,30.611416268534306,31.40903073739876,31.264612892797338,31.384727524422402,31.23842638198675,31.19003963431998,31.38469761690066,31.61789576491404,31.237469989012713,31.805111936597445,31.52534721548121,31.27713634654892,31.140038423508514,31.213562322579147,31.41030063802576,31.77003359312674,30.585026278032267,31.494153000170193,31.261579001073187,31.37832581679413,31.269933802470817,,,31.179782251783912,,,31.574594665505714,31.358866716988373,,,,31.64699419308099,31.0609347060012
Q9Y5B0,,,,,,,,,,,,,,,,,,,,,,,,,,,,,,,,,,,,,,,,,,,,,,,,,32.6190103602057,,32.99120821035653,31.181953125415276,33.25730522586793,27.779879175580923,,,28.629840967824407,,,28.480625809882838,,,,,,,,,,,,
Q9Y5B6,,,,,,,,,,,,,,,,,,,,,,,,,,,,,,,,,,,,,,,,,,,,,,,,,27.475054839362258,,,28.013420392001713,26.902836723112017,27.0422462326609,28.794877576732063,,25.826680212937298,,27.26105659656516,28.168330474718772,,,,,,,,,,,,
Q9Y5B9,33.510710985548386,33.51904430414711,33.47682350690668,33.60820856360612,33.72820261112165,33.438851598948375,33.15501916462543,33.79442373350762,33.557655371439026,33.59171481244202,33.30582806160184,33.313251852064106,33.73691331079793,33.581610504103125,33.32326172605648,34.0921237514047,33.72583644110515,33.5489103044428,33.688492082038465,33.635120853776506,33.83481216381468,33.54140751858135,33.48232300121882,33.76631164724428,34.071585936060984,33.916175846049065,33.87642829875796,34.09876051071338,34.038479143633786,33.8098554935487,33.804173750657846,33.963673207259305,33.9940965019247,33.87636679706809,33.872000870924715,34.1338087299255,33.583531661930074,33.25845341400128,33.5113231302717,33.57617397366731,33.55989806245192,33.34827069963084,33.36072830576387,33.44392257166936,33.61060325238777,33.14695295909167,33.17921247408343,33.364407013383406,33.66262565640758,33.4008946557649,33.332008693340434,33.779735549347485,33.60165444454086,33.37681902640788,33.57632633213379,33.81953360373168,33.57410136622467,33.61625753173885,33.46941849072181,33.8860449806873,33.670174375845804,33.61324226613699,33.5690127689797,33.92063134773913,33.72294163384119,33.66835004284307,33.57605785420865,33.893297921322535,33.83353012814815,33.58914671037246,33.61087446580195,33.668549002747575
Q9Y5K6,32.46297847002188,32.45599686193373,32.07776416835463,32.56529171148774,32.47898979957787,32.5692879352985,32.674686922576086,32.72213365378337,32.15710421350019,32.55757205082384,32.41870631478867,32.50702685872737,32.61896991757803,32.84597761634289,32.90188809423535,33.36490357983627,32.77517420786107,32.95697266932991,32.65386262956444,33.21550098800058,32.39422034537993,32.78564499194209,32.83307940011091,33.43960387989252,32.53831199125839,32.74710899924535,32.57385666651466,32.92356709766214,32.26622240443026,32.865848938664264,32.683140050040066,32.902259640316686,32.558840298449326,32.354813573933626,32.48736512077661,32.964841094350355,32.445903504638096,32.496465696425986,32.645729937552176,32.64094454042571,32.298148407725286,32.41304338549339,32.34778334403504,32.8126679085667,32.07008946750838,32.605293814400845,32.36978231580545,33.26245894320523,32.87102844451944,32.9471254515441,32.77755568210339,33.46707264128834,32.99498687087821,33.04367922580748,33.07419647947093,33.504527496001174,32.864060116893704,33.08318083145152,33.012257331746575,33.402385408284516,32.74613255483956,,32.710185281449014,33.118483302984636,32.73198253546935,32.569400282800814,32.92342465118656,32.91903950215121,33.07948992045374,,32.465359348517524,33.11028253727074
Q9Y5L4,31.104438111694922,31.129259954871674,30.958150893428574,30.865927482568775,31.311135476869588,31.19438524108492,30.894007357630354,31.222138661322123,31.221589613005094,31.25028575852143,30.998693788018972,,31.741039748284084,31.715901800094553,31.688203421669126,31.80106930112034,31.84876078250357,31.684889982701723,,,31.83090683044582,,31.54151349064287,,31.845112681746382,31.610275209551418,31.63614418166923,31.624626610609948,31.71478430849795,31.66776341588731,31.606133594075107,31.605014402529026,31.75668985667762,31.568186738312765,31.589432246658298,31.74629508878822,31.28598274742145,31.230849999445017,30.980595253857704,,31.399144410426516,31.309373359891158,31.04398611669981,30.947289253147822,31.287575428450676,31.17006278136809,31.12693803211647,31.05174538909803,32.04946498995511,31.13844422020806,31.76517077433635,31.78273339168906,31.90258093823274,31.907226057186787,31.238347283817752,31.88421716578438,31.986245646434586,31.243364546879988,31.718084880708165,31.318829578527147,32.27097220013076,,,32.18842100206456,31.85964016008262,,,,32.225108640038535,,,
Q9Y5Q9,,,,,,,,,,,,,,,,,,,,,,,,,,,,,31.664166874658637,,30.162063712325303,,,,,,,,,,,,,,,,,,,,,,,,,,,,,,,,,,,,,,,,,
Q9Y5S1,32.66834753044006,,30.632265686691568,,,,30.64580724693157,,,,32.58765324213627,,31.257623655483386,33.59765578570427,33.5773192156861,33.07262777101673,34.37580818063069,33.481629684500945,33.36933166329365,33.568627845415925,33.805977712497146,34.40007476355613,34.80109259113096,33.61083842258575,32.48100367000037,,33.121713333672325,32.17233841555725,33.640642720805154,33.85005758580353,33.70113382144489,30.750746752999373,32.391692388199104,31.509155010067346,29.680287467315473,32.15925882494436,,,,,,,,,,,,,,,32.35874437355244,32.89427096801985,32.51660927132217,31.058645896379232,31.03896461759671,32.268125492967876,31.99474966479479,31.65302537463643,,32.33526464391186,,,,,,,,,,,,
Q9Y5Z9,,,,,,,,,,,,,,,,,,,,,,,,,,,,,,,,,,,,,,,,,,,,,,,,,,30.355641630798416,,,,,,,,,,,,,,,,,,,,,,
Q9Y678,31.724034665106338,32.01285910007675,32.122680380891104,31.77747419905903,31.80719495135143,31.951795285656303,32.06181684905969,31.991820207520014,31.771374412774243,32.219473747898896,32.24756236418195,31.987934224623757,32.29426871764742,32.373032287814745,32.49458310157398,32.495439127940784,32.045660722240044,32.75673869618686,32.66923916204243,32.44988243086635,32.23996934259017,32.61650910945477,32.620084047227934,32.172236234708365,31.98761848123379,32.47289322221954,32.42105047810976,31.92367920987527,32.108937139996996,32.30540102455626,32.70963038293223,31.97887173268757,31.92439832126273,32.43034738808898,32.67857683425791,31.90286452995928,32.35210155764255,32.615550228345754,32.399731658839386,31.926040363096682,32.096494615503026,32.534981291460966,32.31556442486374,32.098642833698214,32.23524767428735,32.14381095614832,32.393370817084204,32.00543236826307,32.34896281388938,32.6876487956,32.904648308199775,32.38841538197149,32.3171642196742,32.83557613630678,32.7021344473401,32.499876555282675,32.3432446757227,32.79052317017414,32.81489934611558,32.37085041594027,,31.992128568910307,31.98542148171205,31.72069405039101,,32.049268203855014,32.04600729429763,31.72802508698643,31.553291085597706,31.956829328204147,32.01178091127173,31.866156056151915
Q9Y6A4,,,,29.595256079709564,,29.08350857943955,,29.036643968447493,,29.13976451632965,,,28.39595257137692,29.014259354892012,29.402521194404795,29.609456479080798,27.542924115230505,27.346059992614457,,,27.240826678579847,29.435178187724652,29.0749333625404,29.65500587532103,32.21809516968243,29.150885291460746,,29.365323872715997,,32.12283076175275,29.017463761172888,29.330967625191654,29.8762401549277,,31.107390055582293,29.511525288427983,,,,,,,29.59658853103069,,,,,30.112230946705346,28.659460140811923,27.925155020538078,28.794637707894104,28.525946377676632,30.394228896621975,26.45067444049338,28.80647296552262,28.391670175593106,28.784483452882217,28.389979415412697,28.815272369653975,28.409492725055976,,,,,,,,,,,,
Q9Y6X5,,,,,,,,,,,29.50697494531617,,28.587220283616393,29.21738068105707,29.717449464726272,29.4733023641164,28.494231817184136,29.570940104620824,29.7841966313024,29.77219749004712,28.586494334684886,29.57060677632498,28.891558797853072,29.38667626796289,28.062714416543088,29.530856795491058,28.880274504631664,29.203073872014976,28.57684913448666,29.45823487439915,29.208992448300645,29.30663684871801,28.890662743800284,28.53573649998492,29.597545849487254,29.473160584682223,,,,30.082767670510243,,,,,,,,,28.626523872118995,29.190600226307033,29.117821578370407,30.099971351276942,28.614242202439655,29.47161403039265,29.85264561573169,29.438991834757005,28.38981075057475,30.02225892889458,29.867692329688012,29.364706102187334,,,,,,,,,,,,
Q9Y6X8,,,,,,,,,,,,,,,,,,,,,,,,,27.36692434682955,28.234398230378275,,,,26.713190966132586,,,,29.597791900041045,,,,,,,,,,,,,,,30.235249473022016,,,,,,,,28.308872129034114,27.983517108960022,,,,,,,,,,,,,,
U6FVB0,,,,,,,,,,,,,,,,,,,,,,,,,33.19925722304476,32.141274964914174,,33.6915252623415,33.19671820527093,33.88325235956623,32.99026611982881,33.689343248611465,33.26558670169474,,,33.69889303951566,,,,,,,,,,,,,,,32.6450086034357,33.43791869422921,,,,,,,,,,,,,,,,,,,,
V9HVZ7,,,,,,,,,,,,,33.91466219842112,33.980372614394895,,,,34.14969323645775,,,,,,33.94392398487781,,,,,,,,,,,,,,,,,,,,,,,,,,,,,,,,,,,,,,,,,,,,,,,,
iRT-Kit_WR_fusion,,,,,,,,,,,,,37.05829524975221,37.23242135785833,37.37925513124644,37.2406871540047,37.43446475644322,37.39520970765461,37.27889987445269,37.40761570748586,37.41792563799057,37.318739883367435,37.379352813921514,37.15312652511598,40.93832432612193,41.000588992972034,40.94022774038844,41.02792154191326,41.036513554081026,40.88231573721126,40.523473120012625,40.650571595275125,40.84905462300793,41.00569628906782,40.85218594674734,40.85892063473152,,,,,,,,,,,,,35.98905680520522,36.27555778996799,35.9304303320801,36.089699891195096,36.22413851544677,36.268851890326175,36.34475089767007,36.27078644795506,36.80310015590185,36.57205497493959,36.627031966798356,36.299244761604925,,,,,,,,,,,,
