ProteinName,DDAAPT-D5-1,DDAAPT-D6-1,DDAAPT-F7-1,DDAAPT-M8-1,DDAAPT-D5-2,DDAAPT-D6-2,DDAAPT-F7-2,DDAAPT-M8-2,DDAAPT-D5-3,DDAAPT-D6-3,DDAAPT-F7-3,DDAAPT-M8-3,DIAAPT-D5-1,DIAAPT-D6-1,DIAAPT-F7-1,DIAAPT-M8-1,DIAAPT-D5-2,DIAAPT-D6-2,DIAAPT-F7-2,DIAAPT-M8-2,DIAAPT-D5-3,DIAAPT-D6-3,DIAAPT-F7-3,DIAAPT-M8-3,DIABGI-D5-1,DIABGI-D6-1,DIABGI-F7-1,DIABGI-M8-1,DIABGI-D5-2,DIABGI-D6-2,DIABGI-F7-2,DIABGI-M8-2,DIABGI-D5-3,DIABGI-D6-3,DIABGI-F7-3,DIABGI-M8-3,DDAFDU-D5-1,DDAFDU-D6-1,DDAFDU-F7-1,DDAFDU-M8-1,DDAFDU-D5-2,DDAFDU-D6-2,DDAFDU-F7-2,DDAFDU-M8-2,DDAFDU-D5-3,DDAFDU-D6-3,DDAFDU-F7-3,DDAFDU-M8-3,DIAFDU-D5-1,DIAFDU-D6-1,DIAFDU-F7-1,DIAFDU-M8-1,DIAFDU-D5-2,DIAFDU-D6-2,DIAFDU-F7-2,DIAFDU-M8-2,DIAFDU-D5-3,DIAFDU-D6-3,DIAFDU-F7-3,DIAFDU-M8-3,DDANVG-D5-1,DDANVG-D6-1,DDANVG-F7-1,DDANVG-M8-1,DDANVG-D5-2,DDANVG-D6-2,DDANVG-F7-2,DDANVG-M8-2,DDANVG-D5-3,DDANVG-D6-3,DDANVG-F7-3,DDANVG-M8-3
O00425,25.56557129381608,24.66223900150914,25.09972243897836,25.88822127533541,25.43430526534832,25.11980292376773,25.60496426439416,25.6529401298106,25.693877865222756,24.866538025307594,25.14565545925132,25.580183965012534,25.28054594645386,24.90370438067721,25.257114468952132,25.28077001807325,25.5430820602396,24.754320222646832,25.62368878760006,25.5705086752969,25.286273077851856,24.920234612339684,25.81409050364058,26.13521534031708,25.85306011289673,25.28496072795128,25.641456030627555,25.718038028737613,24.813570222923627,24.7435668469582,25.829545193058088,25.779123935292272,25.21776862462254,25.28497298531377,24.92456652679295,25.47393485187803,25.302185160821104,25.42004418167592,25.30269501793581,25.76023252045718,25.334232687451152,24.88591976251478,25.01104665136565,25.57847593007328,25.19576711622345,25.00960615615565,25.49265727270297,26.11464935791599,25.222302255711085,24.925799836209407,25.24778508686736,26.105929616653945,25.39073652656561,25.3111925661073,25.260924190326715,25.987740765233045,25.373940236210945,25.181345622378814,24.91182501353484,25.611500031121928,25.359514487774533,24.965892408977485,24.93603072376888,25.747776308573904,25.81378717179407,25.17567091862541,25.29602994772885,26.033765575202526,25.16984410319479,24.836292317548644,25.388612493911868,25.47303274194564
O14929,23.03378624831695,24.112490394557877,24.003262541354275,24.35220516606045,22.99829701420509,24.284040850010697,23.84764845600151,25.70961043828847,24.037286530914677,23.557478061028267,23.20371950524681,23.88212844139766,22.807356763252777,23.385013795223376,23.082864101059943,24.381049653202524,23.18030720581092,23.482781961069477,23.22061577066635,24.157706821429507,25.777969131209225,24.053800843117948,22.91506675513112,25.86084554718072,23.53656057034794,23.43358850595052,22.826476919584135,25.52695572445236,23.11440966223289,23.534078759505125,23.801456699060484,24.63559958294583,23.324356625448573,24.214040471723035,22.943596498899208,25.690758072059413,23.55842528008817,23.793431870203374,23.65967707023602,25.635596716722404,23.412401361551648,23.654761916998204,23.587508949105583,25.699794281614917,23.886467514940502,22.782896551120984,22.836217897793865,25.002445417651785,23.759785445965,23.73402991792694,23.078200497111048,24.97955843397684,23.204194699846227,23.671140570285186,23.298771545671904,25.39645634623799,23.752033556454563,22.945442807129453,23.38390028653352,25.030441829041106,23.790473890123604,23.898237695510577,23.90821466682269,25.075565254685944,23.598966337439645,23.9088244745127,23.609431010578646,25.26814824264621,22.987306476719432,22.87278773236524,22.78413881946544,25.2062937421942
O14933,25.06898681058764,25.273992033058448,25.29558277097168,25.70967457950108,23.794674095587656,23.62397829582779,25.261453824771426,24.709514965974165,24.804430025334582,23.39029102141025,25.40282582844225,25.30374855084041,24.787850039606717,25.075519497939723,25.10815194146268,25.37977258360275,24.89334730763096,25.04347845495993,21.89520447821929,25.421378286043403,24.7030336617296,25.0325779157138,25.141511657927445,23.483323854991923,25.07383585197929,24.568418638178517,23.636052764043185,25.648434246294787,24.45389822832609,24.97699365631805,24.76375811791205,25.7137634694318,23.73367240558628,24.269608622889407,25.149290713570945,24.77655489025844,24.472748624002914,25.11609391773912,24.978411068140343,25.647254604905317,24.10401013736065,24.920901750464875,24.957669857308925,25.44367426419361,24.65211489728089,25.064772566267617,24.78473202447627,23.040124752527078,24.905952002083367,23.98501019981397,23.762559221384763,26.0390617239782,24.962900676337068,25.29309634138784,24.460328153302548,25.93291861222893,23.888747394755864,23.942357477296294,23.20447786361488,25.816947743497632,24.18567301199645,24.9525311602114,24.517852590398665,25.312188355821103,24.391422632766567,24.44557346853507,24.74655835025965,26.091078026625425,24.304910117853165,24.021239540954458,24.163469473424843,26.053024740001327
O15173,24.97930351237578,24.97801049450023,25.15425022376589,24.857592921959988,24.60583637887885,24.27590268258261,25.093829967681398,23.01999943565376,24.66087068239215,25.10699652333596,25.24648138906961,24.3271265138907,24.61489379682252,24.66702624635145,25.026200285180643,24.52371707077464,24.008025171294022,24.871199294508354,24.48678810324496,23.51411402021675,25.53517611829392,24.78068703427184,24.59193031748264,25.848034229683503,25.09918283752834,25.07392167858182,24.7841811031298,23.874965186969145,24.188745033938307,24.803739086124065,25.24003649536765,24.94236511007744,24.488826012097675,24.71194923344404,24.959950061329828,23.78537011531613,24.912803664876108,25.283783227896865,25.23886250171847,23.46275815061508,24.04717995988038,25.1225826245236,25.393487386805397,24.24291983591528,25.28450059203324,24.22710318253745,25.07634303998608,24.37299660698568,24.699328788374583,24.89012403465509,24.939651652468648,24.329989674906287,25.09001256020183,24.779237968598164,25.187985427049973,24.3748471009723,25.24814888596662,25.0420685792969,24.90608254632876,22.96086270435132,24.17435803805427,24.77178464254959,25.416482079634235,23.75148128695856,25.122110919560917,25.13727325822133,25.367470676603872,23.94638087586513,25.179717064660174,24.26529070826466,25.415739651275928,23.89347028522281
O15247,25.168952352067294,23.68182988478468,24.8158493818436,23.949337415601832,25.780231729115386,25.07530992610733,25.506113897377432,25.35953682283341,25.26896250971783,24.745966001373446,25.070384448038563,23.733727598486567,24.798445787587937,23.94468614015135,24.562440026364715,26.018761819891765,24.7662033033369,24.13917183524345,24.745010553060062,24.499081549794948,24.86830704033609,24.090225791606557,24.68876167148751,26.137494347285507,25.81409767342881,24.09616473237564,24.73066470152277,24.248329234890008,24.22226666820996,24.341281719552672,24.432756499415177,25.33205858870852,25.500580068057275,23.99804907492479,25.2676068177518,24.82589189071681,25.577176501077997,24.092042174149608,25.535232891094537,24.26439588652589,25.227599822997263,23.9180669590892,25.360933405964506,24.181627524766743,24.954696282038597,24.50360817744422,24.748640528224843,25.15918325359869,25.294258104337057,23.793459034726176,25.180647501170583,24.954897495878477,25.2418224349795,24.058574786979463,25.139948246277932,24.88416179646896,25.28069224862984,24.29657976177428,24.88007566162452,24.53255119114469,25.43965176540342,23.92648365558131,25.27244856132236,24.43465841501361,25.351771309737728,23.891942645656925,25.12207556396569,24.95612923851354,25.32967176913142,24.47320084062308,24.97549812220805,24.736010626734977
O15511,26.98587702602274,27.095811081701594,26.875735634468818,27.383924303373764,26.93978666103102,26.988765934707256,27.00805142852388,27.436655907073323,26.78911518440825,27.14571857828511,26.97418175655041,26.96740076981985,26.606627418717203,27.09271086533081,27.14875796437717,27.3294537023652,26.86264207739407,27.087299334590668,27.20685178295841,27.281676151774743,26.92087572777763,27.14996004325805,27.113829150133903,27.301908362512066,27.325770528499504,26.98468538018381,26.901576295442343,26.99483271535244,26.75835903819331,27.1106106171464,27.51573784042171,27.22232537610315,26.78781872947346,27.02524292507276,26.974879449597683,27.228296896467526,26.992840386135885,27.07548280650055,26.934104378629637,27.436765171401404,26.79251964038676,27.20430038449123,27.06992672414166,26.99736998105335,26.91340663627488,27.064903839639346,26.873964169070387,27.34301601405349,26.885626527016395,27.050244830365585,27.12030991773688,27.3966462339047,27.04076519878951,27.208699068877053,27.21275662875694,27.29378247076765,26.706973709016,27.087044019796643,26.793389939535857,27.29783408508384,26.724736801134974,27.15335368455368,26.89538982857487,26.938939244268905,26.95053486818865,27.246230758732324,27.113570544354967,27.34911531199599,26.979393040924936,27.207079327937265,27.029304808208398,27.166601550714983
O43665,23.509364876281403,23.56953511219135,24.99450848481377,25.862097604172053,25.18594919273181,23.90123636087551,23.550993579434817,24.47929109194988,25.045223368135897,24.65128392068232,24.674104191595383,25.55477760414728,23.961920066321845,24.047159652802875,24.555125440194324,25.77319032362149,24.8963281171209,23.94323169241171,24.62606136096733,24.679489824741857,24.89164867485601,22.96587834967973,23.80053075590513,25.45498006899037,25.017734749222377,24.166289397525443,23.32674253716393,25.69683957446782,23.7376793256913,24.13017083534774,24.167918543767723,25.806704069498497,25.4402974949746,23.8291362813349,24.638633171654664,23.863367383019146,24.81701728014465,24.358315444003704,23.74874061593056,24.65120504631566,23.26524376828948,25.19589870475808,24.74341819743833,25.55731586813352,23.658642895818623,25.37996815298681,24.85726135167915,25.08762685415974,24.41632133862864,24.211145446178133,24.427027026136333,25.080202683346112,24.243221043981865,24.39418820552419,23.998105463857453,25.13505383473667,23.859980449429017,25.605724851993504,23.692530770175484,25.168821947530816,23.914502526932708,24.808553497132365,23.00511664019433,25.62393490378934,24.766780501695965,24.101016293879688,24.58409464483454,24.77710384652625,24.216554943698256,25.27875123497806,23.874523625877057,25.65604133378584
O60449,24.184723223010685,21.417966492704853,22.86292454922017,22.44769901588594,22.833522942617535,22.548422604847865,22.754896237340567,21.78759618488428,21.981528020647097,22.59206877409922,22.93423723649044,21.932699705115823,23.41214018149265,21.186610425041614,23.101791409041116,22.993224856897235,23.275028208585613,21.108816574800677,22.13828995842612,21.09645565423961,23.461663853125177,22.63652305248174,22.35871779827736,21.741682534847577,22.314141671571704,23.304530830828384,23.29666737535791,21.311788285294565,23.332364938010045,22.960466702002385,22.333532066363613,23.32998518046699,23.290184788255985,20.821444330655808,23.088855648952407,21.60224875415709,23.960592474467305,22.8947761825707,22.380778432411017,21.52735990099072,22.602307800316645,21.45333568730129,22.686717949180224,21.449731874006783,23.097046280187843,22.545878073668007,22.78186964721264,22.36501849567168,23.244662602982064,21.76321490299929,22.370583707635976,21.722593291049037,23.37737073387313,22.13773201432397,23.03319740100605,22.018011361064872,23.12104815916,22.054950038915745,22.67491859086695,22.23199461768834,23.308964850597643,21.663842666072977,22.62304057840422,22.55364850738881,22.838306460220647,22.40817164042137,23.08177471746319,22.57413570304317,23.31348194427528,21.76694513500517,22.773178849864635,21.70243473165268
O60763,25.83342117613316,26.249787548036256,26.63828145824604,25.975339808711087,26.213482126620637,25.925919214498663,26.44710180687289,25.597819007189884,25.798084806766216,26.162595750896045,26.529436791228942,26.2074542226394,25.739757824596413,26.533840527873345,26.654884469779358,26.07104537622364,26.37566696903945,26.29201919511048,26.472796023932155,26.26136833570066,25.484803199417996,26.070594410227983,26.109429399961886,25.9008911737691,26.21729103115141,26.34722828102624,26.345230228275835,25.91733005695456,25.93877898174072,26.02586856142111,26.99477724472471,25.8331131069881,25.70721510229164,26.381647725160967,26.223356823309643,25.66855418624094,25.79240455213904,26.299020937070427,26.50744366858229,25.99114112686396,25.696518127243667,26.12986258917727,26.456396217212472,26.031983964692586,25.67389096261525,26.254175160284536,26.523795486593794,26.45720090067968,25.97297622547879,26.01149882165808,26.7428840606088,25.91695869823519,25.515862806120364,26.384964284882987,26.415090667435045,26.262586272800792,26.234829779797536,26.33285126829777,26.388079693663123,25.732331403464187,25.83151164522545,26.401809813055284,26.42698513163193,26.06963605196731,25.97960300517109,26.038143531125503,26.68275024242418,25.852913261893008,25.818653692112324,26.367250194653067,26.457258859804504,25.7874136256144
O60832,24.42157016574464,22.01879688214366,23.95205145380809,23.943751270728008,24.332764212257946,24.09134197525277,24.12072724710044,24.113905828319048,23.902331919087192,22.546330125924808,23.74652616843199,23.28295562447588,24.227275179649347,23.865117912549277,23.82380658425772,22.48468012701684,24.290916432876823,23.74545505721862,24.048736787042845,22.57389870416104,24.23061895077163,23.863904401029767,24.16313619187929,22.433385321073807,24.556119246072985,23.313985407962186,23.497378169896617,23.495613401793875,23.614371457693498,23.51174353068836,23.831179766938828,24.037873970760955,24.17330007172242,22.16259096343448,23.9327034350158,23.579609085821577,24.49720720395656,23.644880144270044,24.120540130478773,22.464197120342632,23.734433376587432,22.80304128189171,24.262641634152907,23.732993636242945,23.86296737059987,22.85825687329871,23.58637078781003,24.52057888639054,24.21588210824007,23.340897927963702,23.89652646950448,23.71979502111453,23.92994606146444,23.57621359815543,23.93039842462326,23.834247375278228,24.1533760131868,23.448595048402822,22.06139320150932,23.616461090113276,24.223233102731104,22.90882252082639,24.027173609668743,24.13324645107794,24.18950130080073,22.702775187761755,24.063276391754385,22.56425518184498,24.45077332025866,24.425874607214983,23.737574816363257,22.704312402390254
O75396,25.155901296138364,25.35048588343476,25.67894763695112,25.394850839753683,25.12951362165577,25.18227870712007,25.61292018572389,25.08795112212802,23.062637829691973,25.364407479639965,25.697211821533543,25.32837554771097,24.945947706466328,25.43577973337839,25.642817327663277,25.062479798861744,24.130376487392407,25.17656360055688,25.86739643376267,24.60181338649283,24.73721318808945,25.270102496175312,25.838265178803947,25.050033217579053,25.030069351373005,24.511303512446904,25.06457189180472,24.98748957180902,25.168816840741453,25.76206811117864,25.69100623597228,25.48376615487873,23.998913760646456,25.572764166283434,25.20879405621128,25.28851078494635,25.53325823950746,25.37581356845602,25.73670260577669,25.221645223353157,25.645559211971893,25.42400841954677,23.633928800991505,25.672917370874927,25.55231677899077,25.822755490452483,24.85177189725402,23.865740566087972,24.734194471358567,24.47625102263542,25.757524424335376,25.29655506703828,24.75886326832517,24.81048578662884,26.014306612024612,25.092570105844192,24.57648482743568,25.523538927655604,25.50836452524893,25.13578212855452,24.06337614541876,24.21586339851393,25.76981325162096,25.556608616070697,24.136964640181738,24.027100993375168,25.994314926653253,25.65668277026765,25.4592429307275,25.698922369193124,25.875979030627956,25.54316576074837
O75475,25.883152598763143,25.07015079119441,25.320258217248472,25.573017949897043,26.249833280398224,25.532870137073463,24.732823879006418,24.88362043511521,26.08298991524203,25.491984619623597,25.05146253086952,25.37466817209412,26.22344180174408,24.43349984690524,25.30812570565089,25.09648201671028,25.333716826943963,25.43207762847485,25.59515079864376,25.292897803159867,25.96224364398073,25.59651939446841,25.723947129982985,25.491198318886667,26.023453572103406,25.444738304291057,25.29312885415108,25.062419324517304,25.79349867396673,25.385012141924623,25.77512106831905,25.262710401942904,25.962807562962503,24.66095128452806,25.3276976188135,24.77877251376392,25.578180534737985,25.37029451233052,25.166333825733947,24.41612891693407,25.74371693138471,24.969702657025287,25.377202379708688,25.18381400229921,25.700883672061256,25.74968318690112,25.349181647757845,26.167903551790733,25.926004527451507,25.21456458455145,25.37113619530797,25.18322748167433,26.294063782103912,25.141347609545303,25.528468187623723,25.233147872527702,26.084245418790708,25.02454620354845,24.925618724422065,25.283824914163034,25.758441984983165,25.2389448882414,25.447941859550244,24.390122733757693,25.40930946863495,25.79859974998445,25.017348146349903,25.683541429662828,25.749272091368397,25.719013363802503,25.683288087867947,25.210581517920463
O75533,24.266464534840047,24.17410702964414,23.97224755176207,24.10319820368607,24.26811947641782,24.303848379480133,24.31692352797404,24.19833324397442,24.66187561692137,23.598041492281528,24.244982516250484,24.418249169523783,23.59213202325255,24.249539264450824,23.91886111720217,24.01853728941803,24.19355191922816,24.38440250969141,23.88346469037724,24.52323283781825,24.510844681279888,24.127468317058987,24.2984162472508,24.65020992246797,24.3636629531762,24.082722494645783,24.041156329676497,24.2053899543522,24.1769554101806,24.51133063214411,24.572363712817065,24.698395933215828,23.79686044514463,23.945034332763186,23.627122692357,24.690969086536715,24.297524244503933,24.18920763061723,23.932892890182234,24.378493751905623,23.90557519726585,24.56926949835243,23.959059868666834,24.22838444653519,24.667470454521467,24.180412628884817,23.655195954437573,24.61057464068036,24.72536921567445,24.531575651098603,24.57281365393101,23.648752816568106,24.737666633837463,24.691597689380536,23.381174740336327,23.74428484087773,24.6467575802986,23.77649246330944,24.558170424394405,23.72413588295752,24.335460312550723,23.164982400322643,24.19929094576996,24.3286391625968,24.6027522853762,24.32631910634869,23.68482218423952,24.54950480378757,24.585744536414165,24.15329395693496,24.140037938320056,24.431950306776013
O75607,25.64452826257951,24.55090153440856,25.47442272349561,24.537116616080827,26.15246512102936,25.03633869841473,24.770326195640195,25.38516055987648,25.023306313847748,25.379362079892672,24.816035644980936,25.30212428231236,25.195921730490504,24.760147098872064,25.39737227028569,25.635076942014795,25.52073635767737,24.9132319008622,25.2326182642997,25.137147706220684,26.216793141867623,24.22127473211961,24.72037370308764,25.362609649181334,26.30575733931664,25.01249836041156,25.393730666945583,25.03272504418403,25.44310554709396,24.3297311076245,25.34562608463854,25.09176520529844,24.74621094547654,25.15073379848352,25.23630572351243,25.142567853342257,25.632383683281,23.817640384230955,25.069003046104296,25.009572072281014,25.05364820007276,24.466514952858866,25.61396548951439,25.34987124948254,25.13520979346543,24.96939244816051,25.76244211440059,25.810708610778395,26.130183356122952,24.854443017075276,25.463192112782096,24.77181975417837,25.657597336633717,25.18168511964684,25.358550206367088,24.541458782954468,25.494841708212785,24.952874430521643,25.18652524662735,24.53439808774013,26.05584454716378,24.94604946143804,25.35021690003633,24.8303049344339,25.732609404278374,25.29551979198364,25.397679427302872,23.852482800585047,25.098174287681832,24.924223637437432,24.99597184765548,25.74015666945168
O75663,24.92474408956478,24.050623879955417,23.46272155347012,24.392748674614303,25.167536672739512,25.10386708189266,25.60782624071013,25.29125391549969,25.304240502269163,24.83452603743629,25.42573208476131,25.654428597140665,23.985574055456865,24.94974596950768,25.03082661334258,25.013123905463672,24.60745392049519,25.155320491834463,25.543849066895152,25.00102766690586,23.78206887090132,24.474885197587327,25.450937722255503,25.51502655967006,25.514752908329825,24.29596167267952,25.038919939494747,25.041624393416622,24.25955198599245,24.72029367494856,25.54148417716124,25.97539814565341,24.163959838927884,24.29187369037298,24.92621586023724,24.87106730317911,23.269958737434912,24.953195942399155,25.76483199797573,25.20740394251538,25.02840219918535,23.957121610838065,24.89575220691287,25.20013528637921,24.937725763136253,24.85404552318511,25.71352082527222,24.982707918579045,24.13273072284621,24.642745974560373,25.168138098554003,25.19455693678692,24.560364258296172,24.54709649910989,25.14970903716484,25.29716635763174,24.707623589038214,24.708286689524183,25.28669445888604,25.282701605578204,24.74954985040267,25.114341745445373,25.17174700811699,22.91787567260021,24.642675000991023,25.012893175177005,26.5285658766688,25.436318651367067,24.65456682832231,24.635484794047937,25.07518001712072,25.207589956454992
O75947,26.811632111746476,26.469436947539844,26.679752588799158,24.78593312760847,26.55090063034997,26.310188138694645,26.720907247613567,26.286306985235964,26.67914329623194,26.30159460038253,26.73413025038549,25.9590820466327,26.358374937259278,26.44293193231651,26.651586975786508,25.45353010012868,25.977074959121342,26.13788133734945,26.796956361845133,26.60440221264288,26.602106114447466,26.457744823943607,26.76069287229893,25.926853122282584,26.972869055254364,26.41536118110309,26.561545948048117,25.63713739089645,26.32461516513427,26.366458615938868,26.996430047121027,26.11725160272181,26.57234293799314,26.242336806459534,26.678143947044425,25.395211553924387,26.90166006325482,26.211651113352243,26.89646562735053,25.844965589002637,26.12448438061893,25.618490910956783,26.663173728639723,26.518370432103094,26.763251431006037,25.213372341750556,27.00745911213744,26.6696992115469,26.38079294005798,26.374287377114463,26.73272613576472,25.680259276801277,26.423855176254055,26.44303043588328,26.838611156241868,25.61339306452486,26.471429711598837,26.47779340714577,26.48446565010321,26.253985224118832,26.45538973951328,26.41422266229633,26.592879599132782,25.790602447760183,26.91017025662951,26.54822304539542,26.822044180886166,26.00555703193817,26.66819843341289,26.253356405574053,26.346798004950728,25.47629502056598
O94804,25.319336149908317,24.317075084798752,24.89884436803583,24.705863549041784,25.223871804649765,24.535341837919542,24.3057254409874,24.680424656176427,24.840481639299664,24.25099656476125,24.22681013380181,24.22010687823613,24.84004488300902,24.445749743068177,24.552203991737912,24.512538300824808,25.16308164587908,23.914660639124836,24.34276586431021,25.195220354446636,25.08709790223162,24.557704341445184,24.382333491518587,24.78771017072751,25.4918414072124,24.058074721464475,24.366868922345866,24.662597358237925,24.773949845447497,24.310559136266136,24.754179252634632,24.672156069647407,24.757612973897974,24.832805045491632,24.10348624303304,24.876506914986827,24.955034724250435,23.80099876311505,24.352953126873302,25.061928608458835,24.443310802882326,24.456279789094943,24.814167823773616,24.861409977276395,24.856225035514253,24.20894067373769,24.480286940934764,24.99718411826421,24.56995470546181,24.673054149181784,24.767833817963595,24.888345129265165,25.42008808147669,24.804724529958595,24.113414231522167,24.7740315577109,24.531058953807047,24.000682366993093,24.527497554070784,24.83035773709843,25.117618084248093,24.262371173612312,24.24474257060796,24.593209412161325,25.31321543356283,24.2086800474977,24.35761752730065,24.980514806164745,25.05337750602531,24.204897081492163,24.28628568206512,24.759437111809373
O94874,23.411176348227425,23.940704310483067,24.33764092456093,23.330910823762693,23.448095552585677,23.758623581766923,23.5956805447594,21.932932255586383,23.437956369014024,23.87677809489359,23.571651103846584,24.029709996477337,23.232395632788247,23.826528662039543,24.000578136924997,23.34385833991513,23.29538456112104,24.055809843695386,23.723866538199715,24.284345009669277,22.621051080155286,23.15895112298644,22.832617139592635,24.145850420619016,23.3113590275188,23.65238534181844,22.375212251262237,23.29007905561257,22.785495846539185,24.23868527792366,23.823390596433214,24.17222438396554,24.089679411381017,23.50498176496753,23.86253228832759,23.70845100207057,23.346985198165022,23.45284727219338,23.92091889431058,24.16034761504661,23.041590910079897,23.53273307374379,23.555314809648717,22.944476119802665,23.105442656845437,24.312064379927325,23.828105557858617,23.569398566459967,22.766254276802574,23.102661077192383,23.73813993047072,23.3764636418493,23.232374179133743,23.603967945959507,24.787121217462925,23.14897118695732,24.650618500809824,23.304319585879732,23.507772332011317,23.34698826887377,23.088045203749544,24.369063095214884,23.66539352834076,24.030556894978886,22.53485672983881,23.79252396268639,23.67550536435469,23.979126785894508,23.638232478260253,23.827952530270636,22.5478855976184,23.454892398251687
O94906,24.942053523555263,23.929350446880324,24.03977226625073,24.210773582652056,25.120844666633204,24.64319524244938,24.22682151088545,24.346172474696207,24.714366606755068,23.68436428988407,23.67579741074431,24.532541587164243,25.543106471933648,24.24941035028316,23.624062417177992,24.436604810995053,24.37378952565952,23.801695648831377,23.909224982504483,24.21420857116517,24.611556024549756,24.37109198561122,24.45148785988807,24.18641888358519,24.3355145790436,25.090936048664453,23.626137864354423,23.78545884633969,23.798385192423865,25.115948463878333,25.57937024077171,24.075566666556288,23.98065096131205,23.824738716814803,25.086367128084504,23.794988075086124,24.98538961675784,23.926298900517704,23.800673360290936,24.067195887816016,24.623446585554422,24.51911368760364,23.88867097360281,24.200972597583775,25.13449866996552,24.443761983444865,24.286517965185123,23.79259573152919,24.23925461859404,23.78501576242232,24.053686710770037,24.47651781936496,24.608066928391413,23.59079360476964,24.274176079479957,25.004405619496964,24.53182712836608,24.88527614422476,23.28814993700501,25.07191301776784,24.930396507769025,23.853584357054068,24.31974205112554,24.52466422784488,24.609426399051102,23.828395893220478,23.599861046397717,24.38720539685598,24.40211505733357,24.787890830166106,24.032366272860067,24.626377261539577
O95218,26.01031122243427,25.587781243753376,24.965615698671545,25.968137896958197,25.816563624405564,25.313075190904044,25.726172377916864,25.93898343910173,25.878574182038967,25.551873572337605,25.188036170209013,25.60749888362277,26.026611936030736,25.47470857046778,25.701884436987232,25.59596247026202,25.389176495371217,25.725707091017007,25.106287763496223,25.846823661977485,25.873429748114457,24.953263768985835,26.055507046230744,25.66052640333641,26.238627489252146,25.31918109130972,25.39833711678008,25.632425700832407,25.37528980219175,25.17753673749201,25.80386370773803,25.60909088894352,25.667270895080804,25.27189103970373,25.4816140285203,25.73773103186923,25.99502938747196,25.61675006864037,25.2398403690952,26.03612701833947,25.39336040230916,25.152975155569457,25.16456860839601,25.99504309550393,25.845575297451365,25.50816898031881,25.477306575963176,25.906246342418168,25.321339454115137,25.413765589720303,25.537027320328345,25.95370446873602,26.06401163206471,25.487740637019176,26.19850291720492,25.594888675720703,25.675980470392886,25.528728111077506,25.069862850077,25.641687865811928,25.90259233769252,25.02618880100989,25.451784837303688,25.94677921695175,26.075256532279283,25.457630207160328,25.52183089222998,26.05231284257742,25.73066467266183,25.070420534271967,25.64855574899329,25.514341588365564
O95747,24.08905194909043,23.438463841437308,24.081128773943323,24.334805008699117,24.15660352697781,22.67663611100771,24.473152975854774,24.83610109823271,24.607158155043013,23.15349421569277,23.76395802249097,23.866336265759987,23.939459224648644,23.86652553408359,23.254627043002035,23.948882050183173,23.955679293868123,23.581358849930616,23.632706058351584,24.972313609805088,24.462470558476603,23.37557148005648,23.64756392963421,24.57564876418724,25.04606997233992,23.76703600101084,23.41754042880563,24.12767694944432,23.948525365208795,23.486986525416,24.27172611872389,24.02527476394492,24.297122192754216,23.367992379813614,23.1506984114975,24.21813184423593,23.446861226420182,23.25760823328972,24.194244156909456,24.77135452355093,24.589078348956388,22.993053938977752,22.678160290589076,24.76934207182056,24.049744846400856,24.575299115074216,24.042735566436136,24.504269919404745,24.354339422428897,23.449630210827507,23.443405694185905,24.5116846782838,24.38835080545097,23.69404347435305,23.568343983774408,24.36368166933072,24.18763873557761,23.45556335662217,23.34507929167916,24.53319424374968,24.803680815643723,24.60958723152786,24.742423139700097,23.584924250620457,23.64290173962653,23.28890984373947,24.786681490303632,23.646927966385597,23.39302235396845,23.039882703432298,24.29297472797771,23.655498901799305
P01871,22.35482425640617,26.40712388077508,28.38049825037844,24.506021584563957,21.4187487651534,26.983009585852237,28.314446809943057,24.391578410832977,23.70031076282501,26.654780506129654,27.995288144436824,23.28452281876606,21.634494788985112,24.983227880661254,27.681310751695342,24.395076785927493,22.969743083392828,26.16747481955339,27.979578360280662,24.75978102111006,22.522161726803866,25.217369565574646,28.67003506451724,23.260590463929297,22.86258073391284,25.677910241221216,28.124329032207687,23.601219373240653,22.125589167624195,25.75180886251469,28.702045578504272,24.00239662674674,22.26988092243726,25.654472991696966,28.15910041366591,23.742205820020253,21.617612160045248,26.45536016674084,28.61895578324272,23.831065835417597,22.67072802333924,26.002338370801453,28.49904488877997,25.120156476954847,23.039695900062487,25.938563793101363,28.62680201537321,24.050200992957,21.72401545235533,26.236902328417024,27.84148523987432,24.1433346821998,21.335509493692207,26.278448664641772,27.89123885971061,24.451357537341494,22.57589628113118,25.57963770807324,28.182549552089423,23.855227585607857,23.389464546031547,26.60384640332832,27.76315716759194,23.177602627316286,22.810288638549626,26.79700074606269,28.067367912853065,24.678458624108544,22.734784843002146,25.49491069080164,27.795340651598607,24.07455057296428
P07814,23.2211773765958,23.15938475855922,22.96538039289875,22.6301534174234,22.48270663554548,22.079291615941266,22.083898062514866,21.704172723083445,22.45482957691108,22.531262686369598,21.757745796330223,22.25673389321909,23.01659623851584,22.81582172976854,22.68718162704052,22.122034387878767,21.96104955419834,22.187989891402804,22.82585336011465,22.63085056326303,22.661612350056053,22.105883877175323,22.35363320628934,22.160330625697995,23.74321904033406,22.078110330103662,22.058360331748368,22.041073013176824,22.244833771001463,22.30411110150065,22.55066804602875,22.709150930095813,22.672174114772453,22.222673908732126,22.579587744958925,22.06032591648041,23.08672949988066,21.56379094384989,21.708588616358306,22.84796311436204,23.008070135899278,21.67143942825658,22.864316008144623,22.82566089579213,22.641864124210603,22.738868128801,21.761434813373725,23.025083938406866,22.92756530339751,22.11384244430995,22.26242950171046,22.002229185019512,22.946486892035967,22.63563624120838,22.28786597388004,22.699140562313715,22.20392056533417,22.133899849542043,22.57601131985623,22.71206950156819,22.70325363264114,22.15029855477761,23.0430457278816,22.367320188930528,22.711741021921046,22.33344517494902,22.556326087173137,22.435108540954435,22.41197569562993,22.2473467660408,22.475448245910908,22.279953569438376
P08567,27.340809755066637,26.86507651751977,26.577271797826096,27.564588646437983,27.59442483566814,27.28921703075989,26.49856373350636,27.488695795245725,27.59580796801124,27.353404381284463,26.450756317038763,25.926869504060875,26.96316100106536,26.843824544056552,26.61903529937409,27.38349837359196,27.50521604090436,26.89696957833718,26.96585136048046,27.183651703732234,27.277962689510503,27.02748808814344,27.05451754567636,27.45109026065273,28.07131542694794,26.739030585357035,26.629732089531085,27.00678464206664,27.02414949349856,26.888887961411864,27.68930268201929,27.22627555995915,27.19075435900553,26.802882789743524,26.945215204427654,27.141090901567395,26.91449639412189,27.01295606743914,26.9665718116482,26.86144767597131,27.304404487421408,27.21989661644344,26.54458373483091,26.959702586818185,27.454837840899543,27.173709570590283,27.3539448649452,27.685007098689177,27.267535289374948,26.47975351811816,26.629214877676983,27.44980225132754,27.36004516255898,27.30477159001856,27.13340909866845,27.50059331159758,27.29923550173283,26.89027098948751,26.47440794748931,27.423460798275634,26.79895658498189,26.904748646101204,26.55777247254167,27.200415254558056,26.48147410745233,26.830294853329608,27.25347229041649,27.51494451089449,27.27110797414438,27.588936695476185,27.015643885230062,27.82046533532721
P08575,24.305945179112584,23.08715180361627,23.524071497813207,24.32786412371347,24.490752452489332,23.55086828431334,23.841457745265718,24.43878857308065,24.574617613385293,23.34505991986573,23.466912531020583,23.951458150992703,24.083281135514472,23.47774857223004,24.024779794948977,24.336054856448037,24.319505287752172,23.079773033556474,23.81137807037916,24.305812187217708,24.330176419622664,23.080550570313445,23.57831533831681,24.345491428921,24.63503064092278,23.28299518099013,23.634911064176293,24.10262307008001,23.80839689118175,23.363794098730768,24.509633834888305,24.32065796579207,23.977590572279173,23.513505949474748,23.684664367002657,24.098004092932555,24.090744296524825,23.789680032377024,23.549462810667173,23.977122471734784,24.14211186245482,22.861261076687043,23.81409694472637,24.357737205277907,24.61990434475696,23.14930853985595,23.81887410460223,24.34753394236874,23.921314121307827,22.935667631063733,23.54422685482594,23.895139912081245,24.349866497284182,23.82814941631347,23.898813557795755,24.48088225550356,23.79599661867503,23.81778999328976,23.440666572564588,24.79897664877652,24.565880263310973,23.632098371502284,24.059625545728085,24.577937628265275,24.36412148308763,23.35652875449809,22.985846359913985,24.2794084982022,24.0725674020286,23.584654856038057,23.474664139128844,23.63159142313522
P08754,25.759819205137028,24.994232749265706,24.95932134983289,25.47052043117126,25.79648328232354,25.392956472390807,25.40719408605284,25.13392950270793,25.51216064645825,25.41473774701804,25.33601429861501,25.3491535747851,25.25910400131001,25.069845701091083,25.235929884263022,25.233468446511267,25.58760725004732,25.31478738262484,26.36345294974653,25.300137657321955,25.431554208749755,25.0922462501117,25.43217942409119,25.38936317108042,25.77623075784174,25.25609962676793,25.013763559017757,25.03017929103875,25.18633676856973,25.314037454802172,25.71449220212792,25.64997887985006,25.630699777278164,24.83948989005508,25.62116316567156,25.55310672865154,25.091729265860288,25.326773123005943,25.225914098388067,25.483512618206763,25.2365178151074,25.38352571993001,24.71512865442499,25.44218139923433,25.546968162469547,25.519602782275257,25.672584241815084,26.044470944242786,25.48213929915196,25.10278877735307,25.121633037318084,25.48678482577081,25.75569541797405,24.99204961684573,25.348296136382626,25.29130620791764,25.95195045103033,25.12153529764555,25.42611331739289,25.540239441220283,25.00351484185041,24.844307801771382,25.966671082637657,25.0306885197774,25.6571175992138,25.35259790299022,25.45986344218828,25.437774760629058,25.78775265894173,25.118077597907547,25.451647081045444,25.33668967034152
P09914,24.59996721935247,24.59296803151365,24.56406118805377,26.58278099068488,24.91934471219261,24.816839054299564,23.99927367574662,26.45644658332454,24.675806611798382,24.292654433687584,24.482214572192195,26.509953896490927,24.59078201451686,24.32139983533704,25.700695325672854,25.57124160082544,24.70652543346465,24.13379253249065,23.59358784336621,25.65375488429163,26.586440446913866,24.895289804685238,24.174070488477327,26.138482574179257,24.960351956254197,24.384058259243957,24.27576718857823,26.16925826600976,23.82825998337221,24.950061718049803,25.18974219146117,26.51930113802999,24.47293687377136,24.461460726283786,24.1932227010958,26.37430174607228,24.609308346550904,23.85386445776036,24.13179493726938,26.53844288396259,25.868064847286654,24.833569715872983,24.11633162918213,25.976173539338443,24.936668360735823,24.76140724413424,24.12293990448047,26.56265983542722,24.620204329329912,24.068241892045275,24.216393778548603,26.2413313246856,24.778116539700488,24.20816797914029,26.155996822569247,26.276404328417463,24.37097519086513,24.31119970531629,23.972769657000367,26.1919678277132,24.71925365140004,25.265796385786672,24.278502661029798,26.2647036635268,24.7529551234062,24.66895122949009,24.0279122774518,26.587190333142228,24.79613821875399,23.736407294356862,25.10666135462254,26.127421199917936
P12270,25.153307940621616,24.80126906116648,24.616644718408832,25.2872772955165,24.981451299985128,24.651228099880875,24.61721488919624,24.769322183882988,25.037647000203748,24.336140068897432,24.80000244914381,24.679811222171885,24.90146164491656,24.668972967209385,24.43921023893244,24.924838718315684,24.969466387786657,24.86025632137392,24.4793286074767,24.975255063976853,25.131166424149768,24.517059491808617,24.85215474859377,25.31978013677744,25.439086893824804,24.42318603117921,24.716123694893263,24.92115788078325,24.61027296632067,24.67749952815808,24.89581365182473,24.994468786767825,24.957133230640885,24.48710593019364,24.63014272911401,24.94240968655759,24.964267377280027,24.803975491015134,24.673910037534046,25.05478518267734,24.872202210068203,24.682468683422098,24.502662954466015,24.87538690060533,25.117317412941187,24.482701567278102,24.83189026982034,24.99454951538344,25.08553717052556,24.39775871102056,24.55653474393468,24.866837380791495,24.938750012326263,24.728249401947863,24.909805529520085,25.3359970497946,25.06436648886844,24.686267134375317,24.54254221017549,25.039953390431016,24.97077748262568,24.85282062585575,24.68134132065155,24.801616958744575,25.024250049653364,24.313971599204272,24.69969090925408,25.14802621095756,25.037376719537814,24.82092183933208,24.61424982580054,24.916132250115545
P14854,26.7265658594474,26.71614070455932,26.46098168473964,26.74253348646772,27.50423740497452,26.65818740819678,27.562561018594856,27.572644023105624,26.527172982495024,27.365386681134595,27.19775977565213,26.70884171261432,26.036807505566383,26.198455614020872,27.11165696667089,27.14068194448096,27.0392134183709,27.13106366656626,27.32512400993962,27.28020868536733,27.13341225172157,27.16665595891781,27.27126480340958,27.3510692274856,26.85284924012608,26.946766072124447,27.408108745571724,27.29674152512292,26.77376089001449,27.276544959100125,27.71744564809365,27.043868430069544,26.742808243299557,26.951976716296407,26.419906306448432,27.140666966896333,26.714185324726493,26.95765800642912,26.43448001362395,26.78871138794412,26.834185645387628,26.91360152113921,27.32938443956262,27.32345528020927,26.856616238356303,27.223827430655344,27.45845002937072,27.18092041126073,26.37938651861547,26.53898924043784,27.147845335707878,27.01564788240068,26.961944760247672,27.18559715769812,27.32342446644242,27.24706725458565,26.98221642177595,27.107888938465678,27.13916265955199,27.247494734045866,27.431547770839146,26.649124867199458,26.98818552318218,26.606085297889752,26.822028990577397,26.720065908977144,27.05910492682564,27.5471817149208,27.088926039564907,26.801984784201363,26.956531905278805,27.439583328565597
P16401,28.424375986952967,27.888082811476604,27.56616244429579,27.638982036783148,28.114124121447936,28.15458401603161,27.30895396627865,27.43593364703506,28.17511430257371,27.78286238951767,27.09026426261817,27.59819603150241,28.09272810452166,27.892434154985647,27.022171095458862,27.33008137045946,28.135098641384264,28.181460558783577,27.58720871064013,27.515062576104803,28.24239872695954,28.24360657486714,27.5268406161016,27.70833327002193,28.67624427492284,27.851919454218372,27.28939689552057,27.37803332565304,27.99651784406588,27.92506894930999,27.950108208451148,27.57141064511395,28.016775749748472,27.88021673821765,27.33555588589785,27.53200752493983,28.136458260428583,28.010233260205304,27.399254978866537,27.51996358825217,27.91417262992173,28.138159231415752,27.668992071925963,27.554028050152848,28.247092518331435,27.90338532953096,27.328524869467923,27.194736303178598,28.194382081569756,28.00847544801569,27.302163869384177,27.554093970505928,28.28109858310681,27.927271007516,27.46572149688505,27.36171852142837,28.24859923152989,28.09184997560411,27.173681774596524,27.501261076187205,28.163485519673124,28.043451647534983,27.22579453510183,27.437532280590084,28.19270635269365,28.01071626176492,27.3806717162559,27.658974174836032,28.24618015371676,27.96472174257843,27.40469158794308,27.43772546795563
P19474,24.8206170923508,23.88249822379515,23.580509568486747,24.19900521160034,24.57969887826741,24.683574971658015,23.64352243195528,24.09191521412757,24.61503235783061,23.98296480683129,22.63190307396957,23.49044692847855,23.42286858204057,25.1570021880732,23.55994915125472,24.84610921251265,24.64430589732775,23.60334438854853,23.586986098318278,24.675936450708026,23.479848613263425,23.24417057201763,23.19362469085584,24.49216360532856,23.667304953562805,23.68042421659532,23.285003619889117,24.607868184996097,23.415672883841395,24.260370545475105,23.895738497839783,24.87225835332002,23.576062281834577,24.42245018032752,24.06863808709799,24.491180422131038,23.11493287152229,23.340698066976834,23.183653334921274,23.62903428961577,23.953004733784404,23.46116964733029,24.29631491792164,24.812603377692867,23.12518033007541,25.07572873944372,24.583619972910125,25.19985751501404,23.584708440974094,24.544046421128414,23.16107156359997,25.025224673410158,23.8399814928496,24.03830697093232,23.85162220508644,24.378246823091352,23.655875753424127,23.90967374390569,22.86963905953084,25.03428806725375,24.232830234195788,24.25080421942762,23.97590571328151,24.20319698774543,24.49695416050718,24.712065500713926,23.144955118234503,22.59009113043385,24.215744160962405,24.43793744119339,23.068616157374624,24.907809472239524
P21912,24.95521498867597,24.48763368982688,24.78849083321813,24.476143806546062,24.06679189685104,24.54971771177425,24.8428538803161,24.035082455594036,25.341682129682557,23.9353947134569,24.519494068581963,23.68686417205248,23.86475480095551,24.443641804382995,24.37035995902316,24.289574366113083,24.272929333418865,24.60713697269289,24.929253611712586,24.14828264296772,24.36477404473562,24.92355561104304,24.76500934829254,24.70058740971032,25.277945264714564,24.21499968569103,24.537307165094845,23.916368020482835,24.256151336874503,24.49675933921681,25.192713313406667,24.102919305000963,24.494947359816788,24.33203622890343,24.87185474194583,24.026132260928595,24.823548756253157,23.98837098317935,24.5781744000864,23.9286224929142,23.404122642113656,24.65838577125132,24.901488678631637,24.28805577227706,24.81341087090999,25.047910377759163,24.738237352627312,24.28869447923856,24.54209411876245,24.410672204363067,24.734471235900124,24.161850168939587,24.7874151127117,24.712234645923164,24.7968617582508,24.07283889250497,24.665716956544085,24.55444078027212,24.717207601253197,23.38946082659029,25.36322229613627,24.665775855690995,24.996541052177868,23.61286829033976,24.128147129519935,24.826774328068677,23.92172325105974,24.19312109488936,24.26349032293486,24.867864773477187,24.97163462662167,23.524842660643262
P23610,23.12627962673254,23.313976788587503,23.8665922883674,23.488753947457187,23.703078153455117,22.48074745819656,23.04971802625421,23.365139607334715,22.353523397757417,22.39323514652769,23.497825290137904,22.970863610002453,23.46158745161767,24.747379305334487,23.048752364803388,23.67820530150805,23.865548553282185,22.47674453442433,21.304194756526684,22.01459807541437,22.89773483123096,22.69869082593093,23.22527808699788,23.726617485546655,23.849100601503324,22.69407166242468,23.64118072222185,23.69538525733626,22.27575578572968,23.56125180956425,23.044312085871685,23.511465894809984,20.2950977578015,23.54624090696702,22.42939331392807,23.68411104360028,22.64492491097509,22.27610192571641,21.861243198391488,23.80009831183605,23.044407046930864,23.3476454629941,21.97628718785149,24.52694873837123,23.05607483845897,24.08213523740833,24.038442869065545,23.66421248427374,20.87462724964305,22.4136174974188,22.104969336863554,23.492017240658736,23.361262178490577,23.470039021272264,23.788033304837864,24.036925945914632,22.84484716506907,22.584181713830464,22.77795393615142,24.76813456306988,23.550888509938712,22.732719387110684,22.97955510576733,23.72687553258019,22.10063284859197,23.434976207482503,23.44438088601514,23.52193903329142,21.89714402827583,22.56608713421392,23.313067100783396,24.329447268199598
P25398,30.77231667030736,30.88166736615628,30.781975640719207,30.96454099171503,30.7598897459111,30.822277051836146,30.91588523962048,30.70809516942936,30.660648660113285,30.637496660670926,30.5204808186966,30.517002419802804,30.524537825691517,30.57649493547137,30.935913781370385,30.830096887566288,30.9077900904067,30.851601316292182,31.004279262546515,30.798740488119844,30.62160548986069,30.800148012318004,30.929009759318557,30.77870206004568,31.103467286821022,30.649401691668377,30.60973126430901,30.71430041807422,30.607921875174867,30.69239368205187,31.183503261221095,30.83054023380991,30.60010499766521,30.663009532842388,30.74023644276821,30.77194456290001,30.602350389687714,30.750806833669877,30.680516635119776,30.49359400972863,30.461925072494104,30.49620701042178,30.800447777391746,30.586611759024567,30.85536994212811,30.79171548195944,30.895093447254304,31.09824173944782,30.76344551818289,30.47163281011612,30.92648374687725,30.98095447744452,30.784199798070684,30.58278898922987,30.994375699117395,30.75446336814956,30.72797591203488,30.944761823479396,30.66886631180076,30.81445094697313,30.63891279746774,30.807484016764008,30.773937704807228,30.75885524455214,30.71155767539093,30.78645609334504,30.86989788597668,31.009709897537192,30.95332147906219,30.597856276275632,30.547659291758787,30.69605909268409
P27694,24.93317781332261,24.85246438814427,24.534128292534103,24.04937514750869,24.82580354598668,24.56780591657616,24.514284610662923,24.52975220067147,24.65170004926011,24.47180177359161,23.911572542945397,22.301017204120104,23.97770257620927,24.735500231639573,23.229376584518043,24.70712428608584,24.50009429076385,23.91831875920961,23.94893615800728,24.358852180438788,24.58695767035587,25.008652898242044,23.909765919017303,24.77887587452894,24.521805967636958,23.83516483932652,23.614000835816885,23.72756838331974,24.964348310650088,25.167520897402817,23.988384741764406,23.741158519023,24.055706712762,25.067920874619347,23.908471982614984,25.11561804580423,24.893004949584725,24.575508052989623,22.42337174624736,23.89234875369076,24.20850283670724,24.07237639963888,24.123980236512736,24.44520742918626,24.835254144457608,24.59864921907376,24.308280883356836,25.26258599115528,24.81521381695699,23.77187308428152,23.387753836300124,24.21152466960906,24.21300270678526,24.56824945496196,23.513333555045783,24.879093204939664,24.94464780717635,24.771588511093995,23.812108855042123,24.85962894880386,24.83058369821494,24.62602719676012,24.072630219449223,24.292884661800773,23.48058888310843,24.56354830656313,24.60825116826725,24.525636901113693,24.09218690284548,24.778512128397832,23.526339690370968,24.74355176964001
P32929,27.65704307470027,27.292150600140825,27.2660752143374,26.639199943070448,27.479438441033626,27.305866172912275,27.14610939748736,26.657236267402837,27.622997365396987,27.047088323682797,27.189089990399747,26.637831716053977,27.496231334551688,27.31794868190716,27.191021726329858,26.6773987846115,27.65333971722,27.075672360405736,27.408243662356732,26.40024114886005,27.47921293848056,27.277667547180982,27.450412063174937,26.8759972362752,27.91871094412409,27.062915360715294,27.18969591132163,26.667379421769613,27.35209480680672,27.114158457910747,27.77093654018453,26.878115572695823,27.43290671867593,27.06116285629764,27.282566785127543,26.72361655933916,27.607396568271927,27.310955195238563,27.38998712543324,26.51209308823364,27.203432703785506,27.268473336032237,27.06676115605837,26.93249346192327,27.69658078398419,27.06380297926568,27.190834895377947,26.670984035337952,27.67667329828159,26.867080346419957,27.400280091943664,26.853417342648235,27.560175183342142,27.178454043702093,27.476048822500623,26.619574045901857,27.51622695258805,27.21526315071352,26.898935240558203,26.942429267199746,27.55096712695138,27.27225721520924,27.18161520925329,26.34530704835108,27.54978928895116,27.181179519715837,27.139886666354165,26.947739703768956,27.65974972969208,27.046939001940995,27.31721110448485,26.668431985629816
P36551,25.891315130744196,25.532676569468727,25.80544600620813,24.956864413235,26.00388801124372,25.924097193334983,25.67571641744208,25.878014326464463,26.114065874660763,25.82785996046224,26.134375647306022,25.91473059457692,25.64090779252137,25.43136005330301,25.64983158771077,25.80327830198845,26.26605124539568,25.989551723200385,25.6648592622786,25.577844960957524,26.286406213439182,25.93001093405185,26.12130267126897,25.723721911389053,25.868157970199807,25.674803709609947,25.921572996935343,25.68294431721087,25.77502870290865,25.91953321256856,26.604947627627183,25.91680116116897,25.82045946321612,25.82564640827437,25.300433709639016,25.68710759972925,25.94992843478909,25.720989518688096,25.87596514971055,25.54831672327408,25.58406750652835,25.51919998900885,25.778114215119988,25.736760473048317,26.03631092464558,25.712189640313312,26.166024489574948,26.29983538808956,25.82017268546444,25.526471483521146,26.14668644706735,25.66452711853774,25.97708699928536,25.81667097165334,26.279340594945463,25.526143538495376,26.121135552693097,25.66706831294269,25.709522047701675,25.800850037077623,25.658421498302275,25.813163573159887,25.683859482816963,25.6728017198154,25.653086204255715,26.3759071335855,25.79271915610409,25.7338963264567,26.1238326699087,26.020341902754744,25.144561886514328,26.083609380969715
P38117,27.852781438721887,27.600909800163457,27.648922551781794,27.72481268353725,27.680082901103415,27.168035936841346,27.466190376347328,27.44365883965649,27.57751619369404,27.019416721124976,27.475334613178816,27.420351434811828,27.69092785613844,27.49307843898582,27.771612934689774,27.76684149618844,27.320221164593125,27.29119222780348,27.49278788699456,27.62279878007781,27.46927587833984,27.77592379414111,27.80851401383898,27.325075064194166,28.05908834558996,27.41994202712958,27.580584474245462,27.36328610319924,27.38591056683509,27.41797820444033,27.925470827319412,27.444354462313548,27.48231527547733,27.335863900958486,27.61776677014519,27.515598486293065,27.76550076489148,27.362034735609083,27.48829617229398,27.71622960045826,27.463267950794545,27.362040958949457,27.641694683560846,27.58799247639797,27.35626342455364,27.619075750704365,27.267527674711868,27.81901405410472,27.756487257691823,27.791439445547557,27.6798583668366,27.551404714499974,27.4893575533794,27.65975794372075,27.63485593023925,27.413636525709453,27.51994597418936,27.64068295947649,27.2314431005482,27.388190700071863,27.645407178868027,27.606079309739243,27.54346911491617,27.55604191061124,27.651684787058684,27.652111594693626,27.51643139935265,27.64947294054332,27.71311333750291,26.858775415581658,27.672565745874763,27.21957690406971
P40222,22.99618675367469,23.13233720732885,23.73891782530784,24.637969374617708,23.79995513773406,23.16102310356112,24.45026469013373,24.30811148646088,24.05598249030261,24.004652272169643,24.070950957034785,24.408807380555587,23.39127319239161,23.87828856870874,24.09223809069043,23.25258977240172,23.46675186409357,24.12002734216848,23.682282224814006,24.830385017214155,22.94773712105249,24.57010213762964,24.14946753330538,24.383782579074992,25.12162270405865,23.69938898533138,23.876520628568343,23.4688613772987,23.871857828781444,23.809446273297446,24.500062106111105,23.82742934014597,24.00075963764455,23.44090410580216,23.7304320988306,23.51529693423789,24.42704946493336,23.502783852554646,24.06356686999536,24.26431135504993,23.891673292874028,23.7217417125417,24.379806137480504,23.909324788616853,24.445360361003555,23.65023151273383,23.61214499819692,22.73394188479525,23.7773718913426,23.391749343170545,24.068677844000227,24.781026235920823,23.901048462273224,23.76475921085766,23.685609683899862,23.54405960447521,24.090826906120625,23.874094980197484,23.33800663722867,24.624891689001817,23.88210926152286,24.496788523272336,23.97857959667761,24.315693070763142,22.58851160080302,24.674060329887773,24.25351501323948,22.97323897075548,23.98727647190868,23.62670612523354,24.404226419229936,23.59782224027743
P41226,22.736409113523827,23.72635619771218,24.043175158274472,24.46763006418806,23.300869563107483,23.041339079216787,23.42642484552477,23.243433765557207,23.15017200145957,23.77921053667015,23.632783806172025,24.20056120536997,22.55397130662175,24.150357472411876,22.79670269740762,23.902626501652787,23.15009317065945,23.895416368120472,24.09408552942708,23.589722238309182,23.34319094845389,23.75290805998679,23.820166773809063,23.849355362908835,24.08032074263198,23.554772912180024,23.368076645323978,23.581050836812683,22.775384297602315,23.7652568413818,24.36077457922393,24.362441069658548,22.807111528990777,23.38530159982556,22.952143387942204,23.98834334769661,23.43951406744127,23.984353317289152,23.50113044099349,23.93555567573733,22.772929737574973,23.09023444968904,23.864105741675964,24.22773490578553,23.090450354190555,23.168433501232908,23.662400039704345,24.52538077629524,23.234931670917447,23.57821088093059,23.13439902744284,24.266899521735755,22.878157363624368,24.05084452414049,23.60797841255597,24.43694288470599,22.887104306114978,23.26024777798845,23.57551933167838,23.936102106147786,22.784794825354243,23.73172289945281,23.618669397816483,23.99560250329082,23.05606271354676,23.99250800770288,23.648464919069628,23.92191357918835,23.47750448714092,23.266216658165995,23.463106828463747,23.98657692172099
P42166,24.59308604827244,24.06924546423227,23.4347476105886,24.223593117834305,24.796290201712885,24.67067041215365,24.14276207861729,24.460918378523843,24.78967972812816,24.800680748920257,24.292617076753963,24.30738825635663,23.88160189498384,24.499406998925828,24.42637304457825,23.872836211213617,24.344682505300185,24.701092565470343,24.192811160314587,24.503720216940145,24.653704291294517,24.685591092051816,24.34340646678783,25.097585738903803,25.24955655067598,24.328692507723712,23.95791534117859,24.43865245946552,24.176653263446006,24.58861957037574,25.00823691558621,24.40811158275907,24.31294774588189,24.437978061363808,24.095471164736747,24.21016681567656,24.23296186896008,24.48314442850058,25.10312698933533,24.275582624396783,23.985090050490356,24.372293762647548,23.41924120419888,24.76316744711445,24.15799125242685,24.551123898192365,24.71068625992088,24.480330635157724,24.4375403426578,24.58451697093342,23.762329381091764,24.403199347968226,24.694983706704804,24.713432635267026,24.23744941450159,24.832549159586968,25.15947440010773,24.265955761124395,23.918402017886105,23.94827433773841,24.4614828460105,25.041704598063024,24.28156830023986,24.4675798008567,24.843712632524756,24.60209471573456,24.159672376605624,23.59130785398216,24.0502623604298,24.36167814462041,24.77701362763712,24.097828975125758
P42574,25.11543196931768,24.78891197363788,24.336959281079302,24.440715021528376,24.6355976644685,25.086974445489652,24.886914227980856,24.75131672060097,24.605544174544967,25.256592841238984,24.29398755022743,24.491872986231105,23.37691799853436,22.582670137692038,25.53552027507775,25.609060419593767,26.01422578861603,25.17594159325641,24.963705644487483,23.164385563086373,24.964429066717106,25.02418113064657,24.9473859762228,24.64672535701129,26.00772343663206,24.69790334238875,25.443941779931222,23.41961408075205,24.799687530257746,24.103331800819305,24.66243576879957,25.30012211327173,25.1144109930586,22.75028385674798,25.36836804780564,23.9800342380368,22.90862608188993,25.13528376102826,25.23271776361343,25.138197655936512,24.976328836988912,25.43667186701401,25.01854030259967,25.42118725501854,25.20430055614029,25.250458555318385,25.129623695368306,22.54647979968997,25.241394975955647,25.304529650206,25.22549881641296,22.727402229897784,25.27376258475196,25.21024447284121,25.19382562294674,22.967095055857023,25.238012931431623,25.3216170101001,25.122313308977223,22.7475229017881,24.90998169339192,25.289358129651056,24.95578085629393,24.766171465800323,25.12276380963191,25.295258773359325,22.23458964717172,25.09202946277541,25.166547567744583,25.580746600866227,25.07892397486718,23.32634545666746
P46087,24.80768720459619,23.98860655887897,24.24391061019292,22.59464816554457,24.830416746582674,24.10867109415126,23.98416248117127,23.681626074652115,24.638763250128456,24.00181355804185,23.60581749530679,24.09975127213105,23.81463801756341,23.593671271161973,24.15526608403048,24.18288208132679,24.47072932073644,23.97785240928302,23.124662201209787,24.44736307228718,24.864860903645717,24.731782087566028,24.12937053879156,23.180744766713904,25.01569220481892,23.58305035514385,24.098627839522567,23.519072662832208,24.394015909856314,23.73029556103697,24.61142168228046,23.614446575540025,24.45809398263607,23.799299156180552,23.88411906654773,23.821640474757995,24.301396354885316,23.44994875162572,23.83730321406651,23.918054680085486,24.630879850431,24.03488390162317,23.62383484520456,24.43914820355308,24.39833812897177,24.0500991812062,23.955860844842142,24.42560240537422,24.78502450540812,24.125711733265504,23.79870575811146,23.808324913928168,23.76277085709848,24.26624558187188,23.94033775067955,24.283162953512253,24.472327629851478,23.4248976902072,23.370492416223698,24.56882897326581,24.63901583701203,23.555882822659328,23.67510764103631,24.23253666336252,24.770336743396918,24.386660147616173,24.25812814074924,24.042085507352567,24.9072508198022,23.088662704962623,23.87784789816884,23.133302683347
P46109,25.77833279502552,25.716896061053387,25.81128130593767,26.03201949204005,25.61056206332613,25.641132288652692,25.224059194513877,24.66622447636436,24.89946803411837,25.71928078282193,24.927394878766396,25.8581398440092,25.7051275501176,25.5124116926872,25.579767694478303,25.91875151826395,24.35881076105387,25.66445280400387,25.818685694945746,25.771125083745712,25.54313250328063,24.780361539604733,25.561486848852663,25.67951621955546,26.19786624864985,25.30929284836818,25.33365783377605,25.4120433257632,25.01853070295404,25.244030368321983,26.26595869385025,25.856288432842465,25.26063594762933,25.70070296232888,25.381577260980997,25.689818195381413,25.437475460589024,24.51467555281118,25.8581218466196,26.051281806271845,25.09097992997282,25.098369125092965,25.637689218772447,25.446666171542727,26.211649207120825,25.130292559099484,25.627514662919054,25.575997606461165,25.609166962933497,25.585821680996208,25.34543991301665,26.00573868974108,25.96951668073661,25.42582340075356,25.515410807595323,25.87631508509638,25.426810851532824,25.348603460868453,25.444710576830392,24.510050772927396,24.225856744613544,25.89547223942104,25.543286899935545,25.91371878489084,25.957305405518905,25.88233028708639,25.304628460044214,25.936647479026103,25.804471210689176,25.24561008347564,25.124776909354612,25.15065201244121
P48426,25.312494231864477,24.898956299179808,24.661623197610236,25.946849510960668,25.377495005269424,24.858209947019045,24.646540327411262,25.56901000008525,25.062724013354583,25.04560354729487,24.339284441726,25.796575768967788,25.08722404011269,25.008610092430903,24.269138153318515,25.58036925936525,25.278705638630804,25.171356274378468,24.55610422506216,25.64307955066741,25.221360669229863,25.15354656267419,24.67965153725916,25.739567938947484,25.97719206843785,24.924461479959493,24.29320172299834,24.895437392454863,24.781819068540944,24.83314927232217,25.29027994261192,25.92300482922385,25.311873869172445,25.122261923783544,24.65825536940277,25.282419749207403,26.536290184377016,25.09611035951577,24.78271716461585,25.77607063392597,25.205319861053457,24.294281821122546,24.802626524833933,25.167188996843453,24.694786286725343,24.92642715976671,24.739468876351072,25.69267675510992,24.922104378610623,24.909218874532208,24.58848529812973,25.254265827697854,24.98365163878419,24.88006275403744,24.809395887862333,25.408009685083258,24.81650995786558,27.02507938033717,24.287314261598905,25.228035443467636,23.635561540983687,25.397162478730976,24.88870655353245,24.50283888962054,25.62164013532693,25.472066761288627,25.422489409095878,25.67760302662361,25.77258310236253,24.249751453561984,25.2777237410632,25.732717645580266
P49006,27.371420973957065,27.668266105212517,26.32701989951713,28.345209824200342,26.014877556922784,26.130423676761197,26.795937356204966,27.320898398872234,25.77725129854432,26.641134845392187,27.79780934472097,27.568269808142464,26.053339625052573,26.887762986082063,26.77721945206984,27.88165353777477,26.2554339547396,26.91911276275495,26.967489214655444,28.031474630676662,26.249660890325465,26.992186276513248,26.956500401555743,28.072387074872164,27.08727174978116,26.860524415342624,26.722846261501903,27.812514583529808,25.791533688920605,26.80637915275097,26.18539259314845,28.25044781986313,26.70076286319625,26.48193323439227,27.10764315833517,27.87836818231328,26.443424969498487,27.04821974522013,27.134780157879337,28.09571716413188,26.35436604546848,26.974136970280384,27.02490418796664,28.0036396891991,26.39399350387065,26.596721611028347,26.69802577715308,28.26102902177112,26.236674365685687,26.820339846197182,26.860047478109795,28.07629963681955,26.251176226979243,26.92883717084208,26.73982126634829,28.059354666709183,26.366554472559592,26.960504043991847,26.605013865948106,28.13550613336648,26.284258134387382,27.223363708372776,27.22722264236885,28.17534891375969,26.337095228893677,27.11085223636909,27.196471909150294,27.784022094426557,26.356975290549087,26.43697438593995,27.018233746595996,27.474100832193265
P49756,24.12078153956207,22.664701657256018,24.31997612008144,24.29811768975092,24.23867812835554,22.496784545746983,23.783416706885536,24.39860117845783,23.330561551732984,24.073513282272025,23.80610841480593,24.43924630112486,22.663996645106305,22.33891963875188,22.670614927394087,24.303939801688728,22.435836502575643,23.26756442645569,25.17630656068463,23.62574506822996,24.92729404117073,23.52600049930663,24.93157360081577,24.593590894698373,25.536484287034902,23.894239720368137,24.14436957801848,23.56716627843254,22.599659413397944,22.51501887815356,23.561418414178263,24.24147036294827,22.791146082286748,24.55246788658541,23.264892690487308,23.61327784322351,23.607303361840614,24.52055892748761,22.456954170732672,24.66041790349333,23.769312006723236,23.47707999461604,24.5120374657866,24.552325840126244,23.584387129633782,24.309466549603155,23.990667743141483,22.378870484551392,24.47296170824619,23.096065923621545,24.39801430178314,22.494006983795696,24.64581640749465,23.095130338728968,22.01225577663426,24.580977534776466,24.48864425979184,22.50135216513193,24.16377397574918,24.67184029262811,23.755937944846156,23.878491610574272,24.169928250682386,22.29328014469503,24.10669098131743,24.27918694315172,23.390554196372975,24.751121296624486,24.105532455299365,22.44730178460642,23.863716788404567,24.53684397543836
P49792,21.932907717337898,21.698859285450496,22.33436538499695,21.812481401147792,22.64629342241649,21.517657849868,22.33633761950464,22.1415341558428,22.09362577036868,20.93782366352432,22.309546790113423,21.779737825827564,22.31881645691672,21.549529472156117,21.349144078045747,22.384312393382185,22.26258703543979,22.39170382800489,21.619437423002243,22.22782556255609,22.67847604369276,21.82106633913559,22.385341565656017,21.68063912673415,22.82103478825716,21.710814771645488,22.02549223628048,22.34103783912054,22.21659342407377,21.799434096647687,22.704223679189926,21.946448951505182,21.93531564892558,21.802643448536923,21.72078697391721,21.886644096373374,22.282391565779616,21.94140630917864,22.093897543356334,22.058401351024752,22.173634063718616,21.57209952369811,22.353418359779155,22.351359312326046,22.390071774442145,21.18938958920829,22.0201139268262,22.440583708025404,21.660142290195875,21.52324816469086,21.868512237024845,22.26057496858352,22.4585600046725,21.847855750619157,22.03453719135042,21.972640205440133,22.736460588971884,22.29707519370043,21.592082429134464,22.4027865773334,21.91616070273551,21.349974552778257,21.563584096831782,22.013416251456498,22.070314633780097,22.207695333343203,22.30171431504684,22.133444719758074,22.71656510180494,21.565405980324165,22.20857814225835,22.50648286330198
P49961,25.67408819028699,23.5544103674544,25.01910960594552,24.320734922206945,24.809663644782585,25.031794483376807,25.30789840834608,24.44697677947001,25.02533908229255,24.84108910812024,25.21666985271324,25.014259535692727,24.801276981921653,24.749229929725207,24.625931788548968,24.930916779496474,25.4665039479381,24.66302792544006,24.489662192060685,25.05041098407232,25.59079415283962,24.33318515722059,24.950137863530177,25.02609814845645,25.7544441140351,24.42414088719677,24.80963093306332,25.100737594219176,24.8530404074718,24.57193396175541,25.565902522400243,24.866899384754365,25.07024835365224,24.047185758436516,24.902873243659347,24.842445427441994,25.41482372060526,24.761527780496703,24.49046257580821,24.39091209733937,25.295850339278164,25.015721422634275,24.932758629947458,25.24153162634113,25.11201533036715,25.13600679608149,23.550152115903987,25.264078109399566,25.59021707229719,24.70768657576477,24.152154705989417,25.004464190734748,24.39875837778068,25.101719592042205,24.9102664027939,25.14630697653972,24.93555002523249,24.218125271705865,25.17060158293239,25.264084655829848,24.7412474252608,24.48273071556683,25.32326961445819,24.593229481566944,25.527328118942947,24.400320778748146,24.412369595106508,25.03162737743763,25.577295523637027,24.42748901539508,25.3508114451797,24.88829773038487
P52907,25.95521827837302,26.269155220372063,26.255054428453192,26.678912137140745,25.78241975914769,26.31393485098404,25.88440217098677,26.925160231781778,25.566166113522826,26.1636612301226,26.169677220695903,26.51480800958236,25.841571899417115,26.23134072750021,25.71186235558737,26.436461353085388,26.24829792676188,26.15462568401578,26.07780818624647,26.654567945163976,26.071935463837217,26.06154970839982,25.93027399391908,26.615996574730914,26.6650057558469,25.8852059263546,25.856109403619417,26.387555614639204,25.4803142929007,26.07339198478965,26.80138036896226,26.55308329132896,26.00093532376948,25.98932252484744,25.88479515539155,26.627642650109053,25.795711892981824,26.299640388228823,25.716506600341248,26.984067103398807,26.49830946123948,25.561791856594425,26.0316650920928,26.046870155465125,25.652811595855507,26.48162290566249,26.772986663412603,26.646009746938724,24.934555267912582,26.174955021304378,26.134435829815637,26.796694211247036,26.15142752918042,26.3917120457524,26.252397362255763,26.804346607256367,25.998888268570568,26.0072639797314,25.829170247526317,26.71161718243455,26.404205911092465,26.470799161908825,26.401449335778544,26.44109305303233,26.35629302342904,26.512949949939024,26.521687945654246,25.54449144760522,24.31346822422115,26.38864886679368,26.35412653365416,26.51168694738071
P53618,25.717825246136908,25.076960228908117,25.815429680541357,26.029272028897605,25.988835376085,25.780074416712345,26.17882760170408,25.81960613567299,25.71248484414582,26.03027604327417,26.09771568712594,25.570326872288863,25.673792070109094,25.57856886155245,25.86592499221641,25.652854809620862,25.934383684183505,27.025922853143605,25.701923155124405,25.562251206933727,25.747338771637487,25.72817459261688,25.826493402529444,25.8089780637302,26.09877133547661,25.95468367165268,26.13162101067801,25.67936051795366,25.81782660316853,25.905631832180617,26.44553373007109,25.943384644672847,25.340792646873076,25.2498250454806,25.857874657507317,25.94899688732794,25.69411763981874,25.82714230970572,26.08049718074152,25.7587368204664,25.439577725656925,25.611240782284757,26.27972973013404,25.62295648560077,25.36762550314065,26.223571599352088,26.231660919746684,25.8829965345116,25.370798303337573,25.97678369826332,26.27888020059243,25.80923436796416,25.678266998484524,26.22809123486621,26.273631059950343,25.66071829975102,25.685151220952573,25.643729097329118,25.82994749973593,25.66796872099484,25.79898246201268,25.992839865251128,26.077002745668885,26.107299927095863,25.857255971827563,25.959205994243195,25.932098013382756,25.212359564622872,25.38035018582561,25.96145775427725,26.01191648663976,25.67146740689748
P54136,24.47395932923519,23.83214575074988,24.47652193172438,24.003302984417378,24.902772677358023,24.58715438609693,25.12896132121682,24.55581103839524,24.558007296685368,23.733908470086394,24.18453619436962,23.85856552378581,23.864059140560848,23.955770603557568,24.02113312276325,24.02555429739565,24.16743183526954,24.297413858513707,24.8729252014886,24.290142314549573,24.78397498849974,24.69803277389688,24.7103097783078,24.497450641093906,25.04079298266647,24.02590786345357,24.443219616421697,24.372539055094062,23.49467703908161,24.37327439218766,25.10179684302368,24.439928851803717,24.260144538469834,24.21067190611002,24.412865279145425,24.301685574603876,23.960988699393532,24.05934134121951,23.91303442493134,24.43411482256545,23.68530973464673,23.9548736242747,24.732526075463998,24.321937876382723,24.71561201995168,24.912183498027165,24.722206624509163,25.009924520180853,24.073258445974503,25.182877754707288,24.334756605348662,24.4144198034182,24.03210392541108,23.958596127427207,24.168499743194975,23.81715254642614,25.36798297183597,24.119275205320047,24.757826939918207,24.38242315059528,24.65328041699004,24.59478018500344,24.078603997060608,24.03105381982457,24.96608843816681,24.012412797601176,25.144422492673613,24.368690101194687,24.52793160734416,24.35105466941473,23.981445630932186,23.879329473860643
P54886,24.43673699971628,24.90670726018831,25.811787847818326,26.132625180448905,24.577801449381365,25.08107810854209,26.054713167680102,25.98645498263197,24.492819034741807,24.919855800383925,25.35883320107476,25.705677425899964,26.88968741175872,25.350357722360656,25.281777030178475,25.226854689638877,25.406128265417102,24.773019712221743,24.452078868261644,25.505361389605344,24.761325206966667,24.57195678525912,25.086019081109992,26.10844077062788,24.964058870058416,25.15459139424796,27.10617526594772,25.40631467743554,24.204840346250126,24.971419321541337,25.801396010312104,25.585802383746096,24.371795185208043,24.89185316305269,25.281266533149843,25.45885797015201,24.103548440160868,25.827771769429333,25.91260806450842,25.863134930746423,24.37319061499605,24.172696805788764,25.39299409263944,25.89663439475512,25.062455319337914,25.21642255983513,25.289705477914445,26.21809076874356,25.664313108388686,24.122568430537797,25.692039907089192,25.439570095282523,24.061270873159565,25.92596032274697,25.863029745443,25.42558490664188,23.78250752177491,25.95737910317696,25.49162508092197,25.89511025947572,23.62635015641562,24.857903555458478,25.96365402749985,25.468449826924004,25.47269857776556,25.79648091289618,25.276766757751147,25.477359969533538,25.07827381057656,24.74070053163849,25.988307147183555,25.805498227096507
P56385,27.57578236906741,27.71577575604036,27.57311484597434,26.60705246838228,27.585957734468465,26.81132180561853,27.079944527803235,26.111748042571755,27.069206442012003,27.60167479412277,28.2320376896206,27.191924986555687,27.30357447173741,26.930883504623303,27.334369238233247,26.271240081038343,28.27380064334791,27.056369031943888,27.438377277215235,26.261499784133207,27.34152867750263,28.08881650522821,27.33184424132548,26.35552678896398,27.85001774927768,26.376898992837347,27.68987174630054,25.1858701232065,27.71540672169083,27.215451628765745,27.67847705640965,27.161312732717317,27.48186941330543,27.42959165053335,27.71049164727138,27.30145211541833,27.566434145857908,28.24418759788617,27.555826939407627,26.691752688949325,27.55929378307801,27.09960991234343,27.395705171049933,26.92581717464923,27.35047666860963,27.069127255777133,27.58963639674197,26.04193737948224,26.57487456071026,27.29275772522256,27.51582224580789,27.2997154032672,26.61812826331265,27.802404466816824,26.704168349631185,28.49787540031876,27.45478421122322,27.239663041167194,27.4740120455502,25.942423058534228,27.081040180594467,27.07464156241416,27.291302092689712,26.77964842038574,28.515439526573925,27.179021006459596,27.588636005687828,26.971596608724948,27.423249419439337,26.925964485355603,27.446595046340008,26.60472777466836
P62269,28.696993722588164,28.53241030597279,28.78911167662315,28.91058238943292,28.75495904584606,28.344410029209,28.62952371540067,28.403705134952727,28.34694253643335,28.439117345902595,28.98090225387943,28.91806369664608,28.38667429506444,28.467183021958707,28.61753159369501,28.703158454638395,28.513647880076384,28.60620515982862,28.960813990775417,28.644818370793843,28.81633563632285,28.56813813057857,28.76272820420455,28.78719182713365,29.026262047667608,28.621257593286888,28.85302952215117,28.797255031235668,28.43202165240848,27.746539844285323,28.948436799899888,28.854296953065585,28.732296299126325,28.50230773307681,28.296890788639715,28.323973941891552,28.08135590407445,28.98070727891106,28.87564010934324,28.66194000539636,28.61775921670581,28.684209134181646,27.79120812484588,28.83207795466871,28.70452282390336,28.80089431125113,28.79990512929815,28.89928150434835,28.203827103862903,29.04944361701625,28.560986450642517,28.690254167783568,28.42113763954535,28.66218571214544,28.82808227043633,28.690038191850054,28.33084113761361,28.62688019333042,29.092990284658345,28.66239724469354,28.54625440781492,27.881969358537464,28.815942371556872,28.741639866410026,28.77137330555532,28.70854422613502,28.88109311635207,28.84860529807357,28.76418168718875,28.057910656910643,28.591110218830583,29.126731782659697
P62312,26.35665812714477,26.09589414191249,26.752086400944428,26.938503284843232,27.162431343394783,26.502262522062864,26.474852214475906,26.64176036073126,26.97011071566857,25.86625573476133,26.958623230619796,27.12682121719477,26.372902138967262,26.45437325210467,26.11193346985169,26.56222229814009,27.329846032837523,26.652722638265235,26.54184334639216,27.279782331692772,26.81291271372184,26.46933783209957,26.11091600036921,26.77295809028814,26.890155061520936,26.931337357019498,25.943582601902936,27.03426442399323,26.877951871855483,26.216763653321465,26.61216196856925,26.533433155164182,26.61502649629782,26.70710154541353,26.054931708161803,27.03377236878772,26.68640451325927,26.49208238293324,26.584718309512443,25.53445893082528,26.85432048242182,26.19578876683973,26.51225225574318,27.000235714886124,27.110434551903555,26.78702933604879,26.621518710340418,27.067721849876943,26.360560332357714,26.607374445822547,26.27966884853945,26.844917733233835,27.0180093149488,26.479396687259623,26.630078403484006,26.896851093997547,26.54118923528228,26.7247330733723,26.144675123360138,26.88390685215236,26.91733908044176,26.202697653257307,26.87632845300108,26.09208704169652,26.192829898582502,26.21732256926366,26.950324481947565,26.44025711926386,26.155321395813747,27.060170846311323,27.047998812391175,27.119368734213975
P62318,28.82321585287425,28.38401170567232,28.522345874387813,28.89809738997581,28.84518276367457,28.27908869952435,28.521613818736476,28.65782604961201,28.62023688285399,28.277375501300057,28.37375755402731,28.7554918594993,28.452346114584845,28.36340462574959,28.411603745733384,28.645553765404124,29.166250041450773,28.438055171443757,28.552434064447635,29.11483831403322,28.53078897971346,28.467962046707388,28.549070951738475,28.705420096373537,29.138906641774064,28.523346591602987,28.40032976016097,28.441393498390543,28.496106287200853,28.427033354713352,28.99341897252329,28.63181891888548,28.65389292828573,28.51183820674119,28.32974576989738,28.641983209661426,28.742002905792333,28.393475818063777,28.49323351550728,28.463641062398608,28.50624300629369,28.427631142193125,28.522729292190903,28.4267391423796,28.744000936674382,28.51087298573899,28.617318470432465,28.86698102216452,28.62070372017303,28.355348594803097,28.50097706701408,29.07797638976021,28.718750427561183,28.45412239522849,28.891239652696704,28.650252660734264,28.58502566125352,28.549927467137078,28.2404055013768,28.677336492063084,28.92563585147534,28.745890679026743,28.891498250708658,28.605780476411194,28.482494629088837,28.273591655297,28.333728760525123,28.66755852022668,28.68521221256656,28.40751182754984,28.306085717184235,28.49492016414393
P62851,29.969379101534056,30.045804727991317,30.21087485565701,30.26295355012049,30.33659668182706,30.198621835728957,30.423799088996837,30.14708860354228,30.16195673273129,30.105710246224746,30.05076062933871,29.66027596423284,29.89591706703225,29.99835531393978,30.221527554277653,30.171314761145727,30.11156831383846,30.72416149156475,30.096691333911817,29.801232039879693,30.19925942244476,30.14789625288353,30.238880395088056,30.2429172884017,30.630620046263115,29.924835599957877,30.10004086883968,29.983639520977725,29.9615138743662,29.99458014566097,30.66482746869862,30.172110829697463,30.01941316232468,29.99101839419188,30.17768523329898,30.07118019982489,30.04791200675825,30.089211472939603,30.20616393040821,30.13710225186545,29.31486535927161,29.985107213484437,30.197399212707676,30.27562793524064,30.101845923949604,30.26082434238838,30.235111575114924,30.209513396572422,29.918575343101708,29.949703790787563,30.23308597810584,30.09636967106681,30.43209203634885,30.095449870235484,30.343959756528943,30.154473355629488,30.153696214696662,30.004141465045223,30.30682035875729,29.996061970631832,29.871327900176432,30.139550960082648,30.26102550347523,30.18993103845081,30.33877066552883,29.84473958413444,30.315249218315586,29.62942354474532,30.3482314860248,30.40908001793553,30.166476860643435,29.78577730583243
P68366,24.745410635180612,24.974330514288816,24.47529892624592,25.284160281089456,24.83038497827442,25.142614346010085,24.21492208934231,24.71147499117981,24.37526372964673,24.73063568113192,24.07104141638771,24.53442611250812,24.42875807736508,25.020788984144797,24.36279434593251,25.00269033673986,24.420955030061982,25.086311488579256,24.313367205268893,24.691047589596145,24.324028705882014,24.965178318154845,24.215476013816293,25.13891478229591,25.053803297339403,24.578733550828908,24.135249200363333,24.5623487394836,24.085297484927235,24.992922743761135,25.077849280653112,24.89829624001321,24.395952027418215,24.982251671483453,24.28048943187776,24.78568717252143,24.57126487292811,25.31563531222962,23.97729478656874,24.630740377511344,24.59388465146364,24.8643061089763,24.425814302758827,24.60185716552146,24.410610251259246,25.0502185598168,24.35809644779263,25.115171148072665,24.691716306539327,24.99928596140556,24.683348158415505,24.88982750300119,24.76458710202677,24.954508106813535,24.83841470719356,24.860987989503126,23.52111409754891,25.01637302323209,23.51280861297602,25.02738266805416,24.329421772369187,24.822458228676226,24.07362503737237,24.677542239536372,24.61847901870735,24.946597058540327,24.41232542605725,25.076404103544785,24.694472617333897,25.020252858772263,24.50361312181836,24.758791705069655
P78527,26.27755197828494,25.95345206789472,26.53767049175166,26.64135374103207,26.617487773805223,26.37533111289286,26.42572559772917,25.618733160517245,26.288703564262114,25.782723593857654,26.30797350843126,26.413988282052557,25.68827488596468,26.13946115530982,26.09080137451741,26.259323660694708,26.54183954706944,26.298189996714505,26.454106185053565,26.44754228288868,26.691878438830308,26.302608871257924,26.502135929175644,26.503880132617464,26.946765653191655,26.132732733173302,26.13299619011869,26.208239994793324,26.41827214060596,26.138989956379763,26.77278928037226,26.35236283530859,26.475640198345577,25.732298083551324,26.222061796803214,26.33358448060625,26.83038775845272,26.15162732774328,26.094786748066557,26.019696514433637,26.36934413283849,26.53460422489354,26.065875496090893,26.09179173549179,26.82275801140796,25.9869048959352,25.98865305298965,26.284650384863088,26.388073202091363,26.09716423890636,26.15913462555441,26.63304981641472,26.56579320601832,26.16630546198909,26.191614962816377,26.76679649270496,26.1766568910763,26.091426189601357,26.21683158161086,26.31146641550429,26.57369750479593,26.19712278855993,26.20481346340882,26.13574698871517,26.801563621799747,26.014009111682757,26.294816137962897,26.37330298875931,26.671495425581515,25.87113585445648,26.18673171779003,26.083527297007336
P80217,25.186923669344672,24.652118355906744,23.738429346918014,24.9327220182532,25.06185302531463,24.630501552720965,24.52319659572083,24.41027132121749,24.95984743171453,24.12828112136208,23.856776756034407,24.21616076553826,24.72127283678455,24.49030257451213,24.726865052216294,25.549588863339533,24.51460531510261,24.06648279715256,24.39231919297738,24.55534496267413,24.22090792623088,24.91701931956219,23.8886118613001,25.16030146776999,25.145764336711235,24.381003068794406,23.965778595917456,24.63136607337465,24.18011152320503,24.807565712611925,24.975955885579957,24.947106469243664,24.496351933288278,24.26970926948774,24.42785336585287,24.82009387334145,24.593475654920084,25.003969257660405,24.04983688466063,25.238085387303727,25.017473756466924,24.571171940453983,23.628786387184157,24.667455365058952,24.859457270403404,24.428490024841743,24.483758551445387,24.813506675389192,24.13919883294081,24.672654636153304,25.06952565411892,24.581631781888117,24.962882965978007,24.224705820145083,25.12221951528988,24.92995870363619,24.89558765237194,23.86520551935398,24.4417931942824,24.14111111012529,24.38008631649044,25.031026910558687,23.592313285399808,25.20073253750254,25.040529883142117,24.34370993142872,24.19904339082754,24.80464995644523,24.740637866636987,24.785696776329047,24.82004137577339,24.30234921878853
P80723,27.0007874798304,27.623279683771468,28.436920108628616,26.66392247225064,26.92720925771718,27.64136448056995,28.4070169057288,26.028916088896622,27.483573813745213,27.545547361599453,28.137270598437446,26.80520531767678,26.97772845431952,27.78322835864013,28.180948142352023,26.26592103975276,27.13365028330101,27.73435736815392,28.30069031682494,26.543023762084747,27.16258409339431,27.615327683503008,28.29836657462655,26.200587863157786,27.609532506370176,27.62270723519115,28.13918743454485,26.46968820198893,26.150136516631317,27.376977091522512,28.308713955558037,26.774104000757703,27.069300293955568,27.28509280071826,28.34434851461717,26.56234234548239,27.12011721984164,27.729632609834024,28.435081936830613,26.321224338084686,26.938122758722542,27.63408412204088,28.12549068383865,26.56953784975959,27.092376548425896,27.941861210469263,28.24307343241992,26.71261703072045,27.15280434422981,27.844656946758967,28.16059086365188,26.2800288006796,27.00121440747796,27.76525317444712,28.229968579395777,26.28243155750464,27.285463569616542,27.69422565629182,28.080682788152483,26.37265485650436,27.149604152235472,27.819686398181165,28.183274239651528,26.76509854025752,27.279959225049435,27.815404752926,28.35293128277663,26.743820746978688,27.30615888904148,27.11970040311425,28.164094861163647,26.060208788390423
P82673,24.334858826708626,22.957304509765542,23.68351812761616,23.94176633003986,23.9455302999078,22.884267875772995,23.5959888432776,22.730938696975432,24.09294518746326,22.504696784057423,24.027458532645937,23.1455963625803,23.565404753130068,23.911282866844267,23.202404303211384,22.20329360008237,24.03400134010751,23.41302166600124,23.33361798669584,23.646724583195372,23.91327309698595,23.20872134534052,23.71831749095444,22.804093441925808,24.24366672912957,22.662826002389245,22.51580777639973,23.4341900185678,23.645199378493704,23.85869650988879,24.49378840673891,22.888044504290708,23.61993227095831,23.69259920687414,22.893485394561853,24.035364629779806,24.16663982899383,23.03558603717298,23.614371577226716,23.23710463533223,23.97787977563416,23.74528625458771,23.69208314836212,23.73693973309284,23.717042532344824,23.95260309936767,23.082628052118327,21.996582267512714,23.36222687076734,24.515555015569664,22.682213061488845,24.299997557985677,23.129806345038997,22.60733325129031,23.99124414506618,24.32298955104262,23.423619105559226,22.99199172518349,23.01884826457473,22.966268205625894,23.96469981143204,22.705683209891312,23.362740516709508,22.99762786921545,24.09569334965117,24.122612458536462,22.76452080378825,23.813848228519,23.10307952733904,22.89288897191922,23.29057103539825,24.54191632757648
Q07812,23.927364132718647,25.607377044706404,25.613738828847424,25.552937319731907,25.483961580873643,25.39040556235953,25.16282623901357,25.54541443520042,25.477486591120456,23.83463809338057,25.32820068902501,25.755726358209785,25.120067143677204,25.00275875905292,24.747771129906123,25.54489214736388,25.148282490845972,24.98118722596829,25.136726706654866,25.50452018366877,25.28745791964516,25.211564382845378,24.85442489892341,25.76853073899016,25.738884962371014,24.774776180499952,24.13736373656137,25.31015759758238,25.191023935004328,25.11525625682481,25.548081224931117,25.218094416354194,25.21343791379912,23.26744003049875,23.97148464246689,25.208061414374736,25.38823592506522,24.96220007349504,24.93937983860916,25.376457161956505,25.14202982085378,25.25403080962851,24.546539411409203,25.05012777577045,25.509837583655717,25.60933173381557,24.5219518496088,26.07200968174295,25.26647029599765,24.87695961886647,24.94661294785692,25.50655893853596,25.199626606305024,25.418387082471924,25.107041732220598,25.611084018245496,25.06065763023217,25.01957946880318,24.71209061257357,25.36279835937186,25.740255404802053,25.348233532526457,25.47660363714077,23.069172698398067,25.614564778941357,24.937448240702278,25.430040492454783,25.426207612388104,25.482541150607315,25.58162079567406,24.956984924496187,25.64332435071887
Q08211,24.401668261751517,24.561526154771222,24.05939203708939,24.59456759430501,23.97689255422388,23.79098712095411,24.00288541300788,23.837096946254345,23.99578732650907,23.918224295398183,24.14333034200341,24.489782608367825,24.36785719432037,24.452374928498205,24.195070516208443,24.377041065484583,24.686654787787614,24.432022160751085,24.397560414640537,24.22514878310626,23.52189562539053,23.75522785168946,24.138821933342903,23.5136719923064,25.02973307317163,23.874879056527583,24.128468208167888,24.19036462394423,24.093916419339088,24.106413038084145,24.234563463434277,24.322520828057343,24.121582775642537,24.100398101507192,23.96259814399936,23.759503263031934,24.677201969647225,23.836805855667947,23.845476797829548,23.785929209104356,24.20361114154129,24.301721311187805,24.23066148549449,24.671761975038308,24.174032045432853,24.192685020173204,23.39910421954925,24.500505621543663,23.88508179897904,24.476901057578026,24.251945539580984,23.783309924780568,23.770068583141946,24.60602790010257,24.54952809405642,23.74698043652419,24.106014892019715,24.33680566807285,23.68590280788704,24.598707330129468,24.37269914400332,24.11883972556167,24.266881803201883,24.07750469961473,23.907820148389764,24.32092103037097,24.069994510954,24.04803311135841,24.232394654116632,23.692139176685604,24.054420521954405,24.359973431081404
Q08J23,25.47297324528746,24.86925335381161,25.44846065513069,24.968039508604747,25.79031830729613,24.7697678954504,24.99838196654463,24.496799845466143,25.709095756747296,24.81832929169901,25.20696445127412,24.798723843612905,25.09178322385136,24.66723637829002,24.987891165808986,24.384005065066034,25.37454532014211,25.33575993356356,25.364515605771217,24.96536595533909,25.614670006259058,25.036896725653467,25.187793514072226,25.37075721806887,26.04164830448594,24.559300284753714,25.150134882118472,24.942245827167326,25.249132247084848,25.025312185292083,25.374647755755035,25.09172911487587,25.445191946610716,24.862761211535133,25.06609299972745,25.05579859327876,25.42809473166801,24.44972161693739,25.250271697933456,24.656420417869622,24.92485421378794,24.89772658860726,25.154322532636492,24.94695844158208,25.683426272135254,25.067053870803253,24.98485430450043,25.753324261475463,25.49104582137312,24.601450006174453,25.144144639756277,24.54357853062159,25.545952677391405,24.915557545309063,25.31028958949964,25.311545530821206,25.337300577286296,24.99077094142604,25.011469800642672,25.269060070383613,25.49248613863484,25.27662364190356,25.081213314152198,25.1920849979884,24.37306975961527,25.04232274353527,25.34643448274604,24.745267284198444,25.47019588792232,24.65825167596701,25.505296942875752,24.94680260746517
Q09028,25.41594697633401,24.82244838960264,25.35287373230881,26.15477772701492,25.027867962122706,26.036909201183093,26.017104895489837,25.89901464281548,25.6492462940696,24.95681232665853,25.67481336179996,24.71056187765274,25.749813646011656,25.309455906219505,25.01842153287556,25.8821105581252,25.83010650139152,25.64005944547472,25.402729153706545,25.71168421479146,25.705008823599837,25.66988558180517,25.241036405262683,24.89120588066282,26.356321517202574,24.82016639278067,24.92280276562644,25.551496022483352,25.213026335515465,25.060652405560248,25.58949526612074,26.27786451350141,25.878670558498,26.16284619484667,26.02504465880715,25.38951819473222,24.729671502889985,25.50186633374768,24.85918286517631,25.31850939440536,25.49342660768489,25.99533014575208,25.53059833233955,25.969184382660487,25.48837048788093,25.687691257100045,25.513071126993317,26.144075944760694,25.366341241117524,25.233789256373974,25.62077906355999,25.8166294043514,25.2393746397327,25.270637264894056,25.64548591411081,25.973276236696325,25.701640448188623,25.433680190035435,24.691317375340027,26.18254996104749,25.08153641278128,25.52168893303492,25.4309566736696,26.048445669858204,25.34175547662537,25.43332047142634,24.919364627198863,26.0988682915606,26.15825018754573,25.914431053723664,25.24779153046085,25.1597536978564
Q13077,22.832234470082675,25.527120308978574,25.645150125173963,25.45237895825664,23.68410254770801,25.35947925967544,25.706203659289407,25.191251452907316,23.04468764188884,25.345387184005727,25.072032337275992,25.04048014189174,23.14760242691717,24.962184274621805,24.870361465828136,24.71442485785305,26.887225680896265,25.058403872641254,25.264716791828416,24.76862474788677,22.749388949636604,24.978387560693506,24.397334632962316,25.05824693028436,24.01649971570953,24.986468895413047,25.2395722843481,25.008637228226704,22.841685944003224,25.15376347260084,25.922434446853725,25.012839379726184,23.167000251876043,25.18256206940959,25.37038752508633,24.997148248015144,23.54565249352324,25.216391649671024,25.631690837833435,25.467222756162155,23.670395524970512,25.545643567657727,25.382122329263268,24.872903964206277,22.189800978154796,25.35095712443229,25.48874957898254,25.569043321883463,23.65390008053561,24.72252023423826,25.53837978256462,25.21877446419166,23.37940744728569,25.396411695657207,25.85074470981381,24.936525891017105,22.686449234314992,25.45921810067078,24.40277186702244,25.50681829014396,23.721429406370778,25.69992996749537,25.50015440753218,25.390415090382184,23.028729080716893,25.646487263009227,25.62557436413128,25.01390493434427,23.218598892402017,25.460387562428497,25.081496245455387,24.402232663979134
Q13151,27.6755396810859,27.43186237063842,27.52431025486139,27.866012059236084,28.536238037514053,27.70575958503925,28.425189108792644,27.583656108623277,27.937603015650755,27.47341765556491,28.43835629098636,28.4333481798983,28.080380348370657,27.517979727903707,27.48413558252969,27.92791350334027,28.13043332716489,27.550310098411117,27.93589264874831,28.00276539906153,28.22241175368872,27.701219459164804,27.913442443934844,28.250146474585407,28.590495368304737,27.69677493117906,27.702981501812587,27.88324300406676,27.446381858917285,27.770952176881305,28.36955414533164,28.21367991170265,28.015585833357125,27.498508789672247,27.741846880530595,28.124045584463715,27.83940153376772,27.64675896432775,28.362937943061617,28.01077231248117,28.47129745051033,27.481452360880738,28.259044112283306,27.94278623726049,27.966526009348836,27.321676559945924,28.017527294811455,28.144594027250196,27.954806954056917,27.5324476133045,28.20307940707858,28.19955828601856,28.26008443146071,27.125216659568256,28.111209375921216,28.20512124757324,27.97661608449463,27.251740410795968,28.0812258578893,28.02106320987181,27.571846368183724,27.657573964175555,28.063976245652,28.50810923562325,28.356035986707404,27.71645767528807,27.671373358590508,27.983900600879213,27.843600832155705,27.983436332647265,27.80919412682864,27.615075688688435
Q13505,22.079632517424557,23.76908872088612,24.204144968947297,23.595524952023872,23.978081006918696,23.15211796995438,23.992775046597345,23.355079173789843,22.71249369198136,23.55828256367758,23.55835234016708,23.301605742030453,24.038512725519585,22.943015489902837,21.89875143323916,24.689301766297834,23.486090503294328,23.07891786984751,23.436141592867056,23.252356633442904,23.850896257598656,23.25408322119851,23.913811725062743,22.93834697035148,24.22673223443779,22.766169621366025,24.290103010682216,22.53865003476239,22.803376106329544,23.498420944489816,23.88061078297948,23.83453138693769,23.546567950517456,22.697551854717528,23.26446002809589,22.68755785534256,23.140506550210947,23.82615908448872,22.72926761162918,22.18186792144147,23.24531741225465,23.711590967221937,23.9251356440656,22.325949115751463,24.23933945556482,23.657861036772616,23.37661008512976,24.10153356445294,22.801888840447727,22.8453906845878,24.819256923715564,22.8302627921529,24.139456820122145,23.493268797192545,23.58573472485452,23.02992083698513,23.34674468324077,23.539560539396145,23.3717468929796,22.77072823117525,22.145240518484208,21.97973550102604,24.03744285993765,23.47319352763712,23.78525326566617,23.581227475801796,23.824295684387767,23.53126272676021,23.36058540136151,23.15579057528656,24.101117089730888,23.79966797234764
Q13564,24.645828092377823,24.21004867401424,24.670562057772724,24.507493558894755,24.324877789740576,23.560167705231255,23.587287452918357,24.43032154280869,24.11616706267307,23.85783059486632,24.348880652294927,24.129543977927607,24.224859073916825,23.62178477882016,24.16708340848369,24.431046691299343,24.1229357857964,23.97999415010711,24.7081085201107,24.1611520261738,24.49089580621903,24.207746071667994,24.70427311873877,24.227311792000307,24.5838136461002,23.745586222891077,24.59307750032629,24.173757920600806,23.82031455369971,24.1739735252854,24.86525224593593,24.434630907188232,23.884328727617177,24.055308533203352,24.39187504954283,24.13736246872573,24.375751563330372,23.79799408057363,24.673373097871675,24.05654008966073,23.71158852637369,24.72026861783057,24.336509404908984,24.232442137807396,24.55154801208305,24.159288450871266,24.072577910321822,24.408808009897957,24.28858055045369,23.99856504690743,24.29279888113304,24.21073730816152,24.257007686972923,24.17435114174725,24.60423626466982,24.641732743368497,24.29870230647848,23.787020949886745,24.052758511001635,24.429557261303373,24.475044023695563,24.38316680585005,24.64270647929403,23.502237528760546,24.602124531398,23.968483391823057,23.967265638243934,24.36646212516575,24.17348699830345,24.083007757901285,24.321186137364684,24.390750679354493
Q14232,23.576530866713675,23.13075045170101,23.18540912714628,24.40510510408544,23.709504466693613,22.70040572278496,23.550351525639066,23.5323197505279,24.287126736803707,22.925454760029908,23.091792869252995,23.89968392486778,23.02319714843961,23.54467461701543,24.06115412921961,24.645853805749915,23.89649234140796,23.977805473253603,23.42287681198004,22.59688271689077,23.619952491912468,22.93283850905619,23.6131493793473,21.51253372748592,24.90872177402777,23.357057342203397,23.588037490168027,22.966148368716,23.352198450887347,22.977953422079853,23.49220583215102,23.30402338096209,22.838302011483897,22.994902363928627,24.245857177239344,23.496271987090104,23.788806124754657,22.98362862120034,24.00730617827143,23.040599165012303,24.269834805959324,22.876683977888245,24.066593732387183,24.089192343993684,23.551636464356854,23.71045806993149,21.508224926497064,24.254650888600924,24.21172157185203,22.11607544960796,22.952727923832864,24.6966131637881,23.592765455947283,23.191200572846483,23.33464376603529,24.273105432607927,24.08175073625221,22.86393279146032,22.45207461572055,23.37764711884421,24.19718490329554,23.379145142971165,23.747551005433728,24.402481909513885,23.0187928399648,21.671371559030103,23.53255540189142,22.431717374021247,23.58941363447119,24.35632881581507,24.155990237354853,23.515418298584795
Q14692,23.32985155358666,21.764839035210667,21.621175303348465,21.91093678737614,23.407385764227023,22.13628724131573,22.7193358310143,22.927485266584657,23.172776078551227,21.52725013381408,21.045441234335,22.51760087013762,21.77556904863942,22.244337883213063,23.836746523902587,21.67713436643056,23.04315693398681,21.40782622545218,22.521521916733352,22.3702610480262,22.914746803417803,21.970361461438,21.91719427663848,22.1772657769683,22.988932746748198,21.703308471525776,21.931233583009533,21.942789165427484,24.63941327040633,21.843873533988493,23.262766941184275,22.412536342994382,22.37055652546227,21.877208535929057,21.7662037957037,21.886865488830782,23.311162369945,22.62969985837671,22.41900196491821,22.013109301267512,22.803349266439408,22.48719903219361,21.00764320368263,22.75256859906872,23.36157323603049,20.736773566225583,22.22668299987224,22.5335310593653,23.40182344026032,21.28667552596774,22.147275381531077,22.20361450939101,23.014008848702947,21.44756633838985,23.03490602497273,22.09726111362828,22.861632393195265,21.506549818918284,22.78940794917833,21.94071685241786,22.98504536584592,22.105692588005937,22.36346435714528,20.932403458818147,23.590043077726147,21.301848628194318,21.8763672780208,22.429727601063693,22.68986662487584,22.49061799343468,22.46170811331136,22.822593033908408
Q14696,25.35105958318735,26.460754645624057,26.176208625643,25.649922448268832,26.301857714534112,26.089432828575863,26.027093186976742,25.38264479168643,25.827260735186343,26.02941339134776,26.004546547511804,25.032136991824235,25.74894343912668,26.66346859176757,25.058258161890517,24.645590417369487,25.94446367111076,26.308986928732452,26.30788259198714,25.76815591408668,25.89500909661228,26.179922702025323,26.291045407990616,24.730886966288555,25.453040098339784,25.64702486923368,25.659480355412576,26.44516092455697,25.49456916003619,25.5169808578859,26.50708370999721,26.030474027074284,24.950268408991484,25.76159849585228,25.494583956062275,27.005520368982364,25.759696609287563,26.186160610373665,26.37858969496631,25.68336113244836,24.17843883661904,26.274532382313847,25.381135143355927,25.89045247244664,25.50459214937065,26.57990333830312,26.46436677447791,26.12141416122469,25.394086309318897,25.85839651550149,26.14639788685459,25.56352501667585,25.61292768590451,26.583102782149005,26.431938482864552,25.44443513204033,25.19154695212359,26.54532358799877,25.735269890461343,25.379555456048617,25.77659496746945,26.8052748529302,26.1104252315206,24.93317148175612,25.707728336531837,26.21836990157019,26.77429026038717,24.9406997281986,24.86435534670374,26.71883419705146,25.99653334963204,25.431256798061813
Q15027,23.74571594455964,23.28293445430278,23.23353123477385,24.03180473887164,23.308459413075475,22.583464896481114,20.936514031168745,23.44827359047194,22.72943543902257,23.21940521163805,23.259218329749583,23.912928197470908,23.656969921280428,22.322818947481107,22.69915014700641,22.908000076671645,23.6966379865533,22.58904825930443,23.36139016651898,23.432082971672305,22.87368715373808,21.78616539161199,22.902198274334275,24.612821350632966,24.013493730389403,22.623309631508477,22.36417811319839,23.37025975311544,23.38255277729397,23.631518424570665,23.44915872472316,22.879681342391777,23.16756317639004,22.35493652794667,23.229516841027795,22.92182601139768,22.78785020910788,22.62340589976262,22.62148427785294,23.552643115543148,23.978153124401587,22.685094213504826,23.45823711089303,21.818574552882872,22.874692313280526,23.372177867378205,22.927330778341624,24.402699006079704,24.075260253808068,22.44387829011414,24.124418877388823,23.2066210603888,23.45859187934073,22.693116301659757,22.31738760684288,23.035149433352608,23.849576742236252,23.497160682638167,22.201186052131515,22.22545181253731,23.780090122743204,23.867704888651563,22.990977374092143,22.330055167992995,23.76157035570266,23.4484889786368,23.42108694551696,23.778707240978505,23.221884154252766,21.55657440691361,21.72591667721186,23.622338114547325
Q15046,25.313083507472243,25.213118947356133,24.92840270974612,24.84181017785677,25.102254083914527,25.165573990150428,24.837046085299683,24.795482445906018,24.495961615076105,24.8569124978028,24.490280655759683,24.82316739232477,24.87459115303849,24.947845232788552,24.768566960192828,24.921358832358504,24.9682210124216,24.909215957715517,25.34743567725724,24.513248583730512,25.060626493241116,25.200522841847,24.989146594487416,25.36761844202985,25.41176265900569,24.792087175873647,24.992716867747077,24.92880976272704,24.80535607922339,24.852908629220316,25.5932793735384,25.033313200490625,24.98974865840608,24.96660077356006,25.14679697210067,24.651510751176108,25.133550178302933,24.890909580597228,24.45919424002704,25.21505602881162,24.992937357677,24.614491732514555,25.071794198595235,24.758109140178718,25.10746900351868,24.47721853460564,24.825379011895908,24.992692798399865,24.905230312100063,24.71428756661141,24.930554622039644,25.03065408135385,25.14727164452335,25.21993488642224,25.13829111229324,24.972040049085663,24.8317064805912,24.96841103487548,24.608892799339117,24.970528176915035,25.02079053895629,25.025599048759812,24.803698941660848,24.54838666514787,25.1659294646811,25.04076182697816,25.233472798055228,25.140036185755203,25.094557764561547,24.6607906765082,24.876493726381643,24.44196805576144
Q15075,23.335469818982418,22.90583164280762,22.87066312567159,23.62330318271248,23.04882972142781,23.84790519401252,22.969156439294167,23.16508622558673,22.375747713969588,23.663662114994715,22.80929285484385,23.41929367857019,23.98761534996185,22.54240270106773,24.589597755107807,20.366453332514368,23.700963039784472,23.559166621305728,22.80294428727328,23.469368630625212,22.473860715240274,23.41903118531171,23.565114892575444,23.91454048012402,21.272595265413827,23.23330058115769,23.22273411954016,23.22864897822755,23.290161302142387,23.0102050096707,23.67702651372161,23.40859437307521,25.717910072370465,23.154224539572304,23.277871649606475,21.7334237767604,22.77243544526626,23.8445119592638,23.108758737912183,23.2159290088577,21.448145254757502,22.76128432411166,23.610235403224152,23.98939724082595,22.90404176170478,23.88049764529601,23.535544572531904,23.236399067591453,22.265174882326036,22.518316086333208,22.645762715275517,22.520705332887307,24.64547658757487,24.76684519668686,24.674835122023435,21.99720875977135,22.179451979821398,22.470487048371087,22.286601925076106,24.50940044438001,22.75740867521485,23.66226695835725,24.01988872541545,23.667972576232263,22.047072477999627,23.220106699261056,23.456466788174232,23.510203546179746,21.991319921662463,23.94695444713268,22.47812202531403,23.485111210269245
Q15306,26.0840320730562,26.0046171881094,25.68368100033339,25.947205128443063,26.373150264140715,25.53395600232772,25.668604641016564,25.45153017331679,26.108524927818525,25.753702318218984,25.566821067898083,25.57705358879855,25.985152633582118,26.04202419745935,25.52521548119392,25.51314222774352,26.203752434596883,26.03476829171311,25.698548506563743,25.5367420908402,26.26735089710781,26.0492215976475,25.64403035458555,25.544276670277604,26.535627357005136,25.559713681603125,25.43480353759572,25.60492273185134,25.90099193459599,26.055846882698663,26.210330854120265,25.7084007728554,25.85793344173736,25.89487448573089,25.406716385260182,25.662696195011986,25.86600774111283,25.54324884808564,25.67191175293941,25.435543503440943,25.470036647679336,25.80446213549361,25.651393681133914,25.98967074641728,25.933609329146627,25.98274161418632,25.468787291578103,26.325629858038745,26.04278692242327,25.910639961684648,25.47148104781132,25.62212828447809,26.17430482171809,26.27440050797164,25.751622759152784,25.493940645901507,25.87842556935087,26.164056349249428,25.42529788421864,25.54288376709186,26.02695434037455,26.103276902479383,25.466192611062432,25.45879868282875,25.99397952507648,26.13632525202944,25.826934111701984,25.935128231473588,26.19919973896117,25.573580844834552,25.12144384392223,25.74857329226121
Q15717,26.747403449723897,27.05970666326993,26.807613849143184,27.61514495108398,27.56483911566089,27.317970486591356,26.977751399951,27.294825866510628,27.450564748430253,27.150565415933382,26.85840384161832,27.09922480970642,27.264523660067884,27.308085661215543,26.709102996429632,27.3884187912315,27.630886588973333,26.906382181842996,26.89629623588119,27.393614197876445,27.41690060587163,27.236933911324314,26.812433911753043,27.158828155505013,27.543500684555244,26.795032060519382,27.08928588873123,27.319684568489528,26.956852493015383,27.391353716948725,27.585694951591083,27.14763894200142,26.62073997897518,26.890314938483343,26.93251331946965,27.100757504500518,27.117688412720828,27.296744768735355,26.84119930851393,27.285288385078186,26.881331393604224,26.964681966449568,27.012861437769864,27.15861853082849,27.217837857536693,27.19907079517181,26.615666112420016,27.802219966969872,27.064540873719725,26.86747088545708,27.300290496301905,27.195621565552,27.6082588097961,26.665854951741235,27.00518900350461,27.504824022233237,26.940253846675805,27.341530672470984,27.011931117665725,27.548254937968206,27.38932542311045,27.360943927189773,27.12221619995632,27.311549135761584,27.49154225877817,27.217496330651564,26.948285507917618,27.06984402902181,27.343397020453416,27.33452419956179,26.4790539707094,26.87546603342807
Q1KMD3,23.66277331478842,23.763409243260146,23.65550605433512,23.819369704700662,24.156192903177686,24.151069004954117,23.623154684209524,23.410612702680467,23.596604475068595,23.69612370677677,23.664826609746665,23.46239123076433,23.210878737397923,23.94443740272549,23.65809382204687,23.33770366464647,23.881402310222253,24.00629756494989,23.841917759633343,23.862426606077427,23.90263660906604,23.962606405482752,23.84218470129304,23.62626392974782,24.05506830659803,23.66735780785561,23.763610858605688,23.615784700692625,23.67320106533593,23.80875883561159,24.395762909266026,23.736330499374336,23.19303764612656,23.766598437492792,23.761378452104243,23.31140528246341,23.667946660324542,23.47383935880754,23.773540253788457,23.644211868354457,23.65104489351406,23.66597051375231,23.471828356778428,23.648579090919643,23.56477981993266,23.77641498119634,23.876340128760894,24.34107766161356,23.8236097249086,23.901603342291427,23.44085842936836,23.77127272505452,23.423513569434267,24.129297748270066,23.698774630117224,23.787644595817596,23.822800501766,23.968345274384426,23.32809081610703,23.709400222311142,23.67885573655652,23.74658126860397,23.955716233211582,24.001431686628564,24.00945529314392,23.70502719827565,23.88939963346533,23.76751987723729,23.85352438768024,22.98624547747316,23.713278818144865,23.21261141085089
Q52LJ0,26.09311274668769,25.407889072187697,25.869656491223743,24.492160836591864,25.807747103000715,25.40525353928709,25.96937908626948,25.977355294164617,26.12206613540976,25.261179584159123,25.846996368779457,25.827914554473907,25.59403111040151,25.135175590871324,25.875658138185564,25.57167711661936,25.69701405970124,25.259370860708145,25.926523576354704,25.68835682022761,25.86322176859978,25.196549834574817,26.1488560511799,25.936636873723685,26.81679503300876,26.20055058754015,25.28909088517752,25.170493158981632,24.789751088281392,26.85843767462342,25.55660675833895,25.26826670346289,26.41984950644844,26.19223019338013,25.18226131584814,25.05145623316572,25.45762247729941,24.945865100675007,25.67699955375512,25.952442948498184,25.29039812477293,25.596199148874632,25.980834575177703,25.950931834680787,25.851797483597945,25.42735577592628,25.77335396449512,25.91884303905255,25.086065384060685,26.35499531476976,26.29577835178409,24.746631209923585,25.117537448011863,24.89075224881366,25.157185717247614,26.207318033744546,26.338665932543325,24.905517208534253,26.40132806810221,26.23039657770035,25.7454013166676,25.567071764262035,25.951121391464103,26.024635891877807,24.45830085497604,25.95366301235112,25.880841662692063,26.046351653485203,26.074527371555387,25.454759319797503,25.23554860024468,25.72311129998362
Q5T4S7,21.48965815081222,20.70219656490848,21.551833168115284,21.201962897281064,21.842850434081218,21.13726678875335,21.43271648296929,20.89634017530016,21.1547267660564,20.92201350407165,20.99313849747313,20.866380818832237,20.046654836253293,20.67646464828585,21.511526008964957,21.18102961167847,20.56508222046559,21.555042380186286,21.429920160784828,21.793440875645075,20.800679176339788,21.08146479519716,21.34994362688724,21.938814765075637,22.047777682331617,21.353653619373127,21.22409731682322,21.43382438384015,20.446188837669805,21.057678481835065,21.625281975832177,21.49839948942141,20.62579777866225,20.777490798552613,21.739779579456115,20.73269538438743,21.41252989016637,21.27272290649969,21.035952135816853,19.827356381883284,21.197901038765995,20.93174132603636,21.233404737360768,21.32157016854136,21.243609486736627,21.17231620162009,21.37563291965416,22.05980311978513,21.069513026034837,20.606245593212,22.482003674439326,21.24400765825008,21.044757317274968,20.723317175348136,21.16666369242497,21.064730760897,21.26025777458913,21.348485488348764,21.10774775763093,21.00164495093764,20.3400360006478,21.46618712986841,21.29582323600645,20.98725642326616,20.682664758538824,20.90814632885617,21.02732303226619,22.039421467120118,20.52690412200805,21.78673899419421,21.54049810238329,21.315192341184364
Q6P2Q9,23.10781676988985,22.75044068083398,22.68093711718674,23.34319802012302,22.87917773793254,22.2697920114474,21.721651540950667,21.92208041347953,22.637563774455707,21.755191987038955,22.139001517686086,22.27473875009112,22.72636026546857,22.102482248256106,22.187867098348526,22.015386283152417,23.101311063911883,22.57153210078105,21.624389132031865,22.79154303108296,22.63572446673432,22.225706520801072,23.355822617624025,21.733056329835453,23.29835316239789,21.753756682615364,22.69471890635728,22.082041122218264,22.43886709031712,22.03096132065026,23.104276084627507,22.358231702196388,22.78937658066831,22.182931119465263,22.260881686693224,22.32257561965444,22.17728687983342,22.392521646225568,21.81824212382351,22.12820476744972,22.318576605058112,22.34840055202404,22.064489340685093,22.76293005516068,22.82769156466909,22.96499894723626,22.516467627148703,23.29628992405312,22.67342485052605,21.75834723470789,22.00421675247648,22.63778746740884,22.19820837312782,23.194127306894085,22.372689562028004,22.70860538340001,22.934202244358048,22.54917373390626,22.00599346365708,22.33211732811617,23.121343728134384,22.67274902833415,22.575882116674496,23.069113790077285,22.288682140890536,21.115814754536515,22.10193682678264,22.436052086326423,22.698045246302787,22.36091779385209,22.322098624315647,22.577308860370284
Q7L0Y3,23.95620636054667,21.97591005982186,23.05909542111541,22.114265328908367,23.352702517776294,22.18069081567507,22.95588791891613,22.075217283987737,23.80238072003165,22.14519540116037,24.00242540474365,23.95121465807016,24.02311708290336,22.18403543049968,23.70652760170804,22.36796186097077,22.536977618345432,22.311986168887117,23.09475797534778,24.377598782540957,22.882130702774,22.04364024341104,22.071936165081,23.580986579446893,23.81210864049367,22.790711928287653,23.222469468297955,23.48143973651015,22.80555890990138,21.883886343036597,23.270088239444096,23.3578836783774,22.958448400765327,23.109878087285217,23.14227728683169,22.189791266595837,24.010354610501103,23.19900543000245,23.725398678352757,23.69782959797593,22.68318166378899,22.11954608759766,22.784990184166112,21.81414882742895,23.453397163768223,22.397520324995217,21.96350014442868,23.72695167818585,23.916090880815748,23.110758736104437,23.406984261860707,23.409222348688367,23.25912895711149,22.840105766236334,22.054841488336557,21.61282560006901,23.13300225803133,22.142750942833448,23.3107814306168,23.283052151427867,23.56231677822087,23.81258893174577,23.98864431588078,23.27708781031291,22.5579972924556,22.940334816238,23.058583501940262,21.9427205226724,22.491735321633207,23.159650100352405,22.945142511911563,22.110076762706356
Q86UX7,26.492837192725226,25.98415786274379,25.534672771557275,26.40318623766804,26.34756467146453,25.915897850769085,25.84673586854221,26.250965082413565,26.179937062793687,25.79615791042013,25.71374815920925,26.148694682042898,26.375109280267107,26.40486152593253,25.463326211703567,26.63091070810527,26.53149072777382,25.714803825634107,25.80909329755212,26.02134869523354,26.13264132076196,25.75241662898497,25.498536005319664,26.17602705149877,26.555074633632643,25.777902721665622,26.1388268328362,25.86162159454492,25.82605716850692,25.847768182698005,26.675163159681688,26.28633360091068,26.38608890637197,25.790368142763317,25.602191008825084,26.112539769780536,26.25187490202245,25.5285302468619,25.571323200108854,25.975953304477983,26.44894076780856,26.08714624874189,25.79580986889241,25.949867923356752,26.2444946355236,26.079778436848557,25.758701248012613,26.66922935654912,26.16712298498224,25.74812201740324,25.62885106398173,26.498481694303013,26.179820201884336,26.220462100403758,25.78896836902432,26.328857512099017,26.333798562573936,26.08413173382372,25.483399305561218,26.11995260340473,26.00179325822967,25.933563724474062,25.53943029545568,25.994211776390944,25.86734698671553,26.55366881823625,25.930630375795136,26.716898416089595,25.8134448872666,25.75386383537996,25.967238775850813,26.23607625098404
Q86W42,24.765956290349887,24.53877569902533,23.90616378304355,24.454790921237443,24.782528491769387,24.93961250127341,24.765221354402616,25.50588244580395,24.935951460455566,23.944333079245386,25.12099014018611,24.724696783857368,25.36075223103722,24.20352074025618,24.400442391109245,24.2747764734509,24.97488115859453,24.628720144680425,24.77380641511202,24.572790928087983,24.792207946714218,24.418250715660523,24.28384680960089,25.49429763421146,25.29360675387779,22.889211985370437,24.4434260980472,24.66542080533175,24.61382814922019,24.7311012302152,25.70242003748686,25.15870026752496,24.85194673405349,24.92934687500791,24.63876462334441,24.8188570428384,24.49551925078324,24.901631676322797,24.812370674819253,24.31194900267737,24.761292258277628,24.85193311039016,24.7013237782003,25.27929711297133,25.319241265134032,24.92771068678191,23.96215816410717,24.230005909597605,24.89367070811044,24.796792454858387,26.997844232043477,24.889079812875675,24.338044297949384,24.277560392445505,24.1583653386979,24.66796785032895,24.52254433726362,24.210839203805502,23.646876971842147,24.71115073371112,24.933708576324456,25.231519485786748,24.361818552633324,24.99750739128297,24.449872657672756,24.4381142575044,24.709252800465297,25.38398789553201,24.954805173114718,24.32145747349032,24.546120230450715,24.21687425760251
Q8IVM0,25.901236563689167,26.046182998498224,24.424003618006328,25.198832644768547,23.737796480632223,25.29304712190582,24.16199821956844,24.01502081560792,24.273832464385123,24.910946474072592,25.42623006294743,24.970945064897293,25.493996819879936,25.509463287701124,23.60392269474684,24.454652859609386,23.378362473007392,24.672462116902672,25.34073149771283,24.272338166176237,25.985124315801837,25.733584226454077,24.47363387990634,25.062767787036904,25.075946068641628,25.240436522334274,24.506480647910987,25.86236935774017,23.33508526524254,24.685969684039254,23.98403543524121,25.328811315527755,24.84470704851253,24.539549896504788,24.18455792528818,26.18143999786902,25.289847104080017,25.549660481225157,24.587559638724745,24.225215964830845,24.786936151351707,25.269237867940124,24.08244598357944,25.14461601645024,24.68819842052756,25.71675917857596,22.709517446147657,25.834411260226776,26.978556853120725,24.61400512206836,23.896023664634825,24.96960532195104,24.420732773064756,25.22485420635253,24.235789377847414,24.880761368936135,24.11773939671075,25.13096843516156,24.54415646921022,24.591609426837348,24.89911481383325,25.289770755844422,22.89952709089482,25.26653190165641,24.419647712655596,25.50381389974745,24.308964236100024,25.06569500426344,24.90188395876091,25.2063442092017,24.965158975961813,25.531032459201064
Q8N1G4,25.310597445738583,25.10559420060261,25.430324972868288,25.34888114837615,25.72382783374677,25.302511974688358,25.86042129260505,25.3496143975574,25.174162889008983,24.94892048807952,24.817441811169104,25.444573862987944,25.0821725079042,25.051917909702667,25.44794889320389,25.69878417427377,25.29895836517804,25.009897206383293,25.780405682833155,25.476275192714827,25.269581247902305,25.47490908301812,25.554255646214774,25.39255618910199,25.87031224985491,25.18791958004009,25.28613479434046,25.28481184442313,24.982386647076453,25.224903991770606,25.89035499746497,25.24737385298686,25.27972248664111,25.1535112651504,25.449569761519133,25.68603045681556,25.39957748921553,25.10025424382267,25.516709809450106,25.266911329447044,24.93054187097379,24.92976959578226,25.38882780617625,25.21828775892632,25.40690185798111,25.48779182382401,25.977120843955213,25.46029934984385,25.5138502703086,24.981817795753788,26.066201453218543,25.382733121359763,25.561399136044983,25.119617499568324,25.53820434770017,25.16707841978949,25.305295835926323,25.38433410062274,25.330761108080196,25.136528580058283,24.87138555011253,25.6385035124077,25.478391085009967,25.60999559764932,24.981760697170728,25.33323795913517,25.353743691829795,25.525775149067865,25.37944085757968,25.39626463341352,25.35341374509442,25.22420656558168
Q8TCS8,24.94980348543169,24.505368366050128,24.381158125347163,24.71555638592676,24.88147169895419,24.41670000978103,25.365836580475527,24.74969089304415,25.206280780840597,24.859690757000177,24.460068192511912,24.73651802084517,24.698496208504583,24.358729893005687,24.802443302190525,25.44000019261034,24.95444897693252,24.68834309336376,25.01066801939932,24.340117246853275,24.90457092996686,25.395668009142465,24.563110503860003,24.68040048662942,25.193035291150217,24.5363732405902,24.91683842714531,24.15713726490334,24.78145060375772,24.656332072593155,25.45494284416112,24.79092448279293,24.752611433862057,24.68491643660252,24.810360438104908,25.06724354176625,24.714865299532462,24.688985421128013,25.20303594226472,24.21513501741027,24.63251937053304,24.596529267439408,24.539050629636066,25.105570983241225,24.924804985012347,24.651328238643927,25.23060846976525,24.73554072261995,24.635907189356438,25.32318362926313,24.616240418783043,24.751579637575173,25.107211567413003,24.439851232580107,24.59476871109682,24.75834251678032,24.5599725836463,24.746113614153,24.83065313604942,25.28011887922215,24.670589850209105,24.80407769894737,25.189455803298603,24.269852626731318,24.854986048085884,24.872233909885693,25.30177135685468,24.96840294424801,24.438048794563084,24.514650675161917,24.99033530067469,24.443096099722787
Q8TEM1,25.26293587227256,24.54290180919121,23.876993089662854,23.651957491163586,25.228795232015592,23.68455278993448,24.312105343751668,23.222373064593388,24.79198553733922,24.010941842460085,24.13431070391584,23.10381997348188,24.9920299800358,23.808273904246835,24.237182270979176,23.90601377715072,24.93295896177393,24.306084781602785,24.42297754675133,23.13776547711619,25.080216361321973,24.05306585439654,23.8376024373028,22.983426034654048,25.71257575323269,23.7531862074706,24.22723090640022,23.156951601652025,24.32882318172392,24.02681217760749,24.88821176805584,23.699465927407875,24.5902433026426,23.942949278832995,24.07145131271561,23.20696764931512,25.67602107473924,23.99360210558276,24.32737676506711,23.052878869545083,25.619605825220543,23.83632687872412,25.62700567643924,23.38680613262972,24.29032521593844,23.94056675771145,23.427735304599704,23.21195955565246,24.991075475580345,23.5610074417102,24.012410109825343,23.652931817456544,24.944878226150028,23.59194225045081,24.134577433633684,23.560111744725955,24.89260815567441,24.526025607220227,23.97657993594157,23.670467773841715,24.882772877491732,23.81280474975009,24.856390207846168,23.51626851428562,24.862987295231715,24.321460584923948,23.63783787559565,24.352552990730125,24.729978936893705,23.848904662944918,25.067885111662896,22.011407504995105
Q8WUH6,23.57405055506092,24.00413829075464,23.88995140757493,23.8171653899602,22.789693503283463,23.495297321087087,24.15091688834041,24.26976326684096,24.348800542316468,23.25684393893987,23.65655036099425,23.685729912854445,22.87327812202273,23.785464594801763,23.834331598103766,23.56745922665973,23.21727772715583,23.952537793655512,24.33873640356975,23.60178214332917,23.6772862165208,23.96846464785448,24.328749122175772,23.68285530312281,23.91091292266861,23.55291392831069,23.930135009319976,23.677851976170203,23.17700618146304,23.76736645842609,24.778816894128543,23.69615002324763,23.41900607738222,23.598875009393524,24.049618979464,23.64109281491864,23.438917668913167,23.68889321036688,24.351913389290655,24.198810324934463,23.18182597421041,23.73139490072147,23.578568879605125,24.141029569683493,23.427042534441348,23.842651440571903,24.234290129402694,23.775629726632623,23.092474971441774,24.162175498499664,24.48129276563808,23.102294403645907,23.394599655865523,24.28523192946611,23.88828329863633,23.637474869196456,23.4401264827427,24.166937645076214,24.1523822260895,23.620071387089386,23.361741379911663,23.714193892175626,24.051477312370537,24.279654750048564,23.6185950111862,23.868149207600908,23.83285997777957,23.654427203060344,23.80670299727088,23.66217532547026,23.96663168923043,23.51802494580497
Q8WW12,26.307394788832617,25.51124482492758,25.85916727422616,26.667327586631743,26.48323831917291,25.838732578628345,25.88208073057655,26.51672338346337,25.809442574015165,26.118901601861094,26.37758803507677,26.172574614433078,26.49832383537604,26.09194173558209,25.648495178049437,26.46886451272865,26.479656517854345,25.57203545300764,25.902663134474963,26.60099688656037,26.001335835150723,25.96588033975401,26.1940435103919,26.265054614722363,26.884592548691632,26.020857052992035,25.558719432705058,26.17616828941031,25.95850191643021,26.140270624145725,26.128370713106698,26.47723170315335,25.824211042217005,25.98740576563327,25.925905743981204,26.40420151682872,25.8640733167854,25.059399907619877,26.18458818958283,26.15193761417329,26.341909954602347,25.426304284257185,25.992346193573464,26.408478665424784,26.46193160919196,26.195017001955023,26.225091133635477,26.405068755965416,26.155740520773985,26.22148511531975,26.26356621002008,26.43607963329494,26.05117923414173,24.97468076010728,26.233461618330384,26.507927618750475,25.95833345229621,26.21458308874831,26.131489804175697,26.513023109248238,26.172289870898577,25.931647273445694,26.060425043012348,26.451554455823143,26.461477559372984,26.114816028306027,26.20680912006565,26.35104142080352,25.482633878957927,26.45582461176509,26.39022905422212,25.36295781451274
Q96AG4,26.488487873356934,26.5177591395099,26.960015165870708,26.09332566065689,26.089570174944956,25.63158235586954,26.69565527940002,25.78689178434968,25.92960289171269,26.257575281490286,26.57350323218384,25.83608420583932,26.25747732679747,26.200198661430218,26.52259198340632,25.800193594091,26.1623080785508,26.52695545695613,26.409039700587943,25.847213337426822,26.05140404986479,26.665885659137462,26.837342148532983,25.620114547059824,26.752302378045687,25.869859649355323,26.45579410879148,25.38074494845851,26.1199210102074,26.399804501104267,27.085948382380128,25.86248388576499,26.19391179847723,26.169797815842117,26.471743384875687,26.094178131423448,26.20587671374171,26.45242472827168,26.666028679632635,25.9101635175526,25.995264491692065,26.28537355750886,26.68213054214184,25.27073992389361,26.31143481827937,26.366361098429305,26.825194894306076,26.06980259311072,26.40472347322628,26.21131860220929,26.502578908669744,25.927681987583835,26.25430709525797,26.27884873867183,26.97452841569218,25.654216535948976,26.30482189752028,26.339328111700443,26.28078324431293,25.79404793235665,26.519539358923385,26.566554375781514,26.52983204465383,25.29652572933984,26.642803004328087,26.502678621367867,26.48928635987716,26.219252341017064,26.677040809356416,25.48320635199645,26.101389875988385,25.753895815125883
Q96EL3,24.64279121999725,25.574646390476037,24.41621681934008,25.12369674152144,25.19056822824578,25.360868552345,24.42182823793058,24.72077172378959,24.68562263231134,25.5363952028161,24.87639283277137,24.56347402045874,25.184056000929075,24.95318273708801,24.328227632834107,24.566902262386048,25.20664458201792,25.141154574792743,24.80051290180346,24.828535283608275,25.350717918512046,24.558448864193583,24.89643803057781,25.078933559171627,25.932188421646483,24.840248819263557,24.33157007050811,24.95676335509591,24.450709754675216,25.340424039050266,25.68776402762176,24.48665030965452,24.72935733173002,24.390513438115622,24.733520019987896,25.26398740833402,24.395826207694103,24.554094736161076,23.947213925097778,24.05262334165564,25.126807864265395,25.80813443729177,25.03909182234128,24.55343963269147,25.040549668779803,25.64601949946566,25.108203717544587,25.461085365216466,25.04411117514732,24.777396367677827,25.18071373263521,25.41861679519925,24.99808977176816,25.004450681904764,25.06248489252197,23.27070409963001,25.39638971896282,25.10423270599729,25.247011140570752,24.579349193750488,24.857302912041924,25.87692833585141,24.347404376895028,24.62917171120877,24.8362890328283,25.242662393979863,24.866478542816765,25.73527462735177,23.93299014278549,24.477100780373963,25.19193996117182,25.31822842217979
Q96HE7,23.83375407939132,24.249885781843325,24.42513831449689,24.94933830245269,23.14384714714056,24.08938923881062,25.23368445775116,24.849562738103906,24.36172976438341,25.17718046578869,24.78780629008876,24.51987011003228,24.23620083869879,25.186875886824605,24.588422915399622,23.482894571132206,23.38852986723914,24.610301970698348,24.77665546840102,23.92602318851024,24.27119975294104,25.13248529894626,24.957606320937035,24.392911580123634,24.447871424106395,24.93275158567244,25.03286647574664,23.80675378628868,24.07662102713514,24.53054069452684,25.32417220513601,23.226963226136515,24.240367181477463,24.41989634007569,24.66945399872299,24.459810955671973,22.85460641807669,24.66283619993218,24.589211191929948,23.906096851622205,23.87220752072748,24.905074588259023,25.277146345046727,24.332872218470293,24.254200337949055,25.39110274524901,25.13946872607912,24.66780895328393,23.72276412652926,24.46093108153797,25.10189772490497,24.524467448180264,23.669678841921343,24.896368393169915,24.989068048169894,24.590838959832443,23.469929202786822,24.59038490075581,24.666295096704985,24.449617794823904,23.636943906800948,25.16745334209134,25.18993660337018,24.43685086167352,23.623735285745138,24.50355217279953,25.42699451422778,24.49067346710984,23.51099398279919,24.906340624223382,24.64698621817002,23.754944951481814
Q96HS1,24.98885003779965,24.09699740470332,24.11584839179051,24.101285600244506,24.085550380407884,24.61132091772729,24.055353885109533,23.088518959177225,23.583519668978905,23.23806945912121,23.58342541199998,24.349111169374005,23.044443724310565,24.19277722099595,23.17378119216621,24.155330515877715,24.17597200123393,24.030063782856764,23.53434113048875,24.236842562531688,24.32541193630136,23.92224783138188,23.698485648050884,24.14633205189693,24.39490180052229,24.23951407216297,24.01437592160693,24.38642452375887,23.060849427799408,24.46298216567268,24.712883385733186,23.625290144157777,23.18187744356093,23.42041202425165,22.99525913919285,24.27879311809331,24.19300670197889,24.2903677703768,23.934606325052204,24.65936788599347,22.60746515224962,24.290619351324203,23.91274338672276,24.716069547468106,23.827860970192653,23.42105395805983,23.970565393145087,24.13694342240755,24.78819555421903,24.634719668722216,24.404998480981323,24.70589586948096,22.66145407597553,22.833637344650167,22.34525672565232,22.176069776677103,24.753459163142285,22.96521521314291,24.510463627604917,24.67156869855364,22.97938200215656,24.358148015001035,22.69250479267792,22.88307805385774,24.622884657694048,25.088570175290705,23.026995199943297,24.71983255652877,24.95018284539315,24.879984591456303,24.597141890888626,22.653729024147733
Q96JM3,24.132935784419143,20.98967180331741,21.361799892594725,22.07275760636381,24.003885045343345,23.025611420896112,20.67516394334016,22.27741312018816,22.605181883741235,22.63647917918957,21.36997365846503,22.19914770869293,23.608510383895467,20.515224889651247,22.631210828812268,22.494725215221933,23.473306621459287,22.79294204865445,21.393728844173538,22.470814915607143,23.094432166449582,20.545189605326563,22.183848305255705,20.81998862372268,23.235141825313388,22.17076402653961,21.673543821694448,21.866423069584485,23.621388296032958,21.736904036366333,22.80304221586329,22.532243448462808,22.099498833727885,21.34148557787592,21.413462037397625,22.102065857685496,22.81956305980142,22.19247215368114,20.43982370185716,22.46237629808317,22.946705597736024,21.240257424943103,21.9469515688327,21.24383152232444,23.01819877241635,22.961240301770477,22.524737013929624,23.68906039841781,23.60355278431555,21.36605148872304,23.02398444705797,23.286213710330784,22.666268258820374,20.68317351233669,23.115580600901712,21.140531001807297,20.60275966423916,21.02843523303429,22.884233854157145,23.29410677445157,22.475781867526223,20.91034752387826,22.088588548682388,22.56349246797633,24.310395527677358,24.48339550121044,21.55861148457749,22.301408387234865,22.572554854929905,20.841329215120098,21.64131633775468,21.84021052771768
Q96NY7,25.688723959843035,22.923175110211744,25.05610712969582,24.71298798170796,25.610837394445397,22.75579374220008,24.90925513449037,23.75117920960353,25.71107450646965,22.88774067912693,24.24141071061864,23.985803468590586,24.19145531259193,22.730964464983085,23.99388910384769,23.295712037889224,24.691352033905453,22.99365550470268,26.454753670846824,23.71365973538145,24.72484994265864,23.12065773966495,26.49905124171057,23.98558992438279,25.790187498172894,22.62638033423041,24.416615203754777,23.888486268561184,25.02509895809593,23.27054420587225,25.039331602330165,24.17639611476679,25.415889675869224,23.07541371673404,24.498712555645767,23.881534171659894,25.694845831250586,22.760406357186348,24.591963107856905,24.479622810830957,25.360973124445383,22.73021852979992,24.37560076526796,24.468232162338293,25.791231070625376,22.532480076990076,24.514655855892126,24.724768870477696,26.01109286437257,22.833557758485316,25.173072135528457,23.873606921278743,24.946492069818387,23.04068202952045,23.744899536222167,24.31616020312714,25.710863938628016,23.107960967888623,24.180741497556514,24.02985326349119,25.58374524928509,23.13753942866413,24.20727276305865,25.043703641547317,26.022255933478213,22.417590305488535,24.019022976835657,24.55663888587989,25.697796202200347,23.20617430939692,24.37386453256888,23.786177743348308
Q9BRP8,25.97315572066901,25.7130257245217,25.646504386147505,25.31803874395145,25.71958299342709,24.806648406117944,25.36855471502001,25.280838634780007,25.87232861699413,24.44920042464604,24.879486462120283,25.446175674753803,25.70610393608436,25.81455671894196,24.349646941375443,24.978872052437243,25.818269020441345,26.175099047090963,25.319514938346806,25.28909806459809,25.5146249790768,25.29760956476854,24.870725596850487,24.575382085300998,26.32293864877817,25.097616367206072,25.01387872213877,24.73924745149533,25.330096739993436,25.10499069053977,25.88956872066552,25.56012310385587,25.59529977415357,25.270732976128084,25.49084665532411,24.977566899164504,25.36486228367699,23.98228475799147,25.217213534634865,25.582286469975404,25.50847173646993,24.87196150387981,25.41966359832061,25.59210216965437,25.474783915194905,25.33934930793838,26.34076296372565,25.506108800615785,25.212472405449248,25.24751565695349,25.089081822140106,25.58238381460984,24.115149455496887,25.60711138780591,25.34925170630356,25.41962087457252,25.99878701167244,25.599853080655585,25.411595337396783,25.56219925199822,25.85715266281421,24.95109009619336,24.643779916141725,25.496792286942355,25.919755622210698,25.784726335248745,25.669361068812776,24.535854432102767,26.009203662671386,25.09146371138201,25.010935572939665,25.270172600282518
Q9BV20,25.186618640073657,24.96424075297388,24.506720253239813,25.59031539750192,25.515772369672437,24.039665473219472,24.63569208611673,25.846618380276784,24.78883711172812,24.52155393610833,24.414050776756472,25.257184801017477,24.978943352204944,24.87177701003128,25.100674197136108,25.585849002755506,25.49587872946331,24.83876000587345,23.599809536008088,25.523884555063734,25.317499927301416,23.25411904012967,24.413740048168755,25.56893495898785,25.611600666582984,24.50735578212285,24.595947615173497,25.05044756483306,24.53251466137761,25.11841342801958,25.466510501750165,25.35969410846593,24.55066477889976,24.45552217330475,24.61290875041553,25.41603658838945,24.62944883175672,25.105744142218445,23.997233777442165,25.65139944598973,24.36192631315616,24.55059484095096,24.16452750726906,26.12257029271967,25.076507861088583,25.31330499448286,24.133064240831807,26.06761089956377,24.42394871064963,24.20558368720906,24.4130146805235,25.98823624600745,25.35983011289515,24.605202772189784,24.966161651880924,25.97408013531725,23.60196938121248,25.67304629566825,24.149187206376038,25.32845376292762,24.57226904636558,24.036157531861537,25.37112436799549,25.277038789195792,25.229674018189865,25.090259823004715,22.71577953749504,25.0975641842616,25.243540199863872,25.79255818966589,25.07896316677662,25.777989414099107
Q9BWJ5,27.584172796117468,26.93235983329293,26.86961484858693,26.87403683881487,27.03580484521611,26.941608274542016,26.336924480749776,26.84079821401761,26.93853460420521,25.679687827089104,26.23837589578376,26.45239164492841,26.739799365777998,26.4794095807009,26.571962063826664,26.802196835846807,26.78901115163266,26.73584116664457,26.83453074259624,27.189489265199036,27.17724012872146,26.899192884091853,26.721165918572776,25.618100219763782,27.26936797699691,26.71252883286192,26.56422449632301,26.717075714534893,25.93886127551491,26.668477772209865,27.46314890118425,26.9879083986317,26.665950409911424,26.448194198119545,26.628689642180348,26.090441398466464,27.04239059082625,25.882324120473736,26.273470119381063,26.606256004629483,26.84023815554263,26.95500206398845,26.18809050251386,26.938453137897287,26.466556518385968,27.2539014927514,26.80190305129849,27.167080628293824,26.83001777209593,26.289095855280035,26.353685940735485,26.960531495266057,26.70631643539689,27.019895705762227,26.730541293141343,27.08844041088643,26.60151471202735,26.801154561296173,26.07866448428553,27.12404685115385,26.864025230186257,25.96743919050165,26.71065930623442,26.907095427857826,27.206670998840877,27.06978050458855,27.09712242941376,26.53032754736634,27.06037416579932,26.81460069187928,26.76705812331748,25.881304839500483
Q9BZQ8,24.17888812785072,24.98900438580508,24.47986561351881,23.526296698938825,23.798771676118907,25.132817207642244,24.57406088801338,23.29660767246736,23.903834777963677,24.760522230423536,24.618300054803463,23.67239835329261,23.52724849907763,25.071519810717252,24.721467739486965,23.58958657158632,24.16228059987813,24.97016938398965,24.82376864560639,23.192951989018734,24.021241447472025,24.667647998848768,24.14623932803513,23.782458148246967,24.865110217618117,24.7512097611382,24.32389659854178,23.65985217707625,23.44399124301755,24.618264236461748,24.939782376870767,23.747614476715324,23.580543287231087,24.53788793335345,24.92735492206845,23.195037532500383,23.673098798007803,24.066817890790887,24.82847276693878,23.370569397015775,23.792937152149864,25.08136593261219,24.945560385754813,24.090373660687227,23.652739553398867,24.833273309106247,25.001420084625583,23.66113265490827,23.88430459888241,24.68654504939254,24.476465494026694,23.572869659610028,23.86169335778027,24.843336106165424,24.941442423679284,23.165200207914584,23.76745019098148,25.143119854103677,24.245737508289217,24.02424242705573,22.97826596344438,24.17191264251284,24.562103952681483,23.975134419188077,24.586246933401377,25.10605102710479,24.814356708570187,23.273054750530434,24.212036397582743,24.8497936199388,24.453661136042538,23.83130854387085
Q9H0A0,24.63006184887509,23.39068558218704,23.293769877210856,23.22784314708863,24.3545709318578,23.13261106690227,23.760300164831907,23.325822658075293,24.09905588734108,22.9577290792329,23.90217489537869,23.43424151985421,23.520776620106364,23.121114451270355,23.083580494837925,23.21042864547058,23.67258827506633,25.14417745324548,23.83523871638489,23.207397977749388,24.07641631878528,22.930405509580567,23.9080450795746,23.260080265000777,24.44737576183644,23.23248346240932,23.58308269160269,22.770662557299943,23.575302591350457,23.69619082514555,23.47741311419724,24.825213294259516,23.816791426351767,23.14193082136426,23.301494646351724,23.47162747011783,24.301915450138964,23.927381884259702,24.281079400883858,23.619441009141,22.94012579740304,22.876323391703245,23.897327269384355,22.844896263745337,23.94991650890476,23.22614691467115,23.94807023778665,23.119319724881574,23.8144069225596,22.15757185690162,23.30790510756193,24.013221585685525,23.931412348194502,23.450479435513756,24.198873153779857,23.79546603852669,23.97125950093656,23.73284476548992,23.214213135065,23.64470678721477,23.86633322818619,23.04033232585097,23.981202915723443,23.40868135294924,23.540616419854075,23.13668501454745,22.642882947732097,23.49649032281582,24.634500456621904,23.99969673471069,23.08088328121576,24.20630296873237
Q9H2W6,23.117435315819247,23.17909936073,23.957055671530963,24.201528662993724,24.25315587528628,24.048396732703527,24.140112705045578,23.92843039442337,24.08478972608109,24.03899808581905,23.629856172351765,23.770212978080348,23.73228237081135,23.777075996314448,23.470274522183598,23.865921128686125,24.365929543489624,23.885088821379288,23.865334468520945,24.18262640741412,24.010518829804127,23.954025684304757,23.99981814454615,22.996886131923127,24.05853681344238,23.89659172703343,24.131574630950247,23.548150235370706,23.998217039288992,23.09799928738696,24.087830851993044,24.41042467720981,23.946226512638148,22.90159998827057,23.85009212607005,23.781397449980798,22.99907681322512,23.436453532123487,24.351722821025497,23.56458974232303,24.286524747169203,23.683479943408425,23.514126128528368,24.204778513310497,23.266408324669825,24.306511694909016,24.197955726634248,23.527043442708624,24.837556808392183,23.54948015747698,24.13769750217684,23.91366319409949,23.685648288433036,23.47966075283816,23.997854802203108,23.676737788524388,23.26512530191762,24.2935862923778,23.79920940399837,23.559982608966617,23.69802092567118,23.86436205007585,23.607395669498903,23.68128568110641,23.969744298073994,23.64796855921591,23.90843799094491,23.955704395571917,23.85858417154953,23.808022819237475,23.62098863993288,24.406609715305372
Q9H444,26.15194593121965,26.14921026867249,26.31483256207015,26.12556002783342,25.65326156215269,25.78133777904978,26.278891710454747,25.86674218432101,25.340071216925796,26.353085812214854,25.74325779366859,25.594483142779676,25.40297521179378,25.73272634159711,25.732980624201254,25.742854189621788,25.89174978767716,25.757116978800155,26.53229360502092,26.21477657672887,26.263089898958476,26.52738055889915,26.526906153585987,25.855671086882133,25.95392680158546,25.925328803275285,26.003444815113863,25.886210793778677,25.43920130819233,26.010996303002734,26.721916798462544,26.152414872042744,25.378071840158533,25.918332697148305,25.94897420257565,26.112487018939152,26.314186781450854,26.30284328854074,25.675360958750435,26.31542196475504,25.7976002031699,26.397228928812307,26.0601307521199,25.989876271734065,25.859927852175552,25.906150217997823,25.7349614563933,25.15392325344621,25.505695998042768,26.08688097021225,26.33998549895595,26.17975638942097,25.643748510244617,25.96449464636896,26.30799818495248,26.059409227778435,25.551347169935767,26.31346151365586,26.047757103894373,25.75750070509365,25.66740804571016,26.05619074768232,26.862761544533264,25.91192596473981,25.68736664254975,25.96732643936649,26.040591509775428,25.98991836556625,25.57194102164521,25.946919883032287,25.89852993841456,25.814839607168157
Q9H773,25.1171392637987,24.72516626737666,24.94628027840792,25.184294786871583,25.244943528130708,24.683441863365985,24.89974482024094,24.10731753669689,25.35472368367241,26.104565937330797,25.59976609745125,25.178806533568505,24.093338971901886,24.956306316166664,25.733105445583597,25.17346090099788,24.899544464594403,25.601462790936456,25.09661965529309,25.12714876815924,25.01711293698443,24.86056772765166,25.40132952288314,26.002670837222237,25.448948803799944,23.76765457524076,25.80902667481423,24.899956839999444,25.451336106981945,25.28520805972721,25.517788144887923,25.12340832263145,25.152326905430023,24.259375276553797,24.896513937992957,25.134887153688062,24.713996994691133,24.92914589557098,25.132566549207088,24.743922500562046,24.519036146262856,24.600550539636803,25.16558115047349,25.7871219659544,26.03756737595696,25.223395094737228,25.022549178501603,25.60685986541273,26.082339305464423,24.70603819838999,25.227710939176767,25.074765417739357,24.95283759942712,24.768363151826712,25.23450267139079,24.78796302497372,25.112012935280703,24.75357041116608,26.068086850379323,24.63627909730201,25.73573623586652,25.66253061747153,25.247183308203017,25.205086155016385,24.926108631798364,24.38485738468937,25.145994206312697,24.093533925246124,24.99571434114599,26.222489453525327,24.666222058969662,25.001481650888596
Q9HAB8,23.44809070530707,23.518622491446656,23.644545669776573,23.962129846947377,21.997157677709392,23.793367017888468,23.78121702073221,23.52392903254589,23.680457777964733,23.133284473462897,23.169230593325278,22.968012807643916,22.705938965515557,23.279941941304465,22.732187844842656,23.25608291740696,23.46138179965308,23.17597091843442,23.45126226713409,23.41729748554667,23.211053869010566,23.27173525300962,24.071177743837637,23.9960520421111,24.08521940092656,23.605698892616545,22.8138065158759,23.21836102593341,23.30291910771704,23.417505672415903,23.667749762167837,23.633698080457687,23.448780601148474,23.635925830138817,22.652375262502694,22.765907628673848,23.57515133379697,23.43525092593704,24.008751867948742,23.48655094836039,23.126440701586517,23.7721462291643,24.07130462263208,22.736987609912426,22.8213339345844,22.651477947764885,23.396122836309655,23.70842511555639,23.02901875407767,23.193931983786275,23.955511719281603,23.43112236851764,23.199139292768415,23.94926731130048,23.412417497493315,23.3359664697659,22.47937572236339,23.078595804732736,24.009419933336865,23.24890531013428,23.215387631677192,24.436658686026718,23.72866504711672,23.357819622627773,23.05968432586413,23.269331625118923,23.666953891250024,22.95770106902907,23.16340532940721,23.327635227705937,23.111807598713483,22.92056805740629
Q9HAU5,22.049315735403383,21.77749084543382,21.54403205122108,20.84988671850837,21.598079476209072,20.78629063513965,22.10212627704011,22.00947609195211,21.64083512968123,19.483180911828285,21.629885739342896,21.54124172336753,21.51926951184388,22.00955884502816,20.869242789441454,20.55716461258843,21.67700550563324,21.42498944312338,21.613949810327156,21.07476936504757,23.2745324674935,21.213590978599274,20.79347118653716,20.709330979733775,22.03348395194786,21.093279090843712,21.00288446281424,21.019523083865653,21.620648581225545,20.927336193272463,22.416019441183515,21.303203285897364,21.32585693216476,21.29813507839221,22.330121520336235,20.370426023530648,21.32649930392941,21.20094540831185,21.355702300983666,21.76058750174145,21.42311538299122,21.35032404548203,21.629971883042447,20.939868063975982,22.09913962939587,22.16212913575932,21.366974786825203,20.923389580423944,21.56239933294481,21.161512090921807,22.34782835616564,21.66741106926451,20.69088455912347,21.33574354240812,21.7992196257654,21.005275266544533,21.47908587026892,20.976652738497965,21.55900139586478,21.261487262774946,22.23487213237832,21.48738733723261,21.11346336700452,21.69834052852962,20.081865687061548,20.27322379261952,21.94203204239264,21.927268451968743,22.20471726886883,21.08675984278115,21.027978985778752,21.93878833938668
Q9NUJ1,25.49642904574836,25.96475222070206,25.369147121347364,25.639429250624666,25.50936586860897,25.74577439462813,26.298430042224595,24.798721922298785,25.338581238326984,24.81915695307365,25.567103502571427,24.635376251782382,25.657221142158253,25.929748523305555,25.10011946392437,24.84214589532027,24.9116610828218,25.93682886066324,25.879854502585115,24.611192703017085,25.41455382954054,26.45632428412243,25.372441994216707,25.26967238734239,25.89703426866434,25.861481794021596,25.259165351441958,25.097319812860267,24.732998385310147,25.83027012733476,26.008455109178406,25.522844111222074,25.39198941467092,25.72609711750181,25.37568406188648,24.68192160087148,24.718526966970007,25.227439291884185,25.6745433870488,25.378803798021835,25.27155666404299,25.974036805083784,25.67435818769412,25.13506011894119,24.922639534500693,25.802401478534467,24.879039889181243,26.388720683652164,24.95586509481963,26.373380345423755,25.275608270867263,25.69040764501392,25.27490523418381,25.022868184013294,25.48590196288041,24.27166287493822,25.764461996320144,25.54931319703572,26.07054525111416,25.16065541140157,25.282177487170035,26.053128341058883,25.94086234090099,25.311117532267623,25.3967223901541,26.20491351564174,25.98276026120067,25.516574800193453,25.37744503916437,24.394075275383056,25.40517572024229,24.43900643124131
Q9NY12,26.662366433268627,25.65266188239324,25.972167991926224,26.31184013466804,27.03748896708596,26.33782547938853,26.1164898003704,25.81562348483958,26.65774450646807,26.134735880184657,25.91529464965639,26.444410006266345,26.530298822539223,26.22344734126847,26.21583081613977,26.158501055259237,26.84457891764673,26.050107917907663,26.49493492011013,25.70568832570855,26.78594253011302,26.147841770181653,25.737178969311092,26.307202327911096,27.00339611291649,26.13069872852317,26.21554373092013,25.975399052635783,26.452634065157767,26.199273357845836,26.649285054008367,26.350305168437245,26.530323834975576,25.01320754013065,26.31981659564712,26.280842208634414,26.67219123432588,25.241689998700217,26.466328724349417,26.39874733884987,26.441463271983547,26.412189972327795,26.194187979904147,26.400165233079065,26.63537934495029,26.304700602457817,26.395819733794987,25.246872342031413,26.824698485482013,25.841872401577184,26.352727746384293,26.05428079182133,26.79013790646336,26.34176520790551,26.167557940179584,26.362053240878375,26.576906459093944,25.954891890450664,25.72578249403867,26.06523553113456,27.03304369183824,25.84109339573093,25.95753315043037,26.574347387201637,26.042072211944028,26.42143322688714,26.422112027521592,26.269170199507126,25.4683936692793,26.323971713874485,26.53952986059581,26.17860695098788
Q9NZZ3,25.34025473852349,25.055044055686185,25.399576415783358,25.33168677248898,24.837346522924687,24.907242388164665,25.492553160912923,25.27574884583687,26.922041606995062,25.04269224393483,24.91340656912708,25.172436544691568,24.895269726987344,25.0016540118043,25.00818222413064,25.308135480811387,27.051328629069328,25.28044953953073,25.161669845145425,25.30612345190999,25.020961067378487,25.478639974732022,25.21068897249864,25.412937009071022,26.25856555090221,24.245007879123445,25.750909025465,24.630298667095783,25.18231798066406,25.959378011798204,24.74607094666888,26.062705669730413,25.737177409508305,25.712851190121192,25.49825462940084,25.945609891811447,25.43311993740076,25.676433116909767,25.68478539578144,25.943843085305048,25.332189078025333,25.51290486574654,26.203075874202565,25.646354053691383,25.50731927655824,23.868818995694483,25.62558228155817,24.491407850909816,26.06943623587064,26.352330888648652,25.440632534215684,25.583951191079976,25.26769219314502,24.88233569537769,24.99906324085793,25.186573738445016,25.13503022202215,25.04833436402454,25.164305115409928,25.339603881056707,24.707874065466672,25.06849741489098,25.253264844865438,25.370472617824326,25.175097698017584,25.050027132636483,26.2575655677907,25.460702799275342,24.706179444432284,26.113779508296577,25.376799623066955,25.998083123837475
Q9UK76,25.582027786743023,25.631390795775893,25.5487250605257,26.05192360531547,26.366111517316515,25.375187668963783,25.508627983864773,25.99137930217914,25.67601336878305,25.42661109431708,25.388210953857158,26.177620798668684,26.565897319774688,25.68552838399261,25.293655092507503,26.115116639669942,26.32799142951379,25.328891890865872,25.049662541596472,25.589023907409583,25.71382185493028,25.028880966731155,25.29291054807977,25.485021921324023,26.366472149858808,25.244225787014763,25.43538939792636,25.90932733271099,25.645778785031784,25.27253522046516,26.072269834762825,26.19545928323965,25.824992701969627,25.23083816631005,25.577921318617616,26.066345070475588,25.93144364708575,25.566717682602665,25.610140113124015,25.923389662822764,24.28390394359148,25.52698360980509,25.903229346057387,26.160247028611188,26.22109699679061,25.87618370738557,26.003209907749213,26.237377862099613,25.925475008276152,25.278501267722987,25.53017797642093,26.27782996517083,25.982425648502964,25.41493165758102,25.773107623042712,26.281976416422417,25.331466797532457,25.51459158991181,25.11250823738917,26.20142070228513,26.23821813505685,25.37451935776603,25.52523646379195,26.204473480578248,25.52223407050391,25.545168225016823,25.725039343527925,25.98151121338033,25.709925172362,25.331014102259104,25.580220755191377,25.85038088690361
Q9UKT9,24.260034071900986,23.742773461100278,22.18380946407881,23.90059748525847,23.8003571144815,23.591173672482096,23.18911266449444,22.746082442133066,24.16750542744748,23.79080295840691,23.16275443193932,22.587111867952757,24.11405599383377,23.436023204785077,21.71772215083429,23.27458152606769,23.549045451434047,23.33475397103072,23.45886065040085,23.941041678627126,23.85104942401763,23.227246645485238,22.649174787478994,23.83264136525241,24.11369181852695,23.754714693885152,22.870990978943308,23.66588927007665,23.63929659369483,23.585322848032863,22.24647305578628,23.842734785814688,23.510089815593627,23.26972268625307,22.014966899222227,23.88969530045046,24.103523669168368,23.888528555430334,22.304769691088232,24.26187490406541,23.393825197066377,23.01721018259321,22.875003544704523,22.92702350323204,24.107590577894424,23.50792903130548,22.8324955764616,23.63508880818605,23.36995033013369,23.244332352400512,22.889954090572918,23.457550153595008,23.6692203066052,23.994720869184302,21.875996851937284,23.729576084973697,23.871031190250537,23.53949539899936,22.791233309093524,23.948686173506477,23.739454526117157,23.693428974004487,22.093489775265592,24.48741889258173,23.62229321358788,23.62496534027297,22.660915435722533,24.11839813118117,23.231711428623584,23.32857959531598,22.75483313194152,23.34461425578321
Q9UMS4,26.70561416812224,26.21483161591047,26.104424061670542,26.462275546794565,27.06967512838957,25.976666223413,26.05287565857755,26.082810101498264,26.357662046738287,26.010004699832727,25.98276007806421,26.31033438110195,26.24583145155638,25.916825805020988,25.69496074794156,26.162160179492595,26.084611949696864,26.332448732543263,26.55792479996074,26.113687705141047,26.49112714629903,26.091232809366687,26.457110009886996,26.32329551812408,26.653102636145704,25.847778669019483,26.247915986708826,26.076548291280027,26.588227122204128,25.94887913915636,26.53710858710928,26.60022823816601,25.985347043539143,25.97441374629191,25.928588856661914,26.15472104438841,26.04167267434057,26.44338418916597,26.36806267053225,26.25232264223303,26.07230573625619,26.2841517887635,25.562789703306542,25.952756204165823,26.44646666797013,26.20292853216131,25.909283203403845,26.89754908707581,26.521775390752957,26.211699139992614,25.925497186869126,26.19044577029069,26.67083645209518,26.42721032108611,26.165178858329245,26.19766540333953,26.363944369273717,25.872904349392723,25.838082564791943,26.299076723477743,25.70216946191656,26.154537701120823,26.12714264874213,26.21635301405166,26.32589019240214,26.193263974838747,26.088894656294787,26.244882408198805,26.689269222733294,26.44164583119011,26.03981526341719,26.27729791034872
Q9Y2B0,25.3235022702753,25.807514938266763,25.543314926707847,25.35913362296533,26.25938404712593,26.28247323385807,26.216204254775597,25.81168466565192,25.414519316038596,25.82454538231623,25.657422994922843,24.899812954569278,25.70748075262949,25.933751055411783,26.125326337018752,24.868884773592377,25.97063610012022,26.09682665081073,25.876550422984423,26.210182368765796,25.22371189902084,25.732161750830976,25.11726823352848,25.514463067384064,26.20397084024209,26.131752610561097,25.73273202126133,24.961672170573237,25.651982285316237,25.27666304534566,26.700078935062397,25.664297457936247,25.825741242170174,25.56882939590432,25.803325313827585,25.242575305722788,25.487215542508856,25.447661566262543,25.918844740510487,25.433119511351855,24.82855546908447,26.228301862705447,25.65718123011524,25.673247001766168,25.81021703166191,26.19636031875025,26.122874677825635,26.10445055940228,25.64745070868949,26.13285139320945,25.88540369204581,25.02064322550853,25.650018195964325,26.302324285521163,25.97992517346207,25.2461283447256,25.539811302825846,26.25874280443401,25.832494873871088,25.054740222395917,25.436666228860005,26.37700376573541,25.30996256295661,25.91512545251764,25.43176754640037,26.48243216823457,25.41298201901511,24.957571154426443,26.452177539650556,26.464434260437187,25.15043154099316,25.16111349922712
Q9Y2V2,26.23661675632869,26.62097367335304,25.174288909840257,25.986915215656797,26.185583392236698,26.481039268408555,25.701163643059253,25.765843311334848,25.16187699293708,25.41016126253136,24.84975367228936,25.229758187013047,25.58256649964573,25.823208010006415,25.11965200001629,25.8645270404561,25.677928691365928,25.739313794282268,25.12634273459352,25.87658283443772,25.485213530384275,25.96197335112605,25.586282715780825,26.91857041625625,26.02826934597612,25.823594082961733,25.611370450358116,25.80937140829701,23.541352095312515,26.20873852892945,26.38841968549162,25.99152677958963,25.62141180904202,26.09982359609585,25.6775582289702,25.767485765145697,25.167703303120355,25.691524034196835,25.58391545528217,25.4460272016731,25.23081788238285,26.11150257235977,25.60356760692307,26.23022894036856,25.704659051356643,26.402303665025563,25.406912314202494,26.34992260770304,25.23547245412665,25.87903605092573,25.36487929300356,26.18400100161585,25.497681719857987,26.569366833912035,25.29961209043186,26.07871204694693,25.25592616437471,26.146823962097,25.31871917951802,25.906156356595307,25.25055555703457,26.29636390884857,25.51898789955796,26.14005588108743,24.708946006355003,24.57256851732872,25.932003098874617,26.2341789460682,25.791036183968085,26.04532896025643,26.237553254480385,26.29359612536879
Q9Y3B4,26.23819190144408,26.29673137490952,26.016043370669827,26.29850779554676,26.06819713211761,25.965608368743627,25.56260004434344,26.24559781161409,25.933173775891284,25.76926015695689,26.29537209925745,26.733954511436124,26.19352790984628,26.242031042950167,25.581123593726844,26.130250368077967,26.746021396352763,25.64984339334467,26.225939450012405,25.70190994943496,26.62780004227182,25.8895613522884,26.4504107026036,26.42044443086823,26.170606749477123,26.72867695982738,25.85275144783886,25.58269835791213,25.820461793961712,25.75147363873156,26.22988101375381,26.04577164777801,26.00031958854918,25.731320725166928,25.77594904521133,26.73573964115736,26.67689629522633,26.52487195637708,26.22645735973798,26.495851972406907,25.704643504301934,26.486933880271625,25.80349309201789,26.24191521526502,25.505963497983068,25.98472661974991,25.95244026393114,25.949947486614207,26.35901051305548,26.08754046701237,25.68794044893257,26.51018213983739,26.454778461167027,26.35845202060986,26.20463492024802,26.344750997030943,26.21642265541889,25.55531919420102,25.90429561425857,25.917422918506585,26.434284718813988,26.625707180655155,26.32982444453389,26.458290520948264,26.03898918042713,25.77223998358722,26.180212712285577,25.41701982972576,25.912460826330797,26.23441748732672,25.79199397988005,26.26191745749354
Q9Y3F4,23.40889820988409,24.37890855641387,25.22605537989404,24.95756932248335,24.89408126726566,24.78444794406377,23.928272867164072,23.78038192548105,24.710592696141983,24.85867634675372,23.47420110861716,24.353433621100013,23.39037609147176,23.508879731980265,24.10689194485108,24.30711095655124,24.219391509810308,24.602746447695424,24.565439979563017,24.392290898406515,24.85441798172779,24.759443134898472,25.250671998295022,25.122378818726038,25.08340654118313,24.437808837653638,24.258585876733925,24.19771449500269,24.22755537927761,24.522338452175354,25.287204079026534,24.85897491391504,23.34232492724404,24.248224072034443,24.63424393837253,24.23774479703489,23.86885019944953,23.95112468647412,24.53486434913907,24.715098430461826,25.081208532761337,24.29491427721084,23.989760310482872,24.39952552529701,24.205956918331047,23.99781166833778,24.28326577379401,25.789388722221982,24.253231504250326,24.989660974436383,24.50848849354085,24.5870220715362,24.4140381294236,25.67159748001559,24.60390304841838,24.14307505581461,23.237985370959585,24.325050046670743,24.093457458714155,24.066435393774864,24.89136285853946,24.621771453135555,24.153558400443263,24.209796914307663,25.18888527622296,24.55869400866229,24.69495155624668,24.600750903956715,23.31320545457679,23.27454829131482,25.034129603221626,24.48968367887527
Q9Y3I0,25.030508770247568,24.251044128297924,25.65021157344704,25.3470787649123,25.628661817559628,24.659918227966475,25.31288049341232,25.324702921959865,25.0679670432625,25.58991449679577,25.67358428171729,24.816763154686686,25.30801144210779,25.479647441781637,24.868793608185463,24.33207493955132,25.463812739943847,24.64439760573581,25.325601449636157,24.843153845552827,25.496950229472898,24.53591336204787,25.6407921457452,25.960957630766707,25.65685435512689,25.31084808312145,25.363873478097155,25.014710957886997,25.283166754075385,24.257329790929937,25.75234781152011,24.57233613576311,25.020846749608967,24.7340685137868,25.39175907085841,25.63199635685999,25.437907911504027,24.706048893180167,25.23865854380134,25.486373972870474,25.529953098596764,24.0572275095751,25.20242399467521,24.90248010964876,25.19784989611888,25.46422153527444,24.556839927421077,25.907396539085862,25.34190166190748,25.26991495489799,25.41847399516387,25.534519658441727,24.824043399273418,24.948430808006236,25.565668360003315,25.15140587995677,25.229675188562368,23.625685644676928,25.234590228687704,25.550754726150775,24.649500379451418,25.292218789376182,25.04718100419019,24.79164564686338,25.68782001832318,25.290650886164592,24.976122241542388,25.456175174485622,25.485119681844505,24.991974631430512,24.84797500694085,25.55914104065841
Q9Y5B9,25.48550226347288,25.0252794447976,25.358321253482725,25.374873030878028,24.96346200125926,24.40318557728744,24.890563440636587,25.437232400278905,25.200717709113075,25.27090969061912,24.772369110694918,25.457475967791037,24.98084976663846,24.829323475520365,24.8352949155882,25.714516489665787,25.37690015420915,25.017006134378097,25.1543174143222,25.256989237176,25.275014382836456,25.10698412335846,25.13750078555261,25.61712046259208,25.78504152307781,24.7165190443608,25.01836399565549,25.43685288744756,25.26666912603563,25.174590791530694,25.267382818580064,25.449066760022504,25.15978234023334,25.00214161801027,24.730539969592197,25.1974653779271,25.310508489313293,24.8038611920352,25.07184904279827,25.618072297497875,25.123261019464262,25.063962234137197,25.081890826605104,25.16637390074287,25.270777275545903,24.810438729181488,25.08031804102456,25.768354363633044,25.24542876840505,24.85740856054975,25.149783305025565,25.608844906173434,25.23799878947398,25.02867729473592,25.310551364001103,25.542772990077854,25.12376790368247,24.858044976951977,24.836838092685984,25.533592427844084,25.363213674746685,24.76883811904021,25.015614683327755,25.3584460050826,25.68727267557057,25.10767437785892,24.94838426408341,25.40540243217572,25.44913661574946,25.1002103527886,24.836288067918154,25.170006107628875
Q9Y678,24.039566691938877,24.300536476783023,24.62693263110886,23.986541383141525,23.60475400362817,24.255592416901614,24.2267219367921,23.956359321929227,23.742599882217142,24.41805239527249,24.361258563356117,24.22407686618397,23.7844555522705,24.275002455811634,24.36790043571593,23.8951031465879,23.90770077429312,24.39864534210669,24.48854585369176,24.120938273331515,24.064822688441225,24.369464638062134,24.629315854154317,23.70415605261016,24.406431119107744,24.20997576621833,24.01618651720368,23.800746795341155,23.79482880603378,24.2035016259338,25.005918828278148,23.994781956256976,23.85818395782167,23.99927589762424,24.700117712384188,23.945719958647693,24.029246335659305,23.848600582179326,24.1570455820735,24.31294683624161,23.679359535980694,24.44340763722672,24.236270422788724,24.48362482542981,24.07328458313831,23.814892068342804,24.645474461127176,24.29818785445948,23.84477503018923,24.138593333904645,24.46312601796064,24.13981450955461,23.897010343146786,24.51206748517327,24.660982607840168,24.21285690621687,23.833978062903583,24.42294281784022,24.05612792563758,23.78301296533103,23.42835037336016,24.259927183948207,24.31596332958243,24.13702239349456,23.222734142333547,24.675929456761533,24.311905383952723,24.184842957288296,24.37088515946104,24.217925125369327,24.290294850448035,24.167504724288957
