ProteinName,DDAAPT-D5-1,DDAAPT-D6-1,DDAAPT-F7-1,DDAAPT-M8-1,DDAAPT-D5-2,DDAAPT-D6-2,DDAAPT-F7-2,DDAAPT-M8-2,DDAAPT-D5-3,DDAAPT-D6-3,DDAAPT-F7-3,DDAAPT-M8-3,DIAAPT-D5-1,DIAAPT-D6-1,DIAAPT-F7-1,DIAAPT-M8-1,DIAAPT-D5-2,DIAAPT-D6-2,DIAAPT-F7-2,DIAAPT-M8-2,DIAAPT-D5-3,DIAAPT-D6-3,DIAAPT-F7-3,DIAAPT-M8-3,DIABGI-D5-1,DIABGI-D6-1,DIABGI-F7-1,DIABGI-M8-1,DIABGI-D5-2,DIABGI-D6-2,DIABGI-F7-2,DIABGI-M8-2,DIABGI-D5-3,DIABGI-D6-3,DIABGI-F7-3,DIABGI-M8-3,DDAFDU-D5-1,DDAFDU-D6-1,DDAFDU-F7-1,DDAFDU-M8-1,DDAFDU-D5-2,DDAFDU-D6-2,DDAFDU-F7-2,DDAFDU-M8-2,DDAFDU-D5-3,DDAFDU-D6-3,DDAFDU-F7-3,DDAFDU-M8-3,DIAFDU-D5-1,DIAFDU-D6-1,DIAFDU-F7-1,DIAFDU-M8-1,DIAFDU-D5-2,DIAFDU-D6-2,DIAFDU-F7-2,DIAFDU-M8-2,DIAFDU-D5-3,DIAFDU-D6-3,DIAFDU-F7-3,DIAFDU-M8-3,DDANVG-D5-1,DDANVG-D6-1,DDANVG-F7-1,DDANVG-M8-1,DDANVG-D5-2,DDANVG-D6-2,DDANVG-F7-2,DDANVG-M8-2,DDANVG-D5-3,DDANVG-D6-3,DDANVG-F7-3,DDANVG-M8-3
A0A024R210,29.6468632048526,29.03585429854433,28.88957568492225,30.53778489053532,30.032156255066536,29.424678942217405,29.23290748491353,30.178606478069064,30.19062037081165,29.294321674505586,29.31235709807301,30.356519659833,29.712748309902643,29.3723144834096,29.2750322554514,30.446462347965458,29.88312331987344,29.15894699933582,29.229028696766296,30.07245109530966,29.78989254422933,29.445753175553264,29.355332149039665,30.64277094894513,30.234394074514007,29.2108981632376,28.977437428155323,30.139776337231524,29.80165761257415,29.34737119906711,29.936691172078348,30.32107004177554,29.87058625020032,29.30837210207064,29.29702935163524,30.27688621910494,29.49578165817027,29.50249261969251,29.400119189118257,30.1669246382395,29.51892742286999,29.3052297156336,28.801314820150456,30.511394323546053,30.18208396350745,29.27137126297208,29.53694952281409,30.450381440267066,29.89095731005346,29.0942876059428,29.426802611957516,30.362310002485703,30.09228183633942,29.15772544489592,29.327760652009303,30.207398741834087,29.88091383584208,29.27058112044888,29.070065443218294,30.47085303136085,29.821253805245124,29.30130858683117,29.34125311599632,30.235759421099434,30.11351641389917,29.419725521556195,29.392948065866094,30.628351890516345,29.87391510624332,29.286028687375296,28.671349111034413,30.101990384577025
A0A7R8C2E8,30.672719041926808,29.95034137410041,30.1946986182799,31.070488333554792,30.054261789668807,30.02885071939416,30.799379838608925,30.22293264757584,30.074646279069,29.626811767185064,30.484034106771404,30.169970378497467,30.157975279756503,30.391113921272517,30.50033050907383,30.715087584292668,30.35055306284708,30.321014875101927,30.474947203630965,30.599966486452104,30.27135253620477,28.55862570064208,30.14587367855764,30.50127761111313,29.032297364839355,30.4754429670066,30.565673529214138,29.699169617410927,30.31676773218402,29.44762332180655,31.03814466612659,30.77835287815439,29.32709645816368,30.50081320908324,30.64179189940251,30.73181276881557,30.552271344742167,30.757032180475186,30.88367173135067,29.829872256774124,29.970623195776422,30.78417956280833,30.774942361614187,30.08799815946675,29.490906378053403,28.77731296975883,30.228855150340703,30.839515284057924,29.9767815271136,30.04408033017125,30.573677064262316,30.741945237614424,30.01202293581304,30.47519002829007,30.52111580657329,30.773144317359392,29.88510202986367,30.145329827745943,30.195781070441,29.53846589988297,30.17813488926984,30.193243757613725,30.416038016192005,30.530020085357307,30.2214103394237,29.88770057116725,30.32471894452207,30.850419591378994,30.25791464637672,29.72512947226444,30.10996288264011,30.494041689673228
A6NDG6,26.888583240504907,26.702317961424185,27.61839286198271,26.466529645803305,25.881026443318305,26.03033598939581,25.65480412381733,26.11961932143466,25.76495321852152,26.356160799094823,26.288128132877763,25.91883514923627,25.736445268984458,25.594861898812287,26.00147738806872,25.83787714803994,28.29758607421656,25.76886786283237,25.49715829781972,25.796191396183023,25.81526562754174,28.353033178271318,26.02177186989621,26.084422739789066,27.09722943403075,25.774533937062184,25.675664142215528,25.538932201191667,26.233535333835,26.307736033050148,26.535048276099904,25.949772437028223,25.75092957929792,28.302690393223404,25.83891980208854,26.10866155437609,26.35301727125529,26.48678068664452,27.28529314845595,25.26695375756865,26.66646599115224,25.02529935557144,26.738761543413837,26.53140543417962,26.499784365526253,25.45250506475058,26.614645674781745,26.991279914887777,25.75671253974321,25.734484178731734,25.73931516328614,25.78193183544003,25.70338702641315,25.78525030835831,28.53755158417264,28.420968783564195,25.794910657815628,25.711394608517733,25.675567348845515,25.677059925758744,26.123580576874676,26.331013964578155,26.519171076945085,26.89199399068718,26.43544821400196,26.67451813302705,26.581154473232555,25.89398720735952,25.88973114067589,26.088610480833847,26.129380824965622,26.02073759962468
A8K2L4,28.944323584840213,29.61391597810897,29.029114801806205,29.842930899907564,28.760366240821,29.583994340189847,29.19246004386032,29.679109418945583,28.929029521641816,29.06521344151204,28.68344988856034,29.128096015545367,29.0826068519359,29.652213020108743,29.270802297099397,29.389861800099315,29.015205096491187,29.609250195832335,29.38837047718676,29.63186032027176,29.04695836107277,28.851156334792687,29.46173197769104,29.202871225249808,29.57624316324606,29.249863186366643,29.20643185165004,29.28499902504459,28.826871696662344,29.31160868852658,29.95745717401766,29.531495312068014,28.69806810013028,29.260271559509263,29.12789849110361,29.42617161483744,28.67541001240625,29.731957898016702,29.16826604883648,29.65750295842388,29.049812988552077,29.10336565810223,29.178497687699718,29.69109203208065,28.570110188443216,29.41518847556052,29.64536554461337,29.0927530366371,28.75938603616548,29.305349581898152,29.22171605191309,29.39388812705778,28.7879905008296,29.384981045745977,29.884336128934567,29.9751617163726,28.853273207487703,29.33936439495889,29.152195798053214,29.328132712062708,29.11591337732688,29.614344785102112,29.71746639520517,29.648043483581432,28.53238821674102,29.12328872345944,29.010263160222294,29.69098302674665,28.76156360756788,29.22261117217357,28.97593965388184,29.604822955089645
B4DVJ0,30.9603382239168,30.87838326358549,31.05523129922168,31.12888427182333,30.94585851723956,31.327150793734344,31.3181596017681,30.634262353531348,30.75064290852387,31.184460866930333,30.691082916585952,30.217364228092983,30.39774816554927,30.740907688557417,31.036386312169867,30.93053649650912,30.76054840254691,30.881687206038837,31.29568820908338,30.96324871050714,30.863036037344838,31.0613703506894,31.26235604106493,31.136277527538574,31.23891226001636,30.71283607267988,30.940536646397096,30.703705174245314,30.643089082643566,30.90716289345025,31.707362902711637,31.013067823102137,30.6508249005332,30.76224032156695,30.96094301418048,30.98708471231357,30.830015969221257,31.0448055491488,30.714836632811,31.09840859790649,30.49607131336391,31.109899052052555,31.179415394159783,30.421544992298383,30.31893658266427,30.869339277353205,31.36882800617306,31.365675409239977,30.412088023042138,30.65490563005702,30.964964546173537,31.21019538482845,30.65558163270318,30.92113828843081,31.217623997798384,31.269063615335757,30.55729150614113,31.11617910452784,30.80599420761807,31.341031777540323,30.47199355864709,30.64743708413588,31.18209668824136,31.053473502645662,31.2106441694525,31.16050403938984,31.25779255870554,31.247030429679224,30.182504942969604,31.251591344399472,30.63196989392356,30.63224032190376
O00231,29.028591761125654,28.576902690343257,28.91747422778912,28.547237369632143,29.37563384752275,28.347688292581456,29.02476033563152,28.958196585453894,28.57083902416501,28.970218923095423,29.081178238777397,28.977368385777503,28.520289528223625,29.101438719932425,28.959605830374706,28.74927454755129,28.57286627456573,29.038477183532404,29.08369363695785,29.30000493617574,29.315494129748803,28.7490497207112,28.7328526979795,28.74877094089676,29.351508256470076,28.73487440775348,28.79858740553801,28.757959835068,28.654151477301784,28.88028457932036,29.51952102472007,28.8920681369534,28.710596608108595,28.839084305648008,28.85865274831326,28.842494041609765,29.138610796942928,29.07178098457303,29.10828360820146,28.58942321555742,28.40478939931477,28.62443290231446,28.711591500483426,28.814682984006406,28.814029041532628,28.614955799262347,28.88198103825904,29.36536517028697,28.503715657232817,29.01656937620293,28.85272450495146,28.900558893629285,28.689211563681827,29.31055904838845,29.04322856235152,28.87684053656688,28.8362433165612,29.101905470282965,28.892993788981197,28.66105149141326,28.82613211150986,29.23698344072665,28.57406440377987,29.07759007910219,29.35288142822923,29.131967080338597,28.97664604301064,28.847996504942525,28.84996141942989,28.464853941304337,28.554803207956063,28.31848224444733
O00425,28.167163517153988,27.493457422118947,27.92160209129645,28.4435392018971,28.01219194841537,27.54321759517743,27.844722847867665,28.084527395304423,28.20546443664613,27.64997129773944,27.84043773750775,28.312427211583927,27.73694859508309,27.70701844049916,27.836311026290087,27.871173289002236,28.12024012318829,27.563829085982736,28.326864881463973,28.1940759800527,27.736238720571563,27.748297225007548,28.2722228559254,28.660049843845812,28.2700582165336,28.07255234254027,28.29895133282038,28.363090578151397,27.673732657201636,27.456620219475106,28.371719766695403,28.25873678105397,27.699653201562327,27.56050711857246,27.54991851738445,28.19472357736779,28.04924536763582,28.016978325597613,28.027529114997552,28.085902716435847,27.889578851869413,27.46901660828225,27.779522898161986,28.170842229634044,27.966430224005386,27.54914967540092,27.941183552769317,28.709074637812552,27.8221007868389,27.774000654451147,27.847863927744,28.73265917988929,28.046220110861388,27.93916609812917,27.85906615254104,28.635110596429744,27.88804389379958,27.776972052754157,27.525184041526543,28.016030716521296,27.70012362446832,27.937730089816814,27.80922411590949,28.269702534245937,28.00064874010129,27.74614872765654,27.877040605148544,28.69480093795504,27.81589824067956,27.625821426022917,28.02233219947537,28.057561203430787
O14929,26.115178531465475,26.439625882016276,26.30888717516636,27.693241079952557,26.072700203467672,26.6449607306616,26.122627135350974,27.908313523418197,26.349611699786568,26.17556383130281,26.31857769761398,27.130589509861736,25.672745330473106,26.105337190609333,25.93764379174745,26.955113237039797,26.018746803694587,26.175709891648022,26.052296083814472,26.671423974901455,28.1699029131196,26.73811153381874,25.797984139211323,28.23001450648434,26.233502756616797,26.108259144274257,25.66364121761906,27.941300381703694,25.858890193511503,26.270117311863547,26.50837392031237,27.16154296877689,26.24599063556044,26.947252099339465,25.82210773703052,28.12839243126619,26.294553078353644,25.857933258804238,26.45168177031326,27.63476262527441,26.06794427192209,26.444054136294035,26.339686886490952,27.57940943398927,26.002311636132845,26.46090144670212,26.543648758566928,27.734154084081776,26.07856258834823,26.32670788284941,25.90486956719027,27.57662872406688,26.010396830547677,26.547922177095195,26.200484611506408,27.772952669200738,26.476107365472448,26.334122175891352,25.87703102398452,27.44124041520824,26.258849746906375,26.41991452060354,26.434826193598,27.319115743733143,25.972620799036772,26.43573761777457,25.988261395662843,27.60695204704814,26.52936599818539,26.35820523064144,26.225709750888907,27.51450374233508
O14933,27.380669611523004,26.904016324571742,26.993401695244994,27.63925024886641,27.34999109315395,26.143807873465075,27.606220984247035,28.4220896811369,27.070636506212264,26.876096083799336,27.77189430561032,27.13393796922705,27.60308037732112,26.899187843891685,27.047178245787094,27.238335433323776,27.22112697173015,26.917253189785807,25.84483516768364,27.296284913093803,27.049256352664514,27.266805700026417,27.125130959246423,28.90877625848901,27.46359419927344,27.111002610040483,26.11876067459348,27.86444829662174,28.003979873769048,26.836253627519497,27.247276278048822,27.910023583692027,26.528662925678383,26.902545329020693,27.516233382976512,27.25620362396317,26.7770157680069,27.50836858480524,27.351851173612094,28.11219030933443,26.35783506754412,27.28647477017274,27.32827263326516,27.880760846689885,26.980918758325902,27.450026641021672,27.13167747292966,26.57431329651112,27.994647019628925,27.08755223206727,26.86844596224231,27.852216705919087,27.25671248949296,27.581943427978903,26.76169650162822,27.74766953131362,26.992736806717808,27.04554082355508,25.52472881384783,27.63344236703903,26.763278945004995,27.71266351576799,27.17452340682849,28.15792577590118,27.01800078091973,27.08504051713719,27.457665367518445,27.723505826144358,26.910896687381868,26.559707266608346,26.735790553592206,27.676395153496696
O15173,26.88266744878972,26.929179093027447,27.144630709718225,26.261389201572342,26.39440097233052,26.07776565717725,26.84506428270888,25.99434442999719,26.434966848694863,26.553079590341287,27.20695582085066,26.09909444666288,26.5636607813389,26.411465169229466,26.70819612218442,26.49749341939662,26.06759340578837,26.749662838752872,26.47069390085054,25.764819925184774,27.23151381898696,26.68397768265132,26.546996080654893,27.404339178661967,26.863643195896916,26.84261502538315,26.60142600320646,25.844566535304327,26.105766591082425,26.61770667355018,26.980894139957044,26.7331032662207,26.355563284497453,26.54129795937855,26.747741523879192,26.420624749598872,26.472488355474848,26.670400463408708,26.61466580336072,26.22164327852437,26.171508829797865,26.47039343785757,26.80651411344932,27.189616194634034,26.67129052128784,25.911077107750305,26.689172044112063,27.351006831707803,26.452822865557103,26.770178903568823,26.7634739929166,26.35245898577802,26.919245671221063,26.720212992925173,26.941600803195787,26.385911388763983,26.913809833833007,26.866014177737146,26.77871722894804,25.360846178516645,26.067453087869875,26.350894531504768,27.28201711468822,25.99685916796134,26.856863206489585,26.878761844716585,26.789162975708088,26.27834843446861,26.94006251758755,26.738943017082825,26.626040284529918,26.201930811250783
O15247,28.394141819104124,27.435520225799287,27.37588110424206,27.84998749671345,28.870063037627443,27.777880641834123,28.44535398632604,28.21825234219937,28.74839142470589,27.938078029606405,27.82604637645571,27.51592881728454,26.746637993748102,28.431164197147396,28.31530903123568,28.4838015162985,28.27834392377161,28.36420136223348,28.43210692243172,28.24269241799256,28.2970463097658,28.40461041135259,28.25977406613885,27.297108734679725,28.714837938332195,27.292901349016475,27.791318919203167,27.757607480556484,27.74042705296001,27.60067147554191,28.31198862562657,28.093360964978157,28.568863750880908,27.32728073705797,28.320765358112546,28.047095801503172,28.571641485542496,27.44703327546481,28.39224677839809,27.43185678699109,28.0388998873047,27.247205598456237,28.19204664526285,27.7661114055802,28.43787651932288,27.919757383582795,28.0125530498106,28.52176273705645,27.814033589987957,28.16851474255888,28.17888970904451,28.008258419327195,27.93829311999752,28.539270892053,28.264420709795584,27.988817194687613,27.403664996190344,28.54960397696362,27.91510025732617,27.88393839532981,28.596371085146806,27.524875677244623,28.39394746703304,28.140094590086218,28.48997910602713,27.483058797953188,28.21189924398109,28.010997258906546,28.463224421553424,27.426342711596067,28.034446088956283,27.74451190023605
O15511,30.30126448157288,30.418701152703164,30.183606324617983,30.726477095770736,30.252028610100805,30.30435054818812,30.324952209619987,30.782807447303732,30.091074331287032,30.472014661670173,30.288771050794576,30.28152728539632,29.95539109623248,30.414937540354963,30.467924831425197,30.63875575446728,30.197429015560573,30.409821444083388,30.522847104422738,30.59358654815984,30.25248348645127,30.469061284598222,30.434902903822568,30.61271421145684,30.643614802109106,30.316284234387705,30.236526601944416,30.326022368686456,30.099084715792756,30.43713141729485,30.825921502846636,30.5443411731366,30.127356417211733,30.355206257992204,30.306873737209383,30.55007188630509,30.316881432178292,30.40424459217483,30.254790278522773,30.786164300110407,30.105117869539587,30.540420549107218,30.398371132637564,30.321669768770416,30.232910229887626,30.39306132853837,30.1912147113169,30.68705995881949,30.209022628971628,30.37121249260654,30.440243983850944,30.712503802624347,30.361872704008608,30.52732922333262,30.53132692632324,30.611157479786943,30.033005287035984,30.40746882251804,30.11814671030852,30.61514932492248,30.01440604910104,30.480887686822385,30.200134859145376,30.247531505289427,30.26015150661401,30.581969681829325,30.43759003544297,30.69394323387389,30.291559060073627,30.539359546151186,30.345880118913502,30.49530589231617
O43665,26.26833243186589,25.171640858124093,26.306283455346808,27.199252245449284,27.179549126392864,26.76915328611459,26.321534880868143,27.430712137510262,27.22566597493753,26.49283289757161,26.475118241118697,26.70884947830723,26.16324561484053,26.231469489023503,26.63803403724498,27.612946150082585,26.911125091091314,26.14828785491976,26.69480957468788,26.737572531910264,26.907379769304736,25.366035919644503,26.03407319081903,27.35825772100961,26.939659558106804,26.20617026942072,25.694201588006823,27.55502189569765,25.849239242452807,26.207269966372643,26.2687262424308,27.546281331569663,27.19391391912681,26.061647736544444,26.55306764727209,26.09026026756572,26.650838032926448,26.82252388822111,26.138891747858477,26.4648812527406,25.59665481550963,26.85177773741687,26.56829738964186,27.15869493197172,25.75482008870923,27.024137995977703,26.695971361097165,27.640439421071875,26.49627429921376,26.31945874490585,26.49675341762781,27.077621784940625,26.35059978837707,26.494471316569005,26.160011725105868,27.07211428980008,26.00453915738629,27.449225753276785,25.86456600766397,27.09861510780479,26.39127373792039,26.780656324826825,25.95612850433321,26.844667273143425,26.925806290638157,26.35036169819992,26.020394012676515,27.86480034366375,26.823006877725287,26.348151937085188,25.832051675650835,27.104412765660417
O60449,28.616779352973488,27.23927379969991,27.726095305999653,27.57252792969406,28.223247295455767,27.489002218206345,28.057411719915,27.387437369722708,28.58149632649808,27.070728519289705,27.82798984041263,27.04676813769417,28.38980604621227,26.81102002699671,28.06481199546974,27.91406681361402,28.41620321397132,26.849102862844475,27.516068585097138,27.53822075558484,28.29943833209651,27.58206731765873,27.649777870690997,27.03658496468471,27.393573922106217,28.362791560988686,28.29842483517012,26.917100562424487,28.349710982039063,28.03839016545573,27.584817635765283,28.3754929448398,28.32796201978921,26.67093784820224,28.14328470419341,27.020384952775277,28.488765672435257,27.352679459071293,28.102205949479178,27.8024806304717,27.597095077582843,27.920130917977644,27.108963298289776,27.71154837368347,28.578876996792676,26.94398567070237,27.2204225092924,27.489303484738745,28.49346522066166,27.154493608596542,27.608406236269303,27.18981479853261,28.57390673687365,27.330796106071976,27.97359158754912,27.41374182158808,28.11246616044546,27.28546447120949,27.720346967290084,27.39819188202692,27.45780299296461,27.255589358132436,28.11906731407105,27.54631293948342,28.04870437210764,27.67402479596256,28.178350122447977,27.47343307537568,28.38898306553765,27.05164427209933,28.255281182804893,27.275615603720183
O60763,28.530799511532926,28.99170923118273,28.92507656510264,28.70677760261127,28.579943175567823,28.66162126523865,28.565842863007312,28.051379025948275,28.305207499796836,28.341536496278582,28.93037412996919,28.48180431701261,28.326884077704467,28.72563668199217,29.10402851077608,28.66110250197181,28.93637290925915,28.69784988797935,28.84328294734983,29.05341409499025,27.644036963410944,28.58250728224859,28.384596187446668,28.500567367875234,28.587693195498623,28.65981745859068,28.51710427224227,29.54265507871474,28.4134899972155,28.44892029141753,29.28373829425625,28.19032271882196,28.145083573036853,28.70730131209853,28.519740852900195,28.159086282731195,27.997813736000573,28.601055339579226,28.619908040778437,28.48192895479347,28.286653507151943,28.480777809623746,28.706533450440865,28.732277001685777,28.37623987396652,28.728153076970173,29.085504703037078,29.00390877913568,28.792796289233785,28.303676662008808,29.27755648150484,28.032466614512145,28.0169632062527,28.81938394765816,28.68773445184217,28.962367772604843,28.82809767708831,28.729525403347477,28.7881012497032,27.967418139821326,28.599552542477547,28.870727811945933,29.28020813507877,28.391270746883148,28.09084858185831,28.442953169493556,29.01826046160017,28.72185758080265,28.399973005920945,28.46278241231954,28.612150598756354,28.31889958788004
O60832,27.79124558051196,26.373102355738524,26.917582963173743,27.31311023573429,27.67384672636924,27.2111384816048,27.33044492015463,27.21203311409353,27.24387619383347,27.254894495334096,26.983440879374804,27.04916941305024,27.54654067759417,27.296913712665397,27.267901698021983,26.380703753008326,27.579383890888305,27.212449255042564,27.41189828219352,26.853708559883056,27.540874781248217,27.28498266740559,27.49584777524578,26.34590307587317,27.65561634494108,26.9272689786858,27.034804600892485,27.03376979758849,27.10340570523564,27.043227986824785,27.939574394856628,27.351733969494443,27.4311434831323,26.25777983251525,27.290065347026072,27.083022167471142,27.47909900972645,27.05600203820196,26.86736575607928,26.7815726581522,27.201442651511552,27.33187889944352,27.09814837901502,27.199104414093533,27.41019070489332,27.42155282042523,26.96097881606147,27.51705623069228,27.575861158448863,26.918421841403944,27.335906016678813,27.20311481273596,27.361016589200403,27.22151707256224,27.361356482575506,27.289111199015533,27.52889577853767,27.098687486956106,26.18543646913893,27.1254725072447,27.35740208811201,27.19503407217775,27.02435081090111,27.204539460565147,27.30010101311656,26.84501619560777,27.08567953054982,26.60970871740691,27.743930477432556,27.701634396530896,27.296545220117025,26.847627501428125
O75396,27.701418835595927,27.817905152851797,28.106852824447746,27.69602607777282,27.57074823176878,27.62178149581036,28.00572401609788,27.55227914139757,26.350449890238767,27.851347922479388,28.20515899961366,27.75387362831247,27.5610356730485,27.929703689439123,28.10123048544818,27.37297367060442,26.70039740946076,27.764288246608565,28.251116022627397,27.47409250631138,27.520061542087333,27.84639380099245,28.195447401703188,27.716025492411656,27.873778464674626,27.21495209372572,27.90156238926541,27.71301114078353,27.437462899291184,28.133456385138004,28.491508017928933,28.002215250141028,26.863033778144903,27.75383948700122,27.65720016732456,27.596187700206592,28.34955312941657,27.582866136086498,28.00041577637605,28.03128991446948,27.731669187400133,27.635490281053915,26.73593881696709,27.83542087593494,27.707016276423666,28.079115602224388,27.727945252940607,27.16833268233196,27.26416268101197,27.230102633063844,28.061446338529212,27.606389926814515,27.25899880666354,27.795989316377742,28.42042983335752,27.882921506463205,27.17288253541381,27.908826774196093,27.88760406444761,27.90478016057811,26.848524194000607,27.348817381134527,28.381912497404763,27.85532013761233,27.08826724399432,27.103470531240745,28.37536197026146,27.840876582044523,27.74215273687233,27.904388949824344,28.035489304344637,27.839695608395605
O75475,29.207264978283483,28.37853021336568,28.61700512463928,28.929938279545283,29.64356979356008,28.79192109933823,28.34011856188448,28.12552590461366,29.337572621186148,28.78067556446976,28.54518174349152,28.722421728551744,29.48822749671376,27.823582664818368,28.728032150476444,28.53518828726696,28.743053767570515,28.829615111653943,28.966637996884813,28.72698385951672,29.227148189118218,28.96090838648937,29.0138858087055,28.875012877063995,29.188868998848022,28.74050342488526,28.72607685252537,28.532143111524647,29.15297506669447,28.802367662676776,29.13441008146132,28.70367323631553,29.28541378831628,28.19267698206285,28.76255350276749,28.01664737577613,29.139116351722176,28.569392493149472,28.937217192669163,28.123404427555656,28.91742733156597,28.134835531946138,28.576886060021835,28.36710080226847,29.114664360241957,28.980948512956072,29.13556818969783,29.34054850716901,29.19651944407913,28.56999664330252,28.817635125673668,28.734867043037752,29.38528649598668,28.83495281182169,28.63918761304531,28.735986818122356,29.213395650917008,28.71929684964114,28.098486507451987,28.67324958079363,29.304909452970087,28.725369730875816,28.884706623235456,27.99390391070364,29.24214087822569,28.90375649214581,28.45770036702851,28.845497937070707,29.306582197491466,28.71660023225552,28.65657341177909,28.53012974290752
O75533,28.79498723621696,27.925706927911826,28.622262125840976,28.561746402332947,28.30299409384316,28.281779663039178,28.247445250898227,28.341286332822555,27.917472847109984,27.893484653037824,27.694159942850483,28.39479529253152,27.824954704156617,28.105364018115907,27.94821072661741,28.551198326552143,28.09156175738576,28.260793166731645,28.119264245430152,28.409519170867497,28.29693045011625,28.146857084492165,28.079412477797128,28.666606510432697,28.72167700536349,27.95768852420713,27.975889643138064,28.32377198788242,28.040435814726116,28.390396317705218,28.68096342433441,28.616837977137266,27.97524947036693,27.83064010968066,27.88829582218521,28.620360291843788,28.35329840788199,27.990150808141237,27.97393915290678,28.31308755877165,28.237837444086868,28.33594841432768,28.05697300590355,28.30277828666736,28.46056094972872,28.146320369165576,27.74270098975548,28.87948563986206,28.7831306642368,28.650052122138405,28.664512412475226,27.49333480308485,28.79050206921711,28.76816120355385,27.428518928778043,27.67706782356223,28.71527938340621,27.64311232760613,28.627909013049983,27.605546395940934,28.4434796686375,27.50363587691313,28.2095924631741,28.44151906059184,28.555041467298885,28.319152696622663,27.357623251487265,28.58499096856929,28.501167444761297,28.053248706549034,28.287974297836914,28.6022395415901
O75607,27.750688683378087,27.5680078859962,27.202188145346422,27.615555578220444,27.17183617000429,26.96040798291866,27.83033106432315,27.098423027504737,28.063721429865844,27.091682434016658,27.854586834752556,27.00189535242685,27.39802049683513,26.98249827186868,27.551449403645144,27.770549293350395,27.66159592686921,27.119181151417905,27.40434759038424,27.35029542254949,28.28307529226713,26.844938473092437,27.22144529412551,27.524082291331663,28.265358538099356,27.397568698575803,27.63144678924696,27.38586441585651,27.505698686163008,26.554136808657947,27.419382896488468,27.64715937880004,27.399029525291358,27.16968297828039,27.593126194873754,27.16356056685712,28.031723769861472,27.54076613134918,27.62317600122859,26.447658972369737,27.521605400524034,27.51913341658696,27.51320039743394,27.44215576135237,27.53118510708126,27.28136494258621,27.849997433789262,26.9105361111464,28.134168731032275,27.078595762031373,27.64883354632738,26.951298795285425,27.72263842080617,27.30821164087589,27.518380904424934,26.919769654041165,27.58090999149822,27.83535649529911,27.31242644807644,27.1200888963213,27.792099593778143,27.44850566235737,27.83761734863104,27.337072766536448,27.48090537202872,27.784957777581752,27.88331183625119,26.395675753711227,27.59496364489328,26.70263300554113,27.496568376046632,27.488171491952997
O75663,27.343437134426377,26.1816055373296,26.30322436581245,26.63633864178737,27.4014803309372,27.342052061614,27.42790931551125,27.261132098490304,27.18849162505357,26.886256449958545,27.217221999110254,27.583216809038287,26.32234976457211,27.06776633885964,27.00414662251665,26.99733557929655,26.86285361657164,27.33559836352585,27.593920398350303,27.02420021961264,26.38218104738624,26.616678551914568,27.51009705321885,27.46353355031344,27.14700147529584,26.61073383633278,27.05558541567659,27.177724533299507,26.525500965527463,26.8274094238952,27.72754613933236,27.86794881744352,26.613851018202663,26.665836616885304,27.061488771301654,27.01227474769821,25.80168547963561,27.050120749927807,27.595989520715666,27.05889351765348,27.136506500509206,26.590995879159426,26.83451510575365,27.206823231031724,26.89356922210235,27.621248529584207,27.61901475017222,27.084019714221267,26.722763497516727,26.85029902514178,26.990608726107418,27.311286393370093,26.92377790646537,26.87371174595027,27.19468260901495,27.40960176251073,27.01278960304034,26.79202387408029,26.93054521589692,27.373814265982205,27.152708772141047,27.17340705489353,27.091884341259608,25.952340101474736,26.71855769458644,27.075575656277508,28.519767385335225,27.483903801620016,26.730025516132287,26.61273291139169,27.135641646824336,27.02480202655152
O75937,27.97585513464417,27.687572886568223,27.546527962951966,27.9405407456694,27.78819486486668,26.88368806207396,27.62447357107838,27.96775079943367,27.53050461680264,27.69730464008671,26.66758542868242,27.920752443705844,27.75908423582533,28.056210067291072,27.92628139074357,28.13727855068551,27.507810758062163,26.28345374938494,25.959483784761964,27.513494212731167,27.720820154824032,27.45845729807989,26.784698029114438,27.74735046173848,28.20391760123385,27.3037852482321,26.70079421749097,27.60159281398666,27.67305572423341,27.05900357189429,28.049794320759915,27.89596124099839,27.580617917988548,27.76688133991739,27.284599614744256,27.63108004126897,27.316974036785176,27.133664665694223,26.901124782766008,27.360732077673223,27.99313969116731,27.958854358318906,27.93897126797757,28.53303247860253,27.91757115725101,27.141351521376546,27.46060203318914,27.8646649691909,27.51967593853383,26.802392242304613,27.326272982831544,27.910750867570524,27.25233020844001,27.463725655630977,27.752279989689164,28.162656648635608,27.437250021889344,27.48909349971326,27.48902305517313,28.076415050189297,27.94126237253636,27.178710969273745,27.87052202468155,28.006702622373577,27.45678094106418,28.26167825291879,25.721964548242337,28.210681426658947,27.443229399357215,27.63719668218165,27.447737438361425,28.19087686566389
O75947,28.729193396278266,28.50409315899246,28.89578249472503,27.556599959798486,28.890468837423292,28.66285822588564,28.92147249410405,28.104913229659,28.76234282557544,28.252768060441813,28.7562137503317,27.908437258172697,28.57774306376129,28.523258911495027,28.6493747768672,27.68410523774785,28.425604796172525,28.612629234031576,28.87851165779344,28.46101042876093,28.6025550080351,28.53513390724661,28.77002787036067,28.240718312185237,29.15298974202401,28.521754819196037,28.572916871883045,28.110329753824104,28.506003032364426,28.62880308453896,29.10945423133844,28.17371545572455,28.60839692506116,28.509510195960665,28.806230629178536,27.78587728268336,28.882635439072484,28.482555192490487,28.96591873674188,28.064285986004887,28.02690525116573,27.633489298110806,28.586064323007832,28.5060157421134,28.706130147349533,28.288047426486624,29.12161350032793,28.690087266201758,28.59786201208281,28.574394688678733,28.80635701383025,27.853682374008333,28.74760187729436,28.48332485674912,29.09330574150801,28.01041834559046,28.751372667848223,28.7217250195969,28.41705404096175,27.97855585996171,28.28679535243177,28.18605735210879,28.699291847333857,27.831494377680738,29.088074253319444,28.56423576312969,28.69156270052002,28.170820274476657,28.82650478777782,28.24180377310513,28.626259900055288,28.80935509716894
O94804,28.888273054152585,27.964614683168836,28.074265881201036,28.40012946325384,28.531453185109125,27.604980118429047,27.806881615961103,28.38924904143687,28.419501035604146,27.68176932332036,28.081804005643228,28.19875789277051,28.341382408267638,27.727066617852227,28.068702098191256,28.070814098065973,28.50751090012056,27.668682675087886,27.999415622299605,28.77014732555774,28.607960954171805,28.05692061268501,28.018232471064945,28.31018596223609,28.52795486637964,27.70708076278285,27.858719147811826,29.41013764285981,27.96608950650016,27.913231135014374,28.191845794115835,28.000312325387007,28.117617490913965,28.32083696750272,27.910040099891383,28.136753298140142,28.53024478792753,27.65813407473259,27.895716812402963,28.523470986711605,28.16200552590752,27.59847284400025,28.346061070314853,28.299512916219623,28.40718578622789,27.959744308204005,28.179618355309696,28.387166005216272,27.956663869725485,28.33714445851991,28.357864900329087,28.404476974969928,28.8309364474142,28.494656841981108,27.57809039403329,28.395609282907834,27.974566792071062,27.54388212922463,28.16334799000594,28.3567419393215,28.716885867910424,28.06584412301709,28.304890257564868,28.419335423151143,28.33844243062056,27.810333515898563,27.60057991465476,28.68456108663906,28.43173009202472,27.804342208799135,27.957821705297157,27.96619929738
O94874,26.856392170142616,27.167778366101658,27.570153372238053,27.1503624359016,26.57195577227552,27.298632739269635,27.418287096137718,26.072444622854206,26.62935944160644,27.28757909930002,27.333424461366867,27.121060047740727,26.61715121772612,27.416740405689172,27.267715617700997,27.01749635525796,27.037218841735,27.47739059011,27.02299366490431,27.8138904225076,26.261908569958983,26.515997713734933,26.562229031187428,27.378167737260824,26.74599176062487,27.12430499985066,26.352058302745192,26.89439606708602,26.334094019360425,27.56726412519172,27.175363104077,27.63777411341536,27.666502138367523,26.950075692594552,27.155681851147797,27.11569817879358,26.862794778644943,26.99487095731376,27.130290872453536,27.317984507434005,26.813476631912327,27.024139146550493,26.987401230755363,26.39910113820988,26.68822709722445,28.020574358999188,27.08462909925636,27.311744826093697,26.38635287530821,26.57976421163288,27.205206439762705,26.92575913105252,26.75918375836784,26.85148307736263,28.14549009289951,26.714399261285955,28.13973431785164,26.814823868765608,27.042899662360227,26.86068139291027,26.69454390742962,27.583390759632348,27.05409200701301,27.20477604368201,25.92789350976861,27.26779942800757,27.059161055359294,27.49898447899035,27.0427602643402,27.615933020564466,26.41794694687224,27.1200225924632
O94906,27.953229128435037,27.183549319065296,27.29508030304966,27.55860314989764,27.93540424719524,27.614951925193047,27.183222843963453,27.42344992836589,27.907521595567022,26.802410700391544,26.773206640003856,27.84183456175826,28.898379959880984,27.466110836120645,26.546150642187147,27.09253086142,27.58114548030137,26.891586501267312,27.46386544742504,27.353294205789624,27.35696365505233,27.753359081850707,27.179651616064398,27.397563751726235,27.204258224483517,28.60397208091479,26.40763348560926,26.66032591310265,26.765608272201224,28.667125860286045,29.086039876175743,27.28051555705203,27.04721913725351,26.716507449495527,28.613533365430374,26.71093207258934,28.3200738212559,27.17098512425303,26.758996887860977,27.17355380538165,27.954839069683118,26.995403652015423,27.213196178545893,27.2444550827052,28.33046855900988,27.44816521835668,27.095691179373283,27.6578653301754,27.25707187628115,26.34601555880076,26.992118296568886,27.885264730710848,27.409069446537764,26.45964135553494,27.28148270769264,29.21093827286804,27.31644478240864,28.279258116683494,26.31551376975212,28.107575866730357,27.951808116192588,26.972667035211774,27.097542981602896,27.60866914414716,28.16686795743757,26.97081218192705,27.13961134842716,27.61491318914941,27.780750272770376,27.484973697243376,27.04033123327341,27.602191180401324
O95218,28.18263965023108,27.653823930312257,27.662065899971143,28.147494685271667,28.268794999563266,27.740628785862636,28.017893706407342,28.18696760982866,28.17039808620715,27.996342112156796,27.701762703854087,27.889856332803543,28.37468386740743,27.915456048102865,27.95670215342305,27.93579668871705,27.850834360933774,28.08481580584938,28.012865610222885,28.127501023775512,28.199909201827065,27.863355538603297,28.1221589456401,27.452789420944107,28.579665054524234,27.56125096514373,27.719891866807608,27.955681875784883,27.65839358611755,27.905583133728616,28.23238222698225,27.99323704459788,27.969030633992467,27.970665751375705,27.929271543778547,28.25231367296677,28.15411689627181,27.93126584671778,27.58824068221206,28.24418197426261,27.780322206219463,27.6957559646302,27.64184678585953,28.24748572063759,28.12357358634112,28.146726102979237,27.71639838688378,28.20434008662257,27.84913819716988,27.902045629984418,27.765052599314515,28.044281352489584,28.415383921573127,28.055592848684057,28.363248321288715,28.007423801150622,28.08441874731058,27.82288364836941,27.770006850591376,27.756640504674326,28.046368235545213,27.77689529800655,27.801655580858185,27.963954320117224,28.303215162625467,27.845124269742872,27.913090885951995,28.20405445793027,28.20544712246421,27.38156710577713,28.198185011266343,27.976650667352857
O95295,26.510663846344503,26.81298976667136,26.235705669144647,26.38695521412284,26.379496879179644,26.266746369955246,26.608522126119,25.99599654351451,26.67222275996663,26.61035528048911,26.08575359427074,26.07043272968538,26.354033860960108,26.62225915149814,26.33769641624069,26.38587562173272,26.45106935099925,26.609336112605156,26.156932541111583,26.4981105578653,26.47956279678781,26.672663746542007,26.39635758191589,25.884498959555167,26.865073488849827,26.40006065945395,26.26617403543716,26.2714794459179,26.16665230181551,26.352194246146667,26.847591195572768,26.423811887766863,26.08687335197425,26.390508848569368,26.07509179718945,26.40115889624589,26.45132830735904,26.31500118383568,25.996435470672367,26.30430353504819,26.01707361706661,26.42465483784392,26.239313953126043,26.52361829581296,26.35156410028612,26.391838112361828,26.76588947671424,27.147063069344064,26.346197224052563,26.36907085852068,26.25052235661377,26.527442836508072,26.44186970097548,26.55382028317372,26.48481275188722,26.48638747547172,26.34922432778269,26.55911201707477,25.930925781645207,26.506858257077376,26.689648074585136,26.299034855722056,26.291394747470143,26.154084768440686,26.701208536781632,26.582154238681102,26.315923844494492,26.164096000215263,25.8508393127483,26.618156495703207,26.954894553122653,25.93266134190975
O95747,27.61457307597676,26.78150968050176,26.8065233096072,27.929254324953934,27.701071347590663,27.170032900786826,27.308501456626846,27.77324833972028,27.48009206560446,27.78063894657167,27.198297636638976,27.32939066763229,27.436913504014417,27.38355515965938,26.78630212963479,27.44380725045414,27.44878011918458,27.174926993256012,27.212492650599952,28.049087623821848,27.656177241352093,27.02437279449561,27.147790463794607,27.90235026256556,28.18524687822571,27.2707006899939,27.02080127330208,27.52856937222086,27.400470821165147,27.07045723582244,27.60293438117826,27.45534885539771,27.649727609497425,26.985372988865752,26.830001532826337,27.59324723152167,26.95370909213249,26.75689183288991,27.32728068969995,27.880738585934232,27.68169299804687,27.171865108173478,26.844385453539797,27.9253647333742,27.17700587614845,27.723566060125147,27.57339997529897,28.053381427084812,27.733116268401744,27.041488405625284,27.05388138632419,27.824902907349568,27.72498784330007,27.20265457423637,27.146420785272728,27.72554558116616,27.576677190671816,27.05891114153679,26.96862201587241,27.829537338918293,27.87645167490169,27.614316439624083,27.79371944359591,27.38917278277703,27.46747492135952,26.98938725381802,27.85349304817591,27.47291258640948,27.1299975552277,26.653060897064435,27.186711923544813,27.484488157964083
P01871,26.916445314559198,31.190826341575704,31.74292649919545,29.18553642261817,25.929069332880854,31.798272769453103,31.68246017180445,29.064821328520605,28.33566958922992,31.452055490147217,31.88802570937793,27.897094887433383,26.839549539104752,29.90009209723146,31.267359543399973,28.26393746321266,28.059886938003107,30.98242325250324,31.53995836952175,28.59725540834236,27.650824240988047,30.11408364916797,32.170994665938615,27.22708454748798,28.110116434556364,29.89007780133548,31.703681530660045,27.854930543427784,27.392504956354305,30.92336880143206,32.27145070773707,28.24555835394576,27.533002384276323,29.86953937006738,31.738948175994388,27.992209580404367,26.113547493307912,31.01402956812056,32.31327493356758,28.35570439039676,27.18031976082378,30.555133158587065,32.19180908043175,29.661511466937103,27.554072272025586,30.490531576525434,32.32122291263905,28.57768120894887,26.78309158202312,30.99090741020348,31.53927075872229,28.0911150927516,26.42084861713149,31.029645215065536,31.585661035014592,28.37831561004833,27.57738528658293,30.378073862911226,31.8572791313626,27.82248402918977,27.851812721525228,31.436503178983187,31.5800050815734,27.615543531356263,27.205913621507904,31.65190961168336,31.27527884739999,29.28930365338617,27.121711511299218,30.19981399794986,31.61589622118537,28.61582317588638
P05141,29.877511305992464,29.37468414514125,29.975371345384136,29.250249444953965,29.865293225266697,29.251592731295545,29.45779373409285,28.93777970236709,29.610123152865462,29.563399035381696,29.325842773610542,28.519222265994884,30.84497843347962,29.721786216591493,29.335611902570143,28.964703938460776,29.329776729598297,29.30599486269736,29.556942340841644,28.808240301657143,29.390805526205124,29.31359724511024,29.34331093972032,29.017766042057183,29.736083897681727,29.063634815972467,29.26378831398376,28.950357355626743,31.06249218013647,29.198921802421083,29.979768344834067,29.02054523706623,29.132488831058343,29.051547002035328,29.198946189713784,28.87241120575035,29.91830644425872,29.879096202750965,28.769023671723392,28.25879564920904,29.980167542350173,28.603297864321632,29.88928716843469,28.52789916593784,29.873508911463677,29.877723314003152,30.071226261311075,29.98868385698562,28.81319424869119,28.421525819989785,30.055827957634,29.49281136677648,29.867318855289927,29.742520200704305,30.01672316028735,29.50511353356213,28.79332660670412,29.834576019866784,28.49664943930333,29.465440526081824,28.88227654921315,29.955304011093435,29.9316253310678,29.584356694147893,30.16970811625916,28.657684253806657,28.74136597643753,28.602694028598403,30.12442030374425,28.829420773898224,29.96916416998481,29.663355645037303
P07814,28.000477922025755,27.93165123784698,28.931684487932905,28.558297473393587,28.39406631744093,27.94472917929224,27.949859993515386,27.52690921327409,28.36301591738624,28.448149670456687,27.58658069362243,28.14237032100488,28.422388206614677,28.281459369937423,28.191163544333783,27.79447203472251,29.009979495980044,27.840767913826383,28.28850083154265,28.151623309188967,28.17321580543713,27.78313557224338,27.957037254072688,27.82135315762329,29.165473636174923,27.828883693168468,27.8130302843106,27.799153679136225,27.96271331822436,28.01029548706817,28.20820780979517,28.33542270434303,28.30574125520884,27.94492550120939,28.231421776851708,27.81460806765221,28.60740277239822,27.450662941296617,27.580944466566244,28.317480119811368,28.511890452241666,27.58137537000952,28.33733666005517,28.29039959776754,28.75971586955543,28.185011273624827,27.690652480843465,28.5361012927868,27.843624686124503,28.812165342447944,28.226487650965147,27.87231315980499,28.04773823914565,27.731484356066204,28.423045457367355,27.688272867006287,28.861800885154928,28.361625354590387,27.829688134389954,28.07819307974044,28.42111166596399,27.80108362976723,28.80212023964621,28.044429794804625,28.430628568002383,28.006445771805428,28.2563619401242,28.12044081353836,28.094501974684373,27.90990370259921,28.165673688768585,27.94646568220046
P08567,29.75477877155244,29.833590548246303,28.85373548474184,30.01885793865606,30.054067318562986,29.69389472846849,28.76085290791558,29.55479306365799,29.68119503659312,29.76964156035796,28.704435867663168,28.72642210547372,29.36660841969295,29.264739228789704,29.07285236492996,29.725421050124236,29.82932291380056,29.310105429348965,29.36890499145085,29.55482591873185,29.63533261429942,29.421519957022426,29.444593115371923,29.783119518966792,30.45928149286323,29.026188134036698,28.95680301985917,29.211534082142897,29.224312804648065,29.13167248946666,29.68335239036182,29.866293514728568,29.841771993598154,29.574010751686156,29.165825342761465,29.807487580676167,29.251976418253548,29.36117485008099,29.309731575660063,29.193141804676944,29.68441084455866,29.5906859044186,28.841718279598773,29.302113141086444,29.851251600178724,29.53946134914656,29.73935447127888,30.10652486240587,29.625968124228923,28.91152858109789,29.04707513641942,29.79126609097109,29.709865358138345,29.65973773732529,29.50432903849916,29.83732851995644,29.65471705706852,29.283827008649123,28.906680681365767,29.76737701867917,30.019754446374577,29.11094349220836,29.794988544641296,29.38648308389144,29.723884064928388,28.4522659792336,29.435928349532524,29.67960127980693,29.45236351317443,29.159264529085988,30.221691116007,29.375032238603318
P08575,28.426851090055845,27.521729726326488,27.86209476701114,28.3632504369576,28.355854408754016,27.772704412853937,28.008645827632822,28.396288571097163,28.33577363771576,27.666721858700758,27.002590793719527,27.67236243964299,27.9541067508272,27.44644513934983,28.162907351789173,28.20318476402356,28.24169361763284,27.290583211744742,27.901700721124605,28.32864918822256,28.34366492226685,27.31022390442803,27.73970089936517,28.3769454323031,28.621386949340334,27.541790594196247,27.686692905414645,28.059669269248097,27.840395057630253,27.51762843003493,28.54872609996399,28.28643604223668,27.922378653038542,27.490807599569056,27.831004815494317,28.08948925004482,28.085280487042112,28.012156853819988,27.620410246946346,28.18008606645845,27.917187663863217,26.963979452082647,28.1222675266612,28.388876121616075,28.39606052939788,27.4824171266387,27.698499549773217,28.23811497303685,27.59262538048006,28.259355002880827,27.363098315476197,28.210213957635723,28.368500597930147,27.575708214670968,27.71931736891173,28.600916870187625,27.45734286711836,27.66083610974638,28.19769497240592,28.31541282061882,28.46966669123621,27.71663260912773,28.01458678392675,28.419185034765107,28.15093288721888,27.59706526874101,27.177543256088324,28.48335740157263,27.977383496982068,27.855248345830603,27.265003509793367,27.90836908580452
P08754,27.84148443316733,27.406881591432168,28.09302286537011,27.59018111972733,27.8505022866066,27.37854974041535,27.786506656356437,28.25353578865537,27.882999799319403,27.79344135587567,27.72107285173537,27.317013056454243,27.625355561506776,27.55332295851297,27.59012512890843,27.594538633139518,27.943472147650542,27.69103884499692,28.63716726247909,27.63200998695288,27.763556484884944,27.47358557344722,27.75134425616275,27.673144221548352,28.026052817856435,27.636465794575425,27.347687546356315,27.531701783993334,27.695392723527195,27.592048835911072,28.0385627931557,27.931303294640774,27.85788706434798,27.23510696259858,27.887237864412636,27.9289125582826,27.43230250214526,27.566390157382184,27.438163447230878,27.617115373028525,28.177903690537818,27.63518871949781,27.605319385888187,27.570646224155727,27.932241255615537,27.902188871769447,27.85273316321828,28.35056643517572,27.740430095035435,27.44807771081044,27.574923371555823,27.822746231964658,27.898519250991896,27.56870288526304,27.769466408635164,27.717933188947185,28.11591438317797,27.51865970113062,27.771938171401512,27.99600293174516,27.562846997250944,27.36058476844312,28.199550013423973,27.597369394374148,27.8062823698483,28.006334408047284,27.55568374417328,27.527621505459614,27.972245748904275,27.708391555877128,28.132169971004103,27.399199447925923
P09914,27.2633996054318,27.04171749191084,27.2844830553284,28.99825949275204,27.481318441542665,27.192199183913075,26.700323091480342,28.58632626700168,27.50101259188656,27.031836374992157,26.75847988423645,28.67523859065842,27.340988463150357,26.752642588642374,28.358342108430907,27.53772137636618,27.590826062613043,26.8782953761338,26.34872040431282,27.640699337094706,29.223647976729747,27.4715241920168,27.08011769544133,28.183608015656823,27.752941848241107,27.13508302187558,26.987672340085933,28.37421056800455,26.78622680871771,27.595572079180965,27.7262644861044,28.53214053036368,27.08885120945095,27.053321452786403,26.697461260580997,28.433524748891248,27.331383931888663,26.88194606914925,26.62420782241207,28.80436661840463,28.509059966991927,27.26110301797691,26.84884327037996,28.13163010499289,27.5198941463791,27.258538828496395,26.597615912252635,28.61695432023761,27.352735724266672,26.78235210713869,26.730955259015555,28.37161945106698,27.471932810390044,26.93705598140328,29.035151252310307,28.27891798601089,26.82465156685172,26.866814376369096,26.66632085311043,28.246786734304752,27.187073844273016,27.6774988864657,26.938991258204947,28.792673485065315,27.236292968780948,27.16777362701805,26.75426394771548,28.61092407472663,27.476132467449503,26.3222833695241,27.737215041925865,28.454780501509667
P12270,28.568912444592595,28.48305979767638,28.250768923138303,28.507974681170563,28.194426779085838,27.778064976511548,27.903631744232477,28.081532523749903,28.18115893425507,27.81165684752275,27.915558328573383,28.0409807985848,28.257377957788385,27.94599636667559,27.83026405019034,28.509882015999622,28.217751872499008,28.25751136301934,28.094895571343702,28.1886524014689,28.22921738251644,27.886135499322247,28.098520945184383,28.61856771305715,28.673493178471997,27.80596050121027,28.26278108288774,28.16902496856162,27.864740612048088,28.046962564455505,28.63621582372511,28.360409083965788,28.25967623218027,27.75485283947014,27.96377364757768,28.2857266200692,28.59846717311097,28.051108193589787,27.830567437822648,28.171542989398603,28.21652366257996,28.0555621126831,27.78637629191856,28.165437035045493,28.240544300561123,27.996813651912227,28.353021321431413,28.527897670866384,28.545188505966703,27.811640300815125,28.07459232814444,28.40209722936992,28.088125873898296,28.06012803471385,28.262350974487504,28.73597126717926,28.371116435752604,28.18769266573537,27.74664407743316,27.983957694509787,28.27500415489286,28.108341148355485,28.095424905678865,28.076343445572817,28.41158246774368,27.86653071804383,28.185619811372607,28.223558165455746,28.585505912305383,27.888504140902818,27.965942471573435,28.37074930231107
P14854,28.55288270190234,28.537612141523592,28.16386026347786,28.576271765675184,29.066192531104523,28.4527233009498,29.151623805062304,29.166393190345676,28.26081596531369,28.862806741176907,29.243078216956825,28.52692072270088,27.87730045607331,28.02334161981273,28.84837439962384,28.87459704817457,28.78292519517415,28.86590740427301,29.041231437773188,29.000652637730397,28.868029236149056,28.89806330046549,28.992572277607746,29.064671673480948,28.62467770743453,28.706940770721054,29.111037254120596,29.01348915215754,28.555403118289867,28.99579869823622,29.381989762287176,28.79199408062238,28.528291263243048,28.711504846639723,28.245456952275383,28.876781269367875,28.75002929759258,28.277725785945005,28.474478440634247,28.823448427549035,28.156087355979057,28.9464835715436,28.643930978117584,28.638089884380687,28.89034468936454,29.252101705432043,28.771079560800075,29.209831982640196,28.18474212797705,28.327297206970904,28.87111956642737,28.75304251746596,28.70507558599183,28.90483900369343,29.027944566438297,28.959743296161044,28.7231819708799,28.835431031168483,28.863364312812973,28.960125115264898,27.966851311273423,28.809243449710653,29.10470850703852,28.77173780407152,28.95991597931459,28.87106306400648,29.16650926537906,28.63015898961633,28.230824720066785,28.942449008489497,29.077124834726717,28.53639534340181
P16401,30.684313004539906,30.05990039375393,29.669604726920376,29.85977295329516,30.38847517975545,30.35077050188822,29.503750656764627,29.5662901285258,30.40320432522128,29.94061066631902,29.25919384066375,29.7050498839774,30.409661106534084,30.290066786734588,29.31329327640321,29.45747546200348,30.492236388827397,30.381143429215197,29.8389644789252,29.553495631840573,30.2444574786245,30.210860669364127,30.06037863000016,29.69367556759577,30.847105787447497,30.0601039476788,29.495703296464608,29.586925272698263,30.231176369220027,30.174399844033417,30.0701610704257,29.7936922900732,30.245388855348143,30.09710636909849,29.540205014219307,29.7585684897974,30.152441971115334,30.154838480017936,29.65308252003322,29.50120575167117,30.24436733922972,30.49147504283402,29.61315318093032,29.77191952705936,30.56847514352454,29.963577111150705,29.577041716894804,29.705281755584306,30.39983298765178,30.201844311431728,29.491945263687224,29.73701149977644,30.48445753859316,30.247524632880378,29.597165603353822,29.62045707245486,30.40151171095864,30.29347251673329,29.34053747760507,29.704929229909897,30.482654437840218,30.331693155658773,29.42247760585734,29.693986585704245,30.4767738785568,30.158954539343505,29.501611529801103,29.77680436597361,30.4104317778544,30.125780116901947,29.54101525303607,29.58374806600265
P19474,27.48280691870711,26.77329977321752,26.814496331313496,27.827254325860025,27.025144843099,27.231767176705898,26.58413862908046,27.118975640035977,27.056845440441283,26.93405917925063,26.454195033709425,26.980607681693368,26.60048209147074,27.891306141086712,26.745191082665052,27.591763947661647,27.60147336001445,26.829207966732145,26.64628401658903,27.49396606513036,26.680635765879487,26.33066126059036,26.46354413604728,27.328770708075652,26.795894986653387,26.64080270919437,26.56258837222696,27.495400334772963,26.632168468977536,27.3009921820867,26.991529165537035,27.39377380206348,26.50012744616734,27.56316651710945,27.296543821411728,27.240178698858312,26.793222559592348,27.080162085531384,26.880563822050068,26.537265910357146,26.41707858088516,26.32391592617405,27.38535583302613,27.509597854656917,26.80624671459281,27.58765551800958,27.218568099233444,28.00178407652848,26.72004797348315,27.39770709042269,26.371426748610727,27.746917103492866,27.19905067213505,27.002779561524463,26.75052301508786,27.141989925914945,26.781942802016808,26.999721754908485,26.24093727977029,27.892094838347862,27.412570340630342,27.443889313197182,26.96488932173125,26.48843590693085,27.00029639398329,27.170621567619985,27.008538122842,26.414882347168422,27.382798520303943,26.89746204815885,26.875520442560514,27.37291687598211
P21912,27.55557324084769,27.81639793821485,27.352391437879596,26.97174334368664,27.30353047743,27.06140568850173,27.418642077409725,27.264887118115837,27.800532481931388,27.143400611702766,27.024573027396265,26.840523782868217,26.844321468070657,27.29123785158217,27.234662290010828,27.17229363289909,27.159443218619472,27.41746053219176,27.66614326738397,27.06321261094773,27.230349813487408,27.66174425714984,27.539342265140707,27.489606790618907,27.905615183476048,27.126512949988637,27.36275315083117,26.90762629958504,27.146275061002257,27.33303300115648,27.84314312005256,27.031768172258342,27.33170488311784,27.212296675906373,27.586309977411457,26.988079679867123,27.46775946284444,27.23155979158074,27.84606119204308,27.16930933678347,26.62284608543541,27.29568028751446,27.548963114909835,26.90984274151264,27.45719705414601,27.49820068851146,27.37887564918598,26.910508194290767,27.35965859240707,27.26537152437413,27.506933543740395,27.087672201276888,27.53233580097745,27.501384500809337,27.559974012298277,27.00960862204967,27.45176919357432,27.382774209748096,27.505122565509726,26.50708356856512,27.57235543277345,27.838141450621706,27.54751825370098,26.653648752603488,27.233323590677823,27.356535254156537,27.00110227821044,27.306417554548904,27.38558104385033,27.40276090030665,27.51949919469155,26.554622286230654
P23610,25.5989877608761,25.792496632324603,26.362222890572365,25.972685455818805,26.19364583058889,26.59767832374684,25.52005556627904,25.84524361697825,24.80230450634016,26.50745634861661,25.98203767653072,25.438759562936173,26.12356263379482,26.97229160456772,25.834995428640894,26.102588021820686,26.3259869483695,25.92116699865912,24.42463406791335,24.96709196842051,25.81137486019789,25.355897104114774,25.95702655962437,26.276468961504467,26.519314104313995,25.405556794333062,25.681468740464524,26.28861381479512,25.32735397498734,25.53193039060221,26.75909308834145,26.20352502776587,25.75152816076045,25.58771268121215,24.52093532532595,26.38193592799672,25.06749360267908,26.055073278182,25.45512727055815,25.848342730070364,25.645202824633092,25.47377469452317,25.967375419338836,26.691690354968937,25.662076146764253,26.434265420339287,26.22121997219792,26.24727626135142,24.19961534566085,25.81442943059214,25.49057461885888,26.19402239406225,26.05682521794605,25.731105815377354,26.064767220166317,26.28023150116128,25.58954879088255,25.99339710075437,25.44477821703287,27.093156658461535,25.80340768731812,24.94214010205204,26.43600887330483,25.988665128352658,25.51078787809362,25.68138950543658,26.925320149119862,25.77293324731414,25.296579935001684,26.000760766881825,25.55305862735875,26.622978364096213
P25398,31.612209193476065,31.840564796541823,31.738337607166663,31.87918990394312,31.618036783980195,31.758733917883568,31.89205865202088,31.651790490319907,31.627264655485256,31.54468499990921,31.328010954498826,31.465612566614958,31.439474635902407,31.47039571456763,31.92832123923825,31.697447260202985,31.843873387429397,31.783740421401564,31.97503410993192,31.678460635828166,31.56522938824913,31.573727863075742,31.883305949969817,31.7476442153297,32.02890082188558,31.56736807195806,31.646877526352053,31.60484902317129,31.48891975855547,31.596854905212883,32.1397377698687,31.759111466872163,31.48337733592247,31.579346237132576,31.64363749944148,31.6871178461843,31.677228877700045,31.857375594515812,31.578910941662325,31.395002618992454,31.35603844848459,31.411701866262053,31.70757386532283,31.356939119007407,31.80183351462726,31.715244169765352,31.834251500647788,32.09036577905432,31.737312202037668,31.3712780946193,31.858530747360035,31.905323812394585,31.7174788975479,31.446589288583528,31.91448837823768,31.59992929567545,31.66294801230648,31.841296339967883,31.646642114303475,31.70193144207283,31.5973059648277,31.824339151909932,31.506421696766026,31.76756108628857,31.724333043707368,31.754895937376546,31.91096747433356,31.953303123755088,31.806767332263515,31.29816212556804,31.40147272361872,31.67838580738444
P27694,28.10029785648054,28.05214832020645,27.559541335303557,27.327239851313923,28.01651948486739,27.82796026055745,27.506491330448554,27.512579981907383,27.98544494366828,27.83928060811731,27.269374239783343,26.71503550210228,27.29585955981225,27.867272808382346,27.19859460265929,27.83496578908082,27.78310765666055,27.260635767173945,27.412631665967776,27.602538083505856,27.826757567881344,28.082669166829792,27.47545313058376,27.918015015955497,27.82209995432518,27.374110567482,27.127188101733346,27.30329135093598,28.04401554425064,28.180492594963567,27.56004610892947,27.534960157999222,27.302740351826333,28.116665932489667,27.253935714790074,28.112498655941742,28.165744305528275,27.5949699187552,27.48974608943985,27.515516887031986,27.32703823306217,27.61189888124724,27.47692776430029,27.77733521418306,28.109329071998992,27.9571690174859,26.77404980212821,28.100716055503707,27.935469123153094,27.264538521459293,27.10748708761609,27.73827654151612,27.750150572844834,27.917765775602344,27.18029869196081,27.947173576240623,28.01995708386073,27.740325068512742,27.32452631958297,27.83531949680661,27.96099470665808,27.986824799829805,27.301848225800025,27.50267105479591,26.9595673004158,27.67607270498636,27.9345697742186,28.13246937886378,27.475029438974907,27.927874265147807,27.0854402844788,27.88756392470326
P29966,30.162831962500796,29.977917761782017,29.025207481333783,28.920735454884795,29.31477710993039,29.864465573128196,29.041013324453456,29.72700932800065,30.16608266614744,28.858478106879083,29.04479554143513,28.606763064429817,29.132118423075,28.688782403070647,29.28137620708248,28.9108148111776,29.630933953255656,29.571322048310524,29.452601775283476,30.08080966187934,29.566334228789945,28.79517440436449,29.403337465697437,28.89081935633105,29.65282608612168,29.03821241257635,28.905202822311168,28.872520236203258,28.709624288694584,28.886117203552523,29.45470432904927,29.459398334248363,30.157866804290794,28.28374979688553,29.76413557072746,29.135414935155197,29.68956344024975,29.23661106047688,29.622092290547418,29.02413422252126,29.71231685197496,29.75197006254124,29.062092301276,29.27651550074946,28.374538688304657,28.938519091266866,30.15808548312034,29.35286350266516,29.7152947709215,29.36591582429093,29.32766987349837,28.937286985477108,29.851941521655757,29.35718523403077,29.636592554364096,28.94123845369525,29.79253837502145,29.20950679537213,28.507134861551805,28.94329960315497,29.628848151570896,29.18136274629768,30.15808227563462,28.507363949487964,30.328880785489275,29.31344746526036,28.97881045310757,28.92516879805032,29.536704830049,28.69396253837133,29.504634905013837,29.451035294872806
P31689,27.87488820970177,27.491694632390494,27.378773240698493,27.022308098077115,27.86017104486312,28.33071912108214,26.39296965135863,27.286045403169773,27.41253436780061,27.6756121853553,26.628986947769263,27.470583613161963,27.05169450047164,27.983786441305156,26.504914504630506,27.27881231247961,26.96124895320832,27.44318708010834,27.562658905128465,27.396695960332597,27.315464060777582,27.487303120890065,27.330031202385427,27.24964882719655,27.776153952458177,27.296730337561485,26.303607168698967,27.27393183173278,26.928730563171,27.34366520060798,27.88167820931982,27.731530935949344,27.854036950748576,26.18109825328895,27.00573676930412,28.2757749208799,28.20318655943611,27.734591396761125,27.079849950617746,27.99197898013661,26.80629791002244,27.794365847716097,27.23972963041664,27.80893842886859,26.9474173144782,26.149046153594416,27.384574943061526,27.44808707512909,26.69396788100449,26.645502820366715,27.365528738264757,27.522956436062707,27.76450646575914,27.29885383789602,27.7379895729438,27.69155719147005,27.65858803669064,27.559899384811043,26.91201259736957,27.048080704809053,27.70574623547158,26.178320176630415,27.731789394943032,27.53472065867225,27.830141633590177,27.848136134748135,26.731967269757508,27.02325275278825,26.82536259524526,28.019144710440877,27.549555831298736,27.096769936447288
P32929,29.31597265823214,29.035092965226987,29.160352364174223,28.594142163279454,29.399589804528382,29.245981143859044,28.851301303676955,28.342964226426943,29.33579362631431,28.883467011095235,29.128877460257986,28.3779094107123,29.28054198589144,29.164273195291905,28.866841239558056,28.5017037919442,29.35172893155745,28.84950363682588,29.313553606710915,28.386413407585977,29.245568405581174,29.14386912291256,29.23863462606559,28.823017479024134,29.625418739893867,28.83310861166641,29.07239547074582,28.485609861459302,29.002528128333694,28.971930463643293,29.625090970319075,28.68692597156028,29.168268261628008,28.913948102063955,29.14595293543842,28.63254892553948,29.29654142243634,29.057707739246897,28.849739588269568,28.15795334283403,29.099922625109613,29.04159535455128,29.08333368602455,28.71015861600503,29.319760720083767,29.0559657896031,29.401935650778547,28.70930465967635,29.36383908991622,28.775752002975317,29.16390200055931,28.623167575667598,29.382073897408027,29.048906198044502,29.303881052675266,28.63267085730631,29.30003526764512,28.93676374150883,28.890583187555585,28.655999693328997,29.336646663694157,28.96372529057433,28.953877619540958,28.46070816988534,29.35601388477822,29.139578776757297,28.914617885941304,28.754450116182657,29.508406167397045,29.117735930320627,28.979775345534065,28.318236599236368
P36551,28.51952517806612,28.312775837298386,28.41862959366978,27.627752306688844,28.70026210383552,28.267552582710508,28.15978400027811,28.24682100783263,28.529256803285875,28.39347318781409,28.5430750999353,28.39944122658526,28.42824550626976,28.170564631205178,28.18646472320332,28.369355564903422,28.75632593067522,28.44921037875927,28.24267174316615,28.06354316993901,28.772139765746264,28.279967371005647,28.59723155553104,28.23331088119141,28.421852020999168,28.26785188083024,28.44391570974836,28.27800601336624,28.39881393080229,28.46576014795772,28.892472992692984,28.555115397695605,28.42030617617306,28.367775519593025,27.860190610760657,28.26306429444418,28.43619577392753,28.1580574505064,28.441291512745916,28.260680595188735,27.87241550530373,28.123861257031468,28.288249900153374,28.3866122640884,28.546233808016257,28.25652439714642,28.50165347877386,28.870602651196076,28.306015875106876,28.42815314586056,28.57635889537155,28.08865342776998,28.42975600852725,28.22646447790458,28.75092485462908,27.93652646863765,28.637018792459543,28.53401515835005,28.443120189256973,28.196405186834298,28.197999271722388,28.10662427983805,28.462086365338777,28.356383508241063,28.204474354959896,28.79765680626709,28.21085077524867,28.48378295207693,28.5869389181312,28.554462608128937,27.795334861487063,28.472109213410228
P38117,29.61271406020227,29.43776308882441,29.486569925004805,29.600697442781787,29.315648189199123,29.03600874490184,29.30849959711148,29.23282895665173,29.369209935697928,28.9801745581864,29.1869347475172,29.188584893007512,29.567576366383133,29.56377499763405,29.588041669623717,29.612303761002345,29.179306806159133,29.1122214098412,29.217269704006483,29.45365243529986,29.106428970352265,29.458327494989557,29.552947593863344,29.14958847155624,29.769367660818496,29.218050372226948,29.36574588854269,29.19239118827969,29.194312226768364,29.195412663628712,29.748792437628666,29.26643931270749,29.276193992039747,29.21066552566784,29.37832736488617,29.327422296822625,29.59785408077453,29.371689822320377,29.16936604374331,29.429549776580327,29.211771929754438,29.338904757174603,29.26962890910094,29.401147615307323,29.00364156617741,29.520980770275777,29.17562337827711,29.536812129051643,29.459684197169334,29.50042770617132,29.42407260310701,29.4068864953092,29.349508767471438,29.34280058483712,29.55902309347325,29.35455560676067,29.29237886535113,29.36109334316822,29.066013256219662,29.234883774238178,29.360130318622332,29.32487658459665,29.36367557892495,29.244834478488485,29.42968175465038,29.42388190264997,29.5131209395392,29.463518585926344,29.437220768896903,28.78982120187329,29.51807216658973,29.018096546384275
P40222,26.96174542043611,26.292354982780303,26.687119399556536,27.67530706900876,26.780738231519774,26.33282410813637,27.14105265988937,27.33923375269589,27.00605761427396,26.64069146498925,26.94857670884303,27.226004415410124,26.807294977353276,26.84041158589838,27.1462470424402,26.54183678177573,26.655671963688008,27.210768111380787,26.80483963925612,27.59914132644437,25.989137419331705,27.51464955383153,27.02599194986741,27.124587463986742,27.936250180196986,26.758073155062142,27.102286862650367,26.6630174624365,26.913119077351705,26.52606208292989,27.3037656859054,26.74275896020446,26.97882184883706,26.7257631786807,26.832396429360628,26.560489900726868,26.83262890867334,26.44256784511864,26.91973334228,27.24717685552601,26.585848503343563,26.7418862652369,26.99762653490137,26.99831492221709,27.324100770940053,27.542421614364702,26.60066058148025,26.914762759948715,26.41450409687125,26.12191406082612,27.29601090439071,27.33958313772521,27.33365465986328,27.205899110480484,27.270773369575377,27.33897855500364,26.349133939230367,27.19668844279524,26.36045879406944,27.345502184753222,27.134214512641478,27.166238331208078,26.54083535704912,27.02471991377865,25.94491963496476,27.261096210010702,26.93393428703968,27.13116862495608,26.863397734493635,27.662019224592548,27.06739046523668,26.53967462760441
P41226,26.340734228872893,26.97851667377428,27.42602013215301,27.729380599105266,26.489751923316977,26.851038162635025,26.98218290405361,26.84014063434836,26.47006030806282,26.993995648614444,26.79674050233673,27.258925366245496,26.25118512099033,27.561014604767998,26.308099111190803,27.291705180492546,26.72446876660369,27.10688936208758,27.680980951374387,26.724002872237005,26.654427323009813,26.876876743145424,27.0361852091885,26.800900249694376,28.56400220521544,26.721701364308306,26.6750726894068,26.73926534089625,26.462869339022408,26.9545672007668,27.38541439688177,27.141763239030183,26.442332333250015,26.64725306283524,26.434791863639905,27.05768314692268,27.003426284596,27.0225982504156,26.65028410285216,27.56033709651017,26.2378951984567,26.475376765410477,27.213746880036734,27.3290073679752,26.44978440723145,26.86645171204076,26.98232502984139,27.58739725955671,26.52552073136591,26.70592776692321,26.972560696756563,27.796920864847174,26.30148108680219,27.306936976267043,26.87306584220692,27.62889470424597,26.348541240259607,26.3031812717442,27.066576754016168,27.137067501143715,26.17147148339347,27.10459343250899,26.827796325750946,27.46990883176971,26.534838124516664,27.10796757394489,26.980100057551077,27.314305137399757,26.64777073641409,26.66553199637203,27.0529907446093,27.280236359743245
P42166,27.448655182519136,26.98694290192368,26.51699694846308,27.436493359259217,27.573621307783952,27.48482379687256,26.971132640083905,27.452702946049158,27.56944498897405,27.343913797174302,27.037963598557926,26.96126125800205,26.589798193819178,27.35763535810557,27.26026846002132,27.156746099183596,27.315478622554878,27.4879641520374,26.873300400160588,27.520871685252864,27.31390234050768,27.543854422581827,27.068002223026504,27.94206359611081,28.027533892479884,27.18979458362876,26.746307819014746,27.05371467215703,27.166387830891857,27.392679058076347,27.77842327509309,27.22477790483951,27.25525669070553,27.2286720660178,27.15049776537577,26.913294439312526,27.07451021470388,27.23431749580144,27.56311618618873,27.160047859618395,26.8036001199304,27.152582710695093,26.57114226034478,27.59099204099761,26.784760282274327,27.6214956295323,27.699204572218434,27.540706515621743,27.031158889645138,27.49559418302053,26.808702389159563,27.02048417384706,27.56727795373705,27.52786682264076,27.03748688667252,27.60736567529838,28.104755519440065,27.055005798902727,26.779754913543265,27.011165083603007,27.1386139859282,27.58467776884391,27.381768441351365,27.302045352184454,27.80917912627025,27.5713697034039,27.226311024169448,26.50145921558883,27.08677724796572,27.020228650495422,27.419236912631355,26.884442941912244
P42574,27.365361140193187,28.16008491730893,26.474083228555703,27.761432200259893,26.81599605183565,27.33277995553376,27.10372984811576,26.948483472710755,26.78158763630463,27.5269770440416,27.593443064382964,27.82000325179807,25.94924462085749,25.755002768767746,27.96736035907008,28.036114350785432,28.414910675003107,27.63118384114691,27.43276067024628,25.75054425927672,27.43343701058134,27.489300280029862,27.41750312154208,27.68472477819615,28.361314918595536,27.80580666695882,27.87063712591385,26.242252858045365,27.30992137825106,26.7991789305234,27.190466638009838,27.745466120894537,27.5838356005334,25.526257687033965,27.80486281129515,26.59655005193872,25.65501883960014,27.272783116955008,27.952000872356987,27.858583305926423,27.11568234188324,27.57065564486772,27.74032171028311,28.138271938548023,27.92391514084293,27.96953472444794,27.850109357359926,25.29709685658003,27.663563197251605,27.727783851267763,27.6473936078097,25.52808268545767,27.696487561406805,28.053632307025374,28.03693103643301,25.77189846860473,27.660122978167188,27.74516513090274,27.542433206078076,25.548549453099756,27.593059980530057,27.383608304405424,27.648196285009217,27.41993095385609,27.849222294540667,27.39071192088021,25.511060675559595,27.81222209194147,27.235760175630244,28.400574699774296,27.796444769259782,25.686565533915704
P42677,29.90767772823638,29.445117633374537,29.616859094606035,29.814381513098557,29.338809724869524,29.558432905013365,29.62166464473413,29.430132061957053,29.265552827486765,28.80909398089129,29.140258696221267,29.330202635025056,29.47294982341688,28.96586441508782,29.67601748674381,29.68361993721472,29.585990046549977,29.76894268902676,29.06042160527414,29.03809453517175,29.78151903159968,29.031661787573587,29.7664047684478,29.0862185367072,29.9195605252354,29.324583039400267,29.42839004959866,29.366785677472663,29.35525932289371,29.36107222009033,29.784196173362616,29.54416866710636,29.28830597241186,29.808108223094635,28.681969128056387,29.50806981029226,29.413202208436985,29.39098536043201,29.223672546801502,29.315247679666243,29.11461305262972,29.24486743149282,29.884206584285494,29.44631014810657,29.014080705018817,29.66496194198224,29.472766275620447,29.75426194488152,29.258373927641827,29.44855584195631,29.18533977250716,29.786788455889987,29.247440502733973,29.638723351330054,29.149615698339705,29.760428295712625,29.73741496160167,29.5097231602989,29.324425273304907,29.11699405443861,29.501455772002103,28.243631560816475,29.52056057916634,29.478130657382664,29.566525839444644,29.4895607095935,29.469225649363917,29.503261300991987,29.7554809545748,29.68510857859765,29.367101105321144,29.448854090469062
P46087,27.93190429402045,27.482798294604063,27.64907906159246,27.259733045782387,28.20750088077826,27.500866884547182,27.477207880110956,26.88403669591209,27.902886829101483,27.272563146996564,27.00126991694108,27.19183138819773,27.35546784417985,27.352126850306032,27.70868057988281,27.540473327141097,27.73111666295274,27.550286511834777,26.68749662940774,27.83292336672574,27.761315544154836,28.02391494718012,27.61583533925174,26.877567861359843,28.115488833085436,27.29733748796544,27.69435635423589,27.09515550095316,27.599286453679643,27.251218938550917,27.865007749573795,27.14735729718208,27.73191742269287,27.36248136765269,27.28513670660244,27.353747895023066,27.411353994881328,27.459182109799777,26.86217677192567,27.9077457895295,27.405164339031703,27.26141662573511,27.62580889499388,27.53145563570711,27.4191943763222,28.034277763832137,27.94397364170713,27.55049489118934,27.97164977058469,27.6257108273273,27.383193332784693,27.461305689378307,27.18580939702459,27.665273342849765,27.34845909164679,27.695923676140755,27.72527658529612,27.11010448154188,27.096458086984537,27.756204064395558,27.81989992998941,28.01521591498051,27.300975594187506,27.46167726618011,27.74682044898684,27.64450207865639,27.492034463701792,27.235759736142285,27.904587561828716,27.46098869375793,27.04093731666499,26.65827412485632
P46109,27.747744505949427,27.47486499192003,27.74980057892184,28.139073664352686,27.846346838031018,27.799229586462552,27.56575542777264,26.635824876140457,27.248836509403205,27.563050854804345,27.281638234087275,27.737164269800903,27.80018152370901,27.722846221916694,27.6706548124615,27.923292826314007,26.62690013821537,27.72378733139012,27.764561112809677,27.8236405165169,27.63866443982634,26.79341965034355,27.64331931147649,27.703440625499717,28.073944727380372,27.42451421037935,27.454110795210877,27.529491471382816,27.32679875016548,27.38566511198518,28.25128653451516,27.894789720536185,27.32850292647372,27.72686505927541,27.43744235843312,27.67342764599877,27.09704461712341,27.08258325447954,27.97960806138468,27.714816659817423,26.8529827599712,27.20053043988569,27.560999406143,27.69117820101213,28.138834337458523,27.463083850652914,27.818241036501,27.90432094905093,27.648230103350475,27.626583125678444,27.39114785178222,28.05702641643092,28.03527403275037,27.42816797007358,27.60614222047717,27.7876257699667,27.61304793655614,27.55285792094324,27.593861794742622,26.67240701271624,26.44467625755271,27.85393176253959,27.337682392053143,27.695272769739383,27.92913460981473,27.848920690880234,27.25890434139238,28.00618440563687,27.84990320629333,27.650401588106774,27.507532118347022,27.538126053206813
P48426,28.66400478914322,28.19746255907852,27.929709819310208,28.465793040522925,28.737336890949223,28.15149363458186,27.91269373603891,28.95339889085368,28.382220832854475,28.36290598944122,27.566056016066035,28.29625829856012,27.85183820755202,28.31354303034599,27.88466169264874,28.3671808718418,28.079170401983948,28.476159040118723,28.360049229431244,28.71862137398911,28.35107713437912,28.45812240064577,28.24729523855374,28.72349187939783,28.774489757028103,28.051082505082416,27.617298314668385,29.149401248527717,27.953062597629792,27.988335289489974,28.30246280282877,28.737253789688168,28.31730155002852,28.187005482021103,27.98255783017402,28.408811779749826,29.12641945377515,28.32314555990377,27.8742912455799,28.567391752544427,28.11148995360709,27.7165344523749,27.817305890156945,28.716443290272373,28.09665449197657,28.05387182469504,27.9049458997693,29.13503266222872,28.000749966321298,28.218289010297173,28.04476180759924,28.444267396113787,28.15996026592258,28.3233796955304,28.134474340174737,28.379677669915864,28.099179981177343,29.68627442638328,27.83318357285528,28.33954721483355,27.44632099294355,28.42716516943054,27.985824071119183,27.642395121968352,28.6390905564718,28.572142561633655,28.82069728852837,28.74593173869565,28.54616017686161,27.800006237049484,28.36950614577117,28.638717200652653
P49006,29.312467743859177,29.091933287194404,28.849720951731054,29.976733010487937,28.44702217716696,27.986519552617764,27.84892916206817,28.84650391097037,28.140457543039066,27.852830365129115,29.267339380508204,28.88965804383105,27.884244200643472,28.496084889403026,28.966845051848694,29.22485484971312,28.032429809586095,28.50835625306714,28.554544123504947,29.33471112286288,28.02819671176985,28.57265323698755,29.09830275634008,29.916526337637197,28.81810269024353,28.54414961134944,28.49933094501197,29.3323391144232,27.71184569544173,28.551836687045487,28.074747584017345,29.758230949239312,28.466474935738876,28.292399827225488,28.873953658286016,29.41347120386763,28.143411703567864,28.73137888939589,28.779248070583066,29.696214982696176,28.131552599912258,28.66825484073712,28.78072428296812,29.534585365054834,28.08184081454716,28.36618559156625,28.46426173646496,29.881268827739326,28.047128583168742,28.600270939553056,28.595135169245243,29.61311564012442,28.053163686011903,28.666980965628248,28.53358169902617,29.591831723698636,28.229625577506745,28.655517460000464,28.334362825447727,29.654850692341697,28.155218593018144,28.51293977238741,29.285340466168734,29.65387274962801,28.21854266906752,28.37809728954156,29.248486400155045,29.184876308791107,28.242368478338385,28.33824560496217,29.03487194868012,28.813442607480308
P49756,27.6052787941421,27.19468866029696,27.72728402286537,28.01666150644743,27.684032267481346,25.66678750640483,27.303663964347884,27.683773992726312,26.997117295770146,27.53735012126342,27.49821592157699,27.74920500092652,26.60422415292981,26.255340428283592,26.520823448591667,27.606776502860352,27.091291237715232,26.796987986608563,28.46283744573404,26.897028653160586,28.267294798340902,26.837416287614005,28.28954192600759,27.898152705301893,28.55554467512725,27.02374503142425,27.24107295826861,28.06367872604027,26.648098911565715,26.683135315232818,27.410546939457785,27.330620931440208,26.738938443678173,28.02632095677837,26.755275031385608,26.996427073083076,26.898570959791023,27.830156932473155,26.168849284687195,28.02890084790413,27.22517453105333,27.111218248770403,27.74781279849397,28.01325044904269,27.098425909238745,27.74908470546317,27.33653429414806,27.29207800720973,27.88065113218407,26.73674645633127,27.588735779020645,26.07613945683455,28.039769260331543,26.758014430557097,26.10915210313248,27.96552084392597,27.872776624191403,27.0648831390014,27.621736495810115,28.023738436956968,26.90684274728314,27.062046652934253,27.431126635371992,27.301459686040257,27.351041954674432,27.569493576065494,27.27339735360948,28.167158724918707,27.349574778954032,26.0788475418905,27.872617963250157,27.89579452750398
P49792,26.891774606046507,26.828064535879523,27.00867260028644,26.914168754835693,27.50715517684186,26.568203640577877,27.308918337082144,27.21894597909276,27.17389801737063,26.05292344575615,27.16760989954449,26.90422787662776,26.868613731842306,27.394785747774076,27.286031976061132,26.638360832809564,26.77696270802053,26.84925570109472,26.41276068744606,27.36844312680704,26.78871119802401,27.377869368945472,27.49534466618651,27.363609286674723,27.8098382175029,26.856764423516616,26.9732110083819,27.23013161517151,26.95069527266333,26.789932250502623,27.3799421933798,27.00432950339295,26.787194849408834,26.86626219618912,26.7897331089349,26.666883799639336,27.05971035690204,26.720516552904066,26.97741040060715,26.898085972372,26.96447128740181,26.793209339041997,26.914580036967514,27.12554928873363,27.158077865732043,26.65173886165366,27.249430312256,27.756747668414384,26.96393111231253,26.557959280229937,26.645071641295065,27.190168853048903,27.35139899796421,26.727254086046603,26.80270383731236,27.146606904838325,27.476484795295192,27.133574195436434,26.787892324937097,27.534924000892,26.684914372682687,26.42841992122552,26.63975022382147,27.39962194041376,26.933573031464867,27.08689989198122,27.025313601105672,27.012472017787697,27.41749165819988,26.82871481074681,27.476819689454384,27.22573143247557
P49961,28.17320565630881,26.88061984318878,27.638169486249083,26.88299644101356,27.504357401814044,27.34542102546844,27.783730288583715,26.985693512624135,27.335735706344654,27.42250247299726,27.592816238494223,27.319112580505458,27.445112645592182,27.31733496485964,27.351521673336368,27.371578331007044,27.95912201107268,27.13858487319867,27.03508588617867,27.55280333734208,27.930535172676965,27.04625101160096,27.39848052451772,27.44957020968475,28.18550726723281,27.237822539751303,27.15521302839697,27.61843639804032,27.354199417822745,27.11521556543353,27.84348584042012,27.44360485425814,27.412863447434223,26.887461115907197,27.19104887967185,27.488300939502757,27.68593755243177,27.39627395166515,27.15573751119318,27.06739892208621,27.62155461750091,27.621838992152885,27.4160483539364,27.60338351630465,27.5732250981218,27.51698498776549,26.32132967480621,27.842224465347737,28.02742813103221,27.56240126959848,26.848593622111025,27.44058048879757,27.16324757154996,27.49703736212119,27.522920740254115,27.32703398371288,27.522798302372845,26.851372768883955,27.484423017220983,27.693195584030075,27.434112851080084,26.91557938431305,27.79995370398496,27.264210414200257,27.73370797501516,27.04278010726375,27.05661034439391,27.573410605545867,27.927595519703285,27.07396517507952,27.71317298264951,27.372150537828738
P51970,28.102869969019547,27.6692783316739,27.5707335391594,27.820420795409976,27.423005830882325,26.892617158252733,27.138457530837133,26.94353010891493,27.298333990141973,26.959441017742844,27.462901539928893,26.440250774233267,27.017615595128557,27.970457095046164,27.567836879384195,26.298165202512223,27.17026182680244,26.623815646196736,27.69353581420432,27.52263345916445,27.77820275144776,27.270442515387334,27.4035187491826,27.300649481997688,27.352133650228676,27.121306928234088,27.49388306739001,26.61574165839187,26.904774065479472,27.424896118736235,28.087415862513147,27.321348130236903,26.722232729764286,27.07883167187239,27.3586723253799,27.098344402189237,27.56531326298067,27.69147164716824,26.873968814141165,26.974017215643794,26.910507777230837,27.210952721573047,26.926766623108364,27.549729462180224,27.62937993514156,27.042329781150656,27.43995254952429,27.675239798069335,27.406593174811253,26.702555267986057,27.54453717278116,26.831850608351868,27.32092064278324,27.23501096466371,27.660871967395423,27.085690109468047,27.416736685065977,27.51517648057196,27.57832520520901,27.06413555421129,27.377363312633157,26.741950885831944,27.72682270009951,27.12176222847431,27.829022636067418,27.28822730363786,27.634246385536816,26.419356661231987,27.613327890002957,27.0240474732003,27.597011456868312,27.032135099260397
P52907,29.62725475561698,29.985776515746995,29.969673152104004,30.453726448908437,29.42991566941056,30.03691567727016,29.546381458884188,30.73494630075892,29.18295002984529,29.865300439161224,29.87217081101213,30.26631651784969,29.58550932579068,29.920323495318147,29.47408791374312,30.096523557919397,29.93488984895969,29.8544247324519,29.78843796063308,30.28387865723404,29.783393250705934,29.774471813610035,29.66170504993845,30.25074557826876,30.321259203550134,29.6279773668585,29.602109073534663,30.074591871483577,29.268008045648525,29.79528437475635,30.44250319294711,30.221754421895376,29.730866706102447,29.72054233533278,29.62761217051329,30.28804149614528,29.46499604292924,30.00784658639408,29.379673151763583,30.745136534861427,30.22186031110046,29.21300866758152,29.719173616886195,29.735553077450408,29.31105852066571,30.203884931956477,30.51775282339826,30.3809685598262,28.688788850589745,29.87313960369525,29.83445132209596,30.4667847377178,29.85067523046436,30.08010219333133,29.94708261648386,30.474091350728585,29.7050286454119,29.713025889682548,29.542979543507705,30.38555201990201,30.097987525666337,30.16392298130806,30.095258179267027,30.134510303595185,30.05054791218492,30.205657412055302,30.21430909554899,29.2467651543763,28.027901738874803,30.08258415082423,30.048402822574506,30.20440688519052
P53618,28.94393387494841,28.327646540135504,29.214023060006124,29.70991851044532,29.47625455521084,29.20497541482468,29.38889034129552,29.06996781419666,29.147082605536376,29.50422827988736,29.466045064507902,28.938074448033213,29.05440443691973,29.11477030453609,29.196052217469383,29.020073889881697,29.327575784615156,30.57502577058551,29.143949939983727,29.009292264791256,28.97170711811243,29.026165873427598,29.226775444479703,29.04769762608302,29.211910825234952,29.38090085819417,29.60335066294697,29.24148985340054,29.274278104881347,29.455731162009343,29.765444422673536,29.18227020912758,28.991724727128076,28.42597611835384,28.92118456761648,29.40109535791886,28.971285222759285,29.30671524898825,29.494931184132422,29.172183339358817,28.74938887442668,28.82022755617907,29.58488895860189,29.16289227994947,28.7937218324086,29.58518024488421,29.675630927653323,29.29666824270259,28.64585084010836,29.414266858541108,29.737396763831057,29.06974444977172,29.04262311145781,29.5660416159598,29.73274823521563,28.987757412091412,29.2011243271749,29.13429835264436,29.04695897937592,29.01965578154573,29.250258564864392,29.481383490260537,29.706382705382836,29.44336278426053,29.27904826670753,29.5984328795032,29.34374714435367,28.430386307487417,28.71575667867721,29.08340524405009,29.338255324305276,28.93073536851361
P54136,27.952889569992912,27.92611668106388,27.95556588022577,29.204971886604813,28.40073021496493,28.08815032966143,28.54321414946751,28.038373201467454,28.040666912084173,28.923623804559213,27.650624157884305,27.95370875171238,27.623873385772026,27.858940330003485,27.98656545112049,27.891184910677342,28.05064986122084,28.147333496704107,28.624376309912712,28.194609492428725,28.5572635069621,28.4338757820313,28.47814555147808,28.40921757295707,28.754001976765505,28.055454718928782,28.24319539493637,28.107013534478863,27.3970465867899,28.261559166086784,28.890348875218383,28.253836304203567,28.27127615746628,28.06121218054947,28.2621491060916,28.13286943789819,28.206946284903704,28.3343906114767,28.14480763665118,28.09660080652985,27.126306990395378,28.199022434400103,28.483278992915,27.95124309068354,28.46136193634829,28.53659316847787,28.46990715609268,28.68292215140041,27.901192220798585,29.06749080973303,28.086622421696298,28.27782096660652,27.81467279393384,27.88939642856323,27.97177681485945,27.803860904470028,29.171333353030168,27.91330338431756,28.635001612781736,28.15993646054953,28.40896668525733,28.350498531645066,28.836192574301037,28.78866847101947,28.13571223354426,28.770037670528,28.313948499266925,28.124532423453093,28.283686610142954,27.52101571616357,27.737500297187456,27.63544013511288
P54886,27.31938928908691,27.704504838916023,28.690518672698143,29.32302411309582,27.889259180163823,28.211064529265265,28.70652029459095,29.10286668346708,27.830458140914192,27.931125414667463,28.338484931281016,28.28431030970418,30.26181209365165,28.430635863588645,28.249308665747648,27.893171020116554,28.685059498680868,28.08966668610613,27.14610764963145,28.28318784810053,27.987847211095943,27.198152492443405,27.970078272692447,28.979022808417422,27.918675630662865,28.229623443558644,30.743352029696133,28.246744786348888,27.458722012297,27.86488442441101,28.592726904704715,28.482987105791324,27.225815920656583,27.7576545272312,28.15234366559697,28.25937707118867,26.99719952069626,29.41326686976105,28.94169391868597,28.940321382991208,26.961923407601667,27.44149459445373,28.30744720842741,28.949148475244066,28.300835625464217,28.0738712603954,28.182793381465867,28.93817408138621,28.82611681023418,27.03263670863835,28.79870701593985,28.37448468955941,26.59979594818284,29.05538382009621,28.87227560600133,28.40241044654641,26.430657393189563,29.04192365605949,28.58424641667455,28.918405240693453,26.57101362844997,27.964726312584773,28.70864327829461,28.628306522810558,28.63170697322588,28.968778045715226,28.3835570872482,28.16027726252774,28.340940038789835,27.459702506400905,29.047697788813103,28.6296905992532
P56385,28.004146827922305,28.687714149052898,27.85618727275808,28.834601643906478,27.9792382040156,29.02755814302377,29.281304009914084,28.366728152491707,29.27116062045813,28.5799323230803,28.412029824257417,28.192875266686706,28.504407381318615,28.323280406687367,28.663104606788604,27.750415471604605,29.06047622122961,28.41638204564729,28.800709434226103,27.732656406234412,28.670916295868,28.937144159334924,28.69207844717968,27.90777249395355,29.018593818694857,27.93099008691954,28.87751166070628,27.123014165423,28.89490563623756,28.55191105336898,28.8884053029284,28.32547504528407,28.620847855936475,28.59834058245873,28.737239427433373,28.314454591411213,29.197218530876324,28.71966523367406,29.18715059942454,28.36700626041876,28.36059474558478,28.754127844833377,29.035169491550413,28.589170805661556,28.234213823777324,28.124410984856947,28.42022692399644,27.55463028043515,28.229908742116763,28.670488042188364,29.042973364976024,27.785673966198857,28.37398895827874,28.443558438891326,28.526872599017505,28.934106005244956,28.84250894904928,28.71711318432324,28.846522651445056,27.51432308286159,28.980457989743243,28.973722106125425,28.16139111370101,28.663180139600065,29.248197446159,28.05521308463369,28.4275255397514,27.778111753956413,28.287416144398907,28.81720839340136,28.30317553884934,28.479039583201203
P61221,27.81464490615741,27.45089660163311,26.80825095985813,26.673193571232712,27.568800564169564,27.48492746989244,27.709103965362544,27.438900323154865,26.93886184562042,27.504500456948872,27.92123203300682,27.40178430146705,26.900389629830556,27.076455607035395,27.19753950968072,26.89625562529529,26.94532817091612,27.41417441779003,27.93826779090521,27.47229310728516,27.519938900797744,27.740562650654883,27.31015126458592,28.08508962700788,27.8717682069808,27.072020757303378,27.233270288560448,27.31713588130991,27.36541100853081,27.33700644400483,28.24079606708158,27.5913295995732,27.06858355725832,27.1984528612496,27.342864387212757,27.424484615598367,27.13551425366397,27.33925925014153,27.404795960226323,26.9412541594786,27.09628838753145,27.0325645614965,27.220031303447108,28.026352120184423,27.1988380052638,27.39520872735168,28.045040717787654,27.944276439699458,27.204704454481394,26.92841219175932,27.273924501808168,27.35220539401263,27.399546956166205,27.323109446711776,27.87477140211048,27.447990860784547,27.40095543285116,27.630819786433875,27.319105709963093,27.81322512721243,27.564428328443217,27.92228343090285,27.1951571170034,26.95641683233987,27.07236169826814,27.88834360223034,27.719176192354595,27.074906702230766,26.742062595715563,27.39367102496446,27.82826517954516,27.5898167571027
P62269,30.712256334879747,30.371960874273505,30.53476852199225,30.778548265352644,30.70199074185963,30.352555271977224,30.56934015482812,30.353302522738705,30.405320423450775,30.421106416259946,30.83242427280409,30.503899571195408,30.366159792938703,30.415709620948533,30.50697343117873,30.57778282233641,30.473206254602108,30.535784467416622,30.80452160158084,30.560391084797786,30.690513558016104,30.48977020516685,30.676467060994742,30.645889468777533,30.74594596238822,30.465661710114095,30.717336326436666,30.68430479235461,30.380390111898286,30.06934111931425,30.72066260335913,30.7320471326588,30.547848816569804,30.360342601520777,30.38825535895843,30.22494840640955,30.188730306595986,30.69538153295512,30.73117764787756,30.531717346476672,30.35946809073078,30.537266337819275,30.15294712781965,30.6672258591842,30.57723608059244,30.657934030012957,30.70522729021545,30.810078855442114,30.335929310815946,30.548885988616437,30.54621390304151,30.585095161954413,30.508666359263916,30.69176272044182,30.784641266687327,30.676842961096444,30.348091484479053,30.566447308530208,30.57422282790687,30.57071068178908,30.43452751760289,30.31390406323569,30.712183757081156,30.563382252496016,30.32017743058581,30.61165087985787,30.7709013987473,30.72401575617468,30.717419037212306,30.174977227134743,30.51181150290861,30.662903430643222
P62306,27.489015160115603,29.128164738036794,29.12174579445495,29.33647352933696,29.44881892956016,29.38785260760632,28.954457049522304,28.221154372231705,29.230096588802624,28.75979202070302,28.667764440234937,28.651743219253163,29.559848135048117,29.313373351210256,28.069857166105997,28.25684974275441,28.68070200124244,29.388865886634104,28.494067969281467,29.305150227121157,28.74273150235728,29.152694307903964,28.545789743169827,28.25220937073785,29.118477290136035,28.990822377671368,27.18877445932316,29.072604790903394,29.141022740565248,29.018562593722844,29.044336099393664,28.94914234476796,29.129123045800856,28.475693632534835,29.1179862208838,27.43105239507648,29.087717550245863,28.95102593502947,29.397024805430505,28.638487596598974,29.071332609640805,28.50052984109457,29.318390947833525,28.78537174312812,28.28379080091029,28.729931725726605,28.559057720859578,28.783716620111434,29.10233003919865,28.472610852803445,28.65610268934477,29.24298990306308,27.57003155808573,28.423186197186237,29.309188010080412,29.213783719065884,28.569169113988785,29.0612669065177,28.75913584264636,29.263740959992752,29.184137887524777,28.78724343994779,28.00722121399897,28.79785202244617,29.390811923812883,29.03513563188224,29.1368616162974,29.157790139426428,29.300938609284096,28.30793748223193,28.33157428494674,28.491292614800653
P62312,27.63540394639705,27.884350245472017,27.859788050301063,28.11389121627873,28.178608679256065,27.6883459847306,27.65409836894224,27.86264057689686,28.272895615596703,27.59743015479401,27.94202726753431,28.17796061189553,27.58808852786224,27.98922544383778,27.696303592655173,27.977044433662645,28.30835989690324,27.98434984064715,27.699352267654472,28.269668181164157,27.90884814323847,27.854017087508684,27.63622215078423,28.060715768148576,28.09791086312589,28.09938619697895,27.45880705902296,28.14712822444948,28.066553931138863,27.61801028841009,27.910216364501387,27.85706049288434,27.86896635569234,27.97431736818534,27.533987396957382,28.1564927644393,27.98448830902528,27.91557323553438,27.66793142762198,27.33564889625457,27.849468938437283,27.648129039785392,27.805353252004824,28.13915695747489,28.222509873751687,27.88079415674072,27.98977801598121,28.176126425869043,27.740347708856,28.12762254282025,27.636974433139603,27.730896200642626,27.9466956986789,27.928037934273984,27.930645415960942,28.171891216043583,28.04073809420283,27.92606411022784,27.579449664393067,28.15580725017185,27.73742956216561,27.8902391371889,27.665219975396155,27.69548116708289,27.872864458187937,27.91599000244656,27.79550870800662,28.308522688161545,27.806821248066605,27.98892102754029,27.96748908186258,28.093153888382467
P62318,30.55606695741161,30.066684805003536,30.22082331591893,30.63950352793546,30.58054353432397,29.94977460068753,30.220007624690563,30.37178177153059,30.329898133927305,29.947865673734437,30.055259141482093,30.48060566257036,30.14825113701824,30.057004239404527,30.10645270517486,30.34646682874282,30.88065981798183,30.1335897653381,30.250933417617496,30.82791547235362,30.22872728124128,30.16427184207039,30.24748313131068,30.407884925561422,30.834570248397583,30.23210651024682,30.111706916242262,30.151897005299148,30.205445755355537,30.13784238002296,30.692177893586216,30.33827104084357,30.359875415941584,30.22084297135733,30.04262463155537,30.34821908184269,30.487943736069017,30.085024964280112,30.200351004480844,30.166140306717068,30.21539077680793,30.124510621874016,30.23444993834501,30.12347941517027,30.490253582784916,30.22074331810871,30.34380085212905,30.632426133340783,30.32705078109267,30.06097635544749,30.20699958393085,30.785562983387717,30.42536326448011,30.160017902809127,30.598320057547262,30.35667982020504,30.29127600937153,30.25608267429765,29.945721684852217,30.383837067893555,29.962497873158803,29.80118515822095,29.93186100549709,30.53301497441183,30.42237180956872,30.23489135931858,30.28886154155325,30.588457820724017,30.604301167175155,30.35507832332302,30.2640532292647,30.43352313434139
P62851,31.006724390399363,30.653863400865475,30.876995439837746,30.935765235942725,30.967464385311352,30.83370983022552,31.079844245600466,30.78535109902037,30.81311062090025,30.750205387060447,30.736356228659226,30.329893859382416,30.675511986569525,30.728070860551018,30.87886265950366,30.943778538609404,30.81636361547164,31.32065181823104,30.74850311351461,30.50247990724475,30.856240799514158,30.904613049525075,30.88295730762528,30.918476862227287,31.236757124706124,30.677398428250985,30.830017475732443,30.718192031474263,30.6932821978444,30.709241432398983,31.306278509506136,30.84320997664237,30.704176154344136,30.69563065054385,30.79533007140024,30.805157239974974,30.684745221241982,30.7464718200991,30.863384587005168,30.789608990830335,30.169714683767765,30.630564413291044,30.85063973733912,30.92546836540229,30.71839392347185,30.901955794224744,30.90541660881595,31.08557177871445,30.880611233812367,30.866510099921182,31.0613056904313,30.66805245672812,30.664849224833763,30.94822597659593,31.13728505492576,31.016534203647176,30.485643878241383,30.89830505230996,30.819726008005564,30.592445715472834,30.5368953058817,30.712610610553117,30.97975838632414,30.768032660631924,31.037551430897555,30.639115160451222,30.950810045106728,30.82000796995545,31.028748075740022,30.84773372190016,30.73320347725201,30.54885759390549
P62877,26.17821793511575,27.866247638217573,27.85802097772023,26.75178965489192,26.66858840365074,28.236132816133328,27.91085181473084,28.02100724997429,28.09183331602334,27.95451099528258,27.76406265835509,27.95793314931742,28.093681996686097,26.923887276811417,26.420158952289658,27.10790824229444,26.497920827437483,28.21726453207676,26.735851532479447,27.181522786449364,28.18002946127425,28.08968954553602,27.99953428881264,28.22762800253052,28.16869796807169,27.373713323655977,26.989030222175177,27.431817150832448,27.13783939327896,27.48918348787896,27.755138276976297,27.77209353191351,27.732037971437148,27.523572066990173,27.522081429917268,27.45439544338813,26.556802378819796,27.839015018106355,27.612667839893675,27.69328390120936,27.76356820712657,27.485992217634085,26.254410860759236,28.06969390021883,27.698336836732956,27.90277319576447,27.764113246839987,28.173628227236303,27.65913971088206,27.17625397917841,27.1263326916021,27.61432589744581,27.66245891461161,27.474352367079984,27.55885357456121,27.769931032818565,27.68171069570399,27.3767940274154,27.345412772142488,27.85780517317244,26.883823819242703,28.008344655882723,26.855023771936185,28.12267237657077,28.015963987029608,26.558096187097977,28.236975308691207,28.21760902384189,28.173119111767445,28.03589705453472,26.75832190801342,26.945124421941262
P63313,32.00519403344538,31.66739435884717,31.15096025184428,32.79583862145124,32.12003749920722,31.603619827299735,31.10168524771844,32.541682285773184,31.878727301186647,31.599898043030265,31.10815654839695,32.390430846916274,32.07889441491447,31.61090865586,31.025774735070705,32.46183636400713,31.93720848117901,31.58193993034721,31.260436790443595,32.31313513321059,31.96428179683267,31.61077720938306,31.24627906701267,32.50866984061966,32.261970503114846,31.66460334124132,31.302674629200308,32.34313926863923,31.83889406620315,31.592086423828125,31.54001477954359,32.431429681619214,31.79663441700973,31.474479843215907,31.16431599173016,32.32952879528385,32.06653211899101,31.561414689398436,31.61065745434552,32.45684992491076,32.01448907231264,31.411539355661144,31.62529882691089,32.53557467311298,30.46765378701764,31.87489223059514,31.652711725125663,32.72337653116994,31.743979143752025,31.50790135649048,31.28500112418693,32.77280995191591,31.76494111177853,31.57262493072363,31.35292602817767,32.14320533536748,31.69323594716261,31.55372152751043,31.147776061189656,33.1524098837826,31.841392696520085,31.690402918744702,31.33171804497468,32.30927687447424,32.06470200676129,31.618174672702423,31.31432733537484,32.63466681611285,31.977606535264133,31.51639088595141,31.12896487682116,32.451306534064855
P68366,29.34581475088465,29.60374227443304,29.0414757636444,29.95283220399172,29.44155664086257,29.79335023743824,28.748105205379485,29.30757894256933,28.928764580032823,29.32916758453472,28.585992654008997,29.10809526731706,29.04063488738167,29.56510701626519,28.98219851479139,29.549073670665027,29.033722273894824,29.6231525118584,28.93841168307093,29.272993599212967,28.94785656147107,29.51584228355213,28.851691207852248,29.669753054373867,29.6036910074854,29.1804500113029,28.785348534812112,29.16585273600387,28.740846408634862,29.549452348143543,29.62511364280714,29.4651493252596,29.01760942921926,29.53994545932497,28.91474347255224,29.36482558489415,29.151685371423767,29.970155691131357,28.49858731592404,29.217081486960925,29.17655688215579,29.473897997681373,28.991755626255745,29.18532303645915,28.9750380563004,29.678317484328147,28.91729665868026,29.749735911053275,29.2718918133089,29.581458239655024,29.26346933837081,29.47128916651829,29.34523569293792,29.53638968296816,29.41954259394581,29.44226242415309,28.09368994333688,29.598656232313616,28.085330538767465,29.60973735279798,28.857940370713937,29.432755096336223,28.559715506890253,29.263802388133588,29.194942553042484,29.577484408975472,28.95459496965522,29.72882210419777,29.28354094974272,29.6633572446638,29.06102424302915,29.35852842439324
P78527,30.03493183261736,30.178730368118966,31.643346203470276,31.721628908092946,31.530361292115774,31.368261498284788,31.36708246307077,29.678198145948844,30.438364293772548,29.793494089828837,31.40513903165033,31.56371680263309,28.9700359911811,30.742051706554925,30.86583894941259,31.092673752359055,30.95697311601773,31.00217452314321,31.290828493682262,31.254209351602544,31.007064987537905,30.94941526595249,31.04748243121875,31.29148036657997,31.463360466159507,30.914977463161264,30.74507529368039,30.994314248309376,31.006816332829555,30.900379668650228,31.34692717210361,31.21972138711444,31.00008542883516,29.052377076098896,30.71952345049101,31.111315427019782,32.080391856594694,30.619437201540084,30.34770685842576,30.13429482266592,30.396532982642512,32.04128457350444,30.214911917540416,30.619233041079603,32.03389176454128,30.336508186550976,30.24039896893776,30.856589043735685,30.60180318648053,30.9785727964396,30.60330765429529,31.404140276269075,30.677928329563564,30.64480090889494,30.58158323033288,31.721279336147425,30.29359565704091,30.4762547658738,31.00673323285353,31.132735845318013,31.472427095744248,30.92809794858627,30.951753762248707,30.775694839833164,31.34730270017236,29.92987097707565,31.188144441024537,31.03647545369486,31.01486255189268,30.494895945930825,30.32065578853481,30.73612949500128
P80217,27.48401113345948,26.97254611661154,26.83651071452638,27.49376525143729,28.019936050058007,27.416386979441107,26.92831748399145,28.51627449620357,27.245410097258542,27.169322155372907,27.49236929600467,26.96912614850168,27.73394660386977,27.09318431005191,27.70478041562223,28.128960487695224,27.251563768129333,26.771474756828034,27.086390387597483,27.4600372456196,26.73701769007689,27.925503354218208,27.037730646846526,27.648813979007446,28.097166594909396,27.038218469692875,27.30237930209038,27.81950997687531,27.572589485010838,26.928670878098146,27.27028008039896,27.99061846255787,27.077756439731896,27.538376929732006,26.95851558434192,27.26458427035066,27.398867467459613,27.713179616661037,26.42162482748917,27.873053068019,27.79314471624395,27.521372475666126,26.80527417175887,27.608642491489533,27.42801720106336,27.425760594478064,27.179516213077573,27.945909687249262,27.404722577964822,27.233433480702494,27.64472656870197,27.73963984270629,27.41782356822381,26.67430279356893,27.81977408205699,27.896921633513607,27.356276834737105,27.244346299226976,26.76909682095059,27.63784537509356,27.055205359324344,27.572360437321954,26.741739991309565,27.85035814509519,27.76024598011353,27.01637262568746,26.861937345001813,27.50843804625294,27.236260842176907,27.48820503536483,27.52486878520762,28.401493665234224
P80723,29.388356177685505,29.571025880099963,30.67490136444043,28.592430254161147,29.575376288788856,30.51876982498512,30.596829877104884,28.50217677152283,29.691566359182698,29.919875172812883,30.28298092943334,28.55173787545788,29.225376605485643,30.037181532975183,30.42200299266176,28.59643025256131,29.40965682714061,29.977742482595986,30.536426861027163,28.792484024478803,29.297273965829508,29.74141699988894,30.50828068713761,28.455189212062123,29.79493920037834,29.8373512975274,30.296461089530357,28.65366474838154,29.0437382947195,29.95561119822315,30.837340779613168,28.80476769097885,29.19618032811809,29.88215967952589,30.333273327686147,28.783603859780374,28.982103928058105,30.176910015333,30.365381530384155,28.50313691004932,29.3896800348076,29.97310061210405,30.24773772551489,28.869134331549528,29.34807534325145,30.128441890114456,30.76886531816136,29.061165752863413,29.282695191442457,29.91231915595705,30.517557632367843,28.5644508455564,29.40955296347593,30.023444825060125,30.530411575006703,28.569611721220028,29.236843477694013,30.04886294777658,30.373889366480213,28.65792905215086,29.22794082656982,30.19832055599675,30.509159394932425,28.84953525285679,29.317256540612465,30.32392526898252,30.61278285601673,28.69589782212529,29.375665247148007,29.73153755093611,30.551621897412264,28.461505426548683
P82673,26.776219181136124,25.80863420321252,25.9456322927145,26.27494930175515,26.27974910011733,25.71549819827196,26.62308174809117,25.51997348179232,26.46773193756679,25.231470756961905,26.384223633949883,26.048743172853836,26.326420716583897,26.240718948488546,26.01905177276431,25.21180068547961,26.565339001667,26.04845439115262,25.84982017900865,26.196554652633147,26.361549636271285,25.947122628619297,26.074284133132736,25.420958987742537,26.549385081964022,25.47274971438844,25.345752629038813,26.100242094946445,26.250239714038305,26.41346675349483,26.918538166689487,25.673771377179865,26.2323385590902,26.281449716653555,25.468821482180747,26.56968359221114,26.702813090704318,25.857335664238256,25.80469419232735,26.185052603972053,26.39584456474158,26.017592445009114,25.931071601196955,26.00401902545029,25.97166146739873,26.35473870618381,25.933837115308386,25.866725110234217,25.87107145805148,26.955215579658365,25.497753661281028,26.75503157084001,25.8665652475325,25.436053580889997,26.44520181452549,26.7597625541483,25.9561483944154,25.753007626304576,25.64919540673404,25.73181174959982,26.029046209924186,25.50572382018463,26.48659278435813,25.94154494661567,26.2245961183007,26.26478153009781,25.593557817586813,25.803851794855003,26.098965399292688,25.785188518289612,26.37885666508185,26.890727162893302
Q07812,27.135844675180923,28.08323483342065,28.09416711137986,27.989684000470103,27.87115405149271,27.710384623218907,27.31930558541496,27.976756453271044,27.86002723766253,26.976501507662217,27.603489929743617,28.338162679811973,27.65635590259781,27.5564443549224,27.33927139880563,28.018179345529784,27.68038691293744,27.538071880839507,27.670544851887534,27.983794545258327,27.79892262148249,27.73428409846035,27.43010841068728,28.208652327328096,27.86156415468149,27.54524805070083,26.9969419618698,28.005786425225512,27.90330691890671,27.83813109801166,28.21044978690385,27.926593112787717,27.92258756076581,25.735612085118948,26.34123557305325,27.917962663026493,27.5640480944782,27.087902074662924,27.06239773278157,27.55088391791444,27.288883325732925,27.41405782647956,28.141707510284466,28.704527738751523,27.699952492024558,27.811149104748385,28.114227969196364,28.328247049792168,27.782124478121755,27.43768593902671,27.49927934914136,27.994431318843755,27.72301559054254,27.91646224873848,27.6411441537778,28.086861303097617,27.60012737743729,27.56380256596993,27.291894711716004,27.867305961892207,28.342316708541617,27.82368275934723,27.993512809717,25.83707250845723,28.176031533460822,27.280225332002523,27.93191107439743,27.926840281499494,28.00136797361302,28.13244756697209,27.306071817075875,28.2140796408318
Q08211,29.08875812749488,29.027447316853248,28.835365972307983,29.17429829460443,28.885946227817595,28.63900732862371,28.65861469244853,28.438732423946348,28.573388795126032,28.353107712307946,28.70579912892154,28.920317616761945,28.990529387264537,29.035350128262422,28.833608720074636,28.99639216205148,29.21997069045594,29.007046414030206,28.913371932794657,28.75736586031209,28.38863813081236,28.357527260662238,28.74739115854633,28.33439712748355,29.374729273760806,28.651253570843465,28.55430632543329,28.750013577381885,28.68900803488306,28.72217950751486,29.14927755684251,28.819555549024276,28.67956659370236,28.67228760108764,28.77707440384896,28.704733250876103,29.251397796843214,28.633882709769097,28.44897254601761,28.637656412601885,28.721318685443563,28.90566139364377,28.831285554320456,29.199739856104344,28.650975737153328,28.791536913576607,28.17429161477724,29.02605139564214,28.51383867222736,28.933083946367763,28.90089480314692,28.580075279981436,28.540385728849728,29.18785373942221,29.020207561737948,28.61214290209374,28.657718318670444,29.027603570761617,28.310164200200823,29.159689203839687,28.652253349559924,29.046661299716373,28.547788325239345,28.720005739439497,28.71535909483132,28.876666691475087,28.69561195917056,28.82273363726787,29.00478940028172,28.63621336314141,28.777343975339758,28.703457060406357
Q08J23,28.297795803756426,27.64542653280697,28.60817305969317,27.85511137568697,28.49774418588637,27.825574840436747,27.932485104704305,27.724073518520605,28.47196010516399,27.661917974752388,27.914899679514416,27.76299987122948,27.765614567786766,27.87057271000363,27.88522032608081,27.65937102783682,28.331296825410305,28.302019398705333,28.334060185693875,27.704212805021893,28.240313644122647,28.078366941415748,28.007170436207943,28.562144333357438,28.74413782010293,27.242329606334405,28.15366972821533,27.983374095246194,28.0952551395863,28.12901067526629,28.03888257006798,28.154555542748707,28.141479918540583,27.95041599064134,28.265115095550016,28.143321428951957,28.30090997863232,27.544814494286747,28.101695603020996,27.702761907148624,27.642982761936715,27.96989917173937,27.827206287709863,27.954040529390237,28.542204801901743,28.20844661603487,28.00805421637548,28.609902420559067,28.157646551043648,27.81101917085733,28.139586725305527,27.25880332600624,28.26010829417917,28.08419524540352,28.246988364477435,28.43581137229104,28.087746606247297,27.961490600247892,27.964591289379,28.353579608921496,28.60667701326403,28.27686963126534,28.149825328091232,27.9293032293351,27.73781997558003,28.048512233192923,28.2145260095208,27.806229839557663,28.18645743892821,27.47216440132653,28.25940287280804,27.75833414167315
Q09028,28.922311218759283,28.06555384366882,28.8312605099664,28.72583011729747,28.362091590647747,28.55567852628253,28.52708960401619,28.356617934551476,29.25909535867505,28.2595177327032,29.296003237357727,27.90403771468499,28.45372201607101,28.81896565126178,28.622813964299954,28.542887643459792,28.50783788854608,28.37974975176729,28.219793604448373,28.42802349747061,28.42352440951641,28.399852005977166,28.11081573694653,29.668831812557556,29.283312374185822,27.917882641111387,28.01125547810067,28.51306184673109,28.17645620981052,28.13666337787041,28.548689978142075,29.24401493935792,28.88085058490773,29.11511743093972,28.98888070189625,28.789637039026477,28.172808851765083,28.317803259778824,28.342536660476377,28.94449531424028,29.17372860151113,28.77496833092167,28.355457246848413,28.69411338949225,28.30011662360088,28.56133136795216,28.18268788898293,28.967365932592063,28.53616317705687,28.262037256317956,28.64645642699237,28.94573615717124,28.33988483544928,28.31136215685033,28.68933263769318,28.99463680431859,28.53345958775541,28.42246272840684,27.922175160207296,29.185195974678965,28.975870696611413,28.36852057424184,28.276080939437318,28.905189678740957,29.24098649334332,28.27848921850932,28.81064720565351,28.95656113988014,29.01706046853417,28.15105839308665,28.08946904345265,27.99977453841261
Q13077,26.21192208374641,27.975931024195525,28.1637912896348,27.751065541385724,26.241448525459475,27.480967884533342,27.8102506827614,27.489291484432812,25.780635294867068,27.309291431844915,27.42832311175832,27.45335868428806,26.02584181969569,27.252465667551764,27.270539503338185,27.17571142226064,29.16553215084994,27.298983794799337,27.381543497388524,27.211432510092777,25.89760616310997,27.28716246239874,27.042112652182496,27.353858203942167,26.708274097014318,27.410708214438767,27.603881133881288,27.30008867896979,25.84603507881065,27.645478965303507,28.204428688017156,27.19661241927178,26.05629826777997,27.560740750235045,27.63676377523504,27.424061114451607,26.441754445652364,27.50177981460084,27.833997548725662,27.451027393697704,25.999030474402968,27.600517879517348,27.607831812009167,27.42860198325572,25.73980089023874,27.708449620855703,27.782441388026445,28.01016090336777,26.58308932319174,27.189572206337328,27.80058333971492,27.65670320051457,25.943148609635767,27.66402177614643,27.79349937409189,27.47166616191004,25.752504369017103,27.756831539639048,27.159427555166992,27.5556883500416,26.233746190975666,27.849239483079334,27.766235606225003,27.53737658435666,26.04413972384476,27.785200397404584,27.865985046933123,27.29126734458127,26.28905562897103,27.56487476627095,27.608958016718464,27.111924478351764
Q13151,30.303997931082705,29.797857900181494,29.86835743101545,29.984810435044288,30.964049099723795,29.97403296104888,30.48573816319808,29.873300840208056,30.07853962676378,29.866750302582208,30.51677430743332,30.75167936886582,30.24458107677501,29.980686097019557,29.8938005469113,30.267588218582443,30.3432952213558,29.919861399227823,30.112897566294663,30.31942888596931,30.44866965373954,29.866125680189437,30.16093328104688,30.414465037793637,30.724659744010616,29.988799624636545,29.993879812321,30.1299496795131,29.858175521993576,30.10527659546409,30.72522502684344,30.35546674734624,30.18632180420258,29.921559954519736,29.95276676160638,30.39195791658003,30.234808507190845,29.914938981414583,30.68370630609877,30.169816655961004,30.605928314592383,29.87336163992829,30.713487050179378,30.10488551698863,30.258706736621612,29.532866339512253,30.448839892136764,30.3147407305001,30.54533573871961,29.635849259297903,29.924750781485272,30.438613903910923,30.40964886946553,30.4184131385042,30.553427348144357,29.963286693197965,30.505456480586336,29.47243315289764,30.13433644707019,30.357351634508696,30.147564965872743,30.23233456435925,30.207938631089156,30.267925845843685,30.57506866109066,30.231641958737168,30.088387547154376,30.88720402943552,30.27620214455796,29.55340349006992,30.06743652137097,29.634779924577497
Q13442,28.61259822227061,28.24813839823152,28.740079174939304,28.21218894098154,28.32440641858979,28.63347724703252,28.838887738955798,28.215965449788374,28.57148180278645,28.4263244311627,28.201027607716718,28.215339982096,28.183956741261152,29.096573673671205,28.923285374285747,28.346449126246515,28.14418440000556,28.37662096436358,28.45818915768696,28.309283788699364,28.276884791116768,28.35914386012556,28.302310515420015,28.437179711017382,28.57111676259524,28.397071293399737,28.39876180456759,28.347017671826084,28.02283411345523,28.207931072464618,28.92780939806281,28.545778739999783,27.93610917260895,28.46647288459592,28.417238086442477,28.51012406926465,28.429135081154868,28.425014751302516,28.794171324806975,28.629173368638018,27.9410771438179,28.34285961714126,28.190854786080465,28.442321690682068,28.294461189412065,28.737977478286744,28.30194717728279,28.12922697453446,27.9326208017392,28.427850559936825,28.720317042901957,28.57078716014973,28.515927521907305,28.32114048953605,28.610415744304657,28.720745900462692,28.387157404934243,28.36546183419008,28.429295771154763,28.11083508204343,28.25299644440791,28.45726342817683,28.557548975686437,28.749904387817484,27.86669161691541,28.69568047636744,28.30582845467584,28.58663179455542,28.42173202665137,28.41506818550485,28.3694060441242,28.37944180813317
Q13505,26.85047953273309,26.53477379382495,27.171536009343612,27.309873429609347,26.63624382371184,26.66088881316657,26.86216824218851,26.957949311422944,26.01744068321688,26.226231171331204,25.975147797314214,26.87968388935341,27.2191658269698,26.29554486623274,25.50771041502481,27.844023513059597,26.644465888507717,26.39959000293126,26.733053095972057,26.344036493857104,26.982575972441484,26.402829842926355,27.03889238149655,26.020271614100604,27.32610790245498,26.0398344133281,27.249021788841077,25.839464768174807,26.62271044299705,26.55192675605473,27.021289168191604,26.89614386703572,26.566946299654223,25.907206714258805,27.02877316124189,25.970603399426707,26.684967241166053,26.84890501143708,26.24933005162687,25.669453876937794,26.233602787061315,26.51709125173093,26.74578770281144,25.822083213962927,27.28659881603909,27.233015670866,26.372684876942323,27.703010690552023,26.18301555156176,26.277629561230267,27.95268224287203,25.974177180995188,26.875788816362075,26.863740337229885,26.96955058851368,26.238250404513952,26.428069519979186,26.648408469787974,26.720237753842937,26.25187475567845,25.568172079303977,25.806251456549024,26.63395124281467,26.53931139301314,26.876392100204317,26.37418997275432,27.798708589889163,26.602036584125795,27.29781798759123,27.07660269965168,26.702730876304457,26.37711154998099
Q13564,27.424462148743284,26.8360689365241,27.44995751964467,27.39172360985806,27.1649546625616,26.72588560567677,27.63232613071092,27.123854203288897,26.905781470203724,27.095517978852467,27.11859804158682,26.92239268074921,27.223195806027903,26.742630922863317,27.22626465999328,27.16244742067429,27.26116720073416,27.06219050722246,27.426256280695696,27.310824970117032,27.32463330958428,27.00950517982061,27.457812891111526,26.990292466149807,27.55095362303217,26.868992507450667,27.27184406123227,27.075735969235613,26.941371402475877,27.038252053021555,27.676182302848414,27.332468228511964,27.000133851709855,26.979624886515893,27.29126194814886,27.068128598696344,27.29439019093596,26.81870633743848,27.48888582283731,27.11026917006394,26.805404681280464,27.462947616275784,27.187266081749723,27.08445333172146,27.13492789634571,26.963048676324263,27.12623072355544,27.632472060934965,27.16160586497315,26.86061740009153,27.4292977378122,27.155150296224264,27.18296653177991,27.078002283269495,27.547961548694676,27.335380439286634,27.201597375939187,27.035262548287463,26.89646465664917,27.38428052540156,27.281808129974863,27.151848746660363,27.301560370181548,26.50283861404482,27.375344478264413,26.939076030099333,27.45506857395305,27.31144011530041,27.13088522489935,26.90304616449524,27.26907817390341,27.334165413170943
Q13907,26.450822359839247,25.64273286650449,26.087213005245637,27.75988768642908,26.330265083515155,26.200715392904254,26.045280342946697,26.610142116024782,26.01084937715424,26.12603131663126,25.966512361385316,26.69824897765153,26.168934667124272,26.10453377421026,26.39975901834757,26.83124903197109,25.3202439242073,26.362008935006017,26.068738193156925,26.84250694076975,26.72216390675032,25.369948151445527,26.25574918379234,27.021672299589035,26.38047148191103,25.85044278697297,26.04641264272615,26.79318157890256,26.185247312656333,26.177382041252944,26.91677903729497,26.46549957221256,25.966261991142623,26.22395508420772,25.79224577888392,26.934310519134502,26.03361059295835,26.427547209116504,25.748075921243792,26.589654942594223,26.111175902140477,26.14314276387802,25.866387332156307,26.93721115785331,26.51580870300876,26.32045968577673,25.964588967762907,27.46643011872431,26.02551390238997,26.06608603722383,25.94045508831416,26.768279108681654,26.25438273769615,26.07944793103225,25.909112287194688,27.161213776399784,26.02563011425931,26.24966288182215,26.161983539564776,27.1543796532054,27.11800999080433,25.995164019710465,26.498620827042146,26.318530813596283,25.832636367988933,25.987605214605853,25.849913936082995,27.480957511947384,26.024765299569943,26.732104325742256,25.72713517749348,26.605788768042867
Q14232,26.040509138743563,26.226376728996296,25.995889495511666,26.681229775302327,26.877626190452627,25.7421264850464,26.698537554406983,26.67824709675824,26.548473291260127,25.99536544410384,26.182539271403478,27.09162776367293,25.790516840405797,26.4796029581667,26.5898786252066,27.280446861556445,26.93002734620922,26.520909005028518,26.52359802295466,25.868896847198798,26.35095269511993,25.88599865912653,26.3964017557829,25.21162185269844,27.341374606478546,26.32482957995011,26.44575334858104,26.01585277554014,26.33421248460784,25.918164195895734,26.92488358661514,26.141256571789555,25.83113067708818,25.93972215362098,26.849798226331878,26.4052642899999,26.884764956909653,25.922133049812963,26.537832689835827,25.99024432092518,26.851699424093912,25.79427512346648,26.60871406820719,26.64245374022526,26.60121619718103,26.7910957509286,25.197867901319924,26.833546255060508,26.79337702302655,26.387035566030537,25.62696421626089,27.253997616212825,26.21298747312979,26.40869559361867,26.54495881169458,26.895417867457663,26.68522977227089,25.584389887872405,25.706566205374692,26.06105420763225,26.536340341225365,26.11917467780151,26.537189609500007,26.769282383620222,26.583909856260934,25.05504652342987,26.29324296888609,25.91777954780746,26.357757659421846,27.22794467274761,27.000628753745023,26.2737982048415
Q14692,27.14859963655561,25.823072914530066,25.592581109524318,26.0574698229732,27.077860752354663,25.94907064651069,26.571266238483435,26.389915061439808,26.64000901032528,25.44188906233305,25.624714201208903,26.023843273464543,25.62032611386092,26.223882832873443,27.905490861526992,25.461447498257225,26.363119825659314,25.249657203313078,26.39104285769056,26.07530654816482,26.323705326697496,26.052845166468572,26.118393237584748,26.14402770210784,26.497494227175626,25.74697443437307,25.851308564667747,25.9325636612409,28.338344952615078,25.820239924088224,27.12082894521143,26.23099383186924,25.99188941961708,25.957738430193636,25.69346484672543,25.60573038139383,26.51096153309491,26.15039171573666,26.0588741962204,25.894738399862103,26.33685738393428,25.798268867195677,25.18489018061756,26.13723272411744,26.773114570593496,26.18258852190809,25.980427101935707,27.515044495182547,27.00447943263592,25.643118831664253,25.869955262811448,25.941564139429797,26.787241885821004,25.633309117200152,26.55097197820228,25.981328584336904,26.67408693523629,25.536113318595945,26.38933801362605,26.037196742488188,26.263995180663127,25.798388846044144,26.20030955272277,25.51692939755001,26.65614464583951,26.09297255406189,26.98876863952652,26.303627964632,26.70923972201862,25.493078335950926,26.35349234708723,26.010697636591807
Q14696,27.460141178118093,28.031955374182356,27.944579183887736,27.80205402706997,27.76586846826241,28.237224929211376,27.91478003738879,27.244907017199765,27.64814817697771,28.011776546821142,27.883497695637995,26.752824301979366,27.339695150548994,28.077099416166263,27.074045262456984,26.85831610266621,27.980052841691727,28.35272129249292,27.81883129998197,27.79980552605244,27.92949321544558,27.689811406288364,27.7972035637684,27.83006886796849,27.406463888679205,27.61530662836964,27.533302564443886,28.132665689702726,27.543029011308725,27.50331513059836,28.176878987562883,27.885147561023874,27.007196253232816,27.702763556644594,27.47360113335667,28.707513712100585,27.50541583575893,28.027665356229864,28.05442634484868,27.594191641137837,26.6747477410734,27.83201435616017,27.50235487955453,27.498103054579275,27.398054524519324,28.37944801746433,28.1039282796619,27.998552966800364,27.300948296540334,27.71810680985051,27.97873157114806,27.48171123720045,27.53901182928049,28.342828277942708,28.246475397028192,27.49602623171876,27.23622690043185,28.1883908154302,27.528698214052252,27.423884003248904,27.47583706370533,28.49752913746868,27.841952615384223,27.106051246778755,27.51301034560085,27.961671937679647,28.388473517376685,27.113892063301066,27.034377890593845,28.3637951284792,27.708397597883778,27.624816885954548
Q15018,26.369115320308257,26.28878897056425,26.63054768055336,26.604798200914136,25.846869282953705,26.65879572078706,26.372198429365618,25.830221501777785,26.454705867055758,26.040389318685985,25.95513311266068,25.911740469940742,26.649447177555672,25.819063663981392,26.56178381954033,26.40568937000872,26.08978771417287,26.5619436919426,26.35635833977749,26.45660532404014,25.31491932913253,26.415702055911805,25.7896322644945,26.33427228511912,26.858833937624407,25.978678988820644,26.02223968631135,26.13699565177659,25.74797692766581,26.58946302478907,26.69783293588841,26.22061322915555,26.1668716789178,26.00464654169451,26.102107233110345,26.223172008710485,26.39630972130827,25.63995575479356,26.304124989225187,26.079057118055356,26.135524094408737,25.94326312318484,26.809626031724505,26.606436456849856,26.17641071180848,26.336033863904472,26.169887011235215,26.6696861377862,26.016874347669585,26.36985184995733,26.420157566853817,26.401251283656627,25.69565192215757,26.61793125072281,26.26766618532501,26.685958456443977,25.760328903212816,26.32587492073926,26.129475908320444,26.44262963170084,26.57791695072825,25.788300694423445,26.48652769124707,25.898920721160184,26.360607990617343,25.6583407813793,26.40853771114858,26.137865319462435,26.966807963308664,26.145043346338745,26.41208985068829,26.31364039395959
Q15027,27.018240513558275,26.60462130678902,26.68189404177873,27.43902441797269,26.88899701909451,26.365858934076076,25.95851420807936,27.2461471376244,26.8544323286298,26.63205601402324,26.13097948197949,27.134839441833854,26.903066935964567,26.196120329678493,26.501850630461348,26.574427627712144,27.237889593634485,26.388984347199788,26.799851945678167,26.96717484019297,26.610221573881056,25.85307461284389,26.65609318487168,27.76935291987596,27.074693121951626,26.291782998683168,26.126177314121392,26.839412073846763,26.825108704168304,27.138618607990544,27.47607774877305,26.39465333049713,26.86638423575657,26.02213486008393,27.0527335474197,26.76187569313941,26.526720011492703,26.886506465025573,26.522274687569404,26.23574016305572,26.976770420888105,26.307371913780045,26.91518657542829,27.182103567996663,27.110680521696167,26.820151837061744,25.95973595078523,27.368234238715857,27.290071918491726,26.33002814573065,27.43904857389967,26.900527577893964,27.05789547090383,26.418853365443518,26.183476671785268,26.810021825778968,27.280828460069102,26.99162559950694,26.034690787901575,26.151147374495675,27.24707752576566,26.82573927014043,26.131958005302717,26.85386145168997,27.03149839154518,26.43922691738006,26.751056609877335,27.21602171629485,27.12026106426128,25.74051524490072,26.45905824865168,27.04073702201737
Q15046,28.53276860899985,28.43314943265136,28.27100482811612,28.61575571420266,28.87529977037937,28.38576874622754,28.611008081881423,28.04944630264696,29.215832990647375,28.63080585469472,28.265440748450654,28.59717734065325,28.304877717443254,28.688328909824158,28.418205670135663,28.582027343771884,28.698005391514123,28.585400926092586,28.82220539391393,28.133593378631065,28.71709555158322,28.6789936323154,28.635727985903152,28.852299652105504,29.00363408870637,28.33005766272682,28.57967208638268,28.479505679810448,28.424027758677656,28.48177382650449,29.21125869266733,28.613242848978,28.556454129035338,28.462965101938213,28.665333324900853,28.290361853850698,28.55253933953275,28.875511035940345,28.364479654482174,28.649019690051144,28.38609270856454,28.548308869395104,28.4794373654828,28.71831209916943,28.52166645286987,27.775624472133423,28.79794099405361,28.631535230938837,29.14273187122281,28.260975631882246,28.500403993476816,28.46347650943396,28.62099988224622,28.598286104124607,28.5647782927443,28.563085409655205,28.3217820285076,28.419145760391405,28.93167433703437,28.46225292834479,28.431391875476656,28.27538973205081,29.017493055258143,28.784997714527325,28.35039505029075,28.44957835470473,28.417890170359858,28.31411723636328,28.298021171787045,28.8873563213192,29.08378226198271,28.288249002770183
Q15075,27.42714080777075,28.110830851644067,27.399021899071048,28.700383358196028,27.61436546407108,28.3590659796261,28.025789294106588,28.271927394506832,26.99707713511825,28.13237042019712,27.39801832590468,27.860365344357906,28.636487443679485,27.24829819980227,29.224419779336134,24.920353598270783,28.3627616586388,28.23262611271576,27.490805273724447,28.126041906784465,27.252615930762648,28.135741802303368,28.19628394432951,28.58404934944214,25.744462307345035,27.886202525962965,27.98392325154845,27.880042580138284,27.966628533194736,27.75695734614845,28.422842889343315,28.113007650304034,30.335621841788644,27.884430995818267,28.000932115810595,26.46578670889385,27.233727992118883,28.56894840242481,27.495926703910072,27.41340573018076,26.24259602443785,27.737050348965067,28.08713037008306,28.55751305861487,27.340429624616355,28.786450484463877,28.605403941072986,28.18379194538287,26.89404274401896,26.756328270613068,28.107123447856925,26.82313978960598,29.272385615110828,29.377312788580937,29.29088738951473,26.2214124797266,26.84540267279793,26.782997730589223,27.892436632586627,29.109991961786584,27.904086645430645,28.187457815082105,28.37332800259124,28.2612235777262,26.890370370520422,27.62276793315448,27.62330790405448,28.08722675956266,28.084413520934003,28.05431480107036,27.69507266377397,27.53398757924634
Q15306,29.205232228920792,28.99601161024618,28.714166481665504,28.94046158035626,29.467200526367147,28.97510843078929,28.67998551677672,28.56821354474755,29.231479312161454,28.75323459435014,28.57241441298885,28.582315065311263,29.076070387195685,29.09495972305457,28.61025246113817,28.63419515891241,29.267427894627595,29.095985973396576,28.84045497195047,28.619983606296028,29.270288465429196,29.12539684582472,28.72518652344013,28.65041286060542,29.55781683459479,28.73327754628422,28.59326515713762,28.654272401726008,28.96621563778256,29.09203750478097,29.242013263548024,28.75473070540956,28.93186837509548,28.935762668280898,28.59029302217884,28.74895868096287,29.03597913754013,28.77003645092785,28.71257947859348,28.46863992609028,28.7177774294331,28.905610340293748,28.782986736495197,28.9589661025268,29.00672472128938,29.20902334402798,28.42443310049757,29.270304743493668,29.135437710793266,29.026587159863997,28.59135679098065,28.68588782531248,29.248941761306373,29.279027307268773,28.83978921575101,28.59055721183693,28.95985445315221,29.168977521272836,28.52614300021595,28.61652684558151,29.049796314493243,29.15755892815116,28.421124671259125,28.49256536854578,29.20973294726436,29.187169000403895,28.82555304098401,28.946849790583023,29.242901143351293,28.668163178573817,28.48082059996816,28.77057934554213
Q15717,29.153004507820597,29.060212241352097,28.77504137511163,29.481287154673712,29.65826875519769,29.339707808743725,28.960797252191853,29.381888186531683,29.513443582345115,29.1265503000204,28.90667754065584,29.02955424982872,29.24352719106631,29.188005621077025,28.965507718170432,29.354114522503338,29.57926937436009,29.029556563864585,29.18818760668939,29.325291627924425,29.333536460490173,29.19732154967783,29.088427310631108,29.192164744793903,29.622494163038887,28.963123821006693,29.00579341668005,29.18741209185573,29.1061229593784,29.269895443976218,29.659633806135165,29.274054318795763,28.810274739025527,29.047556210826503,29.03210772189684,29.23056650599954,29.260749408599175,29.13106139043413,28.972005145233965,29.17316328443261,28.946937944954485,29.072490986804763,28.87068873584437,29.25879755824044,29.33590113680989,29.297941550399884,28.904958599629808,29.81184171473762,29.34404985217908,28.93797455764095,29.140692728563277,29.377438662417617,29.473056847511742,28.97570281600055,29.27356539150457,29.517450300928115,29.03362120304566,29.14929123940288,28.886608488260915,29.465113632985705,29.453750093302133,29.417342599351425,29.135468283979243,29.27078734046976,29.578218989355324,29.243112096048225,28.896520806223982,29.0321963314496,29.35318829933433,29.323740812982606,28.6411907035855,29.06722733714044
Q1KMD3,27.814148291345035,27.910934350227823,27.807159042983827,27.964754020780287,28.28869190674162,28.283764025390425,27.77604528807079,27.57163418905544,27.750510768299492,27.84622285012108,27.816123036644758,27.62143190786316,27.477848145435846,28.073450472304348,27.84095795194145,27.580821807045357,28.022270042512083,28.12367693448493,27.99021113390985,28.006862994546022,28.03951092371023,28.088202530770275,27.990427873321668,27.81511413219894,28.156281579454355,27.843193369753838,27.92092068287872,27.80154649188304,27.84791198075165,27.95737906958278,28.431403000076024,27.898890949715867,27.460165180570684,27.92333324515943,27.91911794563758,27.5557507049952,27.82539115506852,27.640845463330127,27.925783271164327,27.802825524779728,27.809321959199718,27.823512352296543,27.63893352206028,27.80697762056885,27.72730625163733,27.92851639121649,28.023519285673533,28.46536412513503,27.96826563381167,28.03359113164704,27.64768274809205,27.924429475348905,27.633155128421357,28.22430225550572,27.863706889285897,27.938142143692584,27.96758784880279,28.08949250007657,27.5532314234427,27.872606618817045,27.625229387173967,27.73919707541579,28.09112680894917,28.168056208916216,28.181558234788483,27.669270399475643,27.979530054569395,27.774432307222728,27.9191596343803,27.609428411899437,27.68315612340152,27.99035420670437
Q52LJ0,28.90142293158879,28.043189295149173,28.65979597270584,27.60189574538973,28.562298721025428,28.00741535502003,28.19775367963614,28.562113096561703,28.658719471415044,27.73236699276853,28.36367561627086,28.304087417907844,28.273016701811684,27.85700818549029,28.28645252133129,28.3026716310269,28.226651923438947,27.94290821087529,28.585023881760893,28.312299123662907,28.442372315630895,27.90418651062864,28.50538157612106,28.640009724593515,29.47727182296193,28.94504520387835,27.766489201093083,27.692224411390917,27.52515540744858,29.545091336067053,28.048651156423876,27.759418831246027,29.1206309508636,28.93145661700233,27.758264975584098,27.688935087106422,27.93202813959614,28.35437486426355,28.20656723659695,28.55127043936237,28.78554017492852,28.105449697100216,28.586801095878126,28.15875295635204,28.188714404466342,27.89415092380669,28.327149812242432,28.509221885577507,27.645428410577672,29.025763700868414,28.973070012198317,27.31223183724456,27.711317719716256,27.43085428443608,27.75475355485748,28.863475600107176,29.00302772813159,27.47611094560988,29.083502817028364,28.892449106377192,28.093485017948915,28.04843963050763,28.263976605885524,28.4423513801896,27.77836169608712,28.108926955979182,28.484706963442797,28.30190296133462,28.745355950538222,27.91618045967469,28.87993143599425,28.57582036054432
Q5RKV6,27.545840498100763,26.710698665814142,26.682862637616463,26.802469218513025,26.818256381226988,27.24890458397685,26.291108678219807,25.833384654100595,27.07513187099873,26.933675567584977,26.687305932284275,26.390529565771136,26.812939802996272,26.73117288015837,25.985002938395056,26.582951552633865,28.081505051087444,26.35732436363584,26.4404891517204,26.886130978548795,26.693459926334025,26.7372838551294,26.84759046639052,26.93044756529933,27.405682710541544,26.456515455521973,26.41099380310977,26.49638912294388,26.69765735275097,26.58012928550451,27.36046739404324,27.241606587288462,26.7526622438459,26.42493750299785,26.40136801967273,26.53985696287297,27.66952950176752,26.84310047415236,26.117825207755992,27.013793464774512,27.159658384533444,26.711747046059447,26.3560789988988,27.235179112092688,26.697870903502817,26.552597710795258,25.86022911110445,26.99022325323149,26.90280799131232,26.02198556227028,26.365815010066218,25.961588551052277,27.691435078210382,26.71970898521036,26.614460507136688,26.81910097028258,26.451735331386377,27.06153643370528,27.57644979815364,26.639267397743804,27.259386832548028,26.64868937740672,25.6383699765521,26.47132982225573,26.866378359450767,26.88610777064321,26.866867195468885,27.208019038256595,26.90104232258155,27.009955043910544,26.351295893958543,26.904336697507592
Q5T4S7,26.314493947234325,26.492097936724356,26.99457844837628,26.950190010985747,27.109666131282346,26.38050120520298,27.35974057767713,26.73722584360034,26.791644900370557,26.89553110271186,26.83309394530055,26.539018342419716,25.96183384413813,26.31445582790121,27.03813052425366,26.678488358421887,26.09410460859592,27.259458444616275,26.9898425948346,27.476393923557257,26.195086778995872,26.57910743198117,27.043746719047267,27.677183556013933,27.63516836215977,26.95543984000929,26.7547943617671,26.905043044934192,26.26597636365877,26.61171153171123,27.26554826929556,27.09331561027982,26.14410863701388,26.45256599135796,27.45031080170063,26.48160086918486,26.704124866391485,26.58173755969955,26.97839149222022,26.01990328026244,26.454760757326977,26.62885352143182,26.8160334177965,27.396494268289388,26.61528674959231,26.59849438294486,26.968420907835768,27.69216787362993,26.76608458228028,26.192196496818397,28.2758665568114,26.79254377824476,26.45817367607417,26.39069938470649,26.97557217234141,26.58992430239502,26.90376179793685,26.827406967788026,26.65940997375659,26.521870451492727,26.05917635689105,27.35299605675921,26.78351091592235,26.594783912240796,26.143269758501543,26.47801047723256,26.671245864325076,27.58788353144637,26.295847439356983,27.33016923765988,26.957987690010512,27.097029019394085
Q6P2Q9,27.761856281498844,27.612946720956277,27.412397351251773,28.005197329558158,27.850914025982892,27.05360359092555,26.817171643204432,26.984619638683935,27.719747135990666,26.939576022075432,27.220522969633347,27.414649220790704,27.63087263690362,27.09246827482352,27.13449298154143,27.09569915386104,27.92612115412622,27.50171464407373,26.855821862442944,27.72427052572893,27.603706451560697,27.225959569596075,28.05573556989288,26.820314092469857,28.04724459467909,26.99300999339237,27.536328104517025,27.049226088430338,27.348840513715448,27.088606548013423,27.86456229166969,27.348599142987744,27.685316158766984,27.05078567408797,27.19585648081376,27.36688452522688,27.32022058623817,27.16476964974171,26.976506241004103,27.21823393782236,27.03421006316793,27.076226153777675,27.086517932846466,27.527115139893723,27.644812317620985,27.886931577267717,27.61648512399841,28.11291827122428,27.36215765793918,26.75030697821741,27.26004957914133,27.61976223491555,27.43608854070408,28.036527127696424,27.421349995001616,27.71384591049852,27.44411736346263,27.41300450312165,26.882348134688492,27.42106272728341,27.69185132533325,27.37652695435219,27.362583210751804,27.664464244615463,27.80078338590969,27.12887760891244,27.45924968684601,27.208583824319717,27.687736372181828,27.071172650401508,27.000177270251285,27.24112379529413
Q7L0Y3,27.14175806298656,25.771350076826344,26.35265002624713,26.00715240588128,26.8530519095784,26.12036301644649,26.176750911199207,25.94060185093588,26.87958919481623,26.05986729793429,26.896687000924995,26.83435920985302,27.05664710041113,26.08884908635591,26.899974372848938,25.799851907952963,25.93876031263607,26.194007523790983,26.39718135430863,27.378892688308643,26.222430102211632,25.97346297226456,25.9967184450043,26.79679640059677,26.878721185791456,26.62006885334072,26.50471347484193,26.813214688426573,26.2030870393695,25.611584049225492,27.143004145891247,26.785948506742365,26.321748848033646,26.43439783839489,26.41994698216029,25.81242725507291,26.994951995559383,26.6959743929998,27.272363335183268,26.65274403233075,26.131158799538746,25.513990333651247,26.24263687329698,26.18722736890708,26.38509593344299,25.818365963752814,26.35076375142902,26.68463206482164,27.008664128572494,26.47943724947777,26.702308012150382,26.811768224557863,26.67404301056891,26.41747124373458,25.873422197421014,25.32412309444585,26.5466710935594,25.93432787749206,26.60781015004461,26.66190936155696,27.05371186522048,26.568931912002064,26.789977501347703,26.69559384673764,25.79274280305278,26.27278505616913,26.42125169096605,26.38614802466382,25.709547867188697,26.54814542908678,26.2788213380402,26.596271440603253
Q7Z5L9,26.27315320203212,26.012770328662395,26.54878716327419,26.837386377706324,26.79794273568053,26.143150270182268,25.19419649137336,25.500439602768303,26.746673601961053,25.971754957180767,26.884100585984363,25.990177097227576,26.595845806564554,26.861169047264404,26.78084723383897,26.00918552531769,27.069035030988235,25.371981528010075,25.44463083745508,25.74850357944777,26.04924903234132,25.930426113794883,25.30495710516542,27.18091128240497,27.58975000372169,26.048651207810927,25.21849507985464,26.124404892662497,26.063508807492063,26.16462385402681,26.217702649812825,26.28584380225462,26.792789667926296,25.97074895994563,25.37188430046246,26.384773524738225,26.391296816632792,24.972039099338616,26.71614536916904,26.517573662201485,26.296936519158034,27.021158168264108,26.735738436301425,25.65834632108197,25.16234966002091,26.166552270526143,25.88928637183464,27.13416395607881,25.98846898017226,26.429761251364106,26.42088419848403,26.545364629347542,26.16743910565374,26.118898402137468,26.154206391991067,26.232485097909173,27.173884894456947,24.987195586729925,26.405391318826545,25.6245628635127,26.825144680814308,25.78697658898272,26.845771631860444,26.99422731485404,26.249616040994724,25.103978129013303,25.469763419685705,26.214210444234904,26.7133563520526,26.311542347749317,25.840661989424746,26.30570908640339
Q86U42,29.300240692773983,28.54949722219169,28.321628678432475,29.549679219172567,28.97775980196929,28.229540151244034,28.295299753708356,28.580039937183795,27.623324125276078,28.13586406391393,28.073097244847265,28.5269345737057,28.43623767959565,28.99448493848186,28.90981923464809,28.458878128249022,28.34673196835901,28.98069695486017,28.908047262131657,28.31587020695643,26.231421896389914,28.929669429699256,28.306237698722697,28.37955163772665,29.365280983759803,27.75163295548932,28.623017839371148,27.9591620334531,28.03929490117241,28.80957098334648,29.230370637380343,28.960216836403205,28.890552546763686,27.75623063272846,28.62314455550881,27.950846311542563,28.221449485457683,29.16241972743502,28.80287187346559,28.002481114754424,27.917995355875615,28.167404752322607,28.022882465338057,28.73060555604951,28.98454277320852,28.10422815904757,29.155553823058465,28.80169801543741,28.734094719901183,27.22064043679768,28.586295944826084,28.83334431930622,28.87564698220348,28.535318856168523,28.59358717091049,28.817961993046264,28.711173653823185,28.50083940356949,27.55842269549785,28.79978278473256,28.70571001673825,28.586930295140547,28.417059526180903,28.529188334405017,29.15878911663894,28.564710456061118,28.08730416053048,29.021053024032884,28.58378658486724,28.0522248835674,28.044989508374936,28.44974889639308
Q86UX7,29.553651672524477,29.10118728995984,28.75039422743195,29.587195698629834,29.52726291576369,28.883455757431733,28.710359755557786,29.17138997610347,29.01323558988258,29.0421976715369,28.746501754529,29.405599520694302,29.52584356720783,29.549162103774083,28.60369574708325,29.759254364410594,29.64658259068113,28.81978258536432,28.873938600759644,29.089898667004423,29.116031764308545,28.845868282187126,28.56401350216061,29.191637257778368,29.473485855671925,28.843610363317424,29.270969606031446,29.098135142872017,28.86897382606753,28.891125215046,29.9173857094846,29.30695787370553,29.40789954722915,28.8418362822655,28.6846529355732,29.212947855991864,29.219180337622014,28.696213485024963,28.84414876873815,29.348221326962214,29.47993624729043,29.003916089181217,28.843043369142,28.74456944740694,29.390915411092852,29.309403744857946,28.756444442936623,29.85024375707935,29.19248988500136,28.825225628853914,28.76051480891455,29.434093802994287,29.27442083121267,29.396082869043514,28.83714791317017,29.44740934703851,29.428351853242397,29.204454566474368,28.59047618434582,29.15991904720489,29.130028674984764,28.789800870883663,28.720080800928592,29.074015785120693,28.957442174276974,29.733136914945,29.056330263182936,29.894167128160124,29.029547733604463,28.8485333444388,28.926197142335933,29.227892272354744
Q86W42,27.31147731453358,26.957071302795992,25.98372973980299,27.38484585309621,27.371219042190244,26.985097909094,27.38910492719511,27.439213670876352,26.92648779058732,26.47761078563226,26.987123741441117,26.73040499960977,27.631771428301008,26.21488921566552,26.75653779745667,26.77941924226178,26.986815306601493,27.07139331627305,27.034831926370103,26.822391707624707,26.858528148710704,26.848088912895072,26.84169954948687,27.72843522405997,27.5102332536014,25.124298504036265,26.86943946444476,27.07512395185825,27.08340708030423,27.103825719768917,27.890289541734877,27.271802965770885,27.09827422771606,27.11714447189932,27.04650474218462,27.111162959712253,27.17543247870948,27.360908824953484,26.56452366885617,26.94862716317293,27.089062471796083,26.78285087709416,26.7271897968589,27.67082589526067,27.221524407736734,27.087282578184848,26.95629518449937,26.407001726197244,27.066433461856214,27.093346115339696,29.417205035576348,27.06632423550895,26.597535241737752,26.479509070611105,26.46962645753549,26.953641178746224,26.89288036728097,26.511200954389068,26.00751443412012,26.91542093502013,27.320068359329497,27.25079358421901,26.577286254841315,27.331483447529777,27.085589846412123,26.699755164048828,27.14665932272445,27.522823822440103,27.450782272021872,26.927343669044927,26.39870540001724,26.301990249535905
Q8IVM0,28.87501703770229,28.69326661925412,27.121199302976507,27.63238995350633,26.87457010871285,27.809195733581383,27.00711683841664,27.047420633895907,27.10448730392421,27.07894379802515,28.16481919238297,27.167445014039423,28.20168051271113,28.164484402978665,26.40756165595812,27.155076135966382,26.415477344795573,27.17817644143727,28.023144278310824,26.90888462574974,28.62742884741256,28.275020400079168,27.200859820465435,27.616388832180725,27.35527790816503,27.424658274791906,27.09012621743597,27.806321880248905,26.416626274799697,27.200305865341036,29.62660430198168,27.652826539766576,27.43367527751354,26.81112786620061,27.29007721044582,28.20363493377846,28.012570228517266,28.04901601603875,27.64612243792377,27.09211286656686,27.24363868251408,27.75052676029176,26.873823044460337,28.01457533392724,27.092672481440967,28.184234909485,25.98384429975797,28.320597331601565,29.04229415486697,27.80599574559544,26.96170919811741,27.75397124541384,27.221860100512068,28.030601961084884,27.159526854181543,27.236558878642818,27.053562973108463,27.87610625328776,26.88291725071856,27.080131973192884,27.36002716422192,27.98670223377093,26.758366141728253,27.49729770561345,27.02358469785903,27.872283853690877,27.36517622340336,28.017757965643565,27.36428292059225,27.832192215401424,27.05443421560573,28.33118888202728
Q8N1G4,27.46730674427964,27.587139534861745,27.37435273683131,27.541009556372384,28.143551053714063,27.642149154402723,28.112212286259407,27.39356737283284,27.873023903608185,27.02020537759372,27.08301767879146,27.856772967213274,27.295335016602365,27.292926989769374,27.70179775675538,27.99452842373943,27.397193522620217,27.411076093825,27.922029693005925,27.72090065378589,27.77618264660401,27.63111942369787,27.70063141950216,27.69107178358618,27.95535750064313,27.29213041052402,27.556409512893293,27.49982818010934,27.284635990643125,27.37567685444338,28.184305899203185,27.610211334918603,27.37658148342274,27.36499428522052,27.658836781233987,28.194598246816486,27.6675404402491,27.25311448069269,27.54249542081319,27.473434889324,27.28410240353149,27.253935727619044,27.45805294484405,27.478546659047453,27.632962178403293,27.882839712170377,28.427579276150794,27.89518596007907,27.79238155402607,27.505992921961088,28.54566095965505,27.616238930197675,27.80408343684008,27.280885928211525,27.66541781732747,27.448075416714687,27.613307421415357,27.551949442455776,27.3379132925616,27.307610002564328,27.510049946396062,27.918230206642917,27.818940152562877,28.09399665800077,27.32419612051529,27.51809965874106,27.796874476607154,27.859426778398543,27.44562613405432,27.23695172732072,27.689397665084176,27.140934897351
Q8TCJ2,25.939160384670934,26.56434267039481,27.430867274263203,26.19306347776132,26.36229881575222,26.56669373189104,26.880366565833164,25.78867963118666,25.69762738246967,26.236790001648505,27.115123071103955,25.392195819175434,25.745380359246475,26.67408113028713,26.87830971871553,25.840323158219537,26.03547902448917,26.42158218345384,27.063004918455807,25.8306503024771,25.879612981870466,26.25892844394052,27.118541048836693,25.834737478491597,26.4888151965622,26.00814041573801,26.65567996098659,27.16198850793465,25.459329868833024,26.076283356919834,27.41529782871686,25.745026135547885,26.21775535408427,26.42422610681663,26.763277058449056,25.677958269845576,26.09022561115281,26.577370941323384,27.47393741602704,26.21560835705985,25.818009968983816,26.38463847904365,26.82954740178372,24.95574971591534,25.346718335746925,26.91106303248705,26.75347149297429,26.63821051155358,26.743874684633543,26.802825724399824,26.39670055454141,25.08151323546003,26.65859390592323,25.67545756647056,26.947626181874472,26.86444351150677,26.73654533584025,25.76539685621152,26.90035440559488,24.983974984053315,26.04392940750857,26.9248123491368,27.05862756041989,25.96640833848822,25.502043700884595,26.51699592066429,27.26224598698536,26.117683112955607,26.116654224419293,26.068822510337142,27.035901122969506,25.38912089574884
Q8TCS8,28.14753673675635,27.347480752773382,27.23109943842061,27.789138485111323,28.245443904914648,27.73312594161605,27.96379905263043,27.73308352910941,27.78609645962254,27.838415082854084,27.54950454683349,27.733210763872883,27.526776219839483,27.52784714747512,27.65195409148849,28.66454082804556,27.99921564315369,27.58865172204259,27.74155419162794,27.56004805275588,27.72249014945876,28.20866848850801,27.684397716871484,27.668177697596107,28.24155694946945,27.44886288487149,27.83865635487438,27.505867013804643,27.440720248507915,27.841154811296214,28.32057417857845,27.57621378040352,27.67662641084709,27.673349107573195,27.84188303028085,27.89766624415465,27.469789707334684,27.899890080825045,27.93579888934799,27.53159928431733,27.56599565007258,27.36219726707307,27.70305040957244,28.13379673259136,27.553347540022763,27.849679998054643,28.197820644924207,27.927295008760183,27.61373117932388,28.387282891840176,27.600992985848077,27.701453694616312,28.040572282509736,27.606536014457586,27.723596973099408,27.66630471318205,27.670023786956296,27.533048259532663,27.53042814851395,28.27757337733876,27.84093116499013,27.87703539455228,28.15500493365664,27.66717855747713,27.943914723327875,27.608479297935094,28.06168923161876,27.91065374543165,27.42411119245077,27.415845016124063,27.89543560865363,27.33317875739922
Q8TEM1,28.69342176166574,28.07458766511743,28.211796276357376,27.36643161734889,28.63908081747297,27.072333977671303,28.218683409798057,27.23938315382856,28.44378082315494,27.82561123898694,27.7336690457405,26.751505997116364,28.269894004458507,27.61818404354947,28.223642344077724,27.78667653368377,28.49256709613229,28.09549750941132,28.058452845472345,27.14939618293888,28.57048482354792,27.60446593219216,27.606126618025105,26.69166894271404,29.05541146082543,27.448836508193576,27.89858036125437,27.1065661284346,28.13634065287884,27.436449425573496,28.60795845058925,27.670797230716204,28.083814164978065,27.726894995002475,27.872663512711807,26.8274968223845,29.34654789132605,27.55887254479314,27.82895717386572,27.056098201489288,29.35174182520877,27.57863903106973,29.456016975344983,27.39122928429654,27.643488833876024,27.49032222604479,27.353108827625505,27.23398296301993,28.501879963476508,27.36719539320277,27.635529398787803,27.67870272971712,28.123319148971166,27.465317804859836,27.697243588833476,27.5046387860592,28.31882554202716,28.44791096338165,27.82415456764393,27.338138002087124,28.458087772821223,27.89167858021635,28.48702989603501,27.49574030088115,28.26259250963426,27.86244490631108,27.62028653619035,28.390264499749957,28.54516445042851,27.561401498107085,28.010186375947534,25.72585948937853
Q8WUH6,26.15209679786336,26.60136262168816,26.48208401901196,26.40605239231639,25.33276439706563,26.06983187002705,26.75468623938644,26.8788321094367,26.961393744499592,25.820745587663332,26.238275361449325,26.26875606182122,25.51412566305177,26.36434779644278,26.409895290337616,26.161151416400305,25.83475755893034,26.520071802225427,26.880036147052397,26.19314279569141,26.263517917560005,26.53491675373408,26.870727296343727,26.26870869908669,26.49342122986649,26.163869910284404,26.511115871809377,26.27888000580704,25.81783292144605,26.3612813985876,27.29235894637638,26.29572403513443,26.04060277917129,26.206178785892927,26.6211052870045,26.24504183785656,25.995198778244912,26.26412299506913,26.977401507514063,26.81269290668081,25.71861898868679,26.309846403550782,26.14543584642161,26.750532247829888,25.982423483434296,26.42953642470987,26.850862155456948,26.357434322934157,25.671979853176676,26.743408771428097,27.06304165902316,25.68181515133554,25.97459270193305,26.866664033418942,26.46907402446467,26.217860346013744,26.020193089741213,26.748178612543448,26.73359967533144,26.20042874386331,25.87263102905868,26.286859330520528,26.68325979128373,26.951430819017816,26.17450444378831,26.467799021941648,26.42632450489283,26.216617090063234,26.39558288373686,26.225723257486365,26.58354292975806,26.056307052902422
Q8WW12,28.44304990708068,27.42125123166961,27.81541438399997,28.32008335985955,28.10252879441956,27.59588594101489,27.973375273714712,28.13845099911243,27.764048384793828,27.91253331817816,28.06351485672009,28.045079440276112,28.305637002629226,27.997115888487134,27.63710355966864,28.290709721004447,28.296030777031568,27.720791552456795,27.809701219505065,28.37008899628433,27.813846139436865,27.808063990954512,28.04297538986351,27.97858168422527,28.617989333025815,27.880706539139737,27.681862706169635,28.052854090269104,27.75541097591896,28.042989716853786,27.95101847835869,28.28173844941158,27.72132113775796,27.83260825251572,27.866351374583484,28.246211351269743,28.098075716276277,27.167287111960302,27.97866524619664,27.908959398570666,28.16064380348847,27.591695833259823,27.756293465150662,28.19747478323583,28.282605222374915,27.99072854989479,28.025516152832843,28.23370138424284,27.98893315870485,28.06708591214086,28.07807803829456,28.23486135666052,27.98654260309444,27.08781905308437,28.05960012738957,28.2722214798917,27.939424219687904,28.085647950498164,27.981404619098807,28.30734252052005,27.83193326408915,27.489954959938487,27.63096372471428,28.164296359848883,28.151267000789773,28.041291936933572,28.168550061783726,28.03505826508329,27.93582872402919,28.223641122268685,28.26897162718375,27.770275514984583
Q92522,29.357829552729104,29.129400758967734,28.000805304099707,28.513952954034163,29.30365696719545,28.941227883456275,29.07325794088049,28.131492660159715,29.00717140384456,28.617408930341583,28.82813053929702,28.07190074813447,28.837113853854756,28.950991326321077,28.713142340627467,28.009290348589687,29.347323273420823,28.988703686908057,28.835794623983467,28.38475896123459,29.121096822070644,29.025004028996857,28.727759606040166,27.91840074600716,28.818498363527148,28.175781222747872,29.33685837586568,29.281523652077684,28.199070395005087,28.34644341340493,28.573398301316317,28.18713552536005,29.39388961447009,29.399501658328983,28.18144174028467,29.36226350653599,29.170706825561325,28.638361938385017,29.297472582464174,29.08898944294185,28.517704986424132,28.616459118502544,28.886583993473373,27.42222747315275,28.53288078324898,28.48219153486394,29.30196707550516,28.925322595118672,29.22980876128044,28.564961085379235,28.70341618142375,28.631624774929342,29.28203556608649,28.716787351354466,27.173869254104712,28.60461150066512,28.59994376563455,29.25537654737479,29.08269089231605,29.17548770939147,28.948559511633444,28.675937538914813,29.19864669615525,28.2868679707188,29.036772403877748,28.989819105739038,28.52354553323512,28.07952634938882,29.16871874606018,29.216952218235157,28.73529051489354,28.215712233216397
Q96A33,27.804603085589505,26.98802933301532,27.123085909583136,26.77432641261984,26.88861641117032,26.87930558740021,27.08953574229741,26.9321585055893,27.489399957561066,27.309660839349945,27.13677694939351,26.396452483583506,27.437574682898905,27.22606516074841,27.194718923182403,27.00041934169324,27.623709296637237,27.066527260683884,27.338409624601816,27.107723862191985,27.393685949396627,26.41380007145193,27.511942288414417,26.196089239362955,27.88303711340714,27.050904543495907,27.059705767000825,26.95301617534551,27.22310305762343,26.889341765649245,27.5649621596175,26.769107325167887,27.289365243526817,27.118264044557947,27.199025949907337,26.68328371873332,26.91384612901681,28.0257803992313,27.233579714569156,27.39975267532017,26.955928707783187,26.86009880155108,27.24092457736147,26.08279619416372,27.159701054530984,26.810167563331596,27.073750039505637,26.918912325185055,26.8212109403662,26.60947746496563,27.47132551584961,26.645399467284356,27.62272696094841,27.080356641229898,27.513240049347825,26.99860540780535,26.98320224548197,27.511518693696317,27.07044745277114,26.81685006279797,27.156947768733577,27.129236216666047,26.94475270233376,26.81546045762136,26.92122075853729,26.953753004933795,27.816309112235228,26.4848571341927,27.60102267876004,27.19627388687468,26.578361381664163,27.28929546643814
Q96AG4,28.16572452705549,28.146628928929,28.403378278719423,27.898297789101694,28.08529873620379,27.828514907313256,28.433461962723307,27.641560486958657,27.817895617243533,27.94728876029966,28.10720603426923,27.490466990075983,27.91973571318388,27.975795286411905,28.13186415687842,27.65085853849744,27.879949652893444,28.436225876287164,28.320858594704628,27.70642290112402,27.84482645275934,28.273817495015205,28.31672540363318,27.72288938844346,28.41611620731194,27.83290600058724,28.136806267225094,27.50328020513933,27.876330037651925,28.08592745369529,28.660259068717867,27.799032800358727,27.93446589175669,27.88597741193502,28.158128047014426,28.05720658599176,27.809139777713217,27.98802869654165,28.362157705006823,27.862214732354172,27.627281310454357,28.00637471790365,28.332412984154576,27.474484664183684,27.990062601125945,28.30082514319633,28.410901101977345,27.96162559788559,28.140880348718333,28.04651897085839,28.069790401340647,27.69293662456916,28.147440772837868,27.9081923782147,28.567866011548745,27.717368642069072,28.2156992212471,28.019360222038525,27.920690944721557,27.75151268421117,28.04125335352564,28.32301017968752,28.281177708402737,27.439587004662584,28.240524097956808,28.258558136113475,28.155444894758062,27.89993808822225,28.128233428664103,27.67875036681133,27.954538123578747,27.509350793796447
Q96EL3,26.613547931920376,26.729266258367893,26.379886704560818,27.109495285537594,27.178458388244906,27.35408539038344,26.385673637909346,26.693967521129863,26.65771903131124,26.6898186445569,26.854456169548524,26.531749837602856,26.984034702977343,26.807023953521444,26.32787028479509,26.510862348710216,27.001353389433973,26.95114213903652,26.689971846606063,26.711456633204065,27.111814552607,26.504381120331484,26.76351773344245,26.903437227589592,27.41217621761873,26.545098728779305,26.64492288010116,26.63761953388825,26.739528239173488,26.942273327636176,27.218085913246995,26.768067588869147,26.9607941781106,26.187976939188573,26.460348492538373,26.88157722166827,26.751593968610518,26.945952016553143,26.20068591144295,26.33013153550606,26.70846753466468,27.545155055724692,26.600749854802743,26.945147531714717,26.602540129791308,26.795745620833102,26.68562113762467,27.11896937723124,26.813578482532886,26.548588492736798,26.99475901060688,27.140388136640848,26.842167589391813,26.796260767628773,26.89597292221061,25.856813103013167,27.14103538676663,26.91562794838278,27.029352752859293,26.46968231769396,26.854306148774697,27.52901119056057,26.21480540484823,26.56819025984866,26.82795111838415,26.733532259527315,26.86581397298293,27.097517985478007,26.727742033852618,26.377467073380917,26.66991757684312,26.828305097491043
Q96HE7,26.732269954190865,27.193947976406417,27.412172210421787,27.57809078256985,26.9629122641747,27.281789826148422,28.17600854722941,27.314115554818763,27.333057095669105,27.86838880656203,27.46731348201437,27.166675402533343,27.35228118322323,28.003912974412877,27.540875593779774,26.753673100832657,26.62623011483417,27.518005394529503,27.6300667161592,27.056838376481423,27.10291405632293,27.707763136232835,27.57402843912047,27.34083577979841,27.47959323228465,27.583906005926416,27.620933053488677,27.111524446503303,26.91184494485132,27.58825856808516,28.077790047923585,26.7679580670602,26.992173603801827,27.334650414051847,27.52217761087939,27.406216383926303,26.87142194691582,27.37130076026299,27.543952047307176,27.24638448516955,26.71948328548071,27.485664784205508,27.999946656195856,27.24919278100982,26.93299403197983,28.13636854614356,27.734740014640675,27.388023303631645,26.925032084632203,27.30220447211246,27.76219062999242,27.4227823644438,26.94416631843715,27.962822303470062,27.62276393207361,27.468415991506426,26.59028812048218,27.520985654467577,27.4354425399273,27.44337689317923,26.280562577542188,27.65805491197419,27.687103584369957,27.31405299474645,27.28911166302813,27.40023197524385,27.857322911319407,27.383592516322764,27.143448401184976,27.32069381005743,27.585550668234657,27.458636295058653
Q96HS1,27.90574466422719,26.98439443722313,27.031115209722305,27.23696238645038,27.499782506781308,27.550388271228115,26.989142246742983,26.591230842653527,27.158553421956164,26.348624452481733,26.80477499975366,27.261012361027092,26.42886451690571,27.221871003262624,26.990628191664683,27.15663459067269,27.156052060041677,27.63785083093322,26.663574859804942,27.13643343040409,27.24910914760802,27.142991726365867,26.94712250266096,27.17725778135175,27.84259819396339,27.095796786272047,26.806222160219605,27.100517255410384,27.09087132357294,27.16921799972987,27.526673854483533,27.307936836861007,26.714991138121256,27.114453039179597,26.28563226606012,27.18505304567876,27.24855505721224,27.356695956516337,27.231102635651624,27.4206956844998,25.950786648169046,27.336870799691518,27.051823522647965,27.388002376181618,26.88775523531697,26.911737280396075,27.18072542019249,27.22833370337627,26.683064403057987,26.39104409918732,26.53381079876677,26.627013754397662,27.536334232967462,27.54761735412679,27.578047410428432,27.30837838051201,27.90770711471988,27.31904866154634,26.633807833023784,26.791334647906027,26.820109040312936,27.22352457714218,26.330582958962477,26.90937243521925,27.219079872749447,27.783352485637074,26.466956607159474,27.617556920821112,27.61716214117789,27.55308096408291,27.120161343067828,26.478492872406783
Q96IX5,29.012096932050135,28.912738820501083,29.30859446398645,28.341190456973383,29.097346871576864,29.299137045389944,29.19961587970012,28.93907734879309,29.585375117626175,28.787757554496213,28.987577450285627,28.251702040447253,29.472637995725343,28.71953055031338,29.25557673509449,28.658781552891437,28.989406772295048,29.072430058727804,29.07863333689858,28.306685971922224,28.98374643228008,29.178770728783853,29.45040844588254,28.70806101601235,29.38685345838521,29.055190452025798,28.53437463448821,28.555107240523785,29.120608762743466,28.548460119937182,29.61919895614952,28.765867794333857,29.17383072102823,29.07250395141236,29.05394403203205,28.85205405734647,29.3828734166688,28.79935193211026,29.46459530841514,28.32970459041243,28.63656603462235,28.71642626156328,28.821211743480596,28.864657793338846,28.78675616735641,29.21812915893518,29.572499324828616,29.39393333394868,29.12452303520235,28.237353963399823,29.19481356409685,28.834885701284566,29.197088713793008,29.197430777993933,29.362924013174343,28.81501260002931,29.03900781975601,29.11585789084929,28.94263537956368,28.7630396387467,29.048170440526413,28.869389299555923,29.253689802719247,28.627718590723955,28.947843810214767,28.570148066591788,29.602676776951835,29.164189454312965,29.544118043119468,28.74820320143205,29.12567799189548,28.252958795433905
Q96JM3,27.966714829171888,26.365194305069355,25.316670851368063,26.51685894727767,27.743047729158437,26.38912994577853,25.83426457140969,26.862343786526523,26.43483923191518,26.48767309348499,25.330469219831205,25.749401302221752,27.36302659829305,25.287638190441157,26.64431089001353,27.271509551380355,27.313223877161395,26.57686527524315,25.52675551324376,26.606219953224382,27.0548574660716,24.676342571737244,26.27362564787314,24.951748387825244,27.25013396067194,25.879952554160237,25.84253646783508,25.876776501801984,27.634702217316534,26.12157735948924,27.09491855574951,26.57805165822565,26.01923739710542,25.69534151093154,26.017227979541016,26.11212814639922,26.589049589071788,26.35300116636598,24.897104195530456,26.71748980037287,26.765010631665632,25.978039780965823,25.555185710987494,25.982866375515588,26.801704039412886,27.005984211428423,26.44086099573595,27.742283160325844,27.608405010709983,25.743971402966785,27.14103620868353,27.347856142229105,26.778706287034524,24.54195467106026,27.20195235238049,25.19441970314162,24.692141891974863,25.37853041808109,27.031804242121375,27.36481620674937,27.10122398850833,25.526321738547065,25.921206404585536,25.936579982595106,27.69404848988246,29.12097987387762,26.178506465691147,26.135313399192302,26.4080997883339,24.66640351956963,26.261711526241907,26.46180864851853
Q96NY7,28.60676591063382,26.682691967225374,27.56914129003428,27.559793322161,28.469590279886454,25.60803532341957,27.73538072832745,27.242183294203954,28.53980389032792,26.446357071056365,26.941481945739422,26.74655325781,27.289948594679256,26.01601526803463,26.990412422069703,26.30385580580235,27.489611894626652,26.361481069531106,29.126577182258785,26.80170990124009,27.58092517536426,26.354805993278703,29.173014146819668,27.02044717874236,28.60930873934157,26.01386603891862,27.42572923468095,26.69781874401455,28.0109382349578,26.318599763697524,27.94541459306298,26.99575796808652,28.04461314697304,26.673284161336,27.318556398335165,26.942499581434078,28.43046615623493,25.84802475764973,27.486592450140407,27.297655107482655,28.193550257713717,25.81106522533316,27.64039543678377,27.47097837775918,28.2791646226062,26.25889032330982,27.30023145720117,27.53060779221835,28.848866322950222,26.161135387635326,28.391312448087845,26.945848857067286,27.81287119048421,26.18789734812716,26.89979571800825,27.26525576118065,28.076859265449617,26.22913887769813,27.00767856061674,26.929342276830475,28.207150349812157,26.89618331294377,27.089985788404327,27.88332920038196,28.73807647824606,25.634508970526028,27.164803901563157,27.523671079572345,28.36104874163769,26.210589134976523,27.19806813563209,26.808365705146404
Q9BRP8,27.24580568707052,27.063781779485765,27.386794774549173,26.904524479875963,27.0127720470926,26.754455108847427,27.085961344047146,26.91462994333568,27.56124442675212,26.360579869531804,26.83471603694407,26.761881815558915,27.039059916208277,27.20750063512403,26.248933474681376,26.746191848576174,27.18787245877448,27.57714500877163,27.0153920514104,26.940049132340583,27.060700886913047,26.998080869365065,27.08418236129397,26.42732541840071,27.46385239595929,27.454279674446923,26.684162840267483,26.59819229971609,26.79977749666953,27.499712281882257,27.300267372037613,26.93536693803924,27.053068915252016,26.83804539913614,26.88549818503642,26.7153707059554,26.885878990887814,26.6877231954576,26.627568746644663,26.815184525913992,27.137122520326635,26.84312978734601,26.9817534297996,27.283433259578956,27.078185960430087,26.8412442544802,27.577374295575364,27.132988583929784,27.044013161857336,26.89352963200554,26.876926189620946,26.6645638662392,26.255394924537494,27.220282424425932,26.89360804654122,27.22393880088767,27.239963487286687,27.254007529335297,27.150747687831576,27.28956865222026,27.219735804824644,26.958503968295016,26.549624172973363,27.008001694711204,27.31587473597944,27.044665920457167,26.979613609073628,26.40602805189328,27.44628010207332,27.145272708065537,27.038129076317286,26.706481546300356
Q9BV20,27.62592454498849,27.22122217020144,26.83307009309739,27.83641297077424,27.900092870910388,26.297206465477423,27.17909988533365,28.22391069344763,27.071692343080425,27.1075504958928,26.835436632336283,27.35981367350953,27.132979817860477,27.25598627918731,27.485922738506467,27.63752238318801,27.67300199500901,27.4823869058939,26.158379496782896,27.7526740496542,27.615920516613045,26.03126333492457,26.709858098623915,28.010100132419797,27.926455327762515,26.90433096202196,27.065189271272764,27.261398239073436,27.000408148198705,27.414018023532368,27.91380864212615,27.415785615678427,27.04150847019014,26.88847382887108,27.299800594292204,27.600124291339675,26.94728942651981,27.26213248364142,26.741388866719667,27.615564760506395,26.818671800967856,26.913198728005412,26.66744475070219,28.305229577300835,27.307914727959226,27.76346307683758,26.90986237534038,28.130341578582826,26.84945400868336,26.811681918376365,26.92485727064372,28.02023721766641,27.932072346856188,26.974019625022283,27.451896563922567,27.9683979904703,26.27135318729787,28.08451724937837,26.46530329106115,27.322957817059944,26.99489887417325,26.67680402733001,27.62115159757198,27.622675101262413,27.33872798850396,27.248095082450583,25.781048534293795,27.401614899231493,27.42120996645939,28.094468192798864,27.198109318860386,28.092468538746964
Q9BVG4,26.30021744005125,26.750761229626868,26.082522613746978,26.76456928422564,26.13295006418701,26.04273583875882,26.002897823151127,26.727794377349507,26.17018576295638,26.87189624724511,25.964663134789287,26.634247748291912,26.556086165607034,26.346184602226703,25.77766586002944,27.109501469872534,26.39004646935478,26.183574815637304,26.52033039312113,26.458112450208723,26.434379525535164,26.302904629477077,26.26053340788194,25.942336619489065,27.07490162680976,26.24809258468564,26.242217069692117,26.44845905464595,26.34978437471391,26.011686682550767,26.439313276959112,26.757411066801545,26.06774934658431,26.212201822352363,26.391783058566617,26.310897148202717,26.644754928603064,26.324310380787743,26.031732281272884,26.103087256133733,26.37563530797277,26.505782167906403,26.5162064107051,26.75931292086153,26.33014662398258,25.79671296180277,26.7158738659436,26.27294192994012,26.157795780465754,26.014852082076036,26.2618827889085,26.864448250042184,26.509212403479943,26.49708453689224,26.39246004911338,25.627689951413597,26.290309229031976,26.55741780219103,26.344698872203686,26.634976244135764,26.3181887268759,26.110696530356137,26.141877262759564,26.52035363648256,26.79023718759556,25.97278425698123,26.52827091176577,26.81265775009282,26.33643019328443,25.980913185255616,26.516154065010568,26.18308534765048
Q9BWJ5,28.7285129048527,27.84497776380099,27.759926680017266,27.7659207058845,27.98519790119222,27.8575140637974,27.608564985168936,27.72086561382044,27.85334769106555,26.717678008972435,27.47498197457479,27.76508119918734,27.783835086816225,27.550048253709384,27.633145030795863,27.839857664341487,27.8280191071805,27.780281280587097,27.86888814900002,28.18758202118484,28.17658432853519,27.92694402579907,27.76710534217328,26.776735323023008,27.92263193998537,27.46983084191134,27.839735029681066,27.96402801478686,26.84071285837739,27.92450995668932,28.57070727165413,27.693759369711604,27.43195498264268,27.74538346156708,27.892155713713706,27.454472051641662,28.169421292566117,28.024042329660595,26.91950187575828,27.767199436138565,27.442199453257555,28.088827878038536,27.38154943295579,27.53277748531912,27.638362630993537,28.36448563811337,27.406845190414327,28.28441574596541,27.851809740622336,27.36052104296617,27.4191845542391,27.970347953050386,27.739458832448868,28.02426509849297,27.76146089678052,28.08652036651748,27.644273371136038,27.82559492328334,27.16939816369656,28.1188596767272,27.718816735270487,26.8259204155827,27.56608195801444,27.761709686183146,28.060052413996782,27.923725265114182,28.48510758328543,27.9206452318796,27.91435763622539,28.2037485072897,27.622248677079035,27.274293446778103
Q9BXP5,27.654348654945668,26.81245214928602,27.029028453708577,27.06060125761312,27.25619840758601,27.76882713557496,26.89695984244432,27.23550776367909,27.69204382128296,27.38793889570508,27.102638528197183,27.07613686805426,27.33403317036008,27.16361970104643,26.764399326037093,27.60691020564864,27.39702259317356,27.21757898048103,26.85224015478084,27.45480011665743,27.61658662146845,26.965524788663757,27.11665637781524,27.32890360541513,27.515788489090543,26.764185007369555,26.95462552776297,26.955157341220723,26.81787806833361,27.085173872067664,27.46688450590267,27.41887235519773,27.431468181582467,26.73825562539527,27.153741787413757,27.33547534385849,27.39109847562361,27.1171741656366,27.11607550211896,26.622801472379543,27.319283094758347,26.90084774844506,27.10954924007917,27.46620123014156,27.3347482685456,27.735870542636235,27.23474897034072,27.848906759638165,27.53534735870406,27.108661545839578,27.091661782654985,27.410463483170723,27.52385552885485,26.56258621704372,27.02243527670124,27.38852052257114,27.56479588036175,27.09605087845229,27.20215992132232,27.447146435527056,27.170414868051232,27.11428288664915,27.26885844913552,27.28874522757829,27.91772137300656,26.85291153748805,27.56047709679863,27.481994046406363,26.762522070022463,27.1555697786801,27.24261757675573,27.13083914738065
Q9BZQ8,27.189155917374364,27.685561074505475,27.3781567581231,26.868973758488035,27.053553094399405,27.958684691108044,27.6483476798824,26.51116517006835,26.82194392488084,27.60769675973004,27.55357350828813,26.792361149018426,26.61061176195605,27.783527453378262,27.46930396331714,26.97761822732912,27.262880829640128,27.76788541989608,27.565438012881263,26.436449117119828,26.839087817582765,27.71007124152667,27.409435113128357,27.10369635775568,28.011130690550505,27.49243171129705,27.2542898421757,26.72396944333681,26.8652499934082,27.336079538119225,27.814400973721604,26.774489988512293,26.7806987914944,27.491837396777346,27.804440468383024,26.697424974903623,26.72198514699876,27.39309506111973,27.70153857721078,26.59191622114547,26.75402211864286,27.74306465418275,27.74933623158457,27.127752359484543,26.741199599569,27.59867479585562,27.84809741713842,26.982649332588974,27.02658248526757,27.54607748627932,27.51474856733837,26.800076541593445,26.903265031866155,27.4251047704886,27.88537033838165,26.39516228608561,26.89275396114082,27.899909633367244,27.253940281166845,27.340381320713018,26.693092585691797,27.19342927538688,27.489204027854854,27.069140262830327,27.473131539867776,27.85631196700593,27.79969349500248,26.270756659919385,27.059731527679077,27.70055461938445,27.364440728462448,26.961707923783948
Q9H0A0,28.3665430248394,26.841618739154377,27.020447612780597,27.22641264695129,27.8500861665639,26.947645345150573,27.137654753391956,27.052030054840237,27.588695866963487,27.10908498671978,27.32751614780792,27.03617583513551,27.12881500204749,26.97345196694953,26.99697593023279,26.83353955841764,27.29236774294424,28.82873469631732,27.448972780825738,26.807025808037444,27.65322482302563,27.149325415807777,27.39028870537416,26.944105971584403,27.729820343038423,27.125915845051537,27.15423043779813,26.78934268500511,27.42148192346925,27.098629575907776,27.37383745262972,28.71539514269111,27.1691156400714,26.85818583221157,27.02417260609837,26.959287134881528,28.16204420891846,27.20407367459047,27.454227938979813,26.915918343677443,26.990181820829044,26.71818296824452,27.51808616211287,26.57328147426863,27.57075070513504,27.49838684436825,27.39293437757969,27.348161857045287,27.30353597357284,25.77281014632726,27.179088225112032,27.849965422355616,27.42395274916582,27.34681400221877,27.732755582717346,27.624266593318225,27.235107525573945,27.39748585347115,27.11533238964496,27.536555618015942,28.01089025942174,26.775620932491943,27.14263829382448,26.582712654255467,27.49409623093653,26.913996362766383,27.438938401355788,27.430725216109582,28.01405697699775,27.431490294573106,26.833857562653023,27.395273916935
Q9H2W6,26.52147621511001,26.59965048213788,26.23632227072298,27.00675212946649,27.072202254989463,26.812619934176265,26.92889237337427,26.66053324286948,26.85875695918589,26.80070484926234,26.282017350867147,26.45995394951366,26.59493709355329,26.63021586955728,26.388583709579372,26.700188940251635,27.09398793883325,26.71528512256419,26.69972689565655,26.949621185622163,26.8140718834414,26.7695787439947,26.80564418699877,26.01575023617073,26.836944445268927,26.685322651603897,26.8877471423417,26.37447614658055,26.774087719143207,25.977980219275423,26.862998261925565,27.1499098928441,26.732819649262822,26.28241459785333,26.651555883754725,26.590459545227645,26.25208764732102,26.8319374831233,26.61253224567359,26.097805501293763,26.526096249456376,26.25542354678897,26.934911510605023,26.946532325790805,26.606500962703745,27.08140454485661,26.93748705300193,26.95203657049686,27.38894998764207,26.40426513279126,26.8539345762013,26.678186013475912,26.508360410172845,26.350890894329822,26.74703023271542,26.96338062450692,26.186886827335872,26.951631491166538,26.545837027910284,26.87412579875238,26.665395560861644,26.83718423931553,26.571802391715416,26.64811224888648,26.94601768132148,26.613704014843695,26.882703636040816,26.93151798195317,26.831217139358404,26.77899993855724,26.585840522306825,26.02480457645234
Q9H444,28.11613349190181,29.028835570335023,29.324109699907403,28.654247578582595,28.21538691307369,28.793032967380498,29.643733983627385,28.726212240850607,27.885905941924545,28.5511433864258,27.91049220979649,28.271860345000885,27.576600384992982,28.27833564645719,28.234369291819725,28.253379112504685,28.510122631001803,28.3199004289082,29.212707079868245,28.560182421647685,28.71982893201205,29.191282661191934,29.20038513741302,28.523559540610407,27.95381950796088,28.03536898688721,30.344221824502235,28.026557610635923,30.14577226517924,28.059080052724465,28.409596023407094,28.159179137544555,27.79419774622569,28.039166062363236,28.054925829475007,30.398244436859105,28.728215621928157,29.295696059690997,28.334757633785525,28.836499426707626,28.021318463280743,29.10002495318161,28.553068018184614,28.541282587062003,27.962269705887262,28.667447437070336,28.378178148694115,28.56565490884788,27.902543132926564,28.64201462168688,28.925023069048592,28.652846104736117,28.132484534258687,28.82229355378343,28.906776471205493,28.609100523028644,27.925936900767724,28.889337118606797,28.49548349239384,28.63031365233312,27.76797863384177,29.0657690339598,28.51998117467172,27.43439363217221,28.18006359767594,29.109669690777565,29.05267928922643,29.01406592218544,28.28779871146127,29.145914819769924,28.52109628524225,29.024190167808374
Q9H773,27.67698591723695,27.305314522447095,27.650418571735173,27.785161953895944,26.855097147592534,27.129635649410066,27.45289865019848,26.946303471304844,26.728576556849102,27.43737555737907,27.10594564990964,26.91843862269243,26.376692486838422,27.20669387875389,27.596325490981485,27.36736802143937,27.153163960183942,27.49287958288756,27.524629052294905,27.36179572807514,27.038136926171852,27.102865345127004,27.565398870955978,27.88729737594861,27.636633019281195,26.31705729931365,27.75368122017366,27.04328808743116,27.417435030997467,27.2543751623623,27.74476373070757,27.18664784675854,27.215322602080285,26.779298204791143,27.16770451952205,27.179312479860428,27.20195830790577,27.098496819655665,27.35125491282564,26.941770512708512,27.03992621860744,27.143409765937275,27.03534612387272,27.824400004224582,27.92341663968686,27.225017338397336,26.853765237006144,27.42909552197156,28.080810289487964,26.973967013393548,27.250756948916575,27.151899035789235,27.154278844761425,27.029812413727644,27.289312602920283,27.049151166271407,27.22441211628972,26.96130457890762,28.090247546713638,26.85790573249781,27.460341603918625,27.3815363364528,27.696282025451264,27.650964774000396,27.350647683370436,26.76799500957571,27.057231257703556,26.454387616538973,27.01386675325173,27.984327581340267,26.82850879668453,27.431786140490807
Q9HAB8,26.801199095321643,26.316383168521305,26.49971786841151,26.83275161980672,25.693095754553976,26.515943854406764,26.698701101231396,26.32410909422287,26.412237387842428,25.755359925459164,25.80769477901503,26.102241695585427,26.23938773323168,25.75384232258715,25.438193908674545,26.55641332365598,26.67471872196812,26.51024803603076,26.66888724684125,26.64931472423264,26.530464913962422,26.565433128234204,26.20979934365505,26.166507456388064,26.87158450992833,26.47321792407192,26.38424976852735,26.151433014251744,26.22168050891141,26.31687447407669,26.524767321072027,26.49647853685851,26.3428564422432,26.459481846429107,25.68123452990359,25.689095922254253,26.39790560645842,26.43093600264281,26.74559644119069,26.16621206623565,26.031518483490256,26.39575943886449,26.8536027675908,25.52779685953849,26.34121943272917,26.12152639305944,26.1877457590094,26.56525369762089,25.974554847241787,26.23024864789775,26.83809893988183,26.16910446833735,26.172694209564217,26.7754566356753,26.306711322306104,26.262094640221004,25.692486480803908,26.09480689464154,26.915787580367475,26.291728118767445,26.60561397997607,26.80711178870823,26.08333751775668,25.704226234838323,26.44644016759112,26.66076034341744,26.02025086783175,26.342183782634475,26.552473032289363,25.67336905303892,26.49972522798267,26.304223104828257
Q9HAU5,26.065919833941702,26.31609699229905,25.42100725121701,25.132160934261336,26.08710750952137,26.07176996073396,25.6988566460363,26.015070997620043,26.141678159178177,24.40856197768896,25.53058554451315,25.41744585076216,25.524834538010992,26.13787193773817,25.08808466715888,25.127544098852656,25.8515298707278,25.4861234921215,25.573149169010577,25.61419577859748,27.185494879069047,25.59497009515789,25.29634276892717,25.22508982256901,25.886538996750765,25.726258370687734,25.526767256188734,25.36301667540804,25.683853258025746,25.303753415223817,26.590585945327696,25.69407382893436,25.458944568329876,25.320757922725804,26.21509048890456,24.893991320647903,25.51350823166395,25.36332558285581,25.42809680960391,25.43389757422557,25.368878848825787,25.52668063177472,25.54192448948285,25.48427839662477,26.130549068330478,26.11895210284801,25.96188727615822,26.382122028204137,25.8435950687244,25.583337638978502,26.21072158742321,26.10963932892606,25.38394800488158,25.813594034661666,25.40341773332436,25.187208776424683,25.288767995958377,25.531042168774043,25.808163130797297,25.67960285476228,25.76259397352189,26.416302881017163,25.469277487590432,25.66278153064901,24.57714007773865,24.82753729488948,25.981658417189283,25.96233986286665,25.723135525266866,25.892071051734334,25.81515472267566,25.977413944745397
Q9NPE3,28.19975754338264,27.195009365497853,27.1350635406986,27.293444254920164,27.5079534262296,27.670210363361043,27.847770359611413,27.43922470872496,27.98536284419649,26.821069380189883,27.075168318596926,27.278856935671605,27.231527445735736,27.14149942291701,27.31618796813812,27.23220194604605,27.98769762981867,27.97623074018504,27.5389683130209,27.715727861369174,27.476830757130006,27.956335679190488,26.85185348476122,27.17082320165097,27.825637242424627,26.830816032320577,27.509989042204065,26.96744577552972,27.262434076542554,27.21102717511977,27.888662183481387,27.41748045065999,27.4237018602488,27.34753146656866,27.954875672011426,27.663740336098595,28.06971934161402,27.46665280782735,27.77083953523576,27.01310023793573,27.82977649562189,26.955980349450797,27.6593056024689,27.116228401919333,27.390258143398416,27.2268421412249,27.49039403011738,27.37533873892029,27.673712697102367,27.666512198304225,26.8078943613419,27.360109103889087,27.967741594750464,27.878190566028643,26.78366768310499,27.37302866766696,27.509753528826938,27.596738840952323,27.251936465466944,27.570034069724084,27.89407364245842,27.46348107428452,27.809879061155225,27.518462187187165,27.07354574765796,26.70334533967884,27.278103403015574,27.135666841907558,28.22891140243549,27.45613691035744,27.363991886144746,27.587398017888347
Q9NUJ1,27.888731722314944,28.743983191679064,27.857930236436605,27.665285610625137,27.922451483985,28.23370898000149,28.87704293259421,27.487911284821937,27.61046996459088,27.01868035687758,27.8326755245406,27.03070435459416,28.180291341681425,28.269708344726027,27.48115080702281,27.187404741162045,27.41208400399658,28.378176698408232,28.39421112983196,26.98182506864392,27.67964510042528,28.8894208625801,27.520690997471355,27.68289130770616,28.74472116398333,28.362307765496176,28.29437962391674,28.42840977120598,28.279258348697876,28.41925190193564,27.15069907714814,28.602315446377943,26.96040903640736,26.972640534848857,26.87037629046965,28.500485494468865,27.174854938877324,27.72089096520829,28.0259260159212,27.71967196745933,27.4789926444032,28.33030704464252,27.96539253970876,27.59882179031183,27.27329989292601,28.541573891457126,27.21556359228427,29.026122863209743,27.35142273366446,29.04267331612953,27.66853027534777,28.262751113920885,27.64764777869996,27.52164204723384,27.804821793619205,26.43033185279715,28.32921736921787,27.6860726479212,28.415045627549496,27.45030774688975,27.476262462033983,28.428160114138237,28.56013368331405,27.33827050481961,27.707732914930407,28.84763856671646,28.32994556867932,27.94613847783953,27.935060031729638,27.034184781187676,27.49834231716079,27.111395685449
Q9NY12,28.681454631233517,27.62674756828201,28.130379168054308,28.39391023535664,28.972822759878504,28.1878819775858,28.08243899929279,28.017995636588623,28.608852182832777,28.12704025008417,28.04277484301885,28.30586285001633,28.50920864206386,28.24486901393262,28.238307698302552,28.1889205237344,28.779947708161,28.09554440085947,28.478744129464268,27.86510128825823,28.729434929759435,28.17973799855354,27.887482311582996,28.31702040760216,28.931506706143708,28.17680298360733,28.250176457955607,28.042500709305934,28.455210827287345,28.23610593208281,28.62527348128416,28.36671738080852,28.522396497295112,27.26558396075613,28.34035103688333,28.306646209198405,28.594433783311835,27.48969545234893,28.364263670578072,28.288702485975232,28.336462183192715,28.303732383664745,28.55466142277969,28.290287800730287,28.55327526091507,28.18355100443507,28.780101224951878,27.495489710608496,28.786359029224485,27.93984824541048,28.379849345737515,28.12279617064244,28.756591908354117,28.37040728147789,28.270867948047638,28.127002106771645,28.572935081777707,28.03719223910307,27.839859691756217,28.132231517459523,28.873856945769905,27.71807308557444,27.76387736913023,28.328917777068455,28.63747186615529,28.402581744705785,28.40338238751395,28.22298807370181,27.96082017187213,28.287626254822747,28.541876282230103,28.11616906097441
Q9NZZ3,27.496046519118323,27.113761726989782,27.57555888111824,27.484562366134,26.82196881365736,26.915654386890782,27.700181126438977,27.40958544574108,28.10792370129712,27.097205861196805,26.92391660419071,27.271109841760342,27.13943212510277,26.9027845689262,27.188145684411825,27.30722109858006,28.27380835155753,27.317700830506823,27.867837831177937,26.604768640347835,27.226780098226545,27.480381717401546,27.319014111440275,27.4220383808434,28.056253707108077,26.673649427479543,27.59681487039576,26.620466716433967,27.126341608784287,27.778446521794123,27.11020794879141,27.86847225404072,27.6083151784102,27.56365642508585,27.376686034939915,27.766450846016006,27.198833843615265,27.864795043750014,27.444857602738654,27.666924318588038,27.019306015668416,27.480765487789203,28.253921544071503,27.388755639157647,27.208861797429144,26.435832610245622,27.39772687372796,27.060853535502588,27.855256211782887,28.01737834007282,27.41487336311161,27.632130179582106,27.219498043941726,26.987876995166022,27.159572509779288,27.25236115518243,27.1198325735853,27.122597882492474,27.153331330288083,27.43298763811853,26.81477178915642,27.300837815210706,27.54987651604723,27.70785496230077,27.44451896086676,27.27594265323665,27.484503448621936,27.829471673470653,26.81248769492578,27.290701470319977,27.716382813589437,27.1347601484043
Q9UK76,28.375853493525657,28.43174004040701,28.338149666176275,28.90784810261677,29.2635573232988,28.141678548243902,28.29275358521361,28.839302604643283,28.48225968187924,28.19989780448684,28.156422917276554,29.05015673061211,29.333850094689197,28.487418367306148,28.110651339818563,28.90044649055929,29.105115202459896,28.14452980018862,27.87606442069612,28.39463402713426,28.514621157529728,27.85608395160408,28.109935496720897,28.29464119781496,29.12099928496284,28.10243745330156,28.275939425884165,28.706090154753205,28.466890901947867,28.12813137340967,28.85397837149448,28.96578632600093,28.6295472148031,28.09028671713698,28.40530279832725,28.848600997181343,28.73821736584473,28.37525230749739,28.418465093431355,28.73020226642046,27.09863202550331,28.335710071803287,28.71013928417181,28.96591607888576,29.026472261887367,28.683224222524167,28.80963713719553,29.042674522768912,28.720646632454223,28.10559431035235,28.3448533936828,29.055616540594368,28.77478735149909,28.23529328084797,28.57579699138488,29.059558407645405,28.15594654268996,28.330036033078,27.94779130791171,28.98297727933508,29.1247068418468,28.127801038639955,28.301763028155648,29.08575779761814,28.29829758004914,28.32476883637913,28.532381219987546,28.828408379151945,28.514936011840756,28.07758602986005,28.36522746809991,28.677054010154123
Q9UKT9,26.984054575028598,26.789401812647448,25.530475572885383,26.77406567166407,26.729240884456438,26.84114250770802,26.422267537437403,25.80667755694988,27.273815191245216,26.8082813481986,26.339388840384903,25.96600813566062,26.689208676053383,26.608036070364317,25.249890536202592,26.442601028527328,26.731966838113884,26.5199030384241,26.55554616401345,26.85044313268341,26.80077806217486,26.501742193398027,25.845865199569516,27.001712939991968,27.188140611883124,26.746277220466105,26.13572604755046,26.74833076902432,26.74190003740077,26.59894599223413,25.75243006881984,26.746561570030597,26.650727973216163,26.46673455128667,25.39243473030505,26.7209886007087,27.180396292679387,26.726317640601835,25.94152023926217,27.211908698078464,26.341641485889458,26.076057126318037,25.91909962977856,26.628319407123,26.97334262609063,26.52122123333513,25.872182380503524,26.758027276784677,26.31061591742992,26.400790532811826,26.135620750271272,26.74551315412963,26.71517481125089,27.03465501641332,25.28351584247753,26.737526587130716,26.81593747730939,26.54433272406843,26.137233876198607,26.93797583547914,26.712804660759485,26.753359904575312,25.412011217651106,27.237274579510203,26.667014852318736,26.31005185399972,26.100756203533592,27.09755397978072,26.79359212102776,26.31050333729971,26.214754118792428,26.32996631327481
Q9UMS4,29.355404610414787,28.965858939931167,28.9836739179746,29.10754168838462,29.683343079134698,28.86115456402549,28.703999180441176,28.88891089428541,29.008811713142688,28.66736515382207,28.620998728834937,29.04145803722956,29.052139081230493,28.44298014004965,28.7657634825779,29.19615972375681,29.06459322828368,28.965122514884456,29.12571232797439,29.034915043278207,29.0672973067242,29.17621887046798,28.724244254137883,29.225071488504387,29.37862046908758,28.73673695965528,29.017090366794392,28.86080317263956,29.16000901066115,28.8127657484888,29.33005848276474,29.33570260596281,28.811145642526224,28.75353442897645,28.747653281790637,28.95365634721325,29.06730447712382,28.86361182525024,28.97524276891863,29.159602970122865,28.928851634665698,29.081920164344112,28.720153569902426,28.8698198670591,28.94675924798961,29.1986094342436,28.54092541374067,29.43977578189456,29.233170705364017,28.78470915036857,28.836991635675496,29.237378545719217,29.316736999507015,29.00638121502824,28.81642336153797,29.132428684106557,29.002977718021235,28.82615233956606,28.643582478211822,29.0361991362906,28.720427888315182,28.79856746620352,29.155929988059704,28.942171333291917,28.898957411427503,28.856133900694857,28.81146948598324,29.22294498389206,29.2406339421358,28.8392249654902,28.76908288296338,29.42713010317173
Q9Y295,27.51689918549766,27.337727030916245,27.53442804569132,27.39001443132109,27.46332316852352,27.46143681942599,27.538899440640016,26.97550295673811,27.54243602257737,27.057382264078527,27.05127124915816,26.90959762032162,27.31497085008172,27.50733576664977,27.277806705571948,27.42375594250924,27.49901692776691,27.32101388359149,27.520427180365512,26.977210879799507,27.546876281473185,27.36814894782309,26.832244706658805,27.531016981309804,27.712618246662988,27.1880544461702,27.23269709618783,27.68548658016012,27.14018259816522,27.20770039754212,27.74778421950344,27.201954257112103,27.1628184535722,27.17889615106667,27.28765284025472,27.171474280159646,27.3879590679692,27.267570222296328,27.6079618642842,27.49789816613826,26.972002899999563,27.12980493977348,27.15269431409381,26.963830193105775,27.3104071289051,27.307838217812517,27.427826974258146,27.72482119593056,27.259828948327968,27.3452691498434,27.23066801983103,27.61889499589947,27.19465155409288,27.59174257705241,27.322653986097368,27.154571822608997,27.466555759203807,27.424712717783684,27.30459160606401,27.123275807757537,26.656522300370654,27.10793986115654,27.647614077908877,27.32573020200098,27.36141883662334,27.10609069621314,27.19814396578537,27.29883142041264,27.51582221859369,27.101067408575013,27.49373154561559,27.58744149625643
Q9Y2B0,27.725241351669634,27.46407616327408,27.924668159351487,27.05727859398947,27.874038061430195,27.601489766001883,27.83486284611481,27.20096379044185,27.807817301461576,28.1798167613252,28.0281936257381,27.340845798422283,27.6836764903046,27.816081357128027,27.99245577871644,27.04991553762481,27.87814287687352,27.971395097076982,27.80861549757095,28.055162640004927,27.33003318899712,27.78034254585652,27.28224374967679,27.52959269574468,28.081867870727308,27.797395664761808,27.77603631975726,27.190746230421976,27.58004487768426,27.56010935281932,28.4896842991873,27.638887807657916,27.707611658425616,27.568318443048454,27.710362431895764,27.386349254333453,27.389078512849288,28.107211134793022,27.850896549272395,27.33119891850564,27.44480376416081,27.94550414485556,27.570931873263948,27.25933105119986,27.73467124423313,28.147822012176395,27.88266735605511,27.79367460473407,27.62578570076677,27.84773230177027,27.884489985080226,27.22836509856529,27.746783178685817,28.1578060712065,27.91312455707075,27.31599965860571,27.49393916928501,28.088926304118225,27.75863095239268,27.327607922044656,27.171414853558545,27.916330350739976,27.729818118495132,27.76329406255166,27.16535492586575,28.465082289327064,27.857258600667627,27.2938914233374,27.92820529397526,27.92730395965506,27.532469858871742,27.545684002684634
Q9Y2V2,28.24377779917116,28.74648511133612,28.4044053731253,29.46725390764431,28.17703034606939,28.56346239085627,27.5434490592958,29.17810999506101,28.38817160417555,28.712907057844188,27.9799399095268,28.476954636583724,27.983795337391676,29.318931039423983,28.81207391471538,28.186925872796287,28.052496344297843,29.25849181303997,28.816894066120312,28.19561113024109,27.913660130839464,28.257128324539007,27.986472580707463,28.9462817551854,28.965645695597424,28.76012935911717,28.54703363448062,28.745848239117645,26.468508938773024,28.547257144583444,28.727676666157947,28.928752142730204,28.557116256188824,28.43789464686733,28.613493398986535,28.70379047500488,27.888948416454127,28.45982514155068,28.34254984204726,28.192274776591443,27.957732720277264,28.917531296067665,28.36396739065554,29.04692312065654,28.474140106834447,29.234455704718663,28.14964611083426,29.177369139244394,28.049761617698508,28.62836442916068,28.16610623564928,28.90254646609434,28.285503693692508,29.24901378512395,28.107427051350967,28.80788529276142,28.068150747091813,28.869122046667204,28.12460548642576,28.652747233262986,28.08171977431724,28.206671339128278,28.356175217568005,28.991178759083045,27.527957556608108,27.38852002144271,28.77845767627687,29.08741376294502,28.634327737422744,28.894326350017668,29.090863784288292,29.148164148417788
Q9Y3B4,28.4098996781892,27.59565954941132,27.26872885844537,27.59772863115906,27.32947482909269,28.09240865133505,27.62300565594136,27.53610185215594,28.054630535803756,27.863712534722413,27.59407633630128,28.10491416653734,28.15451772389759,27.740340162542896,27.193674718296577,28.102178102786883,28.15721261686682,27.250515868794643,27.7270301025454,27.29358239353865,28.51372318976908,27.44879707242428,27.91270008880823,27.887913675415746,27.85311674011957,28.42891620858432,27.525163535777864,27.24653116523889,27.49184807619133,27.420668245454703,27.914274080596027,27.724315768716743,27.67741974907763,27.399875096665685,27.445921207860035,28.43620326329593,28.209331597079657,28.176153475039364,27.977393687461344,28.102212675996828,27.083819378238577,28.058889330095145,27.487454196951504,27.99529925168812,27.142811614024158,27.42686271569741,27.65998674187171,27.657099240156263,27.87907163086601,27.5751370860198,27.663785999420394,28.083330555101192,28.073171374146185,28.04532317971428,27.61541642072874,27.89536842735297,27.797191189317417,27.212675506500634,27.33721851496432,27.87627134647625,27.77029788664553,27.96112546955227,27.66616224102215,27.794229086531683,28.30194118466787,28.03602095782682,27.51701545351961,26.75619432694061,28.1758060396638,27.57105177769816,28.05571356510526,27.598466286875748
Q9Y3F4,27.5609536676056,27.67069553852271,28.050491023183262,27.74757311320213,27.67594306588874,28.12824311066361,27.162268313411158,26.995411176054343,28.044916335495596,27.635997660052944,26.64996436211102,27.06596034800702,26.77490133836328,26.87602247149727,27.31008566716981,27.557166490239464,27.48231402314,27.46973821342496,27.75145617792294,27.6277242933249,28.008429508127048,27.645668210256257,28.12575158444824,28.06257493149085,28.021838526734367,27.46017747401148,27.491745528705376,27.588463097091285,27.302710348833124,27.556862502633443,28.22019552073978,27.814491533282062,26.83478801236953,27.288134043027533,27.66352807230447,27.623733390782863,27.055113207020305,27.147235029092148,27.80084179450688,28.002647877672537,27.74281688415721,27.53217238517113,27.190494904775186,27.649304428547183,27.432567826296683,27.19950992003167,27.519129686298413,28.535758314333474,27.364000616598144,28.02972394512603,27.59474984570974,27.665743249777424,27.509367859618227,28.64618629314174,27.681003448579578,27.264420520363117,27.035767343842117,27.428923709773738,27.21956681307337,27.19513919339848,27.743549632378038,27.460600868918576,26.969189415736764,27.874026392064284,27.561044976125785,27.394398146731813,27.537406802898943,28.284350852426844,26.933011805641996,26.89243930843112,27.893389994723528,28.167780615513745
Q9Y3I0,28.055168622640814,28.156549549667787,29.07370856439681,28.413454110877037,28.63609483281901,27.738122078330843,28.707643967235736,28.725197972824454,28.343995157230854,28.835190953547237,29.02227706227813,28.996532207286403,28.682622321927347,28.82808719266888,28.185381960508614,27.61838418633332,28.84140223485236,27.96069431193781,28.700548615883143,28.20887756030673,28.83755273826012,27.895763241648837,29.021765139609588,29.32029376667846,28.60592124573689,28.32889338828398,28.42266641130065,28.072334522778306,28.234137686044143,29.72371273582717,28.665650869453284,27.84225425409656,28.20810870032101,29.80033249904976,28.27098528744639,28.468479782775457,28.57789128157021,27.77081927604693,29.34004358443049,28.05697609614024,28.679395931900046,28.03719714774358,29.300085218815983,27.987437684583824,28.31316255777509,29.588787633956525,28.58815462173737,28.521267057074528,28.671792543988623,28.577272027844437,28.772334112875853,28.92470524422754,27.99183047450192,28.155154545899084,28.96560434172945,28.986986425053253,28.524436113526768,26.98367400639688,28.53088969570625,28.94602233238512,27.84366499598741,28.48391674881287,28.23981938198598,27.9852647311296,28.877999719429603,29.19854585326476,28.169033332238023,28.647243893846,28.676077316516064,28.90101587331099,28.0413779075506,29.466005582714807
Q9Y3U8,29.40424518656688,29.45561231666794,29.32352254472441,29.21583697196878,29.57697041267375,29.31492449061434,29.45229998058664,29.226156708301733,29.40760089147096,28.94667795513352,28.41880436576833,28.89782526342565,29.629693834447234,29.556088601659155,29.306918846730085,28.81572735272917,29.454824811277945,28.747714319204665,29.53092657194641,29.66272180768503,28.781198692746717,29.25398796556394,28.922830982726506,29.11790833758148,29.76384553974597,28.95130957014717,29.08616564773992,29.086046954004196,28.86198987834578,29.316391894370927,29.755523261485948,29.10753385628861,29.12828662096766,29.370986978499385,29.09255220030093,29.07994054696752,29.19880295624638,28.5626817630648,29.284267781731188,29.1370315581701,28.97401516833249,29.083818543563,29.188695541007903,29.50828071589989,28.71715680218656,29.20024433669717,29.40824016921532,29.916458067572083,29.47098456848009,28.69361463056436,29.144307278466105,29.10397674888833,29.48215387307205,29.05090251366556,29.769405796687096,29.676928849627124,29.384412173367057,28.954575172391458,28.78038106291213,29.064079196916204,28.279378101601772,28.993293278633605,29.28669575480928,29.427334487095923,29.441249538904653,29.170210527933744,29.293937586900828,29.44224656043873,29.16537808981696,29.26052413048136,29.662452383732266,29.0492811273968
Q9Y4E8,26.29408329978209,26.055011189298124,26.317327115685437,26.74043435441924,25.501087380853257,25.723295695204403,25.593128716191785,26.25101094921368,25.637361423585222,26.27631067679332,26.497755893036004,27.202702929195542,24.876981085479585,26.725529332227183,26.67792196113972,26.80040510296413,24.977117824153005,27.26692184729242,25.878721147161077,25.00249444455745,26.12478843974556,26.772347076324607,26.757547929648183,26.153651091883887,27.998757048537477,25.657039615105013,26.48963519877805,25.8454905012994,26.68020570396712,25.44781620118961,26.217829727401465,25.765597145657857,25.711862696327685,25.608755935272427,25.65713810349852,26.8693100828978,26.568883493602723,25.713927023064063,26.936059859277364,26.49505163265109,26.22402243075406,25.522940253200098,26.48327651584,26.542462589930025,26.264408741399592,26.174718164461027,25.02881154810728,26.075040193076948,25.475840987502373,25.07409850961846,26.265922914758725,26.916834006154694,26.393723478268,25.868469566867848,26.02237986849555,26.53677044498596,25.24394553933784,25.47472085970987,26.23034744475247,27.81189336910121,27.255791372078495,26.073905564264034,25.74074729028873,25.76034543146455,26.993957872043723,25.38123637559165,25.25811926853009,26.871898609945006,26.424933901077544,26.345562987044715,26.39629793633532,25.42675166180133
Q9Y5B9,28.765626959162585,28.36890948975836,28.60973584526545,29.04107938015179,28.722051477771576,28.363145747656795,28.289881408738417,28.70377574357297,28.69825719655721,28.42616567400052,28.10334896976555,28.67287035716195,28.767789136837276,28.28267071409955,28.381003094698283,28.58071880384357,28.688328047873245,28.41792183993133,28.431441960898244,28.61767490578201,28.76644980819537,28.70091333233069,28.4335503647748,29.13454110038684,29.19666337036188,28.419432297996483,28.43488372077964,28.590898498231663,28.58972765422129,28.437700783698453,28.85755383863241,28.594195221790983,28.621647921144557,28.30504763669259,28.336178857296677,28.648499768629268,28.550561777268875,28.167023191635145,28.415302857018872,28.857419603201663,28.417375511920064,28.481580882950198,28.512488892261096,28.804740949542712,28.61002655553089,28.47284290930346,28.388109933329297,29.18976817029643,28.681680651430558,28.306716670661817,28.53936245700105,28.94494174160093,28.68760954772809,28.571900684434933,28.63321097301928,28.90593532501289,28.4862311776268,28.435031623163496,28.224394088714885,28.82452340813694,28.47867810903352,28.387046552751205,28.36804826640916,28.8486018526064,28.74221471678176,28.37774045650465,28.401256398587627,28.9907164460321,28.807507331021835,28.756064800043955,28.30846602995017,28.5785124890653
Q9Y678,28.064939725480475,28.179505556085488,28.4177761017228,28.00449433790205,28.462530375985445,28.06311796750762,28.278284476676976,27.970088760088903,27.72641696495945,28.288993810258475,28.43164744090289,28.00872101325538,27.918723650146177,28.249635413561037,28.279099712881425,28.078904252308718,27.988838134171413,28.386328931540163,28.50093312672604,28.1229886231802,28.112707311087,28.36972050386059,28.507329766836914,27.7785359718646,28.261922896245405,28.356185063287608,28.01554713486721,27.936217218942904,27.881570795519544,28.057047704801967,28.77999576370328,28.07411129132682,27.906061484619915,28.08177778352801,28.60999264976258,28.02001715043776,28.20655974670656,28.002323614509677,28.35104819042857,28.125711413950388,27.726289270447456,28.4328389898078,28.332385591394765,28.11004843772302,28.135812942585115,27.96421313388418,28.516947657936758,28.217117109045383,27.952309662363632,28.184863773012463,28.502260238359625,28.259383574735992,27.997820850286796,28.46361741988183,28.41119285018135,28.23021117592613,27.937489076113707,28.35156511505345,28.128006491780017,27.81088124984725,27.948680882371207,28.30796845656027,28.404094490991877,28.097134003454347,27.5959608178547,28.397305142612417,28.3971333730044,28.17916678978802,27.874023280635782,28.235916903344847,28.360062035134085,28.14942428049488
