protein,pearson_r,pearson_p,n_samples
sp|A0A0B4J2D5|GAL3B_HUMAN;sp|P0DPI2|GAL3A_HUMAN,0.20382352026529013,0.5477503085800899,11
sp|A0AVT1|UBA6_HUMAN,0.03765766325374579,0.9124699719718963,11
sp|A0FGR8|ESYT2_HUMAN,0.08892265034541286,0.7948680302055258,11
sp|A0MZ66|SHOT1_HUMAN,0.07401298890851135,0.8287790110207007,11
sp|A1L020|MEX3A_HUMAN,-0.24050944690859843,0.4762268747401672,11
sp|A1L0T0|HACL2_HUMAN,-0.5403010814895902,0.08618604272894723,11
sp|A1X283|SPD2B_HUMAN,0.18473001584267884,0.5865999632748812,11
sp|A2RRP1|NBAS_HUMAN,-0.4802487623344683,0.13488837959778438,11
sp|A3KMH1|VWA8_HUMAN,-0.1316570106336184,0.6995935197535437,11
sp|A3KN83|SBNO1_HUMAN,0.1509141529651548,0.6578180213288893,11
sp|A4D1E9|GTPBA_HUMAN,0.12776683553310433,0.74323039519839,9
sp|A4D1P6|WDR91_HUMAN,0.14377353862073206,0.9081526224629358,3
sp|A5YKK6|CNOT1_HUMAN,0.1631218144252059,0.6317749569849088,11
sp|A6NCE7|MP3B2_HUMAN;sp|Q9GZQ8|MLP3B_HUMAN,-0.11644811681894088,0.8036491502777721,7
sp|A6NDB9|PALM3_HUMAN,-0.5785488976805082,0.0797417667742697,10
sp|A6NDG6|PGP_HUMAN,-0.30809368183120617,0.35666413020350823,11
sp|A6NDU8|CE051_HUMAN,-0.48722999606335854,0.22072825936713808,8
sp|A6NGN9|IGLO5_HUMAN,-0.6327642436238408,0.03666737945412337,11
sp|A6NHL2|TBAL3_HUMAN,0.218707530295067,0.543812366637022,10
sp|A6NHQ2|FBLL1_HUMAN,-0.446071456662119,0.1962971737982411,10
sp|A6NHR9|SMHD1_HUMAN,0.3835668172190019,0.24422065068710347,11
sp|A6NIH7|U119B_HUMAN,0.1344559439484313,0.7111374565569287,10
sp|A6NKD9|CC85C_HUMAN,-0.14890475675557302,0.9048504338576564,3
sp|A6NKG5|RTL1_HUMAN,0.07783923599709101,0.8200491916001141,11
sp|A7E2V4|ZSWM8_HUMAN,-0.19664961753535903,0.5860817107067863,10
sp|A8CG34|P121C_HUMAN,-0.6954493439250273,0.5104107229472684,3
sp|A8MVW0|F1712_HUMAN,0.3431685565093152,0.4052906519219785,8
sp|A8MW92|P20L1_HUMAN,-0.4081738085484656,0.27544174701749136,9
sp|A8MWD9|RUXGL_HUMAN;sp|P62308|RUXG_HUMAN,-0.050087046675086344,0.8837275297758154,11
sp|A8MXV4|NUD19_HUMAN,0.7587633569244541,0.006780469380724672,11
sp|B7ZAQ6|GPHRA_HUMAN;sp|P0CG08|GPHRB_HUMAN,-0.06277778906000941,0.8725294107959335,9
sp|C9J7I0|UMAD1_HUMAN,0.9742693555396263,0.14472917952121153,3
sp|C9JH25|PRRT4_HUMAN,0.1659578392227219,0.6257768872316622,11
sp|C9JLW8|MCRI1_HUMAN,-0.45206688617039403,0.16272518803972572,11
sp|L0R6Q1|S35U4_HUMAN,-0.40279722773745197,0.21934709305003836,11
sp|L0R819|ASURF_HUMAN,0.34983409970665114,0.2915930093691864,11
sp|O00115|DNS2A_HUMAN,0.2979285286452519,0.8074085760878115,3
sp|O00116|ADAS_HUMAN,-0.030503333991325987,0.9290588879244814,11
sp|O00139|KIF2A_HUMAN,-0.01803237217848666,0.9580327835058103,11
sp|O00148|DX39A_HUMAN,-0.46843647341611727,0.1461582926113673,11
sp|O00151|PDLI1_HUMAN,0.07910351291180528,0.8171686434262817,11
sp|O00154|BACH_HUMAN,0.41786710206299005,0.2009443281609873,11
sp|O00159|MYO1C_HUMAN,0.2456423065965387,0.4665707258133757,11
sp|O00161|SNP23_HUMAN,-0.36231589067317976,0.27351255860214924,11
sp|O00165|HAX1_HUMAN,0.265150602252639,0.43070506873317493,11
sp|O00170|AIP_HUMAN,-0.012342161377941918,0.9712699693485243,11
sp|O00178|GTPB1_HUMAN,0.34668662917272447,0.29625370703922055,11
sp|O00186|STXB3_HUMAN,0.4427543368337876,0.17264661439497467,11
sp|O00192|ARVC_HUMAN,0.05264916545141561,0.8778173008157463,11
sp|O00193|SMAP_HUMAN,-0.16822462454038944,0.6422469794628123,10
sp|O00203|AP3B1_HUMAN,0.004021179600802442,0.990638028253811,11
sp|O00213|APBB1_HUMAN,0.08586576585763607,0.8135473890648887,10
sp|O00214|LEG8_HUMAN,0.044123023687512586,0.8975053455013033,11
sp|O00217|NDUS8_HUMAN,-0.4576894281840438,0.1569098224401878,11
sp|O00231|PSD11_HUMAN,0.32786165428464653,0.32497331988067923,11
sp|O00232|PSD12_HUMAN,0.29046489913321993,0.3862162437207486,11
sp|O00233|PSMD9_HUMAN,0.0015678122543673484,0.9963498151561663,11
sp|O00244|ATOX1_HUMAN,0.8811474054768336,0.313543494401516,3
sp|O00255|MEN1_HUMAN,0.21377922655021359,0.5279201753617586,11
sp|O00257|CBX4_HUMAN,-0.06689201905176281,0.864235801607942,9
sp|O00264|PGRC1_HUMAN,-0.06297364307457182,0.8540604908627926,11
sp|O00267|SPT5H_HUMAN,0.3034051724814413,0.3644064599580363,11
sp|O00268|TAF4_HUMAN,0.49105201127363646,0.12507768911001135,11
sp|O00273|DFFA_HUMAN,0.22362440406064849,0.5086122371676735,11
sp|O00291|HIP1_HUMAN,-0.23652537082201058,0.48378328474020443,11
sp|O00299|CLIC1_HUMAN,0.1931116187268649,0.5694169921550298,11
sp|O00303|EIF3F_HUMAN,0.03922092111849132,0.9088491703077901,11
sp|O00308|WWP2_HUMAN,-0.18490118525693983,0.8150988147430602,4
sp|O00330|ODPX_HUMAN,0.23888473162400317,0.47930195807057374,11
sp|O00399|DCTN6_HUMAN,-0.7486025923118391,0.020304699699976152,9
sp|O00400|ACATN_HUMAN,-0.08183620759580958,0.8109494018215646,11
sp|O00401|WASL_HUMAN,0.34988248517969645,0.2915216791165973,11
sp|O00410|IPO5_HUMAN,0.1420744036302391,0.6768935745630981,11
sp|O00411|RPOM_HUMAN,0.010012410896658719,0.9766917364660253,11
sp|O00422|SAP18_HUMAN,0.13649562623706618,0.6890212783313979,11
sp|O00423|EMAL1_HUMAN,-0.052842881190512364,0.8773706664718286,11
sp|O00425|IF2B3_HUMAN,0.5433158103758233,0.08410613860352102,11
sp|O00429|DNM1L_HUMAN,0.08857307472030024,0.7956596993894901,11
sp|O00442|RTCA_HUMAN,-0.4149545615785309,0.20442635166937634,11
sp|O00443|P3C2A_HUMAN,0.31237581435379935,0.3496680071658352,11
sp|O00461|GOLI4_HUMAN,-0.18892064023421407,0.577984152171341,11
sp|O00468|AGRIN_HUMAN,-0.36518339569523384,0.2694500400118885,11
sp|O00469|PLOD2_HUMAN,-0.027662959888083066,0.9356523018866437,11
sp|O00471|EXOC5_HUMAN,-0.061228336349287316,0.8580693431059925,11
sp|O00487|PSDE_HUMAN,-0.07107665207451175,0.8354903038031611,11
sp|O00488|ZN593_HUMAN,-0.13676834342259503,0.7467393243784224,8
sp|O00499|BIN1_HUMAN,0.4528602999621644,0.16189660560550978,11
sp|O00505|IMA4_HUMAN,0.21179285202584902,0.5318525257035566,11
sp|O00512|BCL9_HUMAN,-0.02162808336540381,0.9594599882337486,8
sp|O00522|KRIT1_HUMAN,-0.12912430956131069,0.7605695848688662,8
sp|O00541|PESC_HUMAN,-0.14737484557292183,0.6654343465454783,11
sp|O00560|SDCB1_HUMAN,-0.11016252649593156,0.7471170253632766,11
sp|O00566|MPP10_HUMAN,-0.3977764737443717,0.22569094227188852,11
sp|O00567|NOP56_HUMAN,-0.24088591855041475,0.4755156010568536,11
sp|O00571|DDX3X_HUMAN,0.09425022366556042,0.7828247690573823,11
sp|O00584|RNT2_HUMAN,0.49139074812391376,0.12477768105430277,11
sp|O00592|PODXL_HUMAN,-0.47464425137775523,0.2346722611071556,8
sp|O00625|PIR_HUMAN,0.06757981247766778,0.8434955141040724,11
sp|O00629|IMA3_HUMAN,0.0507221958386424,0.8822618773711511,11
sp|O00712|NFIB_HUMAN,0.14629815268503693,0.6677569869029765,11
sp|O00743|PPP6_HUMAN,0.0952013189177686,0.7806791866545674,11
sp|O00746|NDKM_HUMAN,0.46748517207839446,0.14709078112108226,11
sp|O00754|MA2B1_HUMAN,-0.03987625840805231,0.9073317442161996,11
sp|O00762|UBE2C_HUMAN,0.17231875066403946,0.6123980583790601,11
sp|O00764|PDXK_HUMAN,0.27904796253636943,0.40598699916274283,11
sp|O00767|SCD_HUMAN,-0.21113787222636865,0.5331518307616717,11
sp|O14467|MBF1_YEAST,0.9773284886541797,2.2538173458261392e-07,11
sp|O14497|ARI1A_HUMAN,0.42978149708306806,0.18707243270977664,11
sp|O14530|TXND9_HUMAN,0.09543505153901397,0.7801521171045844,11
sp|O14531|DPYL4_HUMAN,0.08448234144222105,0.804936491038683,11
sp|O14548|COX7R_HUMAN,0.1302445301844687,0.7807606512860653,7
sp|O14562|UBFD1_HUMAN,0.10241114698944725,0.7644600339465147,11
sp|O14578|CTRO_HUMAN,0.4144367883927135,0.2050491081595037,11
sp|O14579|COPE_HUMAN,-0.1491401445243378,0.6616319571815981,11
sp|O14617|AP3D1_HUMAN,-0.24275310632365416,0.4719949862626674,11
sp|O14618|CCS_HUMAN,-0.2820725368896078,0.42976125023014394,10
sp|O14639|ABLM1_HUMAN,-0.0025180642359319827,0.9941374624098425,11
sp|O14641|DVL2_HUMAN,0.0499511377131554,0.8840411921292342,11
sp|O14646|CHD1_HUMAN,0.22664244010143045,0.5027551499967314,11
sp|O14647|CHD2_HUMAN,0.07920633695563142,0.8278190481234203,10
sp|O14653|GOSR2_HUMAN,0.08612027021874943,0.8256379491885729,9
sp|O14656|TOR1A_HUMAN,0.2195324784835291,0.5165999946801151,11
sp|O14657|TOR1B_HUMAN,0.01614555652152294,0.9624211925935662,11
sp|O14662|STX16_HUMAN,-0.0008936721578701803,0.998045093715945,10
sp|O14672|ADA10_HUMAN,-0.1337480499787865,0.695018662319657,11
sp|O14686|KMT2D_HUMAN,0.6077779445831654,0.047301752050198854,11
sp|O14733|MP2K7_HUMAN,-0.31904578392492083,0.44114418561470065,8
sp|O14734|ACOT8_HUMAN,-0.22760007560379952,0.5009028209202103,11
sp|O14737|PDCD5_HUMAN,-0.1350402613186904,0.6921960582590938,11
sp|O14744|ANM5_HUMAN,0.20387952941687626,0.5476379087838341,11
sp|O14745|NHRF1_HUMAN,0.23916207902808978,0.4787763960417541,11
sp|O14757|CHK1_HUMAN,0.15003222876874828,0.6597131591023891,11
sp|O14773|TPP1_HUMAN,0.2777860401549392,0.4082021865432078,11
sp|O14776|TCRG1_HUMAN,0.1508463816692721,0.6579635888909768,11
sp|O14777|NDC80_HUMAN,0.5742600342141386,0.064659435732026,11
sp|O14786|NRP1_HUMAN,-0.33553252751497664,0.6644674724850232,4
sp|O14787|TNPO2_HUMAN,-0.6835493525979293,0.02039452533039715,11
sp|O14802|RPC1_HUMAN,0.4831770798182504,0.1321824810713478,11
sp|O14813|PHX2A_HUMAN,-0.3962907215420611,0.22758860175426146,11
sp|O14818|PSA7_HUMAN,-0.37110664688438016,0.2611667188643307,11
sp|O14828|SCAM3_HUMAN,0.053218702374535964,0.8765042583076544,11
sp|O14874|BCKD_HUMAN,0.05872565269225549,0.925271176588122,5
sp|O14880|MGST3_HUMAN,0.5322002765412621,0.09194270715734007,11
sp|O14907|TX1B3_HUMAN,0.15947163200841252,0.639524311102571,11
sp|O14908|GIPC1_HUMAN,-0.4414128117213188,0.17410569551694777,11
sp|O14920|IKKB_HUMAN,-0.7458693370504761,0.2541306629495239,4
sp|O14929|HAT1_HUMAN,0.8178678629310984,0.0020983689488980528,11
sp|O14936|CSKP_HUMAN,-0.012793033005709775,0.9702208260034006,11
sp|O14964|HGS_HUMAN,-0.15466117287037756,0.6497864223676401,11
sp|O14966|RAB7L_HUMAN,0.06058280489382556,0.8769585827794228,9
sp|O14967|CLGN_HUMAN,-0.0605317136568793,0.859670284121902,11
sp|O14974|MYPT1_HUMAN,-0.003632303006788039,0.9915433679725544,11
sp|O14976|GAK_HUMAN,-0.0726911604545975,0.8317989368764264,11
sp|O14979|HNRDL_HUMAN,-0.7774366472271209,0.004858546030807833,11
sp|O14980|XPO1_HUMAN,0.3471791275569118,0.2955217424753184,11
sp|O14981|BTAF1_HUMAN,0.3767740244909539,0.2533783608955571,11
sp|O15013|ARHGA_HUMAN,-0.2706618047232262,0.6596378299182445,5
sp|O15014|ZN609_HUMAN,-0.3624549341471974,0.2733147812946555,11
sp|O15020|SPTN2_HUMAN,-0.1930289722431194,0.5695854543690327,11
sp|O15027|SC16A_HUMAN,0.4480281341261608,0.16698358216831397,11
sp|O15031|PLXB2_HUMAN,0.2918604314380927,0.3838333306441855,11
sp|O15042|SR140_HUMAN,0.2760359847329985,0.41128400416783256,11
sp|O15047|SET1A_HUMAN,-0.21254346403534952,0.530365135542228,11
sp|O15061|SYNEM_HUMAN,-0.2981708122216199,0.37315101328228645,11
sp|O15066|KIF3B_HUMAN,-0.2479190117178179,0.4623165182114337,11
sp|O15067|PUR4_HUMAN,0.3388091288405798,0.30809639126402616,11
sp|O15069|NACAD_HUMAN,0.3196545662087482,0.33794196642267643,11
sp|O15075|DCLK1_HUMAN,0.281455533666138,0.40177714835882405,11
sp|O15084|ANR28_HUMAN,-0.6445458534706777,0.044238949932247466,10
sp|O15085|ARHGB_HUMAN,-0.39641755428542813,0.22742624298544706,11
sp|O15090|ZN536_HUMAN,0.014242296648978997,0.9668487962076029,11
sp|O15091|MRPP3_HUMAN,-0.3420688437991173,0.40689692921111,8
sp|O15111|IKKA_HUMAN,-0.1613175261936559,0.6356013707596211,11
sp|O15116|LSM1_HUMAN,0.13146774144053186,0.7173335456514308,10
sp|O15118|NPC1_HUMAN,-0.367682771071264,0.26593697376968706,11
sp|O15119|TBX3_HUMAN,-0.5802606518814014,0.6059013600906767,3
sp|O15126|SCAM1_HUMAN,0.3640419474408114,0.27106308341815066,11
sp|O15127|SCAM2_HUMAN,-0.17049270673134537,0.6377003435893746,10
sp|O15143|ARC1B_HUMAN,-0.12281795136943041,0.719029620425872,11
sp|O15144|ARPC2_HUMAN,-0.04651386749958791,0.891978878957498,11
sp|O15145|ARPC3_HUMAN,0.5387915028758969,0.08724019598561018,11
sp|O15155|BET1_HUMAN,-0.7122931802622724,0.49531330668953494,3
sp|O15160|RPAC1_HUMAN,-0.38539571165341313,0.24178811130570824,11
sp|O15164|TIF1A_HUMAN,-0.6032908365839396,0.04941376636234929,11
sp|O15173|PGRC2_HUMAN,-0.5428672442751911,0.08441348043921311,11
sp|O15182|CETN3_HUMAN,-0.8877404974701257,0.30454802443245094,3
sp|O15212|PFD6_HUMAN,-0.12834574918233355,0.7068563452884636,11
sp|O15213|WDR46_HUMAN,0.22681049039431825,0.5024298797009936,11
sp|O15226|NKRF_HUMAN,0.05604031680940469,0.8700033269035954,11
sp|O15228|GNPAT_HUMAN,-0.14602907991614383,0.7077478848237156,9
sp|O15230|LAMA5_HUMAN,0.0971221238982356,0.7763502259831224,11
sp|O15231|ZN185_HUMAN,0.08549376636915193,0.8026406775809952,11
sp|O15240|VGF_HUMAN,0.574682503755901,0.06441731041614335,11
sp|O15254|ACOX3_HUMAN,0.23508402311976093,0.5132433070070038,10
sp|O15258|RER1_HUMAN,-0.38469273153700007,0.24272145462361872,11
sp|O15260|SURF4_HUMAN,-0.012417307487521956,0.9710951072948903,11
sp|O15269|SPTC1_HUMAN,0.010646017672847244,0.9752171181433141,11
sp|O15270|SPTC2_HUMAN,0.35076432677204866,0.2902233489436706,11
sp|O15294|OGT1_HUMAN,0.11360336136664961,0.7394515881095716,11
sp|O15305|PMM2_HUMAN,-0.3597689201491148,0.2771496034479023,11
sp|O15321|TM9S1_HUMAN,0.8729713340777836,0.32438016224699867,3
sp|O15347|HMGB3_HUMAN,0.4888228500148699,0.12706348319314187,11
sp|O15355|PPM1G_HUMAN,0.11835548386046107,0.7288999002187713,11
sp|O15357|SHIP2_HUMAN,0.11824162120631102,0.7291522372316375,11
sp|O15371|EIF3D_HUMAN,-0.010135735663304779,0.9764047125551971,11
sp|O15372|EIF3H_HUMAN,0.3594819077002409,0.2775611410721647,11
sp|O15379|HDAC3_HUMAN,-0.100819701497003,0.7680330629546483,11
sp|O15381|NVL_HUMAN,0.09369647655701324,0.7840745977297557,11
sp|O15382|BCAT2_HUMAN,-0.049461668408720516,0.8851709548823968,11
sp|O15394|NCAM2_HUMAN,0.10843981094687981,0.8622012221347718,5
sp|O15397|IPO8_HUMAN,0.2301582327935079,0.4959692734069079,11
sp|O15400|STX7_HUMAN,-0.024212063651520663,0.9436677811168915,11
sp|O15427|MOT4_HUMAN,-0.11166668554119336,0.7587523275769634,10
sp|O15439|MRP4_HUMAN,0.43822511607238634,0.1776029419612506,11
sp|O15446|RPA34_HUMAN,0.20744920554681354,0.5404936661269861,11
sp|O15460|P4HA2_HUMAN,-0.2605004858493194,0.4391322386008136,11
sp|O15484|CAN5_HUMAN,-0.8908086576696499,0.3002773448207262,3
sp|O15498|YKT6_HUMAN,-0.33752250521006616,0.31005469669739705,11
sp|O15504|NUP42_HUMAN,0.007577620599111601,0.9857925052541783,8
sp|O15511|ARPC5_HUMAN,0.012765716418262685,0.9702843883953093,11
sp|O15514|RPB4_HUMAN,-0.4276720461876425,0.1894849322947232,11
sp|O15525|MAFG_HUMAN,0.0492551974576583,0.8856475760219582,11
sp|O15541|R113A_HUMAN,-0.07039120506015248,0.8945875838662456,6
sp|O43143|DHX15_HUMAN,-0.2226219926747378,0.5105640860391868,11
sp|O43148|MCES_HUMAN,0.7708315757011215,0.00548504263091397,11
sp|O43149|ZZEF1_HUMAN,0.035214158691687425,0.940255646177682,7
sp|O43150|ASAP2_HUMAN,-0.3847836645071253,0.24260060644369694,11
sp|O43156|TTI1_HUMAN,-0.39749806067425,0.2260458338166039,11
sp|O43159|RRP8_HUMAN,0.515103908693499,0.10490872177942369,11
sp|O43164|PJA2_HUMAN,0.105662982048178,0.865716472156004,5
sp|O43166|SI1L1_HUMAN,0.3706960262503678,0.2617362273253852,11
sp|O43169|CYB5B_HUMAN,0.006200089724416283,0.985565539859267,11
sp|O43172|PRP4_HUMAN,-0.12953937565290424,0.7042357161714757,11
sp|O43175|SERA_HUMAN,0.27939441236305107,0.4053798726720835,11
sp|O43181|NDUS4_HUMAN,-0.014478513833811602,0.9662992299807222,11
sp|O43237|DC1L2_HUMAN,-0.623116351022082,0.040552256529050874,11
sp|O43242|PSMD3_HUMAN,0.38092354246545385,0.24776118249711457,11
sp|O43252|PAPS1_HUMAN,0.5609143916734725,0.07262768993589419,11
sp|O43264|ZW10_HUMAN,0.19733831628262477,0.5608277299060214,11
sp|O43281|EFS_HUMAN,0.05116021873392926,0.8960043149516319,9
sp|O43290|SNUT1_HUMAN,0.6167896074263208,0.04324942979977667,11
sp|O43292|GPAA1_HUMAN,0.09180796759821694,0.7883404646400194,11
sp|O43293|DAPK3_HUMAN,0.10005481651789946,0.8136455154860133,8
sp|O43294|TGFI1_HUMAN,0.029739169566567386,0.9621404954496244,5
sp|O43301|HS12A_HUMAN,-0.14599605391654724,0.6684091450934144,11
sp|O43310|CTIF_HUMAN,-0.9978573362665364,0.04168211104783091,3
sp|O43314|VIP2_HUMAN,-0.17310138170098252,0.6107591735954683,11
sp|O43318|M3K7_HUMAN,0.22360559209444442,0.6298137664040044,7
sp|O43324|MCA3_HUMAN,-0.1568524361170605,0.6451049209970727,11
sp|O43347|MSI1H_HUMAN,0.0495366681279619,0.8849978326733497,11
sp|O43353|RIPK2_HUMAN,0.31227605349208487,0.3498301760361165,11
sp|O43390|HNRPR_HUMAN,-0.02061172177959461,0.9520353723930977,11
sp|O43395|PRPF3_HUMAN,0.1065063360981958,0.7552848069793158,11
sp|O43396|TXNL1_HUMAN,-0.07748399088514231,0.8208589483633267,11
sp|O43399|TPD54_HUMAN,0.25762585413670014,0.4443803615777257,11
sp|O43402|EMC8_HUMAN,0.5206290557748556,0.10059578170546774,11
sp|O43414|ERI3_HUMAN,-0.37550784067235365,0.3593091414037152,8
sp|O43426|SYNJ1_HUMAN,-0.3423464007994105,0.4522650704673429,7
sp|O43427|FIBP_HUMAN,-0.5870397490797372,0.0576038198129047,11
sp|O43432|IF4G3_HUMAN,0.5533422799315462,0.07742900592360806,11
sp|O43439|MTG8R_HUMAN,-0.8614218523720345,0.1385781476279655,4
sp|O43447|PPIH_HUMAN,-0.1502119931882473,0.6593267231961174,11
sp|O43464|HTRA2_HUMAN,-0.037756741677712854,0.9122404425468403,11
sp|O43488|ARK72_HUMAN,0.428232854104287,0.1888417312293259,11
sp|O43491|E41L2_HUMAN,-0.06876123880630919,0.840789387336062,11
sp|O43493|TGON2_HUMAN,0.47325364818805876,0.1981959851846002,9
sp|O43516|WIPF1_HUMAN,-0.21254050666497237,0.5303709923698473,11
sp|O43524|FOXO3_HUMAN,-0.5752563595248356,0.10510669265614458,9
sp|O43572|AKA10_HUMAN,0.24171201515189544,0.47395652406244526,11
sp|O43583|DENR_HUMAN,-0.39806549591169876,0.2253228729651743,11
sp|O43592|XPOT_HUMAN,0.40917403218670423,0.21144308303002002,11
sp|O43597|SPY2_HUMAN,-0.7082418641953601,0.29175813580463994,4
sp|O43598|DNPH1_HUMAN,-0.13702965671713152,0.6878574521332438,11
sp|O43602|DCX_HUMAN,-0.12955746211796648,0.7041960291150454,11
sp|O43615|TIM44_HUMAN,-0.1084609025146146,0.7509155328423389,11
sp|O43617|TPPC3_HUMAN,0.27397411798433113,0.4149294143311469,11
sp|O43633|CHM2A_HUMAN,-0.3686096634620336,0.26464077023495997,11
sp|O43639|NCK2_HUMAN,-0.07704661174650726,0.8438163016273756,9
sp|O43660|PLRG1_HUMAN,-0.3480322726515709,0.2942561310010676,11
sp|O43663|PRC1_HUMAN,0.24934731894290685,0.459656726654132,11
sp|O43665|RGS10_HUMAN,-0.7204612789838397,0.1062910019117142,6
sp|O43670|ZN207_HUMAN,-0.07266423042547152,0.8318604841356082,11
sp|O43674|NDUB5_HUMAN,0.1815672232930956,0.6401257159014662,9
sp|O43676|NDUB3_HUMAN,-0.1151567064427916,0.7359979865716543,11
sp|O43678|NDUA2_HUMAN,-0.6021890599494135,0.049942088613514624,11
sp|O43681|GET3_HUMAN,-0.21851328010540222,0.5185978142191415,11
sp|O43683|BUB1_HUMAN,0.5299214361734068,0.35834706867382893,5
sp|O43684|BUB3_HUMAN,0.0723454436256878,0.8325891200283774,11
sp|O43707|ACTN4_HUMAN,-0.4116720486553259,0.20839355943938853,11
sp|O43708|MAAI_HUMAN,0.0453611730614123,0.8946428226212734,11
sp|O43709|BUD23_HUMAN,0.10206054294255926,0.7652468400655565,11
sp|O43716|GATC_HUMAN,-0.591076511463049,0.16223064683641047,7
sp|O43719|HTSF1_HUMAN,0.11934508064474972,0.7267078217587997,11
sp|O43747|AP1G1_HUMAN,0.1978759381291892,0.5597389152793801,11
sp|O43752|STX6_HUMAN,0.29449754167978714,0.37935064646098626,11
sp|O43765|SGTA_HUMAN,-0.05674956630222483,0.8683703538213274,11
sp|O43768|ENSA_HUMAN,0.5416134240166695,0.13203357125125856,9
sp|O43776|SYNC_HUMAN,-0.09202315875958517,0.7878541134505459,11
sp|O43795|MYO1B_HUMAN,0.08512883054950122,0.8034688776465845,11
sp|O43809|CPSF5_HUMAN,-0.07557808758435597,0.8252059866716119,11
sp|O43813|LANC1_HUMAN,0.31363776096032137,0.34762000275841404,11
sp|O43815|STRN_HUMAN,-0.4685878634329598,0.14601023956405162,11
sp|O43818|U3IP2_HUMAN,-0.2506624396078591,0.4572139542433562,11
sp|O43823|AKAP8_HUMAN,-0.16203328084597313,0.6340824830107354,11
sp|O43837|IDH3B_HUMAN,-0.4359999214168726,0.18006945528377527,11
sp|O43847|NRDC_HUMAN,-0.19758859569787432,0.5603207485669407,11
sp|O43852|CALU_HUMAN,-0.08312948734071271,0.8080094678824612,11
sp|O43865|SAHH2_HUMAN,-0.18144770164627402,0.6970104361473527,7
sp|O43913|ORC5_HUMAN,-0.05014817792127502,0.8905763205321505,10
sp|O43924|PDE6D_HUMAN,-0.04635759435830614,0.8988104083332029,10
sp|O43929|ORC4_HUMAN,0.2993082520918947,0.37124179596776485,11
sp|O43933|PEX1_HUMAN,-0.20970085339124717,0.5360071030512581,11
sp|O60216|RAD21_HUMAN,-0.09074738629114618,0.7907384609893027,11
sp|O60220|TIM8A_HUMAN,-0.9271198132340484,0.02335836947397245,5
sp|O60231|DHX16_HUMAN,0.16001176631189026,0.6383755411433696,11
sp|O60232|ZNRD2_HUMAN,0.14155399444450223,0.6780220331996343,11
sp|O60244|MED14_HUMAN,-0.07399792780229686,0.8288134088568095,11
sp|O60256|KPRB_HUMAN,-0.2117847689426952,0.5318685523428744,11
sp|O60264|SMCA5_HUMAN,-0.3819822046573305,0.24633963798151734,11
sp|O60271|JIP4_HUMAN,-0.04026870333034056,0.9064231752255039,11
sp|O60281|ZN292_HUMAN,0.2046026837994078,0.5461875169792145,11
sp|O60282|KIF5C_HUMAN,0.1546333363517793,0.6498459669835908,11
sp|O60287|NPA1P_HUMAN,0.48098875439732247,0.13420130731109833,11
sp|O60291|MGRN1_HUMAN,0.3041466133800578,0.6188046766192619,5
sp|O60292|SI1L3_HUMAN,0.412458030356945,0.41639697002132925,6
sp|O60306|AQR_HUMAN,-0.4145886269265943,0.20486636581437367,11
sp|O60313|OPA1_HUMAN,-0.09649427090609317,0.7777646099699148,11
sp|O60315|ZEB2_HUMAN,-0.11870683565952889,0.728121403303068,11
sp|O60318|GANP_HUMAN,0.3524222702140408,0.2877910386466841,11
sp|O60333|KIF1B_HUMAN,-0.516251559104874,0.10400314261574833,11
sp|O60341|KDM1A_HUMAN,-0.04644628472462653,0.8921350392611858,11
sp|O60427|FADS1_HUMAN,-0.03888415209245552,0.9417031678386516,6
sp|O60443|GSDME_HUMAN,0.055553108718057326,0.8711253372413631,11
sp|O60476|MA1A2_HUMAN,-0.5056328921506851,0.11257815885811526,11
sp|O60488|ACSL4_HUMAN,-0.04282917749306618,0.900497807564941,11
sp|O60493|SNX3_HUMAN,0.1907829397245157,0.5741711073538917,11
sp|O60499|STX10_HUMAN,-0.6696524755908393,0.09985181277753151,7
sp|O60502|OGA_HUMAN,0.3870853764508245,0.23955324613616027,11
sp|O60504|VINEX_HUMAN,0.44952393382236705,0.16539851274678585,11
sp|O60506|HNRPQ_HUMAN,-0.2182467886920964,0.5191207275628528,11
sp|O60507|TPST1_HUMAN,-0.14785167325082987,0.6835523353548059,10
sp|O60508|PRP17_HUMAN,0.3936766132566034,0.2309500181943177,11
sp|O60513|B4GT4_HUMAN,0.40117165342076655,0.22138941278676005,11
sp|O60518|RNBP6_HUMAN,-0.19468021840105915,0.56622335579085,11
sp|O60524|NEMF_HUMAN,-0.3784013048538908,0.25116691970937627,11
sp|O60547|GMDS_HUMAN,0.2174816219349799,0.6048976355353106,8
sp|O60563|CCNT1_HUMAN,0.231479075328042,0.4934303314542855,11
sp|O60566|BUB1B_HUMAN,0.1330265748599074,0.6965961108924177,11
sp|O60568|PLOD3_HUMAN,-0.02850622246413486,0.9336944249220711,11
sp|O60573|IF4E2_HUMAN,0.21944158202076847,0.5167780355120701,11
sp|O60610|DIAP1_HUMAN,0.07359286049801049,0.8297386370835097,11
sp|O60641|AP180_HUMAN,0.17810493239669656,0.7024124117170639,7
sp|O60645|EXOC3_HUMAN,0.22427357686803193,0.50734991595624,11
sp|O60664|PLIN3_HUMAN,-0.16537857828718544,0.6270003601401801,11
sp|O60671|RAD1_HUMAN,0.9745553753583749,0.14391906963776602,3
sp|O60678|ANM3_HUMAN,-0.3602936349035166,0.2763981154087937,11
sp|O60684|IMA7_HUMAN,0.37819407195739335,0.2514479285797701,11
sp|O60701|UGDH_HUMAN,0.31708019860196524,0.3420652770314921,11
sp|O60716|CTND1_HUMAN,0.20247266364726063,0.5504640569541652,11
sp|O60739|EIF1B_HUMAN;sp|P41567|EIF1_HUMAN,-0.07715680748648357,0.8216048792714878,11
sp|O60749|SNX2_HUMAN,0.22935636501819873,0.497513422563967,11
sp|O60762|DPM1_HUMAN,-0.3180983876518591,0.34043131854396635,11
sp|O60763|USO1_HUMAN,-0.0014076636076136677,0.9967226718582199,11
sp|O60784|TOM1_HUMAN,-0.3961133281906262,0.2278157969229934,11
sp|O60826|CCD22_HUMAN,-0.15795906962441758,0.6427450396506239,11
sp|O60828|PQBP1_HUMAN,0.37648853971078644,0.2537674725524749,11
sp|O60830|TI17B_HUMAN,0.023019588702100496,0.9568535164018299,8
sp|O60831|PRAF2_HUMAN,-0.4325348798391568,0.3916583818309272,6
sp|O60832|DKC1_HUMAN,-0.20500534374853596,0.5453806024910732,11
sp|O60841|IF2P_HUMAN,-0.29482067372595194,0.3788031985542347,11
sp|O60869|EDF1_HUMAN,-0.2229619174415543,0.5099018400211024,11
sp|O60870|KIN17_HUMAN,0.3587867997459783,0.27855924812447636,11
sp|O60884|DNJA2_HUMAN,-0.2872149849339548,0.3917942031361031,11
sp|O60885|BRD4_HUMAN,-0.21312364841239542,0.5292166507142634,11
sp|O60888|CUTA_HUMAN,0.27390668027260495,0.41504890932548516,11
sp|O60925|PFD1_HUMAN,0.1607642590617839,0.6572771163356038,10
sp|O60927|PP1RB_HUMAN,0.1376926981472184,0.686413314581367,11
sp|O60934|NBN_HUMAN,-0.581871581075355,0.06039063368694768,11
sp|O60936|NOL3_HUMAN,-0.3473448236368417,0.29527570420813976,11
sp|O60942|MCE1_HUMAN,0.329614141371151,0.3222390789510205,11
sp|O75027|ABCB7_HUMAN,0.010214265167717493,0.9762219456633269,11
sp|O75044|SRGP2_HUMAN,-0.21072850095142698,0.5339645831527331,11
sp|O75051|PLXA2_HUMAN,0.046849476142376334,0.9047334259181548,9
sp|O75054|IGSF3_HUMAN,0.2835156365490087,0.39819204601961766,11
sp|O75061|AUXI_HUMAN,0.2136115136990226,0.5282517186465739,11
sp|O75063|XYLK_HUMAN,0.40000131565988406,0.22286668617601857,11
sp|O75083|WDR1_HUMAN,-0.10494471070112305,0.7587803303724261,11
sp|O75116|ROCK2_HUMAN,0.2613281745514961,0.43762660158152394,11
sp|O75122|CLAP2_HUMAN,0.31759825362364946,0.34123340423257464,11
sp|O75127|PTCD1_HUMAN,0.020173633127620244,0.9589165475371211,9
sp|O75129|ASTN2_HUMAN,-0.28883134930652893,0.5298588867830436,7
sp|O75131|CPNE3_HUMAN,0.3541531820297691,0.285263771052221,11
sp|O75132|ZBED4_HUMAN,-0.9610764889073409,0.1782050371585326,3
sp|O75145|LIPA3_HUMAN,0.42064215836471186,0.3473583789009441,7
sp|O75146|HIP1R_HUMAN,-0.33631484528783895,0.3118989385758315,11
sp|O75150|BRE1B_HUMAN,0.06041353524480785,0.8599419226381532,11
sp|O75152|ZC11A_HUMAN,-0.6492818423931249,0.030631379295259224,11
sp|O75153|CLU_HUMAN,-0.02592188159715121,0.939695718066529,11
sp|O75165|DJC13_HUMAN,-0.17206118612717458,0.6129377659446459,11
sp|O75175|CNOT3_HUMAN,-0.48334820904356124,0.13202542528309927,11
sp|O75179|ANR17_HUMAN,-0.24169151860505245,0.47399517886405895,11
sp|O75182|SIN3B_HUMAN,-0.19012356012216453,0.5755200624257453,11
sp|O75190|DNJB6_HUMAN,0.23948457419937336,0.4781656062301376,11
sp|O75208|COQ9_HUMAN,0.07128113862305659,0.8350226051965065,11
sp|O75223|GGCT_HUMAN,0.2745452330914966,0.4139181077100146,11
sp|O75251|NDUS7_HUMAN,0.1882796197059296,0.579298896836503,11
sp|O75306|NDUS2_HUMAN,0.37896069532020604,0.2504092819887622,11
sp|O75312|ZPR1_HUMAN,-0.1766386125547759,0.6033720264715199,11
sp|O75323|NIPS2_HUMAN,-0.4541374225626615,0.16056837066655683,11
sp|O75330|HMMR_HUMAN,0.07840677320638012,0.8187558570898859,11
sp|O75340|PDCD6_HUMAN,0.14685857206218306,0.6665477231776535,11
sp|O75347|TBCA_HUMAN,0.5084034549190469,0.11029826885390466,11
sp|O75348|VATG1_HUMAN,-0.11924987605260104,0.7269186319597187,11
sp|O75351|VPS4B_HUMAN,-0.09068417489841393,0.7908814348959381,11
sp|O75367|H2AY_HUMAN,-0.20467591209400487,0.5460407342315308,11
sp|O75368|SH3L1_HUMAN,-0.6537885031215946,0.02911414502197018,11
sp|O75369|FLNB_HUMAN,-0.0742684565429233,0.828195593453007,11
sp|O75376|NCOR1_HUMAN,-0.00874967135247295,0.9796307518065351,11
sp|O75379|VAMP4_HUMAN,0.6578486133233848,0.10823665348993043,7
sp|O75381|PEX14_HUMAN,0.448134469824223,0.16687059234704715,11
sp|O75382|TRIM3_HUMAN,0.07473943756987064,0.827120207190332,11
sp|O75390|CISY_HUMAN,0.019728648624550676,0.954088425117857,11
sp|O75391|SPAG7_HUMAN,0.4574229589522856,0.15718246857107668,11
sp|O75396|SC22B_HUMAN,0.5764158201577565,0.06343033013548252,11
sp|O75400|PR40A_HUMAN,-0.04822068137095287,0.8880361803034542,11
sp|O75410|TACC1_HUMAN,-0.5926014151058161,0.2923190855402137,5
sp|O75419|CDC45_HUMAN,-0.012467852864936277,0.9746039886927655,9
sp|O75427|LRCH4_HUMAN,-0.520124714368066,0.10098458190929484,11
sp|O75431|MTX2_HUMAN,-0.03633482725329984,0.9155350808679019,11
sp|O75436|VP26A_HUMAN,0.4847689502854219,0.1307261019156144,11
sp|O75438|NDUB1_HUMAN,0.17421878846680539,0.6539392836600431,9
sp|O75439|MPPB_HUMAN,0.1875453221840902,0.5808063698391477,11
sp|O75446|SAP30_HUMAN,0.4130300292182831,0.5869699707817169,4
sp|O75448|MED24_HUMAN,0.2816034001543934,0.4015192947246275,11
sp|O75449|KTNA1_HUMAN,-0.12951010497831122,0.8068209704343875,6
sp|O75475|PSIP1_HUMAN,0.11649742847588918,0.7330206361179071,11
sp|O75477|ERLN1_HUMAN,0.046333443875607366,0.8923957829055529,11
sp|O75489|NDUS3_HUMAN,0.20080451595620707,0.5538226947419316,11
sp|O75494|SRS10_HUMAN,0.048415288903191134,0.887586784684373,11
sp|O75496|GEMI_HUMAN,-0.47288885832512945,0.23665191748009232,8
sp|O75506|HSBP1_HUMAN,0.3514896626196765,0.6485103373803236,4
sp|O75521|ECI2_HUMAN,0.3023961392223176,0.36608390530136575,11
sp|O75525|KHDR3_HUMAN,0.3338396980500442,0.31569728260977925,11
sp|O75528|TADA3_HUMAN,0.06431554584481286,0.8509803308325513,11
sp|O75530|EED_HUMAN,-0.014832931858519735,0.9654746907754175,11
sp|O75531|BAF_HUMAN,0.025917907320861217,0.9397049492746415,11
sp|O75533|SF3B1_HUMAN,0.20494840981234858,0.5454946663117513,11
sp|O75534|CSDE1_HUMAN,-0.3394471184115997,0.30712783799068016,11
sp|O75554|WBP4_HUMAN,0.6256441843586338,0.1328959528851405,7
sp|O75569|PRKRA_HUMAN,-0.14712314014467792,0.6659770897117929,11
sp|O75586|MED6_HUMAN,0.3355592928352572,0.5155530554785039,6
sp|O75592|MYCB2_HUMAN,0.2684296551804475,0.4248093741314853,11
sp|O75608|LYPA1_HUMAN,-0.024282245899253145,0.9435047181293953,11
sp|O75616|ERAL1_HUMAN,-0.21993420533883365,0.5158134367672434,11
sp|O75643|U520_HUMAN,-0.03482977494892857,0.9190236523430636,11
sp|O75663|TIPRL_HUMAN,0.25007360344871304,0.45830694718653536,11
sp|O75674|TM1L1_HUMAN,0.4292150330659586,0.1877184386179125,11
sp|O75683|SURF6_HUMAN,0.15524663424533935,0.6485344984515796,11
sp|O75688|PPM1B_HUMAN,-0.07112529799240817,0.8353790372393165,11
sp|O75691|UTP20_HUMAN,0.07505938915896315,0.8263898168096194,11
sp|O75694|NU155_HUMAN,-0.5249312829620298,0.09731888191348367,11
sp|O75695|XRP2_HUMAN,-0.34772401859298135,0.294713070499331,11
sp|O75717|WDHD1_HUMAN,-0.2222410882720105,0.5113066077665126,11
sp|O75718|CRTAP_HUMAN,0.3972152631225159,0.22640664866137591,11
sp|O75746|CMC1_HUMAN,-0.021899281809590304,0.9490424019675046,11
sp|O75781|PALM_HUMAN,0.39902203646462125,0.22410723081395767,11
sp|O75787|RENR_HUMAN,-0.5305933181660547,0.1760891577782382,8
sp|O75792|RNH2A_HUMAN,-0.19073196443135657,0.574275348418779,11
sp|O75794|CD123_HUMAN,-0.1646132378005352,0.6495085068276374,10
sp|O75818|RPP40_HUMAN,0.09336605396017834,0.7848205926898084,11
sp|O75821|EIF3G_HUMAN,-0.28585185577473105,0.39414567826186203,11
sp|O75822|EIF3J_HUMAN,-0.5557795890250119,0.07586109940139583,11
sp|O75828|CBR3_HUMAN,-0.10843261381310199,0.750978723443229,11
sp|O75832|PSD10_HUMAN,-0.2982398853368507,0.515905837157135,7
sp|O75843|AP1G2_HUMAN,0.10930279365608661,0.7795351581356255,9
sp|O75844|FACE1_HUMAN,0.1373670107400683,0.687122560855529,11
sp|O75874|IDHC_HUMAN,-0.38935849413859347,0.23656560317521796,11
sp|O75879|GATB_HUMAN,-0.38379997242339886,0.24390975889640293,11
sp|O75880|SCO1_HUMAN,0.2760856138201499,0.41119645229317875,11
sp|O75886|STAM2_HUMAN,-0.030477947865379273,0.9291178000484035,11
sp|O75909|CCNK_HUMAN,-0.11421457126977896,0.7380921465836625,11
sp|O75915|PRAF3_HUMAN,-0.20316910038135458,0.5490642997090889,11
sp|O75925|PIAS1_HUMAN,0.5002980405589329,0.31216477100556866,6
sp|O75928|PIAS2_HUMAN,0.3516783953728172,0.35335742502322565,9
sp|O75934|SPF27_HUMAN,0.15038693302134565,0.6589507303457454,11
sp|O75935|DCTN3_HUMAN,0.2748598354391617,0.41336153548237287,11
sp|O75937|DNJC8_HUMAN,0.4387776973194182,0.17699365122963093,11
sp|O75940|SPF30_HUMAN,-0.2785253920882902,0.40690360649258583,11
sp|O75943|RAD17_HUMAN,-0.18628068355926655,0.723810990445311,6
sp|O75947|ATP5H_HUMAN,0.7098449092264232,0.014400491192128256,11
sp|O75953|DNJB5_HUMAN,-0.20613695127375542,0.5677527326980101,10
sp|O75955|FLOT1_HUMAN,0.036026612822410126,0.9162493862360062,11
sp|O75962|TRIO_HUMAN,-0.406751380267576,0.21442574353738827,11
sp|O75964|ATP5L_HUMAN,-0.13979049247852404,0.681850427251721,11
sp|O75970|MPDZ_HUMAN,0.4252540772992536,0.2205154868760025,10
sp|O75976|CBPD_HUMAN,0.14416485872910761,0.672366642748523,11
sp|O76003|GLRX3_HUMAN,-0.5125099234033277,0.10697442483729414,11
sp|O76021|RL1D1_HUMAN,-0.11128775158366148,0.7446079687479453,11
sp|O76031|CLPX_HUMAN,0.07596322009274736,0.8243272064521535,11
sp|O76054|S14L2_HUMAN,-0.8081306992618333,0.09793329177869806,5
sp|O76094|SRP72_HUMAN,0.17965552436681767,0.5970977836481032,11
sp|O94760|DDAH1_HUMAN,0.2161772304030749,0.5231892397588223,11
sp|O94763|RMP_HUMAN,0.049045873960506664,0.8929698591175711,10
sp|O94766|B3GA3_HUMAN,-0.8041195439044081,0.0028504237883805513,11
sp|O94776|MTA2_HUMAN,-0.17051259530226015,0.6161863543117985,11
sp|O94804|STK10_HUMAN,-0.6052877102380858,0.04846603361480618,11
sp|O94805|ACL6B_HUMAN,0.5026769183195757,0.11504396385012323,11
sp|O94806|KPCD3_HUMAN,0.41869381183866583,0.1999624890388097,11
sp|O94819|KBTBB_HUMAN,-0.22573509905315137,0.5306065163842896,10
sp|O94822|LTN1_HUMAN,0.15201655613458132,0.6554516442325065,11
sp|O94826|TOM70_HUMAN,0.2943476398258042,0.3796047447144559,11
sp|O94829|IPO13_HUMAN,-0.26154656151399774,0.8315350062464913,3
sp|O94830|DDHD2_HUMAN,0.014028196913801638,0.9910690795379082,3
sp|O94832|MYO1D_HUMAN,0.025131841738216316,0.9415309043980229,11
sp|O94842|TOX4_HUMAN,-0.07339841741751865,0.8301828402699869,11
sp|O94855|SC24D_HUMAN,-0.6377208873548236,0.034776018761067104,11
sp|O94864|ST65G_HUMAN,0.25627264752327084,0.4747930049659357,10
sp|O94874|UFL1_HUMAN,0.07394429259539777,0.8289359076978905,11
sp|O94880|PHF14_HUMAN,0.02997108040360342,0.930294124741108,11
sp|O94888|UBXN7_HUMAN,-0.13042633316297647,0.7022902503768306,11
sp|O94901|SUN1_HUMAN,0.04732702952408255,0.8901002155606512,11
sp|O94903|PLPHP_HUMAN,0.23535519150697967,0.4860128033641222,11
sp|O94905|ERLN2_HUMAN,-0.47794451247756603,0.13704210352134913,11
sp|O94906|PRP6_HUMAN,-0.3534592788942277,0.28627543981414294,11
sp|O94913|PCF11_HUMAN,-0.22208610979322005,0.5116088499422615,11
sp|O94915|FRYL_HUMAN,0.12065498010230008,0.7238090619795846,11
sp|O94916|NFAT5_HUMAN,-0.8042697112239832,0.05371627137911674,6
sp|O94919|ENDD1_HUMAN,-0.7567154000110929,0.011289694532485649,10
sp|O94925|GLSK_HUMAN,0.6754713018723407,0.0225466510745117,11
sp|O94927|HAUS5_HUMAN,-0.5423907455417011,0.08474077535596948,11
sp|O94955|RHBT3_HUMAN,0.5242294210370622,0.18230646127568662,8
sp|O94964|SOGA1_HUMAN,0.5061688961651679,0.11213472716206284,11
sp|O94966|UBP19_HUMAN,-0.2689111261112207,0.4239469737019792,11
sp|O94967|WDR47_HUMAN,-0.04974815919888992,0.8914448285705633,10
sp|O94973|AP2A2_HUMAN,-0.2845903389540159,0.3963280989593998,11
sp|O94979|SC31A_HUMAN,0.26689478723857923,0.4275642073916483,11
sp|O94992|HEXI1_HUMAN,-0.012407851199582709,0.9711171116438491,11
sp|O95071|UBR5_HUMAN,0.4007756762082396,0.2218885935576389,11
sp|O95072|REC8_HUMAN,-0.27030962082402943,0.6044109646412515,6
sp|O95104|SCAF4_HUMAN,-0.20046037875407902,0.5545166024803038,11
sp|O95140|MFN2_HUMAN,0.3686379497169203,0.26460126992328226,11
sp|O95155|UBE4B_HUMAN,0.02884211137315685,0.9329146533421329,11
sp|O95159|ZFPL1_HUMAN,0.06914392633640032,0.8707677567034366,8
sp|O95163|ELP1_HUMAN,0.42921648452187744,0.18771678162711986,11
sp|O95167|NDUA3_HUMAN,-0.11943402055878144,0.759564708783317,9
sp|O95168|NDUB4_HUMAN,-0.27998083352546593,0.4043532316366599,11
sp|O95169|NDUB8_HUMAN,-0.07174942354214932,0.8339517317598121,11
sp|O95182|NDUA7_HUMAN,0.15490207300107695,0.7401736215196909,7
sp|O95185|UNC5C_HUMAN,-0.5694834086793746,0.06743990397405422,11
sp|O95197|RTN3_HUMAN,0.3231015568187808,0.3324623028828316,11
sp|O95202|LETM1_HUMAN,-0.2925582373128111,0.38264458592623535,11
sp|O95208|EPN2_HUMAN,0.009507402902541817,0.9778671088169121,11
sp|O95210|STBD1_HUMAN,0.11611172089980416,0.7338768431478073,11
sp|O95218|ZRAB2_HUMAN,0.18171932698626347,0.7304213694964028,6
sp|O95219|SNX4_HUMAN,0.5549169073714648,0.07641360866007521,11
sp|O95229|ZWINT_HUMAN,0.13078483079997036,0.7798667449990863,7
sp|O95232|LC7L3_HUMAN,-0.08360290083482744,0.8069338409262008,11
sp|O95235|KI20A_HUMAN,-0.008276982445639736,0.9807309913744435,11
sp|O95239|KIF4A_HUMAN,-0.2796532826551366,0.4049265136747479,11
sp|O95248|MTMR5_HUMAN,0.278611353715916,0.4067527570707325,11
sp|O95249|GOSR1_HUMAN,0.15577910717351515,0.6473965910402227,11
sp|O95251|KAT7_HUMAN,-0.15956073358659506,0.6393347588109531,11
sp|O95260|ATE1_HUMAN,0.12308373630492009,0.7347963496389326,10
sp|O95292|VAPB_HUMAN,0.03602725850850461,0.9162478897616068,11
sp|O95295|SNAPN_HUMAN,0.1398705456245178,0.6816764928295732,11
sp|O95297|MPZL1_HUMAN,0.7207226348337876,0.012338395130449542,11
sp|O95299|NDUAA_HUMAN,-0.21954240545986678,0.5165805520830793,11
sp|O95302|FKBP9_HUMAN,-0.26352395905039866,0.4619330055322228,10
sp|O95336|6PGL_HUMAN,-0.19611332679891647,0.5633117716528891,11
sp|O95340|PAPS2_HUMAN,-0.15734190905864937,0.64406076254021,11
sp|O95347|SMC2_HUMAN,-0.23158205451299457,0.4932326241225361,11
sp|O95352|ATG7_HUMAN,0.2237937334955412,0.5082828445028006,11
sp|O95363|SYFM_HUMAN,-0.8735899488009181,0.12641005119908177,4
sp|O95372|LYPA2_HUMAN,-0.012998498192429153,0.9697427383955931,11
sp|O95373|IPO7_HUMAN,-0.7686484060367761,0.005704609476985696,11
sp|O95376|ARI2_HUMAN,-0.4163863691166827,0.20271011672411127,11
sp|O95391|SLU7_HUMAN,0.1365003026932091,0.6890110841815866,11
sp|O95394|AGM1_HUMAN,-0.1461253015494295,0.6681301055008799,11
sp|O95396|MOCS3_HUMAN,-0.8559746864621752,0.34591576307325045,3
sp|O95400|CD2B2_HUMAN,-0.25129747346835923,0.45603655930984094,11
sp|O95425|SVIL_HUMAN,-0.18783342608693054,0.580214728243832,11
sp|O95429|BAG4_HUMAN,-0.5191280950464945,0.15209306206268222,9
sp|O95433|AHSA1_HUMAN,0.4208204446074772,0.19745003486493662,11
sp|O95453|PARN_HUMAN,0.3986875677569638,0.22453185977432502,11
sp|O95456|PSMG1_HUMAN,0.06444496180698639,0.8596106724495967,10
sp|O95470|SGPL1_HUMAN,-0.2125252197711276,0.5304012672300292,11
sp|O95478|NSA2_HUMAN,0.6480502139782862,0.08224495388243133,8
sp|O95479|G6PE_HUMAN,0.6208615064699633,0.041499745879308575,11
sp|O95486|SC24A_HUMAN,0.24447673378487075,0.4687555737905297,11
sp|O95487|SC24B_HUMAN,-0.16905266587950069,0.619254621076389,11
sp|O95490|AGRL2_HUMAN,-0.506025323391945,0.11225339281668963,11
sp|O95551|TYDP2_HUMAN,0.30458431718305007,0.36245122786724027,11
sp|O95563|MPC2_HUMAN,-0.27175156111310683,0.6583023117752552,5
sp|O95571|ETHE1_HUMAN,-0.3014341736964463,0.39733068094876467,10
sp|O95573|ACSL3_HUMAN,0.08525239617837255,0.8031884324714468,11
sp|O95602|RPA1_HUMAN,0.13286025668627138,0.6969599057564108,11
sp|O95613|PCNT_HUMAN,-0.39066197503245853,0.23486219548351467,11
sp|O95628|CNOT4_HUMAN,-0.3889329467812873,0.4460172971112495,6
sp|O95630|STABP_HUMAN,0.2129628218361145,0.5295349054674643,11
sp|O95639|CPSF4_HUMAN,0.2117133503079988,0.5320101655480555,11
sp|O95674|CDS2_HUMAN,0.433267392237859,0.24403231101822623,9
sp|O95684|CEP43_HUMAN,0.16680887834154884,0.6239809200044445,11
sp|O95696|BRD1_HUMAN,0.5663953490364992,0.06927969724513851,11
sp|O95707|RPP29_HUMAN,-0.20703525647445814,0.6227590951969914,8
sp|O95714|HERC2_HUMAN,0.32897297348967336,0.32323799871743947,11
sp|O95716|RAB3D_HUMAN,0.4871665386528007,0.6760609344441214,3
sp|O95721|SNP29_HUMAN,0.09704543185841313,0.7897011246012482,10
sp|O95747|OXSR1_HUMAN,0.08763612423466602,0.7977824229033432,11
sp|O95749|GGPPS_HUMAN,-0.47281106982231935,0.1675762350409017,10
sp|O95757|HS74L_HUMAN,-0.20004561197617082,0.555353389559013,11
sp|O95777|LSM8_HUMAN,0.2849337178389155,0.3957334618364515,11
sp|O95782|AP2A1_HUMAN,-0.2209803577313612,0.5137675308911724,11
sp|O95785|WIZ_HUMAN,-0.28971940448259664,0.3874922300619738,11
sp|O95793|STAU1_HUMAN,0.3869389063111618,0.23974650241689724,11
sp|O95801|TTC4_HUMAN,-0.6131834715388823,0.059405767593883906,10
sp|O95816|BAG2_HUMAN,-0.1255792616476873,0.7129411708395841,11
sp|O95817|BAG3_HUMAN,-0.23061564062489304,0.49508939001184377,11
sp|O95819|M4K4_HUMAN,0.1544106256584028,0.650322429738277,11
sp|O95825|QORL1_HUMAN,0.2574256972442346,0.4447468721981557,11
sp|O95831|AIFM1_HUMAN,0.32261627002684445,0.3332308932457692,11
sp|O95861|BPNT1_HUMAN,-0.3004559315641407,0.3693204499511978,11
sp|O95864|FADS2_HUMAN,0.06844448241606887,0.8415147859702563,11
sp|O95865|DDAH2_HUMAN,0.23724689635461008,0.4824108540097548,11
sp|O95870|ABHGA_HUMAN,0.16804304985007332,0.6213796817414214,11
sp|O95881|TXD12_HUMAN,-0.034575502303194866,0.9196131608096176,11
sp|O95926|SYF2_HUMAN,-0.049924726279731615,0.8841021484348711,11
sp|O95983|MBD3_HUMAN,-0.08321828007355112,0.8078077020996974,11
sp|O95989|NUDT3_HUMAN,0.1207628645076877,0.7235704622459324,11
sp|O95999|BCL10_HUMAN,-0.6191440432527201,0.1899550715224914,6
sp|O96000|NDUBA_HUMAN,-0.44084261112376066,0.1747281425269133,11
sp|O96005|CLPT1_HUMAN,-0.5741528010694839,0.06472099080610712,11
sp|O96008|TOM40_HUMAN,0.3535996975121434,0.28607055758678757,11
sp|O96011|PX11B_HUMAN,-0.27923063211237475,0.4346216031449651,10
sp|O96013|PAK4_HUMAN,0.019913392408133085,0.9536588940500789,11
sp|O96019|ACL6A_HUMAN,-0.3640384542200237,0.27106802819846343,11
sp|O96028|NSD2_HUMAN,0.3197169023764329,0.33784245051765993,11
sp|P00167|CYB5_HUMAN,0.02865380940379922,0.9333517929561015,11
sp|P00330|ADH1_YEAST,0.9942665524958564,4.750252977287968e-10,11
sp|P00338|LDHA_HUMAN,0.5970019274411573,0.05248154614158282,11
sp|P00352|AL1A1_HUMAN,-0.11082996055338729,0.9292982071417663,3
sp|P00359|G3P3_YEAST,0.9380335899025312,0.0017753059207933743,7
sp|P00360|G3P1_YEAST,0.917552700622663,6.888665402471646e-05,11
sp|P00367|DHE3_HUMAN,-0.12866442340582998,0.7061564093482242,11
sp|P00374|DYR_HUMAN,-0.20580530887977833,0.5437789485572195,11
sp|P00387|NB5R3_HUMAN,0.019820423421336414,0.9538750464588563,11
sp|P00390|GSHR_HUMAN,-0.38689924786928376,0.2397988442503399,11
sp|P00403|COX2_HUMAN,-0.5584949380858111,0.07413948638220613,11
sp|P00441|SODC_HUMAN,-0.3479789771817704,0.2943351054819561,11
sp|P00445|SODC_YEAST,0.970121263248261,7.724324706534484e-07,11
sp|P00491|PNPH_HUMAN,0.12036559212421238,0.7244491882729229,11
sp|P00492|HPRT_HUMAN,0.6149826750582644,0.04404195463549225,11
sp|P00498|HIS1_YEAST,0.9584217533887929,1.2433901753139017e-05,10
sp|P00505|AATM_HUMAN,-0.266755293447577,0.4278149983324701,11
sp|P00519|ABL1_HUMAN,0.2775310612037726,0.5057323417026723,8
sp|P00533|EGFR_HUMAN,0.3062729121869391,0.3596606611559801,11
sp|P00549|KPYK1_YEAST,0.9955512117146439,1.5196152552407378e-10,11
sp|P00558|PGK1_HUMAN,-0.21031709218037864,0.5347818983236557,11
sp|P00560|PGK_YEAST,0.9916729145465019,2.53773925606203e-09,11
sp|P00568|KAD1_HUMAN,-0.4821722492333542,0.1331070698779498,11
sp|P00812|ARGI_YEAST,0.5446648843107879,0.3425151803481013,5
sp|P00813|ADA_HUMAN,-0.21040758698652404,0.5346020745551338,11
sp|P00815|HIS2_YEAST,0.9359855419363006,2.266607375980182e-05,11
sp|P00817|IPYR_YEAST,0.9856732221414488,2.8916791915978507e-08,11
sp|P00830|ATPB_YEAST,0.9818220266405641,8.395119620794769e-08,11
sp|P00890|CISY1_YEAST,0.6340492049789354,0.09135419546352071,8
sp|P00899|TRPE_YEAST,0.08589324363785017,0.9452512019588859,3
sp|P00924|ENO1_YEAST,0.9840926584831144,4.6204314543481104e-08,11
sp|P00925|ENO2_YEAST,0.97989793951682,1.3165877748790645e-07,11
sp|P00927|THDH_YEAST,0.8529288630177482,0.0008457380072383788,11
sp|P00931|TRP_YEAST,0.9948367305369149,2.9673057197070205e-10,11
sp|P00937|TRPG_YEAST,-0.3447656751356283,0.6552343248643717,4
sp|P00942|TPIS_YEAST,0.9976875648372092,8.02211705116855e-12,11
sp|P00950|PMG1_YEAST,0.9944035174461681,4.2613676133080785e-10,11
sp|P00958|SYMC_YEAST,0.9806088711060367,1.1207958506054623e-07,11
sp|P01023|A2MG_HUMAN,-0.07407714999657544,0.8286324774919643,11
sp|P01034|CYTC_HUMAN,-0.770024234392318,0.025404314098286744,8
sp|P01282|VIP_HUMAN,-0.3737591168604625,0.2575048578559562,11
sp|P01303|NPY_HUMAN,0.31444989662812295,0.4921691436761821,7
sp|P01889|HLAB_HUMAN,0.25545319633175406,0.476256046468583,10
sp|P02309|H4_YEAST,0.9884189892634591,1.1144396097687313e-08,11
sp|P02400|RLA4_YEAST,0.9850952163785798,3.4521199821924544e-08,11
sp|P02406|RL28_YEAST,0.9888587223453889,9.368704595795512e-09,11
sp|P02407|RS17A_YEAST;sp|P14127|RS17B_YEAST,0.9894654519364274,7.28823663825396e-09,11
sp|P02533|K1C14_HUMAN,-0.9103571611558223,0.004401101658214294,7
sp|P02545|LMNA_HUMAN,0.579125707724815,0.06190786224070317,11
sp|P02557|TBB_YEAST,0.7792917090556503,0.004692510846793269,11
sp|P02748|CO9_HUMAN,-0.432226993687945,0.4673223984496476,5
sp|P02751|FINC_HUMAN,-0.6605702561428421,0.33942974385715785,4
sp|P02768|ALBU_HUMAN,-0.3180822984503521,0.34045710600624685,11
sp|P02786|TFR1_HUMAN,-0.331196102126577,0.3197815212398529,11
sp|P02794|FRIH_HUMAN,-0.17806580539424396,0.6004008690058472,11
sp|P02829|HSP82_YEAST,0.9202117320510983,0.009295278806209794,6
sp|P02992|EFTU_YEAST,0.9422078151640163,0.00014435149799599484,9
sp|P02994|EF1A_YEAST,0.9897764986312905,6.3715268046666805e-09,11
sp|P03965|CARB_YEAST,0.6319807423031925,0.0678533491332996,9
sp|P04040|CATA_HUMAN,0.4619101162655991,0.1526305053186754,11
sp|P04046|PUR1_YEAST,0.9596861742658453,0.0024050477115744153,6
sp|P04049|RAF1_HUMAN,0.03051550413392004,0.9428189397200551,8
sp|P04050|RPB1_YEAST,-0.06827192859716925,0.8977512167534564,6
sp|P04062|GLCM_HUMAN,0.015021111920279669,0.9650369097585945,11
sp|P04066|FUCO_HUMAN,0.4672206724150767,0.20477609698174945,9
sp|P04075|ALDOA_HUMAN,0.23646434207908115,0.4838994487130995,11
sp|P04080|CYTB_HUMAN,0.025280941544669068,0.9411845401573786,11
sp|P04083|ANXA1_HUMAN,-0.15738564503059624,0.6439674917048812,11
sp|P04147|PABP_YEAST,0.9940436248160919,5.638008611733037e-10,11
sp|P04179|SODM_HUMAN,0.16760491309661438,0.6223026903725255,11
sp|P04181|OAT_HUMAN,0.1222088988859884,0.7203745167555434,11
sp|P04183|KITH_HUMAN,0.32109877126666675,0.3356403539174253,11
sp|P04216|THY1_HUMAN,1.188728634998748e-06,0.9999972323907544,11
sp|P04264|K2C1_HUMAN,0.4058451016688558,0.21554787557911922,11
sp|P04350|TBB4A_HUMAN,0.16994128573643924,0.7475420270109925,6
sp|P04406|G3P_HUMAN,0.5217508796232514,0.09973447002922164,11
sp|P04424|ARLY_HUMAN,0.24107501620863098,0.47515851668868336,11
sp|P04439|HLAA_HUMAN,-0.17436479600724267,0.608116876514638,11
sp|P04456|RL25_YEAST,0.9972439107307847,1.7661174232787817e-11,11
sp|P04632|CPNS1_HUMAN,-0.5522826734009814,0.07811733693364031,11
sp|P04792|HSPB1_HUMAN,-0.21256730806292845,0.5303179154022443,11
sp|P04801|SYTC_YEAST,0.9859612034679525,2.6402571484719822e-08,11
sp|P04802|SYDC_YEAST,0.9879203129086325,1.3462836175136232e-08,11
sp|P04806|HXKA_YEAST,0.530639533862363,0.17604442979803267,8
sp|P04807|HXKB_YEAST,0.9875190561511642,1.5586505156492428e-08,11
sp|P04818|TYSY_HUMAN,-0.2244625742623776,0.5069826634927435,11
sp|P04840|VDAC1_YEAST,0.9627657074119587,2.0575125349516374e-06,11
sp|P04843|RPN1_HUMAN,0.42068421125465244,0.19761041288607156,11
sp|P04844|RPN2_HUMAN,0.10808777774353198,0.7517491199909974,11
sp|P04899|GNAI2_HUMAN,0.14908649413655256,0.6617474130354787,11
sp|P04920|B3A2_HUMAN,-0.41431315418193165,0.30748370294115596,8
sp|P05023|AT1A1_HUMAN,0.017465474344878607,0.9593511855961955,11
sp|P05026|AT1B1_HUMAN,-0.6092210488325767,0.04663593186746681,11
sp|P05030|PMA1_YEAST,0.9777389144520229,2.0771721517276152e-07,11
sp|P05060|SCG1_HUMAN,0.1316391697772603,0.6996325914978349,11
sp|P05067|A4_HUMAN,0.4316133079438098,0.18499263503057722,11
sp|P05091|ALDH2_HUMAN,-0.5726330573915952,0.06559763099667297,11
sp|P05114|HMGN1_HUMAN,0.48248881045883485,0.4104220362434061,5
sp|P05121|PAI1_HUMAN,-0.3743231932425102,0.2865771046805474,10
sp|P05141|ADT2_HUMAN,0.5491189704912123,0.0801967588981207,11
sp|P05161|ISG15_HUMAN,0.8625752037863846,0.3377003556901855,3
sp|P05165|PCCA_HUMAN,-0.03931915890453634,0.9086216842891336,11
sp|P05166|PCCB_HUMAN,0.2437575373959739,0.47010601194765855,11
sp|P05198|IF2A_HUMAN,0.28038706717577966,0.4036427929635274,11
sp|P05317|RLA0_YEAST,0.9882107602798369,1.207128470344387e-08,11
sp|P05319|RLA2_YEAST,0.9686899398429412,9.514976201338478e-07,11
sp|P05362|ICAM1_HUMAN,0.16236654049942947,0.6333757113712251,11
sp|P05373|HEM2_YEAST,-0.940024599875471,0.22160346612713525,3
sp|P05387|RLA2_HUMAN,-0.09677410742835918,0.7771341384921542,11
sp|P05388|RLA0_HUMAN,-0.30597153379008984,0.36015790332354797,11
sp|P05412|JUN_HUMAN,-0.27638859248265246,0.4395073518121937,10
sp|P05423|RPC4_HUMAN,0.33641503681501955,0.31174570870842205,11
sp|P05453|ERF3_YEAST,0.8792443788335963,0.0003623816971625943,11
sp|P05455|LA_HUMAN,0.20824592741706555,0.5389043809427363,11
sp|P05556|ITB1_HUMAN,0.007235604759058989,0.9831550255075266,11
sp|P05694|METE_YEAST,0.9850785628346475,3.4694279487333166e-08,11
sp|P05739|RL6B_YEAST,0.9858455290904962,2.73911860740047e-08,11
sp|P05748|RL15A_YEAST,-0.5770829881763133,0.6083818220106205,3
sp|P05749|RL22A_YEAST,0.7365772962924813,0.47288150949012914,3
sp|P05750|RS3_YEAST,0.9948706229731479,2.8807969716462014e-10,11
sp|P05756|RS13_YEAST,0.9919893126857983,2.1327490648754477e-09,11
sp|P05759|RS31_YEAST,0.9883043646199541,0.0015156754546226988,5
sp|P05783|K1C18_HUMAN,0.29906006860238726,0.37165795193061507,11
sp|P05787|K2C8_HUMAN,0.4139823302713961,0.20559664341582157,11
sp|P05937|CALB1_HUMAN,-0.8191197607965827,0.01286046923625901,8
sp|P06103|EIF3B_YEAST,0.9908986418250514,2.969284064664404e-08,10
sp|P06105|SC160_YEAST,0.9902950337456494,5.044775301907523e-09,11
sp|P06106|CYSD_YEAST,0.9655523578726888,1.4557023922819473e-06,11
sp|P06132|DCUP_HUMAN,0.0582594218308744,0.86489561280349,11
sp|P06168|ILV5_YEAST,0.9972863097251635,1.6472042658189715e-11,11
sp|P06169|PDC1_YEAST,0.9966746977549479,4.107575189377783e-11,11
sp|P06208|LEU1_YEAST,0.844822473039925,0.008288236787865123,8
sp|P06280|AGAL_HUMAN,0.5124358937156415,0.10703376247060954,11
sp|P06367|RS14A_YEAST;sp|P39516|RS14B_YEAST,0.969004725542565,9.096155661171947e-07,11
sp|P06396|GELS_HUMAN,-0.260808766521694,0.43857116411081576,11
sp|P06400|RB_HUMAN,0.03348279815062177,0.9221469081249526,11
sp|P06454|PTMA_HUMAN,0.6943846518737604,0.03793559181088205,9
sp|P06493|CDK1_HUMAN,-0.028265640349806012,0.9342529724100719,11
sp|P06576|ATPB_HUMAN,-0.4513348701369248,0.16349197387281003,11
sp|P06634|DED1_YEAST,0.9851056670537541,3.4412928845921245e-08,11
sp|P06702|S10A9_HUMAN,0.05941806350049722,0.8888530730131513,8
sp|P06703|S10A6_HUMAN,0.345510400958395,0.3281430642246932,10
sp|P06730|IF4E_HUMAN,0.03943897046541468,0.9083442489274084,11
sp|P06733|ENOA_HUMAN,0.5592793165015953,0.07364708049631795,11
sp|P06737|PYGL_HUMAN,-0.004475415317977016,0.9895805392290242,11
sp|P06744|G6PI_HUMAN,0.0812187967165433,0.8123536999393777,11
sp|P06746|DPOLB_HUMAN,0.2372247258394496,0.4824529991547664,11
sp|P06748|NPM_HUMAN,0.3530418249169057,0.286885019692659,11
sp|P06753|TPM3_HUMAN,0.01254749402402007,0.9707921710314574,11
sp|P06756|ITAV_HUMAN,-0.03269648531148156,0.9239706027025361,11
sp|P06787|CALM_YEAST,0.8931412802955401,0.10685871970445993,4
sp|P06865|HEXA_HUMAN,-0.2042630956593399,0.5468684157418506,11
sp|P07099|HYEP_HUMAN,-0.5151454652095122,0.10487584148141357,11
sp|P07108|ACBP_HUMAN,-0.44820868608649167,0.16679175982448396,11
sp|P07149|FAS1_YEAST,0.9917839995192105,2.3892948314646258e-09,11
sp|P07170|KAD2_YEAST,0.9783788087295023,1.823364301894246e-07,11
sp|P07195|LDHB_HUMAN,-0.037493552159044284,0.9128501721355625,11
sp|P07196|NFL_HUMAN,-0.0037543811081940173,0.9912591581534287,11
sp|P07197|NFM_HUMAN,0.01180659894481459,0.9725162346268004,11
sp|P07199|CENPB_HUMAN,0.63212963390131,0.04988970872820448,10
sp|P07203|GPX1_HUMAN,-0.267450044609383,0.4265666275380895,11
sp|P07213|TOM70_YEAST,0.9794817895539858,0.020518210446014207,4
sp|P07237|PDIA1_HUMAN,0.129939024354502,0.7033589231077814,11
sp|P07244|PUR2_YEAST,0.9808790604798336,1.0526242005617674e-07,11
sp|P07245|C1TC_YEAST,0.9643711502792469,1.691292402471964e-06,11
sp|P07246|ADH3_YEAST,0.8587921596199473,0.062330772031732484,5
sp|P07251|ATPA_YEAST,0.9799159658354044,1.3113173421829905e-07,11
sp|P07256|QCR1_YEAST,0.45533104392014845,0.30457945801776476,7
sp|P07257|QCR2_YEAST,0.6131839874547371,0.07909246752322585,9
sp|P07259|PYR1_YEAST,0.9931821002308945,1.0341827273234847e-09,11
sp|P07260|IF4E_YEAST,0.9649065177968571,1.5811280480077951e-06,11
sp|P07262|DHE4_YEAST,0.9715058696610168,6.251731106542777e-07,11
sp|P07263|SYH_YEAST,0.7245819846825372,0.01777097752655527,10
sp|P07264|LEUC_YEAST,0.9748219604611192,3.599834166327619e-07,11
sp|P07267|CARP_YEAST,0.8995491864591161,0.0003939637331902385,10
sp|P07278|KAPR_YEAST,-0.5295040696777822,0.6447560784847313,3
sp|P07280|RS19A_YEAST;sp|P07281|RS19B_YEAST,0.9945546180600631,3.7683611699048795e-10,11
sp|P07283|PMM_YEAST,0.9318300235936061,2.9898182489237687e-05,11
sp|P07284|SYSC_YEAST,0.9836127438509338,5.278021569503033e-08,11
sp|P07305|H10_HUMAN,-0.44698889339541037,0.16809033784921326,11
sp|P07311|ACYP1_HUMAN,-0.3662006995655657,0.2680170010801225,11
sp|P07339|CATD_HUMAN,0.1198943093298307,0.7254920048158364,11
sp|P07342|ILVB_YEAST,0.9713685062202123,6.387231450381387e-07,11
sp|P07355|ANXA2_HUMAN,0.24302218923765545,0.47148860121171554,11
sp|P07384|CAN1_HUMAN,0.3776720437780432,0.2521565990491175,11
sp|P07437|TBB5_HUMAN,-0.2961782204686048,0.37650762241063024,11
sp|P07560|SEC4_YEAST,-0.13713263132813305,0.7460816657187068,8
sp|P07602|SAP_HUMAN,0.08959968019984724,0.7933352835477117,11
sp|P07686|HEXB_HUMAN,-0.36628258189234886,0.26790184377637916,11
sp|P07703|RPAC1_YEAST,0.9968141337604604,0.05083048545268849,3
sp|P07711|CATL1_HUMAN,0.3680385577731534,0.36971012819878885,8
sp|P07737|PROF1_HUMAN,0.17871995253103196,0.5990408733825657,11
sp|P07741|APT_HUMAN,-0.4113249679287214,0.27138716633952864,9
sp|P07806|SYV_YEAST,0.9892802973664803,7.880569477540514e-09,11
sp|P07814|SYEP_HUMAN,-0.0433998054987257,0.8991778896086486,11
sp|P07858|CATB_HUMAN,0.6706256861026184,0.02391236471990701,11
sp|P07900|HS90A_HUMAN,-0.10111229894799932,0.7673758325310085,11
sp|P07910|HNRPC_HUMAN,0.3837233230538777,0.24401193884529776,11
sp|P07942|LAMB1_HUMAN,-0.41488900508399384,0.20450513784816296,11
sp|P07947|YES_HUMAN,0.458739958427985,0.36015921967906456,6
sp|P07948|LYN_HUMAN,-0.1470873140170554,0.6660543519717147,11
sp|P07949|RET_HUMAN,0.09910814941875815,0.7718802744989524,11
sp|P07951|TPM2_HUMAN,0.1987889924709598,0.6369736749640363,8
sp|P07954|FUMH_HUMAN,0.15823859615453006,0.6421494205079177,11
sp|P07991|OAT_YEAST,0.996449407298819,0.05366289926456933,3
sp|P08069|IGF1R_HUMAN,0.03640366168212922,0.9153755606067568,11
sp|P08133|ANXA6_HUMAN,-0.06065927482472383,0.8593770942314729,11
sp|P08183|MDR1_HUMAN,0.028153094571655407,0.9345142734757826,11
sp|P08195|4F2_HUMAN,-0.2662004744385426,0.42881318378123806,11
sp|P08236|BGLR_HUMAN,0.4067222634569296,0.21446174140067806,11
sp|P08237|PFKAM_HUMAN,-0.27550831920154184,0.41221543355400425,11
sp|P08238|HS90B_HUMAN,0.12126328772023275,0.7224640033365461,11
sp|P08240|SRPRA_HUMAN,0.04417053951041083,0.8973954714934941,11
sp|P08243|ASNS_HUMAN,-0.08921347172929071,0.7942095515469543,11
sp|P08253|MMP2_HUMAN,-0.35281240410412207,0.35169855839697806,9
sp|P08397|HEM3_HUMAN,-0.17345848884044002,0.6100118976654352,11
sp|P08417|FUMH_YEAST,0.3121473758233002,0.6878526241766998,4
sp|P08473|NEP_HUMAN,0.27748102987223205,0.5468572103971086,7
sp|P08518|RPB2_YEAST,0.9778933677431376,0.02210663225686238,4
sp|P08524|FPPS_YEAST,0.9814395555371723,9.214685223368455e-08,11
sp|P08559|ODPA_HUMAN,0.207156060401682,0.5410789104607152,11
sp|P08566|ARO1_YEAST,0.9257230602252167,0.0001216602487667385,10
sp|P08572|CO4A2_HUMAN,-0.2639963141807415,0.43278969357899677,11
sp|P08574|CY1_HUMAN,0.25062700627641543,0.4572796912723611,11
sp|P08579|RU2B_HUMAN,0.3886150291421975,0.23754037531430808,11
sp|P08582|TRFM_HUMAN,0.13656277947440904,0.7260839900517566,9
sp|P08621|RU17_HUMAN,0.36371234914310807,0.27152986518086647,11
sp|P08648|ITA5_HUMAN,0.2827943829375058,0.39944540458378225,11
sp|P08651|NFIC_HUMAN,-0.15041569678816114,0.6588889160378413,11
sp|P08670|VIME_HUMAN,0.4263174831040802,0.19104396315002123,11
sp|P08708|RS17_HUMAN,0.1601765788154293,0.6380251560344735,11
sp|P08729|K2C7_HUMAN,0.449981071904264,0.1649159528140699,11
sp|P08754|GNAI3_HUMAN,0.027986112175869104,0.9349019724253468,11
sp|P08758|ANXA5_HUMAN,0.0010329727942968853,0.997595025969274,11
sp|P08865|RSSA_HUMAN,0.15013211890111475,0.6594984181022623,11
sp|P09001|RM03_HUMAN,-0.224689693914932,0.5065414852364727,11
sp|P09012|SNRPA_HUMAN,-0.30452674093239573,0.3625465739879758,11
sp|P09064|IF2B_YEAST,0.9634338143977271,7.483613292345581e-06,10
sp|P09104|ENOG_HUMAN,-0.3212043340708028,0.3354724456402481,11
sp|P09110|THIK_HUMAN,-0.38331580772602164,0.24455560475797214,11
sp|P09172|DOPO_HUMAN,-0.005233849305236099,0.987814891995525,11
sp|P09211|GSTP1_HUMAN,0.2973233362609436,0.374576758881923,11
sp|P09234|RU1C_HUMAN,-0.4113109315132538,0.20883277598596137,11
sp|P09382|LEG1_HUMAN,0.28617954218347974,0.39357976126984884,11
sp|P09417|DHPR_HUMAN,-0.5103132826481276,0.1087442174459679,11
sp|P09429|HMGB1_HUMAN,-0.33812039336829963,0.3091438434629066,11
sp|P09436|SYIC_YEAST,0.9768129237456769,2.4919549253247227e-07,11
sp|P09440|C1TM_YEAST,-0.11787210685578492,0.7626357999651153,9
sp|P09455|RET1_HUMAN,-0.5572177958576685,0.07494594010767966,11
sp|P09457|ATPO_YEAST,0.9679875181174152,8.005935638330252e-05,8
sp|P09471|GNAO_HUMAN,-0.6811981618432712,0.02100511623641585,11
sp|P09493|TPM1_HUMAN,0.1154903199478253,0.7352568225018877,11
sp|P09496|CLCA_HUMAN,-0.3030622322028824,0.3649761302486467,11
sp|P09525|ANXA4_HUMAN,-0.665911432493935,0.025296359738311083,11
sp|P09543|CN37_HUMAN,-0.0045611010742716285,0.9893810590954089,11
sp|P09601|HMOX1_HUMAN,-0.056356568704846025,0.8692751332052159,11
sp|P09619|PGFRB_HUMAN,0.08186667259039873,0.8108801222488299,11
sp|P09622|DLDH_HUMAN,-0.2532527309051241,0.45242020301929775,11
sp|P09624|DLDH_YEAST,0.9343755722169496,0.0006722214592967167,8
sp|P09651|ROA1_HUMAN,-0.13475707012747956,0.6928143394213071,11
sp|P09661|RU2A_HUMAN,0.11215083193950912,0.7426849567514052,11
sp|P09669|COX6C_HUMAN,-0.06730340475964472,0.8441288626395367,11
sp|P09733|TBA1_YEAST,0.9507693336919518,7.1052132253431815e-06,11
sp|P09874|PARP1_HUMAN,0.15590751735972072,0.6471222766271064,11
sp|P09884|DPOLA_HUMAN,0.370006713453627,0.2626938492462154,11
sp|P09936|UCHL1_HUMAN,0.658276598319748,0.02765651165066205,11
sp|P09938|RIR2_YEAST,0.9845803674761273,4.019124642786544e-08,11
sp|P09960|LKHA4_HUMAN,-0.46154821989207445,0.15299454057496462,11
sp|P09972|ALDOC_HUMAN,0.27927320999473315,0.405592219726052,11
sp|P0C0S5|H2AZ_HUMAN;sp|Q71UI9|H2AV_HUMAN,0.30891370933240736,0.35531880499311913,11
sp|P0C0T4|RS25B_YEAST;sp|Q3E792|RS25A_YEAST,0.9636157876299892,1.8567048947819905e-06,11
sp|P0C0W1|RS22A_YEAST;sp|Q3E7Y3|RS22B_YEAST,0.9877202752309087,1.4491384163796141e-08,11
sp|P0C0W9|RL11A_YEAST;sp|Q3E757|RL11B_YEAST,0.9939820488271367,5.90455432809849e-10,11
sp|P0C0X0|RS28B_YEAST;sp|Q3E7X9|RS28A_YEAST,0.7583768508832882,0.011008474514108548,10
sp|P0C2H6|RL27A_YEAST;sp|P0C2H7|RL27B_YEAST,0.9905312353258051,4.5168540144417536e-09,11
sp|P0CG12|DERPC_HUMAN,0.735765204882784,0.05943085212390741,7
sp|P0CS90|HSP77_YEAST,0.9717768141733933,5.990987387835333e-07,11
sp|P0CX23|RL20A_YEAST;sp|P0CX24|RL20B_YEAST,0.9933020834062214,9.549335043962007e-10,11
sp|P0CX31|RS24A_YEAST;sp|P0CX32|RS24B_YEAST,0.9935815106573679,7.886171483478218e-10,11
sp|P0CX33|RS30A_YEAST;sp|P0CX34|RS30B_YEAST,0.9904112235599634,2.188270835346337e-06,8
sp|P0CX35|RS4A_YEAST;sp|P0CX36|RS4B_YEAST,0.9845608503118726,4.0419539490132315e-08,11
sp|P0CX37|RS6A_YEAST;sp|P0CX38|RS6B_YEAST,0.9974023912650927,1.353256971442189e-11,11
sp|P0CX39|RS8A_YEAST;sp|P0CX40|RS8B_YEAST,0.9959282010624511,1.0207492759460194e-10,11
sp|P0CX41|RL23A_YEAST;sp|P0CX42|RL23B_YEAST,0.8028741056198601,0.0029272564885390656,11
sp|P0CX43|RL1A_YEAST;sp|P0CX44|RL1B_YEAST,0.9943772158669688,4.352068927452132e-10,11
sp|P0CX45|RL2A_YEAST;sp|P0CX46|RL2B_YEAST,0.9758248951088536,3.002416968978415e-07,11
sp|P0CX47|RS11A_YEAST;sp|P0CX48|RS11B_YEAST,0.9973298297264355,1.5317172404017226e-11,11
sp|P0CX49|RL18A_YEAST;sp|P0CX50|RL18B_YEAST,0.9911706713545168,3.3005753877118705e-09,11
sp|P0CX51|RS16A_YEAST;sp|P0CX52|RS16B_YEAST,0.9863486849042673,2.329105599862282e-08,11
sp|P0CX53|RL12A_YEAST;sp|P0CX54|RL12B_YEAST,0.9587463199275036,3.244472446532936e-06,11
sp|P0CX55|RS18A_YEAST;sp|P0CX56|RS18B_YEAST,0.9855004026338805,3.051233424985085e-08,11
sp|P0CX82|RL19A_YEAST;sp|P0CX83|RL19B_YEAST,0.9927735747113733,1.3429834122728547e-09,11
sp|P0CX84|RL35A_YEAST;sp|P0CX85|RL35B_YEAST,0.9859203842944292,2.674821816979985e-08,11
sp|P0DMV8|HS71A_HUMAN;sp|P0DMV9|HS71B_HUMAN,-0.18495926993987624,0.5861273614048521,11
sp|P0DP23|CALM1_HUMAN;sp|P0DP24|CALM2_HUMAN;sp|P0DP25|CALM3_HUMAN,0.12101983427168461,0.723002230733348,11
sp|P0DPB5|RPC22_HUMAN,0.010013412398448857,0.9899865876015512,4
sp|P10080|SSBP1_YEAST,0.993588315345238,6.557913828936108e-07,8
sp|P10081|IF4A_YEAST,0.9960773303979162,8.631599403725259e-11,11
sp|P10155|RO60_HUMAN,0.3527989764351619,0.2872399656838582,11
sp|P10253|LYAG_HUMAN,0.07302004209838737,0.8310473625249537,11
sp|P10515|ODP2_HUMAN,0.3165161651201435,0.3429721902341866,11
sp|P10586|PTPRF_HUMAN,0.5607092070646189,0.19039636175319788,7
sp|P10588|NR2F6_HUMAN,-0.0207794334747472,0.9610497760879202,8
sp|P10591|HSP71_YEAST,0.9748490392624201,3.5825849655103795e-07,11
sp|P10592|HSP72_YEAST,0.9935459240648055,8.084434426891744e-10,11
sp|P10599|THIO_HUMAN,-0.13163880365380234,0.6996333933205705,11
sp|P10606|COX5B_HUMAN,0.15244196278607933,0.6545392407507672,11
sp|P10614|CP51_YEAST,0.7850297691635325,0.03651411104612579,7
sp|P10619|PPGB_HUMAN,-0.02131380094436844,0.9504032979439714,11
sp|P10636|TAU_HUMAN,-0.4749174051138678,0.13990433947239583,11
sp|P10643|CO7_HUMAN,0.09052994031536761,0.7912303127483834,11
sp|P10644|KAP0_HUMAN,0.0609074679279656,0.8588066864825693,11
sp|P10645|CMGA_HUMAN,0.1349892385335328,0.6923074420345927,11
sp|P10659|METK1_YEAST,0.9491095968834444,8.228604489028667e-06,11
sp|P10746|HEM4_HUMAN,-0.5951480158724899,0.21267903522528725,6
sp|P10768|ESTD_HUMAN,-0.016347342848519283,0.9619518256309457,11
sp|P10809|CH60_HUMAN,-0.25549182466617537,0.44829530123083694,11
sp|P10869|AK_YEAST,0.7809192710826295,0.2190807289173704,4
sp|P10964|RPA1_YEAST,0.9123523549702267,0.011186505107773678,6
sp|P11021|BIP_HUMAN,-0.18439401396599434,0.5872928852422924,11
sp|P11047|LAMC1_HUMAN,0.4188059122569405,0.1998295751282389,11
sp|P11076|ARF1_YEAST,0.9543937584464905,6.378325380256624e-05,9
sp|P11117|PPAL_HUMAN,0.7586039216442113,0.006798954286389446,11
sp|P11137|MTAP2_HUMAN,-0.4679233353598701,0.14666082071833653,11
sp|P11142|HSP7C_HUMAN,0.2785750349635039,0.4068164875452565,11
sp|P11166|GTR1_HUMAN,-0.2681130072608581,0.4253770057006893,11
sp|P11171|EPB41_HUMAN,0.3215059861497147,0.33499288252515835,11
sp|P11172|UMPS_HUMAN,-0.1665660089363417,0.6244932660927076,11
sp|P11177|ODPB_HUMAN,0.7063510646755046,0.015112462785841581,11
sp|P11182|ODB2_HUMAN,0.29910310503727705,0.37158577108388124,11
sp|P11216|PYGB_HUMAN,0.06972822556310838,0.838575596241313,11
sp|P11233|RALA_HUMAN,-0.050302128839011584,0.8832311753543254,11
sp|P11274|BCR_HUMAN,-0.24204961647291626,0.5635719095711889,8
sp|P11279|LAMP1_HUMAN,0.36293742202234824,0.2726291069391751,11
sp|P11310|ACADM_HUMAN,0.26110036537824965,0.4380407624487427,11
sp|P11353|HEM6_YEAST,-0.7656557762462397,0.4448292433126612,3
sp|P11387|TOP1_HUMAN,0.043126005358351094,0.8998111874825255,11
sp|P11388|TOP2A_HUMAN,0.0541518575811661,0.8743535148870283,11
sp|P11413|G6PD_HUMAN,0.30740228540720516,0.35780046983893277,11
sp|P11441|UBL4A_HUMAN,-0.08539617796696222,0.802862130821588,11
sp|P11484|SSB1_YEAST,0.9767186752703713,2.537515503935141e-07,11
sp|P11498|PYC_HUMAN,-0.0567028854889383,0.8684778174057151,11
sp|P11586|C1TC_HUMAN,0.5501054697995775,0.0795444508337482,11
sp|P11717|MPRI_HUMAN,0.23858847481271164,0.47986363825302886,11
sp|P11745|RNA1_YEAST,0.9689284673262706,0.0003214348124673144,7
sp|P11766|ADHX_HUMAN,0.40913363601006497,0.211492614042983,11
sp|P11802|CDK4_HUMAN,-0.13012519211569554,0.7029505985058129,11
sp|P11908|PRPS2_HUMAN,0.08353388919308391,0.8070906213244298,11
sp|P11940|PABP1_HUMAN,-0.04482162814462257,0.8958900794548804,11
sp|P12004|PCNA_HUMAN,0.09223668568205623,0.7873715907901897,11
sp|P12035|K2C3_HUMAN,-0.07688557279990683,0.9022027820393791,5
sp|P12036|NFH_HUMAN,-0.10324772918592105,0.7625834311459794,11
sp|P12074|CX6A1_HUMAN,0.6756292098615794,0.3243707901384205,4
sp|P12081|HARS1_HUMAN,0.4296242434292646,0.18725163237995002,11
sp|P12109|CO6A1_HUMAN,0.14665596187672456,0.6669848300798334,11
sp|P12110|CO6A2_HUMAN,0.6415424576930076,0.045564374031931774,10
sp|P12235|ADT1_HUMAN,-0.23761638181700437,0.4817087210096453,11
sp|P12236|ADT3_HUMAN,0.06663551309318044,0.845659581685265,11
sp|P12268|IMDH2_HUMAN,0.2854009107713292,0.39492512465690405,11
sp|P12270|TPR_HUMAN,0.20430859885144428,0.5467771585206929,11
sp|P12277|KCRB_HUMAN,-0.43341299750614454,0.1829630362808329,11
sp|P12385|ERF1_YEAST,0.9428744331262638,1.3716555646231671e-05,11
sp|P12429|ANXA3_HUMAN,-0.41754750744510466,0.20132466572702,11
sp|P12532|KCRU_HUMAN,-0.4305865220990457,0.18615668811335595,11
sp|P12612|TCPA_YEAST,0.9409773151321912,0.0015744506953847125,7
sp|P12694|ODBA_HUMAN,0.1282941538987299,0.706969688328942,11
sp|P12695|ODP2_YEAST,0.6466935343631621,0.16518736718071997,6
sp|P12709|G6PI_YEAST,0.9925490766174643,1.5407077852869522e-09,11
sp|P12814|ACTN1_HUMAN,0.08840530449616774,0.7960397030088525,11
sp|P12821|ACE_HUMAN,0.03314123725546586,0.957810991842736,5
sp|P12931|SRC_HUMAN,0.24103562686152086,0.4752328879667541,11
sp|P12955|PEPD_HUMAN,0.07955511736428056,0.816140190908636,11
sp|P12956|XRCC6_HUMAN,0.5189744423581099,0.10187500185843001,11
sp|P12962|CAF20_YEAST,0.9077873899602874,0.27554051218766473,3
sp|P13010|XRCC5_HUMAN,0.08543522666325071,0.8027735177012114,11
sp|P13073|COX41_HUMAN,-0.33509842272851365,0.3137625481422621,11
sp|P13188|SYQ_YEAST,0.9435279928585635,1.3036842735824039e-05,11
sp|P13298|PYRE_YEAST,0.9664059826605385,5.350687361578027e-06,10
sp|P13473|LAMP2_HUMAN,-0.48491206992153946,0.13059566618775437,11
sp|P13489|RINI_HUMAN,0.2515894536468059,0.455495679394763,11
sp|P13521|SCG2_HUMAN,-0.3065974337047198,0.35912563159656313,11
sp|P13591|NCAM1_HUMAN,0.19627916534633333,0.5629752281901511,11
sp|P13612|ITA4_HUMAN,-0.0738366146295184,0.9060737952751439,5
sp|P13637|AT1A3_HUMAN,0.16815906274661332,0.621135363001297,11
sp|P13639|EF2_HUMAN,0.24906894567883311,0.4601745597841971,11
sp|P13645|K1C10_HUMAN,0.6703144671784653,0.02400203645360698,11
sp|P13646|K1C13_HUMAN,0.07162120920159848,0.8342449070745921,11
sp|P13647|K2C5_HUMAN,0.010661327368217455,0.9751814881235626,11
sp|P13663|DHAS_YEAST,0.4650393736552034,0.149505305268452,11
sp|P13667|PDIA4_HUMAN,0.29088235448601374,0.38550265007967627,11
sp|P13674|P4HA1_HUMAN,-0.12392023423801606,0.716597403341427,11
sp|P13693|TCTP_HUMAN,0.018559491209242163,0.95680697732413,11
sp|P13716|HEM2_HUMAN,-0.334424529948632,0.3147975628450658,11
sp|P13726|TF_HUMAN,0.29093918763978055,0.5759045811772427,6
sp|P13797|PLST_HUMAN,0.30939490408944414,0.35453059026363604,11
sp|P13798|ACPH_HUMAN,0.11081763553589274,0.7456559764160561,11
sp|P13804|ETFA_HUMAN,0.0030863063258904366,0.9928145122879514,11
sp|P13807|GYS1_HUMAN,0.004537060757026229,0.9894370259354308,11
sp|P13861|KAP2_HUMAN,-0.018447244369097827,0.9570679984518552,11
sp|P13929|ENOB_HUMAN,-0.0002012840097196933,0.9995313686879379,11
sp|P13984|T2FB_HUMAN,0.07439657666164194,0.8279030317808206,11
sp|P13995|MTDC_HUMAN,-0.00018373865963317026,0.9995722179325668,11
sp|P14120|RL30_YEAST,0.9951919629924232,2.1541559970066615e-10,11
sp|P14126|RL3_YEAST,0.9933281611097694,9.383515091640129e-10,11
sp|P14174|MIF_HUMAN,-0.1116785664321418,0.7437370392246636,11
sp|P14209|CD99_HUMAN,0.36733031369987085,0.2664308040526845,11
sp|P14314|GLU2B_HUMAN,0.3327553748249751,0.3173690957076426,11
sp|P14316|IRF2_HUMAN,-0.7112784601138826,0.17794540601471937,5
sp|P14324|FPPS_HUMAN,-0.15467568498541576,0.6497553804821418,11
sp|P14373|TRI27_HUMAN,-0.5445940506565827,0.08323440615264217,11
sp|P14540|ALF_YEAST,0.9859121879466087,2.6818043972794082e-08,11
sp|P14543|NID1_HUMAN,-0.05739820650285628,0.8748542657471661,10
sp|P14550|AK1A1_HUMAN,0.08667069338825686,0.7999709569634297,11
sp|P14618|KPYM_HUMAN,0.029896949676814638,0.9304661759302978,11
sp|P14625|ENPL_HUMAN,-0.0857702107926164,0.8020134246963749,11
sp|P14635|CCNB1_HUMAN,-0.16751070266502976,0.6225012242885295,11
sp|P14649|MYL6B_HUMAN,0.3787083169933356,0.25075094049177926,11
sp|P14735|IDE_HUMAN,-0.17044636021799736,0.6163254387130985,11
sp|P14742|GFA1_YEAST,0.7544499702006914,0.011681223643124062,10
sp|P14832|CYPH_YEAST,0.9865789060405838,2.1582089159886157e-08,11
sp|P14843|AROF_YEAST,0.9220965248937715,0.00886703094697495,6
sp|P14866|HNRPL_HUMAN,0.4168531353124734,0.202152495887886,11
sp|P14868|SYDC_HUMAN,-0.03539454332588904,0.9177144184714873,11
sp|P14907|NSP1_YEAST,0.8367996618108605,0.004909795304573545,9
sp|P14923|PLAK_HUMAN,0.22854053014912154,0.49908662290333783,11
sp|P14927|QCR7_HUMAN,-0.09142563374153255,0.7892047404413404,11
sp|P15019|TAL1_YEAST,0.9867641318656025,2.0279141030185936e-08,11
sp|P15056|BRAF_HUMAN,0.9258073862511147,0.2467731274089012,3
sp|P15104|GLNA_HUMAN,0.1169310964892981,0.7827444778404974,8
sp|P15108|HSC82_YEAST,0.5308863843545333,0.09289963144108065,11
sp|P15121|ALDR_HUMAN,-0.32878454795198536,0.32353187464438177,11
sp|P15151|PVR_HUMAN,0.374391036648208,0.25663680040907877,11
sp|P15170|ERF3A_HUMAN,0.16772342622850792,0.6220529743394313,11
sp|P15180|SYKC_YEAST,0.9819085777227754,8.217764526872056e-08,11
sp|P15289|ARSA_HUMAN,0.03316249811341104,0.9228897395128258,11
sp|P15291|B4GT1_HUMAN,0.06431625150552678,0.8509787115699418,11
sp|P15303|SEC23_YEAST,0.8911201395519724,0.04241623465916135,5
sp|P15311|EZRI_HUMAN,-0.2452011936742221,0.4673970383882685,11
sp|P15336|ATF2_HUMAN,0.16593165635765258,0.6696270033365369,9
sp|P15374|UCHL3_HUMAN,0.1920883699448328,0.5715041034201676,11
sp|P15454|KGUA_YEAST,0.9896632140381446,6.694361914330046e-09,11
sp|P15496|IDI1_YEAST,0.9455470862191537,0.00011759589704773715,9
sp|P15531|NDKA_HUMAN,-0.30647769244742473,0.3593229978091367,11
sp|P15559|NQO1_HUMAN,0.07027354739372642,0.8373276144536319,11
sp|P15565|TRM1_YEAST,-0.3369804212036415,0.7811887620251051,3
sp|P15586|GNS_HUMAN,0.12511313893376952,0.7139678871590502,11
sp|P15624|SYFB_YEAST,0.9800613350541678,1.2694100691778857e-07,11
sp|P15625|SYFA_YEAST,0.9920525325630503,2.058233237545654e-09,11
sp|P15646|FBRL_YEAST,0.972228763706436,5.574856787280865e-07,11
sp|P15703|BGL2_YEAST,-0.17047156736106012,0.8295284326389398,4
sp|P15705|STI1_YEAST,0.9575246612153692,3.6932275044753035e-06,11
sp|P15735|PHKG2_HUMAN,0.4267872653689428,0.19050239408500075,11
sp|P15848|ARSB_HUMAN,-0.09149515835743084,0.7890475623163019,11
sp|P15873|PCNA_YEAST,0.9422452644210904,0.00046099728762471066,8
sp|P15880|RS2_HUMAN,0.29578008370555986,0.3771801292279736,11
sp|P15882|CHIN_HUMAN,-0.08074694122270015,0.8134272677992965,11
sp|P15884|ITF2_HUMAN,0.5642175100226445,0.07059731082538284,11
sp|P15891|ABP1_YEAST,0.9520102003267555,6.345597007062944e-06,11
sp|P15923|TFE2_HUMAN,0.026712713604548743,0.9378589552909193,11
sp|P15924|DESP_HUMAN,-0.41834445148272276,0.2003770542627746,11
sp|P15927|RFA2_HUMAN,-0.10192256257525889,0.7655565425922858,11
sp|P15992|HSP26_YEAST,0.912067008906158,9.130645038530557e-05,11
sp|P16070|CD44_HUMAN,-0.38482308952110295,0.24254822214876448,11
sp|P16083|NQO2_HUMAN,0.6235272717293915,0.04038121837845622,11
sp|P16120|THRC_YEAST,0.9975603231691691,1.0206859077169651e-11,11
sp|P16140|VATB_YEAST,0.9893816081716719,7.552015862247103e-09,11
sp|P16152|CBR1_HUMAN,0.5086578161674831,0.11009046669529397,11
sp|P16220|CREB1_HUMAN,0.5585052052989875,0.07413302678033708,11
sp|P16278|BGAL_HUMAN,-0.1718891946763684,0.6132982574967278,11
sp|P16298|PP2BB_HUMAN,-0.06856782663069876,0.8838690893657994,7
sp|P16333|NCK1_HUMAN,0.14239583295230687,0.6761968827231968,11
sp|P16383|GCFC2_HUMAN,-0.12934921828095486,0.7046530177685458,11
sp|P16387|ODPA_YEAST,0.8863157581917369,0.01865152660995693,6
sp|P16401|H15_HUMAN,-0.15716845207674318,0.6444307202806334,11
sp|P16435|NCPR_HUMAN,-0.07850108175130156,0.818540980866311,11
sp|P16474|BIP_YEAST,0.9815998261411121,8.864043003559871e-08,11
sp|P16521|EF3A_YEAST,0.9950888907145586,2.3695508071809103e-10,11
sp|P16550|APA1_YEAST,0.899595179865191,0.00039326522239405696,10
sp|P16603|NCPR_YEAST,0.8924564201090013,0.00686948377226951,7
sp|P16615|AT2A2_HUMAN,-0.0890948176428785,0.7944781939531123,11
sp|P16649|TUP1_YEAST,0.8265266891330516,0.38062688033361863,3
sp|P16861|PFKA1_YEAST,0.9935202070573524,8.23010492852289e-10,11
sp|P16862|PFKA2_YEAST,0.9934337195358101,8.735018136523931e-10,11
sp|P16870|CBPE_HUMAN,-0.38973926167022954,0.23606727150402582,11
sp|P16930|FAAA_HUMAN,-0.5367062390670327,0.13626949712448702,9
sp|P16949|STMN1_HUMAN,-0.4575084065210504,0.15709500822524936,11
sp|P16989|YBOX3_HUMAN,0.5614212823888197,0.0723135995761791,11
sp|P17028|ZNF24_HUMAN,0.4663914022526244,0.20568993854779316,9
sp|P17029|ZKSC1_HUMAN,-0.2982006367754818,0.3731008884885445,11
sp|P17050|NAGAB_HUMAN,0.23746098553054884,0.5088667983748667,10
sp|P17096|HMGA1_HUMAN,0.25592646558373056,0.4474966379268558,11
sp|P17152|TMM11_HUMAN,-0.17806603708429608,0.6225980453014851,10
sp|P17174|AATC_HUMAN,0.3324427159326735,0.3178520376812696,11
sp|P17252|KPCA_HUMAN,0.05460601068628728,0.8733070544433492,11
sp|P17255|VATA_YEAST,0.992019103122466,2.0973792980227073e-09,11
sp|P17301|ITA2_HUMAN,0.4291225791042331,0.18782400286776865,11
sp|P17405|ASM_HUMAN,-0.4952605628539586,0.5047394371460414,4
sp|P17423|KHSE_YEAST,-0.6962250531632421,0.12440277016800286,6
sp|P17480|UBF1_HUMAN,0.209658872087878,0.5360906124221884,11
sp|P17505|MDHM_YEAST,0.5276989038981271,0.1442506084215901,9
sp|P17535|JUND_HUMAN,-0.5524423366611481,0.1229649087658661,9
sp|P17555|CAP_YEAST,0.2887543157166864,0.41843386151650647,10
sp|P17600|SYN1_HUMAN,0.03586720039851671,0.9216413559439817,10
sp|P17612|KAPCA_HUMAN,-0.3657797762162557,0.2686094179974329,11
sp|P17655|CAN2_HUMAN,-0.005023658314101856,0.9883042155898105,11
sp|P17677|NEUM_HUMAN,-0.04035015792597599,0.9062346081747589,11
sp|P17706|PTN2_HUMAN,-0.5529145224886288,0.07770639226117869,11
sp|P17812|PYRG1_HUMAN,0.5227120364869606,0.09900036142725341,11
sp|P17844|DDX5_HUMAN,-0.12687220046424258,0.7100954895154491,11
sp|P17858|PFKAL_HUMAN,-0.17986613609388358,0.5966606892256975,11
sp|P17891|CLC1_YEAST,-0.6046746065323095,0.5866063284200975,3
sp|P17931|LEG3_HUMAN,-0.4006091616260251,0.22209870429337153,11
sp|P17967|PDI_YEAST,0.936167698782098,2.23832560152818e-05,11
sp|P17980|PRS6A_HUMAN,0.40249386357177963,0.21972738442774536,11
sp|P17987|TCPA_HUMAN,0.3517158919268954,0.2888259565986538,11
sp|P18031|PTN1_HUMAN,-0.23199593035190685,0.4924383853906558,11
sp|P18074|ERCC2_HUMAN,0.09393675377750041,0.7963170087084949,10
sp|P18077|RL35A_HUMAN,0.1340932620477982,0.6942642665903488,11
sp|P18084|ITB5_HUMAN,-0.43191388077068893,0.18465271789301857,11
sp|P18085|ARF4_HUMAN,-0.6718615239968964,0.02355862523801392,11
sp|P18124|RL7_HUMAN,0.11404048055148397,0.7384792874810691,11
sp|P18206|VINC_HUMAN,0.323876719198185,0.3312365646187326,11
sp|P18239|ADT2_YEAST,0.985469928513742,3.08006241792553e-08,11
sp|P18562|UPP_YEAST,0.9400928279480998,5.2399257212627144e-05,10
sp|P18583|SON_HUMAN,-0.20385320009199062,0.5476907456021616,11
sp|P18615|NELFE_HUMAN,0.3903933513825929,0.2352126518896084,11
sp|P18621|RL17_HUMAN,0.04812033123120216,0.8882679244932667,11
sp|P18669|PGAM1_HUMAN,-0.07927751669994168,0.8167723485920749,11
sp|P18754|RCC1_HUMAN,0.48229835473533744,0.1329908100581201,11
sp|P18827|SDC1_HUMAN,-0.4160085673684065,0.20316212904150804,11
sp|P18858|DNLI1_HUMAN,-0.36492078702744307,0.2698206667339539,11
sp|P18859|ATP5J_HUMAN,0.056462103694727886,0.8690321512343833,11
sp|P18887|XRCC1_HUMAN,-0.11654496775912523,0.7329151256497245,11
sp|P19013|K2C4_HUMAN,-0.0019141779457390873,0.9955434118624253,11
sp|P19021|AMD_HUMAN,-0.007599261179346284,0.9845196572412224,9
sp|P19022|CADH2_HUMAN,0.188344755709252,0.5791652490801489,11
sp|P19097|FAS2_YEAST,0.99093252670714,3.7192449832893477e-09,11
sp|P19174|PLCG1_HUMAN,-0.17471461801348517,0.6073860020679606,11
sp|P19262|ODO2_YEAST,-0.3400096180280438,0.45556001928011225,7
sp|P19338|NUCL_HUMAN,0.07720486440239378,0.8214953081201034,11
sp|P19358|METK2_YEAST,0.08782475675894011,0.8686015692871564,6
sp|P19367|HXK1_HUMAN,0.4938128265768226,0.12264593257673559,11
sp|P19387|RPB3_HUMAN,-0.3959190596914025,0.228064756914497,11
sp|P19388|RPAB1_HUMAN,0.19367722446830343,0.5682646164067362,11
sp|P19404|NDUV2_HUMAN,-0.13030542659326802,0.7025553545621579,11
sp|P19414|ACON_YEAST,0.9830328013099303,6.167026821886731e-08,11
sp|P19447|ERCC3_HUMAN,0.31987072986488596,0.3375969404399651,11
sp|P19525|E2AK2_HUMAN,-0.18839969812973556,0.5790525260349866,11
sp|P19623|SPEE_HUMAN,-0.42561499641868217,0.1918555285604432,11
sp|P19784|CSK22_HUMAN,-0.19175914510284883,0.5721762554071423,11
sp|P19838|NFKB1_HUMAN,0.2124647923821183,0.5305209474393163,11
sp|P19881|PNPP_YEAST,-0.6560427816585562,0.5444581494195225,3
sp|P19882|HSP60_YEAST,0.9969465320945686,2.7995279761168506e-11,11
sp|P20020|AT2B1_HUMAN,0.47521117997279666,0.1396249265995382,11
sp|P20042|IF2B_HUMAN,-0.5667381913514197,0.0690737929544105,11
sp|P20051|PYRC_YEAST,0.973067779017255,4.861912377988121e-07,11
sp|P20073|ANXA7_HUMAN,-0.3974810663866819,0.22606750691619013,11
sp|P20081|FKBP_YEAST,0.9792647641137798,1.512379857349924e-07,11
sp|P20248|CCNA2_HUMAN,0.06815299882445189,0.8979287813526408,6
sp|P20290|BTF3_HUMAN,0.2889948641074466,0.529615315886646,7
sp|P20309|ACM3_HUMAN,0.16539407323222116,0.626967621846776,11
sp|P20336|RAB3A_HUMAN,-0.5891323531849655,0.05650077699753586,11
sp|P20338|RAB4A_HUMAN,0.1303278875350733,0.7197009897892818,10
sp|P20339|RAB5A_HUMAN,0.48620725843954365,0.1294190276272951,11
sp|P20340|RAB6A_HUMAN,-0.030921827028521198,0.9280877614404961,11
sp|P20434|RPAB1_YEAST,0.9557045717441233,0.002899671749671658,6
sp|P20447|DBP3_YEAST,0.8796821302113066,0.3155106363467564,3
sp|P20449|DBP5_YEAST,0.8165750114624108,0.047381447851051306,6
sp|P20459|IF2A_YEAST,0.7915282591983845,0.11062030342336565,5
sp|P20585|MSH3_HUMAN,-0.5119785932261891,0.10740078020996155,11
sp|P20606|SAR1_YEAST,0.9372030017072652,0.00019209042639489198,9
sp|P20618|PSB1_HUMAN,-0.08656048308608591,0.8002208749897767,11
sp|P20645|MPRD_HUMAN,-0.23123771985536223,0.5203581001866299,10
sp|P20674|COX5A_HUMAN,-0.19362846799148983,0.5683639176525304,11
sp|P20700|LMNB1_HUMAN,0.6480482443995023,0.03105617963171275,11
sp|P20711|DDC_HUMAN,0.031380212310103406,0.9270241648085664,11
sp|P20810|ICAL_HUMAN,-0.24357099691826511,0.47045656789823287,11
sp|P20839|IMDH1_HUMAN,-0.4441813923017161,0.1711027691792476,11
sp|P20933|ASPG_HUMAN,-0.9797027204863553,0.1284846864321507,3
sp|P20936|RASA1_HUMAN,0.10530311470209017,0.7579777224176435,11
sp|P20967|ODO1_YEAST,0.9930218844991627,0.0006990141741942221,5
sp|P21242|PSA7_YEAST,0.8346143100763814,0.3713811237859456,3
sp|P21243|PSA1_YEAST,0.9714129846533432,0.005777181308075854,5
sp|P21264|PUR6_YEAST,-0.16108911448819344,0.6566202873853347,10
sp|P21266|GSTM3_HUMAN,-0.3298617145372951,0.3218538108349416,11
sp|P21281|VATB2_HUMAN,-0.38193966298608706,0.24639667115323485,11
sp|P21283|VATC1_HUMAN,-0.21550287557454817,0.5245178400118256,11
sp|P21291|CSRP1_HUMAN,-0.17386637961988444,0.609158761465176,11
sp|P21304|PWP1_YEAST,0.9793127164383001,0.1297174516251991,3
sp|P21333|FLNA_HUMAN,0.06220005624892461,0.8558369908697042,11
sp|P21359|NF1_HUMAN,0.7157889357067577,0.019916247387925613,10
sp|P21397|AOFA_HUMAN,0.4340930976320267,0.18219959484816506,11
sp|P21399|ACOHC_HUMAN,0.17352809255599247,0.6098662850671894,11
sp|P21524|RIR1_YEAST,0.9455896015642338,3.5897425819459614e-05,10
sp|P21576|VPS1_YEAST,0.9276703739778648,3.879202600672928e-05,11
sp|P21579|SYT1_HUMAN,-0.011519919025873265,0.9731833677817086,11
sp|P21589|5NTD_HUMAN,0.14170166528847725,0.67770176234545,11
sp|P21675|TAF1_HUMAN,-0.19662195189112186,0.612126192772791,9
sp|P21796|VDAC1_HUMAN,-0.42424500261215187,0.1934442235648515,11
sp|P21912|SDHB_HUMAN,0.16931785409199354,0.618696880048969,11
sp|P21926|CD9_HUMAN,0.6342265070557898,0.04890345638100054,10
sp|P21954|IDHP_YEAST,0.9567075228792181,0.0007317074698913181,7
sp|P21964|COMT_HUMAN,0.352200491723863,0.28811574580269267,11
sp|P21965|MCK1_YEAST,-0.6004250646563631,0.2843240988618214,5
sp|P21980|TGM2_HUMAN,0.44893286406939487,0.16602374318188423,11
sp|P22033|MUTA_HUMAN,-0.26555661335670705,0.42997295956073106,11
sp|P22059|OSBP1_HUMAN,0.33817669295467667,0.30905814870742193,11
sp|P22061|PIMT_HUMAN,0.0987252293906218,0.7727416333395458,11
sp|P22087|FBRL_HUMAN,0.12187140387991419,0.7211200724151823,11
sp|P22102|PUR2_HUMAN,-0.5736371692946064,0.06501753210337068,11
sp|P22137|CLH_YEAST,0.24889968516453648,0.4880270229670971,10
sp|P22138|RPA2_YEAST,0.9820716779729847,0.01792832202701522,4
sp|P22146|GAS1_YEAST,0.1500935380865176,0.9040850303931498,3
sp|P22203|VATE_YEAST,0.9925973418992114,1.4964063628326501e-09,11
sp|P22217|TRX1_YEAST,0.9630107922565643,0.036989207743435726,4
sp|P22234|PUR6_HUMAN,-0.5838490885320072,0.059313733001913026,11
sp|P22304|IDS_HUMAN,0.0324823770602678,0.9675176229397322,4
sp|P22307|SCP2_HUMAN,0.4168828092109606,0.20211707710529853,11
sp|P22314|UBA1_HUMAN,-0.0366242997355144,0.914864262135024,11
sp|P22392|NDKB_HUMAN,-0.32693852672757817,0.4292720923001795,8
sp|P22466|GALA_HUMAN,0.17894779004801556,0.5985674605804848,11
sp|P22515|UBA1_YEAST,0.9700396789118207,7.81876677097427e-07,11
sp|P22570|ADRO_HUMAN,0.30360212359777033,0.3640795039427435,11
sp|P22626|ROA2_HUMAN,0.04157667347548054,0.9033957600331786,11
sp|P22670|RFX1_HUMAN,0.4256599680003005,0.1918035117887646,11
sp|P22681|CBL_HUMAN,-0.0036665323008731737,0.9914636787212511,11
sp|P22694|KAPCB_HUMAN,0.505984974680046,0.2007694095707496,8
sp|P22695|QCR2_HUMAN,-0.2702185252621692,0.4216094390104282,11
sp|P22803|TRX2_YEAST,0.9887927534066333,9.620021400937905e-09,11
sp|P22830|HEMH_HUMAN,-0.21033413456188454,0.5347480312013047,11
sp|P23142|FBLN1_HUMAN,-0.3969366260508802,0.22676248486941306,11
sp|P23193|TCEA1_HUMAN,0.26399345154461534,0.4327948694056121,11
sp|P23229|ITA6_HUMAN,-0.23644956758574812,0.48392757280384485,11
sp|P23246|SFPQ_HUMAN,-0.04793306884191371,0.8887004009861487,11
sp|P23248|RS3A2_YEAST,0.9843853133337181,4.2518320515281065e-08,11
sp|P23254|TKT1_YEAST,0.980661427104159,1.1072747915790564e-07,11
sp|P23258|TBG1_HUMAN,0.14540755681281664,0.66968015852258,11
sp|P23284|PPIB_HUMAN,-0.1277127015509978,0.7082473748897298,11
sp|P23301|IF5A1_YEAST,0.9712933143362742,6.462359321694001e-07,11
sp|P23368|MAOM_HUMAN,0.17358762948198972,0.609741742499539,11
sp|P23378|GCSP_HUMAN,-0.17949299364581547,0.5974351746404547,11
sp|P23381|SYWC_HUMAN,0.20608853317269163,0.5432123511456818,11
sp|P23396|RS3_HUMAN,0.15433684283121585,0.6504803051485193,11
sp|P23443|KS6B1_HUMAN,-0.5312444057496966,0.11406680822432227,10
sp|P23458|JAK1_HUMAN,0.571324615038461,0.31434851321680574,5
sp|P23508|CRCM_HUMAN,-0.2287251312911945,0.5250275761231158,10
sp|P23526|SAHH_HUMAN,0.028057219701466782,0.9347368737472155,11
sp|P23528|COF1_HUMAN,-0.33563289372135185,0.31294297709823293,11
sp|P23542|AATC_YEAST,0.977896515713051,2.012269360441358e-07,11
sp|P23588|IF4B_HUMAN,-0.16946440128557522,0.6183887409468,11
sp|P23610|HAP40_HUMAN,-0.522892756692477,0.6497056366985623,3
sp|P23634|AT2B4_HUMAN,-0.5361002779293755,0.08914058154309439,11
sp|P23641|MPCP_YEAST,0.7897643811742179,0.011343261110598107,9
sp|P23644|TOM40_YEAST,0.3936583358148152,0.3346005277791088,8
sp|P23743|DGKA_HUMAN,-0.1469649088283394,0.6663183517233812,11
sp|P23771|GATA3_HUMAN,0.2833121568542495,0.4276491213763705,10
sp|P23786|CPT2_HUMAN,0.10646120741782411,0.7553857650189971,11
sp|P23919|KTHY_HUMAN,-0.41884373684862664,0.19978473965939494,11
sp|P23921|RIR1_HUMAN,0.04062837713326675,0.9055905646866255,11
sp|P23975|SC6A2_HUMAN,0.5405680170109579,0.16657730891109188,8
sp|P24280|SEC14_YEAST,0.9597645316819089,2.903659363644184e-06,11
sp|P24534|EF1B_HUMAN,0.15827205559905483,0.6420781373115186,11
sp|P24539|AT5F1_HUMAN,0.024029480077020098,0.9440920089125063,11
sp|P24666|PPAC_HUMAN,-0.547057209424266,0.08157154256482785,11
sp|P24752|THIL_HUMAN,0.0954676756728981,0.7800785559357334,11
sp|P24783|DBP2_YEAST,0.7429112307836545,0.008806092955512382,11
sp|P24844|MYL9_HUMAN,0.033553063344283485,0.9572869302146261,5
sp|P24928|RPB1_HUMAN,0.3635470428296423,0.27176414438103197,11
sp|P24941|CDK2_HUMAN,0.18027370979332633,0.595815168732038,11
sp|P25087|ERG6_YEAST,0.9749727342540115,3.5046032597354567e-07,11
sp|P25098|ARBK1_HUMAN,0.27860319566059544,0.5451687481432869,7
sp|P25205|MCM3_HUMAN,0.3432155098143602,0.30144077366359934,11
sp|P25293|NAP1_YEAST,0.7304067210264835,0.16106619815277656,5
sp|P25294|SIS1_YEAST,0.8016129944667016,0.016730847399573583,8
sp|P25297|PHO84_YEAST,-0.4951573881503377,0.6702207863937203,3
sp|P25325|THTM_HUMAN,0.0654101993561945,0.8484690804160598,11
sp|P25343|RV161_YEAST,0.9085289382053874,0.27441281387756644,3
sp|P25398|RS12_HUMAN,-0.013544909014406501,0.9684713637573128,11
sp|P25440|BRD2_HUMAN,0.5303854743453867,0.09326616851529357,11
sp|P25443|RS2_YEAST,0.9724008821168316,5.42240319541404e-07,11
sp|P25490|TYY1_HUMAN,0.41631900566406843,0.2314084759911695,10
sp|P25491|MAS5_YEAST,0.9414331676371168,1.5311739654270425e-05,11
sp|P25567|SRO9_YEAST,0.9857055467962316,0.10776992709118749,3
sp|P25605|ILV6_YEAST,-0.03213476588483119,0.9678652341151688,4
sp|P25685|DNJB1_HUMAN,-0.25196621943571795,0.45479817670147926,11
sp|P25686|DNJB2_HUMAN,-0.4383773938211867,0.4602723488517003,5
sp|P25694|CDC48_YEAST,0.9917950518592569,2.3749029528293885e-09,11
sp|P25705|ATPA_HUMAN,0.44867869623438394,0.16629304825011418,11
sp|P25719|CYPC_YEAST,0.9578744491453495,0.0026244658505906087,6
sp|P25786|PSA1_HUMAN,-0.05980041753644688,0.8613514200287827,11
sp|P25787|PSA2_HUMAN,0.3083236892622959,0.3562865176891715,11
sp|P25788|PSA3_HUMAN,0.8304811276312651,0.001548865426627607,11
sp|P25789|PSA4_HUMAN,0.4775680661254115,0.1373960122505524,11
sp|P26006|ITA3_HUMAN,0.6327793013838623,0.03666152754180679,11
sp|P26038|MOES_HUMAN,-0.0591593874953025,0.8628254733395254,11
sp|P26196|DDX6_HUMAN,0.7290449290684955,0.010911752877143632,11
sp|P26232|CTNA2_HUMAN,0.2749434338239043,0.413213700386238,11
sp|P26321|RL5_YEAST,0.946215311105962,1.050976597199849e-05,11
sp|P26358|DNMT1_HUMAN,0.38386296739103204,0.2438257998663984,11
sp|P26368|U2AF2_HUMAN,0.4718435525331482,0.14284908178823727,11
sp|P26373|RL13_HUMAN,0.012035894273686731,0.9719826525747494,11
sp|P26378|ELAV4_HUMAN,0.3519338911591288,0.2885063455615889,11
sp|P26440|IVD_HUMAN,0.48100527608693366,0.1341859925353205,11
sp|P26572|MGAT1_HUMAN,0.015934497508224232,0.9797124262463407,5
sp|P26583|HMGB2_HUMAN,0.22684189623785617,0.502369102161424,11
sp|P26599|PTBP1_HUMAN,0.2242861184239257,0.5073255421318152,11
sp|P26637|SYLC_YEAST,0.9718829175756329,5.891204111947568e-07,11
sp|P26639|SYTC_HUMAN,-0.24825499471889487,0.46169021746916106,11
sp|P26640|SYVC_HUMAN,-0.25165030514472353,0.4553829921516299,11
sp|P26641|EF1G_HUMAN,0.14333595310666192,0.6741604996409486,11
sp|P26783|RS5_YEAST,0.989578973456631,6.942549790988512e-09,11
sp|P26784|RL16A_YEAST,0.9844356883928134,4.190757243615141e-08,11
sp|P26785|RL16B_YEAST,0.9649110670920633,1.5802163339464007e-06,11
sp|P26786|RS7A_YEAST,0.9685266879973675,9.737970157155383e-07,11
sp|P26885|FKBP2_HUMAN,0.24074098228381885,0.47578937468316473,11
sp|P26992|CNTFR_HUMAN,-0.01926897741072047,0.9551572124507172,11
sp|P27144|KAD4_HUMAN,0.1915439812642569,0.5726157048734831,11
sp|P27348|1433T_HUMAN,-0.0045557697689889015,0.9893934705880651,11
sp|P27361|MK03_HUMAN,0.31804490175693817,0.3405170486770057,11
sp|P27448|MARK3_HUMAN,0.463445357035304,0.15109220587311972,11
sp|P27449|VATL_HUMAN,-0.49430727906270355,0.14642670515064168,10
sp|P27476|NSR1_YEAST,0.9824946306010403,7.09192476241912e-08,11
sp|P27540|ARNT_HUMAN,0.063167404469651,0.9368325955303489,4
sp|P27616|PUR7_YEAST,0.9889335931115047,9.089681414096537e-09,11
sp|P27635|RL10_HUMAN,0.1937539603480199,0.5681083439384745,11
sp|P27694|RFA1_HUMAN,0.44638902339266884,0.16873123002581522,11
sp|P27695|APEX1_HUMAN,-0.2273889537562473,0.5013109327499009,11
sp|P27707|DCK_HUMAN,-0.06619051892843941,0.846679715464583,11
sp|P27708|PYR1_HUMAN,0.06361643665846745,0.8525848126761406,11
sp|P27797|CALR_HUMAN,0.2882433048995008,0.39002493285170403,11
sp|P27816|MAP4_HUMAN,0.46729837902474886,0.14727431726127344,11
sp|P27824|CALX_HUMAN,-0.35328673672584066,0.28652730433149176,11
sp|P28062|PSB8_HUMAN,0.4902363564690466,0.12580197816108732,11
sp|P28066|PSA5_HUMAN,0.14484249668054683,0.6709012858806438,11
sp|P28070|PSB4_HUMAN,-0.4705602813143135,0.1440898999929604,11
sp|P28072|PSB6_HUMAN,0.12172203718456417,0.721450105964754,11
sp|P28074|PSB5_HUMAN,-0.03344012447788147,0.9222458725680329,11
sp|P28161|GSTM2_HUMAN,-0.14669047921108558,0.7815425311410414,6
sp|P28241|IDH2_YEAST,0.8523778996173377,0.03107991537549125,6
sp|P28272|PYRD_YEAST,0.9815610171793778,8.947984094825383e-08,11
sp|P28274|URA7_YEAST,0.9425840319224648,1.4027177976030475e-05,11
sp|P28288|ABCD3_HUMAN,-0.5242695086702607,0.09781832265062496,11
sp|P28289|TMOD1_HUMAN,0.3032118773994794,0.36472749313263075,11
sp|P28290|ITPI2_HUMAN,-0.21899943548326828,0.5176444496996376,11
sp|P28331|NDUS1_HUMAN,0.005679093713283095,0.986778377833651,11
sp|P28340|DPOD1_HUMAN,-0.328435170383455,0.3240771558960857,11
sp|P28347|TEAD1_HUMAN,0.3054677118280187,0.3609899467650417,11
sp|P28370|SMCA1_HUMAN,-0.04381717623073507,0.8982126155779854,11
sp|P28482|MK01_HUMAN,0.26386140658172347,0.43303364701067937,11
sp|P28676|GRAN_HUMAN,0.3631394056598306,0.27234235067342005,11
sp|P28702|RXRB_HUMAN,-0.013792972960703975,0.9698336111231082,10
sp|P28707|SBA1_YEAST,0.9271687455409211,0.0009138261290920631,8
sp|P28777|AROC_YEAST,0.988847646452786,6.677596514254857e-08,10
sp|P28834|IDH1_YEAST,0.953011096266174,5.77982645575445e-06,11
sp|P28838|AMPL_HUMAN,0.21774829340130103,0.5200994824398524,11
sp|P29083|T2EA_HUMAN,0.05914327938629595,0.8710756749470355,10
sp|P29084|T2EB_HUMAN,0.016858378144532157,0.9607631760261212,11
sp|P29144|TPP2_HUMAN,0.46929817922789996,0.14531683802542164,11
sp|P29218|IMPA1_HUMAN,-0.011185858165845039,0.9739607806095901,11
sp|P29311|BMH1_YEAST,0.9216160167415941,0.00041092589869257064,9
sp|P29317|EPHA2_HUMAN,-0.1449509697108819,0.6706668139248488,11
sp|P29323|EPHB2_HUMAN,-0.7345926537858443,0.26540734621415574,4
sp|P29353|SHC1_HUMAN,0.03326087291760357,0.9226615853567193,11
sp|P29372|3MG_HUMAN,-0.232668352867038,0.4911491915606359,11
sp|P29375|KDM5A_HUMAN,0.1060414890691978,0.8652372495975962,5
sp|P29401|TKT_HUMAN,-0.20746799484399314,0.5404561634467114,11
sp|P29453|RL8B_YEAST,0.9627932018548263,3.15427529670338e-05,9
sp|P29509|TRXB1_YEAST,0.9795628039424544,1.4175981605562176e-07,11
sp|P29547|EF1G1_YEAST,0.9241144791321219,4.789174141444729e-05,11
sp|P29590|PML_HUMAN,0.5026122461387609,0.11509829770085532,11
sp|P29692|EF1D_HUMAN,-0.005123463598522893,0.9880718689179685,11
sp|P29704|FDFT_YEAST,0.3597209294616786,0.7657437962191089,3
sp|P29762|RABP1_HUMAN,0.46907487403422654,0.14553460245264369,11
sp|P29952|MPI_YEAST,0.9782049501162867,1.8898031634033416e-07,11
sp|P29966|MARCS_HUMAN,0.49683299483366394,0.12002066143664354,11
sp|P29992|GNA11_HUMAN,-0.1752348093301858,0.6282294566530638,10
sp|P30038|AL4A1_HUMAN,0.011299884047037217,0.97528465964533,10
sp|P30040|ERP29_HUMAN,-0.07384537862104673,0.8291618288576221,11
sp|P30041|PRDX6_HUMAN,-0.3262994774694559,0.3274210490236467,11
sp|P30043|BLVRB_HUMAN,0.27285937924763426,0.4169067974886901,11
sp|P30044|PRDX5_HUMAN,-0.35908669505586915,0.27812838219127195,11
sp|P30048|PRDX3_HUMAN,-0.2525025984182718,0.4538060373853071,11
sp|P30050|RL12_HUMAN,0.07854431313719018,0.8184424845549605,11
sp|P30084|ECHM_HUMAN,-0.4257417498843023,0.19170893987392623,11
sp|P30085|KCY_HUMAN,-0.652264148427181,0.029621283436248542,11
sp|P30086|PEBP1_HUMAN,0.3220908793651295,0.3340640601107068,11
sp|P30101|PDIA3_HUMAN,0.384470714059291,0.24301665754947385,11
sp|P30153|2AAA_HUMAN,0.09567566168436092,0.7796096254166353,11
sp|P30154|2AAB_HUMAN,-0.4090793137048415,0.2115592311678973,11
sp|P30260|CDC27_HUMAN,-0.12571218883995872,0.7126484538352098,11
sp|P30405|PPIF_HUMAN,0.13773689647739795,0.6863170817862637,11
sp|P30414|NKTR_HUMAN,0.23107199510162615,0.49421221644389074,11
sp|P30419|NMT1_HUMAN,-0.4047609235776536,0.21689482930884174,11
sp|P30519|HMOX2_HUMAN,0.13650235024743643,0.6890066207576648,11
sp|P30520|PURA2_HUMAN,-0.33357201980879264,0.31610954745355985,11
sp|P30530|UFO_HUMAN,-0.0029638781095553957,0.9970361218904447,4
sp|P30533|AMRP_HUMAN,0.1924639729198925,0.5707376421492424,11
sp|P30566|PUR8_HUMAN,-0.12220066760764817,0.720392697764258,11
sp|P30622|CLIP1_HUMAN,-0.06807863707502528,0.8423527400325452,11
sp|P30624|LCF1_YEAST,0.799767201124251,0.009664850429848392,9
sp|P30626|SORCN_HUMAN,0.7010958012193068,0.01623056371557649,11
sp|P30665|MCM4_YEAST,0.6884774239352884,0.31152257606471156,4
sp|P30740|ILEU_HUMAN,-0.030067670842892247,0.9300699504652975,11
sp|P30793|GCH1_HUMAN,-0.22522715654293102,0.5315566364614067,10
sp|P30822|XPO1_YEAST,0.9188349874636359,0.0811650125363641,4
sp|P30825|SL7A1_HUMAN,0.5019352321870031,0.13933425858926818,10
sp|P30837|AL1B1_HUMAN,-0.04799335183674264,0.8885611763617515,11
sp|P30876|RPB2_HUMAN,0.3973171897348747,0.22627656401207474,11
sp|P31040|SDHA_HUMAN,0.05578579901957084,0.8705894390389437,11
sp|P31116|DHOM_YEAST,0.9828912756978315,6.400603709509091e-08,11
sp|P31146|COR1A_HUMAN,0.047719803169798056,0.8891929643950718,11
sp|P31150|GDIA_HUMAN,0.29353656862623345,0.38098107934197306,11
sp|P31153|METK2_HUMAN,-0.3520741266887179,0.2883008482470636,11
sp|P31323|KAP3_HUMAN,-0.13292467458247448,0.6968189949324723,11
sp|P31350|RIR2_HUMAN,0.0830718371748112,0.8081404733105975,11
sp|P31373|CYS3_YEAST,0.9890855717158351,8.543152614928067e-09,11
sp|P31412|VATC_YEAST,0.7173986065266026,0.029572681797559036,9
sp|P31483|TIA1_HUMAN,-0.10936083618289841,0.7489060018720418,11
sp|P31539|HS104_YEAST,0.971440904000834,6.315535510192095e-07,11
sp|P31689|DNJA1_HUMAN,0.057000756467211505,0.8677921250055053,11
sp|P31749|AKT1_HUMAN,-0.24971517237653992,0.45897285291796974,11
sp|P31751|AKT2_HUMAN,0.15197937171357362,0.7449611547709164,7
sp|P31930|QCR1_HUMAN,0.5824528744011372,0.06007270993952681,11
sp|P31937|3HIDH_HUMAN,-0.07486367340945538,0.8268365850850158,11
sp|P31939|PUR9_HUMAN,0.5904348497003932,0.055821529927011476,11
sp|P31942|HNRH3_HUMAN,-0.07689615629164928,0.8221992212942926,11
sp|P31943|HNRH1_HUMAN,-0.048683656447771714,0.8869671082046291,11
sp|P31946|1433B_HUMAN,-0.05212423020472179,0.8790277609557058,11
sp|P31947|1433S_HUMAN,0.10900818966161407,0.7496932870638137,11
sp|P31948|STIP1_HUMAN,0.21399842479873724,0.5274869845718408,11
sp|P31949|S10AB_HUMAN,0.4340001106216447,0.18230386214342714,11
sp|P32004|L1CAM_HUMAN,0.40403710789886077,0.21779683808681496,11
sp|P32074|COPG_YEAST,0.6951721186296841,0.03762685882711571,9
sp|P32119|PRDX2_HUMAN,0.2352956378618983,0.4861263916407469,11
sp|P32121|ARRB2_HUMAN,-0.5160421579916268,0.37340915826306537,5
sp|P32263|P5CR_YEAST,0.9782946143941124,1.8553085972967006e-07,11
sp|P32288|GLNA_YEAST,0.9867749276702389,2.0205128224760658e-08,11
sp|P32297|ACHA3_HUMAN,0.0862225140558299,0.9137774859441701,4
sp|P32321|DCTD_HUMAN,0.08905454276585721,0.7945693840744764,11
sp|P32322|P5CR1_HUMAN,-0.3308024388212095,0.3203921291206769,11
sp|P32324|EF2_YEAST,0.9914736196096889,2.821923589851288e-09,11
sp|P32327|PYC2_YEAST,0.13930472549375209,0.8232070587123309,5
sp|P32366|VA0D_YEAST,0.9739397384401447,4.338594084047964e-05,8
sp|P32368|SAC1_YEAST,-0.08412317582846565,0.8296330962575872,9
sp|P32377|MVD1_YEAST,0.7518387740712327,0.007617879787881957,11
sp|P32379|PSA5_YEAST,0.7973155774029563,0.031742615541276005,7
sp|P32381|ARP2_YEAST,-0.4364834991343795,0.27959966002094744,8
sp|P32449|AROG_YEAST,0.9639895176135858,7.043718034590485e-06,10
sp|P32454|APE2_YEAST,-0.19611408221280074,0.7096002223813086,6
sp|P32455|GBP1_HUMAN,0.6419256055222069,0.3580743944777931,4
sp|P32456|GBP2_HUMAN,-0.29509255668849477,0.407820210410891,10
sp|P32466|HXT3_YEAST,-0.6241409333615823,0.053768254977549466,10
sp|P32471|EF1B_YEAST,0.9713849105750327,6.370931231398294e-07,11
sp|P32473|ODPB_YEAST,0.9654628840663521,1.4726033595856696e-06,11
sp|P32481|IF2G_YEAST,0.9672585915053371,1.161094121431614e-06,11
sp|P32495|NHP2_YEAST,0.9559495637812244,0.18966076567738918,3
sp|P32496|RPN12_YEAST,0.38689289713994124,0.4486169014160303,6
sp|P32497|EIF3C_YEAST,0.4663650366621226,0.1742545683271354,10
sp|P32499|NUP2_YEAST,0.9502567868211506,0.0010318486048750321,7
sp|P32519|ELF1_HUMAN,-0.39628031422313503,0.5089760680270485,5
sp|P32527|ZUO1_YEAST,0.9937422517841719,7.03720302408894e-10,11
sp|P32558|SPT16_YEAST,0.745698745855774,0.021072041734340036,9
sp|P32563|VPH1_YEAST,0.7381306551168176,0.01478773735653635,10
sp|P32565|RPN2_YEAST,0.9837742012493638,0.002475045233790654,5
sp|P32582|CBS_YEAST,0.9926013167495784,1.4928025553467243e-09,11
sp|P32588|PUB1_YEAST,0.9841471168904903,6.0259590473314355e-05,7
sp|P32589|HSP7F_YEAST,0.9901036516683623,5.506639278458487e-09,11
sp|P32598|PP12_YEAST,0.908580002323719,0.00010820823742432654,11
sp|P32599|FIMB_YEAST,0.9725397395863213,5.301778451171241e-07,11
sp|P32614|FRDS_YEAST,0.8584875695597629,0.0030479224544707174,9
sp|P32628|RAD23_YEAST,0.7218294423658709,0.012141297008687815,11
sp|P32780|TF2H1_HUMAN,0.06861744206916184,0.8411186801529804,11
sp|P32861|UGPA1_YEAST,0.9709527994752926,6.81118349950648e-07,11
sp|P32895|KPR1_YEAST,0.8892460602211076,0.001333765060374945,9
sp|P32911|SUI1_YEAST,0.839284997259627,0.0012348608858179367,11
sp|P32969|RL9_HUMAN,-0.002513577384065213,0.9941479085093607,11
sp|P33121|ACSL1_HUMAN,-0.06392575698524583,0.8518748487148052,11
sp|P33176|KINH_HUMAN,0.2460670892790824,0.4657756339309156,11
sp|P33201|MRT4_YEAST,0.8043075115727432,0.01609322128622516,8
sp|P33240|CSTF2_HUMAN,-0.34422182564646864,0.2999319075273479,11
sp|P33302|PDR5_YEAST,0.7735951935044645,0.008657287460626361,10
sp|P33316|DUT_HUMAN,0.6916790508766775,0.018380674082547677,11
sp|P33322|CBF5_YEAST,0.5051462023702717,0.24752476359329253,7
sp|P33330|SERC_YEAST,0.9721864613127362,5.612828662763762e-07,11
sp|P33399|LHP1_YEAST,0.875477903270848,0.00438744586568603,8
sp|P33442|RS3A1_YEAST,0.9751600019853314,3.389050866531127e-07,11
sp|P33527|MRP1_HUMAN,0.39982306210527585,0.22309219567942418,11
sp|P33892|GCN1_YEAST,0.7303375533977465,0.016457027957444716,10
sp|P33897|ABCD1_HUMAN,-0.6681922298680572,0.024619883741135766,11
sp|P33981|TTK_HUMAN,-0.19027090612447192,0.5752185160747361,11
sp|P33991|MCM4_HUMAN,0.28131167482123287,0.40202809166247333,11
sp|P33992|MCM5_HUMAN,0.33802948273126776,0.30928224762907497,11
sp|P33993|MCM7_HUMAN,-0.26769231370755564,0.4261317146267708,11
sp|P34059|GALNS_HUMAN,0.20001459589355722,0.5554159845009357,11
sp|P34167|IF4B_YEAST,0.9909460988221296,3.6943313541787146e-09,11
sp|P34216|EDE1_YEAST,0.870774126904154,0.0022459338618909036,9
sp|P34223|UBX1_YEAST,0.8821024061762075,0.1178975938237925,4
sp|P34760|TSA1_YEAST,0.9784816858986966,1.784911744706526e-07,11
sp|P34896|GLYC_HUMAN,-0.41335909600409837,0.2063489378412501,11
sp|P34897|GLYM_HUMAN,0.10101515727016025,0.7675940162848292,11
sp|P34932|HSP74_HUMAN,0.22410514847695925,0.5076772962286559,11
sp|P34949|MPI_HUMAN,-0.246136680656688,0.4656454344604188,11
sp|P35080|PROF2_HUMAN,0.07986110447888153,0.8154435049958432,11
sp|P35176|CYPD_YEAST,0.9341194320700721,0.0006799897953105088,8
sp|P35197|GCS1_YEAST,0.9714623677479955,0.005762261037400198,5
sp|P35221|CTNA1_HUMAN,0.16423600554506343,0.6294160905838662,11
sp|P35222|CTNB1_HUMAN,-0.3549155287513013,0.28415460745332277,11
sp|P35226|BMI1_HUMAN,-0.05554483703466642,0.9444551629653335,4
sp|P35227|PCGF2_HUMAN,0.41056991815403987,0.360224328688771,7
sp|P35232|PHB_HUMAN,-0.014402795598307247,0.9664753892594844,11
sp|P35237|SPB6_HUMAN,-0.12169240864682523,0.7215155768424416,11
sp|P35240|MERL_HUMAN,0.34561844866192765,0.4017221397193856,8
sp|P35241|RADI_HUMAN,0.43679800473919345,0.17918243340175222,11
sp|P35244|RFA3_HUMAN,-0.1830166337410426,0.5901366434264304,11
sp|P35249|RFC4_HUMAN,0.1257364950878832,0.7125949331672383,11
sp|P35250|RFC2_HUMAN,-0.15472716452206106,0.6496452681115712,11
sp|P35251|RFC1_HUMAN,0.6119916096899489,0.0453757976225509,11
sp|P35269|T2FA_HUMAN,-0.3167450646557203,0.3426039891237625,11
sp|P35270|SPRE_HUMAN,-0.11611817660162478,0.7338625103158362,11
sp|P35520|CBS_HUMAN,-0.1420617498602726,0.6769210060187649,11
sp|P35527|K1C9_HUMAN,0.6164972315649808,0.043376992488146,11
sp|P35573|GDE_HUMAN,-0.2274155753044091,0.501259463648613,11
sp|P35579|MYH9_HUMAN,0.2357006616765221,0.4853541115605783,11
sp|P35580|MYH10_HUMAN,0.5968215994492747,0.05257138595907066,11
sp|P35606|COPB2_HUMAN,0.06237444594343136,0.8554364617221563,11
sp|P35610|SOAT1_HUMAN,-0.5490459454516352,0.08024518669193294,11
sp|P35611|ADDA_HUMAN,-0.14365526945624205,0.6734692776861247,11
sp|P35612|ADDB_HUMAN,0.5046127584776444,0.11342523419187907,11
sp|P35613|BASI_HUMAN,-0.1360213702120446,0.6900553440493304,11
sp|P35626|ARBK2_HUMAN,0.09997331657456443,0.831126900556093,7
sp|P35637|FUS_HUMAN,-0.10637796958065847,0.7555719866261501,11
sp|P35658|NU214_HUMAN,0.4587624424159375,0.15581491301732373,11
sp|P35659|DEK_HUMAN,-0.2441559862144114,0.4693576248485072,11
sp|P35691|TCTP_YEAST,0.9849751502588624,3.5784164300059566e-08,11
sp|P35719|MRP8_YEAST,0.9078865082831715,0.09211349171682848,4
sp|P35732|DEF1_YEAST,0.8432029702069211,0.017151731701453267,7
sp|P35754|GLRX1_HUMAN,0.1980579662544622,0.5593704552388012,11
sp|P35813|PPM1A_HUMAN,0.20263354445981963,0.5501405769640799,11
sp|P35844|KES1_YEAST,0.894219617511024,0.0027292789658817803,8
sp|P35908|K22E_HUMAN,0.8710187127234641,0.0004814923048435029,11
sp|P35997|RS27A_YEAST;sp|P38711|RS27B_YEAST,0.8856506578360883,0.0006501871624265922,10
sp|P35998|PRS7_HUMAN,-0.21435067927452228,0.5267911535154857,11
sp|P36008|EF1G2_YEAST,0.9915183725354759,2.756058099701373e-09,11
sp|P36010|NDK_YEAST,0.9463657788985775,0.0003703652916817248,8
sp|P36013|MAOM_YEAST,0.6105786953159522,0.10787657813794418,8
sp|P36015|YKT6_YEAST,0.9256690484877308,0.00808229291752453,6
sp|P36404|ARL2_HUMAN,0.5166010264475571,0.10372840216152067,11
sp|P36405|ARL3_HUMAN,-0.6357088697896833,0.03553534453256621,11
sp|P36421|SYYC_YEAST,0.9745153003735134,4.0591999458187176e-05,8
sp|P36507|MP2K2_HUMAN,-0.04156096555991165,0.9034321106489459,11
sp|P36542|ATPG_HUMAN,0.058026590566697636,0.8654313058418989,11
sp|P36543|VATE1_HUMAN,-0.05358722612709034,0.8756547915602185,11
sp|P36551|HEM6_HUMAN,-0.021608882818826947,0.9497173924210078,11
sp|P36578|RL4_HUMAN,-0.48512606787391077,0.1304007881962159,11
sp|P36639|8ODP_HUMAN,-0.38697176296766794,0.23970314269470014,11
sp|P36776|LONM_HUMAN,-0.02135387061465918,0.9503101558828663,11
sp|P36871|PGM1_HUMAN,-0.3504940427818073,0.29062094631366014,11
sp|P36873|PP1G_HUMAN,-0.262088820677459,0.4644657808684876,10
sp|P36915|GNL1_HUMAN,-0.48096238924044044,0.13422574878186905,11
sp|P36957|ODO2_HUMAN,0.3250102620545712,0.329448460413839,11
sp|P36969|GPX4_HUMAN,0.3757369779272519,0.25479347208237674,11
sp|P37108|SRP14_HUMAN,-0.025434719541740924,0.9408273178910653,11
sp|P37198|NUP62_HUMAN,0.03639151884444715,0.9154037008073989,11
sp|P37235|HPCL1_HUMAN,-0.0008442677169117896,0.9980343695550202,11
sp|P37268|FDFT_HUMAN,0.40365485397887957,0.2182740890158794,11
sp|P37275|ZEB1_HUMAN,0.02132750668173654,0.9503714388562358,11
sp|P37291|GLYC_YEAST,0.9900042257757112,5.759186777810168e-09,11
sp|P37292|GLYM_YEAST,0.9556796365082088,4.460042044274933e-06,11
sp|P37302|APE3_YEAST,0.7559175774241811,0.007115993311733439,11
sp|P37303|GLY1_YEAST,0.8237447088858662,0.0018268224783717245,11
sp|P37802|TAGL2_HUMAN,0.28832884188814234,0.389877942705908,11
sp|P37837|TALDO_HUMAN,-0.19471419860107608,0.56615425107808,11
sp|P37840|SYUA_HUMAN,0.33749123138131965,0.3101023808430023,11
sp|P37898|AAP1_YEAST,-0.850114740890315,0.06807049448586078,5
sp|P38009|PUR92_YEAST,0.9682122029478175,1.0178914704380702e-06,11
sp|P38011|GBLP_YEAST,0.9961453437913641,7.979051548125207e-11,11
sp|P38013|AHP1_YEAST,0.9908492616351701,3.874959534472547e-09,11
sp|P38061|RL32_YEAST,0.978396265871813,1.8167945346159272e-07,11
sp|P38075|PDX3_YEAST,-0.8992859260058781,0.10071407399412191,4
sp|P38077|ATPG_YEAST,0.9619174966234636,0.17625678418515583,3
sp|P38088|SYG_YEAST,0.9862392972516443,2.4138949152032262e-08,11
sp|P38115|ARA1_YEAST,0.13654065271243984,0.7703560839412222,7
sp|P38117|ETFB_HUMAN,0.37034881010721393,0.2622183464885472,11
sp|P38159|RBMX_HUMAN,0.2742048783179555,0.4145206492809097,11
sp|P38197|PLPHP_YEAST,0.7110301909910278,0.28896980900897207,4
sp|P38205|NCL1_YEAST,0.8363595372876005,0.0049540435531069855,9
sp|P38219|OLA1_YEAST,0.9728907923940088,5.006069716033482e-07,11
sp|P38248|ECM33_YEAST,0.9890164249661805,8.788550929836503e-09,11
sp|P38249|EIF3A_YEAST,0.9008319912974598,0.0001542594804995805,11
sp|P38264|PHO88_YEAST,0.7718428219008319,0.005385474661856014,11
sp|P38398|BRCA1_HUMAN,-0.6970929007281944,0.5089530015553279,3
sp|P38431|IF5_YEAST,0.9837397022083227,5.097423650648401e-08,11
sp|P38432|COIL_HUMAN,0.18919060774646637,0.5774307894776364,11
sp|P38435|VKGC_HUMAN,-0.29568386929802315,0.40683661903745955,10
sp|P38523|GRPE_YEAST,0.6147358765096863,0.26985215913922256,5
sp|P38571|LICH_HUMAN,0.4471901354711242,0.4502115726789525,5
sp|P38606|VATA_HUMAN,-0.07141966305577725,0.8347058014066037,11
sp|P38625|GUAA_YEAST,0.9804485234372213,1.1628405896968378e-07,11
sp|P38626|NCB5R_YEAST,0.3501343406474491,0.6498656593525509,4
sp|P38631|FKS1_YEAST,0.9166280365682353,0.00019095557595128493,10
sp|P38646|GRP75_HUMAN,0.3527478098665944,0.2873147814786246,11
sp|P38689|KPR3_YEAST,0.6321534552567396,0.17807976400939235,6
sp|P38701|RS20_YEAST,0.9832923400802903,5.7558956769671144e-08,11
sp|P38707|SYNC_YEAST,0.9347358186066628,2.4681166583039023e-05,11
sp|P38708|YHI0_YEAST,0.9499560048192943,7.639852707438126e-06,11
sp|P38720|6PGD1_YEAST,0.9835445208257843,5.37709593555389e-08,11
sp|P38764|RPN1_YEAST,0.9545225528874106,5.000053078205178e-06,11
sp|P38777|FSH1_YEAST,0.7198584530743071,0.012493887590511383,11
sp|P38779|CIC1_YEAST,-0.20667066660075784,0.8674742689777344,3
sp|P38788|SSZ1_YEAST,0.9898393990828469,6.197572011143773e-09,11
sp|P38791|DHYS_YEAST,0.7308822409309528,0.016336291563179665,10
sp|P38845|CRP1_YEAST,-0.9959919598068273,0.057017256607460966,3
sp|P38858|SOL3_YEAST,-0.9197770648184707,0.25673875481419733,3
sp|P38861|NMD3_YEAST,-0.04020230018614923,0.9597976998138509,4
sp|P38879|NACA_YEAST,0.9906252009552483,4.319202730755375e-09,11
sp|P38886|RPN10_YEAST,0.8527117688442658,0.014747436831863154,7
sp|P38891|BCA1_YEAST,0.14642065994168701,0.7819385670587621,6
sp|P38910|CH10_YEAST,0.9840441965652622,4.6837859724702434e-08,11
sp|P38911|FKBP3_YEAST,0.8676450021546273,0.0005380786580056721,11
sp|P38919|IF4A3_HUMAN,0.24704885231337514,0.46394037745160976,11
sp|P38934|BFR1_YEAST,0.9696303813888244,8.30613105978035e-07,11
sp|P38968|SEC31_YEAST,0.8890521242664511,0.001341693766496942,9
sp|P38972|PUR4_YEAST,0.9836176554514979,5.270943902312439e-08,11
sp|P38986|ASPG1_YEAST,0.098957213389597,0.8520487006600704,6
sp|P38999|LYS9_YEAST,0.573178472775273,0.6114203435853015,3
sp|P39015|STM1_YEAST,0.9638994935594898,1.7931769372696834e-06,11
sp|P39019|RS19_HUMAN,0.30139377980497617,0.36775416487980256,11
sp|P39023|RL3_HUMAN,0.3764679858937947,0.25379550027950926,11
sp|P39076|TCPB_YEAST,0.929492296342074,0.0008306081191437131,8
sp|P39077|TCPG_YEAST,0.9765034518107993,2.643975282085693e-07,11
sp|P39078|TCPD_YEAST,0.9571859756406595,0.010565840135573965,5
sp|P39517|DHH1_YEAST,0.9282754740928121,0.00010611336737342205,10
sp|P39522|ILV3_YEAST,0.9848609852402921,3.70180146160598e-08,11
sp|P39533|ACON2_YEAST,0.9103413535582554,0.2716381471310443,3
sp|P39656|OST48_HUMAN,0.16723393216153032,0.6230846058124493,11
sp|P39676|FHP_YEAST,0.9662315679050474,1.3322375795668154e-06,11
sp|P39683|NPT1_YEAST,-0.8833761251047197,0.3105295067403295,3
sp|P39687|AN32A_HUMAN,0.08152041824867085,0.8116676009643157,11
sp|P39730|IF2P_YEAST,0.7803599131370318,0.022317622875893575,8
sp|P39744|NOC2_YEAST,-0.785247413854473,0.425071479881512,3
sp|P39748|FEN1_HUMAN,-0.07904232396054611,0.8173080108233632,11
sp|P39880|CUX1_HUMAN,-0.1259806330182873,0.7120574229799704,11
sp|P39931|SS120_YEAST,0.6378902107973635,0.5596146985387157,3
sp|P39935|IF4F1_YEAST,0.9804589320844468,0.0001014525507167681,7
sp|P39954|SAHH_YEAST,0.9875849340172457,1.5221137749421362e-08,11
sp|P39976|DLD3_YEAST,0.971224137406306,6.532079417071532e-07,11
sp|P39986|SPF1_YEAST,0.7441306739534689,0.4657279483138861,3
sp|P39990|SNU13_YEAST,0.9947598605208696,0.005240139479130379,4
sp|P40007|NOP16_YEAST,0.46862855055339037,0.6894965604939731,3
sp|P40010|NUG1_YEAST,-0.9624721454390661,0.17496033832266072,3
sp|P40016|RPN3_YEAST,0.04612508327709003,0.9706254378539069,3
sp|P40024|ARB1_YEAST,0.982002925060679,8.027757105132683e-08,11
sp|P40047|ALDH5_YEAST,0.4660302860461448,0.42887072594883024,5
sp|P40069|IMB4_YEAST,0.9867797495784106,2.017213845666111e-08,11
sp|P40075|SCS2_YEAST,0.9792743038982955,1.5092720101284623e-07,11
sp|P40121|CAPG_HUMAN,0.03639746845043636,0.9153899129891864,11
sp|P40123|CAP2_HUMAN,-0.16027284037975958,0.6378205383478504,11
sp|P40150|SSB2_YEAST,0.958190231547858,3.443187304854791e-06,11
sp|P40159|YNU8_YEAST,0.9755352449478105,0.02446475505218948,4
sp|P40185|MMF1_YEAST,0.9952829381259751,1.9769732484177596e-10,11
sp|P40212|RL13B_YEAST;sp|Q12690|RL13A_YEAST,0.9836679282318348,5.198922647242703e-08,11
sp|P40217|EIF3I_YEAST,0.9474467826166237,9.486526643682154e-06,11
sp|P40222|TXLNA_HUMAN,0.18554989638604985,0.5849104684046552,11
sp|P40227|TCPZ_HUMAN,0.33626642053654276,0.31197301252444193,11
sp|P40261|NNMT_HUMAN,-0.2936305737546347,0.5227257314679252,7
sp|P40302|PSA6_YEAST,-0.11150472658070126,0.7441244075128973,11
sp|P40413|TCPE_YEAST,0.7542157746114774,0.05013277652778959,7
sp|P40425|PBX2_HUMAN,0.14283585431624574,0.7139190899995119,9
sp|P40426|PBX3_HUMAN,0.38685311695779534,0.2398597368693556,11
sp|P40482|SEC24_YEAST,-0.6685408864535713,0.33145911354642865,4
sp|P40495|LYS12_YEAST,0.9534319176190261,6.855166211242897e-05,9
sp|P40509|COPE_YEAST,-0.9358305340988029,0.22930288472675162,3
sp|P40518|ARPC5_YEAST,0.9155224077144687,0.02909812541457628,5
sp|P40531|GVP36_YEAST,0.9940987863985649,5.407255780372897e-10,11
sp|P40616|ARL1_HUMAN,0.3959909096707711,0.22797266082049333,11
sp|P40692|MLH1_HUMAN,-0.13111860560205035,0.7007729223447131,11
sp|P40763|STAT3_HUMAN,-0.44188741251268016,0.1735886454775856,11
sp|P40818|UBP8_HUMAN,0.44504935935020307,0.17016793063232163,11
sp|P40825|SYA_YEAST,0.9907926533355265,3.9836800871401465e-09,11
sp|P40855|PEX19_HUMAN,0.008024313946609525,0.9813191197819183,11
sp|P40925|MDHC_HUMAN,0.07200203778879925,0.8333741587847887,11
sp|P40926|MDHM_HUMAN,0.4022837126196635,0.21999105307868033,11
sp|P40937|RFC5_HUMAN,-0.18578126851456866,0.5844340257917329,11
sp|P40938|RFC3_HUMAN,0.12505597755567666,0.7140938243779295,11
sp|P40939|ECHA_HUMAN,0.5948930775015069,0.05353876925060879,11
sp|P40991|NOP2_YEAST,0.9636353565729575,0.0363646434270426,4
sp|P41091|IF2G_HUMAN,0.36572439312610183,0.26868742030558174,11
sp|P41208|CETN2_HUMAN,-0.90713418452782,0.27653029488432396,3
sp|P41214|EIF2D_HUMAN,0.35531746990366075,0.2835707764405774,11
sp|P41217|OX2G_HUMAN,-0.4896376425253599,0.18093176717085938,9
sp|P41223|BUD31_HUMAN,0.2821810131341691,0.7178189868658309,4
sp|P41227|NAA10_HUMAN,0.1874536254363984,0.5809947242298324,11
sp|P41229|KDM5C_HUMAN,-0.2494459196150028,0.6335917905832521,6
sp|P41240|CSK_HUMAN,-0.7174041499961215,0.012943213885248089,11
sp|P41250|GARS_HUMAN,0.34518167067766453,0.2984965815265552,11
sp|P41252|SYIC_HUMAN,-0.4053164260629496,0.2162040686350153,11
sp|P41277|GPP1_YEAST,0.9895338661927566,7.0783471328306384e-09,11
sp|P41338|THIL_YEAST,0.9439930425515157,1.2569187699573613e-05,11
sp|P41743|KPCI_HUMAN,0.08912169039713091,0.8065873908881911,10
sp|P41805|RL10_YEAST,0.9834989009318824,5.4441460114972585e-08,11
sp|P41807|VATH_YEAST,0.8707980776144744,0.0004850488135638177,11
sp|P41810|COPB_YEAST,0.1391119779984117,0.7661146605957749,7
sp|P41811|COPB2_YEAST,0.8284958133070637,0.0016272371448788818,11
sp|P41920|YRB1_YEAST,0.9631907993735298,7.68227541202952e-06,10
sp|P41921|GSHR_YEAST,0.8898309472141396,0.0005631366153327312,10
sp|P41940|MPG1_YEAST,0.9915769848864804,2.6716076081759e-09,11
sp|P42025|ACTY_HUMAN,0.05119093081521879,0.8811804499415412,11
sp|P42126|ECI1_HUMAN,-0.5264730222640054,0.0961618200906884,11
sp|P42166|LAP2A_HUMAN,-0.0016960514401015148,0.9960512502560993,11
sp|P42167|LAP2B_HUMAN,-0.050101498513785536,0.8836941774641938,11
sp|P42224|STAT1_HUMAN,0.5516702525257142,0.07851702665389185,11
sp|P42285|MTREX_HUMAN,-0.3078255246722272,0.35710463603278164,11
sp|P42345|MTOR_HUMAN,-0.24127513933644076,0.4747807440142107,11
sp|P42356|PI4KA_HUMAN,0.268471761561353,0.4848682288091642,9
sp|P42566|EPS15_HUMAN,0.39877032726034656,0.22442674750085415,11
sp|P42574|CASP3_HUMAN,-0.26095616862734883,0.43830301020974255,11
sp|P42684|ABL2_HUMAN,0.3059400088930442,0.3602099365051258,11
sp|P42694|HELZ_HUMAN,0.25730436051843447,0.4449691228413533,11
sp|P42695|CNDD3_HUMAN,0.27099847931822385,0.4202179024964921,11
sp|P42696|RBM34_HUMAN,-0.37780203808838386,0.251980020726008,11
sp|P42704|LPPRC_HUMAN,0.3656435826234635,0.2688012578392655,11
sp|P42765|THIM_HUMAN,0.2604317616620959,0.4392573635857258,11
sp|P42766|RL35_HUMAN,0.1928673378708035,0.5699149777859858,11
sp|P42773|CDN2C_HUMAN,-0.1847223448230841,0.586615779408578,11
sp|P42785|PCP_HUMAN,-0.2113089623630342,0.5328123063896947,11
sp|P42858|HD_HUMAN,0.26149255419077366,0.4373278716884792,11
sp|P42892|ECE1_HUMAN,-0.36064974654202786,0.2758887485306612,11
sp|P42943|TCPH_YEAST,0.8677306933772382,0.056586479548994,5
sp|P43007|SATT_HUMAN,0.4521331175089252,0.16265592078620655,11
sp|P43034|LIS1_HUMAN,-0.20588109378312602,0.5436273152562743,11
sp|P43121|MUC18_HUMAN,0.023961667269617182,0.9442495733869122,11
sp|P43155|CACP_HUMAN,0.5510853295869722,0.07890004093123153,11
sp|P43243|MATR3_HUMAN,-0.24630425654374674,0.46533198260599706,11
sp|P43246|MSH2_HUMAN,-0.466560227967481,0.14800100244762956,11
sp|P43304|GPDM_HUMAN,-0.20209070665750492,0.5512323586219018,11
sp|P43307|SSRA_HUMAN,0.16884490314594697,0.6196917113563831,11
sp|P43363|MAGAA_HUMAN,0.21761454515971917,0.5203622191531108,11
sp|P43378|PTN9_HUMAN,-0.40105719909442106,0.28471406722574033,9
sp|P43487|RANG_HUMAN,-0.1852075983827642,0.5856156020799308,11
sp|P43490|NAMPT_HUMAN,-0.1015120776599395,0.7664780746344266,11
sp|P43585|VTC2_YEAST,0.9613457671203309,0.17758350123400796,3
sp|P43616|DUG1_YEAST,0.8883921596097557,0.0005920694898068315,10
sp|P43686|PRS6B_HUMAN,0.5961403636257806,0.052911728971777,11
sp|P43694|GATA4_HUMAN,-0.6050504471478294,0.279624868929851,5
sp|P43897|EFTS_HUMAN,-0.020853799797055164,0.9514726115479787,11
sp|P45877|PPIC_HUMAN,0.0986776011978002,0.772848786616433,11
sp|P45880|VDAC2_HUMAN,-0.3839779022856449,0.24367265879157643,11
sp|P45954|ACDSB_HUMAN,0.16145139288262514,0.6353171990919725,11
sp|P45973|CBX5_HUMAN,-0.32756106555881415,0.3254435417076893,11
sp|P45974|UBP5_HUMAN,0.3849670171475682,0.2423570399271042,11
sp|P45985|MP2K4_HUMAN,0.05155320350535886,0.8803447683636594,11
sp|P46013|KI67_HUMAN,-0.5580151960454331,0.0744417356900811,11
sp|P46020|KPB1_HUMAN,-0.607586259004218,0.06243006023349186,10
sp|P46060|RAGP1_HUMAN,-0.13054669727883142,0.7020263651641588,11
sp|P46063|RECQ1_HUMAN,0.04971811907669854,0.8845790072662111,11
sp|P46087|NOP2_HUMAN,0.18484629799869567,0.5863602322353262,11
sp|P46100|ATRX_HUMAN,0.153596245415129,0.6520656977290519,11
sp|P46108|CRK_HUMAN,0.19034842143495873,0.5750599041838192,11
sp|P46109|CRKL_HUMAN,0.35338451099424345,0.28638456547909596,11
sp|P46199|IF2M_HUMAN,-0.04126351493630684,0.9160578407502438,9
sp|P46367|ALDH4_YEAST,0.9630777529278316,7.776015261551618e-06,10
sp|P46379|BAG6_HUMAN,0.35357728277518385,0.2861032570604745,11
sp|P46459|NSF_HUMAN,-0.49484206630913574,0.12174717669729186,11
sp|P46655|SYEC_YEAST,0.9757002234515147,3.072170968860697e-07,11
sp|P46672|ARC1_YEAST,0.9983716217918348,1.6569156621558029e-12,11
sp|P46680|AIP1_YEAST,-0.5423741673931556,0.45762583260684453,4
sp|P46734|MP2K3_HUMAN,-0.579100424746651,0.22845214087820298,6
sp|P46736|BRCC3_HUMAN,0.130888429867993,0.701277314691421,11
sp|P46776|RL27A_HUMAN,-0.07845188465206418,0.8186530720362721,11
sp|P46777|RL5_HUMAN,-0.26162794963485225,0.4370818877124923,11
sp|P46778|RL21_HUMAN,-0.6837723245817597,0.020337285428684293,11
sp|P46779|RL28_HUMAN,-0.019789249917826823,0.9539475253167904,11
sp|P46781|RS9_HUMAN,0.5350951239628126,0.08985731251288688,11
sp|P46782|RS5_HUMAN,0.019856020909961136,0.9537922821534707,11
sp|P46783|RS10_HUMAN,-0.2117316884674311,0.531973802034534,11
sp|P46821|MAP1B_HUMAN,-0.1703924026697716,0.6164387503757953,11
sp|P46926|GNPI1_HUMAN,-0.14627953605527416,0.6677971697485522,11
sp|P46934|NEDD4_HUMAN,-0.07630595377269311,0.8235453223867223,11
sp|P46937|YAP1_HUMAN,0.20624490419194724,0.5428996304918186,11
sp|P46939|UTRN_HUMAN,-0.15826307340225937,0.6623413408509515,10
sp|P46940|IQGA1_HUMAN,-0.1283376048560521,0.7068742361560487,11
sp|P46976|GLYG_HUMAN,-0.22333936986818892,0.5091669152081222,11
sp|P46977|STT3A_HUMAN,-0.33377785837946744,0.31579249925710245,11
sp|P47044|YJF5_YEAST,0.4200089842171668,0.724053836643563,3
sp|P47075|VTC4_YEAST,0.6395994361894858,0.03407736342955717,11
sp|P47079|TCPQ_YEAST,0.7864548560105173,0.004090422646496864,11
sp|P47117|ARP3_YEAST,0.5488092575500215,0.6301626515916898,3
sp|P47120|DOHH_YEAST,-0.10409837779011465,0.7606764505369298,11
sp|P47143|ADK_YEAST,0.9278551755610284,3.835843534194494e-05,11
sp|P47224|MSS4_HUMAN,-0.5400949179263572,0.4599050820736428,4
sp|P47755|CAZA2_HUMAN,0.03502488423558359,0.9185713336469195,11
sp|P47756|CAPZB_HUMAN,-0.40130927352917645,0.22121607955243444,11
sp|P47895|AL1A3_HUMAN,0.06600657006556471,0.8562380705149519,10
sp|P47897|SYQ_HUMAN,-0.22262316841298946,0.5105617948135236,11
sp|P47912|LCF4_YEAST,0.9074310109095755,0.0018479345881969183,8
sp|P47914|RL29_HUMAN,0.2992158590813129,0.3713966935116823,11
sp|P47972|NPTX2_HUMAN,-0.41857548217868457,0.20010284622211447,11
sp|P47985|UCRI_HUMAN,-0.33422021603466423,0.3793683945791922,9
sp|P48047|ATPO_HUMAN,0.3599735205205704,0.2768564422821652,11
sp|P48147|PPCE_HUMAN,-0.6825641727586957,0.020648809442743908,11
sp|P48163|MAOX_HUMAN,-0.1897441928264756,0.5762967269517634,11
sp|P48164|RS7B_YEAST,0.947019335009952,9.83258077249812e-06,11
sp|P48380|RFX3_HUMAN,-0.43038050772911085,0.7167587717820305,3
sp|P48382|RFX5_HUMAN,-0.4509003396230698,0.19091190428937815,10
sp|P48426|PI42A_HUMAN,0.07456297624036107,0.9051515123656684,5
sp|P48444|COPD_HUMAN,-0.31366542636392414,0.34757517511054037,11
sp|P48449|LSS_HUMAN,-0.563492809175302,0.07103946769787878,11
sp|P48506|GSH1_HUMAN,-0.2067869046113362,0.5418162746941934,11
sp|P48507|GSH0_HUMAN,-0.032226133381010796,0.9250616470276888,11
sp|P48553|TPC10_HUMAN,0.35201948062878874,0.28838091545245825,11
sp|P48556|PSMD8_HUMAN,-0.2956736590976391,0.37735999774311235,11
sp|P48570|HOSC_YEAST,0.8725944418145796,0.12740555818542054,4
sp|P48589|RS12_YEAST,0.9687088743812651,9.489370378615316e-07,11
sp|P48634|PRC2A_HUMAN,0.3969849195241401,0.22670078777657832,11
sp|P48637|GSHB_HUMAN,0.053721705413416934,0.8753448389742963,11
sp|P48643|TCPE_HUMAN,0.3762547892692597,0.254086325148414,11
sp|P48681|NEST_HUMAN,0.5468462610988873,0.08171308037202829,11
sp|P48723|HSP13_HUMAN,0.5326012974705976,0.0916519364869209,11
sp|P48729|KC1A_HUMAN,-0.42230923567450956,0.1957024809668307,11
sp|P48730|KC1D_HUMAN,-0.4661198359047617,0.2059896915663137,9
sp|P48735|IDHP_HUMAN,-0.22559019320712725,0.5047939065011597,11
sp|P48739|PIPNB_HUMAN,-0.6664508576365085,0.025135195304528887,11
sp|P48836|VATG_YEAST,0.9715356274518748,6.222672309722111e-07,11
sp|P49005|DPOD2_HUMAN,-0.07154827528143282,0.8442868984541083,10
sp|P49006|MRP_HUMAN,0.15464177447778168,0.6498279169399009,11
sp|P49023|PAXI_HUMAN,-0.15223661489489612,0.6549796138412831,11
sp|P49069|CAMLG_HUMAN,0.5313486588595913,0.2197014717240464,7
sp|P49089|ASNS1_YEAST,0.9711713370695574,6.585684756630209e-07,11
sp|P49090|ASNS2_YEAST,0.9594108877579427,3.018732321613844e-06,11
sp|P49116|NR2C2_HUMAN,-0.35031632955794684,0.29088253264905,11
sp|P49137|MAPK2_HUMAN,0.11316180793798808,0.7896260316962485,8
sp|P49167|RL38_YEAST,0.7892069159097204,0.0066389850005854,10
sp|P49189|AL9A1_HUMAN,0.5702842488528148,0.06696821625073356,11
sp|P49247|RPIA_HUMAN,0.22646604862201197,0.6253218735398813,7
sp|P49257|LMAN1_HUMAN,-0.43015419238688396,0.18664813990778234,11
sp|P49321|NASP_HUMAN,0.3712368639273148,0.2609862619515701,11
sp|P49327|FAS_HUMAN,-0.15963704637098208,0.6391724284417338,11
sp|P49354|FNTA_HUMAN,-0.2267482999991454,0.5025502418643489,11
sp|P49356|FNTB_HUMAN,-0.2659751741389875,0.42921884318764797,11
sp|P49366|DHYS_HUMAN,0.023387587680748376,0.9455835306463931,11
sp|P49368|TCPG_HUMAN,0.35032552509761905,0.29086899401539573,11
sp|P49406|RM19_HUMAN,-0.07405034961996831,0.8286936846135976,11
sp|P49407|ARRB1_HUMAN,-0.9428529013201329,0.057147098679867,4
sp|P49411|EFTU_HUMAN,0.11276969255540728,0.7413068973299165,11
sp|P49419|AL7A1_HUMAN,0.3322170500060466,0.3182008533719195,11
sp|P49435|APT1_YEAST,0.9820388571415632,7.956295560242678e-08,11
sp|P49447|CY561_HUMAN,-0.10617528953054373,0.7560254759113723,11
sp|P49454|CENPF_HUMAN,0.32104227808389196,0.33573023026687704,11
sp|P49458|SRP09_HUMAN,-0.2650944848255496,0.4308063049989472,11
sp|P49585|PCY1A_HUMAN,0.2393081892916164,0.4784996271026841,11
sp|P49588|SYAC_HUMAN,0.008383889723600685,0.9804821492899463,11
sp|P49589|SYCC_HUMAN,0.08943885975113622,0.7936993101944223,11
sp|P49590|SYHM_HUMAN,-0.4628674173062919,0.15167015485170063,11
sp|P49591|SYSC_HUMAN,-0.16806064566983314,0.6213426234074474,11
sp|P49593|PPM1F_HUMAN,0.5220960928748836,0.0994703962245381,11
sp|P49642|PRI1_HUMAN,0.10418092587295932,0.7604914580193147,11
sp|P49643|PRI2_HUMAN,0.40866156024095057,0.2120719510783329,11
sp|P49720|PSB3_HUMAN,-0.415240917440203,0.20408241996978208,11
sp|P49721|PSB2_HUMAN,0.2344269897718443,0.4877845272904868,11
sp|P49723|RIR4_YEAST,0.989649761224022,6.733526807424191e-09,11
sp|P49736|MCM2_HUMAN,0.25607341194487054,0.44722677082463635,11
sp|P49748|ACADV_HUMAN,-0.11123723058811691,0.7447205742282081,11
sp|P49750|YLPM1_HUMAN,0.13777947525903128,0.6862243791789442,11
sp|P49754|VPS41_HUMAN,0.24195458220145194,0.4734991707027751,11
sp|P49755|TMEDA_HUMAN,-0.2568791366189028,0.4457484095167754,11
sp|P49756|RBM25_HUMAN,0.05235498664320212,0.878495625654696,11
sp|P49757|NUMB_HUMAN,0.10214898374391666,0.7650483473235937,11
sp|P49760|CLK2_HUMAN,0.25177027280060654,0.48285573100913765,10
sp|P49770|EI2BB_HUMAN,-0.2065683753070502,0.5422529665453633,11
sp|P49773|HINT1_HUMAN,-0.18389133721771964,0.5883301143417553,11
sp|P49790|NU153_HUMAN,0.11160557204205743,0.7438996865343124,11
sp|P49792|RBP2_HUMAN,0.544261617809287,0.08346053856029308,11
sp|P49815|TSC2_HUMAN,0.44599265216998224,0.1963857846077011,10
sp|P49821|NDUV1_HUMAN,-0.1685200822702068,0.6203752893870552,11
sp|P49840|GSK3A_HUMAN,0.3786436749928543,0.25083849289047416,11
sp|P49841|GSK3B_HUMAN,-0.10454983289407621,0.75966486496834,11
sp|P49848|TAF6_HUMAN,0.06368685967756516,0.8524231663924219,11
sp|P49902|5NTC_HUMAN,0.39096926435942425,0.23446166678555602,11
sp|P49903|SPS1_HUMAN,0.45739342729447313,0.1572127029053213,11
sp|P49915|GUAA_HUMAN,-0.15640366796167815,0.6460627524884419,11
sp|P49916|DNLI3_HUMAN,-0.36354662214859856,0.2717647407331689,11
sp|P49917|DNLI4_HUMAN,0.32475512427548386,0.43254277674491554,8
sp|P49959|MRE11_HUMAN,-0.08916338933770512,0.7943229396685995,11
sp|P50094|IMDH4_YEAST,0.7003802857437822,0.024096167395491707,10
sp|P50095|IMDH3_YEAST,0.48688911627609555,0.15353081611153332,10
sp|P50148|GNAQ_HUMAN,0.19444470784948414,0.5667023993056964,11
sp|P50213|IDH3A_HUMAN,0.14352181143879128,0.6737581458238497,11
sp|P50336|PPOX_HUMAN,-0.47697496000809914,0.13795478111614382,11
sp|P50395|GDIB_HUMAN,-0.012293084743080995,0.9713841693689227,11
sp|P50402|EMD_HUMAN,0.1250366584409076,0.714136389452725,11
sp|P50416|CPT1A_HUMAN,0.26928474288380677,0.42327833956777877,11
sp|P50440|GATM_HUMAN,-0.6579542251829597,0.34204577481704046,4
sp|P50443|S26A2_HUMAN,-0.6823533868843406,0.5219131128507025,3
sp|P50452|SPB8_HUMAN,0.13861297248673743,0.6844104701903814,11
sp|P50454|SERPH_HUMAN,0.6505305593301913,0.030205545803509058,11
sp|P50479|PDLI4_HUMAN,-0.5012303344974688,0.11626325652772446,11
sp|P50542|PEX5_HUMAN,0.4129533959160774,0.2068395310052572,11
sp|P50548|ERF_HUMAN,0.2925512750117262,0.44490562334582145,9
sp|P50552|VASP_HUMAN,-0.1924403736231709,0.5707857873926259,11
sp|P50570|DYN2_HUMAN,-0.34258465028242147,0.30238879387756096,11
sp|P50579|MAP2_HUMAN,0.18127436011764028,0.5937412055572429,11
sp|P50583|AP4A_HUMAN,-0.24360808695532077,0.598599440663835,7
sp|P50607|TUB_HUMAN,-0.176147276665066,0.823852723334934,4
sp|P50613|CDK7_HUMAN,-0.8457556141250075,0.001036524709193433,11
sp|P50748|KNTC1_HUMAN,0.08609821122827399,0.8012693271872932,11
sp|P50750|CDK9_HUMAN,0.2195301636483817,0.5166045284727045,11
sp|P50851|LRBA_HUMAN,0.48587316826672816,0.1297218895790714,11
sp|P50861|RIB4_YEAST,0.7025113377121677,0.02348512863099032,10
sp|P50897|PPT1_HUMAN,0.17507672556383383,0.6066297993979977,11
sp|P50914|RL14_HUMAN,-0.38665101821259196,0.240126611853198,11
sp|P50990|TCPQ_HUMAN,-0.09330511766985913,0.784958186294612,11
sp|P50991|TCPD_HUMAN,-0.028172397878429956,0.9344694559698148,11
sp|P50995|ANX11_HUMAN,-0.041352563441828694,0.90391440203232,11
sp|P51003|PAPOA_HUMAN,0.2604472094630793,0.43922923656593543,11
sp|P51114|FXR1_HUMAN,0.21721121428852935,0.5211548674941084,11
sp|P51116|FXR2_HUMAN,0.29093642267321174,0.38541027494429847,11
sp|P51148|RAB5C_HUMAN,0.006095552502564633,0.9858088922120257,11
sp|P51149|RAB7A_HUMAN,-0.00017774933524421221,0.9995861623326335,11
sp|P51151|RAB9A_HUMAN,-0.12100740169657177,0.7391383751257192,10
sp|P51153|RAB13_HUMAN,-0.1223618596030249,0.7200366852186514,11
sp|P51159|RB27A_HUMAN,-0.4440674246105781,0.2311378530269615,9
sp|P51397|DAP1_HUMAN,0.09983708221341721,0.783770221049621,10
sp|P51398|RT29_HUMAN,0.17495852646045973,0.6068766009622129,11
sp|P51452|DUS3_HUMAN,-0.18729007420424218,0.5813307333028609,11
sp|P51513|NOVA1_HUMAN,-0.19169077326790498,0.6212517367754438,9
sp|P51531|SMCA2_HUMAN,0.021664512622348697,0.9495880866792356,11
sp|P51532|SMCA4_HUMAN,0.727579827964408,0.01115375248269542,11
sp|P51553|IDH3G_HUMAN,-0.16341029104796442,0.6311639232101673,11
sp|P51570|GALK1_HUMAN,-0.10109598408242051,0.7674124752559695,11
sp|P51571|SSRD_HUMAN,-0.10969597109528498,0.7481580107516671,11
sp|P51572|BAP31_HUMAN,-0.15756869154442793,0.6435771788111946,11
sp|P51580|TPMT_HUMAN,-0.13611860083864322,0.707696467619601,10
sp|P51608|MECP2_HUMAN,-0.0009008146541676365,0.9980294695430294,10
sp|P51610|HCFC1_HUMAN,0.6420273348206452,0.03318901484512144,11
sp|P51617|IRAK1_HUMAN,-0.04320689708832629,0.9190878367284249,8
sp|P51648|AL3A2_HUMAN,-0.09216566952392719,0.7875320638434189,11
sp|P51649|SSDH_HUMAN,0.4531998267721839,0.22053042923615332,9
sp|P51659|DHB4_HUMAN,0.4376541990331163,0.17823379424653818,11
sp|P51665|PSMD7_HUMAN,0.5939078748683226,0.05403763067555499,11
sp|P51688|SPHM_HUMAN,0.32789732103222136,0.3249175492060084,11
sp|P51784|UBP11_HUMAN,0.06373086154501975,0.8523221687880203,11
sp|P51809|VAMP7_HUMAN,-0.49937180665466985,0.14169373892573456,10
sp|P51812|KS6A3_HUMAN,0.0894166772243409,0.7937495245638331,11
sp|P51858|HDGF_HUMAN,0.8302919846878547,0.0015562075749248451,11
sp|P51946|CCNH_HUMAN,-0.4522553154531739,0.22161487195206434,9
sp|P51948|MAT1_HUMAN,-0.4262266635772739,0.19114876780529474,11
sp|P51970|NDUA8_HUMAN,-0.36468238527469443,0.2701573780580798,11
sp|P51991|ROA3_HUMAN,0.13107488675927703,0.7008687166790514,11
sp|P52209|6PGD_HUMAN,0.29865047663944677,0.37234527826242475,11
sp|P52272|HNRPM_HUMAN,0.4903482228729466,0.12570248435866965,11
sp|P52292|IMA1_HUMAN,-0.11863654145546745,0.7282771370939128,11
sp|P52294|IMA5_HUMAN,-0.03071984004776107,0.9285564677729791,11
sp|P52298|NCBP2_HUMAN,-0.5542358267151575,0.07685170467947729,11
sp|P52306|GDS1_HUMAN,-0.43840208425536936,0.17740767288360595,11
sp|P52434|RPAB3_HUMAN,-0.3531322308371504,0.3908633083060424,8
sp|P52435|RPB11_HUMAN;sp|Q9GZM3|RPB1B_HUMAN;sp|Q9H1A7|RPB1C_HUMAN,-0.6225847743075064,0.05454632551848198,10
sp|P52564|MP2K6_HUMAN,-0.14215910531097653,0.6767099632291026,11
sp|P52565|GDIR1_HUMAN,-0.07188681691094742,0.8336375887135781,11
sp|P52594|AGFG1_HUMAN,0.06368987115342412,0.8524162540803749,11
sp|P52597|HNRPF_HUMAN,-0.34331755102117195,0.3012875847495169,11
sp|P52630|STAT2_HUMAN,0.3470531972613705,0.32584249041524804,10
sp|P52655|TF2AA_HUMAN,-0.3579326640432101,0.2797884446719119,11
sp|P52701|MSH6_HUMAN,-0.11398789310355631,0.7385962415553416,11
sp|P52732|KIF11_HUMAN,0.20402121028011022,0.5473536238832668,11
sp|P52735|VAV2_HUMAN,0.2830384803244595,0.3990210062608626,11
sp|P52756|RBM5_HUMAN,0.56363335673345,0.07095357139673898,11
sp|P52788|SPSY_HUMAN,0.13475066026956672,0.6928283357823262,11
sp|P52789|HXK2_HUMAN,-0.21441962305473264,0.5266550094858258,11
sp|P52799|EFNB2_HUMAN,-0.059174793344601934,0.9408252066553981,4
sp|P52815|RM12_HUMAN,-0.18962436924533094,0.5765421217184491,11
sp|P52888|THOP1_HUMAN,0.4079576076800199,0.21293759599909948,11
sp|P52907|CAZA1_HUMAN,-0.4131562520592287,0.2065941402845193,11
sp|P52910|ACS2_YEAST,0.8480531690516774,0.0009722203235807834,11
sp|P52943|CRIP2_HUMAN,0.04167340605917369,0.9031719091157288,11
sp|P52948|NUP98_HUMAN,0.21371380157919456,0.5280495003999096,11
sp|P53004|BIEA_HUMAN,0.44901532035876696,0.16593643396913,11
sp|P53007|TXTP_HUMAN,0.22079010719503195,0.5141393356149876,11
sp|P53041|PPP5_HUMAN,0.026723037466871963,0.9378349791766968,11
sp|P53090|ARO8_YEAST,0.9810428789834831,1.0128850104489679e-07,11
sp|P53111|ARI1_YEAST,-0.7277256847797261,0.48115480552838774,3
sp|P53235|EIF2A_YEAST,0.6887827617603388,0.19839766183653182,5
sp|P53252|PIL1_YEAST,0.9908744119014747,3.8274023718317996e-09,11
sp|P53261|PESC_YEAST,-0.9092566599929075,0.27330190300035206,3
sp|P53303|ZPR1_YEAST,0.6739748382265707,0.2121970735725503,5
sp|P53350|PLK1_HUMAN,-0.045005208473888,0.8954656760467646,11
sp|P53365|ARFP2_HUMAN,0.03630551772689489,0.9156030050424684,11
sp|P53367|ARFP1_HUMAN,0.38968183255959865,0.23614239311661575,11
sp|P53384|NUBP1_HUMAN,-0.05060509425907925,0.8895844064429788,10
sp|P53396|ACLY_HUMAN,0.10204099990011649,0.7652907033420564,11
sp|P53582|MAP11_HUMAN,0.3025691705538735,0.36579597249066226,11
sp|P53597|SUCA_HUMAN,0.3213881103532287,0.3351802369567001,11
sp|P53598|SUCA_YEAST,0.9414762316412648,4.780528472070176e-05,10
sp|P53602|MVD1_HUMAN,0.4367056124489675,0.38658403627771454,6
sp|P53611|PGTB2_HUMAN,0.2457953994110719,0.46628410127478964,11
sp|P53618|COPB_HUMAN,-0.2646109882813052,0.43167900602481435,11
sp|P53621|COPA_HUMAN,-0.11516331087201753,0.7359833120453267,11
sp|P53622|COPA_YEAST,0.9901246254681206,2.389893506482692e-06,8
sp|P53634|CATC_HUMAN,-0.19705556867890162,0.5614007002338408,11
sp|P53680|AP2S1_HUMAN,-0.08031141567490291,0.8144184334403665,11
sp|P53691|PPID_YEAST,0.9005057308326463,0.005680665767636128,7
sp|P53701|CCHL_HUMAN,0.5345713467005248,0.09023229699174265,11
sp|P53814|SMTN_HUMAN,-0.49460848160002846,0.3185871811913637,6
sp|P53852|SYC_YEAST,0.915383083969464,7.718022343103802e-05,11
sp|P53860|PDR16_YEAST,0.9922175710897745,1.0219477567857335e-05,7
sp|P53909|ADE_YEAST,0.9333787431794197,0.0666212568205804,4
sp|P53912|YNN4_YEAST,0.9636408122467895,0.17219754302166226,3
sp|P53981|PYP1_YEAST,0.3730263331133444,0.2585135612341348,11
sp|P53985|MOT1_HUMAN,0.0006753818760974958,0.9984275703683206,11
sp|P53990|IST1_HUMAN,0.3758291706617648,0.2546674873250046,11
sp|P53992|SC24C_HUMAN,0.44283254045585296,0.17256179010204908,11
sp|P53999|TCP4_HUMAN,-0.4075524286688418,0.21343678918256898,11
sp|P54098|DPOG1_HUMAN,0.16287035644104775,0.7271553445783124,7
sp|P54105|ICLN_HUMAN,-0.003863408326129858,0.9910053328437283,11
sp|P54115|ALDH6_YEAST,0.9904833695871949,4.620198605480547e-09,11
sp|P54132|BLM_HUMAN,0.42042310371890046,0.19791801512703636,11
sp|P54136|SYRC_HUMAN,-0.29473329769031753,0.37895119096744734,11
sp|P54198|HIRA_HUMAN,-0.015068551906593813,0.9670450261816904,10
sp|P54219|VMAT1_HUMAN,0.1858006036374611,0.764799592678735,5
sp|P54277|PMS1_HUMAN,-0.375495038893327,0.2849497962109808,10
sp|P54278|PMS2_HUMAN,-0.27567905913744234,0.4119139329304163,11
sp|P54289|CA2D1_HUMAN,0.1774919801040295,0.6015948160271235,11
sp|P54577|SYYC_HUMAN,0.17777204075995323,0.6010119893272012,11
sp|P54578|UBP14_HUMAN,-0.30479926121871326,0.36209539509105976,11
sp|P54619|AAKG1_HUMAN,-0.3037565057460386,0.36382332149155844,11
sp|P54652|HSP72_HUMAN,-0.5340300610518627,0.09062089882313547,11
sp|P54687|BCAT1_HUMAN,-0.6912899299460848,0.018473680806567784,11
sp|P54709|AT1B3_HUMAN,-0.3158785750825713,0.34399889314775495,11
sp|P54725|RD23A_HUMAN,-0.26176656702635154,0.4368301179846576,11
sp|P54727|RD23B_HUMAN,0.34559149037749004,0.29788489789961287,11
sp|P54783|ALO_YEAST,0.8975914077919532,0.0024830265992239965,8
sp|P54802|ANAG_HUMAN,0.09364869129732291,0.7969306611601426,10
sp|P54803|GALC_HUMAN,-0.08988770660458263,0.818110751340728,9
sp|P54819|KAD2_HUMAN,0.5450650631927183,0.0829147038681094,11
sp|P54838|DAK1_YEAST,0.8243012664072877,0.0018025432353874825,11
sp|P54839|HMCS_YEAST,0.9860519677186074,2.5646420129410982e-08,11
sp|P54885|PROA_YEAST,0.9615774566583338,3.525758505354918e-05,9
sp|P54886|P5CS_HUMAN,0.48437729783818345,0.1310834678870919,11
sp|P54920|SNAA_HUMAN,0.0005677828783193645,0.9986780830324972,11
sp|P55010|IF5_HUMAN,-0.24272032606979213,0.47205669198857664,11
sp|P55011|S12A2_HUMAN,-0.2199818328977739,0.5157202186364322,11
sp|P55036|PSMD4_HUMAN,-0.03613553930935254,0.915996936214618,11
sp|P55039|DRG2_HUMAN,0.3287610495438354,0.3235685337158315,11
sp|P55060|XPO2_HUMAN,-0.22381906671618504,0.508233572277691,11
sp|P55072|TERA_HUMAN,0.022197868157791095,0.9483484125350549,11
sp|P55081|MFAP1_HUMAN,-0.1172617440597167,0.7313247891370144,11
sp|P55084|ECHB_HUMAN,-0.5281619259188132,0.09490470967179472,11
sp|P55145|MANF_HUMAN,-0.10223226616945502,0.7648614434151897,11
sp|P55196|AFAD_HUMAN,-0.16896879975775064,0.619431044929768,11
sp|P55199|ELL_HUMAN,0.15331038979899933,0.7718361247991092,6
sp|P55209|NP1L1_HUMAN,-0.3961543215977806,0.22776328315279126,11
sp|P55210|CASP7_HUMAN,0.8060330387729441,0.004864653011353285,10
sp|P55212|CASP6_HUMAN,0.054959620071015486,0.8724923931064994,11
sp|P55263|ADK_HUMAN,0.1597963610797295,0.6388335845434693,11
sp|P55265|DSRAD_HUMAN,-0.19659805086266496,0.562328323922489,11
sp|P55287|CAD11_HUMAN,0.6460671217121957,0.0435775641960379,10
sp|P55327|TPD52_HUMAN,-0.020080725366646235,0.9532698528651522,11
sp|P55735|SEC13_HUMAN,0.4996065076855518,0.11764182349538982,11
sp|P55769|NH2L1_HUMAN,0.10966758348943242,0.7482213618025446,11
sp|P55786|PSA_HUMAN,0.12429077089212219,0.7157803333534011,11
sp|P55789|ALR_HUMAN,0.7121261559267742,0.11237877809361602,6
sp|P55795|HNRH2_HUMAN,0.2551040161753174,0.44900846975026254,11
sp|P55809|SCOT1_HUMAN,-0.31217427550218085,0.3499956642885205,11
sp|P55884|EIF3B_HUMAN,-0.27147381306195384,0.4193709357209129,11
sp|P55957|BID_HUMAN,-0.1145421085868588,0.737363920979708,11
sp|P56134|ATPK_HUMAN,-0.5050998253252049,0.24757537586259257,7
sp|P56182|RRP1_HUMAN,-0.7398022843097988,0.009249916442942385,11
sp|P56192|SYMC_HUMAN,0.2901854178606436,0.3866943558544969,11
sp|P56199|ITA1_HUMAN,0.4530418176795048,0.16170740995076327,11
sp|P56377|AP1S2_HUMAN,-0.2304771977783115,0.49535563047372433,11
sp|P56378|ATP68_HUMAN,-0.0008886758613445428,0.9979309783650934,11
sp|P56385|ATP5I_HUMAN,-0.6211502085444942,0.04137758510505097,11
sp|P56537|IF6_HUMAN,0.3547619469096034,0.2843778657094451,11
sp|P56545|CTBP2_HUMAN,0.2539663580773592,0.4511036369253419,11
sp|P56556|NDUA6_HUMAN,0.11891190967746801,0.7276671233610048,11
sp|P56730|NETR_HUMAN,-0.4572828610851046,0.15732593203448636,11
sp|P56937|DHB7_HUMAN,-0.2917051049729915,0.3840981888438716,11
sp|P56945|BCAR1_HUMAN,0.6717927200757198,0.06805762627346099,8
sp|P57076|CF298_HUMAN,0.2664038085920259,0.428447232348686,11
sp|P57081|WDR4_HUMAN,-0.03734569838808913,0.9184201277834518,10
sp|P57088|TMM33_HUMAN,0.15551681543748974,0.6479570302942846,11
sp|P57105|SYJ2B_HUMAN,0.2707398867361927,0.42067901846877714,11
sp|P57678|GEMI4_HUMAN,0.16891717463899,0.6195396543839907,11
sp|P57721|PCBP3_HUMAN,0.3378032038581085,0.30962688506122094,11
sp|P57737|CORO7_HUMAN,0.3960390293800985,0.22791099394856637,11
sp|P57740|NU107_HUMAN,0.10483679416149398,0.7590220399710541,11
sp|P57764|GSDMD_HUMAN,0.8034123883991433,0.4060310200272434,3
sp|P57772|SELB_HUMAN,-0.2609187268898806,0.43837111687757385,11
sp|P58546|MTPN_HUMAN,-0.4766135902634969,0.13829593282676267,11
sp|P59780|AP3S2_HUMAN,0.533092647799981,0.35492691182828956,5
sp|P59998|ARPC4_HUMAN,0.029898609864988712,0.930462322743747,11
sp|P60010|ACT_YEAST,0.9755023313326925,3.1854613300537025e-07,11
sp|P60174|TPIS_HUMAN,0.6130089753315838,0.04491902646937131,11
sp|P60228|EIF3E_HUMAN,0.010628155984596155,0.975258687428426,11
sp|P60468|SC61B_HUMAN,0.1286107989277625,0.7062741758508562,11
sp|P60484|PTEN_HUMAN,0.34875578744565816,0.6512442125543418,4
sp|P60520|GBRL2_HUMAN,-0.21438797325916997,0.5267175068467842,11
sp|P60660|MYL6_HUMAN,-0.31688154608873154,0.34238454788757605,11
sp|P60709|ACTB_HUMAN;sp|P63261|ACTG_HUMAN,0.003051368282712935,0.9928958526891126,11
sp|P60842|IF4A1_HUMAN,0.4749831835276209,0.13984174618522408,11
sp|P60866|RS20_HUMAN,-0.2612083922883491,0.43784434464661265,11
sp|P60880|SNP25_HUMAN,0.36587958865970344,0.26846887301779443,11
sp|P60891|PRPS1_HUMAN,0.4501433774055587,0.1647448307697957,11
sp|P60900|PSA6_HUMAN,0.2144752814738558,0.5265451109747896,11
sp|P60903|S10AA_HUMAN,-0.6183936887914174,0.04255418705429098,11
sp|P60953|CDC42_HUMAN,0.61221063978848,0.045277189277337045,11
sp|P60981|DEST_HUMAN,0.49878160170402863,0.1183461470651476,11
sp|P60983|GMFB_HUMAN,-0.2930573152827454,0.4112142567558424,10
sp|P61006|RAB8A_HUMAN,0.041401925544696294,0.9038001639085296,11
sp|P61009|SPCS3_HUMAN,-0.17018224740912474,0.6168801511595479,11
sp|P61011|SRP54_HUMAN,0.3886844011663665,0.237449321883558,11
sp|P61018|RAB4B_HUMAN,0.09627504468374416,0.8560336140960346,6
sp|P61019|RAB2A_HUMAN,0.6713624914585007,0.023701015640601616,11
sp|P61020|RAB5B_HUMAN,0.9216771535842336,0.0011317183844331787,8
sp|P61024|CKS1_HUMAN,-0.023721149233171035,0.9448084364929835,11
sp|P61026|RAB10_HUMAN,-0.059067014233178616,0.863037918809849,11
sp|P61081|UBC12_HUMAN,0.2298475164819243,0.4965673673408988,11
sp|P61086|UBE2K_HUMAN,-0.09517690502733778,0.7807342450199748,11
sp|P61088|UBE2N_HUMAN,0.09497138813243997,0.7811977638690932,11
sp|P61106|RAB14_HUMAN,0.2687332524068515,0.42426547923727803,11
sp|P61158|ARP3_HUMAN,0.17908587642892743,0.5982806053339401,11
sp|P61160|ARP2_HUMAN,0.3371361879699991,0.3106440049543415,11
sp|P61163|ACTZ_HUMAN,0.1266363587917738,0.7106143164036998,11
sp|P61201|CSN2_HUMAN,0.40350759105168,0.21845811386863598,11
sp|P61204|ARF3_HUMAN;sp|P84077|ARF1_HUMAN,0.24285230782002343,0.4718082710852147,11
sp|P61221|ABCE1_HUMAN,-0.3479916019751193,0.29431639671174936,11
sp|P61244|MAX_HUMAN,-0.13402486550809656,0.69441371454824,11
sp|P61247|RS3A_HUMAN,0.4131668388513219,0.20658133843412388,11
sp|P61254|RL26_HUMAN,-0.8534980000900074,0.14650199990999258,4
sp|P61266|STX1B_HUMAN,-0.15817747459292486,0.7348162643618826,7
sp|P61289|PSME3_HUMAN,-0.3240965005241309,0.33088946914220707,11
sp|P61296|HAND2_HUMAN,0.11777426895135283,0.7301882135660429,11
sp|P61313|RL15_HUMAN,-0.14319207572394926,0.674472023973737,11
sp|P61353|RL27_HUMAN,0.4481006608798667,0.16690651182652014,11
sp|P61371|ISL1_HUMAN,-0.07442502736728851,0.8278380673940611,11
sp|P61421|VA0D1_HUMAN,0.21195278601744472,0.531535459794568,11
sp|P61457|PHS_HUMAN,-0.11356898889759118,0.7395280586233628,11
sp|P61599|NAA20_HUMAN,-0.3389959066929128,0.41139986699828246,8
sp|P61604|CH10_HUMAN,-0.21979167665526597,0.5160924412191588,11
sp|P61619|S61A1_HUMAN,0.01608417200880974,0.9648249744721731,10
sp|P61758|PFD3_HUMAN,-0.04397229966819889,0.897853885390925,11
sp|P61764|STXB1_HUMAN,-0.45633657504948366,0.1582970822256672,11
sp|P61769|B2MG_HUMAN,0.09043413975610931,0.7914470304467569,11
sp|P61803|DAD1_HUMAN,-0.03385847999853818,0.9212757078829044,11
sp|P61916|NPC2_HUMAN,-0.08104939370991043,0.8238645232721495,10
sp|P61923|COPZ1_HUMAN,-0.12612512746133825,0.7117393498479672,11
sp|P61952|GBG11_HUMAN,-0.5180069941769466,0.3712677712689675,5
sp|P61962|DCAF7_HUMAN,0.6676329177296276,0.02478457346895031,11
sp|P61964|WDR5_HUMAN,-0.06082549885745289,0.8589950645335981,11
sp|P61966|AP1S1_HUMAN,0.10037506363526094,0.7826284133717883,10
sp|P61970|NTF2_HUMAN,0.08290546671268709,0.8085185617722107,11
sp|P61978|HNRPK_HUMAN,0.4301072896366851,0.18670150395494534,11
sp|P61981|1433G_HUMAN,0.3969618222294282,0.22673029438736622,11
sp|P62070|RRAS2_HUMAN,0.6327817093601478,0.036660591787948435,11
sp|P62072|TIM10_HUMAN,-0.34984497532974157,0.2915769755992517,11
sp|P62081|RS7_HUMAN,-0.20831522065016095,0.5387662472241871,11
sp|P62136|PP1A_HUMAN,0.042491973563601335,0.9012778995199467,11
sp|P62140|PP1B_HUMAN,-0.5170582956791745,0.1033696257910681,11
sp|P62166|NCS1_HUMAN,0.08749011050462663,0.798113337787397,11
sp|P62191|PRS4_HUMAN,-0.31777899878272586,0.3409434211588286,11
sp|P62195|PRS8_HUMAN,-0.2942341651678154,0.3797971524733181,11
sp|P62241|RS8_HUMAN,-0.11223120588064606,0.7425059441827478,11
sp|P62244|RS15A_HUMAN,0.7098967912561682,0.014390104425645268,11
sp|P62249|RS16_HUMAN,0.3476707223607604,0.2947921135769539,11
sp|P62253|UB2G1_HUMAN,-0.28833331677922314,0.5306009856664473,7
sp|P62256|UBE2H_HUMAN,0.37027145049619786,0.26232583098779916,11
sp|P62258|1433E_HUMAN,0.6485307648065571,0.030889530236127023,11
sp|P62263|RS14_HUMAN,-0.14595731994713693,0.6684927772574211,11
sp|P62266|RS23_HUMAN,0.5258750554155265,0.09660951217064981,11
sp|P62269|RS18_HUMAN,0.6722927475032939,0.023436072608690718,11
sp|P62273|RS29_HUMAN,-0.4388585377518839,0.2766891328910929,8
sp|P62277|RS13_HUMAN,0.15908609325699496,0.6403447186777426,11
sp|P62280|RS11_HUMAN,0.6991185144249032,0.016666219814057415,11
sp|P62304|RUXE_HUMAN,0.18190195402455783,0.592441832535575,11
sp|P62306|RUXF_HUMAN,0.31618532449450487,0.3435047376291155,11
sp|P62310|LSM3_HUMAN,0.2803008608570534,0.40379350288896065,11
sp|P62312|LSM6_HUMAN,0.37676427958886505,0.2533916374312149,11
sp|P62314|SMD1_HUMAN,-0.19159229706610115,0.5725170134754743,11
sp|P62316|SMD2_HUMAN,0.0742634935583515,0.8282069267987487,11
sp|P62318|SMD3_HUMAN,-0.17902346468842112,0.5984102506914925,11
sp|P62330|ARF6_HUMAN,0.4971152837742959,0.17334719381913283,9
sp|P62333|PRS10_HUMAN,-0.2610097068725823,0.438205632614507,11
sp|P62380|TBPL1_HUMAN,0.6295408312277138,0.5664860664886713,3
sp|P62424|RL7A_HUMAN,0.3535423855466199,0.28615417059603326,11
sp|P62487|RPB7_HUMAN,-0.11059486762222408,0.7461527177215913,11
sp|P62491|RB11A_HUMAN,-0.10766756605238094,0.7827692639141681,9
sp|P62495|ERF1_HUMAN,0.29566274603042564,0.3773784444018902,11
sp|P62701|RS4X_HUMAN,-0.09762498972599416,0.7752178437596091,11
sp|P62750|RL23A_HUMAN,-0.2938658043976755,0.38042208470470207,11
sp|P62753|RS6_HUMAN,0.10352463610067296,0.7619625317614479,11
sp|P62805|H4_HUMAN,-0.08946261356487231,0.7936455396975487,11
sp|P62820|RAB1A_HUMAN,0.38034761595839817,0.248536496647047,11
sp|P62826|RAN_HUMAN,-0.29631884215711635,0.3762702386937369,11
sp|P62829|RL23_HUMAN,0.7330532072412098,0.010269155230448305,11
sp|P62834|RAP1A_HUMAN,-0.6159927156942964,0.38400728430570363,4
sp|P62841|RS15_HUMAN,-0.15755565308174957,0.6436049782536939,11
sp|P62847|RS24_HUMAN,0.04129370346876399,0.9040506231005766,11
sp|P62851|RS25_HUMAN,0.6749593772659626,0.02268824994022047,11
sp|P62857|RS28_HUMAN,0.0034111910923760036,0.992058140467951,11
sp|P62861|RS30_HUMAN,0.0018449705931148364,0.9957045390824912,11
sp|P62875|RPAB5_HUMAN,-0.2950581460182731,0.40787748399951773,10
sp|P62879|GBB2_HUMAN,-0.23124942367572504,0.493871359837769,11
sp|P62888|RL30_HUMAN,0.09392711737233862,0.7835539766705425,11
sp|P62899|RL31_HUMAN,0.6444001965584457,0.032336591965893446,11
sp|P62906|RL10A_HUMAN,-0.22207051285866883,0.5116392716441133,11
sp|P62910|RL32_HUMAN,-0.31545386080221155,0.34468369805070137,11
sp|P62913|RL11_HUMAN,-0.32209134038478265,0.33406332854053816,11
sp|P62917|RL8_HUMAN,0.27873219415240685,0.4065407470684819,11
sp|P62937|PPIA_HUMAN,0.42757513520563345,0.189596215362286,11
sp|P62942|FKB1A_HUMAN,-0.15764089386994995,0.6434232429003973,11
sp|P62993|GRB2_HUMAN,0.04539028022257707,0.8945755421545976,11
sp|P62995|TRA2B_HUMAN,0.35698464375959194,0.28115628862674374,11
sp|P63000|RAC1_HUMAN,0.11906872161435521,0.7273198066334672,11
sp|P63010|AP2B1_HUMAN,-0.08954293422938908,0.7934637272028228,11
sp|P63027|VAMP2_HUMAN,-0.41764501739794835,0.4099568329204003,6
sp|P63092|GNAS2_HUMAN;sp|Q5JWF2|GNAS1_HUMAN,-0.5526198233302783,0.07789788001884679,11
sp|P63096|GNAI1_HUMAN,0.16701141274446574,0.692627897382452,8
sp|P63098|CANB1_HUMAN,-0.22993259332377033,0.4964035725887705,11
sp|P63104|1433Z_HUMAN,0.8213710505501021,0.0019331251793508455,11
sp|P63151|2ABA_HUMAN,0.4095018161624261,0.211041431377845,11
sp|P63173|RL38_HUMAN,0.3431963086728162,0.3014696040527201,11
sp|P63208|SKP1_HUMAN,0.46890755663552325,0.14569790250346135,11
sp|P63220|RS21_HUMAN,0.18364222703023242,0.5888443888285085,11
sp|P63241|IF5A1_HUMAN,0.24036623068043877,0.4764975810776883,11
sp|P63244|RACK1_HUMAN,0.09717607078510142,0.7762287265255157,11
sp|P63279|UBC9_HUMAN,0.04817704309749571,0.8881369556429708,11
sp|P67809|YBOX1_HUMAN,0.32499613286994644,0.32947071678703077,11
sp|P67812|SC11A_HUMAN,-0.3029309050757395,0.3651944033150159,11
sp|P67870|CSK2B_HUMAN,0.07580080574318257,0.8246977751131706,11
sp|P67936|TPM4_HUMAN,-0.351171461309582,0.28962500731732865,11
sp|P68036|UB2L3_HUMAN,0.06900487876773953,0.8402315070165263,11
sp|P68400|CSK21_HUMAN,-0.6459457989988007,0.03178967676409239,11
sp|P68402|PA1B2_HUMAN,0.06904462589880515,0.8496828323797601,10
sp|P69905|HBA_HUMAN,-0.0767145614057585,0.8226133471522677,11
sp|P78310|CXAR_HUMAN,0.1296666445368191,0.7039564646442643,11
sp|P78316|NOP14_HUMAN,0.47080462916220617,0.14385311521836947,11
sp|P78318|IGBP1_HUMAN,0.08239487803753284,0.8096791393073344,11
sp|P78330|SERB_HUMAN,0.40064624819445194,0.2220518977555089,11
sp|P78332|RBM6_HUMAN,-0.3010862952703822,0.3682673148700876,11
sp|P78344|IF4G2_HUMAN,0.24272512124867612,0.47204766529005077,11
sp|P78345|RPP38_HUMAN,-0.2998522222603855,0.37033049396350176,11
sp|P78346|RPP30_HUMAN,-0.5573577498988658,0.07485728089652208,11
sp|P78347|GTF2I_HUMAN,0.08028069420048733,0.8144883583705463,11
sp|P78356|PI42B_HUMAN,0.009512756210761324,0.9778546491389688,11
sp|P78357|CNTP1_HUMAN,-0.5462749294865824,0.08209724030430011,11
sp|P78362|SRPK2_HUMAN,-0.010639748203762983,0.9752317089945094,11
sp|P78364|PHC1_HUMAN,0.4543746515288609,0.16032239388102587,11
sp|P78371|TCPB_HUMAN,0.5216920882135814,0.09977948863913205,11
sp|P78395|PRAME_HUMAN,0.019686283935197807,0.9569529393564641,10
sp|P78406|RAE1L_HUMAN,0.16529885410381356,0.6271688138896512,11
sp|P78417|GSTO1_HUMAN,0.24472927764356034,0.46828179000132375,11
sp|P78527|PRKDC_HUMAN,0.18049228104765383,0.595361922968359,11
sp|P78536|ADA17_HUMAN,0.27764550841793156,0.40844924220690415,11
sp|P78537|BL1S1_HUMAN,0.19214922274927337,0.5948518160561395,10
sp|P78540|ARGI2_HUMAN,-0.0449400954730603,0.89561620232488,11
sp|P78559|MAP1A_HUMAN,-0.11811320841827042,0.7294368484994355,11
sp|P80210|PURA_YEAST,0.9607346022909324,2.6053267892535567e-06,11
sp|P80303|NUCB2_HUMAN,-0.6373538022189554,0.034913701532490786,11
sp|P80370|DLK1_HUMAN,0.005627465306350915,0.9868985661335836,11
sp|P80404|GABT_HUMAN,0.5007457974452456,0.1166735151030503,11
sp|P80723|BASP1_HUMAN,0.29868807419511656,0.3722821597625628,11
sp|P81877|SSBP2_HUMAN,0.22306634238059697,0.8567866872443715,3
sp|P82094|TMF1_HUMAN,0.30650807802929103,0.35927290879311435,11
sp|P82650|RT22_HUMAN,-0.28580746870755325,0.3942223661658657,11
sp|P82663|RT25_HUMAN,0.033241948495252305,0.9227054751079132,11
sp|P82664|RT10_HUMAN,0.07433176512075654,0.8280510261702164,11
sp|P82673|RT35_HUMAN,0.0021245706276008663,0.9953525227299453,10
sp|P82675|RT05_HUMAN,-0.1105770851019118,0.7610486187326435,10
sp|P82909|RT36_HUMAN,-0.2910725461617485,0.4145369562105057,10
sp|P82912|RT11_HUMAN,0.17032938836667227,0.6165710908673904,11
sp|P82914|RT15_HUMAN,0.16908439611061693,0.6191878768960929,11
sp|P82930|RT34_HUMAN,-0.09856561802995031,0.7731007388851485,11
sp|P82932|RT06_HUMAN,-0.15362469351329722,0.7422652222456156,7
sp|P82933|RT09_HUMAN,0.5500898600795732,0.07955474491860302,11
sp|P82979|SARNP_HUMAN,0.4155438207870098,0.20371898996911023,11
sp|P83111|LACTB_HUMAN,-0.14319780727648812,0.6744596130978694,11
sp|P83436|COG7_HUMAN,0.13543423897567658,0.6913361814278491,11
sp|P83731|RL24_HUMAN,0.49302631374333106,0.12333559059008775,11
sp|P83876|TXN4A_HUMAN,0.46454674074053703,0.14999462026725366,11
sp|P83916|CBX1_HUMAN,0.1874840022437781,0.5809323245938945,11
sp|P84085|ARF5_HUMAN,-0.18949104381654974,0.5768152154154361,11
sp|P84090|ERH_HUMAN,-0.1068850546269142,0.7544377056749116,11
sp|P84095|RHOG_HUMAN,-0.3051879849128495,0.3614523326017039,11
sp|P84098|RL19_HUMAN,0.08795811071307494,0.7970528018226137,11
sp|P84103|SRSF3_HUMAN,-0.08778983406993715,0.7974340983997207,11
sp|P84157|MXRA7_HUMAN,0.26363660778450343,0.43344029586225,11
sp|P85037|FOXK1_HUMAN,0.056546759836023135,0.868837247718554,11
sp|P86790|CCZ1B_HUMAN;sp|P86791|CCZ1_HUMAN,0.17410113470511085,0.6086679503205908,11
sp|P89886|TMA20_YEAST,0.8687893030023104,0.024694892625217804,6
sp|P98172|EFNB1_HUMAN,0.28947902284729965,0.636638248414028,5
sp|P98175|RBM10_HUMAN,-0.10376348612208522,0.7614270672606592,11
sp|P98179|RBM3_HUMAN,0.18947812032091785,0.5768416895877134,11
sp|P98194|AT2C1_HUMAN,0.21072188518470827,0.5339777221009656,11
sp|P99999|CYC_HUMAN,0.30554777570565816,0.3608576580868047,11
sp|Q00055|GPD1_YEAST,0.7640385358577573,0.027306317024905,8
sp|Q00059|TFAM_HUMAN,0.23594953087155812,0.4848798505528102,11
sp|Q00169|PIPNA_HUMAN,0.0713117019036601,0.8349527054302657,11
sp|Q00325|MPCP_HUMAN,0.3811465572339482,0.24746133300060544,11
sp|Q00341|VIGLN_HUMAN,-0.14795992164292582,0.6641733254266913,11
sp|Q00403|TF2B_HUMAN,-0.06382626029461014,0.8521032066203982,11
sp|Q00534|CDK6_HUMAN,-0.8203493702380347,0.0019802751236140262,11
sp|Q00535|CDK5_HUMAN,-0.24563472473891027,0.46658492286118386,11
sp|Q00577|PURA_HUMAN,0.48310675434277284,0.1877072809853189,9
sp|Q00587|BORG5_HUMAN,-0.00554482949593027,0.9896036577888238,8
sp|Q00610|CLH1_HUMAN,0.056140298514756604,0.8697731017106193,11
sp|Q00613|HSF1_HUMAN,0.25210594172514933,0.5854819094028731,7
sp|Q00653|NFKB2_HUMAN,0.0790907646722814,0.8171976791419294,11
sp|Q00688|FKBP3_HUMAN,-0.1909909862138845,0.5737457425766778,11
sp|Q00764|TPS1_YEAST,0.428488883865782,0.33747167338803846,7
sp|Q00765|REEP5_HUMAN,0.20651303428225692,0.5423635785979058,11
sp|Q00796|DHSO_HUMAN,-0.21600637243276036,0.5235257263583983,11
sp|Q00839|HNRPU_HUMAN,0.4624337234526791,0.15210476128057393,11
sp|Q00955|ACAC_YEAST,0.9927857552167305,1.3328502262224998e-09,11
sp|Q01080|RPA49_YEAST,-0.9528733361309217,0.1962225749086616,3
sp|Q01081|U2AF1_HUMAN,0.06465868625284818,0.8501929958736313,11
sp|Q01082|SPTB2_HUMAN,-0.2033979663448559,0.5486046209493968,11
sp|Q01085|TIAR_HUMAN,0.46628049588671744,0.14827697531487746,11
sp|Q01105|SET_HUMAN,0.19208081241964323,0.5715195295517356,11
sp|Q01130|SRSF2_HUMAN,0.3008042089167314,0.3687384004986676,11
sp|Q01167|FOXK2_HUMAN,0.32861538617539654,0.32379582780022137,11
sp|Q01201|RELB_HUMAN,0.9999758765811243,0.004421966242467819,3
sp|Q01415|GALK2_HUMAN,-0.43866951266869253,0.5613304873313074,4
sp|Q01433|AMPD2_HUMAN,-0.20167023635137524,0.5520786299302574,11
sp|Q01459|DIAC_HUMAN,-0.33374326642218066,0.3459639964161769,10
sp|Q01469|FABP5_HUMAN,-0.24543903358214697,0.5957656978610878,7
sp|Q01484|ANK2_HUMAN,0.3913011788536553,0.23402948748905325,11
sp|Q01518|CAP1_HUMAN,-0.11535663006823815,0.7355538069747309,11
sp|Q01532|BLH1_YEAST,-0.46257873170399894,0.24845005113375582,8
sp|Q01560|NOP3_YEAST,0.9697554589810558,1.538018874834267e-05,9
sp|Q01581|HMCS1_HUMAN,-0.010857844438465797,0.9747241405891566,11
sp|Q01650|LAT1_HUMAN,0.04140537649507116,0.9157700755847116,9
sp|Q01658|NC2B_HUMAN,-0.008826982994115162,0.9806924791048883,10
sp|Q01662|MAP1_YEAST,0.9880216560508271,1.2963873677076146e-08,11
sp|Q01664|TFAP4_HUMAN,-0.079490259792202,0.920509740207798,4
sp|Q01780|EXOSX_HUMAN,0.09148622594524682,0.7890677559170411,11
sp|Q01804|OTUD4_HUMAN,-0.3520453223676405,0.35282025781477094,9
sp|Q01813|PFKAP_HUMAN,-0.11057987235892505,0.7461861581800541,11
sp|Q01831|XPC_HUMAN,-0.0035843102647513114,0.9916551000364445,11
sp|Q01844|EWS_HUMAN,0.29309045373394793,0.38173917823841663,11
sp|Q01855|RS15_YEAST,0.6454900053795263,0.0319502808201844,11
sp|Q01939|PRS8_YEAST,-0.2210316490304125,0.5988659465774708,8
sp|Q01968|OCRL_HUMAN,-0.09777273053526767,0.7748852270702691,11
sp|Q01970|PLCB3_HUMAN,0.1014316011357135,0.766658775019206,11
sp|Q01974|ROR2_HUMAN,0.7630047215287382,0.07759451432390295,6
sp|Q01995|TAGL_HUMAN,-0.24017741021367772,0.47685459405528435,11
sp|Q02040|AK17A_HUMAN,-0.03174697211337425,0.9261732449460599,11
sp|Q02046|MTD1_YEAST,-0.965010297760911,0.03498970223908904,4
sp|Q02086|SP2_HUMAN,-0.09151226746994437,0.829370053055315,8
sp|Q02127|PYRD_HUMAN,0.13842355894206973,0.6848225528524702,11
sp|Q02218|ODO1_HUMAN,-0.09237971499893251,0.7870484143215061,11
sp|Q02241|KIF23_HUMAN,0.4924934481192362,0.12380424445989889,11
sp|Q02252|MMSA_HUMAN,-0.3651548497005865,0.26949031384579125,11
sp|Q02326|RL6A_YEAST,0.9648616181506711,1.5901481027080234e-06,11
sp|Q02447|SP3_HUMAN,-0.2347655078921246,0.487138042449288,11
sp|Q02486|ABF2_YEAST,-0.0883533255645178,0.8505914967797179,7
sp|Q02543|RL18A_HUMAN,-0.3007787924589032,0.3687808612266593,11
sp|Q02642|NACB1_YEAST,0.3496094818042759,0.2919242690089235,11
sp|Q02725|VTC3_YEAST,0.7416012766355609,0.008991160907341249,11
sp|Q02750|MP2K1_HUMAN,-0.614782153390568,0.044130517828811715,11
sp|Q02790|FKBP4_HUMAN,0.4663353694851778,0.1482228137441988,11
sp|Q02809|PLOD1_HUMAN,-0.005866231414309753,0.9863427328877781,11
sp|Q02818|NUCB1_HUMAN,0.42010019032301377,0.19829882612512878,11
sp|Q02821|IMA1_YEAST,0.5177251216520482,0.37157478898729934,5
sp|Q02878|RL6_HUMAN,0.6432443036727057,0.03274989264143476,11
sp|Q02880|TOP2B_HUMAN,-0.49670807654579263,0.12012852445685124,11
sp|Q02892|NOG1_YEAST,0.65449153900478,0.11068561779869118,7
sp|Q02952|AKA12_HUMAN,-0.3961859051397999,0.2277228285279276,11
sp|Q02978|M2OM_HUMAN,0.10248981735198587,0.7642835137171919,11
sp|Q03001|DYST_HUMAN,-0.8578151670554668,0.0007318346371614292,11
sp|Q03048|COFI_YEAST,0.9361921115886755,2.2345559533714657e-05,11
sp|Q03111|ENL_HUMAN,-0.4605609472105888,0.15399040107398596,11
sp|Q03113|GNA12_HUMAN,-0.15316086856933253,0.6529983104492633,11
sp|Q03154|ACY1_HUMAN,0.4142605217004718,0.20526137247864526,11
sp|Q03161|YMY9_YEAST,0.8545431789259127,0.014308038275420971,7
sp|Q03164|KMT2A_HUMAN,-0.18758434011331468,0.580726230194123,11
sp|Q03188|CENPC_HUMAN,0.6915661162921081,0.08522194863139355,7
sp|Q03195|RLI1_YEAST,0.9805363481135672,3.3233435957109498e-06,9
sp|Q03252|LMNB2_HUMAN,0.42903418533103,0.1879249647880298,11
sp|Q03426|KIME_HUMAN,-0.31325773897298426,0.34823607713842886,11
sp|Q03518|TAP1_HUMAN,-0.27180613003385856,0.4474376275202156,10
sp|Q03558|OYE2_YEAST,0.9898730485767665,6.106039148132281e-09,11
sp|Q03640|TCB3_YEAST,0.17672024009158965,0.7376791302339303,6
sp|Q03690|CLU_YEAST,0.6672446862931912,0.024899346018474443,11
sp|Q03701|CEBPZ_HUMAN,-0.4817575916514949,0.13348980780463596,11
sp|Q03774|TRM82_YEAST,0.715830937454425,0.4920962339097986,3
sp|Q03862|ARX1_YEAST,0.9489546198060267,0.013737730436936707,5
sp|Q03940|RUVB1_YEAST,0.518008883202808,0.481991116797192,4
sp|Q03973|HMO1_YEAST,0.21529916640647032,0.5779871313699058,9
sp|Q04062|RPN9_YEAST,0.9996040740299915,0.0003959259700083706,4
sp|Q04175|SXM1_YEAST,0.6180666135882706,0.19095276172331396,6
sp|Q04178|HPRT_YEAST,0.9127795559368265,0.0005919527810063215,9
sp|Q04206|TF65_HUMAN,0.09266054236215612,0.7864139692488596,11
sp|Q04225|RRB1_YEAST,0.9088927855304396,0.09110721446956038,4
sp|Q04323|UBXN1_HUMAN,-0.14820494749724755,0.6636454502837671,11
sp|Q04344|HNT1_YEAST,0.7527458228998709,0.2472541771001291,4
sp|Q04446|GLGB_HUMAN,-0.4253518986709145,0.19216001342908184,11
sp|Q04491|SEC13_YEAST,0.6664053405109516,0.035363315428894655,10
sp|Q04637|IF4G1_HUMAN,0.5220016106126094,0.09954262573758116,11
sp|Q04656|ATP7A_HUMAN,-0.22687241012430526,0.5023100538246521,11
sp|Q04721|NOTC2_HUMAN,0.16906379805992622,0.619231204367655,11
sp|Q04726|TLE3_HUMAN,0.3417585485624319,0.3036326721065795,11
sp|Q04760|LGUL_HUMAN,0.21735580350792444,0.5208706539709668,11
sp|Q04837|SSBP_HUMAN,0.20926447661248213,0.5368754080918391,11
sp|Q04869|YM94_YEAST,0.06163307850934596,0.9607382799508538,3
sp|Q04894|ADH6_YEAST,0.9581724036802721,3.4497096359683633e-06,11
sp|Q04917|1433F_HUMAN,-0.1647658391095677,0.6282954616677194,11
sp|Q04947|RTN1_YEAST,0.990995286917814,3.605123268054891e-09,11
sp|Q05016|YM71_YEAST,0.99205498478666,2.055384175225812e-09,11
sp|Q05022|RRP5_YEAST,0.9804844568863544,1.831063961626585e-05,8
sp|Q05048|CSTF1_HUMAN,-0.23034465980162222,0.49561057408540937,11
sp|Q05086|UBE3A_HUMAN,-0.29635665937018435,0.37620641233916746,11
sp|Q05193|DYN1_HUMAN,-0.46021903629052907,0.15433622575139339,11
sp|Q05209|PTN12_HUMAN,0.3876045101249799,0.23886901486728984,11
sp|Q05359|ERP1_YEAST,0.49975447437963894,0.6668471390588556,3
sp|Q05397|FAK1_HUMAN,-0.1525975259900761,0.654205697777475,11
sp|Q05506|SYRC_YEAST,0.9817127598703156,8.623243499431905e-08,11
sp|Q05515|SVF1_YEAST,-0.6353860776449244,0.5616819443468387,3
sp|Q05519|SRS11_HUMAN,0.267498303300764,0.42647997829001866,11
sp|Q05639|EF1A2_HUMAN,-0.04413979312983288,0.8974665682163051,11
sp|Q05655|KPCD_HUMAN,-0.12905191863366222,0.9176132248129657,3
sp|Q05682|CALD1_HUMAN,0.029350110765352308,0.9317354252131766,11
sp|Q05775|EIF3J_YEAST,0.7412972842474315,0.014144545387294488,10
sp|Q05905|HRI1_YEAST,0.7605398490686698,0.0065769861797218485,11
sp|Q05911|PUR8_YEAST,0.9607291549848973,3.8026277312956843e-05,9
sp|Q05D32|CTSL2_HUMAN,0.0427605594202005,0.900656543124346,11
sp|Q06103|RPN7_YEAST,0.9757612478268989,0.1404531242437598,3
sp|Q06124|PTN11_HUMAN,-0.2916299349860384,0.3842263995101201,11
sp|Q06136|KDSR_HUMAN,0.1621990488582563,0.6767295723164112,9
sp|Q06151|DCPS_YEAST,0.9163797478723863,0.2621951590373994,3
sp|Q06203|PUR1_HUMAN,0.10567651485356294,0.7571417602068556,11
sp|Q06210|GFPT1_HUMAN,-0.40223084147658617,0.2200574178723606,11
sp|Q06252|YL179_YEAST,0.7083232598218041,0.11520573502687985,6
sp|Q06265|EXOS9_HUMAN,0.28487940178096544,0.5357570965576202,7
sp|Q06323|PSME1_HUMAN,-0.16344204191781642,0.6310966830809858,11
sp|Q06330|SUH_HUMAN,-0.18891853039501894,0.5779884775963795,11
sp|Q06481|APLP2_HUMAN,0.19383746405444324,0.7128853277995366,6
sp|Q06546|GABPA_HUMAN,0.25969628635380654,0.4405974837539103,11
sp|Q06587|RING1_HUMAN,0.2523479591441613,0.4540919704385015,11
sp|Q06609|RAD51_HUMAN,0.4036196727024436,0.2813570032653346,9
sp|Q06705|CSR1_YEAST,-0.21564749277593045,0.8616275883891318,3
sp|Q06787|FMR1_HUMAN,-0.5314290859991272,0.09250358451785265,11
sp|Q06830|PRDX1_HUMAN,0.6926082271798658,0.01815993985592645,11
sp|Q07020|RL18_HUMAN,0.6214980629636653,0.04123072603197578,11
sp|Q07021|C1QBP_HUMAN,0.306453489391637,0.35936289783817105,11
sp|Q07065|CKAP4_HUMAN,-0.04516074025057292,0.8951061348905041,11
sp|Q07157|ZO1_HUMAN,-0.18000554937402094,0.5963714228349825,11
sp|Q07343|PDE4B_HUMAN,-0.24319211768242693,0.4711689410533005,11
sp|Q07478|SUB2_YEAST,0.9829273673262173,6.340396739744415e-08,11
sp|Q07551|KAR_YEAST,0.9150593326760168,0.0849406673239832,4
sp|Q07666|KHDR1_HUMAN,-0.35372244621794163,0.28589152385810607,11
sp|Q07812|BAX_HUMAN,-0.36085978419030584,0.27558856631114165,11
sp|Q07820|MCL1_HUMAN,-0.41608624799612237,0.4118886692477221,6
sp|Q07864|DPOE1_HUMAN,-0.16788357175550492,0.6217155925323892,11
sp|Q07866|KLC1_HUMAN,-0.33476767018794584,0.31427031250482257,11
sp|Q07889|SOS1_HUMAN,-0.12828392682006745,0.7422196211418177,9
sp|Q07954|LRP1_HUMAN,0.08097364071818755,0.8129114439549798,11
sp|Q07955|SRSF1_HUMAN,-0.05575983014423605,0.8706492443292331,11
sp|Q07960|RHG01_HUMAN,0.34727631235907996,0.29537742135166395,11
sp|Q08170|SRSF4_HUMAN,0.11541525789156061,0.7354235645932011,11
sp|Q08209|PP2BA_HUMAN,-0.025756681228278205,0.940079441076109,11
sp|Q08211|DHX9_HUMAN,0.036042816740925895,0.9162118312974825,11
sp|Q08245|ZEO1_YEAST,0.8734413836430778,0.0020935091142933004,9
sp|Q08257|QOR_HUMAN,-0.06748334250622379,0.8437165517367772,11
sp|Q08357|S20A2_HUMAN,-0.26093507443733466,0.6174805463027808,6
sp|Q08378|GOGA3_HUMAN,-0.4858657400840569,0.12972862855399525,11
sp|Q08379|GOGA2_HUMAN,-0.3104030702173656,0.3528821214608561,11
sp|Q08380|LG3BP_HUMAN,0.1589436579687098,0.6406479054704144,11
sp|Q08421|ETT1_YEAST,-0.11300004185686721,0.8869999581431327,4
sp|Q08426|ECHP_HUMAN,0.3398677909165038,0.30649010802693094,11
sp|Q08431|MFGM_HUMAN,0.3545726257314808,0.28465321146152717,11
sp|Q08495|DEMA_HUMAN,0.7539753780547251,0.018934199739373398,9
sp|Q08623|HDHD1_HUMAN,0.18677904875814236,0.6303859009696229,9
sp|Q08722|CD47_HUMAN,-0.0667391314389444,0.8454220706751379,11
sp|Q08723|RPN8_YEAST,0.9425597399223241,0.016382522193065848,5
sp|Q08752|PPID_HUMAN,0.19927543831120367,0.5569085484720387,11
sp|Q08945|SSRP1_HUMAN,0.5599391047130314,0.0732345882704995,11
sp|Q08971|YP225_YEAST,0.922849475476704,0.000141106828558785,10
sp|Q08972|NEW1_YEAST,0.9753576800159578,3.270297918444901e-07,11
sp|Q08985|SAM4_YEAST,0.6697605968227329,0.2161713117970395,5
sp|Q08AD1|CAMP2_HUMAN,0.19430423485609213,0.566988206360571,11
sp|Q08AM6|VAC14_HUMAN,0.09834810285122605,0.7735901850452882,11
sp|Q08J23|NSUN2_HUMAN,-0.18682498680946624,0.5822866435642607,11
sp|Q09028|RBBP4_HUMAN,0.17420711078938533,0.6084464296236131,11
sp|Q09161|NCBP1_HUMAN,0.1887108065770884,0.5784143977530916,11
sp|Q09328|MGT5A_HUMAN,-0.3245377777620397,0.33019315418842116,11
sp|Q09472|EP300_HUMAN,0.27431832112938365,0.510873887956935,8
sp|Q09666|AHNK_HUMAN,-0.22859181922271274,0.49898765663080186,11
sp|Q0JRZ9|FCHO2_HUMAN,0.45912764255609184,0.35970017467641224,6
sp|Q0PNE2|ELP6_HUMAN,0.40561483813761295,0.594385161862387,4
sp|Q0VDF9|HSP7E_HUMAN,0.07353181154547096,0.8298780979656173,11
sp|Q0VDG4|SCRN3_HUMAN,0.5698741286252572,0.23772397719291682,6
sp|Q0ZGT2|NEXN_HUMAN,0.9287152075931215,0.022601127116811146,5
sp|Q10469|MGAT2_HUMAN,0.11879336961385761,0.7279297037130883,11
sp|Q10471|GALT2_HUMAN,0.16074145615800042,0.6368247528229715,11
sp|Q10472|GALT1_HUMAN,0.08314060765369319,0.8079841983625276,11
sp|Q10567|AP1B1_HUMAN,0.3338069609339597,0.315747687133774,11
sp|Q10570|CPSF1_HUMAN,0.27677614322513633,0.40997921617473715,11
sp|Q10713|MPPA_HUMAN,0.22809378059645447,0.4999490232565957,11
sp|Q12040|YO283_YEAST,0.9139033753158348,0.2661059030321841,3
sp|Q12074|SPEE_YEAST,0.987229466263866,1.7274087085401095e-08,11
sp|Q12109|SYWC_YEAST,-0.19158851490251833,0.7161334668955918,6
sp|Q12118|SGT2_YEAST,0.9831594804132383,5.963608798439864e-08,11
sp|Q12122|HOSM_YEAST,-0.9743992566220513,0.1443618072389293,3
sp|Q12154|GET3_YEAST,-0.11677917172810169,0.8516507872756127,5
sp|Q12159|YRA1_YEAST,0.9407159385830642,1.6156841910367437e-05,11
sp|Q12166|LEU9_YEAST,0.8897666300134814,0.043200515863992955,5
sp|Q12189|RPIA_YEAST,-0.9631180074116564,0.17343878846022615,3
sp|Q12230|LSP1_YEAST,0.9489889055633338,0.0010981024450449689,7
sp|Q12265|KPR5_YEAST,-0.05829261113543496,0.912660123274215,6
sp|Q12305|RDL1_YEAST,0.8379402658548828,0.0012794188356307146,11
sp|Q12306|SMT3_YEAST,0.3148815444932142,0.37552476403416846,10
sp|Q12314|SFM1_YEAST,0.6390584511958659,0.12230877191139093,7
sp|Q12335|PST2_YEAST,0.9511211525597828,0.04887884744021731,4
sp|Q12363|WTM1_YEAST,0.9780738546378198,5.03049357310532e-06,9
sp|Q12447|PAA1_YEAST,0.7359222925918971,0.023795899219892766,9
sp|Q12452|ERG27_YEAST,0.21256912060348224,0.8636338676722196,3
sp|Q12460|NOP56_YEAST,0.9847254816025167,3.8525030507420274e-08,11
sp|Q12464|RUVB2_YEAST,0.16188788490088643,0.8381121150991135,4
sp|Q12499|NOP58_YEAST,0.9449375823867455,1.1659147940044544e-05,11
sp|Q12522|IF6_YEAST,0.9594150085397112,1.1301344769287657e-05,10
sp|Q12680|GLT1_YEAST,-0.024139491285906835,0.9472256224029695,10
sp|Q12754|RRP12_YEAST,0.7497048094482478,0.46039095508117484,3
sp|Q12756|KIF1A_HUMAN,-0.20164275082923167,0.5521339676821403,11
sp|Q12765|SCRN1_HUMAN,-0.6169036405802646,0.043199747879633044,11
sp|Q12768|WASC5_HUMAN,-0.20694506453906658,0.5415003102717928,11
sp|Q12769|NU160_HUMAN,-0.34514507272633754,0.29855123991368254,11
sp|Q12788|TBL3_HUMAN,-0.5681898456657932,0.06820652125764555,11
sp|Q12789|TF3C1_HUMAN,-0.1610059899457438,0.6362628693636566,11
sp|Q12792|TWF1_HUMAN,0.18739755703642566,0.5811099059654649,11
sp|Q12797|ASPH_HUMAN,0.15899455538444845,0.6405395599126075,11
sp|Q12802|AKP13_HUMAN,-0.27732208390182544,0.40901810227322244,11
sp|Q12809|KCNH2_HUMAN,0.3604931958725509,0.27611260712314234,11
sp|Q12824|SNF5_HUMAN,-0.325777286301535,0.32824144016400153,11
sp|Q12830|BPTF_HUMAN,0.19603535224609098,0.5634700363917199,11
sp|Q12841|FSTL1_HUMAN,0.6323394198875778,0.12755563719167315,7
sp|Q12846|STX4_HUMAN,0.6507024615830278,0.030147251837368907,11
sp|Q12849|GRSF1_HUMAN,0.2497958220846919,0.4588229802565131,11
sp|Q12860|CNTN1_HUMAN,0.34874974860329194,0.2931940941683165,11
sp|Q12872|SFSWA_HUMAN,-0.25839101622918415,0.4429805671262518,11
sp|Q12873|CHD3_HUMAN,0.026467739302397722,0.9384278965991363,11
sp|Q12874|SF3A3_HUMAN,-0.26456926990015533,0.43175434623786957,11
sp|Q12888|TP53B_HUMAN,0.7555046243800964,0.007165672187711082,11
sp|Q12893|TM115_HUMAN,-0.06499315603576986,0.8494256738103882,11
sp|Q12904|AIMP1_HUMAN,0.16136603808400268,0.6354983848168295,11
sp|Q12905|ILF2_HUMAN,0.20361295818783104,0.5481729507554501,11
sp|Q12906|ILF3_HUMAN,0.4652815378237492,0.14926513879486186,11
sp|Q12907|LMAN2_HUMAN,-0.2807489117799497,0.4030105011844803,11
sp|Q12926|ELAV2_HUMAN,-0.5786132666367106,0.13292440075905582,8
sp|Q12929|EPS8_HUMAN,-0.13003724200469421,0.703143492060158,11
sp|Q12931|TRAP1_HUMAN,0.2559495864783219,0.4474541713454494,11
sp|Q12959|DLG1_HUMAN,-0.3986848057548764,0.22453536827191817,11
sp|Q12962|TAF10_HUMAN,0.11761051131173275,0.7305513097892313,11
sp|Q12972|PP1R8_HUMAN,-0.03932003947775772,0.9086196452024442,11
sp|Q12979|ABR_HUMAN,0.14914412138485145,0.6616233992247739,11
sp|Q12981|SEC20_HUMAN,-0.45531434150610733,0.15935034948061572,11
sp|Q12986|NFX1_HUMAN,0.16377218513760505,0.836227814862395,4
sp|Q12996|CSTF3_HUMAN,-0.21290289834787166,0.5296535066540857,11
sp|Q13011|ECH1_HUMAN,-0.07795265043662242,0.8197907043698669,11
sp|Q13015|AF1Q_HUMAN,0.09463948035370603,0.9053605196462939,4
sp|Q13017|RHG05_HUMAN,-0.36406663849472687,0.3010323703058943,10
sp|Q13033|STRN3_HUMAN,-0.11240311326288982,0.7421231025250175,11
sp|Q13042|CDC16_HUMAN,-0.4608894358009179,0.15365860776238316,11
sp|Q13043|STK4_HUMAN,-0.18260751551811982,0.5909823170210421,11
sp|Q13045|FLII_HUMAN,0.10989990313674242,0.7477029479948575,11
sp|Q13049|TRI32_HUMAN,0.2924098071033587,0.41229686046892083,10
sp|Q13057|COASY_HUMAN,-0.4393839995602009,0.17632659821719288,11
sp|Q13084|RM28_HUMAN,-0.044184721364378426,0.9250628867938552,7
sp|Q13085|ACACA_HUMAN,0.27624312776194987,0.41091863834422204,11
sp|Q13098|CSN1_HUMAN,0.03491267452403993,0.9188314649629693,11
sp|Q13107|UBP4_HUMAN,-0.12804478427295934,0.7075175716139531,11
sp|Q13111|CAF1A_HUMAN,-0.10409017901337142,0.7606948248347734,11
sp|Q13112|CAF1B_HUMAN,-0.008275150364135536,0.980735255821462,11
sp|Q13123|RED_HUMAN,0.058016183041515,0.8654552524347904,11
sp|Q13126|MTAP_HUMAN,0.1417775988400778,0.6775370950951135,11
sp|Q13129|RLF_HUMAN,-0.32330758562685596,0.33213628199312706,11
sp|Q13131|AAPK1_HUMAN,0.022911138259369287,0.9466907254307115,11
sp|Q13136|LIPA1_HUMAN,0.019760027632469285,0.9540154678479201,11
sp|Q13137|CACO2_HUMAN,-0.5158881630869098,0.6549240051322289,3
sp|Q13144|EI2BE_HUMAN,-0.6833090046774422,0.02938995996891362,10
sp|Q13148|TADBP_HUMAN,0.45582403046186,0.1588246449594768,11
sp|Q13151|ROA0_HUMAN,0.00937105585625781,0.9781844543142872,11
sp|Q13153|PAK1_HUMAN,0.6884848928544782,0.027708616223994606,10
sp|Q13155|AIMP2_HUMAN,0.5083303598042315,0.11035803135510625,11
sp|Q13162|PRDX4_HUMAN,0.7040198425327739,0.015601377330163398,11
sp|Q13164|MK07_HUMAN,-0.6003990393891072,0.06645943159157527,10
sp|Q13177|PAK2_HUMAN,0.09058614247967195,0.7911031797502442,11
sp|Q13185|CBX3_HUMAN,-0.10127764278565687,0.7670044990966711,11
sp|Q13188|STK3_HUMAN,0.18047554911095143,0.5953966149978523,11
sp|Q13190|STX5_HUMAN,0.3085696664321795,0.35588291616511153,11
sp|Q13200|PSMD2_HUMAN,0.14428567093788408,0.6721053175139842,11
sp|Q13206|DDX10_HUMAN,0.11389766368152665,0.7387969226698935,11
sp|Q13207|TBX2_HUMAN,-0.5023324186344531,0.30988011551313976,6
sp|Q13217|DNJC3_HUMAN,-0.04635001201105099,0.8923574979785286,11
sp|Q13232|NDK3_HUMAN,0.09164416886084666,0.7887107098517296,11
sp|Q13233|M3K1_HUMAN,-0.29136163415558924,0.4140522086641574,10
sp|Q13242|SRSF9_HUMAN,-0.0009281714556046983,0.9978390246148098,11
sp|Q13243|SRSF5_HUMAN,0.04273057047258471,0.9007259181822385,11
sp|Q13247|SRSF6_HUMAN,-0.25714179634240425,0.44526697071544497,11
sp|Q13257|MD2L1_HUMAN,0.22476129786926224,0.5064024294814572,11
sp|Q13263|TIF1B_HUMAN,-0.47121873474001685,0.14345238614602177,11
sp|Q13283|G3BP1_HUMAN,-0.46794072008098375,0.1466437777397269,11
sp|Q13308|PTK7_HUMAN,-0.0003221795525569643,0.9992498986109364,11
sp|Q13309|SKP2_HUMAN,0.10659570812913258,0.7848907195911258,9
sp|Q13310|PABP4_HUMAN,-0.17066110612780036,0.6158745435432453,11
sp|Q13315|ATM_HUMAN,0.17661749688329287,0.6254770634884878,10
sp|Q13325|IFIT5_HUMAN,0.3054104596912585,0.3610845591694197,11
sp|Q13330|MTA1_HUMAN,-0.3424448421969246,0.3025991097845395,11
sp|Q13347|EIF3I_HUMAN,0.4925225444565666,0.12377862494410156,11
sp|Q13356|PPIL2_HUMAN,0.14743251657121814,0.6653100129652694,11
sp|Q13362|2A5G_HUMAN,0.26679283696606243,0.48770854885642934,9
sp|Q13363|CTBP1_HUMAN,-0.4990346107467084,0.11812983464919638,11
sp|Q13367|AP3B2_HUMAN,-0.03261728358985465,0.9241543135219098,11
sp|Q13370|PDE3B_HUMAN,0.18223654919703638,0.638872185879943,9
sp|Q13371|PHLP_HUMAN,-0.1508813238450641,0.6578885344374202,11
sp|Q13394|MB211_HUMAN,0.26976811395547584,0.4224140394467899,11
sp|Q13404|UB2V1_HUMAN,0.08243824728291937,0.809580546803597,11
sp|Q13405|RM49_HUMAN,-0.019497965814579167,0.9546247802417002,11
sp|Q13409|DC1I2_HUMAN,0.3907981540293751,0.2346846472934889,11
sp|Q13416|ORC2_HUMAN,-0.2733815088133793,0.41598004849267356,11
sp|Q13418|ILK_HUMAN,0.3835596114015575,0.244230262642394,11
sp|Q13423|NNTM_HUMAN,-0.13996004981267696,0.6814820402435473,11
sp|Q13425|SNTB2_HUMAN,0.19595504193974025,0.5874321296134203,10
sp|Q13426|XRCC4_HUMAN,0.47059471810647063,0.6880788011166308,3
sp|Q13427|PPIG_HUMAN,-0.1436455725060293,0.673490265275262,11
sp|Q13428|TCOF_HUMAN,0.4250316467491789,0.19253103638591024,11
sp|Q13435|SF3B2_HUMAN,0.06636263250480974,0.846285125893377,11
sp|Q13438|OS9_HUMAN,0.4224082042913212,0.195586641829785,11
sp|Q13439|GOGA4_HUMAN,-0.2776102327841616,0.4085112684717003,11
sp|Q13442|HAP28_HUMAN,0.1397071579828541,0.682031505946551,11
sp|Q13445|TMED1_HUMAN,0.9113284786364302,0.27011569050678874,3
sp|Q13449|LSAMP_HUMAN,0.14243095289355479,0.6761207747258425,11
sp|Q13451|FKBP5_HUMAN,0.08642385869935962,0.8005307141692826,11
sp|Q13459|MYO9B_HUMAN,-0.03137725907944458,0.9270310168821642,11
sp|Q13464|ROCK1_HUMAN,-0.22546618755108605,0.5050344063239599,11
sp|Q13472|TOP3A_HUMAN,0.33318108339652097,0.3468274565164979,10
sp|Q13485|SMAD4_HUMAN,0.02447027323225545,0.9633019164813404,6
sp|Q13490|BIRC2_HUMAN,0.17850250566690162,0.8214974943330984,4
sp|Q13492|PICAL_HUMAN,0.4443420288987222,0.17092951915420157,11
sp|Q13501|SQSTM_HUMAN,0.38245786552782546,0.24570246407598448,11
sp|Q13505|MTX1_HUMAN,-0.2543284792726054,0.4504362441026015,11
sp|Q13509|TBB3_HUMAN,0.39446255064854274,0.22993637475622977,11
sp|Q13510|ASAH1_HUMAN,-0.19365246079951232,0.5683150511750962,11
sp|Q13523|PRP4B_HUMAN,-0.49901731749300526,0.11814461157415504,11
sp|Q13526|PIN1_HUMAN,0.11793336503299684,0.7298355009162051,11
sp|Q13535|ATR_HUMAN,-0.38614954625822784,0.7476097327056578,3
sp|Q13541|4EBP1_HUMAN,-0.6109834285849068,0.06058271723118466,10
sp|Q13546|RIPK1_HUMAN,0.29638974793156037,0.3761505713131784,11
sp|Q13547|HDAC1_HUMAN,0.07361880048301309,0.8296793808382266,11
sp|Q13555|KCC2G_HUMAN,-0.6360435442241368,0.5611397196507731,3
sp|Q13557|KCC2D_HUMAN,0.3458399821916275,0.2975143422378305,11
sp|Q13561|DCTN2_HUMAN,-0.3083118111882222,0.35630601333393735,11
sp|Q13564|ULA1_HUMAN,-0.17657048625508875,0.6035139888610357,11
sp|Q13572|ITPK1_HUMAN,0.7747635029104452,0.4357378238709942,3
sp|Q13573|SNW1_HUMAN,0.24668857831769758,0.4646134701991168,11
sp|Q13576|IQGA2_HUMAN,-0.05411671120873629,0.8744345067770273,11
sp|Q13586|STIM1_HUMAN,-0.06511229014660389,0.849152391215498,11
sp|Q13595|TRA2A_HUMAN,-0.7181683424538025,0.012802076849596904,11
sp|Q13596|SNX1_HUMAN,0.05279995388618272,0.8774696376401411,11
sp|Q13601|KRR1_HUMAN,0.14546075904688827,0.6695652223512062,11
sp|Q13608|PEX6_HUMAN,0.5097282261972311,0.24254789195443877,7
sp|Q13610|PWP1_HUMAN,-0.24441988572134238,0.4688622533899379,11
sp|Q13613|MTMR1_HUMAN,0.3053858150388682,0.361125289788203,11
sp|Q13614|MTMR2_HUMAN,-0.277795154118352,0.4370861977847473,10
sp|Q13616|CUL1_HUMAN,-0.6695224393984076,0.024231318837715687,11
sp|Q13617|CUL2_HUMAN,0.5002156635591546,0.11712344721064899,11
sp|Q13618|CUL3_HUMAN,0.5337752525995905,0.09080421313984684,11
sp|Q13619|CUL4A_HUMAN,-0.35172279274537777,0.2888158362324993,11
sp|Q13620|CUL4B_HUMAN,-0.3426420935526802,0.3023024040466544,11
sp|Q13625|ASPP2_HUMAN,0.07598227852732277,0.824283724357777,11
sp|Q13630|FCL_HUMAN,0.5546851227322139,0.07656251327054557,11
sp|Q13637|RAB32_HUMAN,0.4857395770243009,0.1298431198880377,11
sp|Q13641|TPBG_HUMAN,-0.13445972716774107,0.6934636986888802,11
sp|Q13642|FHL1_HUMAN,-0.5366950942937145,0.08871822681700987,11
sp|Q13683|ITA7_HUMAN,-0.3466890686436614,0.5008012504400091,6
sp|Q13724|MOGS_HUMAN,-0.16491014011322574,0.6279903784643798,11
sp|Q13740|CD166_HUMAN,0.1319486634126323,0.6989548885281236,11
sp|Q13769|THOC5_HUMAN,-0.18846047868343252,0.5789278350038405,11
sp|Q13797|ITA9_HUMAN,0.1810145178179477,0.6167520880706666,10
sp|Q13813|SPTN1_HUMAN,-0.05442603309587872,0.873721737436719,11
sp|Q13823|NOG2_HUMAN,0.2734620896883539,0.41583711128950046,11
sp|Q13825|AUHM_HUMAN,-0.9331009246132101,0.06689907538678996,4
sp|Q13838|DX39B_HUMAN,-0.2948153473580011,0.3788122192080235,11
sp|Q13867|BLMH_HUMAN,0.4082436677245257,0.2125855781090658,11
sp|Q13868|EXOS2_HUMAN,-0.10131607836767212,0.7669181857770566,11
sp|Q13889|TF2H3_HUMAN,-0.446929005871898,0.16815425331075762,11
sp|Q13895|BYST_HUMAN,0.210201241188047,0.535012144387999,11
sp|Q13907|IDI1_HUMAN,0.2508350321855915,0.45689381743556534,11
sp|Q13948|CASP_HUMAN,0.5043013627361234,0.11368462139245589,11
sp|Q13951|PEBB_HUMAN,0.43186964665298344,0.18470271833988694,11
sp|Q13952|NFYC_HUMAN,0.17471817542142493,0.6073785713190935,11
sp|Q14004|CDK13_HUMAN,-0.0731029469779731,0.8308579247820607,11
sp|Q14008|CKAP5_HUMAN,-0.3817703255980294,0.24662376733618832,11
sp|Q14011|CIRBP_HUMAN,0.6480965353064738,0.031039472915487174,11
sp|Q14019|COTL1_HUMAN,0.23459521947152234,0.48746320315299907,11
sp|Q14103|HNRPD_HUMAN,0.1768041783152405,0.6030270700371186,11
sp|Q14108|SCRB2_HUMAN,0.017346743171023235,0.9596273236187891,11
sp|Q14118|DAG1_HUMAN,0.28048164632049083,0.40347747710679394,11
sp|Q14119|VEZF1_HUMAN,-0.22578291800972,0.5044202294453695,11
sp|Q14126|DSG2_HUMAN,0.7587741235757679,0.2412258764242321,4
sp|Q14137|BOP1_HUMAN,0.05559311961329539,0.8710331865423134,11
sp|Q14139|UBE4A_HUMAN,0.1512137365026025,0.6571746666174246,11
sp|Q14141|SEPT6_HUMAN,0.20155945752679583,0.5523016792393453,11
sp|Q14146|URB2_HUMAN,0.3793620773013451,0.2498664589763104,11
sp|Q14149|MORC3_HUMAN,-0.336238104766438,0.3120163307542705,11
sp|Q14151|SAFB2_HUMAN,-0.5245221228116778,0.0976274772627311,11
sp|Q14152|EIF3A_HUMAN,0.07147966386572335,0.8345685870838171,11
sp|Q14155|ARHG7_HUMAN,-0.015099470069752527,0.964854620357676,11
sp|Q14157|UBP2L_HUMAN,-0.17726618552311127,0.6020648635650042,11
sp|Q14160|SCRIB_HUMAN,0.12450283600202228,0.7153128291100666,11
sp|Q14161|GIT2_HUMAN,-0.09881185167823345,0.7725467607953513,11
sp|Q14165|MLEC_HUMAN,-0.546045949592685,0.08225154124842443,11
sp|Q14166|TTL12_HUMAN,0.38562152272679934,0.2414887436466354,11
sp|Q14181|DPOA2_HUMAN,0.0966287153241706,0.7774616917601558,11
sp|Q14185|DOCK1_HUMAN,-0.31230757185825686,0.3497789362988649,11
sp|Q14194|DPYL1_HUMAN,0.3002276096795382,0.36970228140040823,11
sp|Q14195|DPYL3_HUMAN,0.41854476266826046,0.20013929393681024,11
sp|Q14197|ICT1_HUMAN,-0.10702225801591148,0.7541308749047435,11
sp|Q14203|DCTN1_HUMAN,0.09997006514794354,0.7699422862376236,11
sp|Q14204|DYHC1_HUMAN,-0.020919321706966636,0.9513202956131315,11
sp|Q14232|EI2BA_HUMAN,0.09173262857826513,0.788510753574689,11
sp|Q14240|IF4A2_HUMAN,-0.48303114298274286,0.13231650998055253,11
sp|Q14241|ELOA1_HUMAN,0.14835872464220484,0.6633142282237269,11
sp|Q14247|SRC8_HUMAN,-0.011310764256053596,0.9736701018305371,11
sp|Q14249|NUCG_HUMAN,-0.6151295528071892,0.04397716198985023,11
sp|Q14254|FLOT2_HUMAN,-0.07531355385639199,0.8258096937249519,11
sp|Q14257|RCN2_HUMAN,0.23708912338623198,0.48271080905351593,11
sp|Q14258|TRI25_HUMAN,-0.2774724201188464,0.4087536330032395,11
sp|Q14315|FLNC_HUMAN,0.3000964728481262,0.36992167762647155,11
sp|Q14318|FKBP8_HUMAN,-0.37275556265724064,0.25888685454869337,11
sp|Q14320|FA50A_HUMAN,0.46557849082021896,0.14897096529186402,11
sp|Q14331|FRG1_HUMAN,-0.5956314033740133,0.05316698528678076,11
sp|Q14344|GNA13_HUMAN,0.02867147123449612,0.9333107906318476,11
sp|Q14376|GALE_HUMAN,0.7189121776573402,0.012665770721965274,11
sp|Q14432|PDE3A_HUMAN,-0.6951481623036102,0.017566238605489764,11
sp|Q14444|CAPR1_HUMAN,0.07496098940000426,0.8266144321608603,11
sp|Q14498|RBM39_HUMAN,-0.3527216336067136,0.2873530605999308,11
sp|Q14517|FAT1_HUMAN,0.0015243019184907128,0.9964511154839261,11
sp|Q14527|HLTF_HUMAN,0.08145383706803604,0.811819043072076,11
sp|Q14534|ERG1_HUMAN,0.3925728940301783,0.2959760923320941,9
sp|Q14554|PDIA5_HUMAN,-0.10071115858638718,0.7682769061986121,11
sp|Q14558|KPRA_HUMAN,0.16202924656992743,0.6340910405196373,11
sp|Q14562|DHX8_HUMAN,0.17126397511425442,0.6146093557354898,11
sp|Q14566|MCM6_HUMAN,-0.46914160619225664,0.14546950463257813,11
sp|Q14571|ITPR2_HUMAN,-0.03840280167191751,0.9107438999053379,11
sp|Q14576|ELAV3_HUMAN,0.006211288063209169,0.9855394712950382,11
sp|Q14643|ITPR1_HUMAN,-0.06520914714493131,0.8489302212308568,11
sp|Q14651|PLSI_HUMAN,-0.27315608435471617,0.4163800408959463,11
sp|Q14669|TRIPC_HUMAN,-0.24985828387734094,0.458706921981886,11
sp|Q14671|PUM1_HUMAN,0.17227732403124435,0.6124848531902984,11
sp|Q14676|MDC1_HUMAN,0.3149169275062523,0.34555046498777997,11
sp|Q14677|EPN4_HUMAN,0.22053410979121021,0.5146398101650057,11
sp|Q14683|SMC1A_HUMAN,-0.27467302839361224,0.41369197737785585,11
sp|Q14684|RRP1B_HUMAN,-0.38605029587710576,0.24092088997998684,11
sp|Q14686|NCOA6_HUMAN,-0.10655502640917165,0.755175885016183,11
sp|Q14687|GSE1_HUMAN,-0.18638462689533697,0.5831922860181734,11
sp|Q14690|RRP5_HUMAN,-0.19018987719679037,0.5753843356961307,11
sp|Q14691|PSF1_HUMAN,-0.4674749224282576,0.24281089953685717,8
sp|Q14692|BMS1_HUMAN,0.530251685780523,0.09336422794354475,11
sp|Q14693|LPIN1_HUMAN,-0.1169654769408227,0.7319820126148588,11
sp|Q14694|UBP10_HUMAN,0.23094806180128485,0.49445036502415163,11
sp|Q14696|MESD_HUMAN,-0.3096628104795543,0.35409214312915355,11
sp|Q14697|GANAB_HUMAN,0.3678436130362296,0.26571178909669424,11
sp|Q14699|RFTN1_HUMAN,-0.3036268202759075,0.3640385159381511,11
sp|Q14738|2A5D_HUMAN,-0.13556306993853745,0.6910550720459806,11
sp|Q14739|LBR_HUMAN,0.014999569700089838,0.9650870250190337,11
sp|Q14746|COG2_HUMAN,-0.13407798593492481,0.6942976443889541,11
sp|Q14764|MVP_HUMAN,0.1350786736325012,0.6921122070087238,11
sp|Q14781|CBX2_HUMAN,0.09868314425478417,0.7728363157372264,11
sp|Q14789|GOGB1_HUMAN,-0.20139649650666866,0.5526298616309553,11
sp|Q14807|KIF22_HUMAN,-0.1964910757218454,0.5625453052014019,11
sp|Q14814|MEF2D_HUMAN,-0.23344875537079368,0.5162632346421049,10
sp|Q14839|CHD4_HUMAN,0.11235488431914817,0.7422305041924675,11
sp|Q14847|LASP1_HUMAN,-0.16362534268430096,0.6307085485500203,11
sp|Q14919|NC2A_HUMAN,0.18239596708534675,0.5914197807432692,11
sp|Q14966|ZN638_HUMAN,0.4516992494298874,0.1631100083336419,11
sp|Q14974|IMB1_HUMAN,-0.1910011147186655,0.5737250373134248,11
sp|Q14978|NOLC1_HUMAN,0.16285567220500607,0.6323388667956811,11
sp|Q14980|NUMA1_HUMAN,0.19099353305884928,0.5737405361445359,11
sp|Q14997|PSME4_HUMAN,-0.17726118264193716,0.6020752798460255,11
sp|Q14999|CUL7_HUMAN,0.819923312420213,0.045721691510093254,6
sp|Q149N8|SHPRH_HUMAN,-0.9472246592691056,0.20774921945681774,3
sp|Q14BN4|SLMAP_HUMAN,0.45999806910195545,0.15455997954893147,11
sp|Q14C86|GAPD1_HUMAN,0.3027516334595011,0.3654924708673671,11
sp|Q14CX7|NAA25_HUMAN,0.2894723811811961,0.3879154994230344,11
sp|Q15003|CND2_HUMAN,-0.02125698249952168,0.9505353735333438,11
sp|Q15005|SPCS2_HUMAN,-0.21630564398307955,0.5229364029323483,11
sp|Q15006|EMC2_HUMAN,-0.41835968779421906,0.20035896350704302,11
sp|Q15007|FL2D_HUMAN,0.3900756092917768,0.23562758205565693,11
sp|Q15008|PSMD6_HUMAN,0.17307119700976598,0.6108223528237375,11
sp|Q15014|MO4L2_HUMAN,0.33775592590772335,0.3096989187515452,11
sp|Q15018|ABRX2_HUMAN,-0.07203597761311419,0.8332965649669681,11
sp|Q15019|SEPT2_HUMAN,-0.40926563385274584,0.21133079286768078,11
sp|Q15020|SART3_HUMAN,-0.2623670168521186,0.43574031844489425,11
sp|Q15021|CND1_HUMAN,-0.04627408417297539,0.8925329504175646,11
sp|Q15022|SUZ12_HUMAN,-0.4437959767820519,0.17151888786903818,11
sp|Q15024|EXOS7_HUMAN,-0.13399479241843076,0.69447942800799,11
sp|Q15029|U5S1_HUMAN,-0.6358297264806813,0.03548941015174055,11
sp|Q15031|SYLM_HUMAN,-0.06508529309069969,0.8492143186515927,11
sp|Q15032|R3HD1_HUMAN,0.2237209822261444,0.7762790177738557,4
sp|Q15036|SNX17_HUMAN,-0.23065126539270014,0.4950208899215235,11
sp|Q15042|RB3GP_HUMAN,0.42676420090558287,0.19052896132191208,11
sp|Q15043|S39AE_HUMAN,-0.2514747787713014,0.4557080739671261,11
sp|Q15046|SYK_HUMAN,0.0954722381993585,0.7800682684420537,11
sp|Q15047|SETB1_HUMAN,0.10933278551355718,0.8154982604902384,7
sp|Q15050|RRS1_HUMAN,0.18995961887603044,0.5758556433632717,11
sp|Q15052|ARHG6_HUMAN,0.725664134970267,0.10256696877602997,6
sp|Q15054|DPOD3_HUMAN,0.33816829308617563,0.33920581214242707,10
sp|Q15056|IF4H_HUMAN,-0.27945248820319724,0.40527814290325404,11
sp|Q15057|ACAP2_HUMAN,-0.13108533836420572,0.7008458153389677,11
sp|Q15058|KIF14_HUMAN,-0.21317191342974717,0.5291211561608541,11
sp|Q15059|BRD3_HUMAN,-0.060089325127337945,0.8606872043940954,11
sp|Q15061|WDR43_HUMAN,-0.238315168015671,0.48038206837093056,11
sp|Q15067|ACOX1_HUMAN,-0.4944724756517234,0.12206942436943674,11
sp|Q15070|OXA1L_HUMAN,0.23631718473002972,0.48417960362362794,11
sp|Q15075|EEA1_HUMAN,-0.4001636378539558,0.22266144805060203,11
sp|Q15084|PDIA6_HUMAN,-0.19130019355395234,0.5731137746322256,11
sp|Q15102|PA1B3_HUMAN,0.1056167675708993,0.7572755057850109,11
sp|Q15113|PCOC1_HUMAN,0.5699489379929491,0.06716543978867309,11
sp|Q15118|PDK1_HUMAN,0.4320879979654837,0.24546329562919553,9
sp|Q15120|PDK3_HUMAN,-0.9072585947499745,0.0927414052500255,4
sp|Q15121|PEA15_HUMAN,0.1421732154680171,0.6766793775930499,11
sp|Q15126|PMVK_HUMAN,0.37996317839370597,0.24905480201259983,11
sp|Q15147|PLCB4_HUMAN,-0.20814405841419142,0.5391074798402644,11
sp|Q15149|PLEC_HUMAN,0.1414158765976451,0.6783216286482834,11
sp|Q15154|PCM1_HUMAN,-0.20250436174327877,0.5504003161090419,11
sp|Q15165|PON2_HUMAN,-0.3470052743527845,0.2957800142040162,11
sp|Q15181|IPYR_HUMAN,-0.2166239494256342,0.5223099054804362,11
sp|Q15185|TEBP_HUMAN,-0.12922926630616446,0.7049162907570249,11
sp|Q15208|STK38_HUMAN,-0.09719541774611268,0.803547286793387,9
sp|Q15223|NECT1_HUMAN,0.44329324388133845,0.17206260289472136,11
sp|Q15233|NONO_HUMAN,0.1695452956657756,0.6182186710894825,11
sp|Q15257|PTPA_HUMAN,0.2799650036579887,0.4043809280141865,11
sp|Q15269|PWP2_HUMAN,-0.5287230399428805,0.09448945318272843,11
sp|Q15274|NADC_HUMAN,0.26491207607401657,0.43113545010342336,11
sp|Q15276|RABE1_HUMAN,0.2706126967690091,0.4209059100107686,11
sp|Q15286|RAB35_HUMAN,-0.30929799277598036,0.3546892615750842,11
sp|Q15287|RNPS1_HUMAN,0.482977233815221,0.1323660421764619,11
sp|Q15291|RBBP5_HUMAN,0.043462462297491386,0.9051052539429718,10
sp|Q15293|RCN1_HUMAN,-0.25475800489348893,0.44964522052850087,11
sp|Q15311|RBP1_HUMAN,-0.6466046819431137,0.2383663089902253,5
sp|Q15326|ZMY11_HUMAN,-0.19895303253871757,0.5816115829083791,10
sp|Q15334|L2GL1_HUMAN,0.300462653325455,0.3693092119448022,11
sp|Q15345|LRC41_HUMAN,-0.3691029964906609,0.2639523342211401,11
sp|Q15361|TTF1_HUMAN,-0.41914978004049813,0.19942219239898212,11
sp|Q15363|TMED2_HUMAN,0.34821085643433275,0.2939915863951062,11
sp|Q15365|PCBP1_HUMAN,0.022546387424519917,0.9475384072727737,11
sp|Q15366|PCBP2_HUMAN,0.7072651908893128,0.014923790870936517,11
sp|Q15369|ELOC_HUMAN,0.5919431238415036,0.055041954197242976,11
sp|Q15370|ELOB_HUMAN,0.8671701491277782,0.0005464295966594568,11
sp|Q15382|RHEB_HUMAN,0.4319411347328417,0.18462191521551247,11
sp|Q15386|UBE3C_HUMAN,-0.344146593212037,0.30004456745509295,11
sp|Q15388|TOM20_HUMAN,-0.5045035738214854,0.3860438028720328,5
sp|Q15392|DHC24_HUMAN,-0.26466655480873547,0.7353334451912645,4
sp|Q15393|SF3B3_HUMAN,0.0522285432801209,0.878787204476093,11
sp|Q15397|PUM3_HUMAN,-0.3524083558326618,0.28781140481022444,11
sp|Q15398|DLGP5_HUMAN,-0.23159923126562132,0.493199650269478,11
sp|Q15404|RSU1_HUMAN,-0.6339758018428099,0.036198608169952205,11
sp|Q15417|CNN3_HUMAN,-0.4200522196367929,0.19835543532368727,11
sp|Q15418|KS6A1_HUMAN,0.44336800871715853,0.17198167644715692,11
sp|Q15424|SAFB1_HUMAN,0.34197367223937153,0.3033084875694148,11
sp|Q15427|SF3B4_HUMAN,0.3958003567597974,0.2575496448853953,10
sp|Q15428|SF3A2_HUMAN,0.6451684056662322,0.032063941848177825,11
sp|Q15434|RBMS2_HUMAN,-0.4516863202461203,0.44509762150640864,5
sp|Q15435|PP1R7_HUMAN,-0.018104774096718783,0.9578644092110298,11
sp|Q15436|SC23A_HUMAN,0.019536058927851763,0.9545362096787023,11
sp|Q15437|SC23B_HUMAN,0.4701827130382674,0.1444562633599089,11
sp|Q15459|SF3A1_HUMAN,0.33357867937736857,0.3160992871954597,11
sp|Q15477|SKIV2_HUMAN,0.2795041448128773,0.40518766804823314,11
sp|Q15526|SURF1_HUMAN,-0.5376520457569762,0.21324120377138567,7
sp|Q15542|TAF5_HUMAN,0.3492887861551246,0.29239758081307043,11
sp|Q15545|TAF7_HUMAN,0.5335589304151125,0.09096003134116301,11
sp|Q15554|TERF2_HUMAN,0.060176723549855295,0.8604862861942718,11
sp|Q15572|TAF1C_HUMAN,-0.1237744026331436,0.7169190496559619,11
sp|Q15596|NCOA2_HUMAN,-0.44263761264657936,0.3199525477083139,7
sp|Q15599|NHRF2_HUMAN,0.20892755211576483,0.5375462196900191,11
sp|Q15631|TSN_HUMAN,0.4692986269848202,0.14531640158420397,11
sp|Q15637|SF01_HUMAN,-0.1643853718177435,0.629100101084383,11
sp|Q15642|CIP4_HUMAN,-0.1741242389109091,0.6086196533259225,11
sp|Q15643|TRIPB_HUMAN,0.03136955494425005,0.9270488920058166,11
sp|Q15645|PCH2_HUMAN,0.04473424492238004,0.8960921017425814,11
sp|Q15648|MED1_HUMAN,0.3486475396208464,0.29334525882902057,11
sp|Q15650|TRIP4_HUMAN,0.06668464055936679,0.8455469716730413,11
sp|Q15653|IKBB_HUMAN,-0.195358283280821,0.8748260637873962,3
sp|Q15691|MARE1_HUMAN,0.6081611853837395,0.04712429818028792,11
sp|Q15717|ELAV1_HUMAN,-0.20249619322056067,0.5504167416851199,11
sp|Q15738|NSDHL_HUMAN,-0.21657316943208166,0.5224098307923024,11
sp|Q15742|NAB2_HUMAN,-0.034311626710819346,0.9656883732891806,4
sp|Q15746|MYLK_HUMAN,-0.2634577614888356,0.8302740793760285,3
sp|Q15750|TAB1_HUMAN,-0.05340186092793443,0.8760820534823242,11
sp|Q15751|HERC1_HUMAN,0.6311796183382723,0.1284727315565027,7
sp|Q15758|AAAT_HUMAN,0.012169037407962137,0.9716728263553707,11
sp|Q15768|EFNB3_HUMAN,0.14438976963162703,0.6718801708946092,11
sp|Q15773|MLF2_HUMAN,0.559925455153768,0.09232637025178687,10
sp|Q15776|ZKSC8_HUMAN,-0.36202291470177606,0.6379770852982238,4
sp|Q15785|TOM34_HUMAN,-0.6444793122496761,0.032308437729325186,11
sp|Q15796|SMAD2_HUMAN,0.34579496905662094,0.2975814478998617,11
sp|Q15800|MSMO1_HUMAN,0.11993998547464488,0.7585704833707423,9
sp|Q15811|ITSN1_HUMAN,0.07407758268789728,0.8286314893117331,11
sp|Q15813|TBCE_HUMAN,0.12833043705646496,0.7068899819704536,11
sp|Q15814|TBCC_HUMAN,0.3286428789145997,0.32375292140970796,11
sp|Q15819|UB2V2_HUMAN,0.2739345111975594,0.41499959281294396,11
sp|Q15836|VAMP3_HUMAN,-0.8083241327680172,0.1916758672319827,4
sp|Q15843|NEDD8_HUMAN,0.2609895285596361,0.4382423325722638,11
sp|Q15904|VAS1_HUMAN,0.4234463848544932,0.19437397552891117,11
sp|Q15906|VPS72_HUMAN,-0.10889118864343131,0.749954539850268,11
sp|Q15910|EZH2_HUMAN,0.0300353853137171,0.9301448806159692,11
sp|Q15911|ZFHX3_HUMAN,0.9660219011282198,0.16643018650836436,3
sp|Q15942|ZYX_HUMAN,-0.2885251337175402,0.389540731690677,11
sp|Q16181|SEPT7_HUMAN,0.45464233111925423,0.16004512431336426,11
sp|Q16186|ADRM1_HUMAN,-0.007715767776786994,0.9820373241562653,11
sp|Q16204|CCDC6_HUMAN,0.3017929837883509,0.3670884936675877,11
sp|Q16222|UAP1_HUMAN,-0.16238589776260565,0.6333346672458455,11
sp|Q16342|PDCD2_HUMAN,0.6912664201122555,0.018479310826459084,11
sp|Q16352|AINX_HUMAN,-0.079663259759334,0.8158939535219611,11
sp|Q16401|PSMD5_HUMAN,-0.19066781189080254,0.5744065465364193,11
sp|Q16512|PKN1_HUMAN,-0.31530639227818924,0.3449216416918323,11
sp|Q16513|PKN2_HUMAN,0.2971036840604948,0.3749467400664727,11
sp|Q16527|CSRP2_HUMAN,-0.049063154944540215,0.8860909208383082,11
sp|Q16531|DDB1_HUMAN,-0.2752436912770281,0.41268293832603725,11
sp|Q16537|2A5E_HUMAN,-0.15131307854417225,0.6569613759637463,11
sp|Q16539|MK14_HUMAN,-0.15762889033921038,0.6434488336483358,11
sp|Q16540|RM23_HUMAN,0.6090736887857255,0.046703623161363735,11
sp|Q16543|CDC37_HUMAN,-0.060885088734458914,0.8588581167977895,11
sp|Q16555|DPYL2_HUMAN,0.14993294377367478,0.6599266220342593,11
sp|Q16566|KCC4_HUMAN,0.1876462299193005,0.5805991223079902,11
sp|Q16576|RBBP7_HUMAN,0.049236090761647644,0.8856916839734046,11
sp|Q16623|STX1A_HUMAN,0.5708844741806522,0.06661615080673064,11
sp|Q16629|SRSF7_HUMAN,0.011808345897783984,0.9725121693386926,11
sp|Q16630|CPSF6_HUMAN,0.30715343689506946,0.3582099204292208,11
sp|Q16637|SMN_HUMAN,0.7391756964564268,0.022865141288479964,9
sp|Q16643|DREB_HUMAN,0.13187917855827214,0.6991070234355394,11
sp|Q16656|NRF1_HUMAN,-0.30442048624785467,0.6955795137521452,4
sp|Q16658|FSCN1_HUMAN,0.169003811558943,0.6193573906280578,11
sp|Q16698|DECR_HUMAN,0.06701713558677927,0.8447848946200963,11
sp|Q16706|MA2A1_HUMAN,-0.2097932812605616,0.5879793796756088,9
sp|Q16718|NDUA5_HUMAN,0.1792778747297195,0.5978818408284879,11
sp|Q16740|CLPP_HUMAN,0.04848044031359633,0.8874363410326609,11
sp|Q16762|THTR_HUMAN,0.6752536908486074,0.022606765562675345,11
sp|Q16763|UBE2S_HUMAN,0.2520437649612843,0.4546546788326383,11
sp|Q16773|KAT1_HUMAN,0.4282295331928049,0.2169543519764333,10
sp|Q16774|KGUA_HUMAN,0.5204102378148892,0.10076434965516966,11
sp|Q16775|GLO2_HUMAN,-0.2167837860876831,0.5219954302133859,11
sp|Q16795|NDUA9_HUMAN,-0.4242531060251744,0.19343480332149202,11
sp|Q16799|RTN1_HUMAN,0.24955939773715297,0.4592623952534674,11
sp|Q16822|PCKGM_HUMAN,0.2749096720854267,0.41327340143157304,11
sp|Q16832|DDR2_HUMAN,-0.16788893094780322,0.621704303343454,11
sp|Q16836|HCDH_HUMAN,0.03505448980298848,0.9185027014299565,11
sp|Q16850|CP51A_HUMAN,-0.7271221877523635,0.011230134692147247,11
sp|Q16851|UGPA_HUMAN,-0.5422284072459176,0.08485247322012132,11
sp|Q16854|DGUOK_HUMAN,0.18499959751644657,0.5860442420803249,11
sp|Q16864|VATF_HUMAN,-0.1955750168442255,0.5644047366326468,11
sp|Q16881|TRXR1_HUMAN,-0.06967471724685101,0.8386980693040432,11
sp|Q16891|MIC60_HUMAN,0.4715049288446797,0.14317584755504617,11
sp|Q17R98|ZN827_HUMAN,0.1782038466048574,0.7743105108750395,5
sp|Q17RS7|GEN_HUMAN,-0.2911625018600442,0.575597985468687,6
sp|Q17RY0|CPEB4_HUMAN,-0.5357060819282381,0.3521143801566006,5
sp|Q1ED39|KNOP1_HUMAN,0.09474760323748367,0.78170255669352,11
sp|Q1KMD3|HNRL2_HUMAN,0.2511698133455008,0.45627313705064587,11
sp|Q27J81|INF2_HUMAN,0.01710508699464814,0.9601893656977156,11
sp|Q29RF7|PDS5A_HUMAN,0.07890386767165092,0.8176233841765395,11
sp|Q2KHR3|QSER1_HUMAN,-0.2741228468078001,0.41466593612853453,11
sp|Q2KHT3|CL16A_HUMAN,-0.5963645387359551,0.4036354612640449,4
sp|Q2KJY2|KI26B_HUMAN,0.024551997752051274,0.9428779888720318,11
sp|Q2M2I8|AAK1_HUMAN,0.35563274437216813,0.28311329846319994,11
sp|Q2M389|WASC4_HUMAN,0.3119251419464447,0.35040092078809926,11
sp|Q2NKX8|ERC6L_HUMAN,0.50697281807527,0.11147176880766159,11
sp|Q2NL82|TSR1_HUMAN,0.15117781939624547,0.657251787484951,11
sp|Q2TAA2|IAH1_HUMAN,0.6699279317478855,0.06911510555934261,8
sp|Q2TAA5|ALG11_HUMAN,-0.2518426237321793,0.4550269336712483,11
sp|Q2TAK8|PWP3A_HUMAN,0.28603222299515124,0.5340342757506976,7
sp|Q2TAL8|QRIC1_HUMAN,0.1498213131881881,0.6601666551852734,11
sp|Q2TAY7|SMU1_HUMAN,0.16573773721737223,0.6262416711555268,11
sp|Q2TB10|ZN800_HUMAN,-0.8847443537596718,0.3086658023316046,3
sp|Q2TBE0|C19L2_HUMAN,-0.21754216618363031,0.5460147718092399,10
sp|Q2V2M9|FHOD3_HUMAN,0.017593094844056356,0.9641688845340316,9
sp|Q32MZ4|LRRF1_HUMAN,0.4486453130788799,0.1663284395820505,11
sp|Q32NB8|PGPS1_HUMAN,-0.0665261276909142,0.8551164449543686,10
sp|Q32P28|P3H1_HUMAN,-0.5548068070464175,0.0764843158894453,11
sp|Q32P41|TRM5_HUMAN,0.18318479574249447,0.5897891746958205,11
sp|Q32P44|EMAL3_HUMAN,-0.04165658039526955,0.9032108452861889,11
sp|Q3B726|RPA43_HUMAN,-0.02444109233665219,0.9431356579981999,11
sp|Q3KQU3|MA7D1_HUMAN,-0.07306273694532159,0.8309498037432859,11
sp|Q3KQV9|UAP1L_HUMAN,-0.02090090189125668,0.9513631152102143,11
sp|Q3L8U1|CHD9_HUMAN,-0.2053011361161018,0.8683652462883994,3
sp|Q3LXA3|TKFC_HUMAN,-0.15177665315683778,0.6559663697873342,11
sp|Q3SXM5|HSDL1_HUMAN,0.5822243979063386,0.06019753352777236,11
sp|Q3T8J9|GON4L_HUMAN,0.06122883606491025,0.9387711639350897,4
sp|Q3V6T2|GRDN_HUMAN,0.3688828986165916,0.2642593508357273,11
sp|Q3YEC7|RABL6_HUMAN,-0.35363190470091166,0.2860235761406595,11
sp|Q3ZCQ8|TIM50_HUMAN,-0.20656735347174704,0.5422550088397461,11
sp|Q3ZCW2|LEGL_HUMAN,0.1376433928107017,0.6865206717658999,11
sp|Q49A26|GLYR1_HUMAN,0.2844362811472586,0.39659502831905286,11
sp|Q49AR2|CE022_HUMAN,0.36977832916659714,0.2929355681853314,10
sp|Q4G0F5|VP26B_HUMAN,-0.19253201510651027,0.5705988372663267,11
sp|Q4G0J3|LARP7_HUMAN,-0.23849150266833108,0.4800475540427274,11
sp|Q4G0N4|NAKD2_HUMAN,0.38601775929499976,0.24096395331481132,11
sp|Q4G148|GXLT1_HUMAN,0.3559713463961609,0.5565259534493951,5
sp|Q4G176|ACSF3_HUMAN,-0.30056304938415257,0.36914138214782305,11
sp|Q4J6C6|PPCEL_HUMAN,-0.03990355551488389,0.9072685440731446,11
sp|Q4KMP7|TB10B_HUMAN,-0.1878406307669189,0.5801999359031852,11
sp|Q4KMQ2|ANO6_HUMAN,0.2308782317923993,0.4945845716437039,11
sp|Q4LE39|ARI4B_HUMAN,-0.4789052927033398,0.13614146070912034,11
sp|Q4V328|GRAP1_HUMAN,0.4832867961505897,0.1320817740159811,11
sp|Q4V9L6|TM119_HUMAN,0.9943604902393132,0.06764257146357061,3
sp|Q4VC31|MIX23_HUMAN,-0.18835225149925494,0.5791498697854143,11
sp|Q52LJ0|FA98B_HUMAN,-0.14886362288400484,0.6622271036379092,11
sp|Q52LW3|RHG29_HUMAN,-0.3511483384467686,0.2896589713427092,11
sp|Q53EL6|PDCD4_HUMAN,-0.579504055569074,0.0616972886402781,11
sp|Q53EP0|FND3B_HUMAN,0.9997301241795418,0.0002698758204582319,4
sp|Q53ET0|CRTC2_HUMAN,0.6499956585820695,0.3500043414179306,4
sp|Q53EZ4|CEP55_HUMAN,-0.8537953583145745,0.14620464168542546,4
sp|Q53F19|NCBP3_HUMAN,0.007604966935129215,0.9822952387437139,11
sp|Q53FA7|QORX_HUMAN,0.660210802883489,0.027044490991318646,11
sp|Q53FT3|HIKES_HUMAN,0.4046759410765314,0.27997921415350463,9
sp|Q53GG5|PDLI3_HUMAN,0.25735776733465754,0.4728586758003956,10
sp|Q53GQ0|DHB12_HUMAN,-0.04009313440694841,0.9068296312903293,11
sp|Q53GS7|GLE1_HUMAN,0.24665447604198165,0.4646772059182278,11
sp|Q53GS9|SNUT2_HUMAN,-0.037259449499709496,0.9133925518233404,11
sp|Q53GT1|KLH22_HUMAN,0.29967429295410974,0.3706284495688113,11
sp|Q53H12|AGK_HUMAN,-0.5202896214515066,0.10085734613908368,11
sp|Q53H47|SETMR_HUMAN,-0.3412559247521969,0.30439084662868726,11
sp|Q53H82|LACB2_HUMAN,-0.016824708916088782,0.9632063656299285,10
sp|Q53HC9|EIPR1_HUMAN,0.15989417967357,0.6386255664430358,11
sp|Q53HL2|BOREA_HUMAN,0.1981039623350693,0.5592773656114395,11
sp|Q53LP3|SWAHC_HUMAN,-0.06589010122693162,0.9580226471580383,3
sp|Q53T59|H1BP3_HUMAN,-0.47009749425925196,0.14453903404858193,11
sp|Q567U6|CCD93_HUMAN,0.2699507239224421,0.42208774176792185,11
sp|Q587I9|SFT2C_HUMAN,-0.2688705015297177,0.4240197070664286,11
sp|Q5BJF6|ODFP2_HUMAN,0.8081479907078228,0.19185200929217716,4
sp|Q5BJH7|YIF1B_HUMAN,-0.05214719257283498,0.878974806628689,11
sp|Q5BKZ1|ZN326_HUMAN,0.2694518994830001,0.42297935614294396,11
sp|Q5C9Z4|NOM1_HUMAN,-0.04621448254492927,0.9060200331829701,9
sp|Q5EBL4|RIPL1_HUMAN,-0.2176516164181515,0.5202893902803204,11
sp|Q5F1R6|DJC21_HUMAN,-0.011320978259912795,0.975238533761279,10
sp|Q5GLZ8|HERC4_HUMAN,0.12823258180480707,0.7071049551287453,11
sp|Q5H8A4|PIGG_HUMAN,0.03242948741743146,0.9245899257732175,11
sp|Q5H9F3|BCORL_HUMAN,-0.31924101768142515,0.3386025630008171,11
sp|Q5H9R7|PP6R3_HUMAN,0.1555563392170796,0.6478725692575416,11
sp|Q5HYI7|MTX3_HUMAN,0.3273073411378391,0.4736248571506975,7
sp|Q5HYI8|RABL3_HUMAN,0.4632094281602416,0.2092173985150256,9
sp|Q5HYW2|NHSL2_HUMAN,0.7829572927291226,0.012591101526451022,9
sp|Q5J8M3|EMC4_HUMAN,-0.58210586819372,0.0602623591940085,11
sp|Q5JPH6|SYEM_HUMAN,-0.20187379415712545,0.575961791809862,10
sp|Q5JRA6|TGO1_HUMAN,0.08231377398066783,0.8098635220632182,11
sp|Q5JRX3|PREP_HUMAN,-0.13887666415920452,0.6838369187555129,11
sp|Q5JSH3|WDR44_HUMAN,-0.009289067724031097,0.9783752817066554,11
sp|Q5JSL3|DOC11_HUMAN,-0.3332992037577648,0.34664594411380206,10
sp|Q5JSZ5|PRC2B_HUMAN,0.5840698077862015,0.059194350325227504,11
sp|Q5JTH9|RRP12_HUMAN,-0.0518981030458032,0.879549264504276,11
sp|Q5JTV8|TOIP1_HUMAN,0.344486448220515,0.299535821537603,11
sp|Q5JTZ9|SYAM_HUMAN,-0.5023264622497992,0.11533859500940202,11
sp|Q5JVF3|PCID2_HUMAN,0.15463664134203572,0.6498388972398704,11
sp|Q5K4L6|S27A3_HUMAN,0.21577786646533015,0.5771212778279599,9
sp|Q5M775|CYTSB_HUMAN,0.17921514399823574,0.5980121164284696,11
sp|Q5MIZ7|P4R3B_HUMAN,-0.49488834107609053,0.14587886363069036,10
sp|Q5MNZ6|WIPI3_HUMAN,0.6071088570882834,0.08295620034338971,9
sp|Q5PRF9|SMAG2_HUMAN,0.13784836864271038,0.8250434589681284,5
sp|Q5PSV4|BRM1L_HUMAN,0.3403133429632575,0.3701901423686033,9
sp|Q5QJ74|TBCEL_HUMAN,-0.03634180123578915,0.9206072213287946,10
sp|Q5QJE6|TDIF2_HUMAN,-0.010597050709980335,0.9753310784793359,11
sp|Q5R372|RBG1L_HUMAN,0.04290338550790665,0.9127318972344165,9
sp|Q5RKV6|EXOS6_HUMAN,0.26775666455571695,0.4260162299961835,11
sp|Q5SNT2|TM201_HUMAN,-0.6812151862016997,0.31878481379830026,4
sp|Q5SQI0|ATAT_HUMAN,-0.027815884067701163,0.9352972203194602,11
sp|Q5SRE5|NU188_HUMAN,0.12515425688155957,0.7138773005815193,11
sp|Q5SSJ5|HP1B3_HUMAN,-0.008901449891235286,0.9792774759059986,11
sp|Q5SW79|CE170_HUMAN,0.6460074594785907,0.031767993555852296,11
sp|Q5SWX8|ODR4_HUMAN,-0.821351522201029,0.0019340184611252942,11
sp|Q5SY16|NOL9_HUMAN,0.5719346146457274,0.06600319195068784,11
sp|Q5T0F9|C2D1B_HUMAN,0.6221664667430599,0.07358761357446597,9
sp|Q5T0N5|FBP1L_HUMAN,-0.6275383840504322,0.03873787802763206,11
sp|Q5T160|SYRM_HUMAN,-0.7356164867443677,0.15655415809563625,5
sp|Q5T1M5|FKB15_HUMAN,-0.23033228491339522,0.4956343807565876,11
sp|Q5T1V6|DDX59_HUMAN,-0.09879049396203386,0.785992555251915,10
sp|Q5T200|ZC3HD_HUMAN,-0.030621872431324776,0.9287838068124853,11
sp|Q5T280|CI114_HUMAN,0.20605201904792303,0.594803770698749,9
sp|Q5T3I0|GPTC4_HUMAN,0.36824555097411665,0.26514953262196916,11
sp|Q5T3J3|LRIF1_HUMAN,-0.23415389806240983,0.4883063411084338,11
sp|Q5T447|HECD3_HUMAN,0.13094759205530518,0.7011476601253163,11
sp|Q5T481|RBM20_HUMAN,0.1662647983357724,0.6251288933827189,11
sp|Q5T4S7|UBR4_HUMAN,0.20186141912877892,0.5516937755853165,11
sp|Q5T5X7|BEND3_HUMAN,0.006802751178069499,0.9861420835327137,9
sp|Q5T5Y3|CAMP1_HUMAN,0.34165799484086995,0.30378426817213594,11
sp|Q5T653|RM02_HUMAN,0.3578037042969577,0.31004540433844296,10
sp|Q5T6F2|UBAP2_HUMAN,-0.4936676856137239,0.12277301390120932,11
sp|Q5T6V5|QSPP_HUMAN,0.06207853320189888,0.8561161167165842,11
sp|Q5T7W0|ZN618_HUMAN,0.39298414077808247,0.23184527329256718,11
sp|Q5T8D3|ACBD5_HUMAN,0.609508248337448,0.046504198204041794,11
sp|Q5T8P6|RBM26_HUMAN,0.5022963584705993,0.11536392615565366,11
sp|Q5TA45|INT11_HUMAN,0.055422743845674326,0.8714255957843389,11
sp|Q5TAQ9|DCAF8_HUMAN,-0.05637841134980501,0.9044410735748002,7
sp|Q5TBB1|RNH2B_HUMAN,-0.4787861401198191,0.13625295115207184,11
sp|Q5TC12|ATPF1_HUMAN,0.48665841092832707,0.1290107605938143,11
sp|Q5TCQ9|MAGI3_HUMAN,-0.08249420666685325,0.8207669733516725,10
sp|Q5TDH0|DDI2_HUMAN,0.3559794308741037,0.2826107144586574,11
sp|Q5TF21|SOGA3_HUMAN,-0.20016800856275274,0.5551064031810977,11
sp|Q5TFE4|NT5D1_HUMAN,-0.6607270632607631,0.026882766062465605,11
sp|Q5TGY3|AHDC1_HUMAN,-0.47403504895914117,0.23535833107157184,8
sp|Q5TZA2|CROCC_HUMAN,-0.3746599176587976,0.32048637782512523,9
sp|Q5U5X0|LYRM7_HUMAN,-0.6805117125772919,0.3194882874227081,4
sp|Q5UCC4|EMC10_HUMAN,0.033693013169005526,0.9216594133153493,11
sp|Q5UIP0|RIF1_HUMAN,0.4307375589904878,0.18598518173783418,11
sp|Q5VIR6|VPS53_HUMAN,0.2815542034368418,0.4016050762497228,11
sp|Q5VSG8|MANEL_HUMAN,-0.9744740568506477,0.14414984781294146,3
sp|Q5VSL9|STRP1_HUMAN,-0.17467302923349054,0.6074728755963003,11
sp|Q5VT25|MRCKA_HUMAN,0.6729903486873137,0.023238774853039563,11
sp|Q5VT52|RPRD2_HUMAN,0.25078932552349653,0.4569785872806839,11
sp|Q5VTB9|RN220_HUMAN,-0.9897727266259568,0.0911267510299883,3
sp|Q5VTL8|PR38B_HUMAN,-0.3541411209815625,0.3894151943849406,8
sp|Q5VTR2|BRE1A_HUMAN,0.589804968844865,0.056149311120368424,11
sp|Q5VU97|CAHD1_HUMAN,-0.7822921129110785,0.42810087968022503,3
sp|Q5VUA4|ZN318_HUMAN,-0.6574849703377817,0.02790979186138845,11
sp|Q5VUB5|F1711_HUMAN,0.150699628244502,0.721687107048389,8
sp|Q5VUJ6|LRCH2_HUMAN,0.21662967086067791,0.5222986472969247,11
sp|Q5VV42|CDKAL_HUMAN,-0.20303900108311324,0.5493256745788645,11
sp|Q5VW32|BROX_HUMAN,-0.03737350697916618,0.9131282941122318,11
sp|Q5VW36|FOCAD_HUMAN,0.02374149584379299,0.9447611586301028,11
sp|Q5VWJ9|SNX30_HUMAN,0.39801700240784876,0.5069467116701173,5
sp|Q5VWN6|TASO2_HUMAN,-0.2341391802252869,0.4883344704438705,11
sp|Q5VWQ8|DAB2P_HUMAN,0.0006642071091624985,0.9986468888858135,9
sp|Q5VWZ2|LYPL1_HUMAN,-0.3417111074790251,0.30370418974156677,11
sp|Q5VYK3|ECM29_HUMAN,-0.012090931062709198,0.9718545806559952,11
sp|Q5VZ89|DEN4C_HUMAN,0.08179841957327633,0.8110353361739024,11
sp|Q5VZE5|NAA35_HUMAN,0.06129473409633518,0.8579167763115428,11
sp|Q5VZL5|ZMYM4_HUMAN,0.1293086934294046,0.7047419592702682,11
sp|Q5W0V3|FHI2A_HUMAN,0.4827825007655662,0.22560552636329806,8
sp|Q5W111|SPRY7_HUMAN,-0.491720572037628,0.12448600935949009,11
sp|Q5XPI4|RN123_HUMAN,0.3159328699523656,0.40754558366456517,9
sp|Q5ZPR3|CD276_HUMAN,-0.08999485303797417,0.7924409436841667,11
sp|Q63HK5|TSH3_HUMAN,-0.8121388112414806,0.3966063497089127,3
sp|Q63HM9|PLCX3_HUMAN,0.04262494314271423,0.9009702765715801,11
sp|Q63HN8|RN213_HUMAN,0.3344266954015127,0.3147942340337275,11
sp|Q63ZY3|KANK2_HUMAN,-0.24096283003759605,0.47537034992629396,11
sp|Q641Q2|WAC2A_HUMAN,-0.3826635058168927,0.6173364941831072,4
sp|Q658Y4|F91A1_HUMAN,0.05092539094022289,0.8817930598111714,11
sp|Q66K14|TBC9B_HUMAN,0.3157473156516173,0.3442104582784844,11
sp|Q66K74|MAP1S_HUMAN,-0.38764216262831264,0.23881943199295205,11
sp|Q66PJ3|AR6P4_HUMAN,-0.2741385021203709,0.41463820693460424,11
sp|Q676U5|A16L1_HUMAN,-0.5179019921589192,0.37138213311566665,5
sp|Q684P5|RPGP2_HUMAN,-0.10999729939920885,0.7474856392607326,11
sp|Q68CP9|ARID2_HUMAN,-0.5381447460022113,0.08769442920340983,11
sp|Q68CQ4|UTP25_HUMAN,0.43539619154872355,0.18074223985742444,11
sp|Q68CQ7|GL8D1_HUMAN,-0.5424002051098402,0.26618621536155723,6
sp|Q68CZ2|TENS3_HUMAN,-0.0030538794034866423,0.9937787363164963,9
sp|Q68CZ6|HAUS3_HUMAN,0.19702363393024977,0.5853550109944993,10
sp|Q68D10|SPT2_HUMAN,-0.983596225189775,0.11546822400323693,3
sp|Q68D91|MBLC2_HUMAN,-0.20393590079409524,0.5719854554723,10
sp|Q68DK7|MSL1_HUMAN,0.7350000273233495,0.015443399833960326,10
sp|Q68DQ2|CRBG3_HUMAN,0.26021496139790923,0.7397850386020908,4
sp|Q68E01|INT3_HUMAN,0.15622168095464553,0.6464513153289245,11
sp|Q68EM7|RHG17_HUMAN,0.22497770551765775,0.5059822634767791,11
sp|Q69YH5|CDCA2_HUMAN,-0.18303006480147202,0.7285206568061288,6
sp|Q69YN2|C19L1_HUMAN,-0.12974311834523786,0.7037886827081674,11
sp|Q69YN4|VIR_HUMAN,-0.022280273681667045,0.9481568871187568,11
sp|Q69YQ0|CYTSA_HUMAN,-0.24513914401114523,0.46751332605202056,11
sp|Q6AI08|HEAT6_HUMAN,0.7019858748141743,0.01603714689145449,11
sp|Q6DD88|ATLA3_HUMAN,-0.08097947288447266,0.8128981745339263,11
sp|Q6DKI1|RL7L_HUMAN,-0.007395478431815025,0.9827828758298259,11
sp|Q6DKJ4|NXN_HUMAN,0.025532681295043963,0.9405997603988276,11
sp|Q6DKK2|TTC19_HUMAN,0.48602320473483873,0.18466417239214297,9
sp|Q6DN90|IQEC1_HUMAN,0.08962027443740939,0.9428693095436524,3
sp|Q6EMK4|VASN_HUMAN,-0.3401004718839554,0.3362762203567096,10
sp|Q6FI81|CPIN1_HUMAN,0.2405797133078751,0.4760940829999988,11
sp|Q6GMV3|PTRD1_HUMAN,-0.3313054323192962,0.31961205107622825,11
sp|Q6GQQ9|OTU7B_HUMAN,0.013118725707578632,0.9732785840148286,9
sp|Q6GYQ0|RGPA1_HUMAN,0.10807013043689961,0.751788551227249,11
sp|Q6I9Y2|THOC7_HUMAN,-0.022483144739077962,0.9578583077664331,8
sp|Q6IA86|ELP2_HUMAN,-0.057140539112276345,0.8674703766094688,11
sp|Q6IAA8|LTOR1_HUMAN,-0.0697210682220201,0.8385919782092779,11
sp|Q6IAN0|DRS7B_HUMAN,0.41337373062327054,0.26876792828787427,9
sp|Q6IBS0|TWF2_HUMAN,-0.1316856349776509,0.6995308333746495,11
sp|Q6IE81|JADE1_HUMAN,0.24948655593794022,0.8394763188793473,3
sp|Q6IN84|MRM1_HUMAN,0.0035237290209230165,0.997756719790455,3
sp|Q6IN85|P4R3A_HUMAN,-0.11534730058183096,0.735574533112144,11
sp|Q6IQ22|RAB12_HUMAN,0.3241121882849539,0.3308647012221762,11
sp|Q6IQ49|SDE2_HUMAN,-0.27580510511347334,0.4116914239727685,11
sp|Q6KC79|NIPBL_HUMAN,-0.17747240680674503,0.601635557323095,11
sp|Q6L8Q7|PDE12_HUMAN,0.02657849001959231,0.9381706800465418,11
sp|Q6MZP7|LIN54_HUMAN,0.24551411988246238,0.5956495738583804,7
sp|Q6N022|TEN4_HUMAN,0.1156968970135078,0.7347979872656313,11
sp|Q6N069|NAA16_HUMAN,-0.009505196843151181,0.9939487126260125,3
sp|Q6NT76|HMBX1_HUMAN,-0.2640049707385139,0.43277404215578735,11
sp|Q6NUK1|SCMC1_HUMAN,-0.2241102312998063,0.5076674152313724,11
sp|Q6NUK4|REEP3_HUMAN,0.37067713264407165,0.6293228673559284,4
sp|Q6NUM9|RETST_HUMAN,-0.6196467572643864,0.2649324439751979,5
sp|Q6NUQ1|RINT1_HUMAN,-0.05068235239258034,0.905133198610555,8
sp|Q6NUQ4|TM214_HUMAN,0.4812348574721576,0.1339732968306555,11
sp|Q6NVY1|HIBCH_HUMAN,0.10273792543354876,0.7637268758271397,11
sp|Q6NW29|RWDD4_HUMAN,-0.3375606546191199,0.3401298086589067,10
sp|Q6NW34|NEPRO_HUMAN,0.5289981415512504,0.47100185844874964,4
sp|Q6NXE6|ARMC6_HUMAN,-0.38963199952464467,0.2362075897333063,11
sp|Q6NXR4|TTI2_HUMAN,0.5122690318990697,0.19430349281989479,8
sp|Q6NXT4|ZNT6_HUMAN,0.4358821168184582,0.5641178831815419,4
sp|Q6NYC1|JMJD6_HUMAN,-0.18007973893308526,0.5962175095077342,11
sp|Q6NYC8|PPR18_HUMAN,0.5542840235107184,0.07682064772454213,11
sp|Q6NZI2|CAVN1_HUMAN,0.26496102434862,0.43104711426583686,11
sp|Q6NZY4|ZCHC8_HUMAN,-0.04682163627464908,0.8912677759109607,11
sp|Q6P158|DHX57_HUMAN,-0.6345273867872722,0.03598658205245276,11
sp|Q6P1A2|MBOA5_HUMAN,0.22574658802258296,0.5305850339170152,10
sp|Q6P1J9|CDC73_HUMAN,0.2923391284609283,0.383017648214773,11
sp|Q6P1K2|PMF1_HUMAN,0.28155055766490533,0.4306520683696413,10
sp|Q6P1L5|F117B_HUMAN,0.24829898056209276,0.7517010194379072,4
sp|Q6P1L8|RM14_HUMAN,0.07490077781166532,0.8267518818182478,11
sp|Q6P1M0|S27A4_HUMAN,-0.15186987846187835,0.6557663336003456,11
sp|Q6P1N0|C2D1A_HUMAN,0.07007541964194247,0.8377809956833461,11
sp|Q6P1N9|TATD1_HUMAN,-0.5746668114071802,0.06442629302199095,11
sp|Q6P1R3|MSD2_HUMAN,-0.6029978163065101,0.39700218369348983,4
sp|Q6P1X5|TAF2_HUMAN,-0.7054894775403614,0.5014544247337421,3
sp|Q6P1X6|CH082_HUMAN,0.06772096107261122,0.8525379175030474,10
sp|Q6P2C8|MED27_HUMAN,-0.5411442174146408,0.085600959010719,11
sp|Q6P2E9|EDC4_HUMAN,0.519551063540694,0.10142800444608585,11
sp|Q6P2H3|CEP85_HUMAN,-0.6008396688526211,0.11519614952447356,8
sp|Q6P2Q9|PRP8_HUMAN,0.047124554546571995,0.8905679501950792,11
sp|Q6P3W7|SCYL2_HUMAN,0.3764906469315125,0.2537645991906776,11
sp|Q6P3X3|TTC27_HUMAN,0.1457614299103275,0.6689157835661367,11
sp|Q6P4E1|GOLM2_HUMAN,0.2853173709761365,0.42424277264122634,10
sp|Q6P4Q7|CNNM4_HUMAN,-0.5434147074409058,0.20741536978798616,7
sp|Q6P4R8|NFRKB_HUMAN,-0.5339191281192663,0.1387105585131413,9
sp|Q6P587|FAHD1_HUMAN,0.10157881868190283,0.7663282235923378,11
sp|Q6P6C2|ALKB5_HUMAN,-0.33167540176779575,0.3491454191329563,10
sp|Q6P996|PDXD1_HUMAN,0.031781557261830705,0.9260930074707577,11
sp|Q6P9B6|MEAK7_HUMAN,0.48162289076345166,0.13361428973976877,11
sp|Q6P9B9|INT5_HUMAN,-0.5496191247838162,0.07986559595652808,11
sp|Q6PCB5|RSBNL_HUMAN,-0.34331688445781616,0.3012885852866722,11
sp|Q6PCE3|PGM2L_HUMAN,-0.2718497488138819,0.6022705357126212,6
sp|Q6PD62|CTR9_HUMAN,-0.2300514852338368,0.49617471482164655,11
sp|Q6PGP7|TTC37_HUMAN,0.48453095375994587,0.1309431895234348,11
sp|Q6PHR2|ULK3_HUMAN,-0.416310135757478,0.4856736866676143,5
sp|Q6PI48|SYDM_HUMAN,-0.26778452917994405,0.4259662285372258,11
sp|Q6PIU2|NCEH1_HUMAN,0.20084735935487255,0.553736331088919,11
sp|Q6PJ69|TRI65_HUMAN,0.16194695443178064,0.6548868294678041,10
sp|Q6PJF5|RHDF2_HUMAN,0.4761343393190621,0.41752283309638405,5
sp|Q6PJG2|MDEAS_HUMAN,0.09533723905794175,0.7803726751970622,11
sp|Q6PJG6|BRAT1_HUMAN,-0.03081620797166293,0.9326535241702594,10
sp|Q6PJT7|ZC3HE_HUMAN,0.14679074981164347,0.6666940311037155,11
sp|Q6PK04|CC137_HUMAN,-0.5009119087746488,0.11653276343138315,11
sp|Q6PK18|OGFD3_HUMAN,0.36739867139292764,0.47369805691500705,6
sp|Q6PKG0|LARP1_HUMAN,-0.23349733511602289,0.48956188908538656,11
sp|Q6PL18|ATAD2_HUMAN,-0.2046860997342463,0.5460203148487908,11
sp|Q6PL24|TMED8_HUMAN,0.2509445492498643,0.4566907311883762,11
sp|Q6PML9|ZNT9_HUMAN,0.24723067066463889,0.4910446136112384,10
sp|Q6RFH5|WDR74_HUMAN,-0.04318232818492973,0.8996809088699819,11
sp|Q6RW13|ATRAP_HUMAN,0.9108630085824672,0.27083459257097886,3
sp|Q6SPF0|SAMD1_HUMAN,0.10359020832747223,0.7618155197155638,11
sp|Q6STE5|SMRD3_HUMAN,0.46387511340923854,0.294418576116474,7
sp|Q6SZW1|SARM1_HUMAN,0.5821419354323542,0.06024262847003219,11
sp|Q6UB35|C1TM_HUMAN,0.45698971237849156,0.1576263863786608,11
sp|Q6UB99|ANR11_HUMAN,-0.261436211799583,0.49681629310804243,9
sp|Q6ULP2|AFTIN_HUMAN,0.17935062800492238,0.7338586122314175,6
sp|Q6UN15|FIP1_HUMAN,0.5303217602813464,0.09331285885921042,11
sp|Q6UUV9|CRTC1_HUMAN,0.28112449225932346,0.4313798311852655,10
sp|Q6UW02|CP20A_HUMAN,-0.5526526435209957,0.07787653876261151,11
sp|Q6UW63|PLGT2_HUMAN,-0.16095502190074307,0.6363711147637838,11
sp|Q6UW68|TM205_HUMAN,0.35001344560042563,0.321451753744767,10
sp|Q6UWE0|LRSM1_HUMAN,-0.2665130806544719,0.4566775452788436,10
sp|Q6UWP7|LCLT1_HUMAN,0.32851602476290825,0.32395092099975553,11
sp|Q6UX04|CWC27_HUMAN,0.49038550780666196,0.12566933437072592,11
sp|Q6UXD5|SE6L2_HUMAN,-0.271307559523867,0.44830432786470853,10
sp|Q6UXH1|CREL2_HUMAN,-0.35398773615103096,0.28550480068389317,11
sp|Q6UXN9|WDR82_HUMAN,0.26280807056938954,0.434940639958207,11
sp|Q6UXV4|MIC27_HUMAN,0.4506691381787573,0.164191263639643,11
sp|Q6VMQ6|MCAF1_HUMAN,-0.035131456390278565,0.91832427828878,11
sp|Q6VN20|RBP10_HUMAN,-0.05092020675397069,0.8889004128853423,10
sp|Q6VY07|PACS1_HUMAN,-0.0003594902671514577,0.9991630314878651,11
sp|Q6W2J9|BCOR_HUMAN,-0.030450627439809946,0.9291812013471121,11
sp|Q6WCQ1|MPRIP_HUMAN,0.07067858977958094,0.8364008830406336,11
sp|Q6WKZ4|RFIP1_HUMAN,-0.5234034585315612,0.09847446171402514,11
sp|Q6XZF7|DNMBP_HUMAN,0.647726576366879,0.04286369541103389,10
sp|Q6Y1H2|HACD2_HUMAN,-0.05888186851358304,0.8634637523467066,11
sp|Q6Y288|B3GLT_HUMAN,0.14485888102381989,0.6708658683003876,11
sp|Q6Y7W6|GGYF2_HUMAN,0.8111706544703433,0.0024433353173954624,11
sp|Q6YN16|HSDL2_HUMAN,0.061455968553684834,0.8575463146768163,11
sp|Q6YP21|KAT3_HUMAN,0.042503004717423076,0.9012523786616693,11
sp|Q6ZMG9|CERS6_HUMAN,-0.9356875753125653,0.2295609677454497,3
sp|Q6ZMI0|PPR21_HUMAN,0.1342148786070656,0.7306509060797107,9
sp|Q6ZMZ3|SYNE3_HUMAN,0.6811225133037184,0.021024975254312798,11
sp|Q6ZN17|LN28B_HUMAN,0.9290185020251887,0.24130743677888483,3
sp|Q6ZNB6|NFXL1_HUMAN,0.06058522568175827,0.9092333526202796,6
sp|Q6ZRI8|RHG36_HUMAN,-0.40096948885587635,0.2216441849105974,11
sp|Q6ZRP7|QSOX2_HUMAN,0.26080617754081264,0.43857587467677395,11
sp|Q6ZRQ5|MMS22_HUMAN,0.004452187167455768,0.9955478128325441,4
sp|Q6ZRS2|SRCAP_HUMAN,0.03140926690998194,0.926956752683012,11
sp|Q6ZRY4|RBPS2_HUMAN,-0.5475542803590898,0.20327800643675734,7
sp|Q6ZS17|RIPR1_HUMAN,-0.6381538915040426,0.03461409983422297,11
sp|Q6ZSR9|YJ005_HUMAN,0.3679288703540402,0.2655924694388242,11
sp|Q6ZSZ5|ARHGI_HUMAN,-0.0240814534364228,0.9439712489433921,11
sp|Q6ZT12|UBR3_HUMAN,0.4930621651326049,0.39866985950831574,5
sp|Q6ZU35|CRACD_HUMAN,0.2740261871522385,0.4148371627712245,11
sp|Q6ZU65|UBN2_HUMAN,0.026759032960228607,0.9415065114140814,10
sp|Q6ZU80|CE128_HUMAN,0.3605841561211759,0.48256551013658305,6
sp|Q6ZUT1|NKAP1_HUMAN,0.09931194798553376,0.8515218280909512,6
sp|Q6ZVM7|TM1L2_HUMAN,-0.2221361244488005,0.5969934222489379,8
sp|Q6ZW49|PAXI1_HUMAN,0.31258485079977955,0.41280478837550055,9
sp|Q6ZWJ1|STXB4_HUMAN,0.5821002013741869,0.17032559332817976,7
sp|Q6ZWT7|MBOA2_HUMAN,-0.4901337899045612,0.40191673848283666,5
sp|Q6ZXV5|TMTC3_HUMAN,-0.03248079255279619,0.9244709164628172,11
sp|Q709C8|VP13C_HUMAN,-0.3683426002797019,0.26501387479131794,11
sp|Q709F0|ACD11_HUMAN,-0.11484873635319962,0.7366823599309998,11
sp|Q70CQ2|UBP34_HUMAN,0.5671759948688301,0.08728599513828782,10
sp|Q70CQ3|UBP30_HUMAN,0.9969957144339392,0.04935992772137125,3
sp|Q70E73|RAPH1_HUMAN,0.2282101661004289,0.4997242914110506,11
sp|Q70J99|UN13D_HUMAN,0.8128804280938705,0.002351525071750899,11
sp|Q70UQ0|IKIP_HUMAN,0.26841403432310224,0.4248373679705284,11
sp|Q719H9|KCTD1_HUMAN,-0.524023233575284,0.6488609881487037,3
sp|Q71F23|CENPU_HUMAN,0.0337044049806691,0.9314029160974789,9
sp|Q71RC2|LARP4_HUMAN,-0.5381261647222674,0.08770750234310239,11
sp|Q71SY5|MED25_HUMAN,0.2883173963640474,0.4886164419784129,8
sp|Q75N03|HAKAI_HUMAN,-0.1183302835551652,0.7617346174715153,9
sp|Q75QN2|INT8_HUMAN,0.2769164348017232,0.4385980432302118,10
sp|Q76FK4|NOL8_HUMAN,-0.08343713843785114,0.8073104300665589,11
sp|Q76I76|SSH2_HUMAN,-0.46692865524588695,0.24343680909289192,8
sp|Q7KZ85|SPT6H_HUMAN,-0.26620929800902887,0.428797300427438,11
sp|Q7KZF4|SND1_HUMAN,0.06320024711584818,0.8535402218541874,11
sp|Q7KZI7|MARK2_HUMAN,0.271204530372804,0.41985065200212907,11
sp|Q7KZN9|COX15_HUMAN,0.13247283593506062,0.6978075497902355,11
sp|Q7L014|DDX46_HUMAN,0.5021346747189914,0.11550003803290865,11
sp|Q7L099|RUFY3_HUMAN,0.11003803773171428,0.7473947495409887,11
sp|Q7L0J3|SV2A_HUMAN,-0.0660901742393104,0.8560575693935983,10
sp|Q7L0Y3|TM10C_HUMAN,-0.17978390040204573,0.5968313433598835,11
sp|Q7L1Q6|BZW1_HUMAN,-0.24872954131791125,0.4608062862369136,11
sp|Q7L1T6|NB5R4_HUMAN,0.014653494996101184,0.9658921396336425,11
sp|Q7L1V2|MON1B_HUMAN,-0.1856440837010095,0.6902434039511535,7
sp|Q7L2E3|DHX30_HUMAN,-0.2971801178463723,0.37481797430038094,11
sp|Q7L2H7|EIF3M_HUMAN,0.30500544854173933,0.36175422777594485,11
sp|Q7L2J0|MEPCE_HUMAN,0.4424615324367338,0.1729644345907602,11
sp|Q7L2Z9|CENPQ_HUMAN,0.4175497962062007,0.4100747566160997,6
sp|Q7L311|ARMX2_HUMAN,-0.21505947239721168,0.7849405276027883,4
sp|Q7L4I2|RSRC2_HUMAN,-0.24124208478456532,0.4748431317888635,11
sp|Q7L576|CYFP1_HUMAN,0.7280630906701591,0.011073503372131819,11
sp|Q7L590|MCM10_HUMAN,-0.4563470119561799,0.5436529880438201,4
sp|Q7L592|NDUF7_HUMAN,-0.334815245354107,0.3141972488002496,11
sp|Q7L5D6|GET4_HUMAN,-0.0368694809057893,0.9142961223295482,11
sp|Q7L5N1|CSN6_HUMAN,-0.7766762906760866,0.00492783704649282,11
sp|Q7L5N7|PCAT2_HUMAN,0.6346489541922796,0.03593996900016647,11
sp|Q7L5Y9|MAEA_HUMAN,-0.07983952740593817,0.8804951714422978,6
sp|Q7L775|EPMIP_HUMAN,0.3935581849441143,0.2311029837358374,11
sp|Q7L7X3|TAOK1_HUMAN,0.15850024725085848,0.6415920619595616,11
sp|Q7L8J4|3BP5L_HUMAN,-0.24810296111287988,0.8403857383701404,3
sp|Q7L8L6|FAKD5_HUMAN,-0.41869748305719184,0.19995813535260837,11
sp|Q7L9L4|MOB1B_HUMAN;sp|Q9H8S9|MOB1A_HUMAN,-0.3565395514170818,0.28179976975861265,11
sp|Q7LBC6|KDM3B_HUMAN,0.24446836595813515,0.4687712759440981,11
sp|Q7LGA3|HS2ST_HUMAN,0.09721955010210674,0.7761308054584912,11
sp|Q7RTP6|MICA3_HUMAN,-0.26633665093452635,0.4285680830912223,11
sp|Q7Z2E3|APTX_HUMAN,-0.3669704989940282,0.26693547668993184,11
sp|Q7Z2K6|ERMP1_HUMAN,-0.8535074347557878,0.3489418697820075,3
sp|Q7Z2K8|GRIN1_HUMAN,0.06311530852333613,0.8537352295382312,11
sp|Q7Z2T5|TRM1L_HUMAN,0.06621308237414891,0.8466279844467051,11
sp|Q7Z2W4|ZCCHV_HUMAN,-0.3127409070897965,0.34907485539448035,11
sp|Q7Z2Z2|EFL1_HUMAN,0.3386520219562281,0.308335154771559,11
sp|Q7Z392|TPC11_HUMAN,0.5475316359805154,0.20330053011734495,7
sp|Q7Z3B3|KANL1_HUMAN,0.37359183984689204,0.25773492297433004,11
sp|Q7Z3B4|NUP54_HUMAN,-0.19084078121709597,0.5740528342893947,11
sp|Q7Z3C6|ATG9A_HUMAN,-0.30062245211556227,0.369042098307543,11
sp|Q7Z3E5|ARMC9_HUMAN,0.22731992645493257,0.5014443982542209,11
sp|Q7Z3J2|VP35L_HUMAN,-0.2631443276819476,0.43433143715214434,11
sp|Q7Z3K3|POGZ_HUMAN,0.3800817273642694,0.248894906147228,11
sp|Q7Z3T8|ZFY16_HUMAN,0.24818534639713838,0.48931757490687844,10
sp|Q7Z3U7|MON2_HUMAN,-0.3801755212018432,0.24876844114312763,11
sp|Q7Z417|NUFP2_HUMAN,0.28140608512769527,0.40186339628206696,11
sp|Q7Z422|SZRD1_HUMAN,0.5583089576751321,0.2495514968440926,6
sp|Q7Z434|MAVS_HUMAN,0.05206352186808211,0.8791677647344571,11
sp|Q7Z449|CP2U1_HUMAN,-0.6805774148481499,0.043617318066930554,9
sp|Q7Z460|CLAP1_HUMAN,-0.6474793968934324,0.03125345339429204,11
sp|Q7Z478|DHX29_HUMAN,0.2258072617234626,0.5043730375765108,11
sp|Q7Z4H3|HDDC2_HUMAN,-0.3280288163283843,0.5256052021797923,6
sp|Q7Z4H7|HAUS6_HUMAN,0.1704194047118109,0.6163820447424778,11
sp|Q7Z4H8|PLGT3_HUMAN,-0.5075405168796171,0.11100514385018453,11
sp|Q7Z4K8|TRI46_HUMAN,0.12246835261547552,0.7726575592330596,8
sp|Q7Z4Q2|HEAT3_HUMAN,-0.03643323095335109,0.9258608821055111,9
sp|Q7Z4S6|KI21A_HUMAN,-0.6795005173521846,0.021454000308496073,11
sp|Q7Z4V5|HDGR2_HUMAN,-0.12030102765559544,0.724592026520661,11
sp|Q7Z4W1|DCXR_HUMAN,-0.5641660746393105,0.07062863163338635,11
sp|Q7Z589|EMSY_HUMAN,-0.03453475853476784,0.9197076249887552,11
sp|Q7Z5G4|GOGA7_HUMAN,0.6379743166840424,0.24678851950052452,5
sp|Q7Z5J4|RAI1_HUMAN,-0.18894225087535885,0.5779398484689057,11
sp|Q7Z5K2|WAPL_HUMAN,-0.028495992185667673,0.9337181755043229,11
sp|Q7Z5L9|I2BP2_HUMAN,-0.11834335591461492,0.7289267764486941,11
sp|Q7Z6B0|CCD91_HUMAN,0.6567674432562516,0.5438466320502989,3
sp|Q7Z6B7|SRGP1_HUMAN,0.40754115788284667,0.3162549794627449,8
sp|Q7Z6E9|RBBP6_HUMAN,0.3518711247069072,0.2885983480620105,11
sp|Q7Z6M1|RABEK_HUMAN,-0.3535721454313764,0.35058930034850677,9
sp|Q7Z6Z7|HUWE1_HUMAN,0.46781997850644996,0.14676217147506385,11
sp|Q7Z739|YTHD3_HUMAN,-0.30239151963071853,0.366091594124711,11
sp|Q7Z7E8|UB2Q1_HUMAN,0.6259334117627853,0.2586699037863484,5
sp|Q7Z7F0|KHDC4_HUMAN,0.19818717104329175,0.5591089785388629,11
sp|Q7Z7F7|RM55_HUMAN,-0.15302146665991742,0.6532970150043504,11
sp|Q7Z7H5|TMED4_HUMAN,0.4063111807766542,0.2149703551314778,11
sp|Q7Z7H8|RM10_HUMAN,0.01025660256656763,0.9761234114696323,11
sp|Q7Z7K6|CENPV_HUMAN,0.29692211954438463,0.3752527065111287,11
sp|Q7Z7L8|CK096_HUMAN,0.5779134463720323,0.08015174962782215,10
sp|Q86SF2|GALT7_HUMAN,0.05886429759897406,0.8635041669925904,11
sp|Q86SQ0|PHLB2_HUMAN,-0.17610894123644316,0.6264889178928313,10
sp|Q86T24|KAISO_HUMAN,-0.05721625615132006,0.9271897677815806,5
sp|Q86TB9|PATL1_HUMAN,0.06820122921185383,0.8420719312756372,11
sp|Q86TG7|PEG10_HUMAN,0.44754824822310674,0.167494084310279,11
sp|Q86TI2|DPP9_HUMAN,0.1857438958287952,0.584510973758764,11
sp|Q86TM6|SYVN1_HUMAN,-0.12835838877031802,0.7838826985397596,7
sp|Q86TP1|PRUN1_HUMAN,0.5805701246269425,0.06110656890165176,11
sp|Q86TU7|SETD3_HUMAN,0.0012360735993496297,0.9971221668909165,11
sp|Q86U28|ISCA2_HUMAN,-0.42215866119814527,0.19587880200050867,11
sp|Q86U38|NOP9_HUMAN,-0.46420438381777884,0.1503352606763561,11
sp|Q86U42|PABP2_HUMAN,-0.0873694527767509,0.7983868101797055,11
sp|Q86U44|MTA70_HUMAN,0.2562019765384263,0.4469907242360013,11
sp|Q86U70|LDB1_HUMAN,-0.30519365678052657,0.424523161950372,9
sp|Q86U86|PB1_HUMAN,-0.355656167845894,0.28307932630393623,11
sp|Q86U90|YRDC_HUMAN,0.44175539481838194,0.17373237648136056,11
sp|Q86UA1|PRP39_HUMAN,0.17796629989815546,0.7026366609858722,7
sp|Q86UE4|LYRIC_HUMAN,-0.40860489827482693,0.21214155050333783,11
sp|Q86UK7|ZN598_HUMAN,-0.034804096999809506,0.919083182722996,11
sp|Q86UL3|GPAT4_HUMAN,0.04680202028753079,0.8913130967191453,11
sp|Q86UP2|KTN1_HUMAN,0.6277542514478951,0.03865077885063459,11
sp|Q86UP3|ZFHX4_HUMAN,0.552688224609514,0.07785340664549908,11
sp|Q86US8|EST1A_HUMAN,0.5758269561097079,0.30965268223882864,5
sp|Q86UU1|PHLB1_HUMAN,0.3528701081934206,0.2871359747122702,11
sp|Q86UV5|UBP48_HUMAN,-0.5750638232341254,0.06419929588503603,11
sp|Q86UW6|N4BP2_HUMAN,0.38558390164451556,0.34549237666209903,8
sp|Q86UY8|NT5D3_HUMAN,0.9894905407036241,0.09237753982024312,3
sp|Q86V21|AACS_HUMAN,-0.1928229709910244,0.5935358167466054,10
sp|Q86V48|LUZP1_HUMAN,0.17615431800053838,0.6043814729625812,11
sp|Q86V81|THOC4_HUMAN,0.1925704573077755,0.570520421684458,11
sp|Q86V88|MGDP1_HUMAN,0.49865937132532834,0.39248113341869795,5
sp|Q86VI3|IQGA3_HUMAN,0.504108557085544,0.11384541692928833,11
sp|Q86VM9|ZCH18_HUMAN,0.19319992003499464,0.5692370250473373,11
sp|Q86VN1|VPS36_HUMAN,0.009501924905058814,0.977879858710289,11
sp|Q86VP1|TAXB1_HUMAN,-0.12870388411685244,0.7833106417004513,7
sp|Q86VP3|PACS2_HUMAN,0.0715419916916975,0.9089876705790054,5
sp|Q86VP6|CAND1_HUMAN,-0.21063001675137644,0.5341601871696535,11
sp|Q86VR2|RETR3_HUMAN,-0.08076146860071758,0.8133942107309061,11
sp|Q86VS8|HOOK3_HUMAN,-0.5494448275392662,0.07998089836124825,11
sp|Q86VX2|COMD7_HUMAN,-0.1677385658805003,0.7192272636270478,7
sp|Q86VY4|TSYL5_HUMAN,0.010006484680588262,0.9767055291006632,11
sp|Q86W42|THOC6_HUMAN,0.1481945399076924,0.6636678692429794,11
sp|Q86W50|MET16_HUMAN,-0.29047555753545423,0.38619801612876137,11
sp|Q86W56|PARG_HUMAN,-0.2446387156352142,0.49574666817896385,10
sp|Q86W92|LIPB1_HUMAN,0.12991420893958633,0.7034133564520433,11
sp|Q86WA6|BPHL_HUMAN,-0.15790425366311867,0.6428618644431513,11
sp|Q86WA8|LONP2_HUMAN,0.8759826893482283,0.0004065637274138344,11
sp|Q86WB0|NIPA_HUMAN,-0.06547782420937226,0.8483139831173467,11
sp|Q86WJ1|CHD1L_HUMAN,-0.5001925426762617,0.11714309560591019,11
sp|Q86WR0|CCD25_HUMAN,-0.18522924915941036,0.5855709918864305,11
sp|Q86WX3|AROS_HUMAN,0.7563419187940799,0.011353598267547397,10
sp|Q86X02|CDR2L_HUMAN,0.3304345221344752,0.35106160176346174,10
sp|Q86X10|RLGPB_HUMAN,-0.4320476668655635,0.18450154156025547,11
sp|Q86X52|CHSS1_HUMAN,0.4485166476934948,0.4487014548917416,5
sp|Q86X55|CARM1_HUMAN,0.6383586400301791,0.03453771927264317,11
sp|Q86X76|NIT1_HUMAN,-0.11520008798496653,0.7359015976186483,11
sp|Q86X83|COMD2_HUMAN,0.43600692718922485,0.32811295920098427,7
sp|Q86XI2|CNDG2_HUMAN,-0.15513837971690678,0.6487659235946662,11
sp|Q86XK2|FBX11_HUMAN,0.06817764403429682,0.8616465101619519,9
sp|Q86XL3|ANKL2_HUMAN,-0.2711782190038637,0.44852929376252243,10
sp|Q86XN8|MEX3D_HUMAN,-0.33713112308074844,0.4596310198613963,7
sp|Q86XP3|DDX42_HUMAN,-0.2545384889895851,0.45004940483709105,11
sp|Q86XZ4|SPAS2_HUMAN,0.3048916085797855,0.3619425723057106,11
sp|Q86Y39|NDUAB_HUMAN,-0.013592908164207058,0.9683596836799288,11
sp|Q86Y56|DAAF5_HUMAN,0.2571574481648592,0.44523828959764494,11
sp|Q86Y82|STX12_HUMAN,0.3666347586669484,0.2674068692607934,11
sp|Q86YP4|P66A_HUMAN,-0.20570979910449372,0.5439700727507991,11
sp|Q86YR5|GPSM1_HUMAN,-0.1878260331875517,0.5802299071794713,11
sp|Q86YS7|C2CD5_HUMAN,-0.279789915044527,0.5912664399747991,6
sp|Q86YV9|HPS6_HUMAN,-0.1711966386315989,0.8288033613684012,4
sp|Q8IU60|DCP2_HUMAN,-0.8918709183839016,0.2987856072037324,3
sp|Q8IU81|I2BP1_HUMAN,-0.3872374401354921,0.23935270502310543,11
sp|Q8IUD2|RB6I2_HUMAN,0.42479280167272027,0.19280802773916475,11
sp|Q8IUF8|RIOX2_HUMAN,0.30273293007279434,0.365523575404191,11
sp|Q8IUH3|RBM45_HUMAN,0.2230197671822929,0.564080128275434,9
sp|Q8IUH4|ZDH13_HUMAN,-0.010559842597838903,0.9754176728334348,11
sp|Q8IUI8|CRLF3_HUMAN,-0.21746342905255445,0.546163703092502,10
sp|Q8IUR0|TPPC5_HUMAN,0.1614102944512191,0.6354044379824616,11
sp|Q8IUR7|ARMC8_HUMAN,-0.10521403987088893,0.8662848968248784,5
sp|Q8IV08|PLD3_HUMAN,-0.4965625943916366,0.12025422214610587,11
sp|Q8IV36|HID1_HUMAN,0.11980531176882882,0.725688978468717,11
sp|Q8IV48|ERI1_HUMAN,0.6348768367978425,0.04860023787121498,10
sp|Q8IV50|LYSM2_HUMAN,0.2532383224328028,0.6810471414921709,5
sp|Q8IVB5|LIX1L_HUMAN,0.37880313643218,0.25062254686233243,11
sp|Q8IVD9|NUDC3_HUMAN,0.34896607696457493,0.2928742912620579,11
sp|Q8IVF2|AHNK2_HUMAN,0.4382155400319555,0.17761351203627485,11
sp|Q8IVF7|FMNL3_HUMAN,-0.17615793308702787,0.7055634058307587,7
sp|Q8IVL1|NAV2_HUMAN,-0.4109380667390859,0.35975063904621785,7
sp|Q8IVL6|P3H3_HUMAN,-0.4667310219869813,0.14783266203207762,11
sp|Q8IVM0|CCD50_HUMAN,-0.33773539526462604,0.30973020250640143,11
sp|Q8IVS2|FABD_HUMAN,0.15040239676613398,0.6993199307283069,9
sp|Q8IVW6|ARI3B_HUMAN,-0.09419855142445552,0.7829413758613956,11
sp|Q8IW35|CEP97_HUMAN,-0.4270754955904925,0.19017057942224344,11
sp|Q8IW45|NNRD_HUMAN,0.045882034792909004,0.8934389584733273,11
sp|Q8IWA0|WDR75_HUMAN,0.16745361182348764,0.6226215453902956,11
sp|Q8IWA4|MFN1_HUMAN,0.11768015143677937,0.7303968921968448,11
sp|Q8IWB7|WDFY1_HUMAN,0.21858331837723172,0.5720563436981042,9
sp|Q8IWB9|TEX2_HUMAN,0.02294395759592338,0.9610593793853857,7
sp|Q8IWC1|MA7D3_HUMAN,-0.36235477046332415,0.2734572473778045,11
sp|Q8IWE2|NXP20_HUMAN,0.1803146914025624,0.5957301763425317,11
sp|Q8IWI9|MGAP_HUMAN,0.6766118267597876,0.02223344003527301,11
sp|Q8IWJ2|GCC2_HUMAN,0.11328527719184488,0.740159330032665,11
sp|Q8IWR0|Z3H7A_HUMAN,-0.30987646063910523,0.3835708175916107,10
sp|Q8IWS0|PHF6_HUMAN,-0.16821951609764108,0.6210080641525231,11
sp|Q8IWT0|ARCH_HUMAN,0.14117314763331798,0.7627180889761236,7
sp|Q8IWT6|LRC8A_HUMAN,-0.31084887354811946,0.3521544535056932,11
sp|Q8IWV7|UBR1_HUMAN,0.6419720452778876,0.0332090624597494,11
sp|Q8IWV8|UBR2_HUMAN,-0.2772021785630916,0.4381061554593019,10
sp|Q8IWW6|RHG12_HUMAN,0.018956249192389543,0.9558843787614576,11
sp|Q8IWX8|CHERP_HUMAN,0.027194996394155138,0.936738952605749,11
sp|Q8IWZ3|ANKH1_HUMAN,0.11651773935948115,0.7485497319060476,10
sp|Q8IWZ8|SUGP1_HUMAN,0.10685555770951127,0.7545036744027714,11
sp|Q8IX01|SUGP2_HUMAN,-0.716866161774858,0.013043245488595192,11
sp|Q8IX04|UEVLD_HUMAN,0.5389567196282208,0.13431705450231446,9
sp|Q8IX07|FOG1_HUMAN,0.3386248602149805,0.4119450217107364,8
sp|Q8IX12|CCAR1_HUMAN,-0.10677435083058716,0.7546852980874297,11
sp|Q8IX18|DHX40_HUMAN,-0.32583432345791896,0.3281517784263541,11
sp|Q8IX90|SKA3_HUMAN,-0.067278082559349,0.8860434917041091,7
sp|Q8IXB1|DJC10_HUMAN,-0.13504366757698993,0.692188622522916,11
sp|Q8IXH7|NELFD_HUMAN,-0.6021127475321395,0.04997882475536037,11
sp|Q8IXI1|MIRO2_HUMAN,0.21890549725392694,0.5178286071282918,11
sp|Q8IXK0|PHC2_HUMAN,-0.18682614287035704,0.5822842667245738,11
sp|Q8IXM2|BAP18_HUMAN,0.09498294818067404,0.7811716898612413,11
sp|Q8IXM3|RM41_HUMAN,0.4158709666071116,0.20332690784427487,11
sp|Q8IXM6|NRM_HUMAN,-0.21670069759654775,0.6406940151418652,7
sp|Q8IXQ4|GPAM1_HUMAN,-0.2625566083522625,0.46363953891599013,10
sp|Q8IXQ5|KLHL7_HUMAN,-0.7215254266999205,0.04334022719320417,8
sp|Q8IXT5|RB12B_HUMAN,-0.027916956833121842,0.9350625406995031,11
sp|Q8IY17|PLPL6_HUMAN,0.23698957741250753,0.48290010684021517,11
sp|Q8IY18|SMC5_HUMAN,0.5132401530573689,0.10639026239347717,11
sp|Q8IY37|DHX37_HUMAN,0.001922135981467718,0.9955248841270087,11
sp|Q8IY67|RAVR1_HUMAN,0.3653055512892269,0.26927773630516744,11
sp|Q8IY81|SPB1_HUMAN,-0.09900279989696054,0.7721172298067631,11
sp|Q8IYB1|M21D2_HUMAN,0.5241398327306301,0.28578677034199945,6
sp|Q8IYB3|SRRM1_HUMAN,-0.452060963458046,0.16273138312652352,11
sp|Q8IYB5|SMAP1_HUMAN,-0.14602641920967996,0.6683435844602692,11
sp|Q8IYB7|DI3L2_HUMAN,0.49536910780249127,0.12128859112409512,11
sp|Q8IYB8|SUV3_HUMAN,0.13767024588134275,0.6864622013841047,11
sp|Q8IYD1|ERF3B_HUMAN,-0.20957809008208428,0.5611593818611468,10
sp|Q8IYI6|EXOC8_HUMAN,0.2840637627499226,0.39724084313117025,11
sp|Q8IYQ7|THNS1_HUMAN,0.7886144351895265,0.0039206759268811675,11
sp|Q8IYS1|P20D2_HUMAN,-0.12773676436333514,0.7081944857192464,11
sp|Q8IYS2|K2013_HUMAN,0.15000065008636937,0.700092979866422,9
sp|Q8IYU8|MICU2_HUMAN,0.43025101696657825,0.21455389477998058,10
sp|Q8IZ07|AN13A_HUMAN,-0.03199826957234839,0.9400441853278536,8
sp|Q8IZ21|PHAR4_HUMAN,0.2622591659442636,0.4359359698276187,11
sp|Q8IZ40|RCOR2_HUMAN,-0.34328497408705483,0.30133648610221847,11
sp|Q8IZ81|ELMD2_HUMAN,0.1232947472962185,0.7179772687856457,11
sp|Q8IZ83|A16A1_HUMAN,-0.06354224429312634,0.8527551164777616,11
sp|Q8IZA0|K319L_HUMAN,-0.20996871668348246,0.560412800939348,10
sp|Q8IZD4|DCP1B_HUMAN,0.7812089678274219,0.11873672936809768,5
sp|Q8IZH2|XRN1_HUMAN,0.09466472899512651,0.7818895157733052,11
sp|Q8IZJ1|UNC5B_HUMAN,-0.5473019838512074,0.0814075131967546,11
sp|Q8IZL8|PELP1_HUMAN,0.5600962592409373,0.07313656581950446,11
sp|Q8IZP0|ABI1_HUMAN,0.46381721016167665,0.1507210755624235,11
sp|Q8IZQ5|SELH_HUMAN,0.4067380218100287,0.2144422584987403,11
sp|Q8N0U8|VKORL_HUMAN,-0.08887517315270638,0.8342344795825999,8
sp|Q8N0X4|CLYBL_HUMAN,-0.9511060785159524,0.012882647668562628,5
sp|Q8N0X7|SPART_HUMAN,-0.513439905631862,0.12904257663334343,10
sp|Q8N0Z6|TTC5_HUMAN,-0.23119393473473626,0.4939779480850208,11
sp|Q8N108|MIER1_HUMAN,0.4558027960955031,0.1855341829640048,10
sp|Q8N111|CEND_HUMAN,0.3280257731894475,0.3247167360646198,11
sp|Q8N122|RPTOR_HUMAN,-0.47697950184640175,0.13795049677442642,11
sp|Q8N128|F177A_HUMAN,-0.49389111974955724,0.12257741628690805,11
sp|Q8N129|CNPY4_HUMAN,-0.17552061221925508,0.6057032866376758,11
sp|Q8N158|GPC2_HUMAN,-0.4141065780383944,0.20544686207906035,11
sp|Q8N163|CCAR2_HUMAN,0.5350221273952956,0.08990951071599469,11
sp|Q8N183|NDUF2_HUMAN,-0.13593097118584196,0.7080845436367429,10
sp|Q8N1B4|VPS52_HUMAN,0.1168408757607715,0.7322584696666495,11
sp|Q8N1F7|NUP93_HUMAN,0.01706635050107118,0.9602794602557381,11
sp|Q8N1G0|ZN687_HUMAN,0.21342420542542204,0.5286221021509839,11
sp|Q8N1G2|CMTR1_HUMAN,-0.3116347005305697,0.3508736796747958,11
sp|Q8N1G4|LRC47_HUMAN,0.25655643188150073,0.446340240421237,11
sp|Q8N1I0|DOCK4_HUMAN,0.34541726300764386,0.5024805052201918,6
sp|Q8N201|INT1_HUMAN,0.20770063981504167,0.5399919020709767,11
sp|Q8N2F6|ARM10_HUMAN,0.3917488899301486,0.3371616318579047,8
sp|Q8N2G8|GHDC_HUMAN,-0.13890885522950067,0.7664495457156129,7
sp|Q8N2K0|ABD12_HUMAN,0.05965068876716881,0.8616956870656807,11
sp|Q8N2M8|CLASR_HUMAN,-0.1322860752523038,0.6982162772605213,11
sp|Q8N335|GPD1L_HUMAN,0.23302944794128716,0.49045750191563864,11
sp|Q8N3C0|ASCC3_HUMAN,0.6133251791009294,0.04477770802150268,11
sp|Q8N3D4|EH1L1_HUMAN,0.17028337628495194,0.616667730342041,11
sp|Q8N3F8|MILK1_HUMAN,0.11552312111873198,0.735183961532516,11
sp|Q8N3P4|VPS8_HUMAN,0.5702229118869333,0.4297770881130667,4
sp|Q8N3R9|PALS1_HUMAN,-0.19429688386694077,0.6164232614988816,9
sp|Q8N3U4|STAG2_HUMAN,0.18602332402970917,0.5839357427999138,11
sp|Q8N3V7|SYNPO_HUMAN,0.43273081834522964,0.1837307624925566,11
sp|Q8N3X1|FNBP4_HUMAN,0.47346415908200956,0.14129172753344216,11
sp|Q8N488|RYBP_HUMAN,-0.10615522808815357,0.7560703664236219,11
sp|Q8N4Q0|PTGR3_HUMAN,-0.14691739728680933,0.6664208323127786,11
sp|Q8N4V1|EMC5_HUMAN,0.11574140078181963,0.78491518480725,8
sp|Q8N543|OGFD1_HUMAN,-0.18821413191146058,0.5794332783990556,11
sp|Q8N556|AFAP1_HUMAN,0.015661318693168225,0.9635476019210201,11
sp|Q8N584|TT39C_HUMAN,-0.23775424518989574,0.7622457548101043,4
sp|Q8N5A5|ZGPAT_HUMAN,0.033969282276198984,0.9210187739509459,11
sp|Q8N5C6|SRBD1_HUMAN,0.09653635287683851,0.7776697916275155,11
sp|Q8N5G0|SIM20_HUMAN,-0.09550959908792465,0.7799840290466391,11
sp|Q8N5G2|MACOI_HUMAN,0.6672105514610311,0.04961275456930522,9
sp|Q8N5K1|CISD2_HUMAN,-0.07662408478720498,0.8228196936120918,11
sp|Q8N5M1|ATPF2_HUMAN,0.2160969891869828,0.57654432182751,9
sp|Q8N5M4|TTC9C_HUMAN,0.4396934710712843,0.17598671158869256,11
sp|Q8N5N7|RM50_HUMAN,0.15681012972417385,0.6451951973133111,11
sp|Q8N668|COMD1_HUMAN,0.28653796202584625,0.4914243741677985,8
sp|Q8N684|CPSF7_HUMAN,0.738335412296861,0.009464880950028351,11
sp|Q8N6C5|IGSF1_HUMAN,0.29633239482152296,0.37624736442673046,11
sp|Q8N6H7|ARFG2_HUMAN,-0.21446297518892668,0.5265694091184056,11
sp|Q8N6N3|CA052_HUMAN,0.7041917608386213,0.07734726443518623,7
sp|Q8N6R0|EFNMT_HUMAN,0.07648142289244009,0.8231450774348402,11
sp|Q8N6S5|AR6P6_HUMAN,0.8749491126836402,0.12505088731635983,4
sp|Q8N6T3|ARFG1_HUMAN,-0.034803409880121094,0.9190847757095498,11
sp|Q8N6T7|SIR6_HUMAN,0.12441647752533405,0.732012877488475,10
sp|Q8N766|EMC1_HUMAN,-0.06648648200397703,0.846001206702228,11
sp|Q8N7H5|PAF1_HUMAN,-0.06342757349912104,0.8530183470069195,11
sp|Q8N806|UBR7_HUMAN,0.09039709796522022,0.7915308290396893,11
sp|Q8N8A2|ANR44_HUMAN,0.22208057979863832,0.5116196360657262,11
sp|Q8N8A6|DDX51_HUMAN,-0.15659087608015382,0.7374103032846203,7
sp|Q8N8L6|ARL10_HUMAN,-0.380856482189534,0.45633720920228577,6
sp|Q8N8N7|PTGR2_HUMAN,-0.5496347315418719,0.07985527706035953,11
sp|Q8N8S7|ENAH_HUMAN,-0.06412145967982061,0.8514257152615742,11
sp|Q8N954|GPT11_HUMAN,0.4911015947972913,0.12503374584247687,11
sp|Q8N983|RM43_HUMAN,0.09736657992812751,0.7757996968777933,11
sp|Q8N999|CL029_HUMAN,-0.4979837914046945,0.1429814487949583,10
sp|Q8N9F7|GDPD1_HUMAN,-0.535349763188572,0.08967538223965853,11
sp|Q8N9M1|CS047_HUMAN,0.1104824684274556,0.794524936837732,8
sp|Q8N9N2|ASCC1_HUMAN,0.2727210616526936,0.41715247045346227,11
sp|Q8N9N7|LRC57_HUMAN,-0.04265488480951515,0.9009010086999568,11
sp|Q8N9N8|EIF1A_HUMAN,0.014384991238905832,0.9665168114862367,11
sp|Q8N9T8|KRI1_HUMAN,0.21498351372075616,0.5508626577537619,10
sp|Q8N9Z2|CC71L_HUMAN,0.25070324966210916,0.48477516787269115,10
sp|Q8NAF0|ZN579_HUMAN,-0.07128072794488138,0.8350235444455288,11
sp|Q8NAV1|PR38A_HUMAN,-0.16473536029503344,0.6283599070824154,11
sp|Q8NB49|AT11C_HUMAN,0.25496453524057294,0.5422555231359953,8
sp|Q8NB90|AFG2H_HUMAN,0.6613433317224422,0.02669060770611001,11
sp|Q8NBF2|NHLC2_HUMAN,0.025940996809245442,0.939651318503408,11
sp|Q8NBF6|AVL9_HUMAN,0.23649660620113644,0.4838380346491236,11
sp|Q8NBI6|XXLT1_HUMAN,0.09335058231765495,0.7848555269983978,11
sp|Q8NBJ4|GOLM1_HUMAN,-0.27477358452060024,0.4135140882713812,11
sp|Q8NBJ5|GT251_HUMAN,0.3987084450933032,0.2245053408908673,11
sp|Q8NBJ7|SUMF2_HUMAN,-0.26893863290818754,0.42389772953674915,11
sp|Q8NBL1|PGLT1_HUMAN,-0.315272131649843,0.3449769342671988,11
sp|Q8NBM4|UBAC2_HUMAN,0.2789391951249913,0.4061776975754065,11
sp|Q8NBN7|RDH13_HUMAN,-0.11285700409415292,0.741112529525786,11
sp|Q8NBP0|TTC13_HUMAN,-0.28142060857341167,0.40183806360553104,11
sp|Q8NBQ5|DHB11_HUMAN,0.007563457023460063,0.9823918630573996,11
sp|Q8NBS9|TXND5_HUMAN,-0.25361328040613473,0.45175480480849006,11
sp|Q8NBT2|SPC24_HUMAN,0.2818634775722248,0.40106596263916056,11
sp|Q8NBU5|ATAD1_HUMAN,-0.14270626157808963,0.6755242509104092,11
sp|Q8NBX0|SCPDL_HUMAN,0.5344234954182171,0.09033833365121893,11
sp|Q8NBZ7|UXS1_HUMAN,-0.4190203270932417,0.7247471990457238,3
sp|Q8NC44|RETR2_HUMAN,0.18192254282029668,0.6962439037140485,7
sp|Q8NC51|PAIRB_HUMAN,0.08880098661736881,0.7951435372583383,11
sp|Q8NC56|LEMD2_HUMAN,-0.46750686595708385,0.14706947479727892,11
sp|Q8NC60|NOA1_HUMAN,0.9934277859887732,0.07302795053866044,3
sp|Q8NC96|NECP1_HUMAN,0.6416333833455792,0.04552386285609429,10
sp|Q8NCA5|FA98A_HUMAN,0.01599843440930443,0.9627634141077617,11
sp|Q8NCC3|PAG15_HUMAN,0.47854450014034167,0.16176681501043222,10
sp|Q8NCE2|MTMRE_HUMAN,0.6459706773150546,0.16581869762218487,6
sp|Q8NCG7|DGLB_HUMAN,0.16183257360922276,0.7288479441612933,7
sp|Q8NCH0|CHSTE_HUMAN,-0.4330520345561054,0.18336902148368586,11
sp|Q8NCM8|DYHC2_HUMAN,0.8713956715657217,0.3264307466082157,3
sp|Q8NCN5|PDPR_HUMAN,0.16237890418000522,0.6333494959644996,11
sp|Q8NCW5|NNRE_HUMAN,-0.6460952115467967,0.03173715299973064,11
sp|Q8ND04|SMG8_HUMAN,0.09365037253403034,0.7841786769858676,11
sp|Q8ND24|RN214_HUMAN,-0.1508300962279698,0.6579985703625164,11
sp|Q8ND30|LIPB2_HUMAN,-0.20436986237634136,0.5711499810468375,10
sp|Q8ND56|LS14A_HUMAN,0.23574020650302308,0.4852787386318827,11
sp|Q8ND82|Z280C_HUMAN,-0.24855371665330644,0.5189992971523805,9
sp|Q8NDD1|CA131_HUMAN,-0.5968708863516902,0.21101274600025202,6
sp|Q8NDF8|PAPD5_HUMAN,-0.04563773270020366,0.894003587234843,11
sp|Q8NDI1|EHBP1_HUMAN,0.2145177009940562,0.5264613593621292,11
sp|Q8NDT2|RB15B_HUMAN,-0.5840963718163337,0.05917999338512122,11
sp|Q8NDX5|PHC3_HUMAN,-0.09974456397991864,0.7839666185585596,10
sp|Q8NE01|CNNM3_HUMAN,0.46833896737612457,0.20354733696499927,9
sp|Q8NE71|ABCF1_HUMAN,-0.37457378092807114,0.2563860790478875,11
sp|Q8NE86|MCU_HUMAN,0.18403590340559658,0.6107816298964626,10
sp|Q8NEB9|PK3C3_HUMAN,0.07515063836084548,0.8261815343416047,11
sp|Q8NEJ9|NGDN_HUMAN,-0.40215615754224643,0.22015118255237454,11
sp|Q8NEL9|DDHD1_HUMAN,-0.3697508680954033,0.4143053670405612,7
sp|Q8NEM2|SHCBP_HUMAN,0.7762199637773045,0.06951308401975756,6
sp|Q8NEM7|SP20H_HUMAN,0.1942460230554935,0.5907597431762807,10
sp|Q8NEN9|PDZD8_HUMAN,0.20378996897396198,0.6283413354004656,8
sp|Q8NEU8|DP13B_HUMAN,0.6766340526791058,0.022227367249985457,11
sp|Q8NEW0|ZNT7_HUMAN,0.39441462447035963,0.3335886453283792,8
sp|Q8NEY1|NAV1_HUMAN,0.136698400078472,0.6885792967493254,11
sp|Q8NEY8|PPHLN_HUMAN,-0.15502972245432928,0.6489982377326032,11
sp|Q8NEZ2|VP37A_HUMAN,0.5212716472023453,0.12231351949921923,10
sp|Q8NEZ4|KMT2C_HUMAN,-0.2947969752101158,0.7052030247898842,4
sp|Q8NEZ5|FBX22_HUMAN,-0.618179318061695,0.04264664895194628,11
sp|Q8NF37|PCAT1_HUMAN,0.20451946134666077,0.5708620765820381,10
sp|Q8NFC6|BD1L1_HUMAN,0.3526038446917315,0.28752534538829494,11
sp|Q8NFD5|ARI1B_HUMAN,0.5602518407452115,0.07303961116376463,11
sp|Q8NFF5|FAD1_HUMAN,-0.04500611157964318,0.8954635882957699,11
sp|Q8NFH3|NUP43_HUMAN,-0.15847377556926692,0.6416484433202334,11
sp|Q8NFH4|NUP37_HUMAN,0.23060025653913113,0.4951189721580885,11
sp|Q8NFH5|NUP35_HUMAN,-0.1760125250629341,0.604677138999464,11
sp|Q8NFM7|I17RD_HUMAN,-0.5320288259526658,0.6428595868288324,3
sp|Q8NFP9|NBEA_HUMAN,-0.2534356694011305,0.5447636459341206,8
sp|Q8NFQ8|TOIP2_HUMAN,-0.07366440148327125,0.8295752137012631,11
sp|Q8NFV4|ABHDB_HUMAN,-0.20638030740867158,0.5426289021339217,11
sp|Q8NFW8|NEUA_HUMAN,0.056215415866724724,0.8696001369666652,11
sp|Q8NG31|KNL1_HUMAN,0.03743543544148077,0.9129848164840513,11
sp|Q8NHG8|ZNRF2_HUMAN,0.5693301939805966,0.6144052073270901,3
sp|Q8NHH9|ATLA2_HUMAN,-0.12782486472355914,0.7080008542625519,11
sp|Q8NHP6|MSPD2_HUMAN,-0.33589588309916685,0.31254012807917586,11
sp|Q8NHP8|PLBL2_HUMAN,-0.33660783941233297,0.3114509569890375,11
sp|Q8NHQ8|RASF8_HUMAN,-0.9460284089607053,0.014929119058364937,5
sp|Q8NHU6|TDRD7_HUMAN,0.9071335734890371,0.09286642651096289,4
sp|Q8NHV4|NEDD1_HUMAN,-0.2907372055456524,0.3857506910172581,11
sp|Q8NI08|NCOA7_HUMAN,0.3477115769566075,0.29473152151493004,11
sp|Q8NI22|MCFD2_HUMAN,-0.05667187581173751,0.8685492056781038,11
sp|Q8NI27|THOC2_HUMAN,0.43819093390040453,0.17764067415357196,11
sp|Q8NI36|WDR36_HUMAN,0.24083929184840705,0.4756036676169272,11
sp|Q8NI60|COQ8A_HUMAN,0.4948222930241825,0.14594107258686093,10
sp|Q8TAD8|SNIP1_HUMAN,-0.10145733167599076,0.7666009990415416,11
sp|Q8TAE8|G45IP_HUMAN,0.3913472145422584,0.2339695819463779,11
sp|Q8TAF3|WDR48_HUMAN,0.001350864069758706,0.9968549121985699,11
sp|Q8TAG9|EXOC6_HUMAN,-0.020850463908344774,0.9544094337738213,10
sp|Q8TAM2|TTC8_HUMAN,0.4049270575932901,0.36751711327638387,7
sp|Q8TAP8|PPR35_HUMAN,-0.6695357178307547,0.3304642821692454,4
sp|Q8TAQ2|SMRC2_HUMAN,0.534156821833904,0.09052979550573623,11
sp|Q8TAT6|NPL4_HUMAN,0.29076797726126635,0.38569809941165045,11
sp|Q8TB03|CX038_HUMAN,0.9571198611158515,0.18710588289134597,3
sp|Q8TB36|GDAP1_HUMAN,-0.0008715093876123237,0.9979709454031619,11
sp|Q8TB61|S35B2_HUMAN,-0.5054317411159296,0.11274486143267058,11
sp|Q8TB72|PUM2_HUMAN,-0.40678925419128775,0.2143789243802458,11
sp|Q8TB96|TIP_HUMAN,-0.19317322178836416,0.5692914364537494,11
sp|Q8TBA6|GOGA5_HUMAN,-0.7171774452525371,0.012985298753438318,11
sp|Q8TBB5|KLDC4_HUMAN,0.5142538307130105,0.37536075075417835,5
sp|Q8TBC4|UBA3_HUMAN,0.10440490561993328,0.7599895700041,11
sp|Q8TBM8|DJB14_HUMAN,0.4274691528593784,0.47279204995508417,5
sp|Q8TBP6|S2540_HUMAN,0.1120149625347713,0.7429875974003374,11
sp|Q8TBX8|PI42C_HUMAN,0.014654820518272757,0.9658890558592933,11
sp|Q8TBZ3|WDR20_HUMAN,-0.23029557809491824,0.5221070031397754,10
sp|Q8TC07|TBC15_HUMAN,0.4153777311261263,0.20391822003981516,11
sp|Q8TC12|RDH11_HUMAN,-0.5066433020469089,0.11174319844972172,11
sp|Q8TCA0|LRC20_HUMAN,0.15017296822870252,0.6594106080084499,11
sp|Q8TCD5|NT5C_HUMAN,0.5071651814553652,0.11131351218579215,11
sp|Q8TCG1|CIP2A_HUMAN,-0.05013738094481125,0.8836113678331766,11
sp|Q8TCJ2|STT3B_HUMAN,0.12754293908989917,0.708620539345608,11
sp|Q8TCS8|PNPT1_HUMAN,0.33289031555585286,0.31716078447527746,11
sp|Q8TCT9|HM13_HUMAN,0.15616362499520542,0.6465752880494754,11
sp|Q8TCY9|URGCP_HUMAN,-0.3911426275866241,0.2637009811560712,10
sp|Q8TD16|BICD2_HUMAN,0.17003348569056365,0.6171926724775788,11
sp|Q8TD19|NEK9_HUMAN,0.23252062300977333,0.49143229705555325,11
sp|Q8TD30|ALAT2_HUMAN,-0.5469232675516595,0.08166139324853004,11
sp|Q8TD55|PKHO2_HUMAN,-0.14265739630618463,0.7361242748527511,8
sp|Q8TDB6|DTX3L_HUMAN,0.3999470095467801,0.6000529904532199,4
sp|Q8TDD1|DDX54_HUMAN,0.31226689690317866,0.3498450627317059,11
sp|Q8TDJ6|DMXL2_HUMAN,-0.40491301663464496,0.2796704575623976,9
sp|Q8TDM6|DLG5_HUMAN,-0.354135154011533,0.34976837883874684,9
sp|Q8TDN6|BRX1_HUMAN,-0.4217589650770702,0.19634730490612154,11
sp|Q8TDP1|RNH2C_HUMAN,0.33703121291000193,0.34093594346904604,10
sp|Q8TDW0|LRC8C_HUMAN,-0.8954649236697126,0.0026365725264139777,8
sp|Q8TDX7|NEK7_HUMAN,0.5135073219267172,0.15736781952443638,9
sp|Q8TDY2|RBCC1_HUMAN,-0.37516696447043685,0.28540488065156255,10
sp|Q8TDZ2|MICA1_HUMAN,-0.3502408324511835,0.2909937005297828,11
sp|Q8TEA8|DTD1_HUMAN,0.08990129174098456,0.7926526677455294,11
sp|Q8TED0|UTP15_HUMAN,-0.17246060697236354,0.6121008826781567,11
sp|Q8TED1|GPX8_HUMAN,0.2650627231870268,0.5257952938457267,8
sp|Q8TEM1|PO210_HUMAN,0.19784770630822388,0.5597960705948749,11
sp|Q8TEP8|CE192_HUMAN,0.26321029794889667,0.6687810954528313,5
sp|Q8TEQ6|GEMI5_HUMAN,-0.4388107680436595,0.17695722714867992,11
sp|Q8TEQ8|PIGO_HUMAN,0.08193702323975774,0.8613658567046595,7
sp|Q8TER5|ARH40_HUMAN,0.6064035424944887,0.047941930266174854,11
sp|Q8TEU7|RPGF6_HUMAN,0.03203253358252495,0.9679674664174751,4
sp|Q8TEV9|SMCR8_HUMAN,0.5223753169336008,0.14909328183096798,9
sp|Q8TEW0|PARD3_HUMAN,0.518343682019797,0.10236543779323408,11
sp|Q8TEX9|IPO4_HUMAN,0.36386906156528254,0.2713078705114623,11
sp|Q8TF01|PNISR_HUMAN,-0.0329274767479032,0.923434830059072,11
sp|Q8TF05|PP4R1_HUMAN,0.43051080046377055,0.1862427081097773,11
sp|Q8TF68|ZN384_HUMAN,-0.1429340234297064,0.6750308755241801,11
sp|Q8TF74|WIPF2_HUMAN,0.09579224615174166,0.779346799951407,11
sp|Q8WTS6|SETD7_HUMAN,-0.26374058884403273,0.46155122602800097,10
sp|Q8WTT2|NOC3L_HUMAN,0.570063692875735,0.06709789911425919,11
sp|Q8WTW3|COG1_HUMAN,-0.070524345333113,0.8367537702686026,11
sp|Q8WU76|SCFD2_HUMAN,-0.014730373184918752,0.9657132862947077,11
sp|Q8WU79|SMAP2_HUMAN,-0.3424643733106739,0.657535626689326,4
sp|Q8WU90|ZC3HF_HUMAN,-0.21191752940397188,0.5316053485525986,11
sp|Q8WUA2|PPIL4_HUMAN,0.061435580954831426,0.857593156982542,11
sp|Q8WUA4|TF3C2_HUMAN,0.23366942946952413,0.4892326543510106,11
sp|Q8WUB8|PHF10_HUMAN,-0.5658559170082382,0.08819021007040631,10
sp|Q8WUD1|RAB2B_HUMAN,-0.05676658060609291,0.8683311858045707,11
sp|Q8WUD4|CCD12_HUMAN,-0.19089204715376004,0.5739480147109234,11
sp|Q8WUF5|IASPP_HUMAN,-0.42299712188595984,0.1948981884641011,11
sp|Q8WUF8|F172A_HUMAN,0.07876975283476759,0.8998110464868256,5
sp|Q8WUH6|TM263_HUMAN,0.40162020414414146,0.22082475487138223,11
sp|Q8WUI4|HDAC7_HUMAN,0.3629266363141016,0.47951162136998376,6
sp|Q8WUM0|NU133_HUMAN,-0.3638579919115144,0.2713235481384911,11
sp|Q8WUM4|PDC6I_HUMAN,0.3949575470597843,0.22929930061940307,11
sp|Q8WUP2|FBLI1_HUMAN,0.30332960003623044,0.4275017858794217,9
sp|Q8WUQ7|CATIN_HUMAN,0.49689906754069424,0.11996363487952945,11
sp|Q8WUW1|BRK1_HUMAN,0.003960039850620142,0.9907803664641552,11
sp|Q8WUX9|CHMP7_HUMAN,0.24573835979469663,0.4663908830099322,11
sp|Q8WUY1|THEM6_HUMAN,-0.06038522559205782,0.8600069957011814,11
sp|Q8WUY8|NAT14_HUMAN,-0.32271852790514827,0.3330688604128296,11
sp|Q8WUZ0|BCL7C_HUMAN,0.027320944270089312,0.9364464814131571,11
sp|Q8WV22|NSE1_HUMAN,-0.9620949793788571,0.03790502062114287,4
sp|Q8WV41|SNX33_HUMAN,0.11986072208435364,0.8801392779156463,4
sp|Q8WVB6|CTF18_HUMAN,0.24379685020518566,0.5606710913018877,8
sp|Q8WVC0|LEO1_HUMAN,0.04139171109195777,0.903823802959968,11
sp|Q8WVC6|DCAKD_HUMAN,0.06886382990446138,0.8405544689357983,11
sp|Q8WVD3|RN138_HUMAN,0.3198773243327112,0.792716598388239,3
sp|Q8WVJ2|NUDC2_HUMAN,0.43430000517314554,0.18196771751699226,11
sp|Q8WVK2|SNR27_HUMAN,0.18914586508464123,0.577522486039843,11
sp|Q8WVM0|TFB1M_HUMAN,-0.10495239316386795,0.7587631240637678,11
sp|Q8WVM7|STAG1_HUMAN,0.23740977631364474,0.4821012770067643,11
sp|Q8WVM8|SCFD1_HUMAN,0.10188116885975541,0.7656494584740293,11
sp|Q8WVQ1|CANT1_HUMAN,-0.3361533487495391,0.3121460122512297,11
sp|Q8WVT3|TPC12_HUMAN,0.4907621419775989,0.12533478255245853,11
sp|Q8WVV9|HNRLL_HUMAN,-0.5665274104777012,0.06920033493953935,11
sp|Q8WVX9|FACR1_HUMAN,0.22207677147011132,0.5116270641770394,11
sp|Q8WVY7|UBCP1_HUMAN,-0.026460921816202257,0.9384437302612376,11
sp|Q8WW12|PCNP_HUMAN,0.5921484730456903,0.05493639417530274,11
sp|Q8WW59|SPRY4_HUMAN,-0.06872506348179916,0.840872226244794,11
sp|Q8WWC4|MAIP1_HUMAN,0.5400983098362069,0.268627543797029,6
sp|Q8WWH5|TRUB1_HUMAN,0.37659161440528743,0.25362694385852463,11
sp|Q8WWI1|LMO7_HUMAN,0.05799234136144038,0.8655101099518472,11
sp|Q8WWK9|CKAP2_HUMAN,0.4813835312914343,0.13383567209845712,11
sp|Q8WWM7|ATX2L_HUMAN,0.30118701227453115,0.36809919154990217,11
sp|Q8WWM9|CYGB_HUMAN,0.5716768869939619,0.06615327168276035,11
sp|Q8WWN8|ARAP3_HUMAN,-0.19353642381981195,0.5685514005802509,11
sp|Q8WWQ0|PHIP_HUMAN,-0.10918814652235068,0.749291505603827,11
sp|Q8WWX9|SELM_HUMAN,0.2864269914955424,0.45492991581648123,9
sp|Q8WWY3|PRP31_HUMAN,-0.2667755255960017,0.42777861930850936,11
sp|Q8WX77|IBPL1_HUMAN,-0.30916811428900604,0.35490196723713285,11
sp|Q8WX92|NELFB_HUMAN,0.3207807219278357,0.33614651197745204,11
sp|Q8WX93|PALLD_HUMAN,-0.1549066496921587,0.6492614067620459,11
sp|Q8WXA9|SREK1_HUMAN,0.21601939725215635,0.5235000721502147,11
sp|Q8WXD2|SCG3_HUMAN,-0.35081812316813044,0.29014424841743847,11
sp|Q8WXD5|GEMI6_HUMAN,0.7153511409585864,0.030262350502316626,9
sp|Q8WXE0|CSKI2_HUMAN,-0.08837265079771739,0.7961136690517283,11
sp|Q8WXE1|ATRIP_HUMAN,0.9322240250437415,0.2357311434825741,3
sp|Q8WXF0|SRS12_HUMAN,-0.05166831896689062,0.8872768010444256,10
sp|Q8WXF1|PSPC1_HUMAN,0.46658844395243254,0.14797318353059855,11
sp|Q8WXF7|ATLA1_HUMAN,0.06594881115558354,0.847233910836182,11
sp|Q8WXG6|MADD_HUMAN,-0.4340013305241972,0.21014108821004499,10
sp|Q8WXH0|SYNE2_HUMAN,-0.3005054956447554,0.3692375886529225,11
sp|Q8WXI9|P66B_HUMAN,-0.3211994604356725,0.33548019666975226,11
sp|Q8WXW3|PIBF1_HUMAN,-0.5253414706986866,0.09701015372641404,11
sp|Q8WXX5|DNJC9_HUMAN,0.13624434231373372,0.6895691173131953,11
sp|Q8WY21|SORC1_HUMAN,-0.057900062708614905,0.8657224396796402,11
sp|Q8WY22|BRI3B_HUMAN,-0.19775500184842473,0.5839349569868654,10
sp|Q8WY36|BBX_HUMAN,0.5926275191612544,0.054690677314378766,11
sp|Q8WYA0|IFT81_HUMAN,0.6457443503826943,0.043717334400359346,10
sp|Q8WYA6|CTBL1_HUMAN,-0.4503025081136081,0.16457716249807122,11
sp|Q8WYP5|ELYS_HUMAN,-0.08989436234660449,0.7926683490833478,11
sp|Q8WZ82|OVCA2_HUMAN,0.26166282049099154,0.8314583229969463,3
sp|Q8WZA0|LZIC_HUMAN,-0.29409716194342095,0.3800295209047121,11
sp|Q8WZA1|PMGT1_HUMAN,-0.3890588214378513,0.23695823045086015,11
sp|Q8WZA9|IRGQ_HUMAN,0.31453833640008794,0.3461623065639006,11
sp|Q92466|DDB2_HUMAN,0.23784325054507702,0.4812778290112228,11
sp|Q92481|AP2B_HUMAN,-0.23835712595613823,0.4803024629130268,11
sp|Q92499|DDX1_HUMAN,0.003890710544212639,0.9909417709056502,11
sp|Q92503|S14L1_HUMAN,-0.3575405594591161,0.5546594416890289,5
sp|Q92520|FAM3C_HUMAN,-0.15981561010381795,0.6387926482972811,11
sp|Q92522|H1X_HUMAN,-0.4746376950196287,0.1401707028359153,11
sp|Q92530|PSMF1_HUMAN,0.03722220462058122,0.9242590426346353,9
sp|Q92538|GBF1_HUMAN,0.6040480329604511,0.04905291009438846,11
sp|Q92541|RTF1_HUMAN,0.14401957176776464,0.6726809516718235,11
sp|Q92542|NICA_HUMAN,-0.36628298573772633,0.2679012758872958,11
sp|Q92544|TM9S4_HUMAN,0.5330982986150993,0.09129241406825887,11
sp|Q92547|TOPB1_HUMAN,-0.06578239278648773,0.8664715259603903,9
sp|Q92551|IP6K1_HUMAN,0.32779381311354483,0.7873897387629751,3
sp|Q92552|RT27_HUMAN,0.005120357429797814,0.9880791000653625,11
sp|Q92556|ELMO1_HUMAN,-0.10271580184443307,0.7637765066873647,11
sp|Q92558|WASF1_HUMAN,0.5072417646311516,0.11125054797603144,11
sp|Q92560|BAP1_HUMAN,0.6084159449174276,0.10947848154086692,8
sp|Q92572|AP3S1_HUMAN,-0.2545232959163159,0.5429789534905983,8
sp|Q92574|TSC1_HUMAN,-0.32729944437524094,0.4736361676584017,7
sp|Q92575|UBXN4_HUMAN,-0.37724599684355753,0.2527358179178558,11
sp|Q92576|PHF3_HUMAN,-0.10671551849381622,0.7548168868350122,11
sp|Q92598|HS105_HUMAN,-0.17460967135673197,0.6076052306823682,11
sp|Q92599|SEPT8_HUMAN,0.49317334661356566,0.1232064758053791,11
sp|Q92600|CNOT9_HUMAN,0.1568140606876932,0.6451868089694907,11
sp|Q92604|LGAT1_HUMAN,0.3468471584747341,0.3261492446630706,10
sp|Q92609|TBCD5_HUMAN,0.1616449742883814,0.6349063433384761,11
sp|Q92610|ZN592_HUMAN,-0.25943607181803024,0.44107208506166723,11
sp|Q92613|JADE3_HUMAN,0.28998469045759534,0.6360220279291824,5
sp|Q92614|MY18A_HUMAN,-0.265630133169872,0.42984045398011167,11
sp|Q92615|LAR4B_HUMAN,-0.16654628884367895,0.6245348732436682,11
sp|Q92616|GCN1_HUMAN,0.48011847079370135,0.13500958381092448,11
sp|Q92618|ZN516_HUMAN,-0.5248066954305647,0.22650256795191423,7
sp|Q92620|PRP16_HUMAN,0.37787538137193566,0.2518804258059987,11
sp|Q92621|NU205_HUMAN,0.1335732271120477,0.6954007994018501,11
sp|Q92625|ANS1A_HUMAN,-0.20980796922922823,0.5357940522028708,11
sp|Q92626|PXDN_HUMAN,-0.018431869154450317,0.9571037525897848,11
sp|Q92643|GPI8_HUMAN,-0.20579146336758425,0.5438066530495888,11
sp|Q92665|RT31_HUMAN,0.08567443210687706,0.8022307348470212,11
sp|Q92667|AKAP1_HUMAN,-0.36747451896347966,0.26622869456027015,11
sp|Q92688|AN32B_HUMAN,0.4542577247872134,0.16044360307871702,11
sp|Q92692|NECT2_HUMAN,0.19026039957765534,0.5752400158870475,11
sp|Q92696|PGTA_HUMAN,0.3078673306140965,0.35703594226879665,11
sp|Q92733|PRCC_HUMAN,-0.6013685692448288,0.05033803841609266,11
sp|Q92734|TFG_HUMAN,0.10778823573652249,0.7524184904049104,11
sp|Q92738|US6NL_HUMAN,0.31029914904801575,0.5494899403895543,6
sp|Q92747|ARC1A_HUMAN,-0.04624132037691585,0.8926086616391695,11
sp|Q92759|TF2H4_HUMAN,-0.021083968348144383,0.9538993161907178,10
sp|Q92766|RREB1_HUMAN,0.06708221442343217,0.8745976779711772,8
sp|Q92769|HDAC2_HUMAN,0.2958928746138359,0.3769895484144519,11
sp|Q92777|SYN2_HUMAN,-0.42924765730605485,0.2885588910946468,8
sp|Q92783|STAM1_HUMAN,0.1210294066580721,0.7229810659521297,11
sp|Q92784|DPF3_HUMAN,-0.4648634312710404,0.5351365687289595,4
sp|Q92785|REQU_HUMAN,0.15746307729523884,0.643802371841907,11
sp|Q92786|PROX1_HUMAN,-0.09674057344444056,0.7772096841777659,11
sp|Q92791|SC65_HUMAN,-0.1420663801215535,0.6769109682731311,11
sp|Q92793|CBP_HUMAN,0.5334427313524837,0.1122971488157601,10
sp|Q92794|KAT6A_HUMAN,-0.08859962692976701,0.9435216691769134,3
sp|Q92797|SYMPK_HUMAN,-0.47699733253244714,0.13793367780080745,11
sp|Q92804|RBP56_HUMAN,0.2340184721875376,0.48856519969428414,11
sp|Q92805|GOGA1_HUMAN,0.5351211616886897,0.3527433831123955,5
sp|Q92820|GGH_HUMAN,0.6222354673944158,0.040920600074331015,11
sp|Q92823|NRCAM_HUMAN,-0.14375844589348302,0.6732459807607519,11
sp|Q92830|KAT2A_HUMAN,0.8462463809941563,0.07067946662662418,5
sp|Q92841|DDX17_HUMAN,-0.08525540556838904,0.803181602604392,11
sp|Q92845|KIFA3_HUMAN,-0.21763158740542665,0.5203287380285311,11
sp|Q92854|SEM4D_HUMAN,0.8113635323836585,0.3974514784360635,3
sp|Q92859|NEO1_HUMAN,0.8778437420275105,0.00038088313234011087,11
sp|Q92878|RAD50_HUMAN,-0.2694209804590394,0.42303465156896997,11
sp|Q92879|CELF1_HUMAN,0.07164728435980822,0.8341852820001584,11
sp|Q92888|ARHG1_HUMAN,-0.3136940625703425,0.3475287776027951,11
sp|Q92889|XPF_HUMAN,0.22045582550808934,0.568684788474069,9
sp|Q92890|UFD1_HUMAN,-0.3007609479907837,0.3688106736833055,11
sp|Q92896|GSLG1_HUMAN,0.02372627945431946,0.9447965157754152,11
sp|Q92900|RENT1_HUMAN,-0.16666699083996966,0.6242802211920978,11
sp|Q92905|CSN5_HUMAN,-0.3420751905669504,0.30315556831631285,11
sp|Q92917|GPKOW_HUMAN,0.22681026531932028,0.5024303152844773,11
sp|Q92922|SMRC1_HUMAN,-0.12674830802091655,0.710368026110363,11
sp|Q92925|SMRD2_HUMAN,0.034011460806664784,0.9209209700185303,11
sp|Q92934|BAD_HUMAN,0.8732641323223209,0.004617607554163538,8
sp|Q92945|FUBP2_HUMAN,0.17405044195073227,0.6087739232869,11
sp|Q92947|GCDH_HUMAN,-0.21308157404606803,0.529299902657218,11
sp|Q92973|TNPO1_HUMAN,0.5512650622546585,0.07878221767230714,11
sp|Q92974|ARHG2_HUMAN,0.029356675092251122,0.931720188124579,11
sp|Q92979|NEP1_HUMAN,0.03603081101708648,0.9162396562943345,11
sp|Q92989|CLP1_HUMAN,-0.020376364772881447,0.9618048899711905,8
sp|Q92990|GLMN_HUMAN,-0.3598874831698682,0.2769796995508318,11
sp|Q92993|KAT5_HUMAN,-0.44930647193296963,0.19267973364635957,10
sp|Q92995|UBP13_HUMAN,-0.1524816781207627,0.6544540817341847,11
sp|Q92997|DVL3_HUMAN,-0.026999731361297713,0.9595102441642999,6
sp|Q93008|USP9X_HUMAN,0.5705688709011759,0.06680111361637742,11
sp|Q93009|UBP7_HUMAN,-0.15642708151157886,0.646012767671163,11
sp|Q93034|CUL5_HUMAN,-0.09853350718306925,0.7731729890912543,11
sp|Q93045|STMN2_HUMAN,0.4449166281530441,0.37666086034485624,6
sp|Q93050|VPP1_HUMAN,-0.4772485082552197,0.1376968915065674,11
sp|Q93052|LPP_HUMAN,0.016835345304336974,0.9608167480521548,11
sp|Q93062|RBPMS_HUMAN,0.503341217538241,0.38732211487297835,5
sp|Q93063|EXT2_HUMAN,-0.7592684154684195,0.4511139400716738,3
sp|Q93074|MED12_HUMAN,-0.331522541123294,0.31927565889924675,11
sp|Q93100|KPBB_HUMAN,0.33137308612623145,0.31950720667064264,11
sp|Q969E2|SCAM4_HUMAN,0.18809931637741045,0.6555444907881075,8
sp|Q969F9|HPS3_HUMAN,0.09418319545675,0.8591429316225739,6
sp|Q969G3|SMCE1_HUMAN,-0.04221868997421978,0.9019101748652248,11
sp|Q969H8|MYDGF_HUMAN,-0.10396351115373306,0.7609787145686651,11
sp|Q969J3|BORC5_HUMAN,-0.2220437506525635,0.5116914729306905,11
sp|Q969M3|YIPF5_HUMAN,-0.061453770686521,0.9079353860785897,6
sp|Q969N2|PIGT_HUMAN,0.1800245852644546,0.618712687692029,10
sp|Q969P0|IGSF8_HUMAN,-0.47618892683160685,0.13869751777785194,11
sp|Q969Q5|RAB24_HUMAN,-0.33859196590053736,0.3385623207986743,10
sp|Q969S2|NEIL2_HUMAN,-0.3954260644708737,0.2921637099992254,9
sp|Q969S3|ZN622_HUMAN,-0.4927576086121065,0.12357177383044674,11
sp|Q969S9|RRF2M_HUMAN,0.6666827228904146,0.025066144574393726,11
sp|Q969T9|WBP2_HUMAN,0.023518008055883638,0.9452804688501132,11
sp|Q969U7|PSMG2_HUMAN,0.3031989026020421,0.3647490474567865,11
sp|Q969V3|NCLN_HUMAN,-0.3816228648281182,0.2468216230897275,11
sp|Q969X5|ERGI1_HUMAN,0.1646166980387337,0.628610832660625,11
sp|Q969X6|UTP4_HUMAN,-0.1308389508724252,0.7013857539303191,11
sp|Q969Z0|FAKD4_HUMAN,-0.3994707867525506,0.2235382550064189,11
sp|Q969Z3|MARC2_HUMAN,-0.5075845956265627,0.30401069264429914,6
sp|Q96A26|F162A_HUMAN,-0.053659480671015086,0.8754882547960395,11
sp|Q96A33|CCD47_HUMAN,-0.244540693674404,0.46863556151849917,11
sp|Q96A35|RM24_HUMAN,0.057213583396739626,0.86730225217482,11
sp|Q96A49|SYAP1_HUMAN,0.17085788695119858,0.6154614736875298,11
sp|Q96A65|EXOC4_HUMAN,0.06323805191112761,0.8534534294499068,11
sp|Q96AA3|RFT1_HUMAN,0.09406259971533505,0.8410198636787937,7
sp|Q96AC1|FERM2_HUMAN,0.16493821803019826,0.6279310218086323,11
sp|Q96AE4|FUBP1_HUMAN,-0.03503728053735022,0.9185425962321446,11
sp|Q96AG4|LRC59_HUMAN,-0.09749203809615865,0.7755171937746528,11
sp|Q96AQ6|PBIP1_HUMAN,-0.10489378188432018,0.7588943974422505,11
sp|Q96AT1|K1143_HUMAN,0.2828489275711169,0.49726549952716337,8
sp|Q96AT9|RPE_HUMAN,0.673701325503451,0.21245438613867518,5
sp|Q96AX1|VP33A_HUMAN,-0.0886483011625257,0.7954893226086314,11
sp|Q96AY3|FKB10_HUMAN,0.26892706154656504,0.42391844488326064,11
sp|Q96AY4|TTC28_HUMAN,0.28230233355828094,0.40030158059913856,11
sp|Q96B23|CR025_HUMAN,0.1488621698182871,0.6622302314766093,11
sp|Q96B26|EXOS8_HUMAN,-0.0489381374491746,0.9005028023042243,9
sp|Q96B36|AKTS1_HUMAN,-0.28005698475620167,0.5908972256369697,6
sp|Q96B45|BORC7_HUMAN,-0.6310969498589217,0.17903228208765426,6
sp|Q96B97|SH3K1_HUMAN,-0.2938944553863291,0.5223344709677944,7
sp|Q96BD5|PF21A_HUMAN,0.32541411207434756,0.32881265177039487,11
sp|Q96BH1|RNF25_HUMAN,0.09709204270236277,0.8359472375186249,7
sp|Q96BJ3|AIDA_HUMAN,-0.13635610737059345,0.6893254351522735,11
sp|Q96BM9|ARL8A_HUMAN,0.5125874428869506,0.10691231290297037,11
sp|Q96BN2|TADA1_HUMAN,0.6432500217746657,0.3567499782253343,4
sp|Q96BN8|OTUL_HUMAN,-0.39071436272611904,0.3385530132050572,8
sp|Q96BP3|PPWD1_HUMAN,0.2891784735941017,0.38841940536031455,11
sp|Q96BY6|DOC10_HUMAN,-0.6236658037980317,0.07269273369285052,9
sp|Q96BY7|ATG2B_HUMAN,0.5155094983208286,0.1272426496754914,10
sp|Q96BZ8|LENG1_HUMAN,-0.7880971128075759,0.06259673035919598,6
sp|Q96BZ9|TBC20_HUMAN,-0.7509655435413918,0.08530491130965899,6
sp|Q96C01|F136A_HUMAN,-0.16862928122044546,0.6201454526097835,11
sp|Q96C19|EFHD2_HUMAN,-0.7913380853313228,0.003714092051494382,11
sp|Q96C23|GALM_HUMAN,-0.2777209321637957,0.40831663770207205,11
sp|Q96C36|P5CR2_HUMAN,0.4464492031456102,0.16866686709890752,11
sp|Q96C57|CSTOS_HUMAN,-0.5026809072855492,0.11504061309174433,11
sp|Q96C86|DCPS_HUMAN,0.029659766974705848,0.9310166749722518,11
sp|Q96C90|PP14B_HUMAN,-0.2110760280280466,0.5332745812431624,11
sp|Q96CB8|INT12_HUMAN,0.1618179567511679,0.6551474036234466,10
sp|Q96CB9|NSUN4_HUMAN,-0.23786488535162192,0.607514192524456,7
sp|Q96CM8|ACSF2_HUMAN,0.05400520392152342,0.8746914731949217,11
sp|Q96CN7|ISOC1_HUMAN,-0.10165889031204312,0.7661484513317687,11
sp|Q96CN9|GCC1_HUMAN,0.9115054734138008,0.26984185632606145,3
sp|Q96CP6|ASTRA_HUMAN,0.19335071315546218,0.5689297448430874,11
sp|Q96CS2|HAUS1_HUMAN,0.5054015243116093,0.30644524629679853,6
sp|Q96CS3|FAF2_HUMAN,-0.18443806955145825,0.5872020136013146,11
sp|Q96CT7|CC124_HUMAN,0.12777236590290214,0.708116236975559,11
sp|Q96CV9|OPTN_HUMAN,-0.39943253587848393,0.25280833630192007,10
sp|Q96CW1|AP2M1_HUMAN,-0.38142401085173183,0.24708858025939087,11
sp|Q96CW5|GCP3_HUMAN,0.020947739929404796,0.9512542334614655,11
sp|Q96CX2|KCD12_HUMAN,0.1508916566752594,0.6578663404574034,11
sp|Q96CX6|LRC58_HUMAN,0.9120733549167892,0.0879266450832108,4
sp|Q96D05|F241B_HUMAN,0.7939772487047168,0.018622953246328927,8
sp|Q96D15|RCN3_HUMAN,0.012342037096072067,0.97127025854851,11
sp|Q96D46|NMD3_HUMAN,0.05086507558461688,0.8819322175806624,11
sp|Q96D71|REPS1_HUMAN,0.01634517199579566,0.9619568751056669,11
sp|Q96DA2|RB39B_HUMAN,-0.16312781853751732,0.6525030563687846,10
sp|Q96DA6|TIM14_HUMAN,-0.35372693836461183,0.4915392355478225,6
sp|Q96DB5|RMD1_HUMAN,-0.592991820937745,0.05450431930213953,11
sp|Q96DE0|NUD16_HUMAN,0.3379865812704395,0.3736824460371886,9
sp|Q96DF8|ESS2_HUMAN,0.2475160013673028,0.6363079292572379,6
sp|Q96DG6|CMBL_HUMAN,-0.16174799481226987,0.7019706402128781,8
sp|Q96DH6|MSI2H_HUMAN,0.06207072357308338,0.85613405513108,11
sp|Q96DI7|SNR40_HUMAN,-0.10511647641471772,0.7583956524663567,11
sp|Q96DT7|ZBT10_HUMAN,-0.1629778168558682,0.6528057035654261,10
sp|Q96DV4|RM38_HUMAN,0.11864093553212941,0.7282674019354942,11
sp|Q96DZ1|ERLEC_HUMAN,0.009080689511776624,0.9788602865910159,11
sp|Q96E11|RRFM_HUMAN,0.08565152876555773,0.8022827015972842,11
sp|Q96E17|RAB3C_HUMAN,0.21135299883589076,0.5327249315896014,11
sp|Q96EA4|SPDLY_HUMAN,-0.014043282720723416,0.9673118180201622,11
sp|Q96EB6|SIR1_HUMAN,-0.5615254861097938,0.1156530229715603,9
sp|Q96EE3|SEH1_HUMAN,0.08315786766047722,0.8079449774827586,11
sp|Q96EK5|KBP_HUMAN,0.04673013831786239,0.891479175431175,11
sp|Q96EK6|GNA1_HUMAN,-0.4414453731653928,0.20153843038043132,10
sp|Q96EK7|F120B_HUMAN,0.5222058533891357,0.22923352372684735,7
sp|Q96EK9|KTI12_HUMAN,-0.03864443385992289,0.9101842462801946,11
sp|Q96EN8|MOCOS_HUMAN,-0.46351413074649755,0.24736765099049707,8
sp|Q96EP0|RNF31_HUMAN,-0.15204129422132312,0.6961688125604115,9
sp|Q96EP5|DAZP1_HUMAN,0.6633809078963039,0.15089705893060873,6
sp|Q96EQ0|SGTB_HUMAN,-0.4838965909046957,0.1564545485658075,10
sp|Q96ER3|SAAL1_HUMAN,-0.14943047878135926,0.661007271463108,11
sp|Q96ER9|MITOK_HUMAN,-0.5762574863282375,0.0635200606802248,11
sp|Q96ES7|SGF29_HUMAN,0.04101111345896516,0.9047046603102595,11
sp|Q96EV2|RBM33_HUMAN,-0.39131574703492705,0.23401052917115117,11
sp|Q96EY1|DNJA3_HUMAN,-0.1870215929063062,0.5818824786302447,11
sp|Q96EY5|MB12A_HUMAN,-0.13534186851190175,0.7493158599675895,8
sp|Q96EY7|PTCD3_HUMAN,-0.19759263557452067,0.5603125666419293,11
sp|Q96EZ8|MCRS1_HUMAN,-0.5267604394899905,0.11773027804794882,10
sp|Q96F07|CYFP2_HUMAN,0.26336441582785164,0.4339329190837102,11
sp|Q96F63|CCD97_HUMAN,-0.00879525079676273,0.9795246618933999,11
sp|Q96F85|CNRP1_HUMAN,-0.024067819756569242,0.9440029266617156,11
sp|Q96F86|EDC3_HUMAN,0.22289358812346943,0.5100349304524217,11
sp|Q96FC7|PHIPL_HUMAN,0.07384372083528531,0.8291656153668331,11
sp|Q96FF9|CDCA5_HUMAN,0.38913627223600866,0.2368567192202025,11
sp|Q96FK6|WDR89_HUMAN,0.09018384897632219,0.8043194960608789,10
sp|Q96FN4|CPNE2_HUMAN,0.32492322115339267,0.32958558045783015,11
sp|Q96FQ6|S10AG_HUMAN,-0.44436662957915096,0.23078601470081708,9
sp|Q96FS4|SIPA1_HUMAN,0.03073146455027881,0.9285294928174428,11
sp|Q96FV2|SCRN2_HUMAN,-0.6712438311547597,0.03357652099791709,10
sp|Q96FV9|THOC1_HUMAN,0.0873693572304719,0.7983870267447172,11
sp|Q96FW1|OTUB1_HUMAN,0.2093992674748816,0.5366071384319432,11
sp|Q96FX7|TRM61_HUMAN,-0.5331610939188279,0.09124705519822646,11
sp|Q96FZ2|HMCES_HUMAN,-0.6955245062107811,0.5103441297437056,3
sp|Q96FZ7|CHMP6_HUMAN,0.21652773568869488,0.5224992425482631,11
sp|Q96G01|BICD1_HUMAN,-0.3864735736099576,0.3917818841399896,7
sp|Q96G03|PGM2_HUMAN,0.13181019673864222,0.6992580667884079,11
sp|Q96G21|IMP4_HUMAN,0.551219205551635,0.07881226775755447,11
sp|Q96G23|CERS2_HUMAN,-0.40392258196078495,0.21793976113623956,11
sp|Q96G46|DUS3L_HUMAN,-0.6450447796003437,0.23988268989779649,5
sp|Q96GA3|LTV1_HUMAN,0.29509947536144887,0.37833117608289774,11
sp|Q96GC5|RM48_HUMAN,-0.08433766864097295,0.8052649944439657,11
sp|Q96GC9|VMP1_HUMAN,-0.5982223154838676,0.05187630653279659,11
sp|Q96GD0|PLPP_HUMAN,-0.4305053825015249,0.24739057190633384,9
sp|Q96GD4|AURKB_HUMAN,0.30698473809614857,0.3584876318345624,11
sp|Q96GG9|DCNL1_HUMAN,0.305359185749448,0.4620471522560458,8
sp|Q96GM5|SMRD1_HUMAN,0.3593085205679828,0.2778099205861531,11
sp|Q96GM8|TOE1_HUMAN,0.11464221763361994,0.7371413835401377,11
sp|Q96GQ5|RUSF1_HUMAN,0.21054815023994186,0.5343228086521515,11
sp|Q96GQ7|DDX27_HUMAN,-0.45278596327831555,0.16197412616459472,11
sp|Q96GS4|BORC6_HUMAN,-0.3141844136673548,0.34673479368439,11
sp|Q96GX5|GWL_HUMAN,0.9978010799088206,0.042225952824087115,3
sp|Q96GX9|MTNB_HUMAN,0.05660635896307514,0.8765696019986793,10
sp|Q96H20|SNF8_HUMAN,0.2856398667215105,0.39451200037197715,11
sp|Q96H55|MYO19_HUMAN,0.11032667766606934,0.7775116358628003,9
sp|Q96H79|ZCCHL_HUMAN,0.15757235927378704,0.6435693588809891,11
sp|Q96HA1|P121A_HUMAN,-0.598846393643317,0.40115360635668296,4
sp|Q96HA7|TONSL_HUMAN,0.06241491718773856,0.8639980061111022,10
sp|Q96HC4|PDLI5_HUMAN,-0.17484186919112246,0.6071202192928448,11
sp|Q96HD1|CREL1_HUMAN,0.0391831932047792,0.9144182411516866,10
sp|Q96HE7|ERO1A_HUMAN,-0.05985397569121495,0.8612282805650807,11
sp|Q96HI0|SENP5_HUMAN,0.037135601381056316,0.9304347358745249,8
sp|Q96HP0|DOCK6_HUMAN,0.12614410623893638,0.7116975752537128,11
sp|Q96HQ2|C2AIL_HUMAN,-0.21266801110194197,0.6131074477976325,8
sp|Q96HR3|MED30_HUMAN,-0.5343721234983684,0.2165913508137234,7
sp|Q96HS1|PGAM5_HUMAN,0.46198983830515145,0.15255038484028458,11
sp|Q96HW7|INT4_HUMAN,0.21629397418565408,0.5229593777691165,11
sp|Q96HY6|DDRGK_HUMAN,0.3048250638732002,0.3620526917356641,11
sp|Q96HY7|DHTK1_HUMAN,0.970748939198294,0.15435840616891955,3
sp|Q96I15|SCLY_HUMAN,-0.00968678103310041,0.9774496135751465,11
sp|Q96I24|FUBP3_HUMAN,0.5316201370645779,0.09236442619706105,11
sp|Q96I25|SPF45_HUMAN,-0.18872702356486254,0.5783811418251192,11
sp|Q96I51|RCC1L_HUMAN,0.2218887641694402,0.5974126285368613,8
sp|Q96I59|SYNM_HUMAN,0.1306097997817906,0.7578774499087023,8
sp|Q96I99|SUCB2_HUMAN,0.20240635160881293,0.5505974116984297,11
sp|Q96II8|LRCH3_HUMAN,0.3120349658536864,0.35022224411686376,11
sp|Q96IJ6|GMPPA_HUMAN,0.7428104273032403,0.008820234795213816,11
sp|Q96IU4|ABHEB_HUMAN,0.558359478780175,0.0934388337885303,10
sp|Q96IV0|NGLY1_HUMAN,0.34034071248975106,0.37014915537629267,9
sp|Q96IW2|SHD_HUMAN,-0.11592803425053305,0.7342846928400214,11
sp|Q96IX5|ATPMK_HUMAN,-0.10312140127573123,0.7628667338612212,11
sp|Q96IY1|NSL1_HUMAN,-0.12401448125752243,0.7163895540116203,11
sp|Q96IZ0|PAWR_HUMAN,-0.23731057706252653,0.5386719714433598,9
sp|Q96IZ7|RSRC1_HUMAN,0.13907682420205386,0.6834016539894301,11
sp|Q96J01|THOC3_HUMAN,0.5188713127025728,0.10195508334286275,11
sp|Q96J02|ITCH_HUMAN,-0.5471043284652524,0.08153994987433856,11
sp|Q96JB2|COG3_HUMAN,-0.11064157193594842,0.7460485664395194,11
sp|Q96JB5|CK5P3_HUMAN,0.028132140146768757,0.9345629246629411,11
sp|Q96JC1|VPS39_HUMAN,0.3176236205291625,0.3411926983749117,11
sp|Q96JG6|VPS50_HUMAN,-0.46919229108991295,0.14542007328040812,11
sp|Q96JH7|VCIP1_HUMAN,0.11321172020176835,0.7403230211730454,11
sp|Q96JJ3|ELMO2_HUMAN,0.1017591654643949,0.7659233338723002,11
sp|Q96JJ7|TMX3_HUMAN,-0.40711131448698434,0.21398104290174724,11
sp|Q96JM2|ZN462_HUMAN,0.3572961522130471,0.2807064206515328,11
sp|Q96JM3|CHAP1_HUMAN,0.32348599403479983,0.3318541048566088,11
sp|Q96JN8|NEUL4_HUMAN,0.2305152109405595,0.7694847890594405,4
sp|Q96JP5|ZFP91_HUMAN,0.6425507666314431,0.24231254852710862,5
sp|Q96JQ0|PCD16_HUMAN,-0.08392254862040077,0.80620774948698,11
sp|Q96K17|BT3L4_HUMAN,0.2529527063402943,0.45297424832905736,11
sp|Q96K37|S35E1_HUMAN,-0.3972363786554459,0.22637969619914275,11
sp|Q96K76|UBP47_HUMAN,0.5243548106377109,0.09775385126981155,11
sp|Q96KA5|CLP1L_HUMAN,0.18518940379587584,0.5856530919937764,11
sp|Q96KB5|TOPK_HUMAN,0.13969378140222877,0.6820605735084159,11
sp|Q96KC8|DNJC1_HUMAN,-0.2017145611187723,0.7449215207454019,5
sp|Q96KG9|SCYL1_HUMAN,0.3205626996880316,0.3364937152872072,11
sp|Q96KP1|EXOC2_HUMAN,0.16430404335469107,0.6292721473331354,11
sp|Q96KP4|CNDP2_HUMAN,-0.6564651811396462,0.02823847610781275,11
sp|Q96KQ4|ASPP1_HUMAN,-0.22429807803382873,0.6691950593614098,6
sp|Q96KQ7|EHMT2_HUMAN,0.311844392587024,0.35053232526083783,11
sp|Q96KR1|ZFR_HUMAN,0.07846013432396168,0.8186342756874408,11
sp|Q96L58|B3GT6_HUMAN,0.24041905453249116,0.4763977257318046,11
sp|Q96L91|EP400_HUMAN,-0.08199459772590303,0.8105892246542946,11
sp|Q96L92|SNX27_HUMAN,-0.14774790337896038,0.664630200720356,11
sp|Q96LA8|ANM6_HUMAN,-0.10169115264078396,0.7660760207147838,11
sp|Q96LB3|IFT74_HUMAN,-0.27832249654180774,0.4072597656318579,11
sp|Q96LT7|CI072_HUMAN,-0.6517395395040868,0.5480790616451028,3
sp|Q96LZ7|RMD2_HUMAN,-0.5663957727002574,0.1432765342749881,8
sp|Q96M27|PRRC1_HUMAN,0.08599896058284784,0.8258805287641191,9
sp|Q96M96|FGD4_HUMAN,-0.5523729427858796,0.4476270572141203,4
sp|Q96ME1|FXL18_HUMAN,0.46311229567888934,0.15142510423685862,11
sp|Q96ME7|ZN512_HUMAN,-0.48638491879685847,0.12925815716560926,11
sp|Q96MG7|NSE3_HUMAN,0.054039638280734444,0.8821328983972284,10
sp|Q96MU7|YTDC1_HUMAN,0.10811534360696,0.7516875277444326,11
sp|Q96MX6|DAA10_HUMAN,0.3664277629256276,0.2676977333555785,11
sp|Q96MY1|NOL4L_HUMAN,-0.2568907622316966,0.44572709534589505,11
sp|Q96N46|TTC14_HUMAN,0.5473219109438576,0.33968091394537236,5
sp|Q96N64|PWP2A_HUMAN,0.026468094687817356,0.9421415875192162,10
sp|Q96N66|MBOA7_HUMAN,0.11212887308664596,0.791513945239716,8
sp|Q96N67|DOCK7_HUMAN,0.0663621183371425,0.8462863046329544,11
sp|Q96NB3|ZN830_HUMAN,0.4952688826245947,0.12137571289960256,11
sp|Q96NE9|FRMD6_HUMAN,-0.01051637583930412,0.975518833222542,11
sp|Q96NT0|CC115_HUMAN,0.7830345624539052,0.21696543754609476,4
sp|Q96P11|NSUN5_HUMAN,-0.12224273873204647,0.7202997736511635,11
sp|Q96P16|RPR1A_HUMAN,-0.13119507202117964,0.700605382717563,11
sp|Q96P47|AGAP3_HUMAN,-0.3733206479496536,0.25810815643868684,11
sp|Q96P48|ARAP1_HUMAN,-0.27768410840763247,0.4083813759009672,11
sp|Q96P70|IPO9_HUMAN,0.14737623702766908,0.6654313466028717,11
sp|Q96PD2|DCBD2_HUMAN,-0.7229951741305781,0.4855297281525663,3
sp|Q96PE3|INP4A_HUMAN,-0.9914022248885743,0.008597775111425676,4
sp|Q96PK6|RBM14_HUMAN,-0.24047046089034374,0.4763005589854446,11
sp|Q96PU4|UHRF2_HUMAN,-0.4246789218632389,0.2942866766488033,8
sp|Q96PU5|NED4L_HUMAN,-0.08148538532008723,0.811747284328884,11
sp|Q96PU8|QKI_HUMAN,-0.04179043738574528,0.9029010929081026,11
sp|Q96PV6|LENG8_HUMAN,-0.33436693633299497,0.31488610477593537,11
sp|Q96PY5|FMNL2_HUMAN,0.34386184329120784,0.3004711877693377,11
sp|Q96PZ0|PUS7_HUMAN,0.19424516196991043,0.5671084133040307,11
sp|Q96Q11|TRNT1_HUMAN,-0.015390302926900301,0.9641780511918495,11
sp|Q96Q15|SMG1_HUMAN,0.5730236878762052,0.17870838639275605,7
sp|Q96Q45|TM237_HUMAN,-0.07181696336833392,0.8337973026094162,11
sp|Q96Q89|KI20B_HUMAN,-0.08984828221309465,0.7927726309655658,11
sp|Q96QC0|PP1RA_HUMAN,-0.010410361748939084,0.9757655616625973,11
sp|Q96QD9|UIF_HUMAN,-0.2391127957033305,0.5354994078597012,9
sp|Q96QG7|MTMR9_HUMAN,0.19843359422740336,0.5586104177239405,11
sp|Q96QK1|VPS35_HUMAN,-0.3446852516902507,0.29923844189791293,11
sp|Q96QZ7|MAGI1_HUMAN,-0.6810845006024147,0.02103495927502669,11
sp|Q96R06|SPAG5_HUMAN,0.1556883927511902,0.6891709862610295,9
sp|Q96RD7|PANX1_HUMAN,-0.18790458632025708,0.8120954136797429,4
sp|Q96RE7|NACC1_HUMAN,0.1623590668671706,0.6333915583171822,11
sp|Q96RF0|SNX18_HUMAN,-0.6566835169467163,0.5439174807999415,3
sp|Q96RK0|CIC_HUMAN,0.12928401540363543,0.7602800507800485,8
sp|Q96RL1|UIMC1_HUMAN,0.07192795719271894,0.9084975100916424,5
sp|Q96RL7|VP13A_HUMAN,0.23062591681637606,0.4950696302968867,11
sp|Q96RN5|MED15_HUMAN,-0.5564384133015551,0.0754409546161209,11
sp|Q96RP9|EFGM_HUMAN,-0.02844961723237746,0.933825840057811,11
sp|Q96RQ3|MCCA_HUMAN,0.133841038091054,0.6948154299175299,11
sp|Q96RR4|KKCC2_HUMAN,0.20375148160347784,0.6986021149737108,6
sp|Q96RS6|NUDC1_HUMAN,-0.27624461667135214,0.41091601272917005,11
sp|Q96RT1|ERBIN_HUMAN,-0.2527812957091091,0.4532909278007277,11
sp|Q96RT7|GCP6_HUMAN,-0.8328640883629774,0.3733990760916278,3
sp|Q96RU2|UBP28_HUMAN,-0.3205085728785646,0.3665792487424351,10
sp|Q96RU3|FNBP1_HUMAN,0.09431825706200547,0.7826712467662682,11
sp|Q96S19|MTL26_HUMAN,0.0905455800639776,0.816797646454747,9
sp|Q96S44|PRPK_HUMAN,-0.31185415777394826,0.3505164328823759,11
sp|Q96S52|PIGS_HUMAN,0.4254255364973496,0.19207476249618902,11
sp|Q96S55|WRIP1_HUMAN,-0.1059869946356598,0.7564468408488423,11
sp|Q96S59|RANB9_HUMAN,-0.35965589535074693,0.2773116251916108,11
sp|Q96S66|CLCC1_HUMAN,0.5033319507529912,0.13805886068738454,10
sp|Q96S82|UBL7_HUMAN,-0.04939326941296078,0.8922154411435684,10
sp|Q96S94|CCNL2_HUMAN,-0.3263875142168868,0.6736124857831132,4
sp|Q96S97|MYADM_HUMAN,-0.09422365003868972,0.7828847362613656,11
sp|Q96SB3|NEB2_HUMAN,-0.15874257367741146,0.6410760160489024,11
sp|Q96SB4|SRPK1_HUMAN,-0.3013216764998026,0.3678744626736879,11
sp|Q96SB8|SMC6_HUMAN,0.12739388097047294,0.7089482398276691,11
sp|Q96SI1|KCD15_HUMAN,0.10489415633038318,0.7588935587664362,11
sp|Q96SI9|STRBP_HUMAN,-0.3813436961428378,0.2471964480618714,11
sp|Q96SK2|TM209_HUMAN,-0.13199653218840707,0.6988500871265485,11
sp|Q96SL4|GPX7_HUMAN,0.17582195494497527,0.6770648855204907,8
sp|Q96SM3|CPXM1_HUMAN,0.7611830623828104,0.4492377183580278,3
sp|Q96SN8|CK5P2_HUMAN,-0.2448616694025969,0.4680335041077089,11
sp|Q96ST2|IWS1_HUMAN,0.018923049187568652,0.9559615783252478,11
sp|Q96ST3|SIN3A_HUMAN,0.4560872097890161,0.15855361802487383,11
sp|Q96SU4|OSBL9_HUMAN,0.255954118559481,0.4474458474075075,11
sp|Q96SW2|CRBN_HUMAN,-0.5758555951058534,0.6093380879380637,3
sp|Q96SY0|INT14_HUMAN,-0.07836259980885449,0.8188565073107233,11
sp|Q96SZ5|AEDO_HUMAN,0.1683633950720454,0.62070513040879,11
sp|Q96T23|RSF1_HUMAN,0.47907646695843703,0.13598139497431694,11
sp|Q96T37|RBM15_HUMAN,0.04584320816238742,0.8935286912654842,11
sp|Q96T51|RUFY1_HUMAN,-0.18892209780108127,0.5779811639906233,11
sp|Q96T58|MINT_HUMAN,0.12780270119915219,0.7080495649243911,11
sp|Q96T60|PNKP_HUMAN,0.5154478168261123,0.1046368170627028,11
sp|Q96T76|MMS19_HUMAN,-0.2248216017423432,0.5062853314203434,11
sp|Q96T88|UHRF1_HUMAN,0.10213162854684416,0.7650872975836501,11
sp|Q96TA1|NIBA2_HUMAN,-0.24420786619428408,0.46926022104610843,11
sp|Q96TA2|YMEL1_HUMAN,0.04059140209319992,0.905676154455474,11
sp|Q99081|HTF4_HUMAN,0.23494501470177653,0.4867953837530042,11
sp|Q99258|RIB3_YEAST,0.934158914590284,2.5656496255455914e-05,11
sp|Q99383|HRP1_YEAST,0.5866889294173867,0.6008622782870757,3
sp|Q99417|MYCBP_HUMAN,-0.005555143904605375,0.9870669270812908,11
sp|Q99426|TBCB_HUMAN,-0.015508941581781788,0.9639020662418144,11
sp|Q99436|PSB7_HUMAN,-0.13922161690916768,0.6830868440295064,11
sp|Q99439|CNN2_HUMAN,-0.5973006027488147,0.05233297666684421,11
sp|Q99442|SEC62_HUMAN,-0.013286483893361338,0.9690726526301164,11
sp|Q99447|PCY2_HUMAN,-0.34196291231500786,0.3033246979432643,11
sp|Q99453|PHX2B_HUMAN,0.22638586908366115,0.5898065130375562,8
sp|Q99459|CDC5L_HUMAN,0.2532424475117014,0.45243918780891734,11
sp|Q99460|PSMD1_HUMAN,-0.13519844082997504,0.6918507839607377,11
sp|Q99470|SDF2_HUMAN,-0.029395095694082607,0.9316310067943522,11
sp|Q99471|PFD5_HUMAN,0.7335720050645691,0.010188040750320461,11
sp|Q99496|RING2_HUMAN,0.07366774405126947,0.8295675783134495,11
sp|Q99497|PARK7_HUMAN,0.4637660349606974,0.15077211743371619,11
sp|Q99519|NEUR1_HUMAN,0.15478479148054225,0.6495220141488562,11
sp|Q99523|SORT_HUMAN,0.5419180381551361,0.085066296090625,11
sp|Q99536|VAT1_HUMAN,0.26093180800163907,0.43834732171573515,11
sp|Q99541|PLIN2_HUMAN,-0.18317517840622582,0.6942227708598759,7
sp|Q99543|DNJC2_HUMAN,0.5205792933036323,0.10063410038018908,11
sp|Q99547|MPH6_HUMAN,-0.1432901110725585,0.8181836216424652,5
sp|Q99549|MPP8_HUMAN,-0.10848454528231441,0.7654632671850321,10
sp|Q99567|NUP88_HUMAN,0.7008633182661717,0.01628135779730439,11
sp|Q99569|PKP4_HUMAN,-0.7056711382860806,0.0505009548531798,8
sp|Q99570|PI3R4_HUMAN,0.5156180898154205,0.10450236375119915,11
sp|Q99575|POP1_HUMAN,0.04989838584761841,0.8841629414346991,11
sp|Q99584|S10AD_HUMAN,0.6026043458497583,0.04974249834281619,11
sp|Q99590|SCAFB_HUMAN,0.41900666671379333,0.19959167928452318,11
sp|Q99598|TSNAX_HUMAN,0.13928965913295513,0.6829389214903953,11
sp|Q99611|SPS2_HUMAN,0.020387873534668283,0.9653956638689262,7
sp|Q99614|TTC1_HUMAN,-0.5492462891956493,0.08011237187387558,11
sp|Q99615|DNJC7_HUMAN,-0.26142795101876015,0.4374452646193944,11
sp|Q99623|PHB2_HUMAN,0.513986652186158,0.1057952316529041,11
sp|Q99627|CSN8_HUMAN,0.6582670912589919,0.027659543768181027,11
sp|Q99633|PRP18_HUMAN,0.4081571835303758,0.21269196686007652,11
sp|Q99653|CHP1_HUMAN,0.24048576137031605,0.4762716402031298,11
sp|Q99661|KIF2C_HUMAN,-0.2783836038708168,0.4071524828756782,11
sp|Q99674|CGRE1_HUMAN,0.18165468113417035,0.5929536593705701,11
sp|Q99700|ATX2_HUMAN,-0.32344941417937795,0.3319119504949263,11
sp|Q99704|DOK1_HUMAN,0.37482446389206964,0.4640934818436949,6
sp|Q99707|METH_HUMAN,0.16956770692085565,0.618171557329398,11
sp|Q99714|HCD2_HUMAN,0.2144448973320084,0.5266051037953428,11
sp|Q99719|SEPT5_HUMAN,0.35458172252175374,0.2846399778467664,11
sp|Q99720|SGMR1_HUMAN,-0.21664320562217082,0.52227201508084,11
sp|Q99729|ROAA_HUMAN,0.3384049033171329,0.30871091711097903,11
sp|Q99733|NP1L4_HUMAN,-0.13044296270419029,0.7022537901621942,11
sp|Q99747|SNAG_HUMAN,-0.09472745234895333,0.7817480148772317,11
sp|Q99755|PI51A_HUMAN,-0.3023393048433804,0.5098662403854222,7
sp|Q99757|THIOM_HUMAN,0.10861020851464334,0.797951673234694,8
sp|Q99797|MIPEP_HUMAN,0.2479065689343607,0.5201238566277493,9
sp|Q99798|ACON_HUMAN,-0.06782218716528668,0.8429402158079341,11
sp|Q99805|TM9S2_HUMAN,0.25300638782916296,0.4528750934106466,11
sp|Q99808|S29A1_HUMAN,-0.4228912991561369,0.4034773676623868,6
sp|Q99816|TS101_HUMAN,0.12170346747118581,0.721491139701575,11
sp|Q99829|CPNE1_HUMAN,-0.4670378905021878,0.14753050356564487,11
sp|Q99832|TCPH_HUMAN,0.055721843221117076,0.870736727802333,11
sp|Q99836|MYD88_HUMAN,0.7684488334235303,0.12900699052075723,5
sp|Q99848|EBP2_HUMAN,0.0030876984345191497,0.9928112712755833,11
sp|Q99873|ANM1_HUMAN,0.40822731762942516,0.21260568880176167,11
sp|Q99961|SH3G1_HUMAN,0.17252351360665824,0.6119691159454826,11
sp|Q99985|SEM3C_HUMAN,-0.18688773640031697,0.5821576369571254,11
sp|Q99986|VRK1_HUMAN,-0.0024157778542172326,0.9943756014575417,11
sp|Q99996|AKAP9_HUMAN,0.4431603956306736,0.17220645725561323,11
sp|Q9BPU6|DPYL5_HUMAN,-0.6814267667073038,0.020945184778429788,11
sp|Q9BPW8|NIPS1_HUMAN,0.3530107311607673,0.2869304525750996,11
sp|Q9BPX3|CND3_HUMAN,0.15223952612888852,0.6549733699459043,11
sp|Q9BPX5|ARP5L_HUMAN,-0.15742180209940704,0.6438903870315199,11
sp|Q9BPX6|MICU1_HUMAN,-0.8999880988364318,0.10001190116356806,4
sp|Q9BPY3|F118B_HUMAN,-0.4338931125245786,0.182423885127519,11
sp|Q9BQ39|DDX50_HUMAN,0.04110740473434138,0.9044817940834251,11
sp|Q9BQ52|RNZ2_HUMAN,0.17471244085568305,0.6073905497531467,11
sp|Q9BQ61|TRIR_HUMAN,0.6731740491815432,0.02318701680801933,11
sp|Q9BQ67|GRWD1_HUMAN,0.11699290959011754,0.7319211506637637,11
sp|Q9BQ69|MACD1_HUMAN,0.3447217663396076,0.29918383914807256,11
sp|Q9BQ70|TCF25_HUMAN,-0.0903640363832422,0.803934894276497,10
sp|Q9BQ75|CMS1_HUMAN,-0.4126395117876551,0.20721957190275542,11
sp|Q9BQ95|ECSIT_HUMAN,-0.13901105973640235,0.6835446547905362,11
sp|Q9BQA1|MEP50_HUMAN,0.43018450187506624,0.18661365991972023,11
sp|Q9BQA9|CYBC1_HUMAN,-0.5142800807129061,0.10556193494434873,11
sp|Q9BQE5|APOL2_HUMAN,0.19040904193460623,0.5982557310031694,10
sp|Q9BQF6|SENP7_HUMAN,0.16813501438765205,0.6906378020163464,8
sp|Q9BQG0|MBB1A_HUMAN,-0.22692600351543754,0.5022063509484196,11
sp|Q9BQG2|NUD12_HUMAN,-0.43979129938083494,0.38284447301132307,6
sp|Q9BQP7|MGME1_HUMAN,0.08790619214693325,0.7971704394052277,11
sp|Q9BQS8|FYCO1_HUMAN,0.04553361672260758,0.8942442325637862,11
sp|Q9BR61|ACBD6_HUMAN,0.005121527432495512,0.9880763763040341,11
sp|Q9BR76|COR1B_HUMAN,-0.7888939941433684,0.0038990894794486506,11
sp|Q9BRA2|TXD17_HUMAN,-0.2032471796899391,0.5489074593666987,11
sp|Q9BRD0|BUD13_HUMAN,-0.0782421423707785,0.8191309851430574,11
sp|Q9BRG1|VPS25_HUMAN,0.1082958617633181,0.7512842161406662,11
sp|Q9BRJ2|RM45_HUMAN,0.32713191908999323,0.3261155004262332,11
sp|Q9BRJ6|CG050_HUMAN,0.6222839088491929,0.04090028412060062,11
sp|Q9BRJ7|TIRR_HUMAN,-0.0033642383262363768,0.9921674519509099,11
sp|Q9BRK5|CAB45_HUMAN,-0.5132474969865388,0.10638439801679699,11
sp|Q9BRP4|PAAF1_HUMAN,0.44007113031850137,0.23586504325758878,9
sp|Q9BRP8|PYM1_HUMAN,-0.42621800446771474,0.19115876212727753,11
sp|Q9BRR6|ADPGK_HUMAN,-0.1653847290742214,0.626987364457396,11
sp|Q9BRS8|LARP6_HUMAN,0.314743184809283,0.49174329865049077,7
sp|Q9BRT6|LLPH_HUMAN,-0.01610287253442736,0.9625204794552228,11
sp|Q9BRT9|SLD5_HUMAN,-0.5265398941156785,0.09611183852362185,11
sp|Q9BRV8|SIKE1_HUMAN,-0.7002600939479213,0.2997399060520787,4
sp|Q9BRX2|PELO_HUMAN,-0.4537818986281555,0.16093744232508803,11
sp|Q9BRX5|PSF3_HUMAN,-0.2706148332464624,0.42090209830579794,11
sp|Q9BRX8|PXL2A_HUMAN,-0.11490244013565384,0.7365630066231702,11
sp|Q9BS26|ERP44_HUMAN,-0.161930739891241,0.6343000054251803,11
sp|Q9BSB4|ATGA1_HUMAN,-0.1736331318309838,0.6809221605689851,8
sp|Q9BSC4|NOL10_HUMAN,-0.1882506962711306,0.5793582465110106,11
sp|Q9BSD7|NTPCR_HUMAN,0.40196752613865144,0.22038811147601745,11
sp|Q9BSF4|TIM29_HUMAN,-0.8335529847428279,0.1664470152571722,4
sp|Q9BSH4|TACO1_HUMAN,-0.07712644569499483,0.8216741065048074,11
sp|Q9BSJ2|GCP2_HUMAN,0.32599359348468526,0.3279014769168428,11
sp|Q9BSJ5|CQ080_HUMAN,0.30924540923644994,0.49974754080444617,7
sp|Q9BSJ8|ESYT1_HUMAN,0.04202033971766511,0.9023691147468156,11
sp|Q9BSL1|UBAC1_HUMAN,0.3989889843525486,0.2533847150768755,10
sp|Q9BSQ5|CCM2_HUMAN,0.013630021659329555,0.9722374462384473,9
sp|Q9BSR8|YIPF4_HUMAN,0.4026086180225769,0.24870243283698984,10
sp|Q9BSU1|PHAF1_HUMAN,0.7445868902555312,0.25541310974446896,4
sp|Q9BSV6|SEN34_HUMAN,0.2405805968492606,0.5660148657610603,8
sp|Q9BT09|CNPY3_HUMAN,0.07651042851234742,0.8230789192742902,11
sp|Q9BT40|INP5K_HUMAN,0.2116798984719463,0.5320765012765308,11
sp|Q9BT73|PSMG3_HUMAN,-0.34076997302360945,0.7786245342055104,3
sp|Q9BT78|CSN4_HUMAN,0.04749197458681264,0.8897192014968718,11
sp|Q9BT88|SYT11_HUMAN,-0.8714993276561478,0.3262962083292453,3
sp|Q9BTA9|WAC_HUMAN,0.02943769427622439,0.9315321284232472,11
sp|Q9BTC0|DIDO1_HUMAN,0.3278764684423181,0.32495015495041485,11
sp|Q9BTC8|MTA3_HUMAN,0.40601209095994234,0.21534085316837318,11
sp|Q9BTD8|RBM42_HUMAN,0.9019260759145842,0.00014698633107562188,11
sp|Q9BTE3|MCMBP_HUMAN,0.4737369968897542,0.14103059573528667,11
sp|Q9BTE6|AASD1_HUMAN,-0.3223540059260098,0.33364665504639107,11
sp|Q9BTE7|DCNL5_HUMAN,0.26430532005640656,0.4322311645713166,11
sp|Q9BTL3|RAMAC_HUMAN,-0.0750944535636224,0.8263097787483347,11
sp|Q9BTT0|AN32E_HUMAN,-0.6792436625946247,0.030758361801381476,10
sp|Q9BTT4|MED10_HUMAN,-0.592234813061058,0.5964915753928514,3
sp|Q9BTU6|P4K2A_HUMAN,0.0393988832764575,0.9084370737038433,11
sp|Q9BTV4|TMM43_HUMAN,-0.047935703463508304,0.8886943162227714,11
sp|Q9BTV5|FSD1_HUMAN,-0.4815277690905904,0.1337022394515921,11
sp|Q9BTW9|TBCD_HUMAN,0.21063840000445017,0.534143535646106,11
sp|Q9BTX1|NDC1_HUMAN,0.4093646696317561,0.21120942939292972,11
sp|Q9BTY2|FUCO2_HUMAN,0.32193277082873417,0.33431500506733414,11
sp|Q9BTY7|HGH1_HUMAN,-0.44159626881482317,0.1739057179070941,11
sp|Q9BU02|THTPA_HUMAN,-0.4451536134598927,0.7062981407963579,3
sp|Q9BU23|LMF2_HUMAN,0.33028173734096955,0.5872481025986881,5
sp|Q9BU61|NDUF3_HUMAN,-0.282423004244209,0.40009152733226605,11
sp|Q9BU76|MMTA2_HUMAN,0.6606720041724672,0.02689998139383792,11
sp|Q9BU89|DOHH_HUMAN,-0.25461289530887177,0.679354344798659,5
sp|Q9BUA3|SPNDC_HUMAN,-0.6950909979596166,0.3049090020403833,4
sp|Q9BUB7|TMM70_HUMAN,-0.5625260445575516,0.0716322030831183,11
sp|Q9BUF5|TBB6_HUMAN,0.28460406305249436,0.39630432412523525,11
sp|Q9BUH6|PAXX_HUMAN,0.21163963160524313,0.6872803632702255,6
sp|Q9BUJ2|HNRL1_HUMAN,-0.42278276833899786,0.19514860185736138,11
sp|Q9BUK6|MSTO1_HUMAN,-0.1928313605996872,0.5699883346850029,11
sp|Q9BUL5|PHF23_HUMAN,0.17576445486124131,0.6051945421373998,11
sp|Q9BUL8|PDC10_HUMAN,0.6447592538436857,0.03220895519210467,11
sp|Q9BUL9|RPP25_HUMAN,-0.9113949878120349,0.270012822666009,3
sp|Q9BUN8|DERL1_HUMAN,-0.0443309896919617,0.8970244637944924,11
sp|Q9BUQ8|DDX23_HUMAN,0.36781270997628657,0.26575504615027384,11
sp|Q9BUR4|TCAB1_HUMAN,-0.5960943567154329,0.052934768052353094,11
sp|Q9BUR5|MIC26_HUMAN,-0.33537436317609165,0.3434649759785426,10
sp|Q9BUT1|BDH2_HUMAN,-0.2444237265931828,0.46885504536196393,11
sp|Q9BV20|MTNA_HUMAN,-0.3491586126022934,0.29258982345237067,11
sp|Q9BV38|WDR18_HUMAN,-0.2131018719596012,0.529259738784546,11
sp|Q9BV44|THUM3_HUMAN,-0.15990029875677175,0.6386125545600261,11
sp|Q9BV57|MTND_HUMAN,0.012837645740184409,0.9701170179058546,11
sp|Q9BVA0|KTNB1_HUMAN,-0.26165783634908846,0.46522759583970547,10
sp|Q9BVC3|DCC1_HUMAN,-0.12042425250995664,0.7970405932546293,7
sp|Q9BVC5|ASHWN_HUMAN,0.5208480469535257,0.10042726484568085,11
sp|Q9BVC6|TM109_HUMAN,-0.002679718904339143,0.9937611053827184,11
sp|Q9BVG4|PBDC1_HUMAN,-0.09556002539233324,0.7798703337960621,11
sp|Q9BVG9|PTSS2_HUMAN,-0.41827689069382723,0.7252683543800016,3
sp|Q9BVI4|NOC4L_HUMAN,0.2395419993965227,0.478056882485209,11
sp|Q9BVJ6|UT14A_HUMAN,-0.4676079745459887,0.14697019801697492,11
sp|Q9BVJ7|DUS23_HUMAN,0.027544831941571035,0.9359265957136849,11
sp|Q9BVK2|ALG8_HUMAN,0.3036475797679502,0.4646888635013488,8
sp|Q9BVK6|TMED9_HUMAN,-0.233094202179965,0.49033350854162244,11
sp|Q9BVL2|NUP58_HUMAN,0.09333435174651408,0.7848921753183556,11
sp|Q9BVM2|DPCD_HUMAN,-0.06477019617809535,0.8499371629828844,11
sp|Q9BVP2|GNL3_HUMAN,-0.6467321971379738,0.031513912866227116,11
sp|Q9BVQ7|SPA5L_HUMAN,-0.20791885373301053,0.5395565881289407,11
sp|Q9BVS4|RIOK2_HUMAN,-0.5385111885130899,0.10828294909418573,10
sp|Q9BVT8|TMUB1_HUMAN,-0.48893031146304505,0.18165878544885686,9
sp|Q9BW19|KIFC1_HUMAN,0.38164896055065856,0.24678660246187686,11
sp|Q9BW27|NUP85_HUMAN,0.03266422967739772,0.924045420231905,11
sp|Q9BW30|TPPP3_HUMAN,-0.5367323164723803,0.13624677801000212,9
sp|Q9BW71|HIRP3_HUMAN,-0.5563903980833733,0.07547152214421399,11
sp|Q9BW91|NUDT9_HUMAN,-0.04071778430486886,0.9053836088232148,11
sp|Q9BW92|SYTM_HUMAN,-0.20029379293695457,0.5548526264937147,11
sp|Q9BWD1|THIC_HUMAN,-0.05328775196641522,0.8763450864168416,11
sp|Q9BWF3|RBM4_HUMAN,0.10674356487413368,0.7547541555005036,11
sp|Q9BWH6|RPAP1_HUMAN,0.3407038496283262,0.3052248032827459,11
sp|Q9BWJ5|SF3B5_HUMAN,-0.25673505779064154,0.4460126004067663,11
sp|Q9BWM7|SFXN3_HUMAN,-0.33080671488126745,0.3203854931996032,11
sp|Q9BWP8|COL11_HUMAN,0.6481159682394211,0.031032751680899688,11
sp|Q9BWS9|CHID1_HUMAN,0.2521675935788076,0.4544255776432562,11
sp|Q9BWT3|PAPOG_HUMAN,0.0005001616072547593,0.9994998383927451,4
sp|Q9BWT6|MND1_HUMAN,-0.25918597982324776,0.46960756204711157,10
sp|Q9BWU0|NADAP_HUMAN,0.19985889572622623,0.5557302527425622,11
sp|Q9BX40|LS14B_HUMAN,0.19932382359970902,0.5568107960710141,11
sp|Q9BX67|JAM3_HUMAN,0.23266392841358122,0.5468848631798315,9
sp|Q9BX68|HINT2_HUMAN,-0.3084072455681311,0.35614939119412375,11
sp|Q9BX79|STRA6_HUMAN,0.579383678485595,0.06176423307090295,11
sp|Q9BXB4|OSB11_HUMAN,-0.49658059428613743,0.1202386655255478,11
sp|Q9BXF6|RFIP5_HUMAN,0.043538706829865936,0.956461293170134,4
sp|Q9BXJ9|NAA15_HUMAN,0.3080681348586948,0.35670608447774416,11
sp|Q9BXK5|B2L13_HUMAN,-0.49875007521557835,0.25454995613930387,7
sp|Q9BXP5|SRRT_HUMAN,0.29263343007503184,0.3825166023137186,11
sp|Q9BXR0|TGT_HUMAN,0.20407891393601651,0.5717100715615582,10
sp|Q9BXS5|AP1M1_HUMAN,0.6381777189210803,0.03460520505574931,11
sp|Q9BXS6|NUSAP_HUMAN,0.03254840841888375,0.9243140742945395,11
sp|Q9BXW7|HDHD5_HUMAN,-0.15208799628521952,0.6552983912846659,11
sp|Q9BXW9|FACD2_HUMAN,-0.02140974482736621,0.9501802770505167,11
sp|Q9BXY0|MAK16_HUMAN,-0.5457520120658181,0.08244989693597989,11
sp|Q9BY32|ITPA_HUMAN,-0.7117911904586414,0.014014529549777142,11
sp|Q9BY41|HDAC8_HUMAN,0.8884571603821634,0.04396360657019483,5
sp|Q9BY43|CHM4A_HUMAN,-0.5329046520825065,0.11272870206673202,10
sp|Q9BY44|EIF2A_HUMAN,-0.5579498973308908,0.07448293915161613,11
sp|Q9BY67|CADM1_HUMAN,0.03487623942719142,0.9189159325375867,11
sp|Q9BY77|PDIP3_HUMAN,-0.060999530071679964,0.858595120811708,11
sp|Q9BY89|K1671_HUMAN,0.07237950480536967,0.9538814486065545,3
sp|Q9BYC5|FUT8_HUMAN,0.05494992668261689,0.8801593304788795,10
sp|Q9BYC9|RM20_HUMAN,-0.1085910461285287,0.8167351175522859,7
sp|Q9BYD1|RM13_HUMAN,0.12226606722951,0.7202482485637214,11
sp|Q9BYD2|RM09_HUMAN,0.2657894933834005,0.42955330419256066,11
sp|Q9BYD3|RM04_HUMAN,-0.39645188451820995,0.22738230846370455,11
sp|Q9BYD6|RM01_HUMAN,0.19029366921757512,0.575171936452777,11
sp|Q9BYG3|MK67I_HUMAN,0.2999928299775946,0.37009512255233146,11
sp|Q9BYJ9|YTHD1_HUMAN,0.0367717744051176,0.9145225259219152,11
sp|Q9BYK8|HELZ2_HUMAN,-0.5007539880828695,0.16972334932434857,9
sp|Q9BYM8|HOIL1_HUMAN,0.6059556620421918,0.11131710567964771,8
sp|Q9BYN0|SRXN1_HUMAN,-0.5115502739496629,0.13069965997004715,10
sp|Q9BYN8|RT26_HUMAN,0.3839918033482317,0.24365414055639514,11
sp|Q9BYT8|NEUL_HUMAN,-0.21341036514070755,0.5286494742490666,11
sp|Q9BYV8|CEP41_HUMAN,0.022996547009160137,0.9497216483041901,10
sp|Q9BYW2|SETD2_HUMAN,0.3132635011845036,0.41173625780492495,9
sp|Q9BZ29|DOCK9_HUMAN,0.33377087289159896,0.583057622688043,5
sp|Q9BZ95|NSD3_HUMAN,0.11185512381503443,0.7433436700073964,11
sp|Q9BZC7|ABCA2_HUMAN,0.8850227647460224,0.308285301484021,3
sp|Q9BZD4|NUF2_HUMAN,-0.43500834277673717,0.18117525757909417,11
sp|Q9BZE1|RM37_HUMAN,-0.42923139495108525,0.18769976030448127,11
sp|Q9BZE4|GTPB4_HUMAN,-0.3610716687666496,0.2752859299681147,11
sp|Q9BZE9|ASPC1_HUMAN,-0.04022905858570472,0.9065149542142936,11
sp|Q9BZF1|OSBL8_HUMAN,-0.25053339272346237,0.4574533870521613,11
sp|Q9BZF3|OSBL6_HUMAN,0.048212823577476666,0.9019716985864534,9
sp|Q9BZF9|UACA_HUMAN,-0.41989907602911525,0.19853622176528038,11
sp|Q9BZH6|WDR11_HUMAN,-0.0536410326094412,0.8755307746044111,11
sp|Q9BZJ0|CRNL1_HUMAN,0.03582397142123541,0.9167190501183096,11
sp|Q9BZK7|TBL1R_HUMAN,-0.25812706464330804,0.4434632083818376,11
sp|Q9BZL1|UBL5_HUMAN,-0.213367937439488,0.5287333877205236,11
sp|Q9BZL4|PP12C_HUMAN,-0.24518249860689953,0.46743207354467853,11
sp|Q9BZL6|KPCD2_HUMAN,-0.1620526575182336,0.6340413817616989,11
sp|Q9BZQ6|EDEM3_HUMAN,0.4105895151696886,0.20971186111923706,11
sp|Q9BZQ8|NIBA1_HUMAN,-0.40067639156380397,0.22201385842257493,11
sp|Q9BZV1|UBXN6_HUMAN,-0.5819192132373248,0.30332758896283574,5
sp|Q9BZX2|UCK2_HUMAN,0.21547056207972964,0.5245815390379289,11
sp|Q9BZZ5|API5_HUMAN,0.039889913393667153,0.9073001291920902,11
sp|Q9C004|SPY4_HUMAN,-0.28564540628478496,0.39450242572325606,11
sp|Q9C037|TRIM4_HUMAN,0.3463751154300095,0.4466054716733631,7
sp|Q9C040|TRIM2_HUMAN,0.583121080486737,0.05970865766918105,11
sp|Q9C0B0|UNK_HUMAN,0.47609854129346646,0.13878308624714555,11
sp|Q9C0B1|FTO_HUMAN,-0.08410284539943996,0.8057982594003444,11
sp|Q9C0B5|ZDHC5_HUMAN,0.22557839191931406,0.5048167920924934,11
sp|Q9C0B7|TNG6_HUMAN,0.16055321930578847,0.6798683822108641,9
sp|Q9C0C2|TB182_HUMAN,0.3746560382083973,0.25627326935914807,11
sp|Q9C0C4|SEM4C_HUMAN,-0.35270332202497967,0.2873798404084563,11
sp|Q9C0C9|UBE2O_HUMAN,0.1826649763168069,0.5908635142235062,11
sp|Q9C0D3|ZY11B_HUMAN,-0.512912924544431,0.10665177871188357,11
sp|Q9C0D5|TANC1_HUMAN,0.3715085000976079,0.26061005202626397,11
sp|Q9C0E2|XPO4_HUMAN,0.44769287132860575,0.16734013327970654,11
sp|Q9C0E8|LNP_HUMAN,-0.053662702456617986,0.8754808291298344,11
sp|Q9C0F1|CEP44_HUMAN,0.06804084473615156,0.8424393102449619,11
sp|Q9C0H9|SRCN1_HUMAN,0.17994952174600679,0.6698077558387899,8
sp|Q9C0J8|WDR33_HUMAN,0.562637241296967,0.07156385865173787,11
sp|Q9GZL7|WDR12_HUMAN,-0.29724460002010755,0.3747093605290499,11
sp|Q9GZM5|YIPF3_HUMAN,0.23459308739452644,0.5434693405169112,9
sp|Q9GZN1|ARP6_HUMAN,0.6640146787371961,0.22162281346336324,5
sp|Q9GZN8|CT027_HUMAN,-0.0670742986517956,0.8446538891532805,11
sp|Q9GZP4|PITH1_HUMAN,0.026071466325791548,0.9393482765770174,11
sp|Q9GZP9|DERL2_HUMAN,0.08233097404884182,0.8098244185349415,11
sp|Q9GZQ3|COMD5_HUMAN,0.4576155491666511,0.36149176784498055,6
sp|Q9GZR2|REXO4_HUMAN,0.08058649744278427,0.8137923759996311,11
sp|Q9GZR7|DDX24_HUMAN,0.23699698744978337,0.48288601468557024,11
sp|Q9GZS1|RPA49_HUMAN,-0.06395089013332834,0.8518171664704188,11
sp|Q9GZS3|WDR61_HUMAN,0.4062448531855104,0.21505248599397234,11
sp|Q9GZT3|SLIRP_HUMAN,-0.4108040629163721,0.2094501936678078,11
sp|Q9GZT4|SRR_HUMAN,0.38837419132056955,0.23785664126923511,11
sp|Q9GZT8|NIF3L_HUMAN,0.20944647420263096,0.5365131975945076,11
sp|Q9GZT9|EGLN1_HUMAN,-0.20845756211241548,0.6537501049405822,7
sp|Q9GZU1|MCLN1_HUMAN,-0.9885114881148694,0.01148851188513067,4
sp|Q9GZU8|PIP30_HUMAN,0.26786585186252126,0.42582031576731094,11
sp|Q9GZY8|MFF_HUMAN,-0.4539211881846036,0.16079278237582584,11
sp|Q9GZZ1|NAA50_HUMAN,0.2828618828579105,0.3993280239823455,11
sp|Q9GZZ9|UBA5_HUMAN,0.03309967022346462,0.9230354547996624,11
sp|Q9H000|MKRN2_HUMAN,-0.15177061785673934,0.6559793206014132,11
sp|Q9H074|PAIP1_HUMAN,-0.6127081833230656,0.04505374245326016,11
sp|Q9H078|CLPB_HUMAN,0.044195375419477545,0.8973380424072822,11
sp|Q9H081|MIS12_HUMAN,0.518237894431967,0.18826550994806787,8
sp|Q9H082|RB33B_HUMAN,-0.4975749002322406,0.39367843107106537,5
sp|Q9H089|LSG1_HUMAN,0.15143575641460172,0.6566980142080119,11
sp|Q9H098|F107B_HUMAN,0.09780470192439894,0.788087068185168,10
sp|Q9H0A0|NAT10_HUMAN,-0.24016789688164297,0.47687258460567944,11
sp|Q9H0A8|COMD4_HUMAN,-0.2789243789545582,0.40620367769088145,11
sp|Q9H0B6|KLC2_HUMAN,-0.3747650652678762,0.256123790550207,11
sp|Q9H0C8|ILKAP_HUMAN,0.28029200175794033,0.4038089923489663,11
sp|Q9H0D6|XRN2_HUMAN,-0.4884583094692865,0.12739012690385595,11
sp|Q9H0E2|TOLIP_HUMAN,0.3627485653154215,0.2728973802511029,11
sp|Q9H0E3|SP130_HUMAN,0.1281436490121102,0.707300343650418,11
sp|Q9H0E9|BRD8_HUMAN,0.2737494056572142,0.41532765404871064,11
sp|Q9H0F7|ARL6_HUMAN,0.15846559982799768,0.6416658569666914,11
sp|Q9H0H0|INT2_HUMAN,-0.15254688324179855,0.654314274637231,11
sp|Q9H0H5|RGAP1_HUMAN,0.06085962110935521,0.8589166453319393,11
sp|Q9H0K1|SIK2_HUMAN,0.13914499349475518,0.7014453773267478,10
sp|Q9H0L4|CSTFT_HUMAN,0.15553145991274336,0.6479257350906744,11
sp|Q9H0P0|5NT3A_HUMAN,-0.5541051290551936,0.07693596556883187,11
sp|Q9H0R4|HDHD2_HUMAN,-0.11713018933709916,0.731616603273486,11
sp|Q9H0R6|GATA_HUMAN,0.6948846359429991,0.02572217083587566,10
sp|Q9H0S4|DDX47_HUMAN,0.4315114251294445,0.18510794021017862,11
sp|Q9H0U3|MAGT1_HUMAN,-0.4737463699902732,0.14102163019408182,11
sp|Q9H0U4|RAB1B_HUMAN,-0.0009402876931274562,0.9978108155622445,11
sp|Q9H0U6|RM18_HUMAN,-0.1706541487191329,0.6373771264565357,10
sp|Q9H0U9|TSYL1_HUMAN,-0.17704810828040254,0.7757586423330447,5
sp|Q9H0V9|LMA2L_HUMAN,-0.3787053141853286,0.250755007166212,11
sp|Q9H0W8|SMG9_HUMAN,-0.540066609773687,0.13336026990235408,9
sp|Q9H0W9|CK054_HUMAN,0.31504504130811567,0.37526334345303014,10
sp|Q9H0X4|F234A_HUMAN,-0.40177231450831313,0.22063346341754358,11
sp|Q9H173|SIL1_HUMAN,0.22276761335092066,0.6311314039258975,7
sp|Q9H1A3|METL9_HUMAN,0.4578308460563577,0.25398082823854706,8
sp|Q9H1A4|APC1_HUMAN,0.21941945031787466,0.5168213893027503,11
sp|Q9H1B7|I2BPL_HUMAN,-0.357458683929505,0.2804718583156569,11
sp|Q9H1D9|RPC6_HUMAN,0.4915794496380076,0.14901530537558894,10
sp|Q9H1E3|NUCKS_HUMAN,0.1674571021038074,0.6437880028969971,10
sp|Q9H1E5|TMX4_HUMAN,0.5267571955938243,0.11773295458900337,10
sp|Q9H1I8|ASCC2_HUMAN,0.016660999189648862,0.9612222639524761,11
sp|Q9H1K0|RBNS5_HUMAN,-0.2736573450604972,0.6559677629971249,5
sp|Q9H1Y0|ATG5_HUMAN,-0.10768298644430115,0.7671559414232397,10
sp|Q9H1Z4|WDR13_HUMAN,0.7613669937507319,0.010514820948718128,10
sp|Q9H223|EHD4_HUMAN,0.029941858887178388,0.930361945106428,11
sp|Q9H267|VP33B_HUMAN,-0.1916066603370586,0.572487675880087,11
sp|Q9H269|VPS16_HUMAN,0.1526125802198391,0.6541734230227567,11
sp|Q9H270|VPS11_HUMAN,0.34430904752883623,0.3299402858342717,10
sp|Q9H299|SH3L3_HUMAN,0.25986873509561825,0.4402830897280799,11
sp|Q9H2D6|TARA_HUMAN,0.011128260895851061,0.9740948207030037,11
sp|Q9H2G2|SLK_HUMAN,0.5655783801841341,0.06977201576798255,11
sp|Q9H2H8|PPIL3_HUMAN,-0.4427859961276304,0.17261227176352453,11
sp|Q9H2J4|PDCL3_HUMAN,-0.2785478000603032,0.406864281310092,11
sp|Q9H2K8|TAOK3_HUMAN,-0.633320868107253,0.049327809822278745,10
sp|Q9H2M9|RBGPR_HUMAN,0.2066469226575543,0.5420959870677794,11
sp|Q9H2P0|ADNP_HUMAN,0.6461748798474068,0.03170917168243057,11
sp|Q9H2P9|DPH5_HUMAN,-0.23191638844769066,0.4925909846602436,11
sp|Q9H2U1|DHX36_HUMAN,0.399942013147189,0.22294169522558546,11
sp|Q9H2U2|IPYR2_HUMAN,0.08767411435943198,0.7976963297459995,11
sp|Q9H2V7|SPNS1_HUMAN,-0.049484618907574995,0.9370199497991686,5
sp|Q9H2W6|RM46_HUMAN,-0.6191107806285563,0.04224590094566869,11
sp|Q9H2Y7|ZN106_HUMAN,-0.021692733950268966,0.949522489529745,11
sp|Q9H307|PININ_HUMAN,0.03678091050789761,0.9145013556813603,11
sp|Q9H330|TM245_HUMAN,0.29288776938030237,0.7071122306196975,4
sp|Q9H334|FOXP1_HUMAN,-0.11431686830256742,0.7378646851016216,11
sp|Q9H336|CRLD1_HUMAN,-0.7098298021863945,0.497543674950331,3
sp|Q9H3F6|BACD3_HUMAN,0.4307154909616887,0.39387903535194985,6
sp|Q9H3G5|CPVL_HUMAN,0.002724673440682418,0.9936564444811126,11
sp|Q9H3H3|CK068_HUMAN,0.8995298433596317,0.10047015664036829,4
sp|Q9H3K2|GHITM_HUMAN,-0.9088189989908467,0.0017679507943481852,8
sp|Q9H3K6|BOLA2_HUMAN,-0.3943919085391072,0.23002737726923378,11
sp|Q9H3N1|TMX1_HUMAN,-0.058349805198483304,0.8646876744846589,11
sp|Q9H3P2|NELFA_HUMAN,0.04792349473208404,0.8887225128190468,11
sp|Q9H3P7|GCP60_HUMAN,0.08343637464567918,0.8073121653813126,11
sp|Q9H3Q1|BORG4_HUMAN,0.48137566460224224,0.13384295190583742,11
sp|Q9H3R5|CENPH_HUMAN,-0.3395299141945568,0.5102757284777001,6
sp|Q9H3S7|PTN23_HUMAN,-0.07587974857850753,0.8245176531403522,11
sp|Q9H3U1|UN45A_HUMAN,0.2882511970757715,0.3900113694649257,11
sp|Q9H3Z4|DNJC5_HUMAN,0.464603341414303,0.14993834993336594,11
sp|Q9H410|DSN1_HUMAN,0.06289102147258017,0.8542501979943596,11
sp|Q9H425|CA198_HUMAN,0.002199335382644982,0.9951889771217929,10
sp|Q9H444|CHM4B_HUMAN,-0.16365864027047167,0.6306380507740525,11
sp|Q9H446|RWDD1_HUMAN,0.009897577454340972,0.9814432542210835,8
sp|Q9H467|CUED2_HUMAN,0.34556236614015096,0.29792834507815863,11
sp|Q9H479|FN3K_HUMAN,0.6781176043672553,0.3218823956327448,4
sp|Q9H488|OFUT1_HUMAN,0.3608331805178334,0.2756265777015068,11
sp|Q9H490|PIGU_HUMAN,0.129107696757587,0.836072807111665,5
sp|Q9H497|TOR3A_HUMAN,-0.6574207330666806,0.0279304159384404,11
sp|Q9H4A3|WNK1_HUMAN,0.47107207118729566,0.14359423173683805,11
sp|Q9H4A4|AMPB_HUMAN,-0.28508913608130526,0.3954644661246354,11
sp|Q9H4A5|GLP3L_HUMAN,-0.2914405143931964,0.4837033859017867,8
sp|Q9H4G0|E41L1_HUMAN,0.04967544814159716,0.9070116483349943,8
sp|Q9H4H8|FA83D_HUMAN,-0.08375068333069692,0.8065981306398347,11
sp|Q9H4I2|ZHX3_HUMAN,0.8590912673726243,0.3420588549877678,3
sp|Q9H4L4|SENP3_HUMAN,-0.5577854128093644,0.0745867964589349,11
sp|Q9H4L5|OSBL3_HUMAN,0.3705299867596825,0.2619667149350815,11
sp|Q9H4L7|SMRCD_HUMAN,0.15044781770607493,0.6588198893624475,11
sp|Q9H4M9|EHD1_HUMAN,-0.04176569822979814,0.9029583397504032,11
sp|Q9H4Z3|CAPAM_HUMAN,0.08317136406477077,0.8592917601710864,7
sp|Q9H501|ESF1_HUMAN,0.24462072801939905,0.46848540734142496,11
sp|Q9H553|ALG2_HUMAN,0.10296610515056442,0.763215036415219,11
sp|Q9H582|ZN644_HUMAN,0.7117190909109654,0.2882809090890346,4
sp|Q9H583|HEAT1_HUMAN,0.7361529445738364,0.009791410633339987,11
sp|Q9H5H4|ZN768_HUMAN,0.47939821405397565,0.2763503620498903,7
sp|Q9H5K3|SG196_HUMAN,-0.3227851895806864,0.43550260627659315,8
sp|Q9H5N1|RABE2_HUMAN,-0.2121536915855943,0.5311372801848047,11
sp|Q9H5Q4|TFB2M_HUMAN,-0.12306076368739309,0.7184936467028499,11
sp|Q9H5V9|STEEP_HUMAN,-0.2411716479604608,0.6023765502800486,7
sp|Q9H5Z1|DHX35_HUMAN,0.45327301172292034,0.36665440826657214,6
sp|Q9H6D7|HAUS4_HUMAN,0.1320948841553591,0.6986347752637493,11
sp|Q9H6E4|CC134_HUMAN,0.5109321814451433,0.4890678185548567,4
sp|Q9H6F5|CCD86_HUMAN,0.41213327481087814,0.20783338295428033,11
sp|Q9H6H4|REEP4_HUMAN,0.2488007459349218,0.48820568294896227,10
sp|Q9H6K5|PRR36_HUMAN,0.2214849466581987,0.5127819750537171,11
sp|Q9H6R0|DHX33_HUMAN,-0.11452561574420989,0.7374005854869526,11
sp|Q9H6R4|NOL6_HUMAN,0.3028583846396318,0.365314965044151,11
sp|Q9H6S0|YTDC2_HUMAN,0.33496181432617717,0.3139722127351974,11
sp|Q9H6S3|ES8L2_HUMAN,0.08780115017878617,0.9121988498212139,4
sp|Q9H6T3|RPAP3_HUMAN,-0.19109849159671383,0.5735259888325556,11
sp|Q9H6U8|ALG9_HUMAN,-0.2524333148436737,0.4539341346525288,11
sp|Q9H6V9|LDAH_HUMAN,0.2878431530785008,0.39071293699960663,11
sp|Q9H6W3|RIOX1_HUMAN,0.006558229670799574,0.984731833835557,11
sp|Q9H6X2|ANTR1_HUMAN,-0.07078720184408759,0.845926577668184,10
sp|Q9H6Y2|WDR55_HUMAN,-0.3381638491265364,0.3392125651197735,10
sp|Q9H6Z4|RANB3_HUMAN,-0.030921804625751982,0.9280878134244929,11
sp|Q9H706|GARE1_HUMAN,-0.07268775449505172,0.8769271656480199,7
sp|Q9H773|DCTP1_HUMAN,0.5028305797032153,0.11491493272868347,11
sp|Q9H788|SH24A_HUMAN,0.603704979078142,0.08517103748844235,9
sp|Q9H7B2|RPF2_HUMAN,0.32580847603468455,0.3281924086543229,11
sp|Q9H7B4|SMYD3_HUMAN,-0.6796249480874225,0.021420869113607945,11
sp|Q9H7C9|AAMDC_HUMAN,0.15255782902440673,0.6542908066277605,11
sp|Q9H7D7|WDR26_HUMAN,0.38262588754344756,0.24547761632390816,11
sp|Q9H7L9|SDS3_HUMAN,0.09077983255836536,0.7906650750491335,11
sp|Q9H7N4|SFR19_HUMAN,-0.43779944145860433,0.17807317460911598,11
sp|Q9H7X7|IFT22_HUMAN,0.8626202068366088,0.05984942060385685,5
sp|Q9H7Z3|NRDE2_HUMAN,-0.11831515910469087,0.9245013823662289,3
sp|Q9H7Z6|KAT8_HUMAN,0.5223239365281184,0.09929635599300135,11
sp|Q9H7Z7|PGES2_HUMAN,-0.3450886502553284,0.2986355166170537,11
sp|Q9H813|PACC1_HUMAN,0.2992648360982325,0.3713145790908228,11
sp|Q9H814|PHAX_HUMAN,-0.26751801810449927,0.4264445824724745,11
sp|Q9H832|UBE2Z_HUMAN,-0.5146866040991271,0.10523927293773791,11
sp|Q9H845|ACAD9_HUMAN,-0.3245671539729704,0.3301468275724665,11
sp|Q9H857|NT5D2_HUMAN,0.515904960059195,0.10427609573705456,11
sp|Q9H871|RMD5A_HUMAN,-0.8597253020898799,0.006194856975937361,8
sp|Q9H875|PKRI1_HUMAN,0.12021950107512175,0.7767508933819472,8
sp|Q9H8G2|CAAP1_HUMAN,0.061582793275658396,0.8572549329642928,11
sp|Q9H8H0|NOL11_HUMAN,0.37783425451153885,0.2519362703578583,11
sp|Q9H8H2|DDX31_HUMAN,-0.7273637453219248,0.017127169240141547,10
sp|Q9H8H3|MET7A_HUMAN,0.06041444103136634,0.8599398405942323,11
sp|Q9H8K7|PAAT_HUMAN,0.029021759746321985,0.9564795823510387,6
sp|Q9H8Y5|ANKZ1_HUMAN,0.7007989330923488,0.016295445154698874,11
sp|Q9H8Y8|GORS2_HUMAN,-0.2603194629967276,0.4394618600910955,11
sp|Q9H900|ZWILC_HUMAN,0.36245158836057956,0.27331953944360093,11
sp|Q9H910|JUPI2_HUMAN,0.35286645402530437,0.2871413164096201,11
sp|Q9H944|MED20_HUMAN,-0.03319378280573587,0.9228171824353208,11
sp|Q9H967|WDR76_HUMAN,0.3811974549473314,0.24739292886857162,11
sp|Q9H974|QTRT2_HUMAN,-0.19466789103818716,0.8053321089618128,4
sp|Q9H981|ARP8_HUMAN,0.3370858340039168,0.37503857889242903,9
sp|Q9H993|ARMT1_HUMAN,-0.09349270115119554,0.7845346421394379,11
sp|Q9H9A5|CNO10_HUMAN,-0.14470509128791564,0.6711983349531647,11
sp|Q9H9A6|LRC40_HUMAN,0.011249009981260022,0.9738138146993994,11
sp|Q9H9B1|EHMT1_HUMAN,-0.14233078234649144,0.6763378602826245,11
sp|Q9H9B4|SFXN1_HUMAN,0.2777915047684508,0.40819258119613094,11
sp|Q9H9C1|SPE39_HUMAN,0.11450651710550316,0.7374430434376459,11
sp|Q9H9E3|COG4_HUMAN,0.07038080712190709,0.837082187561435,11
sp|Q9H9F9|ARP5_HUMAN,-0.12794200332939698,0.7428879512939282,9
sp|Q9H9G7|AGO3_HUMAN,-0.26079537975148304,0.6176758288564561,6
sp|Q9H9J2|RM44_HUMAN,-0.5984918054023183,0.051743302934836526,11
sp|Q9H9J4|UBP42_HUMAN,0.06562856607998156,0.8888252679861007,7
sp|Q9H9L3|I20L2_HUMAN,-0.41070834337493844,0.49216774543176034,5
sp|Q9H9Q2|CSN7B_HUMAN,-0.07018212214479769,0.8375368198763651,11
sp|Q9H9T3|ELP3_HUMAN,-0.19933626615192446,0.5567856595957216,11
sp|Q9H9Y6|RPA2_HUMAN,0.011177948592535208,0.9739791876953217,11
sp|Q9HA64|KT3K_HUMAN,0.03171969415208262,0.9262365301972291,11
sp|Q9HA65|TBC17_HUMAN,-0.4329195489153482,0.3911894237904109,6
sp|Q9HA77|SYCM_HUMAN,-0.6314299608707953,0.36857003912920483,4
sp|Q9HAB8|PPCS_HUMAN,-0.4559122638298336,0.15873374858007336,11
sp|Q9HAF1|EAF6_HUMAN,-0.7408927528386011,0.022383746784947617,9
sp|Q9HAN9|NMNA1_HUMAN,-0.48936986719653586,0.1812068009574781,9
sp|Q9HAS0|NJMU_HUMAN,-0.4255225063526293,0.47503386951604387,5
sp|Q9HAT2|SIAE_HUMAN,-0.08864640346508323,0.9113535965349167,4
sp|Q9HAU0|PKHA5_HUMAN,-0.0696625741449639,0.8387258636155479,11
sp|Q9HAU5|RENT2_HUMAN,0.29843339318938383,0.37270982287349963,11
sp|Q9HAV4|XPO5_HUMAN,0.026109862913226367,0.9392590940850032,11
sp|Q9HAV7|GRPE1_HUMAN,-0.033590505297632134,0.9218971290701753,11
sp|Q9HAW4|CLSPN_HUMAN,0.15384920722005896,0.7418975083993266,7
sp|Q9HB07|MYG1_HUMAN,0.21629392712909276,0.5229594704122735,11
sp|Q9HB19|PKHA2_HUMAN,-0.8636896423035353,0.13631035769646482,4
sp|Q9HB40|RISC_HUMAN,-0.4865179341835341,0.12913779588390417,11
sp|Q9HB71|CYBP_HUMAN,0.345927714710531,0.29738357431163626,11
sp|Q9HB90|RRAGC_HUMAN,0.2390248425496891,0.5059959387725972,10
sp|Q9HBE1|PATZ1_HUMAN,-0.600257531984402,0.08745101881063516,9
sp|Q9HBF4|ZFYV1_HUMAN,0.5358724842772589,0.13699705688031852,9
sp|Q9HBH5|RDH14_HUMAN,0.22153957334790572,0.5126753275833328,11
sp|Q9HBI1|PARVB_HUMAN,-0.10571990376240414,0.8420109440775885,6
sp|Q9HBK9|AS3MT_HUMAN,-0.15669927703501269,0.6454317628550128,11
sp|Q9HBL0|TENS1_HUMAN,0.5889093421979008,0.07324770942871678,10
sp|Q9HBL7|PLRKT_HUMAN,0.1690359948110523,0.6192896895131376,11
sp|Q9HBM0|VEZA_HUMAN,-0.46006807707293795,0.35858749525149797,6
sp|Q9HBM1|SPC25_HUMAN,-0.15749169396589122,0.6437413520898919,11
sp|Q9HBR0|S38AA_HUMAN,0.021993175289354766,0.9488241665657198,11
sp|Q9HC07|TM165_HUMAN,-0.04189590218186483,0.9026570501724143,11
sp|Q9HC35|EMAL4_HUMAN,0.037135611436443006,0.9136794789051084,11
sp|Q9HC36|MRM3_HUMAN,0.040647478769711864,0.9055463485995412,11
sp|Q9HC38|GLOD4_HUMAN,0.46447952654626734,0.1500614593337198,11
sp|Q9HC52|CBX8_HUMAN,-0.435259384802273,0.18089490709420653,11
sp|Q9HCC0|MCCB_HUMAN,0.23865236387066935,0.47974248456340146,11
sp|Q9HCD5|NCOA5_HUMAN,0.2680010802764559,0.42557773600504295,11
sp|Q9HCD6|TANC2_HUMAN,0.5237636895676775,0.09820119374718231,11
sp|Q9HCE0|EPG5_HUMAN,-0.08271560624384847,0.8762095554093833,6
sp|Q9HCE1|MOV10_HUMAN,0.27036940160097245,0.4213400835464781,11
sp|Q9HCE3|ZN532_HUMAN,-0.05703272986079133,0.875645919992195,10
sp|Q9HCG8|CWC22_HUMAN,-0.14299960551428953,0.6748888335584345,11
sp|Q9HCJ6|VAT1L_HUMAN,-0.11181132727837967,0.7745795506940205,9
sp|Q9HCK8|CHD8_HUMAN,-0.20064855336017196,0.5541371296561848,11
sp|Q9HCM3|K1549_HUMAN,-0.07261962244937896,0.8319624353390815,11
sp|Q9HCM4|E41L5_HUMAN,0.13780813393773236,0.6861619856320008,11
sp|Q9HCN4|GPN1_HUMAN,0.14050913974844437,0.6802894942835482,11
sp|Q9HCN8|SDF2L_HUMAN,0.1895428346791438,0.5767091249879699,11
sp|Q9HCS7|SYF1_HUMAN,0.6827781270718533,0.020593394874498513,11
sp|Q9HCU5|PREB_HUMAN,-0.3383762355042065,0.3087545247477939,11
sp|Q9HCU9|BRMS1_HUMAN,-0.9830731385769834,0.016926861423016692,4
sp|Q9HD15|SRA1_HUMAN,0.13940753943502815,0.6826826755781716,11
sp|Q9HD20|AT131_HUMAN,0.2853225425366194,0.39506066008662155,11
sp|Q9HD26|GOPC_HUMAN,0.10677765542176657,0.754677906968426,11
sp|Q9HD33|RM47_HUMAN,0.3833902759193655,0.24445620472097945,11
sp|Q9HD42|CHM1A_HUMAN,-0.5072080253468149,0.11127828448368805,11
sp|Q9HD45|TM9S3_HUMAN,-0.07439726923920581,0.8279014503366082,11
sp|Q9HD47|MOG1_HUMAN,-0.13880074455625369,0.8611992554437462,4
sp|Q9HDC9|APMAP_HUMAN,-0.24468760326332759,0.468359958024477,11
sp|Q9NNW5|WDR6_HUMAN,-0.22996835087904444,0.4963347371863905,11
sp|Q9NP58|ABCB6_HUMAN,-0.6370934094753775,0.03501159766213174,11
sp|Q9NP61|ARFG3_HUMAN,0.3761216004152451,0.25426810673533484,11
sp|Q9NP64|NO40_HUMAN,-0.42414649532055415,0.4019322871839815,6
sp|Q9NP66|HM20A_HUMAN,-0.04840826761121486,0.8876029980211567,11
sp|Q9NP72|RAB18_HUMAN,-0.00957971857985157,0.9776987964389919,11
sp|Q9NP77|SSU72_HUMAN,-0.6857495684555754,0.0198347004243442,11
sp|Q9NP79|VTA1_HUMAN,-0.5351687954492612,0.08980465196279734,11
sp|Q9NP80|PLPL8_HUMAN,-0.4456096246467738,0.3758274550953117,6
sp|Q9NP81|SYSM_HUMAN,-0.3889238822030796,0.2371351494351716,11
sp|Q9NP92|RT30_HUMAN,0.6035783332399418,0.1512826342368206,7
sp|Q9NP97|DLRB1_HUMAN,-0.3855482581194581,0.305470105206381,9
sp|Q9NPA0|EMC7_HUMAN,0.16791885831785394,0.6216412624023576,11
sp|Q9NPA8|ENY2_HUMAN,0.24220690435503228,0.47302363610391535,11
sp|Q9NPD3|EXOS4_HUMAN,-0.3085491756162033,0.35591652863249806,11
sp|Q9NPD8|UBE2T_HUMAN,-0.17778439236466737,0.6009862895611824,11
sp|Q9NPE3|NOP10_HUMAN,-0.29301353841350025,0.3818699599501324,11
sp|Q9NPF4|OSGEP_HUMAN,0.25659673355237245,0.4462663082779592,11
sp|Q9NPF5|DMAP1_HUMAN,0.26695878511014626,0.427449171431741,11
sp|Q9NPG3|UBN1_HUMAN,0.17949634651712032,0.8851063911453549,3
sp|Q9NPH2|INO1_HUMAN,-0.24486517008248682,0.4680269397884079,11
sp|Q9NPI1|BRD7_HUMAN,-0.3228572649526248,0.3328490912626713,11
sp|Q9NPI6|DCP1A_HUMAN,0.3887826217571085,0.23732043822688279,11
sp|Q9NPJ3|ACO13_HUMAN,-0.11281845829400286,0.741198336241828,11
sp|Q9NPJ6|MED4_HUMAN,-0.21271705299156005,0.5300214042559486,11
sp|Q9NPL8|TIDC1_HUMAN,0.3430977826918368,0.331757465145339,10
sp|Q9NPQ8|RIC8A_HUMAN,0.5583234749933604,0.07424741783229206,11
sp|Q9NQ29|LUC7L_HUMAN,0.1354098863600843,0.6913893228085044,11
sp|Q9NQ48|LZTL1_HUMAN,0.6223722951100786,0.04086323366264417,11
sp|Q9NQ50|RM40_HUMAN,0.32479312423015233,0.32979058547358997,11
sp|Q9NQ55|SSF1_HUMAN,-0.5255927465802643,0.09682134809129077,11
sp|Q9NQ66|PLCB1_HUMAN,0.6404483184157128,0.3595516815842872,4
sp|Q9NQ88|TIGAR_HUMAN,-0.5515274810331358,0.07861040046728326,11
sp|Q9NQC3|RTN4_HUMAN,0.1569031259243988,0.6449967612309125,11
sp|Q9NQG5|RPR1B_HUMAN,0.4556277509157759,0.15902696438442457,11
sp|Q9NQH7|XPP3_HUMAN,-0.8734997512276824,0.02299132112530034,6
sp|Q9NQP4|PFD4_HUMAN,0.3497792291016915,0.29167391170909623,11
sp|Q9NQR4|NIT2_HUMAN,0.13832377854435143,0.6850396632349983,11
sp|Q9NQS3|NECT3_HUMAN,0.021050953734092742,0.9789490462659072,4
sp|Q9NQS7|INCE_HUMAN,0.31857813914401256,0.3396628544560384,11
sp|Q9NQT4|EXOS5_HUMAN,-0.123615506499748,0.7172695580921152,11
sp|Q9NQT5|EXOS3_HUMAN,-0.21716914321902925,0.521237577312801,11
sp|Q9NQT8|KI13B_HUMAN,-0.37822184583110047,0.2514102566213697,11
sp|Q9NQW6|ANLN_HUMAN,-0.059923362174289035,0.8610687531601087,11
sp|Q9NQW7|XPP1_HUMAN,-0.0975208484919563,0.775452322798536,11
sp|Q9NQX3|GEPH_HUMAN,-0.2566851244426567,0.4461041780412211,11
sp|Q9NQX7|ITM2C_HUMAN,-0.438706724226551,0.1770718364317326,11
sp|Q9NQZ2|SAS10_HUMAN,-0.3094006847114888,0.35452112690924265,11
sp|Q9NR09|BIRC6_HUMAN,-0.2319591748277195,0.492508897409332,11
sp|Q9NR12|PDLI7_HUMAN,-0.026695838132645026,0.937898146947958,11
sp|Q9NR19|ACSA_HUMAN,0.3655860966499461,0.26888225471893806,11
sp|Q9NR28|DBLOH_HUMAN,-0.4794940636576542,0.1355913987393456,11
sp|Q9NR30|DDX21_HUMAN,0.3058798507211634,0.3603092408778484,11
sp|Q9NR45|SIAS_HUMAN,0.4480489813152479,0.1669614267176554,11
sp|Q9NR46|SHLB2_HUMAN,0.6162487718719479,0.0434855989457736,11
sp|Q9NR50|EI2BG_HUMAN,-0.36567797571471083,0.26875280506317534,11
sp|Q9NRA8|4ET_HUMAN,0.1524673690883929,0.7185231634885153,8
sp|Q9NRC1|ST7_HUMAN,-0.13897311391728556,0.7214033898293535,9
sp|Q9NRF8|PYRG2_HUMAN,-0.12006896432323011,0.725105493440985,11
sp|Q9NRG0|CHRC1_HUMAN,-0.06602240854258308,0.8470651577881437,11
sp|Q9NRG9|AAAS_HUMAN,-0.04313157842589074,0.8997982964909764,11
sp|Q9NRL2|BAZ1A_HUMAN,-0.1600352582664279,0.6383255940838629,11
sp|Q9NRL3|STRN4_HUMAN,0.1856187039138491,0.5847687641073669,11
sp|Q9NRN7|ADPPT_HUMAN,0.4914463547127681,0.12472847613808322,11
sp|Q9NRR4|RNC_HUMAN,0.4978724420464687,0.255520949908957,7
sp|Q9NRR5|UBQL4_HUMAN,-0.31793009289809326,0.34070110898363165,11
sp|Q9NRS6|SNX15_HUMAN,-0.5576762037728292,0.11871894025164437,9
sp|Q9NRV9|HEBP1_HUMAN,-0.7012413660214851,0.01619881793079618,11
sp|Q9NRW1|RAB6B_HUMAN,-0.44580761997770757,0.45178663729479074,5
sp|Q9NRW7|VPS45_HUMAN,-0.23380492524829913,0.4889735055305319,11
sp|Q9NRX1|PNO1_HUMAN,0.4592550624765457,0.15531383813749802,11
sp|Q9NRX2|RM17_HUMAN,0.1627979633717587,0.6324611651339761,11
sp|Q9NRX4|PHP14_HUMAN,-0.10202099593967165,0.765335601764297,11
sp|Q9NRY4|RHG35_HUMAN,0.21722383372709278,0.5211300593315109,11
sp|Q9NRY5|F1142_HUMAN,0.30633301464096535,0.3595615409074033,11
sp|Q9NRZ7|PLCC_HUMAN,-0.10582658922784421,0.756805841862405,11
sp|Q9NRZ9|HELLS_HUMAN,-0.2792007343129372,0.4057192234983764,11
sp|Q9NS00|C1GLT_HUMAN,0.3094639483134631,0.49942849978459547,7
sp|Q9NS69|TOM22_HUMAN,0.5833504643609788,0.07668763609433243,10
sp|Q9NS86|LANC2_HUMAN,-0.14971482017034038,0.6603956680995474,11
sp|Q9NS87|KIF15_HUMAN,-0.27354436245903524,0.41569119752591893,11
sp|Q9NSC5|HOME3_HUMAN,-0.3378783983134889,0.3095123359157592,11
sp|Q9NSD9|SYFB_HUMAN,0.6422946131556136,0.03309222097626909,11
sp|Q9NSE4|SYIM_HUMAN,0.2642537632134716,0.4323243298665131,11
sp|Q9NSI2|SLX9_HUMAN,0.1738215120017944,0.6092525843218881,11
sp|Q9NSK0|KLC4_HUMAN,-0.03689192724121362,0.9142441109271049,11
sp|Q9NSV4|DIAP3_HUMAN,0.9420860156632528,0.2177235646876265,3
sp|Q9NT62|ATG3_HUMAN,0.08033582725471419,0.8143628712832143,11
sp|Q9NT99|LRC4B_HUMAN,0.48778833647622394,0.12799184672158653,11
sp|Q9NTI5|PDS5B_HUMAN,0.31547096478399816,0.34465610597489843,11
sp|Q9NTJ3|SMC4_HUMAN,0.37679186880856674,0.25335405067964023,11
sp|Q9NTJ5|SAC1_HUMAN,-0.4305109061281946,0.18624258805789612,11
sp|Q9NTK5|OLA1_HUMAN,-0.3016474313765062,0.3673311303036362,11
sp|Q9NTX5|ECHD1_HUMAN,0.48897081716901386,0.1269310510235956,11
sp|Q9NTZ6|RBM12_HUMAN,-0.41058409905174775,0.20971846925575796,11
sp|Q9NU22|MDN1_HUMAN,-0.06666662433052142,0.8455882681842508,11
sp|Q9NUD5|ZCHC3_HUMAN,-0.1079112942402031,0.7521434796356361,11
sp|Q9NUG6|PDRG1_HUMAN,-0.003489196588536997,0.9923674753851439,10
sp|Q9NUI1|DECR2_HUMAN,0.7254148424354627,0.017576490275870823,10
sp|Q9NUJ1|ABHDA_HUMAN,0.32150470523885394,0.3349949181357282,11
sp|Q9NUJ3|T11L1_HUMAN,-0.2495792890515401,0.45922541807388423,11
sp|Q9NUL3|STAU2_HUMAN,-0.11205378677257603,0.7429011154913798,11
sp|Q9NUM4|T106B_HUMAN,0.33573442554774563,0.5153199517759874,6
sp|Q9NUP9|LIN7C_HUMAN,0.5670593364666918,0.08736566214406788,10
sp|Q9NUQ2|PLCE_HUMAN,0.23983512509074906,0.6044515156218064,7
sp|Q9NUQ3|TXLNG_HUMAN,0.2603007766202608,0.49875570975272243,9
sp|Q9NUQ6|SPS2L_HUMAN,0.6064919350616202,0.04790057990131112,11
sp|Q9NUQ7|UFSP2_HUMAN,0.08350069485786532,0.8071660343647832,11
sp|Q9NUQ8|ABCF3_HUMAN,0.5382427832815442,0.08762547492196181,11
sp|Q9NUQ9|CYRIB_HUMAN,0.4417934797549166,0.17369090496364742,11
sp|Q9NUU6|OTULL_HUMAN,-0.3542036625878714,0.5586299677853533,5
sp|Q9NUY8|TBC23_HUMAN,-0.09276400546904313,0.7861802548001012,11
sp|Q9NV06|DCA13_HUMAN,0.44960800719204136,0.165309698647671,11
sp|Q9NV31|IMP3_HUMAN,0.035421433316187176,0.9176520872271899,11
sp|Q9NV35|NUD15_HUMAN,0.2825857406109172,0.39980833593379983,11
sp|Q9NV56|MRGBP_HUMAN,0.5227729011768737,0.14872838483545894,9
sp|Q9NV70|EXOC1_HUMAN,-0.4440681627695707,0.1712249544587354,11
sp|Q9NV88|INT9_HUMAN,0.2864575493210509,0.39309995790719565,11
sp|Q9NVA2|SEP11_HUMAN,-0.07133883120275805,0.834890660251132,11
sp|Q9NVC6|MED17_HUMAN,0.14980840476595156,0.6601944133153045,11
sp|Q9NVD7|PARVA_HUMAN,-0.681893239285065,0.029861697090217215,10
sp|Q9NVE7|PANK4_HUMAN,0.46080552315192314,0.15374332217111167,11
sp|Q9NVG8|TBC13_HUMAN,0.29510975693179586,0.37831377465797705,11
sp|Q9NVH0|EXD2_HUMAN,-0.27686784355876093,0.4386817148079424,10
sp|Q9NVH1|DJC11_HUMAN,0.4833744101297054,0.13200138941001202,11
sp|Q9NVH2|INT7_HUMAN,0.48230718014534985,0.13298267610604542,11
sp|Q9NVI1|FANCI_HUMAN,0.03403790102467019,0.9208596607191766,11
sp|Q9NVI7|ATD3A_HUMAN,0.39225501764656107,0.2327900940253116,11
sp|Q9NVJ2|ARL8B_HUMAN,-0.32013311483570656,0.4395006365239341,8
sp|Q9NVM6|DJC17_HUMAN,-0.25955292098557226,0.44085893589138125,11
sp|Q9NVM9|INT13_HUMAN,-0.176708945028628,0.6032254797792117,11
sp|Q9NVN8|GNL3L_HUMAN,0.11162633868262234,0.8332559485952599,6
sp|Q9NVP1|DDX18_HUMAN,0.04899243801107139,0.8862541836733488,11
sp|Q9NVP2|ASF1B_HUMAN,0.6080446383201324,0.27659389528337613,5
sp|Q9NVR2|INT10_HUMAN,-0.5210931635472243,0.10023886297243526,11
sp|Q9NVR5|KTU_HUMAN,-0.28370172075705036,0.8168748909349565,3
sp|Q9NVS9|PNPO_HUMAN,-0.20939583523649608,0.5366139688114202,11
sp|Q9NVT9|ARMC1_HUMAN,0.5802787041323942,0.07863259473472185,10
sp|Q9NVU0|RPC5_HUMAN,-0.0673841909091201,0.8532645629159207,10
sp|Q9NVU7|SDA1_HUMAN,-0.03486229284921491,0.9189482651227315,11
sp|Q9NVX0|HAUS2_HUMAN,-0.2280510508317076,0.5550846252582632,9
sp|Q9NVX2|NLE1_HUMAN,-0.8379167525864872,0.16208324741351277,4
sp|Q9NVZ3|NECP2_HUMAN,0.45843854762354275,0.15614491439857656,11
sp|Q9NW08|RPC2_HUMAN,-0.025100839690938154,0.9680439746295562,5
sp|Q9NW13|RBM28_HUMAN,-0.6356454298275767,0.03555947295660775,11
sp|Q9NW15|ANO10_HUMAN,0.1972568493900958,0.5609927936023535,11
sp|Q9NW64|RBM22_HUMAN,0.2317401450082386,0.4929291777366237,11
sp|Q9NW68|BSDC1_HUMAN,0.4187134876909736,0.22846001686858466,10
sp|Q9NW82|WDR70_HUMAN,0.07740566955456135,0.8210374975862474,11
sp|Q9NWH9|SLTM_HUMAN,0.11606713864942714,0.7339758259314944,11
sp|Q9NWK9|BCD1_HUMAN,-0.1058399519765207,0.7567759332404289,11
sp|Q9NWM8|FKB14_HUMAN,-0.230557118005363,0.4952019276287667,11
sp|Q9NWS0|PIHD1_HUMAN,0.7236746125820481,0.011817791605404157,11
sp|Q9NWS8|RMND1_HUMAN,-0.29635677763268775,0.3762062127491321,11
sp|Q9NWT1|PK1IP_HUMAN,-0.16172707369180642,0.6347321240652982,11
sp|Q9NWT6|HIF1N_HUMAN,0.3056569631670624,0.3606772890958416,11
sp|Q9NWU1|OXSM_HUMAN,0.24858559514552905,0.46107433055920455,11
sp|Q9NWU2|GID8_HUMAN,0.2566779516570502,0.44611733363452183,11
sp|Q9NWU5|RM22_HUMAN,-0.13230332817467763,0.6981785160635674,11
sp|Q9NWV4|CZIB_HUMAN,-0.12588857030863237,0.7122601005223438,11
sp|Q9NWV8|BABA1_HUMAN,0.637105160234163,0.03500717577238826,11
sp|Q9NWY4|HPF1_HUMAN,0.3265442522198779,0.32703687106178486,11
sp|Q9NWZ5|UCKL1_HUMAN,0.43031133809966854,0.7168075548855369,3
sp|Q9NX05|F120C_HUMAN,0.34461401820974136,0.403183539914379,8
sp|Q9NX14|NDUBB_HUMAN,1.570327284144274e-05,0.9999634394917345,11
sp|Q9NX20|RM16_HUMAN,-0.45993748918953037,0.1546213587163454,11
sp|Q9NX24|NHP2_HUMAN,-0.0725925662927284,0.877087484829221,7
sp|Q9NX40|OCAD1_HUMAN,0.14106230896467042,0.6790887528878222,11
sp|Q9NX46|ADPRS_HUMAN,0.03843240041408444,0.9106753431563345,11
sp|Q9NX47|MARH5_HUMAN,0.01243050256880672,0.9728124768356089,10
sp|Q9NX55|HYPK_HUMAN,0.22060138432990403,0.5145082683906559,11
sp|Q9NX58|LYAR_HUMAN,0.04301776501636169,0.9000615611448184,11
sp|Q9NX62|IMPA3_HUMAN,-0.04866123694612462,0.8870188739852258,11
sp|Q9NX63|MIC19_HUMAN,-0.3570648296101005,0.28104044906906617,11
sp|Q9NX70|MED29_HUMAN,-0.05379822390772672,0.8751684834734986,11
sp|Q9NXA8|SIR5_HUMAN,0.18196490421516637,0.5923115593852607,11
sp|Q9NXC5|MIO_HUMAN,0.3305099380998457,0.3208462295075027,11
sp|Q9NXE4|NSMA3_HUMAN,-0.19054604862693952,0.5746555961856387,11
sp|Q9NXE8|CWC25_HUMAN,-0.1244582342085046,0.7319257126110168,10
sp|Q9NXF1|TEX10_HUMAN,-0.5251054949527569,0.09718768256903389,11
sp|Q9NXG2|THUM1_HUMAN,-0.0527056243694104,0.8776871248553426,11
sp|Q9NXH9|TRM1_HUMAN,-0.16940781514723527,0.6185077158924507,11
sp|Q9NXN4|GDAP2_HUMAN,-0.3782980163061507,0.5300846220996771,5
sp|Q9NXR1|NDE1_HUMAN,-0.7186073236428011,0.019210153205123037,10
sp|Q9NXR7|BABA2_HUMAN,-0.1357699663430205,0.6906036970035891,11
sp|Q9NXR8|ING3_HUMAN,0.4530743039181715,0.2595830354856828,8
sp|Q9NXV6|CARF_HUMAN,-0.05654436089414011,0.8688427707032763,11
sp|Q9NXW2|DJB12_HUMAN,0.14956116016528698,0.7009389282603187,9
sp|Q9NXX6|NSE4A_HUMAN,-0.3462393819241204,0.29691928023544134,11
sp|Q9NY12|GAR1_HUMAN,-0.29791313286193577,0.3735842260606071,11
sp|Q9NY27|PP4R2_HUMAN,0.013065845532697747,0.969586032867809,11
sp|Q9NY33|DPP3_HUMAN,-0.291754619352551,0.3840137483823268,11
sp|Q9NY47|CA2D2_HUMAN,0.45432110406877485,0.16037789547420694,11
sp|Q9NY61|AATF_HUMAN,0.02330523642763245,0.9457748960974426,11
sp|Q9NY93|DDX56_HUMAN,0.07310422597647859,0.830855002332303,11
sp|Q9NYB0|TE2IP_HUMAN,0.5101829748178225,0.10884979655683029,11
sp|Q9NYB9|ABI2_HUMAN,-0.44105158698919106,0.17449986062586303,11
sp|Q9NYF8|BCLF1_HUMAN,0.05058311567869811,0.8825827866583327,11
sp|Q9NYH9|UTP6_HUMAN,-0.034990834849025196,0.9186502682307707,11
sp|Q9NYI0|PSD3_HUMAN,-0.5940355290050767,0.09166016102867747,9
sp|Q9NYK5|RM39_HUMAN,0.32645458341307404,0.32717757980230944,11
sp|Q9NYL9|TMOD3_HUMAN,0.04523364760345891,0.8949376018313496,11
sp|Q9NYS0|KBRS1_HUMAN,0.8454118220127773,0.3587101546901183,3
sp|Q9NYU1|UGGG2_HUMAN,0.11918306382633644,0.7429589159835011,10
sp|Q9NYU2|UGGG1_HUMAN,-0.23187486139176994,0.492670661614004,11
sp|Q9NYV4|CDK12_HUMAN,-0.2603232532403834,0.43945495730382433,11
sp|Q9NYY8|FAKD2_HUMAN,0.17389331008843079,0.6091024495910551,11
sp|Q9NYZ3|GTSE1_HUMAN,0.021502974330965083,0.9499635687864865,11
sp|Q9NZ01|TECR_HUMAN,0.0034065090844670187,0.9920690407196899,11
sp|Q9NZ08|ERAP1_HUMAN,-0.22704783558059477,0.5019706412957762,11
sp|Q9NZ32|ARP10_HUMAN,0.15748264338358273,0.6437606505676041,11
sp|Q9NZ43|USE1_HUMAN,0.6236272352008759,0.040339686244784186,11
sp|Q9NZ45|CISD1_HUMAN,0.2903512383340183,0.3864106489028726,11
sp|Q9NZ52|GGA3_HUMAN,0.2636870018085821,0.4616456525433109,10
sp|Q9NZ53|PDXL2_HUMAN,-0.34303378190662787,0.777090926354214,3
sp|Q9NZ63|TLS1_HUMAN,0.26585292346053724,0.45783591747784774,10
sp|Q9NZB2|F120A_HUMAN,-0.49861132856198775,0.11849186693558718,11
sp|Q9NZC9|SMAL1_HUMAN,-0.018328427800522518,0.9573443010851489,11
sp|Q9NZD8|SPG21_HUMAN,0.18144800171970543,0.5933815900290271,11
sp|Q9NZI7|UBIP1_HUMAN,-0.4169343181426738,0.30412032309956555,8
sp|Q9NZI8|IF2B1_HUMAN,0.024405145547157656,0.943219175059566,11
sp|Q9NZJ4|SACS_HUMAN,-0.10763880199460614,0.7527524792093019,11
sp|Q9NZJ5|E2AK3_HUMAN,-0.09913568873347284,0.832527813697458,7
sp|Q9NZL4|HPBP1_HUMAN,-0.33490361077901964,0.3140615656798764,11
sp|Q9NZL9|MAT2B_HUMAN,-0.34411574304486126,0.30009077201375967,11
sp|Q9NZM1|MYOF_HUMAN,0.2811375032905634,0.40233201488300274,11
sp|Q9NZM3|ITSN2_HUMAN,-0.5198270389820157,0.10121452170527447,11
sp|Q9NZM5|NOP53_HUMAN,0.06892790464384052,0.8499345320509524,10
sp|Q9NZN3|EHD3_HUMAN,-0.01310895864506643,0.9694857166728571,11
sp|Q9NZN4|EHD2_HUMAN,-0.01322597037146897,0.9692134541499574,11
sp|Q9NZN5|ARHGC_HUMAN,0.45414220414413464,0.16056341045551656,11
sp|Q9NZN8|CNOT2_HUMAN,0.43188593994543156,0.1846843001088015,11
sp|Q9NZQ3|SPN90_HUMAN,0.12324676000373862,0.7180831632126256,11
sp|Q9NZR1|TMOD2_HUMAN,-0.48652592394321337,0.1841424603453056,9
sp|Q9NZT2|OGFR_HUMAN,0.17323068263506425,0.610488562267062,11
sp|Q9NZU5|LMCD1_HUMAN,-0.511966278777716,0.10741067475441426,11
sp|Q9NZV5|SELN_HUMAN,-0.15444131894004973,0.7409279211794121,7
sp|Q9NZW5|PALS2_HUMAN,0.37806040999699453,0.25162927034998306,11
sp|Q9NZZ3|CHMP5_HUMAN,0.6699849671451847,0.024097235043571117,11
sp|Q9P000|COMD9_HUMAN,0.5330528063364166,0.09132528373800415,11
sp|Q9P003|CNIH4_HUMAN,-0.3135050125608191,0.3478351436897966,11
sp|Q9P013|CWC15_HUMAN,-0.09845326214631402,0.7867089334477713,10
sp|Q9P015|RM15_HUMAN,0.0681823687406586,0.8421151318751875,11
sp|Q9P016|THYN1_HUMAN,-0.3276096720503321,0.3253674801938048,11
sp|Q9P032|NDUF4_HUMAN,-0.26316983960108536,0.4342852333049081,11
sp|Q9P035|HACD3_HUMAN,-0.17386982920527033,0.6091515482419808,11
sp|Q9P0I2|EMC3_HUMAN,-0.24222717436366992,0.4729854439550929,11
sp|Q9P0J0|NDUAD_HUMAN,-0.15789371700587662,0.6428843211942221,11
sp|Q9P0J1|PDP1_HUMAN,0.008375104647191031,0.9805025977617634,11
sp|Q9P0K1|ADA22_HUMAN,0.2014642942416788,0.5524933162222777,11
sp|Q9P0K7|RAI14_HUMAN,-0.28864473749180314,0.38933533506401635,11
sp|Q9P0L0|VAPA_HUMAN,0.042551150652801184,0.9011409927836499,11
sp|Q9P0L2|MARK1_HUMAN,-0.8470473621320452,0.35675597926112645,3
sp|Q9P0M6|H2AW_HUMAN,0.1898851603356838,0.5760080819782607,11
sp|Q9P0M9|RM27_HUMAN,-0.26412617390319065,0.5273140505219365,8
sp|Q9P0P0|RN181_HUMAN,-0.32900976399705456,0.5242925838486745,6
sp|Q9P0S2|COX16_HUMAN,-0.9141300622293757,0.2657501678709801,3
sp|Q9P0T7|TMEM9_HUMAN,0.10998774141902112,0.7622913395282006,10
sp|Q9P0U3|SENP1_HUMAN,0.018182883060530286,0.9602380910159836,10
sp|Q9P0U4|CXXC1_HUMAN,0.45314511540873026,0.3668068481795362,6
sp|Q9P0V3|SH3B4_HUMAN,0.772176805579478,0.014750469559898656,9
sp|Q9P0V9|SEP10_HUMAN,0.6066152787144029,0.04784292030144929,11
sp|Q9P0W2|HM20B_HUMAN,0.22603207946165582,0.7739679205383441,4
sp|Q9P1Y5|CAMP3_HUMAN,-0.9775711300992257,2.7734977642565084e-05,8
sp|Q9P1Y6|PHRF1_HUMAN,-0.47269037867556085,0.14203396596460596,11
sp|Q9P215|POGK_HUMAN,0.19488535198649765,0.6153347268626536,9
sp|Q9P219|DAPLE_HUMAN,0.7625279159453966,0.4479159660034088,3
sp|Q9P246|STIM2_HUMAN,-0.49012756636134847,0.15040433986117913,10
sp|Q9P253|VPS18_HUMAN,0.2918929118793411,0.38377795754625926,11
sp|Q9P258|RCC2_HUMAN,0.3090597939360706,0.3550794171009164,11
sp|Q9P260|RELCH_HUMAN,0.11228622744506489,0.7423834042031691,11
sp|Q9P265|DIP2B_HUMAN,-0.2994657325176843,0.37097785481095885,11
sp|Q9P270|SLAI2_HUMAN,-0.3098707824796074,0.35375197682097215,11
sp|Q9P273|TEN3_HUMAN,0.4153941755412005,0.20389848922938136,11
sp|Q9P275|UBP36_HUMAN,-0.3874065175369473,0.3029437484314423,9
sp|Q9P287|BCCIP_HUMAN,-0.023553169356831716,0.9451987645773431,11
sp|Q9P289|STK26_HUMAN,-0.021900174781286086,0.9721180605488314,5
sp|Q9P2B2|FPRP_HUMAN,-0.16933609355360807,0.6186585256369094,11
sp|Q9P2B4|CT2NL_HUMAN,-0.18002819076008839,0.5963244495398984,11
sp|Q9P2D1|CHD7_HUMAN,-0.23556572007308674,0.48561135112424125,11
sp|Q9P2D3|HTR5B_HUMAN,-0.6022114576909063,0.11414864176990451,8
sp|Q9P2E5|CHPF2_HUMAN,0.16606095060467962,0.6943125329299503,8
sp|Q9P2E9|RRBP1_HUMAN,-0.16407671400935275,0.629753138770994,11
sp|Q9P2I0|CPSF2_HUMAN,0.5480101282224843,0.08093420364325041,11
sp|Q9P2J5|SYLC_HUMAN,0.11585418833580316,0.7344486744080844,11
sp|Q9P2K3|RCOR3_HUMAN,0.2516035524332232,0.48315542212880425,10
sp|Q9P2K5|MYEF2_HUMAN,0.4547742855185737,0.15990855198213677,11
sp|Q9P2M7|CING_HUMAN,-0.3361093181481482,0.3122133930701719,11
sp|Q9P2N4|ATS9_HUMAN,0.3247836060068756,0.32980558682605593,11
sp|Q9P2N5|RBM27_HUMAN,0.7391996961356047,0.009337788504089145,11
sp|Q9P2N6|KANL3_HUMAN,0.250775684589743,0.587529480759148,7
sp|Q9P2N7|KLH13_HUMAN,0.42828143162642174,0.1887860790161919,11
sp|Q9P2R3|ANFY1_HUMAN,0.24974195224574722,0.45892308495310263,11
sp|Q9P2R6|RERE_HUMAN,-0.17599506228669237,0.604713555994738,11
sp|Q9P2R7|SUCB1_HUMAN,0.29114165337365505,0.3850597408138944,11
sp|Q9P2T1|GMPR2_HUMAN,-0.07778566579760049,0.8308696722473806,10
sp|Q9P2W1|HOP2_HUMAN,-0.594006215929305,0.09168027907326756,9
sp|Q9P2W9|STX18_HUMAN,-0.23896932391367703,0.5357517059253386,9
sp|Q9P2X3|IMPCT_HUMAN,0.9916262198823835,0.08244406950215913,3
sp|Q9P2Y4|ZN219_HUMAN,-0.04609182667402678,0.9062685771536025,9
sp|Q9UBB4|ATX10_HUMAN,-0.3405728101924571,0.3054229321308417,11
sp|Q9UBB5|MBD2_HUMAN,0.13458053809762463,0.7108794362337123,10
sp|Q9UBB6|NCDN_HUMAN,0.30040446817578786,0.36940649656289243,11
sp|Q9UBB9|TFP11_HUMAN,0.23417538805151827,0.4882652698471502,11
sp|Q9UBC2|EP15R_HUMAN,-0.541675107677485,0.0852339072752926,11
sp|Q9UBD5|ORC3_HUMAN,0.3679965332366735,0.2654977951789096,11
sp|Q9UBE0|SAE1_HUMAN,-0.5251820498760663,0.09713006560003262,11
sp|Q9UBF2|COPG2_HUMAN,-0.05191481332183358,0.8795107251213871,11
sp|Q9UBF8|PI4KB_HUMAN,-0.2449327406555171,0.5965488786095466,7
sp|Q9UBG0|MRC2_HUMAN,0.22419216359710867,0.5075081504588934,11
sp|Q9UBH6|XPR1_HUMAN,-0.04779995419315855,0.8890078415740548,11
sp|Q9UBI1|COMD3_HUMAN,0.3933771634439472,0.6066228365560529,4
sp|Q9UBJ2|ABCD2_HUMAN,-0.4648850230066127,0.1496585087403303,11
sp|Q9UBK9|UXT_HUMAN,0.08275284944872632,0.808865427461703,11
sp|Q9UBL3|ASH2L_HUMAN,0.062472978790890865,0.8552101701517787,11
sp|Q9UBM7|DHCR7_HUMAN,-0.14822229724339686,0.6827937377944377,10
sp|Q9UBN7|HDAC6_HUMAN,-0.476580933857937,0.3392513667794976,6
sp|Q9UBP0|SPAST_HUMAN,-0.30562205888854443,0.3607349431310865,11
sp|Q9UBP6|TRMB_HUMAN,0.07244580346978377,0.8323597195063887,11
sp|Q9UBP9|GULP1_HUMAN,-0.1613597909269494,0.6560731652207288,10
sp|Q9UBQ0|VPS29_HUMAN,-0.3637054065965351,0.2715397021704298,11
sp|Q9UBQ5|EIF3K_HUMAN,0.13240915292114872,0.8675908470788514,4
sp|Q9UBQ6|EXTL2_HUMAN,-0.12446053161372364,0.7154060834697737,11
sp|Q9UBQ7|GRHPR_HUMAN,0.013079907178485506,0.9695533139894957,11
sp|Q9UBS4|DJB11_HUMAN,0.007834104546329712,0.9817618696587346,11
sp|Q9UBT2|SAE2_HUMAN,-0.24047564582666528,0.476290759070669,11
sp|Q9UBU6|FA8A1_HUMAN,0.7453036272081995,0.013359122510338843,10
sp|Q9UBU8|MO4L1_HUMAN,-0.45129992339046815,0.16352863631305217,11
sp|Q9UBU9|NXF1_HUMAN,0.08213777319423424,0.8102636738013849,11
sp|Q9UBV2|SE1L1_HUMAN,-0.19849833675489892,0.5584794607732356,11
sp|Q9UBV8|PEF1_HUMAN,-0.6932071629175185,0.018018666475165274,11
sp|Q9UBW7|ZMYM2_HUMAN,-0.17889262766351194,0.5986820670920394,11
sp|Q9UBW8|CSN7A_HUMAN,-0.09267729101441458,0.7863761343796609,11
sp|Q9UBX3|DIC_HUMAN,-0.16708334298275662,0.6234021019313317,11
sp|Q9UDT6|CLIP2_HUMAN,-0.13269420680123023,0.6973231709300384,11
sp|Q9UDW1|QCR9_HUMAN,0.2641259929437413,0.6676564535651941,5
sp|Q9UDX5|MTFP1_HUMAN,-0.17754233909579917,0.64768014043497,9
sp|Q9UDY2|ZO2_HUMAN,0.16483744238996229,0.6281440704826062,11
sp|Q9UDY4|DNJB4_HUMAN,-0.7731745937797984,0.12517378803059095,5
sp|Q9UDY8|MALT1_HUMAN,0.6111147260159625,0.19744173298634568,6
sp|Q9UEE9|CFDP1_HUMAN,-0.12355750591461567,0.7173975135806915,11
sp|Q9UEG4|ZN629_HUMAN,0.10595597049508075,0.8028144629768679,8
sp|Q9UER7|DAXX_HUMAN,0.10210433171023926,0.7651485608484173,11
sp|Q9UET6|TRM7_HUMAN,0.9207662594410501,0.0004263676269644243,9
sp|Q9UEU0|VTI1B_HUMAN,0.10431512806277479,0.8058234032534504,8
sp|Q9UEW8|STK39_HUMAN,0.6770685377314168,0.02210888960134083,11
sp|Q9UEY8|ADDG_HUMAN,0.3975678529814857,0.22595683928141166,11
sp|Q9UFC0|LRWD1_HUMAN,0.2110076444222031,0.5334103250322882,11
sp|Q9UFG5|CS025_HUMAN,0.31823385831306505,0.6017589985314643,5
sp|Q9UFN0|NPS3A_HUMAN,0.30382341170211663,0.36371232620662075,11
sp|Q9UFW8|CGBP1_HUMAN,-0.17767751084596586,0.6012086895567813,11
sp|Q9UG63|ABCF2_HUMAN,0.02216208362234573,0.9484315830645867,11
sp|Q9UGI8|TES_HUMAN,0.5668465475415595,0.06900880210888301,11
sp|Q9UGJ1|GCP4_HUMAN,0.30784732349228805,0.386856572508147,10
sp|Q9UGN5|PARP2_HUMAN,0.6225764312453753,0.07334224769475098,9
sp|Q9UGP4|LIMD1_HUMAN,-0.30894293643167453,0.35527090404378586,11
sp|Q9UGP8|SEC63_HUMAN,-0.30920528861998803,0.35484107903222956,11
sp|Q9UGR2|Z3H7B_HUMAN,0.02371228454478075,0.9597560917424827,7
sp|Q9UGU0|TCF20_HUMAN,0.29898155672316096,0.371789650705668,11
sp|Q9UGU5|HMGX4_HUMAN,-0.3109299011377184,0.4154157615240974,9
sp|Q9UGV2|NDRG3_HUMAN,0.5062011067087329,0.11210811567246694,11
sp|Q9UH62|ARMX3_HUMAN,0.0035661088989487333,0.991697474732574,11
sp|Q9UH65|SWP70_HUMAN,-0.3589723213050067,0.2782926614151017,11
sp|Q9UH99|SUN2_HUMAN,0.3747827332567032,0.2560995719807051,11
sp|Q9UHA3|RLP24_HUMAN,-0.16348530007079848,0.726152801409051,7
sp|Q9UHA4|LTOR3_HUMAN,0.03917260383902904,0.9089610593022869,11
sp|Q9UHB6|LIMA1_HUMAN,-0.30012677826927037,0.3698709697589672,11
sp|Q9UHB7|AFF4_HUMAN,-0.6563117341838494,0.028288167953484825,11
sp|Q9UHB9|SRP68_HUMAN,0.025940199017706528,0.9396531715582774,11
sp|Q9UHD1|CHRD1_HUMAN,0.5888762823470347,0.05663497633455018,11
sp|Q9UHD2|TBK1_HUMAN,-0.35982437506508613,0.27707012785342194,11
sp|Q9UHD8|SEPT9_HUMAN,-0.07024841475675433,0.8373851237073232,11
sp|Q9UHD9|UBQL2_HUMAN,0.2922811813905861,0.38311634148844115,11
sp|Q9UHF7|TRPS1_HUMAN,0.24399502944323054,0.5603423981434534,8
sp|Q9UHG2|PCS1N_HUMAN,0.19532809443421822,0.6145161796759726,9
sp|Q9UHG3|PCYOX_HUMAN,0.5405377671848566,0.08602153119613647,11
sp|Q9UHI6|DDX20_HUMAN,-0.10906749103652143,0.7495608814210064,11
sp|Q9UHJ6|SHPK_HUMAN,0.4190184460928187,0.19957772588942907,11
sp|Q9UHL4|DPP2_HUMAN,0.16666886796318903,0.6242762612067909,11
sp|Q9UHL9|GT2D1_HUMAN,0.15197658275485162,0.8072448915934043,5
sp|Q9UHN1|DPOG2_HUMAN,-0.5373232969354422,0.35037672283898114,5
sp|Q9UHQ1|NARF_HUMAN,0.05689534788053399,0.8680347639143493,11
sp|Q9UHQ4|BAP29_HUMAN,-0.32059284647275194,0.4832772576150474,7
sp|Q9UHQ9|NB5R1_HUMAN,-0.3322901925369736,0.318087773160966,11
sp|Q9UHR5|S30BP_HUMAN,0.07642399202169868,0.8232760730556483,11
sp|Q9UHR6|ZNHI2_HUMAN,-0.5429258191046374,0.45707418089536267,4
sp|Q9UHV7|MED13_HUMAN,-0.1933072998171082,0.876157136707739,3
sp|Q9UHV9|PFD2_HUMAN,0.1708926717376743,0.6153884660756131,11
sp|Q9UHX1|PUF60_HUMAN,-0.18684875182746719,0.5822377838778077,11
sp|Q9UHY1|NRBP_HUMAN,-0.01766578099472134,0.958885333203124,11
sp|Q9UHY7|ENOPH_HUMAN,-0.5113214622958969,0.10792960584304592,11
sp|Q9UI08|EVL_HUMAN,0.14583811027639998,0.90682427440509,3
sp|Q9UI09|NDUAC_HUMAN,-0.14606459865070218,0.6682611555268227,11
sp|Q9UI10|EI2BD_HUMAN,0.11579978718400621,0.7345694834801262,11
sp|Q9UI12|VATH_HUMAN,-0.31817952849019093,0.34030128323426806,11
sp|Q9UI14|PRAF1_HUMAN,-0.08498695976515763,0.8919216449351932,5
sp|Q9UI15|TAGL3_HUMAN,-0.11976752472240684,0.7257726150763737,11
sp|Q9UI26|IPO11_HUMAN,-0.20712535161109674,0.5411402335208024,11
sp|Q9UI30|TR112_HUMAN,-0.4183714857685483,0.20034495591532875,11
sp|Q9UI95|MD2L2_HUMAN,0.1775808502691782,0.673969688180259,8
sp|Q9UIA9|XPO7_HUMAN,-0.3452850016183774,0.29834228822765674,11
sp|Q9UIC8|LCMT1_HUMAN,-0.2390404094167284,0.5685801118823961,8
sp|Q9UID3|VPS51_HUMAN,0.07257874866190914,0.8320558541222012,11
sp|Q9UIF9|BAZ2A_HUMAN,0.3010670880056553,0.3682993813318915,11
sp|Q9UIG0|BAZ1B_HUMAN,-0.25849312438437466,0.44279392633432807,11
sp|Q9UII4|HERC5_HUMAN,0.40084293327681486,0.22180376066859242,11
sp|Q9UIJ7|KAD3_HUMAN,0.10003794064820686,0.7697897204894709,11
sp|Q9UIQ6|LCAP_HUMAN,0.5725454344316571,0.06564841799945444,11
sp|Q9UIS9|MBD1_HUMAN,0.5650104944527875,0.07011561518973008,11
sp|Q9UIV1|CNOT7_HUMAN,-0.2501212362594356,0.48582352227785636,10
sp|Q9UIW2|PLXA1_HUMAN,-0.49826390519721,0.17219853254514034,9
sp|Q9UJ14|GGT7_HUMAN,0.13696435785208833,0.6879997270572551,11
sp|Q9UJ41|RABX5_HUMAN,0.10099815396175904,0.7676322078936134,11
sp|Q9UJ68|MSRA_HUMAN,0.27677021089051673,0.4388498552677089,10
sp|Q9UJ70|NAGK_HUMAN,0.222423219100911,0.5109515104948165,11
sp|Q9UJ83|HACL1_HUMAN,-0.4103702761858018,0.2388261001293211,10
sp|Q9UJA5|TRM6_HUMAN,0.05517943521273799,0.871986028994693,11
sp|Q9UJC5|SH3L2_HUMAN,0.860374600257094,0.3404592329321924,3
sp|Q9UJF2|NGAP_HUMAN,0.4912152041621486,0.12493309705587556,11
sp|Q9UJS0|CMC2_HUMAN,0.40507860547158736,0.2164996363659108,11
sp|Q9UJU6|DBNL_HUMAN,-0.17549936694392865,0.6057476194660558,11
sp|Q9UJV9|DDX41_HUMAN,0.15881078992496614,0.6409307719327465,11
sp|Q9UJW0|DCTN4_HUMAN,-0.1345391881316747,0.6932901478944397,11
sp|Q9UJX2|CDC23_HUMAN,-0.12930261327510287,0.7047553039127553,11
sp|Q9UJX3|APC7_HUMAN,-0.19497066531351065,0.565632788251993,11
sp|Q9UJX4|APC5_HUMAN,0.13691141386314998,0.7060573554301941,10
sp|Q9UJX5|APC4_HUMAN,0.24416944559891696,0.6410243662823456,6
sp|Q9UJX6|ANC2_HUMAN,-0.42784906832238884,0.21740785654586742,10
sp|Q9UJY4|GGA2_HUMAN,0.1244585236449744,0.7154105098548222,11
sp|Q9UJY5|GGA1_HUMAN,0.1971671463733417,0.5611745672256807,11
sp|Q9UJZ1|STML2_HUMAN,0.024738737053984494,0.9424441442316629,11
sp|Q9UK08|GBG8_HUMAN,-0.09937004523860286,0.7712912863769668,11
sp|Q9UK41|VPS28_HUMAN,-0.3274499457345765,0.4285075060193266,8
sp|Q9UK45|LSM7_HUMAN,-0.08688671167942462,0.9131132883205755,4
sp|Q9UK58|CCNL1_HUMAN,-0.3456910713524884,0.29773637049039786,11
sp|Q9UK59|DBR1_HUMAN,0.20909648725915078,0.5372098291227037,11
sp|Q9UK61|TASOR_HUMAN,-0.513366466240992,0.1062894262926817,11
sp|Q9UK76|JUPI1_HUMAN,0.12211119704958834,0.7205903261178427,11
sp|Q9UKA4|AKA11_HUMAN,0.9999924399388038,0.002475472179553274,3
sp|Q9UKA9|PTBP2_HUMAN,0.3765031270347746,0.25374758196587616,11
sp|Q9UKD2|MRT4_HUMAN,0.20697345062232925,0.5414436099001783,11
sp|Q9UKF6|CPSF3_HUMAN,0.46783872687558836,0.1467437837398518,11
sp|Q9UKF7|PITC1_HUMAN,-0.9886847902524716,0.01131520974752842,4
sp|Q9UKG1|DP13A_HUMAN,-0.7275241203079301,0.011163030147921738,11
sp|Q9UKJ3|GPTC8_HUMAN,-0.05605879541292266,0.8699607760357392,11
sp|Q9UKK9|NUDT5_HUMAN,0.5282671395073738,0.09482675449184078,11
sp|Q9UKL0|RCOR1_HUMAN,0.34770407922667623,0.2947426409968458,11
sp|Q9UKM7|MA1B1_HUMAN,-0.0437813540394289,0.8982954584995773,11
sp|Q9UKM9|RALY_HUMAN,0.12852952375990517,0.7064526779748725,11
sp|Q9UKN8|TF3C4_HUMAN,-0.1359371713053859,0.6902389807533741,11
sp|Q9UKS6|PACN3_HUMAN,0.27036312483852487,0.4213512876276206,11
sp|Q9UKV3|ACINU_HUMAN,0.04918849583142221,0.8858015584935661,11
sp|Q9UKV5|AMFR_HUMAN,-0.6112597242943958,0.04570637016674217,11
sp|Q9UKV8|AGO2_HUMAN,-0.3642904723775282,0.2707114176142255,11
sp|Q9UKX7|NUP50_HUMAN,-0.5083116972121701,0.11037329323327988,11
sp|Q9UKY1|ZHX1_HUMAN,-0.8578872343479488,0.013525260979378206,7
sp|Q9UKY7|CDV3_HUMAN,-0.3298361821282135,0.32189353240479285,11
sp|Q9UKZ1|CNO11_HUMAN,0.01214204867730137,0.9734431840033041,10
sp|Q9UL03|INT6_HUMAN,-0.120443389446941,0.7242770849901865,11
sp|Q9UL15|BAG5_HUMAN,-0.7552482955375819,0.007196636357686653,11
sp|Q9UL25|RAB21_HUMAN,-0.4038338783106843,0.21805049718300876,11
sp|Q9UL40|ZN346_HUMAN,0.3130910969947929,0.3485064091814502,11
sp|Q9UL42|PNMA2_HUMAN,-0.11217965712960261,0.7426207546353497,11
sp|Q9UL46|PSME2_HUMAN,-0.0277815381447512,0.9353769687516359,11
sp|Q9UL54|TAOK2_HUMAN,0.8181160212061923,0.046614149568399994,6
sp|Q9UL63|MKLN1_HUMAN,0.3684070319730327,0.2649238323254797,11
sp|Q9ULA0|DNPEP_HUMAN,0.5322479745675834,0.09190809068071806,11
sp|Q9ULC3|RAB23_HUMAN,0.06787994452598986,0.8428078988943456,11
sp|Q9ULC4|MCTS1_HUMAN,0.2581264494870254,0.44346433349675984,11
sp|Q9ULD4|BRPF3_HUMAN,-0.44113892004952193,0.45711449792866643,5
sp|Q9ULD9|ZN608_HUMAN,0.5894244825353185,0.07293410769682926,10
sp|Q9ULF5|S39AA_HUMAN,-0.08259509684164326,0.8092239971172489,11
sp|Q9ULH0|KDIS_HUMAN,-0.14878340729620487,0.6623997812702338,11
sp|Q9ULH1|ASAP1_HUMAN,0.08778130650771791,0.7974534219870654,11
sp|Q9ULH7|MRTFB_HUMAN,0.3716275441924744,0.26044527578187976,11
sp|Q9ULI0|ATD2B_HUMAN,0.12335652947372729,0.7178409394940268,11
sp|Q9ULJ3|ZBT21_HUMAN,-0.7692730599019422,0.44123716584764927,3
sp|Q9ULJ6|ZMIZ1_HUMAN,-0.18812939400480067,0.6027255080963932,10
sp|Q9ULJ8|NEB1_HUMAN,0.11242358725285909,0.742077509976172,11
sp|Q9ULK4|MED23_HUMAN,0.7277546168031495,0.011124679083176279,11
sp|Q9ULK5|VANG2_HUMAN,-0.2512228666503524,0.4561748126123852,11
sp|Q9ULL5|PRR12_HUMAN,-0.19030186462374624,0.5751551667302741,11
sp|Q9ULM3|YETS2_HUMAN,0.4479327124643767,0.19421108842169682,10
sp|Q9ULP9|TBC24_HUMAN,-0.6478235094637864,0.11563410061704482,7
sp|Q9ULR0|ISY1_HUMAN,-0.3436663900537497,0.33090378071568405,10
sp|Q9ULT8|HECD1_HUMAN,-0.3393323591426396,0.3073019356010591,11
sp|Q9ULU4|PKCB1_HUMAN,0.1615456680705224,0.6351170985898159,11
sp|Q9ULV3|CIZ1_HUMAN,-0.24201707280204807,0.4733813787486509,11
sp|Q9ULV4|COR1C_HUMAN,-0.1467100197686294,0.6668681976404596,11
sp|Q9ULW0|TPX2_HUMAN,-0.337304436577124,0.3103872752819014,11
sp|Q9ULW3|ABT1_HUMAN,0.2591639314291455,0.5007006173044728,9
sp|Q9ULX3|NOB1_HUMAN,0.25169459555092966,0.45530098151040543,11
sp|Q9ULX6|AKP8L_HUMAN,0.26865492308802363,0.4244057743038119,11
sp|Q9UM00|TMCO1_HUMAN,0.08865331674613772,0.8075878642844179,10
sp|Q9UM54|MYO6_HUMAN,-0.14578573097633735,0.6688633029791059,11
sp|Q9UM73|ALK_HUMAN,-0.009524882970556037,0.9838307899433285,7
sp|Q9UMN6|KMT2B_HUMAN,-0.08749225366916474,0.8367872817720674,8
sp|Q9UMS0|NFU1_HUMAN,-0.1965684902935166,0.5623882792984556,11
sp|Q9UMS4|PRP19_HUMAN,-0.40346645698714984,0.21850953276051238,11
sp|Q9UMS6|SYNP2_HUMAN,0.4756148212249725,0.1392415932904406,11
sp|Q9UMX0|UBQL1_HUMAN,-0.6770536656028406,0.022112937573700236,11
sp|Q9UMX5|NENF_HUMAN,0.08672195247401121,0.7998547252026672,11
sp|Q9UMY4|SNX12_HUMAN,-0.38730242111606805,0.23926703795735554,11
sp|Q9UMZ2|SYNRG_HUMAN,0.6276425434466743,0.03869583429533355,11
sp|Q9UN36|NDRG2_HUMAN,-0.2573288089394308,0.44492433685341165,11
sp|Q9UN37|VPS4A_HUMAN,0.357798305508368,0.27998207660399727,11
sp|Q9UN70|PCDGK_HUMAN,-0.30377237961073517,0.507760721657708,7
sp|Q9UN86|G3BP2_HUMAN,0.17132922869483702,0.6144724702484532,11
sp|Q9UNE7|CHIP_HUMAN,0.4314010203099676,0.1852329393473569,11
sp|Q9UNF0|PACN2_HUMAN,-0.07541361813750647,0.8255813215208008,11
sp|Q9UNF1|MAGD2_HUMAN,-0.31319550610893804,0.3483370205064815,11
sp|Q9UNH6|SNX7_HUMAN,0.012071280952197977,0.9719003068627775,11
sp|Q9UNH7|SNX6_HUMAN,-0.37471717735156307,0.25618943994957033,11
sp|Q9UNI6|DUS12_HUMAN,0.016888647980148552,0.9630666181219323,10
sp|Q9UNK0|STX8_HUMAN,-0.338397202283682,0.3730650022066583,9
sp|Q9UNM6|PSD13_HUMAN,-0.18270720132207646,0.5907762178728919,11
sp|Q9UNN5|FAF1_HUMAN,0.14091198898883295,0.6794149801052898,11
sp|Q9UNP9|PPIE_HUMAN,0.05679142296425957,0.8682739975828183,11
sp|Q9UNQ2|DIM1_HUMAN,-0.3197894217836862,0.3377266971476589,11
sp|Q9UNS1|TIM_HUMAN,-0.4060951808206622,0.21523788760861645,11
sp|Q9UNS2|CSN3_HUMAN,0.18771119963411445,0.5804657004971449,11
sp|Q9UNW1|MINP1_HUMAN,0.2021899035985214,0.5510327835822567,11
sp|Q9UNX4|WDR3_HUMAN,0.05424797625311724,0.8741320229363824,11
sp|Q9UNZ2|NSF1C_HUMAN,0.34429498665500047,0.29982237175954357,11
sp|Q9UP83|COG5_HUMAN,-0.3530121690880122,0.28692835144862877,11
sp|Q9UP95|S12A4_HUMAN,0.4459663437243605,0.5540336562756396,4
sp|Q9UPN3|MACF1_HUMAN,-0.19069230102923407,0.5743564625163164,11
sp|Q9UPN4|CP131_HUMAN,0.1348042852168107,0.692711244716231,11
sp|Q9UPN6|SCAF8_HUMAN,-0.2468100962273087,0.5936463725426652,7
sp|Q9UPN7|PP6R1_HUMAN,-0.1865706098086211,0.5828097284602308,11
sp|Q9UPN9|TRI33_HUMAN,0.10652326274265954,0.7552469410180437,11
sp|Q9UPQ0|LIMC1_HUMAN,-0.5754359385032743,0.06398702523267275,11
sp|Q9UPQ3|AGAP1_HUMAN,-0.14169373511341635,0.7161298494533711,9
sp|Q9UPQ9|TNR6B_HUMAN,0.13349766303943394,0.9147582667721533,3
sp|Q9UPR3|SMG5_HUMAN,0.2910455578629152,0.5757585364397227,6
sp|Q9UPT5|EXOC7_HUMAN,-0.25786372593811263,0.44394497479516054,11
sp|Q9UPT6|JIP3_HUMAN,-0.6302141817030203,0.09394637457103408,8
sp|Q9UPT8|ZC3H4_HUMAN,-0.2359620979878657,0.48485590732747746,11
sp|Q9UPU5|UBP24_HUMAN,0.37158090083274464,0.2605098306686721,11
sp|Q9UPY3|DICER_HUMAN,-0.438555025698875,0.17723902095202335,11
sp|Q9UPY8|MARE3_HUMAN,0.2837104205436405,0.4269715642819886,10
sp|Q9UPZ6|THS7A_HUMAN,-0.007359421366737107,0.9828668082390122,11
sp|Q9UQ13|SHOC2_HUMAN,0.16076728456165618,0.6367698843885184,11
sp|Q9UQ35|SRRM2_HUMAN,0.5220356604645603,0.09951659145901069,11
sp|Q9UQ80|PA2G4_HUMAN,0.3540403131158573,0.28542819174589096,11
sp|Q9UQ88|CD11A_HUMAN,-0.3594600796922909,0.4840330772925748,6
sp|Q9UQB8|BAIP2_HUMAN,-0.02178230359354777,0.9493142973186479,11
sp|Q9UQC2|GAB2_HUMAN,-0.045953147696341026,0.8932746113132495,11
sp|Q9UQE7|SMC3_HUMAN,0.1507731630075571,0.6581208689579124,11
sp|Q9UQR0|SCML2_HUMAN,0.16093764486024523,0.6364080213992162,11
sp|Q9UQR1|ZN148_HUMAN,0.014611052039755157,0.96599088169657,11
sp|Q9Y217|MTMR6_HUMAN,0.03191163663312742,0.9302643392764408,10
sp|Q9Y221|NIP7_HUMAN,-0.7111110951773624,0.014148539123093025,11
sp|Q9Y223|GLCNE_HUMAN,0.2508531451002075,0.4568602263331245,11
sp|Q9Y224|RTRAF_HUMAN,-0.06703152035561194,0.8447519274872692,11
sp|Q9Y230|RUVB2_HUMAN,0.1346088887611242,0.6931379255482698,11
sp|Q9Y232|CDYL_HUMAN,0.028195465143023096,0.9344158997082956,11
sp|Q9Y237|PIN4_HUMAN,0.3105738227880436,0.3526033162403464,11
sp|Q9Y243|AKT3_HUMAN,-0.13767899945094156,0.7044714361726275,10
sp|Q9Y248|PSF2_HUMAN,-0.07658385595472457,0.8229114451614377,11
sp|Q9Y262|EIF3L_HUMAN,-0.05686665222320239,0.868100819914429,11
sp|Q9Y263|PLAP_HUMAN,-0.09743342390558149,0.7756491764898912,11
sp|Q9Y265|RUVB1_HUMAN,0.33344415656690857,0.3163065784893637,11
sp|Q9Y266|NUDC_HUMAN,-0.054434560070208554,0.8737020899506343,11
sp|Q9Y276|BCS1_HUMAN,0.10357251507738502,0.7908808883483693,9
sp|Q9Y277|VDAC3_HUMAN,0.23607518875165318,0.4846404672872006,11
sp|Q9Y281|COF2_HUMAN,0.256608075435332,0.44624550298458276,11
sp|Q9Y285|SYFA_HUMAN,-0.10697159423714037,0.7542441716456756,11
sp|Q9Y289|SC5A6_HUMAN,-0.07474636966245847,0.8271043811983635,11
sp|Q9Y291|RT33_HUMAN,-0.7795572145373522,0.004669094191763507,11
sp|Q9Y294|ASF1A_HUMAN,-0.2783833316760494,0.46824182965704886,9
sp|Q9Y295|DRG1_HUMAN,0.1834788355254028,0.589181794320539,11
sp|Q9Y296|TPPC4_HUMAN,-0.10077022004539447,0.7681442214236834,11
sp|Q9Y2A7|NCKP1_HUMAN,0.06227916956432034,0.8556552837478054,11
sp|Q9Y2B0|CNPY2_HUMAN,-0.33745702279171297,0.3101545442598176,11
sp|Q9Y2D4|EXC6B_HUMAN,0.1646658341526912,0.6285069241725558,11
sp|Q9Y2D5|AKAP2_HUMAN,-0.048190896597314556,0.888104963126589,11
sp|Q9Y2G5|OFUT2_HUMAN,0.3459261934716169,0.297385841494629,11
sp|Q9Y2G8|DJC16_HUMAN,0.12092929562508686,0.8790707043749131,4
sp|Q9Y2H0|DLGP4_HUMAN,0.21107005793294467,0.53328643151366,11
sp|Q9Y2H1|ST38L_HUMAN,-0.5694017964734641,0.0674880981868469,11
sp|Q9Y2H5|PKHA6_HUMAN,-0.030426675042179434,0.9292367869169498,11
sp|Q9Y2H6|FND3A_HUMAN,0.052863503433056985,0.8773231213623205,11
sp|Q9Y2I7|FYV1_HUMAN,0.9182000804564452,0.027737120772494954,5
sp|Q9Y2I8|WDR37_HUMAN,-0.07719334530869532,0.8215215717244696,11
sp|Q9Y2J0|RP3A_HUMAN,-0.9926390711417183,0.07729086934416737,3
sp|Q9Y2J2|E41L3_HUMAN,-0.1960313029999364,0.8743891584880837,3
sp|Q9Y2K7|KDM2A_HUMAN,0.25047453822848087,0.45756260452662695,11
sp|Q9Y2L1|RRP44_HUMAN,-0.06318361281851384,0.8535784114041012,11
sp|Q9Y2L5|TPPC8_HUMAN,0.3719286694955247,0.26002873400356313,11
sp|Q9Y2L9|LRCH1_HUMAN,0.09533946555762456,0.8223187968254517,8
sp|Q9Y2P4|S27A6_HUMAN,0.33619125776392694,0.4609631588829629,7
sp|Q9Y2P8|RCL1_HUMAN,0.35689165507015425,0.2812906569722424,11
sp|Q9Y2Q0|AT8A1_HUMAN,-0.00801878447448949,0.9863873263386261,7
sp|Q9Y2Q3|GSTK1_HUMAN,0.017290774443136127,0.95975749379667,11
sp|Q9Y2Q5|LTOR2_HUMAN,0.3027492722367745,0.3654963976074969,11
sp|Q9Y2Q9|RT28_HUMAN,0.39924927691732304,0.2238190038584078,11
sp|Q9Y2R0|COA3_HUMAN,0.6055318958593963,0.39446810414060374,4
sp|Q9Y2R4|DDX52_HUMAN,0.43338566635883563,0.1829937572484913,11
sp|Q9Y2R5|RT17_HUMAN,-0.2872407914315608,0.39174975305036763,11
sp|Q9Y2R9|RT07_HUMAN,-0.5307223712922933,0.09301954222827108,11
sp|Q9Y2S7|PDIP2_HUMAN,0.01152219540913449,0.9731780703464541,11
sp|Q9Y2T2|AP3M1_HUMAN,0.1636032863743172,0.6307552477744565,11
sp|Q9Y2T7|YBOX2_HUMAN,-0.5517652913306718,0.0982169366722975,10
sp|Q9Y2U8|MAN1_HUMAN,-0.2689126205980469,0.4239442981196994,11
sp|Q9Y2V2|CHSP1_HUMAN,-0.7519888147373751,0.03139559318637294,8
sp|Q9Y2V7|COG6_HUMAN,0.18097404606478668,0.6412372914389288,9
sp|Q9Y2W1|TR150_HUMAN,-0.12049247891421708,0.7241684951356265,11
sp|Q9Y2W2|WBP11_HUMAN,-0.361048173167608,0.2753194797258798,11
sp|Q9Y2W6|TDRKH_HUMAN,-0.36514306830271115,0.2695069365028614,11
sp|Q9Y2X0|MED16_HUMAN,-0.15040581541193027,0.6589101512336651,11
sp|Q9Y2X3|NOP58_HUMAN,-0.2550275138079548,0.44914921779863465,11
sp|Q9Y2X7|GIT1_HUMAN,-0.6028092191068847,0.049644236336801414,11
sp|Q9Y2X9|ZN281_HUMAN,-0.6425147043112193,0.03301266428058119,11
sp|Q9Y2Y0|AR2BP_HUMAN,0.09382013697638036,0.7837954515604578,11
sp|Q9Y2Z0|SGT1_HUMAN,0.3890381785981356,0.23698529033900223,11
sp|Q9Y2Z4|SYYM_HUMAN,0.2565358554814147,0.44637798938674367,11
sp|Q9Y2Z9|COQ6_HUMAN,-0.020948489011285612,0.9733295063358219,5
sp|Q9Y303|NAGA_HUMAN,-0.9839883532991239,0.11407600658661203,3
sp|Q9Y305|ACOT9_HUMAN,-0.16209794745296066,0.6339453176521146,11
sp|Q9Y312|AAR2_HUMAN,-0.3137563385419553,0.34742788679520087,11
sp|Q9Y314|NOSIP_HUMAN,0.31212150122542665,0.35008148988903603,11
sp|Q9Y315|DEOC_HUMAN,0.5902621748398343,0.05591125733531714,11
sp|Q9Y316|MEMO1_HUMAN,0.3126394083077165,0.3492397037620524,11
sp|Q9Y320|TMX2_HUMAN,0.4602725929291488,0.15428202412470737,11
sp|Q9Y333|LSM2_HUMAN,0.08257309715223884,0.8092740047472909,11
sp|Q9Y371|SHLB1_HUMAN,-0.18373486293743857,0.5886531270979051,11
sp|Q9Y375|CIA30_HUMAN,-0.10605900953377609,0.7705880517265635,10
sp|Q9Y376|CAB39_HUMAN,0.05521445154995039,0.8719053696640711,11
sp|Q9Y383|LC7L2_HUMAN,0.12404117820524863,0.7163306805646145,11
sp|Q9Y388|RBMX2_HUMAN,0.7438091848687955,0.03437365453987181,8
sp|Q9Y394|DHRS7_HUMAN,0.17096789999026551,0.6152305849056889,11
sp|Q9Y399|RT02_HUMAN,0.31493378974050434,0.3754412175948389,10
sp|Q9Y3A2|UTP11_HUMAN,-0.4365070133315427,0.2072221853109151,10
sp|Q9Y3A3|PHOCN_HUMAN,-0.16747607192551853,0.8928766128627978,3
sp|Q9Y3A4|RRP7A_HUMAN,-0.18867146684035774,0.5784950742170392,11
sp|Q9Y3A5|SBDS_HUMAN,0.021971471667842774,0.9488746117327962,11
sp|Q9Y3A6|TMED5_HUMAN,-0.7633972370657081,0.04582612183241146,7
sp|Q9Y3B2|EXOS1_HUMAN,0.09912282927094343,0.7718472575225416,11
sp|Q9Y3B3|TMED7_HUMAN,-0.09041600832476755,0.8038239695783291,10
sp|Q9Y3B4|SF3B6_HUMAN,0.12693139826957214,0.7099652778980616,11
sp|Q9Y3B6|EMC9_HUMAN,0.3063588849518254,0.5039682172852142,7
sp|Q9Y3B7|RM11_HUMAN,-0.09405151829577964,0.783273201920655,11
sp|Q9Y3B8|ORN_HUMAN,-0.16632398507894666,0.6250039769202813,11
sp|Q9Y3B9|RRP15_HUMAN,-0.0077269763943908915,0.9820112335918142,11
sp|Q9Y3C0|WASC3_HUMAN,0.3394744592633404,0.33722396241699343,10
sp|Q9Y3C1|NOP16_HUMAN,-0.5872874122958209,0.05747251443973367,11
sp|Q9Y3C4|TPRKB_HUMAN,0.025158400691789984,0.9487747525022197,9
sp|Q9Y3C6|PPIL1_HUMAN,-0.6741088331630192,0.022924905990125536,11
sp|Q9Y3C8|UFC1_HUMAN,-0.548009817767169,0.0809344107433326,11
sp|Q9Y3D0|CIA2B_HUMAN,0.018545138708567943,0.956840352714742,11
sp|Q9Y3D2|MSRB2_HUMAN,0.4963878974624487,0.12040527314244533,11
sp|Q9Y3D3|RT16_HUMAN,0.36453391738195334,0.3003655479100661,10
sp|Q9Y3D7|TIM16_HUMAN,0.8036498110301251,0.10131114379844414,5
sp|Q9Y3D8|KAD6_HUMAN,-0.09982345008930038,0.814070705129161,8
sp|Q9Y3D9|RT23_HUMAN,-0.1640092677742519,0.6298958687271856,11
sp|Q9Y3E1|HDGR3_HUMAN,0.397670755530411,0.22582566220183467,11
sp|Q9Y3E2|BOLA1_HUMAN,-0.5991529878220622,0.40084701217793794,4
sp|Q9Y3E5|PTH2_HUMAN,-0.4349303159921454,0.18126244764443916,11
sp|Q9Y3E7|CHMP3_HUMAN,-0.13141497130118557,0.7001236452330369,11
sp|Q9Y3F4|STRAP_HUMAN,-0.43870516481925326,0.17707355453907317,11
sp|Q9Y3I0|RTCB_HUMAN,0.3579292392681021,0.2797933793870113,11
sp|Q9Y3P9|RBGP1_HUMAN,0.2497951471763253,0.45882423435616665,11
sp|Q9Y3Q8|T22D4_HUMAN,0.6030101063121038,0.08562760960953877,9
sp|Q9Y3T9|NOC2L_HUMAN,-0.5816773637895755,0.06049710994746524,11
sp|Q9Y3U8|RL36_HUMAN,0.2559854766529892,0.44738825491648504,11
sp|Q9Y3X0|CCDC9_HUMAN,0.23256155688839417,0.4913538452700527,11
sp|Q9Y3Y2|CHTOP_HUMAN,0.5464278047569158,0.08199433054729048,11
sp|Q9Y3Z3|SAMH1_HUMAN,-0.5956350673557502,0.05316514470468745,11
sp|Q9Y421|FA32A_HUMAN,-0.21920149736504324,0.7231554385261271,5
sp|Q9Y450|HBS1L_HUMAN,-0.04080193762117243,0.9051888191832523,11
sp|Q9Y478|AAKB1_HUMAN,0.44247885908596857,0.17294561765456937,11
sp|Q9Y484|WIPI4_HUMAN,0.1800228816959114,0.6430209987561161,9
sp|Q9Y487|VPP2_HUMAN,-0.009220487761436247,0.9812175073188221,9
sp|Q9Y490|TLN1_HUMAN,0.7942356838996076,0.0035032815242291653,11
sp|Q9Y496|KIF3A_HUMAN,-0.11638367099158863,0.7332731305756458,11
sp|Q9Y4A5|TRRAP_HUMAN,0.44627263134248324,0.16885575553295065,11
sp|Q9Y4B6|DCAF1_HUMAN,-0.13391252901163475,0.6946591934762874,11
sp|Q9Y4C2|TCAF1_HUMAN,-0.10704632023787274,0.7540770673481457,11
sp|Q9Y4C8|RBM19_HUMAN,0.16434680622119932,0.6291816825901729,11
sp|Q9Y4E5|ZN451_HUMAN,-0.5443358926142142,0.16305851132601304,8
sp|Q9Y4E6|WDR7_HUMAN,0.30608726117411855,0.3599669235934778,11
sp|Q9Y4E8|UBP15_HUMAN,-0.16828873758825974,0.6208623133616937,11
sp|Q9Y4F1|FARP1_HUMAN,0.32752540866601143,0.32549934517502255,11
sp|Q9Y4G6|TLN2_HUMAN,0.46388648647667247,0.15065199694897963,11
sp|Q9Y4H2|IRS2_HUMAN,0.3361889443958146,0.3120915453483069,11
sp|Q9Y4I1|MYO5A_HUMAN,-0.20583845894619895,0.543712618523046,11
sp|Q9Y4K3|TRAF6_HUMAN,0.8091805818845654,0.3998227873217269,3
sp|Q9Y4K4|M4K5_HUMAN,0.08330711439212081,0.8076058523367861,11
sp|Q9Y4L1|HYOU1_HUMAN,-0.34017977014281914,0.3060176203405955,11
sp|Q9Y4P1|ATG4B_HUMAN,0.27549617859066056,0.47305977124268267,9
sp|Q9Y4P3|TBL2_HUMAN,0.27025184340115105,0.42154994989793526,11
sp|Q9Y4P8|WIPI2_HUMAN,-0.21365105741973162,0.5281735387585762,11
sp|Q9Y4R8|TELO2_HUMAN,-0.08741289351137341,0.8230539218346524,9
sp|Q9Y4W2|LAS1L_HUMAN,0.2176903988405901,0.5202132043371125,11
sp|Q9Y4W6|AFG32_HUMAN,-0.5822662305290407,0.06017466595021554,11
sp|Q9Y4X5|ARI1_HUMAN,0.6445465931042474,0.03228450857620584,11
sp|Q9Y4Z0|LSM4_HUMAN,0.06707119540379315,0.8446610010405085,11
sp|Q9Y512|SAM50_HUMAN,0.6969166026410528,0.0171611682966052,11
sp|Q9Y520|PRC2C_HUMAN,0.2587479062596265,0.44232837843718087,11
sp|Q9Y530|OARD1_HUMAN,0.5012322424789817,0.11626164287512322,11
sp|Q9Y570|PPME1_HUMAN,0.4279976570488382,0.1891113220646291,11
sp|Q9Y580|RBM7_HUMAN,-0.11197773145407636,0.7430705330184555,11
sp|Q9Y5A6|ZSC21_HUMAN,0.7508659083732913,0.24913409162670863,4
sp|Q9Y5A7|NUB1_HUMAN,0.1509936586242103,0.6576472628459193,11
sp|Q9Y5A9|YTHD2_HUMAN,0.3287125666202196,0.32364417730847594,11
sp|Q9Y5B0|CTDP1_HUMAN,-0.12652166757210365,0.7276218604113006,10
sp|Q9Y5B6|PAXB1_HUMAN,0.10503990507141536,0.7585671317511383,11
sp|Q9Y5B8|NDK7_HUMAN,0.41566865445070184,0.20356932439951161,11
sp|Q9Y5B9|SP16H_HUMAN,0.760048489915832,0.006632813269814576,11
sp|Q9Y5J1|UTP18_HUMAN,-0.06806574210283772,0.8423822781310859,11
sp|Q9Y5J7|TIM9_HUMAN,-0.5193367454277928,0.10159399432079651,11
sp|Q9Y5K5|UCHL5_HUMAN,0.35162834359893114,0.2889543672638151,11
sp|Q9Y5K6|CD2AP_HUMAN,0.0684948841433945,0.841399354384967,11
sp|Q9Y5K8|VATD_HUMAN,-0.21836047601206038,0.5188976212849123,11
sp|Q9Y5L0|TNPO3_HUMAN,0.0581273314706858,0.8651995171404607,11
sp|Q9Y5L4|TIM13_HUMAN,-0.23113166899968654,0.4940975658604894,11
sp|Q9Y5M8|SRPRB_HUMAN,0.216922186442569,0.5217231950754477,11
sp|Q9Y5N5|N6MT1_HUMAN,0.5270561150855264,0.14483037123825362,9
sp|Q9Y5P4|CERT_HUMAN,0.19952293560072878,0.5564086040719547,11
sp|Q9Y5P6|GMPPB_HUMAN,0.737785544387084,0.009546391071955939,11
sp|Q9Y5Q8|TF3C5_HUMAN,0.23538258710890694,0.48596055495387985,11
sp|Q9Y5Q9|TF3C3_HUMAN,-0.3327703762004381,0.3173459340872018,11
sp|Q9Y5R8|TPPC1_HUMAN,-0.36225132290403106,0.37786049476193284,8
sp|Q9Y5S2|MRCKB_HUMAN,-0.5892992224799787,0.056413442336351365,11
sp|Q9Y5S9|RBM8A_HUMAN,-0.168952443993822,0.6194654536149402,11
sp|Q9Y5V3|MAGD1_HUMAN,-0.05391350072971575,0.8749028095945657,11
sp|Q9Y5W9|SNX11_HUMAN,0.14416608787033797,0.8170798735933158,5
sp|Q9Y5X1|SNX9_HUMAN,-0.51006569952045,0.10894487314547029,11
sp|Q9Y5X2|SNX8_HUMAN,0.5226665662208176,0.18385098903753275,8
sp|Q9Y5X3|SNX5_HUMAN,-0.1392805982923077,0.682958619013292,11
sp|Q9Y5Y0|FLVC1_HUMAN,0.07073705468386846,0.8460346349694852,10
sp|Q9Y5Y2|NUBP2_HUMAN,0.35139207940668116,0.35377685556371885,9
sp|Q9Y5Y5|PEX16_HUMAN,-0.2899134815114142,0.5773133666813901,6
sp|Q9Y5Z4|HEBP2_HUMAN,0.05785153089374295,0.9133195124003864,6
sp|Q9Y605|MOFA1_HUMAN,-0.2748912615852488,0.474071865941011,9
sp|Q9Y606|TRUA_HUMAN,-0.56874961961391,0.06787406024091656,11
sp|Q9Y608|LRRF2_HUMAN,-0.07011395852875757,0.8376928026068484,11
sp|Q9Y613|FHOD1_HUMAN,0.29657263727240607,0.3758419988221616,11
sp|Q9Y617|SERC_HUMAN,0.253542238500003,0.45188587747274495,11
sp|Q9Y618|NCOR2_HUMAN,-0.42241005682192934,0.19558447390396427,11
sp|Q9Y619|ORNT1_HUMAN,-0.09257268979099693,0.7866124332323693,11
sp|Q9Y639|NPTN_HUMAN,-0.26228063521598655,0.4358970192938177,11
sp|Q9Y657|SPIN1_HUMAN,-0.2542914612106495,0.450504447650023,11
sp|Q9Y673|ALG5_HUMAN,-0.38098347143351785,0.2773947196788705,10
sp|Q9Y676|RT18B_HUMAN,0.4934706504159106,0.12294566726301685,11
sp|Q9Y678|COPG1_HUMAN,-0.1127003185411283,0.7414613433483797,11
sp|Q9Y679|AUP1_HUMAN,0.17201729190485068,0.613029760278918,11
sp|Q9Y680|FKBP7_HUMAN,0.3103572265498924,0.35295699461198554,11
sp|Q9Y692|GMEB1_HUMAN,0.27743443347616703,0.5058866927457726,8
sp|Q9Y696|CLIC4_HUMAN,0.23953783066279657,0.4780647748198994,11
sp|Q9Y697|NFS1_HUMAN,0.11871525360888166,0.7281027543162164,11
sp|Q9Y6A4|CFA20_HUMAN,0.11720387761277509,0.7822469362127609,8
sp|Q9Y6A5|TACC3_HUMAN,0.016906366631834313,0.9606515601903121,11
sp|Q9Y6C2|EMIL1_HUMAN,-0.12062626736342486,0.7238725674783197,11
sp|Q9Y6C9|MTCH2_HUMAN,-0.1131915958231547,0.7403678069421772,11
sp|Q9Y6D5|BIG2_HUMAN,0.42008559285974545,0.26028074644017685,9
sp|Q9Y6D6|BIG1_HUMAN,0.3313032309627668,0.3196154628712173,11
sp|Q9Y6D9|MD1L1_HUMAN,0.3445307530128976,0.29946953431962403,11
sp|Q9Y6E0|STK24_HUMAN,0.0012315160031609595,0.9971327778729132,11
sp|Q9Y6E2|BZW2_HUMAN,0.5630901687087466,0.07128592981618254,11
sp|Q9Y6G5|COMDA_HUMAN,-0.4086387216168775,0.21210000274868968,11
sp|Q9Y6G9|DC1L1_HUMAN,0.003366194850712184,0.9921628969326791,11
sp|Q9Y6I3|EPN1_HUMAN,0.409775686376406,0.2107061907045769,11
sp|Q9Y6I4|UBP3_HUMAN,0.7177812733168205,0.1082321192627548,6
sp|Q9Y6I9|TX264_HUMAN,-0.35171875496425653,0.2888217577995063,11
sp|Q9Y6J0|CABIN_HUMAN,-0.24156610188981564,0.5643755803881246,8
sp|Q9Y6J9|TAF6L_HUMAN,0.5477274244119497,0.08112293713118798,11
sp|Q9Y6K1|DNM3A_HUMAN,0.11836185582311105,0.728885779690498,11
sp|Q9Y6K9|NEMO_HUMAN,-0.07615986056645432,0.8238785896894011,11
sp|Q9Y6M1|IF2B2_HUMAN,-0.1262360076633624,0.7114952991227056,11
sp|Q9Y6M5|ZNT1_HUMAN,-0.7393692034907028,0.05754688488950696,7
sp|Q9Y6M9|NDUB9_HUMAN,-0.7159034068699811,0.013223648364677298,11
sp|Q9Y6N5|SQOR_HUMAN,-0.1654455255441346,0.6478326160645259,10
sp|Q9Y6N7|ROBO1_HUMAN,0.11728977577451442,0.7312626134322887,11
sp|Q9Y6R0|NUMBL_HUMAN,-0.06513593296229413,0.8490981585615917,11
sp|Q9Y6V7|DDX49_HUMAN,0.08021380163777835,0.8146406162609331,11
sp|Q9Y6W5|WASF2_HUMAN,-0.29426385843335645,0.37974679978182846,11
sp|Q9Y6X3|SCC4_HUMAN,0.5504061411379457,0.1246408766216114,9
sp|Q9Y6X4|F169A_HUMAN,-0.23779301631490574,0.5082567022732787,10
sp|Q9Y6X9|MORC2_HUMAN,-0.46336141345025855,0.1511760652256898,11
sp|Q9Y6Y0|NS1BP_HUMAN,0.17719122421120928,0.6243362149641789,10
sp|Q9Y6Y8|S23IP_HUMAN,0.17510091341939202,0.6065792993246596,11
