ProteinName,TMT,LFQ
A0AVF1,8.025604262231758,18.599443311409516
A0AVT1,11.43696515154872,20.18437064961949
A0FGR8,10.668195448185537,19.50981562909254
A0JNW5,6.789212118630999,16.30210210702196
A0MZ66,10.372621272856351,19.316588658170875
A0PJW6,11.062917699470082,20.630237347089903
A0PK00,11.87770913016283,19.710278666962285
A1L020,11.14130661067726,20.60771959725811
A1L0T0,10.905791216582923,20.038085794514746
A1L390,8.697231023703832,17.123481654539724
A1X283,11.23586323614841,20.25634824614912
A2RRP1,9.253000203410032,17.584613273094533
A2RUC4,9.615253052692617,19.242146017018296
A3KMH1,9.548193634745774,19.483233968129625
A3KN83,10.404025579066888,18.149717087528824
A4D161,10.779194082955852,19.71711481673533
A4D1E9,11.293500559927157,19.643644842013394
A4D1P6,9.832887362329696,18.27918760934989
A5D8V6,9.951473402220486,22.516876914724907
A5YKK6,9.842688884394155,18.41973303378924
A6NCE7,16.02261561045583,24.778964210971857
A6NDB9,10.540374683791978,18.700951765136875
A6NDG6,12.62634136524798,21.53778339453771
A6NDU8,10.839650568544613,21.005212693168605
A6NFI3,9.796579451937015,20.67214704290997
A6NGN9,12.556535242367726,21.02012486656497
A6NHL2,7.657025817162536,21.22126608885046
A6NHQ2,13.470399046318152,23.627009439658295
A6NHR9,10.399090071298062,19.837783704788322
A6NIH7,11.210195712960159,21.114765860228722
A6NJ78,10.88935830109611,19.593022589777526
A6NKD9,9.959823626136936,19.274167307985813
A6NKG5,11.088675317640678,21.891533003610302
A6NNE9,6.183581245073131,17.752045198384405
A6ZKI3,13.407979319623303,19.58700604110025
A7E2V4,9.030596022735148,17.034751812634365
A7KAX9,7.772804499998385,18.404730364685157
A8CG34,11.60673355543287,20.233350513088
A8MT69,14.471205291352964,22.8451932309134
A8MVW0,10.276836106345927,19.317344155497796
A8MW92,9.442248732404769,18.62497733118548
A8MWD9,13.721213310302494,26.28586617990177
A8MXV4,10.863604785213829,21.239105202586146
A9UHW6,11.983189668814141,20.841111028597307
B2RUZ4,11.267131691663257,22.338134989252374
B7ZAQ6,10.719085926390811,20.483235901199457
C4AMC7,9.123930404962426,19.957802768833066
C9J7I0,14.634104735071688,22.430267113537656
C9JH25,10.941420995320538,19.48623397389482
C9JLW8,13.739773852146342,23.356080965832867
E9PRG8,14.926106881383019,24.369196439016026
L0R6Q1,15.155427386609336,22.694330536911707
L0R819,13.707349604682353,22.71464320175744
O00115,12.6992836558426,22.0682737483268
O00116,11.73127346508312,21.220007183714134
O00139,11.485598799682569,20.664307182889132
O00148,12.25687272214009,22.183212807115094
O00151,11.861142740549424,22.36178803982812
O00154,12.376201332652075,23.948090482107464
O00159,10.694246052949266,20.643791475274433
O00161,13.142422601249946,22.42453627488978
O00165,12.392558846255824,21.134682702437782
O00170,12.483559078343298,22.18509345203829
O00178,10.043360293240108,19.655536865499005
O00186,11.417278677642324,20.069372670571372
O00189,7.56774348656236,18.464904065764582
O00192,9.196164024008425,18.937784210056215
O00193,14.874454356934516,23.31960394590384
O00203,11.189706182213026,20.37824942731248
O00213,9.992747702514249,19.2236902572765
O00214,11.970363607290668,20.582548444562523
O00217,11.701719529777153,22.440996173759107
O00231,11.90357540689498,22.297371941933516
O00232,12.37537711324582,22.476088176916083
O00233,13.73008002114677,23.5063796436591
O00244,16.507476413261255,25.927130274844078
O00255,12.22062142692378,20.18664030758467
O00257,11.13860622234531,19.225104030663093
O00258,13.024665618947042,21.931755484588667
O00264,12.484040143131015,24.849204440111972
O00267,11.361313994932782,20.045973325950314
O00268,10.204108762249726,19.666626008091693
O00273,11.962526606000726,21.496743857908676
O00287,12.313726546140712,21.164763177972876
O00291,10.468522975496374,20.233793931205785
O00299,12.233906949187773,24.685245193789825
O00303,12.49638224783836,23.30209848386
O00308,8.484140229624147,18.19284339255468
O00311,10.696289665871749,18.465293605233885
O00330,12.061216130786848,20.014853864406458
O00391,9.883847311916476,18.624031943019787
O00399,13.498857663414634,22.049428719420636
O00400,11.946058647208853,19.831035373922422
O00401,11.716156962930024,21.29433348650153
O00410,11.230154733038068,20.88874048588117
O00411,10.020665457745212,18.85578131487914
O00422,14.404203440607414,23.03795971785361
O00423,10.294875300580959,18.826721315253305
O00425,12.543306777847457,22.3117076535605
O00429,11.8086776854056,20.754353122854198
O00442,11.627993512902458,21.251250863209872
O00443,9.733878153208721,17.763315641907937
O00458,11.944057483783265,20.546626686882014
O00459,9.390451812301482,18.264403495166587
O00461,11.16677818148391,20.564753915236984
O00462,9.56665604000192,17.689797067629527
O00468,9.19549443529662,17.536428778886307
O00469,10.95656420098993,20.54980452313569
O00470,10.125284306685307,19.391157453857506
O00471,10.58815963326536,20.050327733374814
O00478,9.507086215383815,19.310002313894135
O00483,13.928216394269802,26.009973126712637
O00487,12.877948339686874,23.52570766826911
O00488,11.75141332752422,22.461999815376945
O00499,11.330159045691872,21.397682366385542
O00505,11.83368511296533,22.340621456555546
O00506,8.487715140564921,18.66966645105209
O00512,9.672826237472789,18.31276703723414
O00522,11.100830738658804,18.263855307750035
O00541,12.498447768050776,20.856564708870955
O00559,11.281185885090142,20.86308314455678
O00560,13.870089412175364,23.21998537108329
O00562,8.94606988040886,17.871229959088506
O00566,12.02882922078816,20.97383514270719
O00567,11.100951099711413,21.762329012545568
O00571,12.500664129115762,22.027204404991416
O00584,11.957914044589527,22.01159132990507
O00592,13.426810361162488,22.04496544723778
O00622,9.138250464684072,20.060387504269837
O00625,11.440300990754762,22.63254172487755
O00629,12.36429000434788,22.650932062070453
O00712,10.927047727697747,21.84539975971979
O00716,10.612054102886974,19.046321371990263
O00743,14.157039506887962,21.983943346885468
O00746,13.059599420419673,22.059328990312473
O00754,10.404392010273352,19.5084503473123
O00762,11.960350514917916,22.217313754288515
O00764,11.131391309863597,21.707149722657398
O00767,11.899738947334336,21.528268145025713
O14497,10.11953673724685,19.64753116652165
O14519,14.194760162646205,22.33902329813052
O14523,9.797937693845919,19.410664662729832
O14529,6.664268347226955,17.740817146630366
O14530,13.035825315556993,22.264650150867368
O14531,11.918127696200477,21.44249879992729
O14545,7.060505359583158,20.08921898952414
O14548,13.499265456304451,22.06263428750462
O14562,13.303991800213213,23.503532240704057
O14578,8.853873061914651,17.25501757117956
O14579,13.625495039343859,23.493491355093887
O14617,10.8782942814487,19.853734079527317
O14618,11.70826619376622,23.02470000845992
O14628,7.990579891541689,18.079364538355787
O14639,9.470951848139226,19.850297445203474
O14641,9.53407952209853,20.181017801139213
O14646,10.284791913669517,18.318742457277526
O14647,8.956080062388267,19.042248018187124
O14653,11.889772442118213,22.405296775421487
O14656,12.599034215651521,21.598407631024994
O14657,13.879906100284575,21.136945559329266
O14662,11.680915024847243,20.435462163174623
O14672,9.812580927027128,19.996434410064154
O14678,10.981034259131,19.277840440137627
O14683,12.735781030829028,22.754815751765246
O14684,13.478117081619525,23.042072926282774
O14686,7.636366219534826,16.10639448529021
O14713,11.403199862262964,20.85658478529354
O14727,8.824156940183816,20.065879153160697
O14733,12.33252423972676,19.887066398768493
O14734,12.450528701191411,21.52297851047866
O14735,12.364372507680741,23.154404808736654
O14737,14.236971810881554,24.258945830907003
O14744,12.648846859804046,21.299288423090367
O14745,12.858262979492826,22.229068400015674
O14757,11.392607632199564,19.48006082918699
O14763,9.474398107729227,20.844486599115214
O14770,11.076428711440423,20.866723213016407
O14772,9.704017026803472,17.452845435902848
O14773,12.023524178048305,22.167954854483693
O14776,11.944330410400529,21.45374057206487
O14777,11.25478931420334,20.053814317474597
O14786,9.260409478526404,18.765599988188555
O14787,11.918903376265412,20.08615397455435
O14795,8.24540003344877,17.310886878686656
O14802,10.116433698877723,18.29078867948819
O14810,11.155911811678848,22.71437948101749
O14813,13.698773004558916,23.17720261561808
O14818,14.136600836871697,25.02738063672891
O14828,12.33388064070895,23.247899287897805
O14832,10.896666382376477,19.27350069935958
O14874,12.108095493976585,20.176148794850487
O14879,8.881222885393273,22.592617215689987
O14880,15.234760150483115,23.771082935720923
O14907,14.242208971544969,23.996084450756133
O14908,10.21054711904648,21.671480574415526
O14920,10.76606348550255,18.49639911572939
O14924,6.82366116305422,17.783357738414473
O14925,13.516276209883396,22.460163641210638
O14929,12.050657706280923,24.359382623910875
O14933,14.272105401204234,22.623829581077814
O14936,10.85672173025571,19.150784516307795
O14949,13.206495809337278,22.659254368754947
O14964,12.295802843921244,22.099653379620435
O14965,11.346942265409854,19.34854898802118
O14966,11.70845734177475,21.498430879009902
O14967,11.854775885346337,20.56212332923061
O14972,10.943330311237872,20.3314764573836
O14974,11.060360512579198,19.99132871749635
O14976,9.486844852612377,19.00146377543029
O14979,12.632010573522344,24.936217893886482
O14980,11.495393461755928,20.97100823585533
O14981,9.199285560019081,18.558626313758477
O15013,9.955043500793428,18.32211370627881
O15014,9.402672060039276,18.83964190944599
O15020,8.89406476392418,17.833535580620996
O15027,9.646538954689612,20.387920545542844
O15031,10.52868916940698,18.376455284134874
O15034,9.426597138367747,18.365354139580898
O15037,9.82507531522766,17.5100350152661
O15042,11.263891058192074,21.04451578040211
O15047,9.30270680084349,18.23155505686969
O15054,8.52095241913622,16.58584549564951
O15056,8.740566152793539,16.2515732132209
O15061,8.37295092504645,17.574327936007503
O15063,9.204150899989138,19.71448541154578
O15066,10.61409207015891,18.986631433176363
O15067,10.336498340920082,20.407330987256383
O15068,9.394175949233718,17.721232618146356
O15069,10.350703679039619,19.80056871349576
O15075,10.95962548883348,19.956005373902066
O15078,8.510638279188655,17.07404564113699
O15084,8.19206869566391,18.768150914726125
O15085,10.06326989514243,18.076344954817372
O15090,10.315872475719404,18.36411194392963
O15091,11.634223217675453,18.561959860119796
O15111,10.841914062471528,19.410130950602277
O15116,13.197174695391478,23.631319162039414
O15118,10.895091378790632,19.32898010815353
O15119,12.846439308328994,19.890843016013743
O15120,8.18462204875239,20.356204032662355
O15121,12.677353626849422,21.978803596659994
O15126,12.717625060903835,22.723415740762842
O15127,12.466112431794489,22.794452102219026
O15143,13.554243926261872,22.79165464893448
O15144,14.093078087730692,23.60971131440914
O15145,15.098649911607746,24.93335248547217
O15155,15.563906777104581,24.079626828781304
O15160,12.224100136550488,21.827301543412364
O15164,10.026210325913645,19.430298501592862
O15173,12.596349366660554,23.472385908688594
O15182,13.074871501819231,21.897638922016885
O15211,11.207520514331549,18.398644097697105
O15212,15.199504874650142,24.84674772168893
O15213,11.253513168260325,20.125902221906514
O15217,10.386639662091644,20.418580934575328
O15226,11.954679082204901,20.475340647282056
O15228,11.538915445507175,19.548469793524735
O15230,6.883122407940797,16.728144572289082
O15231,10.285524975799591,19.843046090284894
O15234,11.015736456632245,20.197707189953203
O15240,11.983865435683482,24.904473626116438
O15254,10.704915829283484,19.552227933729462
O15258,14.045848770607126,23.65767337981317
O15260,12.544671580287934,21.67006724604765
O15269,11.819171932377788,21.59797966821981
O15270,11.467746834023806,20.041928333986256
O15294,10.506860404487709,20.057295408133736
O15297,6.9067660900624235,17.065616682051765
O15305,11.74742116573961,22.572491360257693
O15321,11.807227988086378,20.837898728134686
O15344,10.478131583338012,19.674071874424737
O15347,13.444551169525063,25.531470724290926
O15355,12.464612417814568,23.751518339744976
O15357,10.430025346293807,18.574018899270175
O15371,12.813796734057314,22.300003179739775
O15372,12.486298509652412,23.425732536001497
O15379,8.526180125243519,20.242585195163258
O15381,10.63618601548147,19.679104324366627
O15382,11.986622053256186,20.751243315399137
O15392,15.055051840666222,22.34363646146778
O15394,8.543517303522677,18.40283326218988
O15397,10.10301922979134,20.656121984056277
O15400,12.226991226072899,22.448399877627434
O15427,11.890011187240736,20.599142734380372
O15431,12.986026737863703,24.121403747454632
O15439,9.455919212517433,17.17105075811682
O15440,11.025936709032747,16.61074423652359
O15446,11.452006224860718,20.610353868518143
O15460,11.934280007945425,21.11224062149402
O15484,11.282807102034214,20.055213652295432
O15498,14.071347956512927,22.858253972696534
O15504,12.388204199550344,20.266015947953456
O15511,14.6016048250853,24.594150647559236
O15514,14.413845465285206,22.899633898574674
O15525,12.044899559360976,21.528994036301455
O15533,13.391340422093332,20.876901282614906
O15541,12.1565748995695,20.507936686354242
O15550,10.574898298582708,17.228252714731344
O43143,12.22916684016987,22.275621627569294
O43148,11.607272758934032,21.70367918789708
O43149,8.78070163292893,16.355239707034034
O43150,9.414321519870791,19.08398024969037
O43156,10.014661153799157,18.771859535624845
O43157,7.620985248621455,17.732262560731225
O43159,12.148145741264877,21.251489223034245
O43164,9.769317498406439,19.159197257933577
O43166,8.765507783415655,17.914269800489212
O43169,12.251801499540944,24.638758118069244
O43172,12.43995317853545,21.743146719066612
O43173,10.743703890790337,18.77034085284946
O43175,13.20454936806686,23.940064055799322
O43181,13.812211295194652,22.755334510417082
O43237,12.846650467953967,21.846701250270417
O43242,12.576945794608223,22.347085572867318
O43251,12.492558110417068,20.529599164820844
O43252,11.553825948796087,21.43926098536469
O43264,11.123364526932177,20.23044164727827
O43281,10.436018494681946,19.704188891183463
O43290,11.447355422720422,20.90265633052024
O43292,12.225876495297362,20.583062202361006
O43293,11.373984466517607,20.1508851859657
O43294,10.244929141583777,18.94269379842655
O43299,9.277621966707034,17.06766794712275
O43301,10.114697087132885,19.22034476389708
O43303,10.429853400128831,19.360160137491633
O43306,8.176169797177423,18.07603505595505
O43310,9.994199669261905,18.922817049466147
O43314,9.525887464542825,18.32412220002581
O43318,10.452543220017379,19.78331951237872
O43324,14.545545848742114,23.142681881213132
O43347,11.647488621484017,22.01860464918648
O43353,11.316627678499923,20.725763146304278
O43379,8.416684209411416,18.0526898164054
O43390,12.127915181532371,23.404532492149087
O43395,11.482248513025581,21.18503304090496
O43396,12.544337925873373,22.91942682282137
O43399,13.873989199569534,24.23885905816433
O43402,13.882666153598633,21.92781349107101
O43414,13.828562134145166,21.934038151700523
O43426,8.744027959879212,18.212630089623005
O43427,11.793542107135297,20.458595448363646
O43432,9.962291850575982,19.032370488685356
O43439,9.334096549528114,18.795360251468676
O43447,11.974630372283215,23.735224964150955
O43463,10.609154935478626,20.180518059972616
O43464,10.617563217058777,21.595378952932403
O43488,11.078599402202627,22.364678620531972
O43491,9.886402280127124,18.722223392438845
O43493,11.3953675969065,20.21716270430525
O43504,14.284920011681672,24.243513304500286
O43505,10.540062636216346,20.395674400888296
O43513,12.142090791224572,20.95235805435822
O43516,10.647203221560948,21.288042951119944
O43524,9.205164934628518,19.03032559893659
O43542,9.617711636690759,18.62921494869279
O43572,8.63393261502443,19.64684160308971
O43583,14.474187206414388,23.851850159369388
O43592,10.050314297278895,22.112674692347653
O43597,8.728788891312309,19.013348044133313
O43598,14.112866800091384,22.855277410708485
O43602,11.724177298711682,22.071690774942493
O43609,9.862657911383081,23.514091909952228
O43615,11.110537795347163,21.587165785257557
O43617,13.517665253528355,22.89471278808743
O43633,13.267049172623784,24.267421012674223
O43639,11.283720381599489,19.923284649929307
O43657,10.321418423133222,22.539648693838004
O43660,11.637442902397027,20.942524922145868
O43663,11.338675872206059,20.559329718708057
O43665,14.469476886328,21.217532072319568
O43670,15.46110499716409,24.767707631440242
O43674,13.193324527315946,23.004572643798497
O43676,14.150476356752458,24.040588930589735
O43678,13.941528536630035,23.426829898974812
O43681,12.607644611045673,22.79162699644889
O43683,8.175754957249085,17.85100053593929
O43684,12.789394813664533,23.932198626907525
O43688,11.799428975523703,20.690837375115418
O43707,11.661976380582239,22.095303951870953
O43708,12.317959181903257,22.502484054916707
O43709,12.422555675161325,22.380426724383373
O43716,12.101196297941895,21.21841844524156
O43719,10.540421510271887,19.95144592475138
O43741,10.668260252965506,20.53272301414621
O43747,11.31819969013998,20.84061003197249
O43752,12.482440869338431,21.627062490376627
O43760,14.350072831897116,23.00780239244558
O43761,12.02547477903047,21.70901623541574
O43765,12.798112479411381,23.839819371769693
O43768,14.487470504940699,23.600092936378754
O43772,14.675529885058365,21.454431497413896
O43776,12.83498668026473,22.63288284712973
O43791,11.845228755459074,19.654950908793968
O43795,11.182968845388134,21.3392982624642
O43808,12.16345229294387,20.443181663593908
O43809,13.519084700054224,23.880312714782857
O43813,12.471869296312223,23.07324782341021
O43815,10.42856836956509,20.30688940304927
O43818,12.404412381580144,21.374016662481402
O43819,11.369724035729956,19.93439780370351
O43822,8.653490981989128,21.180433645961823
O43823,10.641287162525215,20.516296419801538
O43824,10.482933072726498,20.40619736697179
O43826,9.55174340345613,20.6134780068223
O43829,9.953079728855757,18.16272224281061
O43837,11.973996941984142,21.294954942022006
O43847,11.079582527536115,20.402674026740986
O43852,13.213837710853266,25.083890300034632
O43865,10.891156409408813,25.363499769528463
O43896,9.73843076948939,18.212988563845446
O43909,10.019142775312057,18.37994885304953
O43913,11.402875466277962,21.665484306765364
O43924,13.063227220584608,22.960100180315962
O43929,12.72247883243129,20.622257117795304
O43933,9.436832091789311,18.172693633361323
O60216,11.580018975107985,21.504924640709955
O60220,14.173434856045422,24.72255781164519
O60231,10.30899293847574,19.309943616463244
O60232,12.828320264667699,23.28061917145921
O60244,9.717058669431548,19.071539900274722
O60256,11.805766299104487,21.106903015529333
O60262,14.802009888637372,22.445099992780424
O60264,12.216209010899156,21.135243122018203
O60271,10.838833182504601,19.522811520855058
O60281,7.880088968260655,17.49731414253953
O60282,10.764816923058738,20.03111411053795
O60287,8.507881509346927,17.295084116545468
O60291,10.792254034427492,19.307069430364844
O60292,8.216679177471791,17.189080933300335
O60293,8.583080216200813,17.87784415444523
O60294,10.26447273189415,19.309600158316243
O60306,10.295912304446068,19.459346216327596
O60313,10.931187587596115,20.14287374177243
O60315,9.9680550815586,18.565941864031792
O60318,9.981855729642456,18.11158913748377
O60333,7.983356456476597,18.200878501563135
O60337,9.287427960255517,19.03292634569362
O60341,11.595327824537348,20.797168822134665
O60343,9.197238539547572,18.163145514305636
O60427,11.465729055530316,20.121020819047942
O60443,12.032893827411757,21.18999768700298
O60476,10.872278813876772,19.255976599928612
O60488,11.881877610337416,19.700079479761126
O60493,13.59803947092477,24.452436926147765
O60499,13.680348534021515,21.6631126512292
O60502,10.57395360977857,19.69524961834208
O60504,9.959321809659407,20.401881413031457
O60506,12.168929631050927,23.189072118624416
O60507,13.747767428322833,20.81051545792552
O60508,10.636859137179687,20.291070642856678
O60512,12.73432460676592,19.594495737381376
O60513,10.453175510245009,20.672889858641383
O60518,10.31487594702055,18.509070343803625
O60524,9.66139205619163,20.74849371946338
O60547,12.071048461764535,19.907002409985164
O60551,11.00730068934685,20.31196024138563
O60563,10.719874073495703,20.337382613263678
O60566,8.900830440801242,21.665472283869356
O60568,10.959484545271758,21.762613751900084
O60573,10.554611533498331,21.519610486560804
O60610,10.838446362741053,19.52701095144655
O60613,12.471011992330546,23.570502346620653
O60641,11.721914883385926,19.695862566040372
O60645,11.21394850067602,20.400195790624945
O60664,12.176711663518061,22.329512993018838
O60671,10.934717203399067,21.48201521033149
O60678,11.878764161401357,19.86684804514725
O60684,10.657765720522876,22.66713178736158
O60701,11.5300411959842,22.021906143874347
O60716,11.178923961600066,20.943671883119602
O60725,13.80606139970575,21.292854873929777
O60739,14.416668502474,25.603789307544044
O60749,11.82492288733914,21.34182747602925
O60762,12.724799500342591,23.568134482020863
O60763,12.18807669167964,20.897468271077294
O60784,10.909072333689615,20.588683530062664
O60825,10.509968910278984,18.94848741748453
O60826,10.071488136385671,19.27684324315014
O60828,12.95391447866364,22.94206702953602
O60830,12.18420215024816,21.352021866615587
O60831,15.536789996395521,25.003430540600924
O60832,12.854799712348118,21.731211137283104
O60841,11.620895435845682,21.201610437622225
O60858,11.523222593412381,19.084607939027272
O60869,13.828700968046778,24.852601656601053
O60870,11.269734952863127,19.9299380469336
O60879,10.333397876038404,18.640990674018052
O60884,13.801866534899084,22.000747431314586
O60885,11.21927952473671,20.225420226464436
O60888,13.940545228125162,24.014333732710835
O60890,8.617606794138315,23.02304691680988
O60902,10.007003826414218,22.321355038086626
O60907,9.467094628094964,15.62579444347434
O60921,13.17750351922638,20.38375159590182
O60925,12.893230833183969,23.236846167737728
O60927,11.494619505291903,22.914659035128988
O60930,10.763482861598105,20.801875152469396
O60934,9.975328199648382,19.22549002870833
O60936,11.126320878894271,21.605920693272036
O60941,11.806365214166958,21.778641430154206
O60942,10.133993713589346,19.42808803670487
O75027,10.965528448811035,18.872215670087577
O75044,11.552646172195828,19.307330196559455
O75051,9.341747729839444,17.439116376580024
O75054,10.123717054640164,19.17175070114832
O75061,9.94045315754934,19.51684032323438
O75063,12.6174556840502,20.36875250967025
O75064,10.467743169458354,17.746480580682366
O75083,12.160349623821663,22.641031593238992
O75113,9.57302407352989,18.0594209910331
O75116,10.214147046275242,18.971496461223644
O75122,9.661650749741577,18.984836897591745
O75127,10.212821545469437,18.99133194286307
O75129,8.154896165789694,18.252137795261756
O75131,11.986650025360278,22.276176448381534
O75132,10.146730087417627,18.292739856832597
O75143,10.846931399573968,18.885242808887554
O75145,7.848274928846178,17.825057004034267
O75146,10.242393953157224,18.601524734402595
O75147,8.929915626490704,17.438750747919432
O75150,11.224268133376299,19.768274924868503
O75151,9.668489886669876,17.524863053523735
O75152,11.428994911765402,22.304937482843876
O75153,9.66722627473248,18.823324883627446
O75155,8.888954688800636,16.91269324288772
O75157,11.927317189751118,20.770026697954368
O75164,9.900687277357186,19.840093447194256
O75165,9.039152190900008,18.285983198794273
O75170,9.74546804607107,17.959417499862397
O75173,9.979535292795019,18.492999314179883
O75175,11.81368185005412,20.75768968663252
O75179,9.228375797983162,17.910744477085352
O75182,9.565033083139934,17.87069516020251
O75190,13.070265475579532,22.278433467942115
O75191,9.846742862663392,18.50305942534342
O75208,12.729975476766345,22.864233053082348
O75223,13.469436411883398,23.43882859867606
O75251,12.485450027219947,22.597807701661537
O75306,11.003379087902625,21.085030016699438
O75312,11.972048075214893,21.1894559066291
O75319,12.386016614939628,19.602984107892947
O75323,12.054949745656371,22.629015403212513
O75330,10.386466661706145,19.15390850308626
O75340,13.44418180434763,24.034659158861587
O75347,14.109115019824783,25.690971842698303
O75348,12.969832535077677,24.875674290954368
O75351,11.826793141674809,21.64030666257708
O75362,8.391830196378319,17.09759900858825
O75367,12.739409970822402,24.55681980762137
O75368,14.013988910600471,23.93372706758604
O75369,10.41629733970475,20.10792437782407
O75376,8.438867534093744,17.29603978007507
O75379,13.713439674284261,23.39380848955408
O75380,14.233071226102762,22.253096188624365
O75381,12.90538978186075,21.977805143178536
O75382,11.481674275003433,19.380502167167187
O75386,11.100000294932382,19.98537395017046
O75390,12.441596897193435,23.660780694408302
O75391,11.662042810453901,22.219286347795595
O75394,16.608917102152326,24.238421431796265
O75396,13.645814492666926,23.808220201521024
O75400,12.161759778027928,22.110590777259866
O75410,9.776613102607833,18.985437808941377
O75414,11.507623631307268,23.159636667320086
O75419,9.890042469769305,19.445968163476365
O75427,10.482644195756233,19.64688103631806
O75431,11.953096508949514,22.80228511562576
O75436,12.902738652787086,22.304477466197145
O75438,14.7660530130184,23.14235343474221
O75439,11.57793937464753,21.525775888653108
O75446,13.13839487310972,22.061141891420977
O75448,9.871722387186315,19.031713082084604
O75449,10.399254620585664,19.033125305065564
O75473,10.203272214194902,18.412607353496835
O75475,13.667037790160618,23.38475448968958
O75477,12.159209969685602,21.82421093583203
O75489,12.580276958289737,22.460123266104116
O75494,13.96328185105219,25.039065026167453
O75496,12.418116830456565,21.76588814621091
O75506,12.719247910274683,23.949249384617502
O75521,12.14573002938419,21.976296668054765
O75525,14.207605318354082,23.008714489205037
O75528,9.58668414422686,21.558688684246324
O75529,8.452568668978117,19.83944467698767
O75530,11.05037480681769,20.598712351216083
O75531,14.846107376645485,26.483366234898607
O75533,11.789101096496736,21.27311836861693
O75534,11.919482558484818,21.702992480014604
O75554,10.782447569989126,21.13574748195185
O75569,13.363247963798534,22.67016662795442
O75586,12.336671376032463,20.669528394176787
O75592,7.800474155901012,16.623338188442606
O75600,9.750569483612153,20.932866752303465
O75607,14.003865160827871,23.066395628902928
O75608,13.801216881066734,23.980499396301628
O75616,11.620723450159407,20.230738188612428
O75643,10.945760626157782,20.405397106754855
O75648,9.51124225600112,21.001091234790273
O75663,12.857080426442351,22.1669662278813
O75674,11.947923013666447,21.05641958651203
O75683,13.33962744060221,22.697624951877852
O75688,12.808761200432397,21.325296073335345
O75691,9.258008267595379,17.85676702008166
O75694,11.179923668249232,20.62498616799875
O75695,12.778906630926134,21.857296817285402
O75717,10.337369458693042,19.53561117179338
O75718,11.936055963004739,21.685217539731564
O75746,9.932125400338284,18.833718199584297
O75781,11.262916749615774,20.871583387612787
O75787,12.376805991852944,21.96307247846474
O75792,12.580013788401743,22.16797736609175
O75794,11.592189933312572,20.673005576920012
O75808,7.0159551402497575,19.412512524386884
O75815,9.819783881119292,19.328113894833656
O75817,13.769482927431504,23.402836379559893
O75818,12.84262083974465,20.033823227104378
O75821,12.811438633509368,24.246124284460237
O75822,13.868210847795321,23.287234535161186
O75828,12.810103709672644,20.841043408870867
O75832,13.871031030037912,22.406088805187952
O75843,9.438885676956163,19.045074240691967
O75844,13.208327695298607,21.835643070109896
O75864,10.636620384452058,18.849938773736568
O75874,12.038483557107146,22.451535073131367
O75879,12.10875911521533,19.583846092562343
O75880,12.50405708139629,22.244354059251343
O75881,11.552639550569506,19.62546984836934
O75882,9.000177457884648,18.081079915197073
O75884,13.271140283385352,21.54925447755667
O75886,11.949473425765065,20.466040618371327
O75896,13.771000940563878,21.106228092471977
O75909,12.39721610453356,21.754540998320444
O75915,14.14418766165736,24.62518572790922
O75925,10.639793697036902,19.54710822492288
O75928,10.919415345463271,19.487503362909322
O75934,11.986145954972946,23.09637231084996
O75935,13.688730520355543,23.54533924702912
O75937,14.421223008007651,22.435138518425894
O75940,11.472687997710864,23.84690740699673
O75943,11.154223982360442,18.572267633513647
O75947,14.868500178640952,24.126063638984153
O75953,11.555759247571004,20.30127397527469
O75954,11.504551981049765,21.012699777287278
O75955,12.622659823586629,22.306485800964165
O75962,8.795590672708544,17.203000084667593
O75964,15.137985606112366,25.63963217201042
O75970,8.468317291120824,17.23732629290003
O75976,9.60578352461441,19.458358720215998
O76003,13.695622087674915,23.049028316635756
O76021,12.84891770546044,22.870771842412225
O76024,10.468741777774257,18.27637667394492
O76031,11.15161067968736,20.43207636075248
O76054,10.32775417303221,19.462980290410744
O76062,12.413229090090544,22.221280026475124
O76080,11.432480450254486,18.8588640363485
O76094,11.69534263809398,21.59835582499565
O77932,10.822172411673117,19.59549424888936
O94760,13.809307445558218,23.548781683738714
O94761,10.50194809126102,17.831484216966714
O94762,10.063929044559202,17.466936633480273
O94763,12.218350521754664,21.297457861810948
O94766,12.673808695079611,21.279404789124428
O94776,11.448876198360555,21.06638090221183
O94782,9.448918270102954,19.118000123710345
O94804,10.596001265127066,19.102818028742664
O94805,9.786218031266303,19.97510496393761
O94806,9.117733035570472,19.054459139079132
O94818,8.3445997930949,17.103043044741508
O94819,10.780414070362587,19.359086093702146
O94822,9.292982769175104,18.101787345869443
O94826,12.226587914470329,21.76222519179172
O94829,8.331315632425472,19.624777361501135
O94830,10.159455671239229,17.919546455099617
O94832,9.90516825717456,17.663292271948727
O94842,11.996112986934127,21.22432660221718
O94854,6.746316634817772,15.62774376644234
O94855,11.598476183684932,21.1483678495086
O94864,11.40989655692637,20.677149840836584
O94874,11.76434817337301,20.515767842819155
O94876,8.824253207753735,18.131927207663104
O94880,10.68143449297455,20.017485352730194
O94887,9.129100634662572,16.572311060275158
O94888,11.848331721743692,20.713870122245865
O94900,11.622588910009652,20.89307196958072
O94901,11.352755020107775,20.224601731555364
O94903,12.935757830581908,22.218326984268707
O94905,11.942669664907106,22.264018832543595
O94906,10.651780574648848,20.97761140765159
O94913,10.443019112343636,18.196362419176907
O94915,8.97103819834155,17.13706610980126
O94916,9.812796272979387,18.848969770955065
O94919,11.027443516502291,19.63230564106898
O94921,9.70823017376077,18.9346447200338
O94923,9.73289576356377,20.773958099489672
O94925,12.453938831905447,21.861100336643847
O94927,10.231929723057435,19.516758420869
O94953,9.72003172696256,17.719267304555462
O94955,10.909090982926177,20.026706766708767
O94964,9.197371398533608,17.62517042528722
O94966,9.360803805886821,18.609501347844386
O94967,9.796664968043006,19.6498315844017
O94973,10.871965329591347,22.765262069905848
O94979,12.252055437028188,20.947985607112194
O94992,12.154593672366882,22.048237293615443
O95067,11.905026359768101,18.81222575055944
O95070,11.038553512257762,22.154971347714078
O95071,8.9003139401155,17.97217016840018
O95072,9.94243364248631,18.843461896531682
O95104,12.184213762356093,20.995806113471346
O95139,13.860847436800231,22.677580913219053
O95140,10.59232197912289,19.491647810690168
O95149,10.991824477263252,21.0543237923172
O95155,10.130029595828669,19.507085400188245
O95159,12.831771290835345,22.08579373881067
O95163,10.02475200711841,19.324428376779093
O95164,12.191849418177677,19.94787633883679
O95167,13.850758702857014,24.23660882470482
O95168,14.620496045731027,23.754628851043925
O95169,12.226729466008852,21.81732684769478
O95182,11.963810908924904,22.69969592637586
O95185,10.833536895470683,19.770853897236503
O95197,9.115827905099666,22.558607419299108
O95202,11.949053382695949,20.975491653548133
O95208,10.951712959985723,20.999060537876204
O95210,10.440506102892906,20.275317524883864
O95218,12.151252558585307,23.247517689979738
O95219,11.952591969700652,20.573020881843856
O95229,12.449672490384398,21.595768304211216
O95232,12.759342929949838,22.77392054319255
O95235,11.060266058779641,19.000126832844614
O95239,10.383665442244142,19.18387799459206
O95248,8.335298059323735,17.255621709909555
O95249,10.234682483931829,21.47517026918944
O95251,9.971206004848252,20.3597232170299
O95260,12.569769886444897,19.83886813985714
O95273,10.978225768609287,21.38291907762727
O95292,13.671178574373966,23.48620394982894
O95295,13.332382911359169,22.477282329078893
O95297,14.205420521576649,22.65852880408856
O95299,12.345194492370682,21.835372466524124
O95302,12.259012104459845,22.054607004276328
O95336,13.969856721149082,23.283395190759304
O95340,11.730884335446095,20.19621665212817
O95343,11.156707470774693,19.69112363861908
O95347,10.90748972528027,20.59442436249405
O95352,11.57265996687156,19.002169019041432
O95363,12.099286775991176,20.093921007078777
O95372,14.219084108730135,23.31671480941748
O95373,11.453757488108877,21.518889846955155
O95376,11.321291929013169,20.549307066608296
O95379,11.81585367308356,21.34888507828259
O95391,10.161756557342501,20.036199158999597
O95394,11.278981700898495,21.259666040566575
O95396,10.62056223868833,19.40228570872466
O95400,11.98602760483891,22.740659172867748
O95405,10.387918899544285,17.73733329128393
O95425,9.057832253027145,17.464518102069814
O95427,9.201071165895165,21.20343215230229
O95429,9.334157432349395,20.61267655510632
O95433,11.755600989643645,23.432552755188215
O95453,12.118003766134574,21.98123364843158
O95456,11.611341025790672,23.47268051137128
O95470,11.647687764357427,20.825757638847293
O95478,13.762823858699427,21.741144801742134
O95479,10.603816366064384,19.57918092680073
O95486,10.658605349284127,19.486512574846437
O95487,10.902192314462928,19.49105617313296
O95490,10.66722406821757,20.017295406882372
O95544,10.963177545934496,20.077858401445937
O95551,11.976359125658604,20.184345882679775
O95563,15.09228030333787,22.942031732191882
O95571,13.778992748153753,23.125799897241976
O95573,11.623122039130703,20.74130059169151
O95602,9.514524615640282,18.424426411470336
O95613,7.334144899033963,16.575883961983646
O95619,13.476266431085362,21.676527817355602
O95628,10.189479875911442,18.81387360626981
O95630,11.009488218239841,20.81267431668169
O95639,10.418026255580399,20.84793508702209
O95670,11.889861888718555,21.646248643722956
O95671,11.392699437378745,19.018771177381765
O95674,11.197056388771246,21.36288678720333
O95684,12.358658485662522,20.938191734627086
O95696,8.569998361026709,18.561914654884266
O95707,13.664759895714203,21.404518044843943
O95714,8.055631169446212,16.024631041556933
O95716,12.471527141592167,21.63996784969026
O95721,11.464567855806793,22.62820704120281
O95747,10.736371072549268,21.325175829430812
O95749,12.405054976759157,21.35383614867502
O95757,11.862915557451622,20.882104163634118
O95758,9.683909767842547,21.274187543316582
O95772,12.61503281250173,22.195788253209198
O95777,13.034447644551177,24.866460014385662
O95782,10.572550961368677,20.616212731406588
O95785,9.779980611533858,19.003191261239806
O95793,11.459706480042506,21.572344973020467
O95801,12.639757264308559,20.841154293318986
O95816,12.051772550493306,23.182263986102885
O95817,10.714568908359512,19.87385307092516
O95819,9.960446239375859,19.21362116072227
O95822,11.683795596469702,18.92771093979293
O95825,12.444143493556862,20.512802017702775
O95831,12.542382184715292,21.684160432379247
O95835,7.687764332597551,19.328777397073427
O95858,11.884804217020411,19.50896638933433
O95861,12.298660320069857,22.331414850501233
O95864,12.635076143712558,22.171847861352866
O95865,12.176453130495533,23.117803851183133
O95870,10.762850719644215,19.640587013457502
O95872,9.565339565750335,18.599058926071216
O95873,12.516190267692766,22.26833760108345
O95881,14.640415145476947,24.238204242287452
O95900,11.244857335571016,18.800476691930097
O95905,11.449171542043684,18.93726173752499
O95926,12.28092187851428,22.36668295793554
O95983,12.445313879749417,22.022520603618403
O95985,10.278052587482321,18.14852525088178
O95989,12.752890639701892,22.434244752346896
O95997,11.930014406360252,22.38096501048685
O95999,13.754167258851918,21.56997220994075
O96000,12.63064834898528,23.38378249100025
O96004,12.325936894215491,20.840867117588097
O96005,10.638040882899233,20.63350968441768
O96006,10.361911134334122,18.555408536251363
O96007,12.419964007159438,20.60382116844002
O96008,13.642154525856581,22.978866972772074
O96011,12.293634126490625,21.2821344606569
O96013,11.71641374122152,20.388463751591154
O96018,9.722199843901384,19.894263251307862
O96019,11.527714218338833,23.261450504738825
O96028,9.673429654596545,19.18051134992081
P00156,12.242518402235106,21.747499300057033
P00167,14.051251280731694,24.2963427213721
P00338,14.360827971599374,26.48764849582312
P00352,10.61374897788687,17.250495580272503
P00367,12.187552396011693,21.430571660437078
P00374,12.566937364726332,21.548815505751413
P00387,11.79232894158062,23.140197743075728
P00390,12.889669326117055,21.85956824030439
P00403,12.719315069188166,24.446243346385508
P00441,15.774342024469073,24.50764594544985
P00491,12.057627945285416,22.374947855108346
P00492,13.231653771637411,23.519930934337403
P00505,13.305308034186014,24.037548204653007
P00519,9.91775474636097,17.85534176664174
P00533,10.30045429906915,19.382798905970326
P00558,12.959600633025733,25.075344782205924
P00568,12.736307728505658,23.750658156227374
P00750,8.82500402126237,20.43853197776158
P00813,11.534107752117356,19.86851855494255
P00846,14.703166791262444,24.501899490143305
P00966,11.126769011595394,19.78827052562135
P01008,11.755548404320445,20.616211689763105
P01023,10.791123608275296,20.039545618126706
P01034,13.069358306325714,22.09834767874719
P01040,13.384374590958133,21.159700934345604
P01111,15.147573398643091,23.085262700128833
P01112,13.431238599751998,22.631406891232412
P01116,12.538421762496878,23.646988789828068
P01130,8.61291282024564,18.467939476310733
P01137,10.829906394604661,19.412602825181622
P01282,13.896513021214146,21.506489673281482
P01303,13.482610898027911,24.1362512124746
P01889,9.506204467710406,20.677851868212937
P02461,8.552289643794866,16.878519486860387
P02533,9.178545347589587,20.07560579966733
P02538,10.32093940989958,21.21901820825965
P02545,12.281923084272078,24.363189816628175
P02649,10.556335026039875,20.39973156331465
P02748,10.840581278366127,21.058860542210795
P02751,8.498966079719205,16.517979077091162
P02768,11.82051022195406,20.63071923210881
P02786,11.847465214111281,21.530345474376517
P02792,13.914713622973352,21.757841750294077
P02794,12.792208354513628,22.82389512074029
P04004,12.726319413411218,25.533999645290958
P04035,8.948993121669275,18.872398267306796
P04040,12.153427617030017,21.40223919908162
P04049,8.686121713739734,19.5024110375248
P04062,12.10419311221021,21.91251705742071
P04066,11.913442250078345,20.740235585734787
P04075,12.604904818321538,25.24840312399472
P04080,15.32957717968778,25.73385794980303
P04083,13.48301266468682,23.735176436760245
P04150,10.334119387765545,18.879376090218194
P04156,10.435504262256526,22.036361786645806
P04179,14.730995184466678,23.950094803488486
P04181,13.111053685381323,23.160209017836113
P04183,11.461242815662407,21.539072537820175
P04216,12.12312775495387,24.745940197529706
P04264,11.453732425941311,22.63509634660214
P04350,8.189424745656776,21.943844894436285
P04406,13.70905220408268,26.75997681515725
P04424,12.734260144130849,21.536935181503306
P04439,11.695677613482665,22.394897868267176
P04629,9.481838592944133,19.649831037100512
P04632,13.649672256313163,23.761257945340905
P04637,11.262645233592007,20.699719453945928
P04792,13.585046121751189,26.452627862806505
P04818,11.750338781972692,22.11850283048462
P04843,12.652281415191863,22.744850750670004
P04844,13.168558837312133,22.79145766809162
P04899,10.995359361116103,22.66106650322151
P04920,8.84083127100271,18.271009080161473
P05023,11.168727872951344,22.03345991713976
P05026,13.962580316255409,23.46011862623526
P05060,10.901127380255156,22.500568892951232
P05067,11.212035351242452,20.178813765608616
P05091,11.957358235717786,22.322028617178212
P05109,12.543000645731428,21.633286614620488
P05114,14.74404275515344,23.753785118185935
P05121,12.316097004136143,20.094254795731313
P05141,12.364233867666545,24.257371231545903
P05161,12.126271819910384,21.37875311959981
P05165,10.081129585752349,19.60772773629219
P05166,10.463248530669603,19.35724528919793
P05198,12.464372815121207,23.48546415529834
P05204,11.679049159284475,24.966576753812728
P05362,10.997180804348561,21.34947175092596
P05387,14.979545510496798,27.61512636701691
P05388,13.627375235532067,25.32606556236877
P05412,11.398667146920715,21.710718796231188
P05423,11.398671978416244,20.440455566023473
P05455,13.26859705382135,23.98518909411291
P05556,12.175055073005382,23.453280005205666
P05783,12.463236497858123,22.572039247657667
P05787,11.389748441082046,22.464309108053246
P05937,11.777822850840856,20.535295155262684
P06132,13.022210800218438,22.493850710143075
P06280,10.552510649851309,20.882666698912658
P06396,12.030099572668359,20.594856224164115
P06400,11.117428747521924,19.927403251488226
P06454,13.627968345436189,26.505907519097228
P06493,12.950169378271642,23.525082936739334
P06576,11.586029217333525,24.015331562207482
P06702,13.327812562896348,22.593275730556066
P06703,18.157164620450672,26.36229899492808
P06730,13.61068387378401,24.47489345674604
P06733,13.370792055035098,26.448712036370246
P06737,10.541920161229115,19.388528268236072
P06744,13.114661739725841,23.85530117959289
P06746,13.411150259349814,20.75081632556109
P06748,14.326144220967416,26.60057852840807
P06753,11.357031655385054,26.230608158691542
P06756,9.970088657460439,19.804060877653008
P06865,11.672600747503601,21.814229128954967
P07099,12.272454882184665,20.436544207743346
P07108,15.598073304714331,25.13902507245012
P07195,13.469469045380519,26.25632180563895
P07196,11.923823328095157,21.73050882753013
P07197,11.507858341409372,21.23112630405605
P07199,12.031584724515152,19.943600435061658
P07203,13.039273201921121,23.27200992034268
P07225,10.535728669099655,19.385579385586027
P07237,13.375726255537455,24.455577474492188
P07305,14.794679799539695,24.749832848094247
P07311,12.340689739040947,23.418443853078717
P07339,12.71186685609313,23.792942009977587
P07355,12.729191541245676,25.28013849637236
P07384,11.334519613490809,21.281324395249595
P07437,11.34282506051661,26.898776055913352
P07602,12.70423157401028,24.089635676269552
P07686,12.442735735589318,21.98213833970698
P07711,10.386056986390832,21.63162043207793
P07737,14.227917583980044,28.250573145997816
P07738,12.290186591221277,21.191039672899503
P07741,14.240306595371466,23.772511086066366
P07814,11.606494494108718,21.062559943059323
P07858,14.214970021791387,23.909187357766864
P07900,12.040168740449259,25.890542993143146
P07902,13.687972635339609,19.97401275198347
P07910,12.847171861734344,27.041888960751134
P07942,10.527680089975199,20.028591279081063
P07947,9.740466696987708,20.280176516382998
P07948,12.666790968298665,21.798701618979678
P07949,10.258384353636503,19.760733385580522
P07951,11.821751564228427,23.538569770497883
P07954,13.454174074840168,23.247490939036897
P07992,10.439018936065287,20.742032473917245
P08047,12.91256690074054,21.624525446950678
P08069,10.041020588661294,18.941655792908307
P08133,12.136302589211798,21.936391214505626
P08183,11.073924057848393,20.648618153471585
P08195,13.078261962809814,22.321892016034347
P08236,12.28143528314139,20.61596483229381
P08237,11.671533571326265,21.241345245323092
P08238,13.255037853109643,25.77229302038207
P08240,11.136300356153024,21.300058609094037
P08243,12.712929781152432,21.87368728208976
P08247,12.458450724817236,20.557344186318097
P08253,10.620531428648068,19.258992256770785
P08397,12.202041962308279,21.437243953570793
P08473,10.29496209920121,18.83643353706625
P08493,11.828008715114269,20.62516409146452
P08559,11.706003029222824,22.180484139499296
P08572,7.992807369189762,18.554755158962077
P08574,11.322766032425157,22.032322116708606
P08579,14.59590848629581,23.830119876732407
P08582,9.470817281162176,18.882553660988183
P08621,13.884677966366864,24.122474356098166
P08648,8.99817001513447,19.134698350984667
P08651,12.058185366083594,20.249630837495957
P08670,12.380461310464149,26.959726327947244
P08708,16.143926483060966,25.065023305247642
P08729,11.87716027611484,21.94867284320666
P08754,10.353547410366266,23.06727401246104
P08758,12.869582520288247,24.428047353312216
P08779,9.402543468593763,20.464250100260138
P08865,11.945262638715498,25.55124847299115
P08962,12.829906322821522,25.34372092890733
P09001,12.81092079715924,21.112714820309627
P09012,12.218449854716624,24.1124969652712
P09017,10.060235492765333,22.947688509564546
P09104,12.341208561657037,22.964115071161814
P09110,11.707122508510489,20.552907380197496
P09132,13.765819682588344,23.211829915219184
P09172,12.589141198390031,23.510324452221617
P09211,13.315793652981188,26.165370293909913
P09234,14.84896518525049,27.00378838209464
P09382,15.403711691815055,27.396818629415638
P09417,12.271100177282811,22.833429609456296
P09429,12.793648737492518,27.013780998126652
P09455,14.273749813497242,25.84510179348369
P09471,11.060442368468662,22.246594805266614
P09486,14.276215990510003,22.48867641131186
P09493,13.617882157734574,25.60310136019699
P09496,15.532581699730521,26.231641048015796
P09497,12.605346336305255,23.29091901323605
P09525,11.676450513351718,22.071490592184528
P09543,12.774473798820267,22.695855102282216
P09601,10.936355015449356,20.45254527614123
P09619,10.128774259170685,18.332070358215823
P09622,12.879811212260073,22.877736808007814
P09630,10.814534638021359,19.968569338455072
P09651,10.823527411873558,22.848911781643956
P09661,13.156162371313211,24.57080174365491
P09669,16.88491705381859,25.974195420077272
P09874,12.370971575969982,22.61125863160456
P09884,9.670630923550078,18.483580892026154
P09936,13.783101222655402,26.84578201426281
P09960,12.373276426313552,21.379596856036397
P09972,11.300839478480597,22.23793070253313
P0C0S5,14.728655030431142,28.83344845322041
P0C1Z6,14.001458820599302,20.764573679526613
P0C7T5,10.25518733929005,18.567708516343654
P0CAP2,11.087742079224201,19.568193991291615
P0CG12,9.719686912891321,19.65143610349699
P0CG29,12.080334411423733,21.259353738394505
P0CW19,13.86333529195071,23.053569806648483
P0DI81,12.995608397999632,22.051350574615793
P0DJD0,5.904529496542551,16.907201360422324
P0DMV8,13.079618188409937,24.608394039259444
P0DP23,12.515904426262422,25.62198573270497
P0DPB5,13.811221780823363,21.159941532856397
P0DPB6,10.324071234052862,23.74698212504576
P10109,12.201524417087066,21.026805538661378
P10114,11.935217688608478,22.007336838550714
P10155,12.295268074092101,21.44620951717271
P10253,10.440073337028158,21.08335149081641
P10301,12.843971487390595,21.459792179295228
P10321,11.841008898227585,21.522585063032913
P10398,10.030787781733764,18.922544693704463
P10412,13.962946159530881,22.958057928981322
P10515,12.608230602955892,21.769081806284667
P10586,9.076049846128717,16.89011865697525
P10588,9.932694270701212,19.44680844981628
P10589,11.442951719583565,18.993647381866058
P10599,14.593988390091049,27.710732848970366
P10606,15.8298504112916,25.624406428251714
P10619,13.084294791096259,23.054665991563375
P10636,10.891762868255014,20.47998755796554
P10643,11.077426646384085,20.120173775097776
P10644,12.552826905243782,22.019809304359924
P10645,11.850798473265296,21.009223646811222
P10746,11.917098951774618,20.533951477865706
P10768,13.303888766902672,23.84755057427618
P10809,12.212674710666766,24.679293950995987
P10909,9.942887279064335,20.64467365472465
P11021,12.669971783961065,24.809703938006113
P11047,10.095647387017449,19.336064511215792
P11117,11.481952654328662,21.02743806060621
P11137,10.035828848243742,19.150479165206004
P11142,12.36119816649064,25.858464006630495
P11166,13.782630147600203,23.3999431691709
P11171,11.464345466241463,20.79868201217278
P11172,12.729365922338099,21.276493389506168
P11177,12.390172247467573,22.713637784756514
P11182,11.119436157376404,20.543237025475
P11216,11.705641376769163,20.319090465439427
P11233,14.074656618994682,23.375709519032675
P11234,12.673089726933284,22.52050313397529
P11274,8.969330000849343,18.09059106405699
P11279,12.657259249685437,23.506768718738876
P11310,12.974770528982791,22.45461271430421
P11387,12.560974979371931,22.25187362474421
P11388,11.324001414297438,20.395241257079366
P11413,11.042422952498747,22.25441531749013
P11441,14.95653363123312,22.936898716319973
P11474,11.324312166039718,18.963134631018974
P11498,10.524630333558434,19.573912202186072
P11532,7.001751036177088,15.732704527416232
P11586,11.720737970255449,21.832518881653495
P11717,10.160190011696686,18.99690011269907
P11766,13.54708956664893,23.93911165834523
P11802,12.90437472312576,22.061142486699012
P11908,13.28729836214454,22.263819024583746
P11940,12.554844807638128,23.889040409473157
P12004,13.546326181976589,24.64856423326623
P12035,9.726959968618738,19.95252934251999
P12036,10.483318207205553,20.367932660173846
P12074,13.799269292039817,24.753101293382922
P12081,12.893309704487656,22.72617697020205
P12109,11.345000855476252,18.60288590604435
P12110,10.657173498434457,18.942161736406288
P12235,12.721914240313549,22.78919385481929
P12236,10.732578505493091,24.283627886533203
P12259,8.933630918314432,18.12056353749454
P12268,13.03815441299502,23.21130890795724
P12270,11.016437388091836,20.43239385905092
P12277,12.820812150292035,24.790009836031913
P12429,12.972250345910812,20.848947619075005
P12532,12.326143082606393,22.82952606294882
P12694,10.619466536005369,20.218257652535666
P12814,12.532707651222395,22.076738956634653
P12821,9.439985054932054,17.911050829424017
P12931,11.070891868903368,21.6991273573156
P12955,12.584179073937538,21.950995502198605
P12956,12.467755720064675,23.005803544679395
P13010,12.495383360348985,22.750623690378266
P13051,11.273148202872235,20.40928171405963
P13073,13.197686152660818,24.790690193749683
P13473,10.118290803712707,23.176691029128786
P13489,13.070789907527098,22.753957951013454
P13521,10.88756084054751,21.24907890069949
P13591,11.789362818844303,21.844419950257137
P13612,10.883052780378772,18.89648686970104
P13637,10.223401431636622,24.96170954301032
P13639,12.288205949275001,23.945690253842915
P13645,11.599754761867873,22.967423527984113
P13646,10.565089494685322,21.466334294046472
P13647,9.304968268694406,20.276730041142784
P13667,12.434914754842088,23.9225178117044
P13674,13.21938675402835,22.675404789694078
P13693,13.329848766210807,25.08365896571974
P13716,11.437009343040208,20.479892443250854
P13726,12.542845125661684,21.957776913864247
P13796,8.683682735108183,17.293277279418337
P13797,11.90857084138584,21.21072734051277
P13798,12.029315531747383,21.797245412696167
P13804,12.49662621153073,22.227112612181983
P13807,10.604012130605224,19.830921562353083
P13861,11.690948291642675,21.766660681966837
P13929,11.669473672918658,22.035213274177792
P13984,13.285688668383468,21.97576804287616
P13987,16.304281241159554,24.992516472827997
P13994,9.170425208808698,19.439548323812666
P13995,12.569781610120978,21.551704479785812
P14174,13.85331046927271,28.770773135468232
P14209,13.865112793178971,24.029472116822706
P14314,12.224685453895091,25.026617267726003
P14316,13.930002876822336,19.925945843457104
P14324,13.048391082809372,24.448092741358465
P14373,10.549869156453255,19.814784078843278
P14406,17.04362901551117,25.959557499128675
P14543,9.501360198803974,18.11772004630989
P14550,12.728747938475294,22.510736523076744
P14618,12.64061921331031,25.352031467436625
P14625,12.376022529729566,24.392154890055433
P14635,12.6004498526043,21.423118707580915
P14649,14.248806370877727,23.11818179350224
P14678,9.299544585272733,21.436371225517
P14735,10.596776623636465,20.005608143643663
P14854,14.537909046922893,21.499319614869727
P14859,11.151605513840565,21.185245369019945
P14866,12.030940256170279,24.01462550875739
P14868,12.602343920777903,22.41633715869404
P14923,10.505890381728797,20.005848852342226
P14927,14.072171648360335,23.9073214968438
P15056,11.483963315532286,18.475590113170313
P15104,11.854004129558,21.87466267462393
P15121,13.537818908831362,24.379993849019773
P15144,9.152109502368834,17.19711213924574
P15151,11.635961042710562,22.54452914721398
P15170,12.868259042426708,22.053263267400904
P15289,10.67710269816553,21.033093996661425
P15291,10.777004183221342,20.355163950358516
P15311,12.475536248204731,22.66139193548876
P15336,10.713909547438423,20.606664553785823
P15374,12.140915375571312,22.23603516673408
P15407,13.0673887541048,20.571506623606606
P15408,12.37561556073394,22.343325474732673
P15502,8.026120743086707,18.798723534700642
P15531,14.198424705448087,26.266983639450384
P15559,12.491124821656827,22.44383685017513
P15586,11.55098046730972,21.925648491616336
P15735,11.634663580202252,19.448898166432347
P15848,11.01096910894312,20.66291618434052
P15880,14.22330322853604,24.967970227283708
P15882,10.705282359003025,20.153315446323912
P15884,11.206683097859063,20.81644902007877
P15923,10.450988357120735,19.469435305551173
P15924,8.90215713474052,17.1149757007804
P15927,12.785950699689735,23.114478668088456
P15954,14.741898803317556,24.988356739524747
P16035,12.089252295562988,22.633760208772326
P16070,12.960734378514086,22.289626390321974
P16083,11.713376298639377,21.167014304644578
P16152,12.908195808618643,23.093747585364504
P16219,11.320655380427482,19.645601434426684
P16220,12.964422380376948,24.28136259641801
P16278,11.840407568240414,21.927760865958142
P16298,9.124824501984873,19.381605613735232
P16333,9.776501324674657,20.41412097845998
P16383,11.289619783872807,19.269945186663648
P16401,12.490946681443027,27.24237358013068
P16403,15.327956691896674,20.241682431381903
P16435,11.311802273296081,21.202162229630783
P16455,13.180176317380976,22.917114315895407
P16591,10.76881139990032,17.798700523015885
P16615,10.937672739556747,21.746511427772525
P16870,11.587411467791762,20.294123463719437
P16930,10.870370061720797,20.477979440770255
P16949,13.577458377266675,27.6690835107964
P16989,9.278947579855235,21.04532945730161
P17028,11.92482747256863,20.522335130752015
P17029,9.774214644086925,19.81542609386768
P17036,11.220340519368458,19.42818862471863
P17050,12.15946316480261,21.332558679569072
P17096,14.71833430900259,26.326844291785367
P17152,12.373239829393265,22.100915372358198
P17174,12.69726183047025,22.84202819998584
P17252,11.872342921328492,21.199819835784595
P17275,11.679058504682725,19.30021753580528
P17301,11.152465211412231,20.34009078614535
P17302,11.24160728460367,18.942727751009194
P17405,10.733842670342144,19.826000657187443
P17480,12.365903126346739,21.405669293438862
P17535,11.139442641693163,21.35893123324859
P17544,10.21364120837578,19.364435435333135
P17568,12.0530355656432,21.74027028083912
P17600,10.99469150210872,19.273342902392248
P17612,13.416206189193648,21.805723759922316
P17655,11.280145060708403,21.567545074581744
P17661,12.551609558899553,19.923195114377247
P17677,13.621362436991612,23.275463542041198
P17706,11.049404754976514,19.622618822860275
P17812,11.268225916217842,21.759450513630874
P17844,13.453765026592711,24.055118457491453
P17858,11.509144967917683,21.20947557169217
P17900,14.06834332181078,22.595156615823733
P17931,15.33632535147502,23.79893978134631
P17980,12.340186034839872,22.579280143354897
P17987,12.480313352960085,23.495285990964614
P18031,11.999796483980425,21.43089813046639
P18065,13.042987314315019,23.583942471934687
P18074,11.34191649434906,20.45861615842048
P18077,14.572617119313216,26.164114506151577
P18084,10.071158125549404,19.67701416812073
P18085,14.480641217671684,24.885585010300932
P18124,13.978439375792389,25.87485413320455
P18206,10.809862017938684,21.1300864024984
P18440,12.71024492368219,18.84819874274019
P18583,9.91681710802399,20.29332415989687
P18615,11.913930871644373,21.332548939508424
P18621,14.577627014760889,25.84613974382145
P18669,12.112891938420251,25.571420225253394
P18754,11.914229054965327,23.697118238585023
P18827,11.609000179726976,22.84544793701276
P18858,10.541891882925253,19.734240305693607
P18859,13.092960081326586,21.51849356320305
P18887,12.546736262786222,20.84971680216044
P19013,12.285621506929713,22.442138254393544
P19021,10.661246963561947,18.446618906754782
P19022,10.690550696933599,21.616360737453153
P19086,12.33887216394931,19.4462264739544
P19174,10.08405136099677,19.74757524370137
P19256,13.45300428452516,22.872659852118993
P19338,13.671858450656018,25.318334586789618
P19367,11.496993741545719,22.021182581124844
P19387,12.74313627243631,22.031324884285024
P19388,13.12441677084029,23.703162991896686
P19404,12.10744864796915,21.75195692686957
P19447,9.67977123700291,19.755232227042537
P19474,10.661039492291913,18.780810168659837
P19484,5.010080130310692,19.82820622913574
P19525,12.764823160896908,22.18241950176991
P19532,10.967762768733836,26.99480082735051
P19623,11.888963325165285,22.17806742602289
P19784,12.548554185172849,21.16755017374001
P19793,9.782623878789684,18.648274378676163
P19838,10.765866900370087,19.403114006670236
P20020,9.557638132681575,19.69774685003768
P20042,12.673887196002664,22.915675820096563
P20073,12.104962274847768,22.352747462593253
P20248,11.085300792342357,20.036566062576657
P20264,13.02684483890756,21.27828978744939
P20290,12.056306904355482,24.332583424777958
P20309,11.349347981473262,20.598171017653314
P20336,10.934290801993876,22.554196759773717
P20337,9.955918439894221,21.150620680380364
P20338,12.237846303501891,21.835155020010834
P20339,11.167562621939632,22.948759367093736
P20340,11.938950831974935,24.043298745815648
P20393,7.624118624027079,20.080023352288013
P20585,9.93694046486718,18.539548067661336
P20618,13.004737071918612,23.799828189828766
P20645,12.494853045963062,22.883694477044738
P20674,14.343402866268997,24.221584156591984
P20700,12.103599195004525,23.815159674044416
P20711,12.79091115507607,21.897358609366197
P20810,11.338033875570336,21.046352507206162
P20839,11.316048110101665,21.152952606698445
P20933,9.182020999261926,20.458336886839753
P20936,9.50122316264055,18.410574601837027
P20962,14.234215099007347,28.718232722567855
P21266,12.558778135791975,22.4057094008077
P21281,12.53513776332154,22.274491824758762
P21283,11.54040570608661,21.380751591298058
P21291,12.979452194048918,23.76859812998488
P21333,10.980160329984908,21.54329486884739
P21359,7.6104995178934916,19.29690775018058
P21397,12.115648560997547,19.695573147177743
P21399,11.110575418009992,19.87341656896875
P21579,12.675802376458309,20.86109962788097
P21589,11.014903633889533,19.954722065488554
P21675,10.063321318743819,17.978472573120968
P21796,12.649858251412427,24.431897071665894
P21912,12.33454713783474,22.40139175063622
P21926,15.175156252700296,24.125411342023227
P21964,13.280209806300475,22.31490689493737
P21980,12.338104833187419,20.85991442343814
P22033,11.413875877884301,20.06658856093123
P22059,10.962831395349342,19.599236629082178
P22061,13.597303555348025,22.938558171239727
P22087,12.982128969421153,24.0636942231915
P22102,12.070314396846598,21.587449849416277
P22234,13.30599503070121,24.11647295061428
P22304,11.05983957116865,20.30587142825703
P22307,12.887396433382824,23.725602504179392
P22314,12.043721306912976,22.110345616455586
P22392,11.90999707792496,22.386779546297632
P22466,12.469808999788881,23.42516914413081
P22570,12.256924537373388,20.780026831823648
P22626,13.425020928105203,27.160219335924822
P22670,10.1688976738019,19.07510043829947
P22681,11.166566283300211,19.91705893427971
P22694,12.108576791868078,20.545081090400824
P22695,12.793216876335785,22.064980010469313
P22830,12.477726624941644,20.312177766068285
P23025,12.837291527896344,20.729782624051452
P23142,11.195019995188543,20.05430925602523
P23193,12.070496067134773,22.74865562084225
P23229,9.496492669715618,18.411874298870625
P23246,12.230096963719571,23.95035790540314
P23258,13.091342996590845,20.323607102397833
P23284,14.223260676990423,26.915523822953556
P23368,11.749390640959067,21.942239077317634
P23378,8.37508784964689,22.93974353294788
P23381,13.22353821741634,22.37894617119117
P23396,13.460968296872247,25.33397576467087
P23434,12.919823654645242,20.683683220281214
P23443,11.727266348284466,19.998497878524482
P23458,9.103180844308326,20.090211825252645
P23469,9.266195868557014,19.083667310279754
P23508,9.160798579467796,18.35260421059569
P23526,13.792122946391508,24.05985094145509
P23528,13.79905902197074,27.157614993761403
P23588,12.50958070750579,22.873621192358126
P23610,13.917962364375104,21.464133856861405
P23634,10.900543851033847,18.917561809497965
P23677,10.148183688204456,18.834433757083094
P23743,10.00902987591938,18.932840746779807
P23769,11.601399420295106,19.729109411495802
P23771,10.987814794024658,20.8491179057185
P23786,11.619693732728917,20.337256219852154
P23919,13.286364934570566,22.735606080182368
P23921,11.48649695741232,20.985812308686285
P23975,9.634326830018129,20.608153116671147
P24534,12.722419225361984,25.626238342326097
P24539,12.447152669496685,23.28624831938048
P24588,10.673256299308042,18.99215250735572
P24666,13.250919580250606,25.013000800636565
P24752,13.0205215894172,23.182977798130512
P24821,9.800432615796907,16.32661036693598
P24844,13.24280240136721,23.080420560967386
P24928,10.658608232307756,19.636780478531758
P24941,12.545602770251001,21.756447151326267
P25098,11.048317922444438,19.667974257119543
P25205,10.383793544338776,21.424225204810124
P25325,13.020456315379583,22.48933610140107
P25398,13.639363843937753,26.40793258881498
P25440,11.239246216882576,19.92833896538761
P25490,10.641156834071625,20.909186129265187
P25685,13.845819262410739,22.42667393954157
P25686,11.233959714024632,20.625180389361148
P25705,12.959850226820613,24.229820841053712
P25786,13.991722695246377,24.018581085450023
P25787,14.155705189095116,24.08990382002543
P25788,14.225215635192466,24.70238814268505
P25789,14.01875973093454,24.581671689648385
P25963,10.50122285636801,20.14225887096268
P26006,10.302574654670591,19.77407458396356
P26038,12.026114777963986,22.757071427043886
P26196,11.719093005513013,21.79071923078952
P26232,10.275474743980569,19.009796008086795
P26358,10.298616921397945,19.537210600734458
P26368,14.007750953121114,23.64085348530815
P26373,14.366975455225816,26.982985584163355
P26374,11.189239057172452,19.10843568995174
P26378,10.650573198311733,22.76823459206331
P26440,12.462949530745899,20.97324983542404
P26447,14.687942227301944,21.49171701214257
P26572,12.318837989212003,19.29855518460917
P26583,13.499729290790949,26.998850858991187
P26599,11.725464165453326,24.195464568166393
P26639,11.765136311986256,21.914560476857172
P26640,11.24461375305215,21.175650979893135
P26641,13.843370763456821,24.439750248656964
P26885,15.475073728955818,24.901253155310435
P26992,11.898434108716186,22.321674311783767
P27144,12.944207069722632,21.925926412366078
P27348,11.70773868263954,26.110143571756485
P27361,12.278907266759335,23.89463417343715
P27448,9.135099694239925,19.36917939400147
P27449,13.174366224643059,22.840855765931593
P27540,10.153320601019031,19.873972072587826
P27635,13.715260373088558,26.203142654014894
P27694,12.797907088769453,21.8958404978389
P27695,14.170624464910134,23.794004123484232
P27707,13.234994202809585,22.574758740220652
P27708,10.180250097070608,19.695608314794086
P27797,13.464932802466175,25.374996044541412
P27816,11.69995526844783,21.539036797020316
P27824,12.59087012315058,24.172898664038378
P27986,7.977797969455235,19.666408907394345
P27987,8.438009479613877,17.834111168977795
P28062,12.43058277627865,20.89666881230346
P28066,14.156442019695454,24.740505787950482
P28070,12.56309896570481,23.46102510189874
P28072,12.652368578763129,24.92860735902651
P28074,13.080449898909091,23.77332573732993
P28161,12.210973029999591,20.241844863412975
P28288,11.677987518143341,21.161513282109393
P28289,12.904706232540818,22.85982740044671
P28290,8.883524429581756,17.354129302122875
P28331,10.831502815583011,20.690404296127227
P28340,10.114977424044374,18.864527720722503
P28347,11.477955776788532,21.386079203388917
P28370,10.88284304883713,20.285013723593835
P28482,13.446550745049988,22.40075112541304
P28676,10.774393085013118,22.204273143912143
P28702,10.006320238259464,20.19602702251444
P28715,8.246290587269819,17.789622450691066
P28799,13.295934243054846,20.474044077913774
P28827,8.933850988249526,18.365277952077125
P28838,12.305468625889423,21.66257019089659
P29083,10.740040930704337,20.925596402805006
P29084,12.383681599466136,20.886852602905822
P29144,10.993791966242979,20.402206080966877
P29218,12.973143534174296,23.056058946693334
P29317,9.392571615276172,19.61718615235074
P29323,9.22303094027008,21.647561274814343
P29353,9.82821907102195,19.530777981106144
P29372,10.884582939373352,21.416318251948482
P29373,13.239666233232828,19.91949240306062
P29374,9.132679670380451,16.928729258401265
P29375,9.33104209309729,17.019926356572306
P29401,13.446134725226797,23.756651629503654
P29590,10.004273658819285,19.26829056898058
P29692,13.346605378856486,25.089391796716274
P29762,13.686940860950038,25.15502681658288
P29966,12.515524545745437,25.67736306177352
P29992,12.81449000816709,21.53338867217898
P30038,10.659253543914533,19.816128351515907
P30040,13.107233310615051,25.34357892322974
P30041,14.114836011965647,24.995056080808386
P30043,12.308522626431689,22.522536635017214
P30044,14.232867556200404,25.457871799889887
P30046,12.791394524486398,22.067741823354286
P30048,14.112831804042907,24.219875324816176
P30049,16.990312979808035,25.790739239171575
P30050,14.1225532448393,25.36587498832154
P30084,13.382166350132094,23.007389725658776
P30085,12.373034393667725,23.793042748172073
P30086,13.745136058325564,25.057250354723717
P30101,12.989871471739589,25.27466305662646
P30153,12.249154451712828,23.125856121471454
P30154,11.41488482919223,20.706242871175796
P30260,11.307134887897854,20.31473525186919
P30291,8.522435068641258,18.326929124161673
P30405,13.337003639982358,23.656228474203942
P30414,8.583521163674803,18.772541268020245
P30419,12.657682162518563,22.399788965147668
P30519,12.214219815720028,22.120440995482483
P30520,13.031595969623192,21.765128027980087
P30530,10.431177938726751,19.154620294306426
P30533,13.33062878072007,21.57635061781458
P30566,12.11839159707837,21.550708898822162
P30622,10.024895899383663,18.81199780828183
P30626,12.986361140701192,25.034009535761772
P30740,11.71134675561785,20.795022896385834
P30793,12.825222352733753,21.880910614304376
P30825,10.624322923711985,20.521559067202407
P30837,11.319752014463672,20.81644425806801
P30876,10.94449433333908,20.257596102240292
P31040,12.065841564536944,21.784187465722532
P31146,12.107391399627756,21.704312865134938
P31150,12.43865722542439,23.536686054383058
P31151,15.032402509843173,22.46005726751701
P31153,11.85695319896657,23.16911776793747
P31321,8.546474297245112,19.258696869616074
P31323,11.218192477349827,21.222829008052933
P31350,11.796837722727046,22.054580337158644
P31431,12.809719429674965,20.233618376572814
P31483,11.92705453541855,22.234588981249505
P31689,12.365876973876102,23.943879858649147
P31749,11.301994673955575,20.20774716114234
P31751,9.235368189957347,19.194759258655527
P31930,12.277159688146769,21.98842788464175
P31937,11.939377315927768,22.13016928777747
P31939,11.31759266836736,22.415791947440155
P31942,10.694922318969452,23.92956399225998
P31943,11.537097296974471,23.963344259590855
P31944,11.125068146728273,21.38922922064966
P31946,12.163426368592233,25.089994015727655
P31947,11.412486048804887,22.108208911375968
P31948,13.034303741901903,23.42715734544157
P31949,13.417834179330121,25.762593993599754
P32004,9.756288566513337,19.752560901914197
P32119,15.360976170951192,26.271044392567482
P32121,11.560960950543524,20.423206720141195
P32189,9.32068335883296,18.851300182746183
P32297,9.939486071627412,19.25137065236233
P32321,13.588740983262467,22.12276441280177
P32322,12.863104590928142,22.893907647194972
P32455,11.290907390166277,22.83578396373556
P32456,11.875613060592084,19.714116643945015
P32519,11.978749060022789,19.714590258746544
P32780,11.482763604053714,19.955948610247372
P32856,11.028502562574634,19.370766219748305
P32969,14.243788915966503,24.989324920468523
P33121,11.847749805181685,20.21605856861331
P33176,10.926312709465018,21.10377535489931
P33240,12.21171931385925,21.6735984228181
P33316,12.880530127540561,23.845005201955807
P33527,9.369488794159777,18.379114891701775
P33897,10.477994225783194,18.75129181038662
P33908,10.032703877152091,18.764555677022244
P33981,10.692340895650409,19.976458352360996
P33991,11.256165304555928,21.40206380227433
P33992,11.114036186094982,21.82644810632213
P33993,11.709135839215202,21.696002694116395
P34059,10.675987011080892,20.07050002668264
P34741,11.462337604083178,21.021103272946277
P34896,10.582733656347354,19.895682674591008
P34897,11.561462140750939,23.19296056991852
P34913,12.61011799937257,19.390779832254907
P34931,12.171046376202735,18.994802194247967
P34932,11.799477475246224,22.22585960157172
P34949,10.759413624530982,21.14763752596142
P35080,13.338409911354448,25.864690891964276
P35221,11.700979149436858,21.615877690283387
P35222,11.85205601807395,21.164358762888025
P35226,11.331514785177538,20.384718979815084
P35227,11.548589516734785,21.317016357329376
P35232,13.848767603790037,25.0496370159742
P35237,12.010241709420388,22.30160682553368
P35240,10.61023474772398,18.979527692479564
P35241,12.186484878846933,22.054268943787367
P35244,14.047895604028854,24.233083713558663
P35249,13.349514320805984,23.78132784322396
P35250,12.797852779564234,22.708029998968016
P35251,10.629109910845235,18.90533289157809
P35268,15.897608474130502,29.013970462082774
P35269,11.042070233576819,21.4362212703394
P35270,12.861860585789874,21.528459887031133
P35354,9.716399248931888,19.661608977147928
P35475,9.988155192347355,17.824219337458285
P35520,12.490349505739287,22.654393880045653
P35527,11.300530163959221,21.794318274294085
P35573,9.872652146458863,18.405875836670873
P35579,11.014607404709057,21.389396808017878
P35580,10.893011859314724,20.689302064988475
P35606,11.082526896616894,21.204282529448125
P35610,12.206989115513545,20.783103484750256
P35611,11.63673821182168,22.140879089932078
P35612,11.315127921426289,20.309434341863255
P35613,12.56957799676884,22.63319120948344
P35626,10.548072332784818,18.440841718397
P35637,11.643696182238044,24.96287294118861
P35658,10.614199710578378,20.21742208919696
P35659,12.95991850034068,23.995180500118657
P35716,9.274616528312345,19.54334978902668
P35754,14.223910371993957,23.545979754468917
P35813,12.534439126376572,21.439327215613574
P35908,11.600762159633382,21.02688641315217
P35914,13.237497855968213,21.97707850956711
P35998,13.220807424430191,22.75780289027895
P36021,11.453031965892777,23.180524484257436
P36404,13.404240051320892,22.771425441733133
P36405,13.302298355974742,23.65849778373199
P36507,13.56522472801591,21.548705094055
P36542,13.208452168203518,24.313611558470637
P36543,12.982430905081436,22.78298956885403
P36551,11.475666528535205,21.390966450200132
P36578,14.724365682348687,25.676182736643057
P36639,13.83854597244182,23.816580262163598
P36776,12.056485784121653,21.45251422215874
P36871,12.43335003774036,21.95775515405815
P36873,13.288133454803097,23.551995657654107
P36894,7.940583876400934,19.982765614676115
P36915,11.14557946102738,20.754255716159054
P36955,9.495515294151206,19.61693138778625
P36957,12.553077035683433,23.026031214881236
P36969,13.55154693915523,22.400644256110898
P37108,14.324790315700213,25.21847255995492
P37198,13.145855194528256,23.255366810648376
P37235,12.634046325016163,23.567595134481717
P37268,11.34548240686544,21.006459784069705
P37275,9.763651931934053,18.917640135508638
P37802,12.883849149041554,25.838149398180736
P37837,14.664966226807161,24.45574694512191
P37840,14.54219644049161,23.054769974373738
P38117,13.75260557096266,23.287274962765956
P38159,10.091918856849293,24.97287183784431
P38398,7.485367384548428,16.503648433095197
P38432,11.040734040829983,20.962335174846334
P38435,9.349553013607363,18.955677878153338
P38571,13.112706337555732,20.654231145002754
P38606,12.294540194200174,21.903301570473673
P38646,12.24269679089437,23.223958841869834
P38919,12.650692663381337,23.805081912140206
P38935,11.39696899523602,17.15250115611528
P38936,11.955960787161631,21.287650950991896
P39019,15.175742131670567,26.408699622638643
P39023,13.165969486653136,24.352059962919128
P39060,7.559733319613918,16.3048485539334
P39656,13.329953550870131,23.266139984419002
P39687,12.252200400828503,25.214887607488567
P39748,13.71654737171441,23.836693537301326
P39880,9.358871012926302,19.221631475940296
P40121,11.172064861966385,21.900175669737166
P40123,11.24908579190272,20.818649994955177
P40222,11.49929187309242,21.713399216651247
P40227,12.456275977649062,23.750481350614724
P40261,12.722073219178949,21.280900581882744
P40424,12.010135341116786,21.413443414641016
P40425,11.441594348565689,20.411959807798162
P40426,10.09952808122305,20.637138810610292
P40429,15.031843169433092,24.48078758223936
P40616,11.273186750369039,22.5148883749497
P40692,10.604305368141363,19.553176817732957
P40763,11.97656134301633,20.60968539144446
P40818,9.755770125325238,19.581985092105622
P40855,12.755346254166934,21.318141038356625
P40925,14.000041039143925,24.775449077200875
P40926,13.38588967960795,24.942232855752064
P40937,11.744808384229916,21.66158456283516
P40938,11.417579760731757,21.543688210552887
P40939,12.069868688773944,22.275647137639407
P41091,14.393110417093817,22.902801433322928
P41134,9.424609586697548,20.95008081261936
P41162,10.213921703724527,18.60264952020338
P41208,11.924164069486718,21.515182267932698
P41212,11.63244538219004,19.022132015407443
P41214,11.786985579691398,19.099387333292572
P41217,12.29387269732074,21.630332012133447
P41223,14.76981863881167,21.82221555215211
P41226,8.062201176209335,18.148089344191497
P41227,13.55824085349025,22.571212389977823
P41229,9.176967871156918,17.289083468890208
P41236,11.944425195326204,22.022987038740755
P41240,12.817645674731443,20.88689887139924
P41250,12.38195663004376,22.11419301269428
P41252,11.235269344835022,21.050909089725376
P41440,9.596099538284884,19.927809784525287
P41743,11.041657999104247,20.75944428464686
P42025,9.501009200521843,21.81557438901175
P42126,13.281408931483737,22.689801332387404
P42166,11.010355250342254,21.05472880642904
P42167,13.181779467813039,23.788062987310674
P42224,10.799640464535559,21.06074021800474
P42285,10.607629993753427,20.638942416588034
P42330,9.202176697151744,20.754766647794636
P42336,8.491485801036534,18.156711132947905
P42345,8.531275973228722,17.60742143587016
P42356,7.72745621320063,16.75519896605826
P42566,10.556819553577187,19.189360952245988
P42568,10.656457062933132,19.460160663581306
P42574,13.565886697412287,23.17069733710128
P42575,11.219830924856684,18.58953645659437
P42677,15.675583808948554,27.88422516524231
P42684,9.074658332851246,18.507020321520134
P42694,8.881545302841353,17.940843968294253
P42695,10.492221350037342,18.374249241527117
P42696,11.24964144615145,20.329639899585803
P42704,11.727567863926268,21.400633783511914
P42765,12.415244513013356,23.29481570489133
P42766,15.6703141089059,27.514032940831584
P42771,14.796965227733264,23.931702778804457
P42773,12.982852156455193,21.860102590931724
P42785,12.976557132239446,21.361477732867918
P42858,8.551162376818882,17.145783262346374
P42892,10.987362683848806,19.455927752376397
P42898,10.028088577631332,18.810703140385897
P43007,11.445736258105006,20.631621756963195
P43034,11.98777771599553,22.782853922270245
P43121,9.447416627017962,18.635164469610622
P43155,11.206712945317179,19.699817765388413
P43243,12.063345636514617,23.37926069674917
P43246,12.02471982269489,21.55809142250121
P43250,9.504152665536022,21.509493297080958
P43304,10.368208062257423,20.0710340903148
P43307,11.917473035436881,24.16173219329662
P43357,13.29856987225429,20.32652190721819
P43363,12.283016648275789,21.548268887925975
P43378,11.123122671136011,19.296081378330808
P43487,14.79934665255575,26.219355946903942
P43490,12.85463277739989,22.34252703222649
P43686,12.007087518497883,22.854437527001497
P43694,9.939573337744513,20.211240134581054
P43897,10.575251111054618,22.130832635855587
P45877,14.618493763419528,23.995510347313505
P45880,13.410057840760187,25.103191935217605
P45954,11.966092402401136,20.35029235511138
P45973,14.231803114180964,25.76403540221385
P45974,11.48635876124476,21.713960022242134
P45983,11.458997422518074,21.612382658420774
P45984,13.17579382548352,20.28060923906928
P45985,11.896960237322242,21.097756670186424
P46013,9.591641071143947,19.03270493231531
P46019,8.453147668833797,17.533857495162074
P46020,8.363951677099575,18.26120968543821
P46060,11.769448072353796,22.442300779439122
P46063,11.609365318621538,21.688388986609173
P46087,11.408270140244683,21.445623246748788
P46100,8.657056599303425,18.9671561723774
P46108,11.669351830017906,22.27841676606831
P46109,12.937132710732563,22.740151882859895
P46199,10.894856897188944,19.017161346841824
P46379,10.892319963143969,21.734461102452848
P46459,11.537004255486803,21.299745077719322
P46531,8.539176139187369,17.28178931248531
P46734,11.473108583381423,19.77659145980348
P46736,12.33909235832176,20.617761894345094
P46776,14.176115533229614,27.35114057478744
P46777,14.095568166183536,25.181522700322716
P46778,15.268238967090983,26.278420346767266
P46779,13.83169613144879,25.6658755303852
P46781,15.149087192662183,26.10145023643849
P46782,11.383198693698123,22.71031395552462
P46783,13.984359088901366,23.070052595704485
P46821,10.725256437855593,20.79928987095349
P46926,14.074049555768037,22.38008551769174
P46934,9.566045164771555,18.152649654903225
P46937,11.41952038175837,20.44766330926902
P46939,7.684592913237611,16.660789648806983
P46940,11.3906953431578,20.620112404193183
P46976,11.830041691325114,22.076086512162824
P46977,12.25225158020071,21.99103508459632
P47224,13.431020294203353,22.359959943548393
P47736,10.470476532442444,24.346128679769837
P47755,12.2247103268278,22.53991642148011
P47756,12.301388930745134,24.084245265284498
P47895,10.802164638781353,19.685664695556667
P47897,11.712407709363744,21.467837592843207
P47914,16.032225001729323,27.99874428935811
P47929,10.836770404797694,20.38651720308628
P47972,11.860250363346715,22.38577922410901
P47974,11.354066918507275,19.208825319553426
P47985,10.783503491277099,22.122031619899886
P48047,13.724806320229176,24.54746968036861
P48059,14.443035191711896,22.25273775131589
P48147,12.123704702360767,21.093839147033428
P48163,12.2893597306373,20.529112232038766
P48200,10.338169556208802,16.770068066359947
P48307,11.477375896387356,25.182000943971463
P48357,7.649921408151197,19.57529733464574
P48378,9.09968093761304,19.62774819908762
P48380,9.794271467770626,18.861331798367043
P48382,10.372083053165522,18.681603433904414
P48426,10.53169577594507,20.872123046715895
P48444,12.420003794338939,22.35291992333494
P48449,10.692215531517757,22.787712960314803
P48454,10.494723989638484,24.31848888614081
P48506,9.853505780264896,20.015474849930534
P48507,13.1090888310184,22.559978629978335
P48509,13.413269166716491,22.33934869988369
P48553,9.381427708822129,18.398402203495333
P48556,12.313370850975824,22.94877113234741
P48634,8.926874112310722,18.660418245938285
P48637,13.016598985147011,21.437062249973074
P48643,12.746411167556532,23.494812005432774
P48681,11.34462450203822,21.394375500308552
P48723,11.147589019987572,20.893708493652284
P48728,11.874951960341534,19.980793121551656
P48729,12.715151437298829,21.00205988262861
P48730,10.01842301592588,20.749361926458736
P48735,12.501406816400303,23.498731352692506
P48739,12.888535282739326,22.56976827148928
P49005,11.396339792777809,20.39330041553709
P49006,14.44903760326338,24.07026302248968
P49023,10.451781979784801,19.982173748038797
P49069,12.060469592274838,20.29119243769195
P49116,10.184177198577817,19.413518879688592
P49137,11.679166537670605,19.37861055251416
P49189,11.681654034636335,22.82087678238069
P49207,15.1092725084916,22.001129884743946
P49247,12.173960063657068,21.31787568233461
P49257,12.12759814859751,22.671170071041356
P49321,11.894862289364754,22.54316152731927
P49327,10.619078716640843,20.711894103646394
P49354,11.119920609189709,20.629782040050824
P49356,11.828318330606322,20.801082053266995
P49366,12.12916598874479,22.127334995405832
P49368,11.511915389742354,23.566217695867778
P49406,11.856318261156432,21.046501510617503
P49407,11.45996285073372,20.863216456718398
P49411,13.308918663033985,23.521876881151503
P49419,12.13621755502345,22.620285197759316
P49427,13.654713738999018,22.188867834851358
P49447,14.007235609976908,23.792301461288137
P49454,9.293350802799573,17.542430563877126
P49458,12.382573497538,26.98930342284075
P49459,15.932614870845027,24.204257096567694
P49585,10.956333776414663,20.586794363212693
P49588,11.531196265118398,21.27670358824812
P49589,11.52329864339953,20.926453255912346
P49590,11.927610374342807,21.015238842262818
P49591,13.407197101961046,22.361018853266003
P49593,10.498417870625703,21.21273950221597
P49641,9.48853092012482,17.380208401292087
P49642,12.216742905035014,27.328020400094285
P49643,10.901969814540603,19.913957092789563
P49674,8.736100128800842,19.738985095018386
P49711,12.01450679019666,20.78174470316465
P49720,13.288525730050305,24.394707293228684
P49721,13.34549512252891,24.828508788033268
P49736,11.593281905213294,21.887636292780996
P49746,9.400567153929817,18.583947937802343
P49748,12.045079305822439,21.663189720942974
P49750,10.057074247200509,19.73468948718882
P49754,10.030388288132489,19.113357131397397
P49755,13.308691959038246,24.309359201946155
P49756,12.695490195713353,22.25907066047583
P49757,11.221889367386199,20.91821672752079
P49759,11.81696468975803,20.4755119899812
P49760,12.479077399617854,19.463992499189423
P49768,11.409854433537783,19.561620779588004
P49770,11.746996186853202,21.901714500647106
P49773,15.016292722959399,25.142390101411696
P49789,12.165283888322449,22.215888138825093
P49790,10.457742490986814,20.311424800661168
P49792,9.89685245349794,18.82369420770736
P49815,9.005675024614701,17.83281872272022
P49821,10.46013015244589,21.22724442951602
P49840,10.733371578368384,21.302366968641845
P49841,10.084498886498066,20.960296346800316
P49848,10.707632080890477,19.204332971717808
P49902,11.173734809026477,20.612130754935226
P49903,13.053562721731323,22.298406261129
P49914,9.506409013196356,21.880194551635235
P49915,12.586325851652342,21.773921807625438
P49916,10.838463495309739,19.897718577273444
P49917,10.385953270075662,18.69735945775328
P49959,11.191211381606893,21.43907314338744
P50148,11.66363192704389,21.94752886018003
P50150,8.338314812285496,22.815423413597173
P50151,14.151115004438227,21.864905522967103
P50213,12.71518946825594,22.528290459833013
P50281,10.823772968112651,19.99246691406918
P50336,11.644117293947911,20.0817616768095
P50395,11.776379669479143,23.24378868754357
P50402,12.833458909002651,23.11232511809273
P50416,10.413067113063654,20.760217876230776
P50440,10.871125111590652,19.34723563985635
P50443,11.940272953583404,19.708824959285337
P50452,11.46831818481927,20.469352132473748
P50454,13.157845794085363,24.016886286307155
P50479,11.896339840326252,21.585914274609465
P50502,11.304532272657253,20.47582812597822
P50542,10.05407037874795,19.87799821936193
P50548,11.393624376672488,20.286830508645547
P50552,11.374257374847822,21.669489344142793
P50570,10.734728159384094,20.4881518765602
P50579,11.424433148454867,20.254118427952644
P50583,11.915070544433366,22.767706061793906
P50607,9.432182733537761,19.0357725359378
P50613,11.506298834159224,21.147300357741297
P50747,10.867309879739697,22.0207531047723
P50748,9.12482748844196,17.717248399651908
P50749,8.99803289785394,19.74175096592067
P50750,11.640569442475199,21.905740509532684
P50851,8.351585690807493,16.95120258753725
P50897,10.977758687428501,23.364737111329553
P50914,15.462513257374114,25.889015632091766
P50990,13.12477852515055,23.942827127010144
P50991,11.962597171129127,23.22477212912309
P50995,12.142203091684323,21.96783449289417
P51003,10.917517504592064,20.03498446286347
P51114,12.291744851308694,21.75356505924999
P51116,10.623696845964838,20.96736370611165
P51148,11.468478715843665,23.591394258120282
P51149,12.562037995518931,24.367427677698586
P51151,10.858218488232122,21.38279339906013
P51153,12.237692627291375,23.065052733147876
P51159,12.457840809549458,21.634707374006652
P51397,12.71994967299215,23.33147463500212
P51398,11.772025411343936,21.789744987614483
P51452,12.923576003255123,22.6972592153158
P51513,11.079261702228484,19.96112816227382
P51531,10.17512286998669,19.150882625785698
P51532,11.003157928459919,20.495090261974738
P51553,11.193008679914636,20.703414038595472
P51570,11.794302029013267,21.408040436035588
P51571,13.073249330763733,25.620312923028028
P51572,14.263741028258657,24.930268808735626
P51580,13.333087547642291,20.804859179944486
P51608,12.014878225245893,20.074011634153134
P51610,11.4578219652081,20.688123546574978
P51617,10.290001738193897,18.610577921576066
P51648,12.216357796748794,21.50834825466435
P51649,11.570434870861302,22.234234051118978
P51659,12.278465431094194,22.447257031573756
P51665,11.894907308061232,23.23475569321912
P51668,13.876920669621283,24.44362244217862
P51687,10.948586751054103,20.061192857699663
P51688,9.292751785796943,21.041222931600775
P51692,9.014121244996911,18.723231383950726
P51784,9.647291854651975,19.58926967840565
P51790,9.291163578849494,18.938674763667926
P51798,10.581191125586718,18.550025257465784
P51805,10.089564579253127,16.788179569473677
P51809,12.43698324400565,22.249581116097442
P51812,9.762811513361005,19.943018521186918
P51858,12.380170456584116,24.858812473691792
P51884,10.073065397226804,19.574996272754756
P51946,11.050923881933366,20.410723360633195
P51948,11.732325419400874,21.402492530594746
P51956,10.577129053708868,20.495716278523805
P51970,13.382917466297597,24.089596437515652
P51991,13.695312512203238,25.264151470759668
P52209,13.429108411579477,23.805836949362362
P52272,11.588661864603326,23.551203746177972
P52292,13.039353098762211,23.286901660541474
P52294,10.46381584393934,21.307919634853228
P52298,13.273892707890026,24.015657965747224
P52306,11.913001671097975,21.582643719593964
P52434,10.99734755471967,23.242873137486065
P52435,17.701807531657884,23.58180927148568
P52564,11.6773907680955,21.21825204073257
P52565,14.899894542534753,26.187945520779802
P52566,13.67724301641238,23.109296540315075
P52569,9.647663237980485,18.20912836886319
P52594,11.7112354425337,22.44838387560663
P52597,12.78106218882865,23.749692069558435
P52630,10.464781602259508,20.182601314845684
P52655,15.122284186070178,23.46190907800612
P52657,14.850635228949757,23.078814571051534
P52701,11.118148972992103,20.48332307470079
P52732,11.014967348453743,19.443566069450426
P52735,10.149233423629036,19.05671195088947
P52747,11.316808198450827,19.511506715369357
P52756,10.512429650277271,20.15749387488985
P52758,12.748344670076044,22.907497078767726
P52788,12.934980061195896,22.06313939205786
P52789,10.6113837826588,20.993734595924728
P52799,10.267125259910811,20.041076614726478
P52803,13.597541380557622,21.170037888201616
P52815,14.573760748188695,26.36122705440471
P52888,10.725599571977101,20.55002118532077
P52907,12.178958480468632,24.265241484817768
P52926,12.915672751366609,21.774159279024204
P52943,15.365178561413474,24.901367892992898
P52948,10.447685366581453,20.006064063183914
P53004,12.306940845193642,23.852448378365875
P53007,11.975557077561055,21.882577338881926
P53041,11.415759696578105,21.460915427032262
P53350,11.539309303295703,20.01589173121763
P53355,9.98542619574364,16.90086640967642
P53365,11.521770447189287,21.365865186555375
P53367,11.431714140258793,21.25846827142706
P53384,11.909958871934728,21.95931571697805
P53396,11.233620015982462,21.493723043004817
P53582,13.486973788312385,21.50656120320789
P53597,13.508724188794822,22.885916481043697
P53602,10.900852525401614,20.811348297967147
P53611,13.709394843979188,22.13903750196494
P53618,11.537096348513169,21.48444275271221
P53621,11.836968686282132,21.48586896474691
P53634,9.955486293007567,22.47274563859013
P53677,10.935711616820123,19.6517261846307
P53680,13.570601953150224,24.33727984343213
P53701,12.197424818193001,21.818685592217925
P53803,17.747045383331535,24.436428289431795
P53814,9.536425003849846,18.874731364014323
P53985,12.277869272462924,22.838976650980403
P53990,12.403567711078512,22.43775899651616
P53992,11.747277336087823,21.135104834985103
P53999,14.195792075208393,26.478331078729767
P54098,8.182551138521154,17.788218238306616
P54105,12.198939604078445,23.954489453694922
P54132,9.698009179354345,18.240776730850367
P54136,12.634234160944247,22.136565152094402
P54198,9.715464550528582,18.75210510556377
P54219,13.083775587727127,20.882699927534805
P54252,10.394437395714219,18.694452475616494
P54259,10.802003884582176,20.692547474429194
P54274,10.259471515912763,20.172618672837487
P54277,9.110767276755226,18.04377107372559
P54278,10.001766551104607,19.37682621461784
P54284,11.48031784054208,18.857577707056354
P54289,10.23616378720701,20.067039330430234
P54577,12.87999732270237,22.434454932166968
P54578,12.307324513320129,22.5827166834175
P54619,11.779804885377153,21.31015816470279
P54652,11.337567445813205,20.946410035262428
P54687,12.698945822777123,23.034833875792728
P54709,12.90169932480456,22.541972179129196
P54725,12.841743598578262,22.637671402435053
P54727,11.241167497745753,24.026439682963428
P54753,8.79853387795362,18.97109597416611
P54760,8.726612274809096,19.610090242759018
P54802,10.62555864281242,19.009473864268372
P54803,10.559604277563654,18.726437610801547
P54819,12.508451747563122,24.116330889847518
P54886,11.530820075552104,21.48060967306019
P54920,12.917341670748744,22.70036227193174
P55010,12.728930958886513,22.742163674965443
P55011,10.627042637810575,19.137370331541735
P55036,13.454205030351288,23.759173137979445
P55039,11.874276720318457,21.25372133078845
P55058,9.326247003284532,19.932826627792497
P55060,11.474457141997963,22.059503272194373
P55072,11.938093966850378,22.617460324012118
P55081,11.791306992110593,21.796460861236184
P55084,12.752094155172697,23.010585525272827
P55145,15.692016751642752,25.01864378609367
P55196,9.49397732145175,18.441904894331433
P55197,9.588209916313211,17.589427682920764
P55199,7.856674090520384,18.865069918274955
P55201,8.753640232483532,18.69191046286592
P55209,12.674196746698646,24.289124927154873
P55210,11.890426821260133,20.313912835550852
P55212,13.83558774672546,20.87630226272304
P55263,12.450384867962063,22.37927135538548
P55265,11.04226154234962,21.395526650057512
P55268,7.012824740518916,16.092585179224702
P55283,8.966818646715902,18.811481316133648
P55287,9.258057266673466,20.27136053551651
P55327,12.233938867847671,23.780252187605996
P55347,14.745609152740156,20.562324808534903
P55735,10.866549098345477,23.022517630654914
P55769,13.269450868228876,26.1117280521569
P55786,11.697766566857169,21.54307223533545
P55789,11.882452433856642,20.876018977988522
P55795,12.800993067993936,22.44120470938465
P55809,12.904679663748373,21.933741125626522
P55884,11.722091367075704,22.086128598123626
P55899,12.103502576772295,19.749709057945154
P55957,11.712730894954689,22.812185729004966
P56134,12.649359690653858,24.0953325965063
P56182,11.579835547865377,21.046558991392715
P56192,11.31566852515337,21.581857649103153
P56199,11.159813845789712,20.566629847505578
P56211,13.286180115298228,24.567809444785883
P56282,9.404060346334656,18.007315081060028
P56377,12.878229920951009,21.937437401680416
P56378,15.285670122377251,25.577800752452145
P56381,17.374091094994945,26.714018211856754
P56385,13.778385959329581,25.186846422863674
P56524,8.513620227451211,18.181168011083734
P56537,13.327972114592983,25.075075450797133
P56545,12.52900489446166,22.684763897755463
P56556,14.254139638473116,22.984512769442272
P56589,10.714080651411667,19.62355298605885
P56730,10.887367942539182,21.675013084696108
P56937,10.756756711873532,21.341806972794444
P56945,9.533591970772246,19.047139004027457
P56962,12.176622687324699,21.79195245198963
P57060,12.735965184703534,21.551956935418026
P57076,11.811042864417097,21.435412027586548
P57081,11.830915487432174,20.60364500721824
P57087,12.256052605144504,21.19200878705102
P57088,13.0243652296588,24.021284168955077
P57103,10.39380207375386,18.813880927660996
P57105,13.718009878468303,23.112038171783794
P57678,10.762756027406402,19.573425123153985
P57721,9.775353912980444,20.75166255066846
P57723,11.103250975500268,18.89249409909693
P57737,11.664576277419552,19.590818022075915
P57740,11.269248987384454,20.44929091031318
P57764,10.853922180787574,21.037793085138965
P57772,12.23807831694994,20.63954882273077
P58107,6.521485429293913,16.057739163305026
P58317,9.745703289939218,19.009730440370983
P58335,12.219514326420954,20.3560409609341
P58546,14.458296669309451,26.442485419496588
P58557,13.739471109585427,20.922414270740404
P59190,12.469389940782762,26.25812391149236
P59768,12.906610572729441,24.500489145005993
P59780,12.5622349426933,21.782448384360915
P59998,14.116569097748663,25.26978494432189
P60033,14.55290294705603,22.002476585322757
P60174,13.933825110700658,25.865222631904647
P60228,12.085818022776866,22.43436481586145
P60468,13.453417631933476,26.102953802930323
P60484,11.94131977445775,20.2514072837077
P60520,14.378738622493461,24.08406172614925
P60602,14.281717083358306,24.84453697025937
P60660,12.250777459994296,26.207610856984957
P60709,13.095263083865795,27.919432847655436
P60842,12.819602896374034,24.856279435035034
P60866,15.010059668247287,27.408046008060413
P60880,11.42944955528151,22.021239145918607
P60891,11.737058908853731,22.253454435061006
P60900,12.989719517081953,24.30380384156139
P60903,15.74160877286072,25.90734815358904
P60953,12.421257990159663,23.2563782128674
P60981,14.206746374407688,24.737334884331286
P60983,13.414771789832306,24.358855497101064
P61006,13.381987234352149,23.251315247908014
P61009,12.41488554116461,24.44801432721418
P61011,12.573606377512206,21.399483140141093
P61018,11.249460843570883,20.465471033819536
P61019,14.497204593047337,23.044489638572607
P61020,12.21663040490846,22.135606277507705
P61024,13.815031298233569,25.197046135617466
P61026,13.764657773439053,23.17619776346705
P61081,13.613215603502333,24.492667659675433
P61086,12.695920220587974,23.902252616903883
P61088,13.815598797467446,24.5702566552286
P61106,12.30130585594022,23.53539783801704
P61129,8.814817040698152,18.105802939019803
P61158,11.902698559706469,23.237983659292688
P61160,13.418758599943006,23.916147841082154
P61163,12.371891432164661,23.089477926163735
P61201,12.820154568332688,21.87951544078321
P61204,13.131665520791655,25.542377945479238
P61221,11.998829253653687,22.00173061922898
P61244,12.597637103199395,21.450179240100873
P61247,13.046772257110389,24.683542839050357
P61254,14.266972522991537,22.444292747981684
P61266,10.866574670036238,19.7074289460219
P61289,13.207410019701827,23.122493781632773
P61296,10.887218830189296,23.130356208734558
P61313,13.365329412785435,25.618939031403492
P61353,16.342946082230874,27.178707916837553
P61371,11.461431546661473,21.02891080543665
P61421,14.361598476168378,23.011381885654345
P61457,14.497355551996247,23.89353242204285
P61513,13.99802602291529,25.005474888419105
P61586,14.33190149535099,20.841257116494784
P61599,12.322303442631611,21.471920755653702
P61601,11.245679918401255,20.122302350643505
P61604,15.579574330079394,28.461018405478033
P61619,10.761940595805155,22.50182323345238
P61758,12.222387188337132,23.52972614598129
P61764,11.059930445625673,21.358132047891097
P61769,13.080613079982733,24.11968797528418
P61803,14.42805150799231,24.739973794571785
P61916,14.065188065812674,23.921259928658696
P61923,12.237027563305118,24.52489341439727
P61952,13.795722248860631,25.252017179514997
P61956,16.14715361289969,25.88117501668935
P61960,17.476961474915417,24.74732847306964
P61962,11.86345186116463,21.729480333054397
P61964,12.962079243844194,22.980509392865862
P61966,12.427868448439968,22.802475344461037
P61970,13.839206621697507,25.354267666984263
P61978,12.564234471083651,25.902978463495927
P61981,12.99800008927528,24.50081388096862
P62070,12.518426550772338,21.607924300083454
P62072,13.546969540897749,23.286488488173553
P62081,14.211894065701673,26.157647913745414
P62136,12.133138578105427,23.62185843458835
P62140,11.370814879998317,23.50984014498788
P62166,13.418104855692594,22.421962439992843
P62191,13.446401546062125,22.544389579891412
P62195,12.584083517337035,22.633458758676312
P62241,13.500581702186095,26.011923058125333
P62244,13.865579617308633,26.350521852008775
P62249,13.58885898746507,26.261367400887952
P62253,13.27156168633047,21.540556586171014
P62256,14.889825456945802,23.58338009713967
P62258,12.470948001311866,25.74262940290375
P62263,13.806973025392049,27.329375930527235
P62266,14.85692090795856,26.353188137208033
P62269,15.77048636867318,26.501794952502635
P62273,14.77704367571048,27.307606353558175
P62277,15.623635336961387,25.991936982270154
P62280,15.45230027884856,25.253538393562085
P62304,13.954862446608173,25.66533806298485
P62306,13.895057706932437,26.958385238373385
P62310,15.16110985750126,26.434258598520284
P62312,16.504784392741474,25.2941410047749
P62314,17.13611219934398,26.299765236954666
P62316,14.073998928039842,26.57220965286032
P62318,13.368455154465005,26.232256372568596
P62330,13.176670832233581,23.78456910936031
P62333,14.196015930195717,22.864869161220703
P62341,12.091721426859678,21.243948737934804
P62380,12.210049203834725,22.03337434260926
P62424,15.599258834797427,26.264053336342545
P62487,12.820672383392331,22.426298690273544
P62491,11.29099314895895,21.560043531234815
P62495,12.568482031397675,22.932964551255683
P62508,12.501357346828227,19.37943442509582
P62699,12.463744577644965,22.23337764070867
P62701,14.21546576419243,25.09931111361521
P62750,15.2408870374525,26.66355855597082
P62753,13.588060538437077,25.936934845949743
P62760,11.3038828370569,20.40013448285871
P62805,14.38106436595992,28.478816393284873
P62820,12.516356130781848,21.84545144655402
P62826,12.785358945717563,26.679596025340178
P62829,13.704241875651832,25.44748692037802
P62834,12.937855994389535,23.897132254820495
P62841,15.192174245431955,25.429857465925807
P62847,13.730595578894853,25.69812935678524
P62851,16.192401858479418,28.157912532344124
P62854,13.04123506507958,22.87033216892713
P62857,14.460190711948568,28.40576877896745
P62861,17.23438603977903,28.050663176243617
P62873,12.773702327525362,19.98670920154404
P62875,15.043413569691241,25.15499823746387
P62879,10.909307151131724,20.415105839266083
P62888,14.387783621004694,24.720157777340866
P62899,14.891367809144034,26.508672148966436
P62906,14.953447336774769,25.833147600382468
P62910,14.626229500378232,26.216401051611545
P62913,14.293251396776084,26.694106600034626
P62917,15.467219664403542,25.721551733971573
P62937,12.994801870430425,28.472219138294832
P62942,13.716083451412198,26.93540170080677
P62993,13.090773441882668,22.90590845847204
P62995,12.711756436770093,25.441521671237616
P63000,14.145638592682145,24.46964045108049
P63010,11.511570496643879,21.42153312203536
P63027,13.434172492317618,23.015822515625086
P63092,12.888703838307663,24.502242734991047
P63096,9.935458447798359,21.465397391211848
P63098,13.75689632036625,23.442296369134596
P63104,13.157923628097034,26.324566480431624
P63146,13.638810171946348,21.747640249104876
P63151,10.990948013327603,21.987195198886628
P63165,14.785344254403691,25.853042612643154
P63167,14.106671254369576,26.01553580762369
P63172,14.698013755526974,24.317213187805596
P63173,16.17528341151554,27.67006411827068
P63208,14.162587231176126,24.237530471553594
P63220,14.505660832937602,27.037339303628354
P63241,13.669323681781224,25.920702394458313
P63244,13.778933231440648,24.75899645754067
P63279,14.264793941745086,25.928175869172595
P67809,11.075894903056316,24.754240720555327
P67812,14.655926727944154,23.642900732263207
P67870,13.484957745855013,24.328077189426114
P67936,13.216285265690253,25.727834421733135
P68036,14.565590036232457,25.546341042429987
P68106,11.79983230183009,22.28846480800128
P68366,11.582697903447412,19.962127362369525
P68371,10.670517683891529,27.273393407261857
P68400,11.904137885906653,22.608884882150164
P68402,12.502382041398683,24.099795080324
P69849,10.696243402708038,19.027113842012753
P69905,14.492352380278076,24.580399550887265
P78310,10.449608766428822,20.90116235183989
P78312,9.73453487911972,18.414566295708628
P78316,12.373841861745541,20.073381141684703
P78318,11.914554064908252,20.427239309860198
P78330,13.199802814718003,22.828661791613484
P78332,11.036446389785363,19.293539708521077
P78344,11.191246197432125,20.718388998504555
P78345,12.364251459279892,20.04449499379015
P78346,13.23887988657042,22.11074596707737
P78347,12.034894583021838,22.31003615217078
P78356,11.657978018579069,20.493198733483688
P78357,9.575465523857178,19.49247743314489
P78362,10.891873601911339,19.92058280854618
P78364,10.669388666796992,19.500354587314735
P78368,11.997832090300586,19.62308112449637
P78371,12.82476471693071,23.53245401477952
P78383,12.164510868064983,20.48549567219291
P78395,11.401116494617387,19.960237218540723
P78406,13.160086556474555,22.62381592648271
P78417,13.059277223770192,24.698454595615406
P78524,7.876123151489998,18.570352002110425
P78527,9.814313779385921,19.76755473996889
P78536,10.994440944083845,19.855458170692515
P78537,13.214187943349044,22.326817110727863
P78540,12.18061593262033,20.44312629984774
P78549,10.830339793546177,19.812971271215954
P78559,9.644906082299263,18.006389753882612
P78560,10.410487259429287,22.17381695038122
P78563,9.035856413914551,20.918966681238114
P79522,14.477737866540714,20.959797920763247
P80303,12.480111506301695,21.940773765849237
P80370,11.242178872929989,21.44970582743706
P80404,11.358872645859691,20.186019523070367
P80723,12.380272861118385,22.68725440412756
P81274,8.090448641044615,22.941855501099543
P81605,13.057774250429759,24.70269053726437
P81877,10.879609383894662,20.354058080696156
P82094,9.492081076199048,18.858952366942415
P82650,11.664641233658672,21.940268980233807
P82663,12.534185594718252,22.513532109895966
P82664,14.890736954421287,21.874611533367943
P82673,13.053942327964789,21.904287320251104
P82675,12.134985427334307,20.776783362924203
P82909,14.200420093560394,23.463708952926943
P82912,14.622367476174597,22.469167779008774
P82914,11.95604149232803,21.560278458018924
P82921,11.847761290957934,22.808482883739195
P82930,12.91345698639807,21.639721490231597
P82932,11.47599602897974,21.69259225069983
P82933,11.607119038249216,20.46871710367346
P82970,12.665482905352835,18.966818268154682
P82979,14.011089353153865,24.863669011607783
P83111,12.71365335612265,20.210028767031645
P83436,9.989819441475678,19.18479085003247
P83731,13.47737260962976,25.727632882449637
P83876,12.97723355303765,22.944356202805942
P83916,12.68807784893615,24.84453872081859
P84022,9.832232958754252,19.58250713124806
P84085,12.832471588228943,25.813328787528636
P84090,15.288005428796863,24.881077869764695
P84095,11.878783416092142,22.665584333734138
P84098,14.657795279852927,26.127504705092985
P84103,13.923640039826404,28.02774205995747
P84157,13.494172400748306,24.059031476938873
P85037,11.316854779574074,20.531237287153022
P86452,7.678846811306927,18.05610493151869
P86790,11.326525555764228,20.33892326045685
P98082,10.305091141249065,18.432662063221184
P98160,6.360400894225981,15.653349614903256
P98170,9.170023267818555,21.384698766658357
P98172,11.094341296144975,19.663339032966803
P98174,9.441024284505609,19.38227401467375
P98175,10.871478808268437,21.34812726085509
P98179,11.01682648605068,24.334469111730137
P98194,10.559225034643704,19.280899347391156
P99999,14.647163548067565,26.156005980983252
Q00013,10.503887869254198,19.787527977689535
Q00059,12.44914073760952,22.48650939565263
Q00169,13.431481009077995,21.50696175572848
Q00325,12.613266211384477,24.00520425130712
Q00341,11.162069762307167,20.81908753800105
Q00403,13.172789274350826,21.11028632620062
Q00534,12.653643210745617,22.586747501206286
Q00535,12.218996322164333,22.578765218856
Q00536,11.306576235404659,19.119137531761222
Q00537,11.319932703287165,18.85547027104626
Q00577,13.580391674163009,21.70409593043294
Q00587,10.5301908656806,20.09505141469919
Q00610,11.163793914973278,22.010644872374364
Q00613,11.171202343846888,20.729232193117962
Q00653,11.313689321788692,21.67325332847024
Q00688,14.397991382496054,23.871875047688654
Q00765,13.912960648963121,24.401779368593658
Q00796,11.879774351061279,21.981518142494306
Q00839,12.399153484537639,25.23506998600522
Q00973,13.01417483305032,18.882607229886435
Q01081,13.097026324941197,24.698661500718128
Q01082,10.558764382275942,20.669559910296158
Q01085,13.318599925106751,23.08917888059266
Q01105,12.703134148392147,26.480099849794698
Q01130,14.286802943577468,24.97408304179849
Q01167,11.118612084675423,19.944562922849546
Q01201,10.584960031127249,19.331078683755955
Q01415,10.631214100141884,18.921717536226257
Q01433,11.591648641187005,20.458628498844995
Q01459,11.705789552650115,19.672558569542915
Q01469,15.393339331758863,24.66788125036495
Q01484,7.93087424261047,17.20047945709076
Q01518,12.206761124864755,23.09164326819285
Q01581,11.666530046381789,20.694012183365185
Q01650,13.446949057276907,21.74465730595173
Q01658,14.68002819933283,23.34841491907135
Q01664,11.5529578132154,19.323928686566532
Q01780,11.201180706455762,20.170662934856228
Q01804,9.192869815898916,18.50680333848244
Q01813,11.21554057948683,22.352290031409108
Q01826,8.540510311414012,17.74955415579738
Q01831,11.113949379437587,19.087433892120696
Q01844,13.572682348941937,23.97793767863316
Q01968,9.999706146159161,20.16487614904935
Q01970,9.500717573348085,19.747035554725837
Q01973,10.318292244471246,18.38149472887592
Q01974,10.712910172080992,18.445130576547363
Q01995,10.993765385479701,22.33221257466481
Q02040,11.969678930144415,20.588729987967447
Q02086,10.266990905577407,19.965383225917623
Q02127,10.622575128349574,20.392576505798388
Q02153,8.785484534678217,17.920244587666417
Q02156,9.32308671336633,19.099338013815792
Q02218,10.805114599441135,20.119382813720065
Q02224,7.185251032708986,15.967765220846504
Q02241,9.888864250462179,19.827461781024144
Q02252,12.0753657868425,20.5551793818381
Q02410,9.570333192832555,18.557980052978273
Q02446,10.632198864140882,21.222898649434864
Q02447,12.567606536320941,21.701308408160504
Q02543,15.864879214026782,25.008390186836564
Q02750,11.420576757095855,21.841218379582592
Q02790,13.487928535372765,23.485613844660946
Q02809,10.100106342806257,20.839693513742805
Q02818,12.127144310887516,21.685081459714343
Q02833,11.100647557217988,19.68502377979543
Q02878,14.415720154546278,25.760262905262163
Q02880,10.703548072676684,20.36199345236835
Q02952,9.983433525947168,18.781318569503483
Q02978,12.898586223531918,22.137991053442168
Q03001,7.923263622517326,16.091850782530347
Q03111,10.574780613113042,20.83071844497106
Q03113,14.29026191271211,20.402287742216675
Q03135,13.041680324810985,22.320206390919093
Q03154,11.299758047358196,20.49117067086064
Q03164,8.112901190622118,16.830768190998246
Q03188,9.952544315562966,19.823588111246327
Q03252,11.70359445368964,22.56170830704191
Q03393,12.395964295947445,20.86164126266562
Q03426,12.51902344720344,20.99598145128429
Q03518,9.436110657843653,19.252508517241758
Q03519,10.56398249731708,19.348067967972938
Q03701,11.057451749363455,20.88749304101874
Q04206,12.154000140358278,21.686267350223012
Q04323,11.273739969253308,23.0682468131435
Q04446,11.905317648803319,20.690120088744674
Q04637,11.16384312299894,21.281456481808068
Q04656,9.735089011026522,18.935144042842207
Q04721,9.405891026891007,17.876293884113547
Q04724,11.020932926076528,19.29003524414105
Q04726,9.540707670903625,20.498079866391315
Q04727,9.493924409387516,17.944769897870266
Q04760,13.855099534849296,25.361316976176372
Q04837,14.43185953724851,25.533397345179527
Q04864,10.805795503993648,19.165013795652943
Q04917,13.09185166312366,24.320503501530883
Q04941,14.485810392488364,25.225085010369877
Q05048,12.270859786325577,22.270696445540565
Q05084,11.149496605537813,19.24332733773411
Q05086,9.443652232228018,19.415003289960524
Q05193,10.25060737150566,20.197363999705995
Q05209,9.954675697738004,19.71762211351288
Q05397,10.9797336800529,19.12937052354281
Q05519,12.077258557499734,23.26900734727422
Q05639,12.671250756256056,24.46692011289946
Q05655,9.94722678153092,18.983322637995638
Q05682,12.560809973904135,22.755064177714857
Q05932,11.406482131101967,18.9247488256179
Q05D32,12.9745704607869,21.041177061573016
Q06033,10.687534455570159,20.93408965837927
Q06124,10.674073936437338,22.223217342745645
Q06136,12.187648582961158,20.64464641475119
Q06190,9.194309858145342,16.345671765366944
Q06203,12.119069192509116,21.500140778720578
Q06210,10.956165894864533,20.86425247798773
Q06265,11.564618283152596,22.548273178228055
Q06323,14.31570591047472,24.58640145680542
Q06330,10.867233835775327,20.568200304245927
Q06481,10.998287317069375,18.918572880876017
Q06546,11.820521319001816,20.493059213961605
Q06587,11.190511449340278,22.217049761864157
Q06609,13.528308693853996,19.847801654815942
Q06787,11.481080835407264,20.541199274299487
Q06830,13.791300138154712,26.58085181737441
Q07020,15.236178091526625,26.55368431069292
Q07021,12.225113697854555,25.205509893021972
Q07065,12.015521441876986,21.869040894538053
Q07157,9.893734674261811,18.971431366185687
Q07343,11.347923673673842,19.433911958726355
Q07617,8.958490703881953,17.370779599973464
Q07666,13.550104439159576,25.161647097010636
Q07812,12.939686433032133,23.38820616153363
Q07820,11.98305062492921,20.801182201486174
Q07864,7.479792604072804,16.945276273639607
Q07866,12.77035690447573,21.811457230911298
Q07889,9.885074925584172,17.870570919395032
Q07954,9.300384257741527,17.36547139819405
Q07955,12.844535435255418,25.681016388403105
Q07960,12.80866542096138,21.645901275531134
Q08170,11.492421677241826,23.54604759741862
Q08209,12.576194607157491,22.323090632675147
Q08211,11.003025861566718,22.699840374824404
Q08257,12.125981271629522,22.62072667725918
Q08357,11.2504796659274,19.74040464812106
Q08378,9.385240802700496,18.223142078635
Q08379,10.320313816880446,19.940925864780624
Q08380,11.245012827007827,21.45698472487916
Q08426,10.48937870845954,18.983972033534407
Q08431,11.207249518177331,20.702888083520364
Q08495,10.997900934109062,20.062401639198097
Q08623,13.062651969407735,23.12188873727184
Q08722,13.523510610927639,23.412713906312003
Q08752,12.128872594582262,21.97412119974228
Q08945,12.128229945156859,22.96512735656174
Q08999,5.933440490983427,16.181524452188825
Q08AD1,9.506474029179431,18.581626778529422
Q08AM6,11.65017208833563,20.12236647683151
Q08J23,11.060323332348165,21.20956025998355
Q09028,12.384892645237194,24.132970319346217
Q09161,10.344952732002977,21.31349412581272
Q09328,11.07675334623118,18.756556238997664
Q09472,7.666188556698543,17.92466415541005
Q09666,9.824818548332447,18.980611878074487
Q0JRZ9,10.451143340786022,18.632062147074752
Q0PNE2,11.26956903124229,20.4047133869628
Q0VDF9,11.066446172197894,20.79803506863982
Q0VDG4,12.528936002055554,19.869209380367444
Q0ZGT2,10.911764870254345,20.32210218852286
Q10469,11.59067328403062,20.001300820834903
Q10471,11.41561524012977,20.734178558510216
Q10472,11.408617867321299,19.929618319978903
Q10567,11.375862809730013,21.519337758231803
Q10570,10.090905015113451,19.874513529291118
Q10713,11.122817691001396,21.476800300332048
Q12756,9.222431950142678,18.47935427272852
Q12765,12.066655651430272,22.69376735312031
Q12767,11.769448729809028,17.82423725435028
Q12768,9.93106878449899,18.84702029214114
Q12769,10.597520210989853,20.182177564536445
Q12772,8.522615579810564,18.558727192374693
Q12788,11.213143334585522,20.747379977321337
Q12789,10.204899619411284,18.56375402338449
Q12792,11.674805901482582,21.3915141888556
Q12797,12.18983591254787,20.322407228608178
Q12800,13.268452998709499,21.44972800476569
Q12802,8.556619037278143,18.26318743900047
Q12809,9.084927090131094,18.655275774548304
Q12816,10.429274386872201,17.632656760210295
Q12824,13.014930006945077,22.547209603139628
Q12830,8.746620853464139,17.987977135056223
Q12834,9.728986672131668,20.146618901276568
Q12840,8.319974612697761,17.2175629983964
Q12841,12.461318082681712,21.204634151804655
Q12846,12.384098652937501,21.213517210981323
Q12849,12.54277540991315,21.131152383213724
Q12851,9.837713171856173,18.298507320877995
Q12857,11.556874291931639,17.248657810873723
Q12860,10.261748560221678,20.86974253153934
Q12872,11.30362782805,19.900766267936888
Q12873,8.609522494468777,18.102662729112097
Q12874,12.535794714267324,22.481802284730833
Q12888,10.434907686948854,19.733222210847067
Q12893,11.954654452479183,21.308728450947243
Q12899,10.80511961804409,19.503163422597993
Q12904,13.075356773829695,22.881999722822673
Q12905,13.350983475816932,24.50152459458872
Q12906,12.224398783950972,23.569453485076412
Q12907,12.924136059077327,23.344583741328762
Q12923,7.611639470265188,16.353579026212845
Q12926,10.673474412246385,21.843887812067358
Q12929,10.428692540566491,18.86561788250176
Q12931,11.986137258939,24.100370517834204
Q12933,10.79754175461556,20.760186312353188
Q12948,9.420157174760467,20.181229388355984
Q12955,6.686884916500022,14.790338205616534
Q12959,11.489648792519718,20.235307518541294
Q12962,12.2355184045996,22.024791440599778
Q12965,8.26696153232103,18.664405327094155
Q12968,10.546862726607358,18.605582261157537
Q12972,13.420377629556702,21.84789161699202
Q12974,14.504524032837072,21.9884142559497
Q12979,9.966198839620501,19.333954206261467
Q12981,13.130280524586174,21.20423611212969
Q12982,10.47125078392307,20.72417203259224
Q12986,9.402313403850474,18.93074539334964
Q12996,11.185413041964006,21.328182030533608
Q13011,11.743580866537188,22.850165444537044
Q13015,14.558831435424137,24.078585519467023
Q13017,9.575047480796767,17.83073735986278
Q13029,9.023822355523755,17.153802355076802
Q13033,10.740293463236128,20.88521792706771
Q13042,11.493079651519247,20.44709382057587
Q13043,11.351150055603677,20.225854185474912
Q13045,9.975818911620127,19.17675167808764
Q13049,10.439729435875421,19.035097746867862
Q13057,10.995745801806724,20.175032593463218
Q13084,13.06130822495125,21.28515773447727
Q13085,9.26591574447248,18.363909501449758
Q13098,12.378042393013226,22.825039335816406
Q13099,10.040041857833867,18.958334640850627
Q13107,10.607751346628753,19.02983611459741
Q13111,10.382138522309349,19.98039569109102
Q13112,11.652162736404739,20.266980417738285
Q13114,9.130176656246752,20.376926523811605
Q13115,10.15544229817312,18.978596367442734
Q13123,12.249483302878316,21.72060541130808
Q13126,13.58138240492263,22.62962817192016
Q13129,8.309843301064891,17.49099258192733
Q13131,10.901044867983641,20.624652539461067
Q13136,9.238485588189013,18.37818229621965
Q13137,11.148264635637863,18.63184799428806
Q13144,10.43744320842049,20.6019543909154
Q13148,11.016875275336181,24.2146778242157
Q13151,12.509172429362488,24.79883588560739
Q13153,11.17220460249701,22.697213294728158
Q13155,12.817362558121122,23.272841610279322
Q13162,14.06317624470832,24.1232398760095
Q13164,10.849657546871724,19.52123491476804
Q13177,11.669510597010898,22.5306137474388
Q13185,14.198894347921645,26.873951507778884
Q13188,11.150091505197182,19.597007700087133
Q13190,12.091349734855248,20.79346282504546
Q13191,9.37974688203132,17.609095005385402
Q13200,12.144733963023608,21.498520343802635
Q13206,11.586749910259137,19.413916975634415
Q13207,12.15176464757759,20.440820280842576
Q13216,11.229452866464737,21.799056707448884
Q13217,11.915438214102181,21.321276422411767
Q13227,12.279633016767322,21.200563189235602
Q13232,12.536612953642203,21.859887785130837
Q13233,8.388973909382534,18.14739146780436
Q13242,13.255301209712373,24.35402793335017
Q13243,13.755092340785058,23.940992345289494
Q13247,13.00102760405628,24.564346495496977
Q13257,13.379361755944023,22.988574564148013
Q13263,12.369413411769779,23.34750936779383
Q13283,12.329904752485582,23.356200766566904
Q13308,11.27882520982702,20.622236073354223
Q13309,10.948408271966779,20.284306912720446
Q13310,12.509242020447086,22.137550474886332
Q13315,8.043558003438315,16.34265844243265
Q13325,11.98566449146834,20.217967649957814
Q13330,11.377539857465742,20.981407707412163
Q13332,8.27908492996676,17.488453442331465
Q13347,13.219928788524248,23.033575199467922
Q13352,10.889978150449636,22.198718431890246
Q13356,11.619167900767136,19.809476747224622
Q13362,11.197932451287441,20.995757190767875
Q13363,13.094031460822197,21.96735507236592
Q13367,10.955209684735154,18.50297738003383
Q13370,8.446981414364922,18.167805422258976
Q13371,11.870824893840439,21.026342649449308
Q13394,11.055289908430131,21.13300579999977
Q13404,12.3601640079878,24.70078950079444
Q13405,12.645862584531555,22.592800638044586
Q13409,12.223090921768875,22.784117053683573
Q13415,9.118104408294878,17.829030654696663
Q13416,12.190374255820952,21.603421604197703
Q13418,11.944895927067702,21.310320348019633
Q13423,11.681588672609669,20.928456530208507
Q13425,11.42260529481638,21.015759697935014
Q13426,12.592788542983229,21.327873783200175
Q13427,11.233927299420387,21.816754388397726
Q13428,11.176886747891817,20.954456229854127
Q13432,10.549764325358144,20.040318791160903
Q13433,10.81944330363402,21.071367692015926
Q13435,12.235988295999773,22.216418842389057
Q13438,11.196070930099538,19.95164605909399
Q13439,8.698483077638812,17.27943501852848
Q13442,14.419852364239123,25.487051651692887
Q13444,9.464872852166094,19.444739533402394
Q13445,12.58982592708086,22.404099924249042
Q13449,12.878152782977672,22.036684709552567
Q13451,12.173939755165275,21.08699622937849
Q13454,12.425327912745061,21.09841397951531
Q13459,8.627294053451113,17.736834088768074
Q13464,9.175326677282019,18.162798895703233
Q13472,10.856633478752032,18.520706367478674
Q13480,10.699132681952342,22.73471833732824
Q13485,11.887058991776883,20.720980949714864
Q13490,11.710263363571144,18.427913047064294
Q13492,11.740306505491715,22.035583725534064
Q13496,5.645584287905785,18.615112425454754
Q13501,10.547678331933803,21.790635915868734
Q13503,13.53811230979943,22.492751433032122
Q13505,11.791208919634787,21.59371512619813
Q13506,11.187704031449595,18.606557697115957
Q13509,11.019368021374236,23.48567615005038
Q13510,13.274558447997416,22.558922809391994
Q13523,12.511550027940824,20.423656599594555
Q13526,12.872615167490126,24.111742870728154
Q13535,9.29859617122587,18.172576446874867
Q13541,13.482304491442163,26.621509439630234
Q13542,14.401877490810259,23.004719387616046
Q13546,11.054445003856824,19.953977074918136
Q13547,12.445095568296718,21.717147381846846
Q13555,9.713485167170889,19.420535004432846
Q13557,11.443857024037325,24.396206041013873
Q13561,13.77233044177882,22.79922641567479
Q13563,8.937647672841395,17.783717662693597
Q13564,11.364898994985534,21.578449997225935
Q13569,13.609235404988091,20.83469118705572
Q13572,11.048053003884283,19.13313066293247
Q13573,12.439895727200014,22.291243830768636
Q13574,11.059757792063266,18.15187401000052
Q13576,9.702325023975687,20.40072325961538
Q13586,11.817120659689431,19.966249268820473
Q13595,12.238902875889819,24.06679614533814
Q13596,11.723370443965623,21.026865749164855
Q13601,12.561762391350015,20.76583547408097
Q13608,9.255792004696314,19.561032307095175
Q13610,11.38980615123293,21.052797328652403
Q13613,10.899502216294819,19.67607283096832
Q13614,11.556498136178616,19.11071231412805
Q13615,9.242302579195858,17.766765002595054
Q13616,11.400194349340985,20.1398642206546
Q13617,11.044493132282456,19.581880325150863
Q13618,10.723638825613833,20.391814985143174
Q13619,11.079697351049123,19.515767294839446
Q13620,11.100655755329152,20.135006142104377
Q13625,10.471553567830655,18.32852640989289
Q13627,11.089454343304896,18.927351726821723
Q13630,12.667404951651642,21.56651075289117
Q13637,12.391787000527163,22.324642315618973
Q13641,11.71374470071281,20.967144857603365
Q13642,13.281609479627043,23.716448346186787
Q13643,11.978625431564758,20.846259370942228
Q13671,7.12423137926651,19.13784963809086
Q13683,9.619199424933477,18.19810229913451
Q13685,12.835561998758939,20.49857379755244
Q13686,7.7853595549177195,19.1141389701831
Q13724,11.656665222185019,20.727434795300397
Q13740,12.653177765884639,23.229123626771866
Q13753,6.123317229760553,18.328365665356074
Q13769,12.044526051713776,20.924996211844842
Q13797,10.482345617843556,19.228575484734616
Q13813,10.684845683906213,20.93674395161215
Q13823,9.975310714894572,20.25704015341027
Q13825,11.736416563378189,20.711155603370223
Q13838,11.8210566653127,22.65373969503862
Q13867,12.384886809891997,21.956083894607158
Q13868,12.688498231522809,22.845317102515814
Q13885,10.616638982054475,24.188412893617492
Q13889,11.229436412420014,21.206071645375786
Q13895,12.68095219807023,21.726601526353296
Q13907,12.209947172477706,21.992583825398885
Q13948,9.277943472764363,19.382377084675408
Q13951,14.840746170909641,23.183421162895264
Q13952,13.319342802362836,22.208751828147
Q13976,10.78488408539666,18.961754361719443
Q14004,9.700678057923575,18.976224811637483
Q14008,10.014372445076928,19.451188425852557
Q14011,13.038027856154871,26.089252501794107
Q14012,10.922411799769282,21.16464589607236
Q14019,14.891344131026207,23.896168059903363
Q14061,11.685179403476248,23.697957912374154
Q14088,11.58071661473374,20.47945330606318
Q14103,12.699916127351731,26.603520030634005
Q14108,12.345548214762456,22.723426450181055
Q14118,11.21177136537115,20.093038087156227
Q14119,12.090740733486179,21.861715742593965
Q14123,9.95140369343253,18.961801890467658
Q14126,8.576225700425045,17.663727226995526
Q14135,13.163063931481165,20.093334221942982
Q14137,12.013991045024644,21.480111914382046
Q14139,9.730159324534508,19.483703939147375
Q14141,13.080250029118623,23.98325455504009
Q14145,11.282657220019692,18.718453057183293
Q14146,10.125994367957249,18.13402863135508
Q14149,10.50157714547265,18.887454395809478
Q14151,9.623295436927679,21.150032506089733
Q14152,11.589042713714973,21.291179893481488
Q14155,10.90552005244027,20.52704305524439
Q14157,11.221261866325632,21.58429413033593
Q14160,10.057681473983248,19.161972530371735
Q14161,9.971123155994105,19.746531830654995
Q14165,12.928781784784997,22.240415406160906
Q14166,11.060828828492461,20.30726369722105
Q14168,9.974793652069254,17.437538569347865
Q14181,11.90162359048808,20.22354515251971
Q14185,9.337801210237577,17.230545064893228
Q14186,10.503306315449855,20.486929271209167
Q14192,12.666443770993908,20.85345162124166
Q14194,12.111016773970706,22.00799613844924
Q14195,12.34975706669259,23.87687744345247
Q14197,12.178218745607538,22.790347303457906
Q14203,11.359994797019837,20.38998710397661
Q14204,9.601976791985383,19.292702939430505
Q14207,8.500529855862181,17.61226562157925
Q14232,12.334013305727536,22.544882060226104
Q14240,14.152096562838329,22.442408133727785
Q14241,11.55731117693463,20.075268253889337
Q14244,9.684602390624342,20.23944036888651
Q14247,12.819452307829508,22.710797205793142
Q14249,10.790975774175546,20.834950885035546
Q14254,12.994170194555446,22.212157398261272
Q14257,12.242058070946934,23.440046835151374
Q14258,11.7146236956555,21.113003503275223
Q14315,10.14249605274927,19.66259061654743
Q14318,11.998739731345541,22.611272082704815
Q14320,11.82473593255124,22.589094782204594
Q14331,12.546939391290358,22.181905987412648
Q14344,12.720489653633592,21.530557383400055
Q14376,11.828121396002665,21.919907781048003
Q14432,9.312407344301786,19.029993951814443
Q14444,11.378224154866292,23.6151896310211
Q14457,9.669670244979335,19.918299997997597
Q14493,13.417204166049272,19.757715944349272
Q14498,12.6202538454933,23.061444106789313
Q14517,8.075184057929665,17.004297967572555
Q14527,9.959305981272761,19.092850930107478
Q14534,11.541631296018943,19.901056960660906
Q14554,11.353396044961347,21.530067311007183
Q14558,12.603402810603756,21.008705454150263
Q14562,10.233284127266181,19.01475659997357
Q14566,11.392623458723007,21.434438315994075
Q14571,9.017388183061936,16.456496124645525
Q14573,7.134452926849761,17.013938867160487
Q14576,12.194252849365657,22.153609219708578
Q14596,9.6585725081169,18.081297382272496
Q14642,11.369554550280126,18.66569300950643
Q14643,9.297361642244084,17.83768883765129
Q14644,9.302906809344579,18.272773425062734
Q14651,11.12076840564539,19.519136200806155
Q14653,12.215010278215109,19.779420397583454
Q14667,7.2980289404570025,15.674480470130927
Q14669,8.90826317441259,18.47232048024609
Q14671,11.067602917782933,20.016024442524742
Q14674,8.55409555877551,14.782475601659867
Q14676,10.058733078369544,18.898891915854346
Q14677,11.288112843587054,21.94012613237686
Q14680,10.729640951154106,18.276864523249852
Q14681,11.727434441374863,19.42779899606976
Q14683,11.687141266937886,20.7765362684461
Q14684,12.088641870748067,20.925395002368177
Q14686,9.510170358599584,18.28763101097207
Q14687,10.492288712858372,19.063474220441154
Q14689,6.7387493757915315,15.481305821746954
Q14690,10.72916719429138,19.484334552081677
Q14691,10.284573436040185,21.14873475064588
Q14692,10.069333328377649,19.764075055439257
Q14693,9.651527233179584,19.343816808535635
Q14694,11.429033166460368,20.64589325619693
Q14696,14.616684131973168,23.820262717636687
Q14697,12.113793175961977,22.950361834187746
Q14699,11.548589442799734,21.292442459459433
Q14728,11.617656557638268,20.563886912619207
Q14738,12.364564529161205,21.410184871204155
Q14739,12.739171058831088,22.46760057520904
Q14746,9.506129773087247,19.843292824608504
Q14764,11.228829966835923,20.481237907815036
Q14781,11.362313878210836,20.07678628853139
Q14789,8.892633713918231,17.42691108783645
Q14790,9.79630290442255,18.836853817647324
Q147X3,10.503734586884498,20.029032017764468
Q14807,10.965461328616534,20.05490404260581
Q14814,10.380390077729794,20.639124904704026
Q14839,9.859332322299332,20.353812666450164
Q14847,12.80370987108619,23.243688698205432
Q14865,10.310806250482191,18.33416633291235
Q14894,11.955562373534347,20.449300056959018
Q14914,11.859882768061219,20.255089673876117
Q14919,12.68794886610327,23.594568328642943
Q14964,11.41522065605453,20.289369399783876
Q14966,10.430749187028937,19.014619167926874
Q14974,11.819394507370816,23.009791901362604
Q14978,13.441296293172707,22.222610021330045
Q14980,10.471706753685252,20.739811636811204
Q14997,10.102394323702265,18.507806242800584
Q14999,8.112291131329181,17.42446194287451
Q149N8,9.144652185606365,16.64603614135871
Q14BN4,9.906266708717707,18.758852199811066
Q14C86,10.574577412317515,19.214819787508223
Q14CX7,10.101122012418292,20.09730873869413
Q15003,11.234254485847716,21.202758280759554
Q15004,15.410236155749685,22.170960975617433
Q15005,13.75264926567975,23.617690864735973
Q15006,12.742539891622627,22.46602282428112
Q15007,11.710774933191345,21.26279716991131
Q15008,12.813164536411296,22.61055535145199
Q15013,12.613390111429993,19.942583339779983
Q15014,11.664569896128228,21.363081109314066
Q15018,10.05892412058113,20.84159911691492
Q15019,12.71005784563695,23.402909055187475
Q15020,10.48156678651044,20.268082560363098
Q15021,11.040149104996837,19.441803561788888
Q15022,11.5184899297032,19.93013487027501
Q15024,13.880758666874712,21.790637524737015
Q15025,8.885503752427772,18.762625768895045
Q15029,11.48881381110057,21.945855356192904
Q15031,10.332144364055377,20.516219468915807
Q15032,10.356710553709135,19.304564323418653
Q15036,10.210030003459039,20.73862257793635
Q15042,11.762827712762043,19.79153310833495
Q15043,10.733427407591297,23.02754512788555
Q15046,12.409447033814683,22.389495293824826
Q15047,9.507622494005119,18.435984255733835
Q15050,12.661470031123866,22.402554922999418
Q15052,11.01524180258654,20.199300451585977
Q15054,11.291867538746999,20.109507420340258
Q15056,13.481117768921335,24.13444558354816
Q15057,10.733741800181116,18.649745392852463
Q15058,9.322006800377101,17.950986520414716
Q15059,11.805428685016386,20.9520731412828
Q15061,12.626174418386661,21.4110912063792
Q15067,12.802762385720584,21.398669446518742
Q15070,13.361949479181108,22.03982280562185
Q15075,9.794557076189566,18.80044151449145
Q15084,13.135099858269601,26.121358341879798
Q15102,12.875335672190394,23.24621614240365
Q15113,10.502560483140515,21.438130455222396
Q15118,9.54831119263136,20.545993662112885
Q15120,10.851112381322563,19.027055067604664
Q15121,15.484376568273198,23.945564202268134
Q15125,14.143581266016792,21.836831271557813
Q15126,12.750693818982839,23.18778901952813
Q15147,10.439176666618607,18.122404275221836
Q15149,9.158997885277177,18.443156826616008
Q15154,9.393681057692621,18.980206113876516
Q15155,10.431494225954513,18.770340695814063
Q15165,13.062594298171678,22.582353090069553
Q15170,13.14896262867542,20.832456845965112
Q15172,9.816811353263333,19.564487433161126
Q15173,11.306387909112006,19.220832016424165
Q15181,13.426596641085391,23.484434393665367
Q15185,12.753574714220914,24.8272197836818
Q15208,11.494187529355258,19.915790603906235
Q15223,8.266692987059363,20.953313417926843
Q15233,12.555734851139809,24.632305776446792
Q15257,12.231551170987945,22.545917020113126
Q15269,11.487779752826606,20.171348528770757
Q15274,14.077548633172725,23.054382143394
Q15276,10.473832934013775,19.11836368422911
Q15283,10.387042823149013,18.135044140551948
Q15286,12.54982205384782,24.439187137138052
Q15287,13.50579469076763,24.19108773802243
Q15291,11.352061440101673,21.04020220440121
Q15293,13.416531420051896,23.693896261058274
Q15311,10.950701226072027,21.01291933284797
Q15326,11.123938808843633,19.230026692175556
Q15334,10.380642716750083,19.783722104958738
Q15345,11.127369970580087,20.3858842774373
Q15361,9.506921536748198,18.669154033307166
Q15363,12.863928314373496,24.49759936177312
Q15365,12.034127683237815,24.24736464533591
Q15366,12.005963612186331,24.511543804908758
Q15369,13.94455134745056,25.099993385175125
Q15370,15.643301335852637,25.096727826596254
Q15382,13.814102968997052,23.889298725152837
Q15386,10.56652788802098,18.597879528441776
Q15388,15.290992287389338,25.68198617699918
Q15390,10.523150204324464,19.180713547761055
Q15392,10.539719672861905,21.142389165225975
Q15393,11.506347738230907,21.75065897105303
Q15397,12.25146934474315,20.93002699012549
Q15398,9.75587242839825,19.170676240708286
Q15404,12.505044236006174,22.678799900044417
Q15417,12.985962749817993,23.698922413316172
Q15418,10.800595576909155,19.400551335640145
Q15424,11.549766991404729,22.76263051625926
Q15427,13.909297954599769,22.038746173886672
Q15428,13.265794264354627,23.317299872126362
Q15434,11.695733498811192,20.589734553174015
Q15435,11.431460667091027,21.564611423216004
Q15436,10.11549320272189,20.690837448875435
Q15437,11.131243680213375,20.903480463678804
Q15438,12.321437464417084,19.864367259535037
Q15459,11.763882709118473,22.2492201805515
Q15464,9.966010422743878,18.529172239541836
Q15477,10.201211820813025,19.03883388118433
Q15506,12.633816512711258,22.15243192004126
Q15526,11.423404917771949,21.598767377352623
Q15542,10.872246220160868,18.97410562211222
Q15545,12.150980253461375,21.986681377610658
Q15554,10.34254809940456,20.343784057176048
Q15555,11.23457153224884,21.194881126820032
Q15572,9.915701662367644,17.97794637273877
Q15573,9.258915168705943,18.827965318030895
Q15596,9.694416904246,18.606996877869918
Q15599,11.362043258344846,20.648540154525584
Q15628,10.663606123367115,19.960969355096587
Q15631,13.944973220494285,23.298272627109917
Q15637,12.255862597632325,22.557594153517936
Q15642,11.419471054865662,20.623577995928905
Q15643,9.342825520282025,17.940930656657294
Q15645,11.740775180988422,21.043342891193344
Q15648,9.47731122996076,18.434696062255302
Q15650,11.657867991922394,20.420192573219744
Q15652,8.698188513600098,17.394540783972833
Q15653,11.765334018529416,20.50751411867382
Q15654,9.675370982864308,19.687704695820933
Q15691,14.645714832964215,24.237859812935277
Q15700,9.756329014943013,16.41279503567978
Q15714,11.266328306862526,21.010490885793068
Q15717,13.885298656391493,24.68279043373288
Q15738,12.355833093692,21.767163458946442
Q15742,10.802610406718156,21.486409014627537
Q15746,8.66363508347525,16.830461429203723
Q15750,11.161226999021803,20.586184542700394
Q15751,6.941727749295536,15.442777944000824
Q15758,12.358029605236974,22.69615170719073
Q15768,10.997648774563121,20.56598875044597
Q15771,10.938526987982844,19.387249205252193
Q15773,11.763402444720569,22.71863731907058
Q15776,9.73076100021079,19.957713210505922
Q15785,12.870916189027872,22.01384632191053
Q15796,9.015775075109907,21.425536984778024
Q15800,12.96612321670248,21.708964411488775
Q15811,9.369685200985593,18.065786572732417
Q15813,11.27895116086441,20.58009751222537
Q15814,11.845948664689681,20.46074811493758
Q15819,11.206415154842423,24.317392617201676
Q15836,13.944595079790883,24.571398875437094
Q15843,15.517884152064447,26.216892997698917
Q15853,11.916588137734841,22.067681709052994
Q15904,11.180259815079014,20.98058213802378
Q15906,10.855541830291706,21.13443268389453
Q15907,13.007303378275438,23.9716889895842
Q15910,10.868162558124999,19.87333194220317
Q15911,7.927783540641143,18.05923499948512
Q15942,13.457222909218508,22.92433943608455
Q16134,9.359964139630724,19.145554428636288
Q16181,12.069554573431358,23.535698650875464
Q16186,12.777524363066032,23.052648204211557
Q16204,11.228921298678326,20.9739425414379
Q16222,12.193558202827385,21.736524177778335
Q16254,10.456495664308765,20.879601529398645
Q16342,11.022782181538197,20.59228392249133
Q16352,13.115709885844042,23.324756100503265
Q16401,11.063352745240431,21.366184924957484
Q16512,10.84640904861847,19.89909020051524
Q16513,9.978466871553787,18.696566895327418
Q16527,12.741826842806464,24.240839041992672
Q16531,11.488349386979149,21.278511233092395
Q16537,13.247205436636628,22.33422785286058
Q16539,12.237313796398245,21.05295856436208
Q16540,11.636220056962987,22.53224781165424
Q16543,13.50720785002549,23.979352810086706
Q16555,11.970729285207502,23.69881786781104
Q16563,14.634282489742318,24.376891444269855
Q16566,12.561901424893223,20.089978780257564
Q16576,13.484882960734717,23.28184283968991
Q16585,7.656372718673849,18.89089500522034
Q16594,11.767869211764067,20.179709532244328
Q16595,13.266347291919333,21.832818002381316
Q16611,11.257001923197533,19.954172805160066
Q16623,10.46832399440908,20.98619715725059
Q16625,9.212989989000473,20.077690664702125
Q16626,12.450959530684479,22.270995129543095
Q16629,13.841026967049439,26.33008227598231
Q16630,11.31079491054818,23.066652688483344
Q16637,11.968477355043444,23.337605025797142
Q16643,11.546848499139406,23.723021753877017
Q16644,11.401726384148372,20.09120066119784
Q16649,10.389310664895415,19.102853408929732
Q16656,11.94298035037678,22.243557380460746
Q16658,13.102023546918451,24.12359646278701
Q16666,9.47518387726269,21.3904504332338
Q16698,12.51037538887375,21.75540134550629
Q16706,9.186212199720242,18.229049572105545
Q16718,13.408029612528177,24.05495806820821
Q16740,11.07362747467861,22.751850585
Q16762,11.840494565432419,22.907451660970946
Q16763,13.121937438882926,22.374334553014485
Q16773,11.443117463377979,20.273200428718056
Q16774,11.458996361383761,22.13567685536634
Q16775,12.874143645001837,21.571486370805424
Q16795,11.636940553078423,20.928789265736885
Q16799,12.21338278779323,21.633712224571422
Q16822,10.469912200321744,20.55885034511367
Q16832,10.815257661654814,20.075340051527235
Q16836,12.664931157357236,22.996511107976165
Q16850,12.78002231634025,21.760155991267986
Q16851,12.211621999461673,21.533102857612356
Q16854,12.293534237586725,20.454744056521044
Q16864,14.984392867827362,24.148962748480148
Q16875,9.291994509422173,19.16444305424969
Q16877,9.513427706278229,22.115869967208777
Q16881,12.07007740393908,22.14399702274196
Q16891,11.609390377300286,21.58243224592663
Q17R31,12.518210543293515,19.66959732644079
Q17R98,9.436283428283879,17.30510921886058
Q17RN3,10.757146830999902,18.183828953459628
Q17RS7,10.184888548665853,18.039374004488117
Q17RY0,11.145271613787923,18.829710883132243
Q1ED39,12.360993799806614,21.31085210934241
Q1KMD3,12.188797308682897,22.66720035770439
Q24JP5,8.821811533638162,18.348117581596217
Q27J81,9.122242983740444,18.471031256587207
Q29RF7,11.020943453837269,19.378312327252964
Q2KHR2,7.172265209307128,16.56848235036326
Q2KHR3,9.977339355903592,18.257295872704415
Q2KHT3,10.240809939529136,17.864895853032323
Q2KJY2,8.882124808083033,17.082402658758436
Q2M1P5,7.723460160632735,18.654416854495338
Q2M1Z3,8.643867180126577,16.294185993977255
Q2M2I8,10.070849833517912,20.20266038736453
Q2M389,10.371624221205607,18.43885519919693
Q2NKX8,10.33266239223088,18.696882707569017
Q2NL82,12.529898468227909,20.963514597725773
Q2PPJ7,7.475441978084035,17.054567587882737
Q2PZI1,11.000726811300034,19.96314685721834
Q2TAA2,13.533766451269722,21.759862216715597
Q2TAA5,11.911392766898176,20.329788747304434
Q2TAK8,9.246051909842256,18.681770389068006
Q2TAL8,11.179772383641877,21.22907287153007
Q2TAY7,11.326270767227843,22.550802622373816
Q2TB10,11.241274227192998,18.892825764553166
Q2TBE0,9.21981553059063,18.415923254414686
Q2V2M9,8.186097789526825,17.762862082013406
Q2VPK5,10.214308845158467,18.898821300866846
Q2Y0W8,11.02031884037498,18.748619113109868
Q32MZ4,10.983019458722472,20.158712409445588
Q32NB8,9.219588364072687,19.53366673449941
Q32P28,10.88102519468585,20.940624565810573
Q32P41,10.90554522335858,20.00174959467223
Q32P44,9.86170040953835,20.07856554179941
Q3B726,10.353937298161076,21.92229064404364
Q3B7T1,9.223758419902301,17.982636801127352
Q3KNV8,11.747169948976872,20.08608221903811
Q3KQU3,10.920551160262155,20.249769005356036
Q3KQV9,10.589169075394127,19.22292406096648
Q3L8U1,6.465286874398214,16.344828807326277
Q3LXA3,10.568792816375632,20.359374914757364
Q3MHD2,14.211630392259531,24.13906622609892
Q3SXM5,11.942028149125996,20.91810062934555
Q3SY69,8.82305627365463,17.261018882612163
Q3T8J9,8.26142120027076,16.81068492735883
Q3T906,8.209846183645382,22.95193786760304
Q3V6T2,9.363577411644044,18.49266776546425
Q3YEC7,11.161823847351904,21.119612007440008
Q3ZAQ7,12.145430946139957,25.21308585925421
Q3ZCQ8,11.893278538199201,22.221766407326076
Q3ZCW2,12.555964594085161,21.40778661726461
Q495W5,9.057965015962132,21.481436130857944
Q49A26,11.62924997753701,20.88239075016309
Q49A88,7.5142726550249135,17.898495469987694
Q49AR2,11.825089380933726,20.154520235731255
Q49MG5,9.49715535994232,17.934744421329974
Q4ADV7,8.608793938297104,16.819191765132935
Q4G0F5,11.896764021928341,21.334587419299172
Q4G0I0,10.736474585730859,20.693489509819308
Q4G0J3,11.793889460206335,20.95137973906079
Q4G0N4,11.163581342067516,19.790510460863295
Q4G148,10.490430066697472,20.333613782007433
Q4G176,11.458192284387453,21.395904234714127
Q4J6C6,12.48520507752413,19.439604266745885
Q4KMG0,7.509343994433142,20.48521936220546
Q4KMP7,10.807138027398391,19.319882445726087
Q4KMQ1,8.029688723437376,17.74513969617871
Q4KMQ2,10.084676222787236,19.79174892624006
Q4KWH8,9.626362357773575,19.66393021804422
Q4L180,9.483504590902081,17.83459117207555
Q4LE39,10.31026031304067,18.951430783236276
Q4V328,9.83593353094308,20.597729659682088
Q4V9L6,12.265040341195563,22.087545102815636
Q4VC05,14.745423759797134,20.770738443539084
Q4VC31,14.743880783626041,23.138567656905124
Q504Q3,8.907942809242932,17.32362447961419
Q52LA3,10.605197877726791,18.95149852185228
Q52LJ0,12.252802552815762,22.66090760160083
Q52LW3,9.362911885743182,17.842235919520327
Q53EL6,11.504922153270748,20.826827827896803
Q53EP0,9.531187130959669,19.81372138743834
Q53ET0,9.970000576811376,20.405892537677374
Q53EZ4,11.755818847473027,19.75057677875626
Q53F19,10.869656112342296,20.84827725753671
Q53FA7,12.994649201749871,22.550284228990673
Q53FP2,13.488651474037885,23.287588634160077
Q53FT3,13.88410472009108,23.317580650052072
Q53GG5,11.322715472578993,21.469243720752242
Q53GL0,8.777707018891325,19.770594132625572
Q53GQ0,13.123627613733598,22.511079206677557
Q53GS7,10.848998568662209,19.828073194199433
Q53GS9,10.731705131705105,21.185019103422285
Q53GT1,10.851501269321266,19.242103659596832
Q53H12,12.05735728187956,21.320139246102844
Q53H47,10.32773044062171,19.028255088725757
Q53H80,12.31080375571492,21.61719974393069
Q53H82,12.515320397544626,20.8573289109728
Q53H96,11.032780396017333,20.369713797585174
Q53HC9,13.822916410349494,21.58915170224889
Q53HL2,12.435095103548305,20.55221104439639
Q53HV7,13.355818572013977,20.643156523838712
Q53LP3,11.24381801655215,18.73892793248226
Q53QV2,11.064156563193828,22.69825425441214
Q53R41,9.398471810329768,18.936434419488254
Q53S33,13.93182925313083,21.77360360294425
Q53SF7,8.451281118464552,17.045677568949674
Q53T59,12.307743315068493,21.38632323802211
Q562E7,8.967113852327481,17.896331005890158
Q562F6,9.164943852613112,16.743697719100496
Q562R1,9.57557836549238,19.698790806939005
Q567U6,11.051210928069558,20.266842018370035
Q56A73,10.675900729563434,17.910392741358216
Q56NI9,9.631965245681315,17.921423114051567
Q56P03,11.109237695085197,21.41075745401783
Q56VL3,13.559990255707508,22.20492389143852
Q587I9,12.599909611890109,22.385880837353273
Q58FF6,9.464855645703025,19.92229204226794
Q58FG1,9.082851919855186,22.250809727854136
Q58WW2,7.225233876380051,17.90604716767453
Q59EK9,9.585742440410243,18.799436574394235
Q5BJD5,11.416148591060185,21.92171838093273
Q5BJF2,13.878485938603603,23.172044982828766
Q5BJF6,10.321376526885693,18.523152962645813
Q5BJH2,13.335810521238988,21.48036434338558
Q5BJH7,11.288433415704548,22.145652228261877
Q5BKZ1,10.669753544788435,21.634918945592432
Q5C9Z4,10.427044400050919,19.602747924212462
Q5EBL4,10.873200455205318,20.831814850888584
Q5EBL8,13.177769668517977,22.484093970878895
Q5F1R6,9.837040361735033,19.45155097548848
Q5FBB7,10.871884663989938,18.986149686846236
Q5GLZ8,9.894200917900843,18.86472020789863
Q5H8A4,9.800583717506319,19.235406196306027
Q5H9F3,9.032327785048983,18.63673561193721
Q5H9R7,11.879780752375451,20.16604262490888
Q5HYI7,13.385111915376472,20.007961246820145
Q5HYI8,12.429282855394622,22.273633681567347
Q5HYK3,10.922524369411079,19.392954633361022
Q5HYK7,8.851636504247809,18.732559932217768
Q5HYW2,8.018754427342506,17.76967997214718
Q5J8M3,11.98567505392978,22.825007087511572
Q5JPH6,10.90504164036232,19.75997991587215
Q5JPI3,11.449782485177819,19.85217837795753
Q5JRA6,9.643171594488077,18.667742305422347
Q5JRX3,10.728504751794368,19.037367868455682
Q5JS54,10.951831450317151,20.219618265947208
Q5JSH3,9.99204540472006,19.639514656009514
Q5JSJ4,10.521745617290735,17.54348428250374
Q5JSL3,8.758296206184891,17.59558224239679
Q5JSZ5,7.78331850928352,18.50232373683085
Q5JTD0,10.442962764771679,19.189572392242184
Q5JTH9,10.887064126219459,19.98169193346621
Q5JTJ3,13.675984222842677,24.29065401210347
Q5JTV8,11.25336134880954,21.818007102768256
Q5JTW2,10.355898800135506,17.80069040829986
Q5JTZ9,10.073123167487788,19.389294896571165
Q5JVF3,12.476319511110088,20.582078693564245
Q5JVS0,11.526686237380465,20.167166362796443
Q5K4L6,9.688192641815242,19.560462820035678
Q5K651,8.200206053335547,16.911593644515403
Q5M775,9.233178124216906,18.02504273165723
Q5MIZ7,9.829312931868342,18.519248744579187
Q5MNZ6,12.916032729484634,21.115227514801166
Q5MNZ9,11.548622308827863,19.427402555721084
Q5NDL2,11.91393430604084,19.911315204691103
Q5PRF9,10.184371209093158,19.618059606662936
Q5PSV4,10.451352469825325,20.59046052769926
Q5QJ74,12.10283340196637,19.950774655360785
Q5QJE6,11.762364300194898,20.393999865117397
Q5R372,9.799859535424543,18.325920846321207
Q5RI15,14.2360216010369,23.683954853946148
Q5RKV6,11.504699126959991,22.20601859765148
Q5SGD2,13.875697883949627,19.885620044474447
Q5SNT2,10.674665951766007,19.345425822094242
Q5SQI0,11.347553218163597,20.11770587198829
Q5SQN1,10.321939052815893,17.548444150754808
Q5SRE5,9.784503268473754,18.97134637275654
Q5SRI9,8.8880838224595,19.35025183731969
Q5SSJ5,12.472009782362683,21.403078950600836
Q5ST30,10.478938602301545,18.373006569820326
Q5SVZ6,8.639391694174781,17.64016081953716
Q5SW79,9.845634015226272,19.670614359713735
Q5SW96,11.758946532719145,18.87462560738698
Q5SWX8,10.136218455262211,20.015243761762978
Q5SXM2,8.429332213975593,16.092457639494892
Q5SXM8,12.768621081909723,21.377782973687005
Q5SY16,11.84143887628898,20.78260888909497
Q5SZQ8,12.600020527371893,20.669345492494255
Q5T0B9,13.14912029248886,20.206723943396
Q5T0D9,9.195314226823504,19.717995464908217
Q5T0F9,10.333864022512666,18.736659259662606
Q5T0N5,12.484628835269428,20.657127300714315
Q5T160,10.073968467147104,18.92038672822684
Q5T1M5,10.789810690654832,18.566730243742875
Q5T1V6,10.305293415029439,18.72742327284554
Q5T200,9.797843241857871,19.201335960736778
Q5T280,12.607287558568531,21.353527898537266
Q5T2E6,12.020170711365164,19.013070148876615
Q5T3F8,10.773864317315573,18.918034220624982
Q5T3I0,11.141125184668077,20.594492912659486
Q5T3J3,11.127472000710766,21.01987003811783
Q5T440,10.87007160837949,19.57251139098202
Q5T447,9.666646312982122,19.543339636261756
Q5T481,8.144873292870534,19.01848671323091
Q5T4S7,8.213727837887333,17.19991837129177
Q5T5C0,9.204065545039478,17.705549145631593
Q5T5P2,7.853867915237802,17.62137577812511
Q5T5X7,8.64223905769609,20.970194346615763
Q5T5Y3,9.498993107815277,18.33589517407923
Q5T653,13.475405593116701,21.01325193061129
Q5T6F2,11.268252423456635,20.21888663775426
Q5T6V5,12.042233255847488,21.091053006672567
Q5T7V8,10.032977537575979,20.316692080329567
Q5T7W0,8.957017327809796,18.36960316233842
Q5T8D3,10.416498327622053,20.220384509482354
Q5T8P6,12.327479272443899,20.799529832364858
Q5T9A4,10.566491200308809,22.043858499553803
Q5TA45,10.523994328576597,19.81475215081116
Q5TAQ9,10.970957966029177,19.25003757319463
Q5TAX3,9.102498506628336,17.054243968109265
Q5TBB1,11.765543875577865,21.121916988300832
Q5TC12,10.826782888813584,21.08201500289176
Q5TC82,8.362847774984635,17.603250951854804
Q5TCQ9,9.670561679178356,18.037821227166408
Q5TCZ1,9.047350934633098,17.865427975003776
Q5TDH0,12.068666672533443,20.549477025468605
Q5TF21,10.27030851774381,18.780435038653582
Q5TFE4,11.10537537345101,21.02774484839247
Q5TGY3,8.156465114894983,17.84719100527823
Q5THK1,8.51706245028738,15.578138701521073
Q5TZA2,8.151133735212763,21.669896947994843
Q5U5X0,15.76758293648962,23.419029492920867
Q5U5X8,11.796540007030512,18.993320961766354
Q5UCC4,14.837676055051775,21.785345500923253
Q5UIP0,9.681557507647868,18.255632954863366
Q5VIR6,11.513562041227258,19.699284874136683
Q5VSG8,12.5534944101661,20.010412003338523
Q5VSL9,11.199359731033086,19.45711476145481
Q5VT06,7.074968928625749,19.47702699981954
Q5VT25,9.830547456532392,18.440086490466072
Q5VT52,10.012938134644497,19.208015844598027
Q5VT66,12.140313962961708,19.83216921316691
Q5VTB9,9.026294897695085,19.47743249508175
Q5VTE6,11.8412660894958,21.318974401391642
Q5VTL8,12.894470061282457,20.330827463039334
Q5VTR2,11.094443596285588,19.833252733550168
Q5VU43,8.814493945596038,17.16156250037142
Q5VU97,9.61621508371602,17.69727726333703
Q5VUA4,8.710929199585742,18.174671897781163
Q5VUB5,10.36872036265757,18.094617033209477
Q5VUG0,9.03448231504125,18.195033366133472
Q5VUJ6,11.918641647691244,19.110250763577092
Q5VV42,10.71359898098613,19.22557127722461
Q5VVJ2,8.275564076793184,18.29305770045845
Q5VVQ6,9.126713013755474,19.047909509723343
Q5VW32,12.695947338827258,21.903589046548472
Q5VW36,8.573086394010879,18.6760125696202
Q5VW38,12.280570554108156,19.40762797117757
Q5VWG9,9.550246281412912,17.701823830264157
Q5VWJ9,10.344037420395207,21.999336751257353
Q5VWN6,9.08993986684242,17.367891359195685
Q5VWQ0,10.922525686451882,18.753805666983318
Q5VWQ8,8.093322984251234,17.915053360890624
Q5VWZ2,13.28013563384304,21.04491390668033
Q5VYK3,10.289750157917377,18.76618859149108
Q5VYS8,9.019901444523306,17.23958920659286
Q5VYV7,11.168743689915244,17.40907748237676
Q5VZ89,9.018425299523049,18.8768939298816
Q5VZE5,10.147284197838976,21.805728976493995
Q5VZK9,7.8529659765864155,18.189852016324718
Q5VZL5,10.073607543425531,18.975999513915717
Q5W0B1,10.237079368667416,18.611196912880168
Q5W0V3,10.971147630114068,19.466778542833097
Q5W111,10.33395976866065,21.20918335755688
Q5XPI4,9.00568572483835,19.10560940207293
Q5XUX1,10.382263134495275,18.926927397444633
Q5ZPR3,14.470780379627483,22.887027825109303
Q63HK5,9.478820800373406,18.180644227979432
Q63HM9,13.653194532604703,21.364508987155965
Q63HN8,7.042717526731702,16.05137956163043
Q63ZY3,10.26276440868587,18.662604888844506
Q641Q2,8.93425854976533,18.428470960586257
Q643R3,11.547684117317369,19.275758108769327
Q658P3,13.440851116887488,20.15907945338478
Q658Y4,8.893873459666281,19.152593040369364
Q659A1,10.161054202160024,18.074639007618778
Q66GS9,9.768215355686257,17.7574330399047
Q66K14,9.967511867571542,18.171010686138192
Q66K64,10.314861451352044,17.750485008291985
Q66K74,11.642115341505814,19.661061840379904
Q66LE6,11.693191696144,20.632701502325702
Q66PJ3,13.65293793870878,23.092848096085838
Q676U5,10.570013295614178,23.007019985106755
Q684P5,10.510274544949189,20.21667482038543
Q68CP9,10.426119761196723,18.99805684664929
Q68CQ4,9.861156858306625,19.471962956577038
Q68CQ7,11.549557999737333,20.102749832394103
Q68CZ2,9.433302167946238,19.24783643125676
Q68CZ6,9.873466662459856,19.61161730232519
Q68D10,7.497367973689496,18.7598470609073
Q68D91,11.691555036092824,20.418195837494906
Q68DH5,11.760545316747939,19.11095127996505
Q68DK7,10.291829278452672,19.369048128149267
Q68DQ2,7.609551365623337,17.00934816548749
Q68E01,10.302078467110988,19.22242796817952
Q68EM7,11.493445021595303,20.418040800520053
Q69YH5,8.53890300146491,18.127085487128003
Q69YN2,11.978099674721655,20.178392935898366
Q69YN4,9.495189551356711,18.087188109437324
Q69YQ0,10.122536706927642,19.462849066203205
Q69YU5,15.276269467366454,22.19242406330766
Q6AI08,9.856731708470706,18.51341255241964
Q6AI12,11.444297874532783,20.3139211751166
Q6AWC2,8.84695524077978,17.78873744684593
Q6BDS2,9.978738350092794,16.896659172535614
Q6DCA0,12.38858955637649,20.26016781936663
Q6DD87,9.03518855869615,20.949902461415107
Q6DD88,12.497327734430913,21.702356882933067
Q6DHV7,10.120134304460926,19.0832304250391
Q6DKI1,12.545305096433383,21.51526286475625
Q6DKJ4,12.211168081060851,20.843401680292047
Q6DKK2,11.493411379120534,20.179163989992407
Q6DN90,10.107828109484645,18.590544739263215
Q6EEV4,13.48511006353228,19.685950596950747
Q6EKJ0,7.589609128612476,18.19788132756117
Q6EMK4,11.33862872739978,19.87649189014569
Q6F5E8,8.672763607296645,17.951790919529497
Q6FI81,11.672712943575656,22.296294125045
Q6FIF0,12.82719466970352,21.501231481474377
Q6GMV2,12.72820001468893,20.050406052458502
Q6GMV3,13.476408111771926,23.515505798732022
Q6GQQ9,8.717644239624677,18.531699699574965
Q6GYQ0,8.842149860663454,17.310274628681267
Q6I9Y2,12.746933985018627,22.112769625219574
Q6IA69,10.61990196679325,18.464099252813213
Q6IA86,10.802865138941593,20.054857523544435
Q6IAA8,10.692104081612952,23.096721428681217
Q6IAN0,9.18834331565537,20.349153661196986
Q6IBS0,12.58716938956302,22.754146744415937
Q6IBW4,11.613901806050032,18.336237360368692
Q6IC98,11.453323049091727,18.097522263784064
Q6ICG6,9.518106737734493,19.02518102589654
Q6IE81,8.485859490290819,17.643552488516423
Q6IEG0,10.683897529299095,19.496941308493177
Q6IN84,12.325134824587868,20.93704684579934
Q6IN85,11.212724107208786,19.888529191083318
Q6IPU0,11.410277681104484,21.349027908895803
Q6IQ22,10.821024247045308,20.04157746209789
Q6IQ23,8.008843864787819,16.952860578240305
Q6IQ32,11.361551486637804,17.895167740420167
Q6IQ49,12.102713239078435,20.585338948378553
Q6KC79,8.856156099630768,17.78087394996862
Q6KCM7,9.30800570287316,18.706764052569827
Q6L8Q7,11.6981714234168,21.62201050629763
Q6MZP7,10.369292332263191,18.513392090522533
Q6N022,8.500811730029493,17.982417427759167
Q6N043,9.123526430204636,17.864293749565345
Q6N069,9.13735555688191,18.424508983751625
Q6NS38,11.169123566257543,21.07172201102289
Q6NSJ0,10.834808640100249,17.605176097280545
Q6NSJ2,6.872213569867332,19.646880352879208
Q6NT76,9.822777275849994,20.77299516292172
Q6NTF9,9.960425668810267,20.087166684320835
Q6NUK1,11.15677403377386,21.956598699409383
Q6NUK4,13.067529983925537,20.597084865869736
Q6NUM9,11.5637669064862,20.005362343099012
Q6NUQ1,12.01263314235886,20.16172720242908
Q6NUQ4,11.304215483957012,20.268810241572105
Q6NVV7,11.821697458583433,20.670480529486003
Q6NVY1,12.734616167982535,21.331961019823254
Q6NW29,14.677039166705772,22.104124542951446
Q6NW34,9.520411698642146,19.476330675000657
Q6NXE6,12.067728770540704,20.6550502796646
Q6NXR4,11.473877788929824,20.24882147475251
Q6NXT1,10.903959695599301,22.556865430482254
Q6NXT4,10.849637060363696,21.03075565165365
Q6NXT6,11.18351891243411,18.830928811700957
Q6NYC1,11.43335057054914,21.797978112629256
Q6NYC8,11.401549445306648,20.74550257600519
Q6NZ67,12.749048846284692,21.984729170122655
Q6NZI2,12.83899837449259,21.382411887190738
Q6NZY4,11.23358137740141,19.675327420804383
Q6P158,9.457276451518252,18.306559443103648
Q6P1A2,10.262584136317708,19.83901569054449
Q6P1J9,11.59302085427417,21.767558371887755
Q6P1K2,11.327132534550646,20.36819756091536
Q6P1L5,11.97444924657629,18.53902669082167
Q6P1L8,11.857817749923015,21.667596765469934
Q6P1M0,9.844706496811085,19.3079779633659
Q6P1M3,7.806751144462722,17.873094582081503
Q6P1N0,10.24333872312181,21.987247650526648
Q6P1N9,12.663596724746764,21.289181584392153
Q6P1Q9,9.204047155309482,21.02614053269559
Q6P1R3,11.868689731380307,19.98023861445086
Q6P1R4,10.789506050786487,19.03530778496851
Q6P1X5,9.091965535331884,17.95015406155641
Q6P1X6,12.221694217242838,21.523624351623983
Q6P2C8,13.0927245891884,20.096653313542003
Q6P2E9,10.220216444690157,20.315111171974372
Q6P2H3,10.31164587895864,19.57021611585061
Q6P2P2,10.86065160213415,18.524642459803523
Q6P2Q9,10.20407884058581,19.819763571067433
Q6P3W7,11.260114672053277,19.585289761061794
Q6P3X3,10.03131499748677,19.486035798325325
Q6P4E1,12.778964795126438,20.860155391512674
Q6P4F2,13.869823648911261,20.905501754707633
Q6P4F7,9.108199772863744,18.212197122608767
Q6P4Q7,8.731941964465978,18.359879138550298
Q6P4R8,10.76738171822242,17.82552049025428
Q6P587,11.48935554502668,22.33038978589602
Q6P5R6,15.228435619450789,22.481083359725538
Q6P5Z2,10.791241224697446,18.83112459172075
Q6P6C2,11.619234421442407,20.9173617592952
Q6P996,9.859939208297082,21.754342907775683
Q6P9B6,11.58574285962732,21.77565391241893
Q6P9B9,10.29356992511992,19.520738509536677
Q6P9H4,8.415914773277677,18.254191452702006
Q6PCB5,10.804534251748183,19.44637474263173
Q6PCE3,10.800847274936878,18.2929025028351
Q6PD62,11.039672043094798,19.96649541164274
Q6PGP7,10.010390878824925,18.60116388714603
Q6PHR2,11.044493876131192,18.90412705564031
Q6PI47,9.766689015122722,20.20204960729676
Q6PI48,11.342705510179822,20.58020338748696
Q6PI98,12.1768866496711,19.14709220095283
Q6PID6,12.0906377826487,19.404425207645524
Q6PIJ6,9.363522644914225,17.898412238065564
Q6PIU2,11.99553627197426,21.418955333542648
Q6PIW4,10.916160873449632,17.01287225307544
Q6PJ69,10.823784371399809,20.05607315081131
Q6PJF5,9.845854981387818,18.033257866199527
Q6PJG2,10.766576974898399,19.914374950420427
Q6PJG6,10.27793338142308,18.71458261548152
Q6PJI9,8.30031961021588,17.622031293975425
Q6PJT7,11.355942168260762,20.715950742131092
Q6PJW8,10.423775339047499,18.359716202341108
Q6PK04,12.573062626307479,21.20124719235796
Q6PK18,12.172932040691165,20.50233856064971
Q6PKG0,11.298189865781614,20.01363127650924
Q6PL18,10.046779876133908,19.412383968430582
Q6PL24,13.083204923031868,21.09129750142658
Q6PML9,11.63198572063376,19.6535038564319
Q6QNY0,12.18252893921216,20.088259201476006
Q6QNY1,14.527547672055526,21.10707191020873
Q6R327,8.576901945355093,17.423296721459177
Q6RFH5,9.830995099994375,20.62984959809386
Q6RI45,8.25210336173015,17.03509053577154
Q6RW13,13.134074918858104,21.88822889197992
Q6SJ93,10.047622597240077,18.393448018684936
Q6SPF0,10.518825724977763,20.557583195848782
Q6STE5,8.84655518635762,19.8381505079409
Q6SZW1,10.268711826716094,19.89697239399583
Q6UB35,10.870010188212621,19.762726811722715
Q6UB99,9.763705474831633,17.319255072687074
Q6ULP2,10.240805565291788,18.33846154283522
Q6UN15,10.662422926607883,21.97228122977265
Q6UUV7,11.16199008262383,18.517065527514475
Q6UUV9,9.633730287662516,20.673316552768032
Q6UW02,11.179820973214161,20.03297459015434
Q6UW63,12.152462705961602,20.285863821046657
Q6UW68,14.914697047754759,24.74965739602569
Q6UWE0,10.690171479890417,21.70380898256987
Q6UWP7,12.082843907310895,21.722972268878344
Q6UX04,11.424933458322524,20.744041329068565
Q6UXD5,9.167448092065964,20.13654225530383
Q6UXF1,9.542590912524124,19.64200970882952
Q6UXH1,11.97194771799119,22.740425015964203
Q6UXK2,10.62647169130186,19.819327548872085
Q6UXN9,12.206529805101281,22.04626086955893
Q6UXV4,11.715273143371329,21.295156582852513
Q6V1X1,10.816655856289952,18.600773044560427
Q6VMQ6,10.343577649972865,18.6564038074001
Q6VN20,9.339559876239235,24.609740013203698
Q6VY07,9.771844108309114,19.824086383514167
Q6W2J9,8.558596676311451,17.734887899212744
Q6WCQ1,10.740066790738616,19.369174812459363
Q6WKZ4,9.900498885422374,19.45648462515736
Q6XE24,10.524665456483625,19.53714481124008
Q6XZF7,8.798604055742612,17.01711591410558
Q6Y1H2,12.721047537340938,26.805605365373843
Q6Y288,12.52688640447344,20.463761946917625
Q6Y2X3,6.923384291568022,18.19252735362064
Q6Y7W6,10.335029331587625,19.82853283769876
Q6YHU6,9.175053096755217,16.511805548413545
Q6YN16,11.361470328878228,20.953775355916882
Q6YP21,12.568431149869586,21.80769607618819
Q6ZMG9,14.51420839724281,21.78891585684065
Q6ZMI0,10.898382991914904,19.54090381363471
Q6ZMP0,8.188437512526587,17.774176367233213
Q6ZMZ3,9.517511526196959,18.754757272200635
Q6ZN17,9.693243547517842,19.814293385389476
Q6ZN18,11.978187796862915,20.640183015720524
Q6ZNB6,8.818150905443337,18.303734456511265
Q6ZNJ1,7.41397554538596,17.00367330241191
Q6ZPD9,11.520115778310798,19.27405989178764
Q6ZRI8,11.771888713944538,21.30040630018237
Q6ZRP7,11.91381444936872,19.35693043956321
Q6ZRQ5,9.073476873141596,17.649809335800963
Q6ZRS2,8.582207996400527,18.47805687016815
Q6ZRY4,11.918435059949692,20.77672604449478
Q6ZS17,8.594227514129818,19.44729345372489
Q6ZSJ8,11.054464808363186,21.93206039296591
Q6ZSR9,12.528736560697565,21.807877610941482
Q6ZSY5,9.841238543445455,17.251486862462617
Q6ZSZ5,9.458046798596131,17.946198633828505
Q6ZT12,9.667156917318508,20.369484675083136
Q6ZT21,11.273257255835091,19.334571649927895
Q6ZTW0,9.725003658036217,19.513882952202213
Q6ZU35,10.61158879630639,19.321312747336357
Q6ZU65,10.550399428097233,17.342556493336463
Q6ZU80,9.300040793932384,19.811475143983753
Q6ZUJ8,10.486663835230512,18.677429343475684
Q6ZUT1,8.988205954180119,20.78316194473719
Q6ZUT6,9.728457993971887,19.028803487190785
Q6ZUX7,12.82928443227878,21.935086616356028
Q6ZVM7,10.578122627711213,19.561649253833906
Q6ZW49,8.738170892160424,19.23244309502008
Q6ZWJ1,10.888773942777451,18.74349288835959
Q6ZWT7,11.59633325259236,20.00669634479737
Q6ZXV5,11.760369486610776,19.554434335816214
Q709C8,8.582417975621597,16.744813343730254
Q709F0,11.478424848813574,19.790861839834367
Q70CQ2,7.699446700425318,18.340122448842738
Q70CQ3,9.361399481242696,18.2625880991556
Q70E73,9.899077197071014,19.552924043690904
Q70IA6,12.947326451180595,21.516232962422702
Q70J99,9.947001170912397,19.54830707747721
Q70UQ0,12.166001116153442,21.683169571264525
Q70Z53,11.780705175851814,19.458498379955564
Q712K3,11.659580064347724,22.046076464464015
Q719H9,13.278839183624365,21.04399092179062
Q71F23,10.997512148243095,20.678476351610712
Q71RC2,10.544145893721932,23.23097655079606
Q71RG4,11.207968503115207,21.168475950738245
Q71SY5,10.053943203482243,20.08489103792841
Q75N03,11.196706897638624,21.64340040938245
Q75QN2,10.192562803084263,19.21225787339156
Q765P7,9.380837268745218,19.082144290694604
Q76FK4,11.00282766433684,18.0744275136177
Q76I76,8.782187419069828,17.73172145685771
Q76L83,8.620810154871977,19.23323653829435
Q7KYR7,11.894024420287932,18.476770298456245
Q7KZ85,9.530550683272253,19.121278652547275
Q7KZF4,11.745947428308103,22.553615956898376
Q7KZI7,9.620924731359027,19.828514966835346
Q7KZN9,11.578524644798316,20.99448361443342
Q7L014,11.451583035302715,20.774410603258655
Q7L099,10.832616955527998,20.844520925436772
Q7L0J3,11.871907789058463,21.30326737353725
Q7L0Y3,12.20484584780245,21.834307084737144
Q7L1Q6,13.360160415544678,23.1765423397273
Q7L1T6,9.675990903329595,18.743763352349127
Q7L1V2,9.455674221097475,21.41329741011147
Q7L1W4,10.583292145224547,17.71115850156011
Q7L266,12.161215600267491,20.25409323951718
Q7L2E3,10.351687077954113,20.069797776913155
Q7L2H7,12.796352278350051,21.99550507243133
Q7L2J0,10.244855903763774,20.05120689376324
Q7L2Z9,11.31791492840043,20.409699330404457
Q7L311,11.128450065624659,19.45983381435544
Q7L3B6,10.873671812046432,19.757481526359808
Q7L3T8,12.037259827706206,19.413751872252114
Q7L4I2,11.271579940604992,21.225336804242126
Q7L576,10.024865111898642,19.72651192778509
Q7L590,9.751749423936841,18.68790359714694
Q7L592,11.158622583232905,19.86878885364872
Q7L5D6,11.433645833797707,21.736108005811907
Q7L5N1,14.262509648669134,22.66947362978243
Q7L5N7,12.506931220849824,21.52061991936157
Q7L5Y9,11.651152719983955,19.687700239166453
Q7L775,11.211136843769467,19.883482099424164
Q7L7V1,9.52150586794577,17.59616472734101
Q7L7X3,8.75351107266561,19.137625115146204
Q7L804,10.402857279079045,18.808830774855622
Q7L8J4,12.212519517521496,19.725558024968223
Q7L8L6,10.30689405856496,19.438316830191674
Q7L9L4,13.908823458841521,23.079443406748922
Q7LBC6,9.72228923488599,18.48879837938914
Q7LBR1,14.510637211678183,23.589251557515723
Q7LGA3,10.92583675630841,21.306394860050364
Q7RTN6,12.298214451886752,20.977406671875567
Q7RTP6,9.386797720546934,17.768834173377446
Q7RTV0,14.884758799907132,24.809549617738764
Q7Z2D5,9.953105342095283,18.78601809465262
Q7Z2E3,12.209388434316375,20.247466952869793
Q7Z2K6,10.37556392578402,18.770991484394926
Q7Z2K8,10.651881810395603,19.08825063207176
Q7Z2T5,10.205642976355819,20.128717880821977
Q7Z2W4,10.663577683362032,19.968524167076804
Q7Z2W9,13.074535773806044,22.866295342462962
Q7Z2Z2,10.621550388033073,19.32377173817655
Q7Z333,8.15540694442628,17.123875175353408
Q7Z392,10.020755796588164,18.585927397534615
Q7Z3B3,8.408714481876984,19.109638463267213
Q7Z3B4,12.064116830107382,21.123286833471067
Q7Z3C6,8.201923961430472,18.8843632928627
Q7Z3D6,11.17920715143868,17.895424007622477
Q7Z3E5,10.539392244372852,19.048284197176297
Q7Z3J2,10.548827080550081,18.784729408555766
Q7Z3K3,10.349580839509692,20.22765952612054
Q7Z3K6,12.484400934870267,17.78249965686214
Q7Z3T8,9.68629618153497,18.696191086348787
Q7Z3U7,10.154751104743772,17.744878018516363
Q7Z3V4,10.047978962537933,17.40969681572846
Q7Z406,11.020287529557985,18.153044223452167
Q7Z417,10.072456751740186,20.48062209167976
Q7Z422,13.17819508240801,21.59600919772588
Q7Z434,11.652208726808048,21.642435968022117
Q7Z449,10.363780034033294,18.49343593704396
Q7Z460,10.139433157107081,18.825255165253523
Q7Z478,9.658184640279995,17.693632861927146
Q7Z4G1,14.929812606883434,22.059755994070407
Q7Z4G4,12.981734604710512,19.322202821659427
Q7Z4H3,11.215162679522297,20.719834070116196
Q7Z4H7,9.639530601588422,19.088027942738034
Q7Z4H8,10.385497663438146,21.32544572363896
Q7Z4K8,10.009487078998909,18.00352523214524
Q7Z4L5,7.907427061570988,19.71972571935307
Q7Z4Q2,10.540192013191112,18.666392701762902
Q7Z4S6,11.267369901439586,20.800811819918312
Q7Z4V5,13.533221111491315,22.356705427457715
Q7Z4W1,14.040897280981374,22.31866234457141
Q7Z569,9.424497317881388,22.21138230174921
Q7Z589,9.156926732158608,17.553815076149018
Q7Z5G4,13.163466148027283,24.959939833406366
Q7Z5J4,8.646456290098815,18.051564218272866
Q7Z5K2,10.539033044750811,18.862840071469197
Q7Z5L9,10.850786197708677,20.541029892848677
Q7Z5Q1,11.024867403167645,18.105238620420813
Q7Z6B0,11.731919996627376,19.718367692600914
Q7Z6B7,8.594708084147628,18.343605333504733
Q7Z6E9,9.231948285582293,18.682071181975406
Q7Z6I8,13.042218190297492,21.359954873626506
Q7Z6J6,9.03629147077161,20.7857211484421
Q7Z6J8,9.699738358015011,17.17669312508989
Q7Z6J9,11.030941005746714,21.71296780976685
Q7Z6K3,10.488906540633629,20.97689075125813
Q7Z6K5,12.65222336093228,21.76619062868559
Q7Z6L1,9.376257530761066,16.927633537228836
Q7Z6M1,10.212342544053216,19.772155361997516
Q7Z6Z7,8.677109782250556,18.021007082722257
Q7Z739,12.203480487217151,21.96649385115638
Q7Z7A1,7.688011285953489,14.980269267585815
Q7Z7A3,9.260539835385648,20.33295410644153
Q7Z7A4,11.812101260174186,18.092465417457376
Q7Z7C8,11.130775257186093,20.252111204296803
Q7Z7E8,13.415653178348272,20.89922085647226
Q7Z7F0,10.47458866932999,19.64082025714804
Q7Z7F7,11.348363140450568,22.86253643586559
Q7Z7H5,13.644551082528581,23.538986645585723
Q7Z7H8,13.169374388835699,22.773953478333187
Q7Z7K6,11.907840860819642,22.074319102372872
Q7Z7L8,14.031867661262458,24.24741940533064
Q7Z7N9,14.984373535214656,21.752079849544867
Q86SF2,11.76934742085538,20.198105617537582
Q86SK9,15.036679290151087,21.06394097458663
Q86SQ0,7.791514497892445,19.692970316232067
Q86SX6,13.038088509967869,23.1225177547258
Q86SZ2,10.707388585034026,20.154777515190787
Q86T03,10.848655639220528,20.824544057910035
Q86T24,9.755727716365472,18.221239972227725
Q86TB9,10.804324082265808,19.553165439527934
Q86TG7,10.52993131418463,19.865204185748564
Q86TI0,7.620185606159568,17.11494842509362
Q86TI2,9.997044725923766,19.417299534274342
Q86TM6,10.821722080970558,21.268684143077387
Q86TN4,12.236986427305508,19.55347743039225
Q86TP1,11.047257993796546,20.40413377973025
Q86TU7,9.119390171789192,19.705737855953576
Q86U06,12.22903077946301,19.857800656423173
Q86U28,11.481169691535086,21.17072532680483
Q86U38,10.572274337820573,19.887897554860707
Q86U42,13.129215533537355,23.755765865174684
Q86U44,11.478574188629969,20.414480741348697
Q86U70,10.75988294466824,20.7906927871402
Q86U86,9.883543266502604,19.591681204728935
Q86U90,11.721236259262529,21.30231929641417
Q86UA1,9.419083082245617,18.954992868116587
Q86UA6,14.491299834533628,23.164821528070508
Q86UD0,10.638746309933229,19.257891050348814
Q86UE4,12.087684766668106,21.516348690701125
Q86UE8,11.941316296770122,19.24823799018322
Q86UK7,10.00175025177575,20.191151563730994
Q86UL3,9.903959031967325,20.475084689382363
Q86UP2,11.486027067704525,20.36404654729442
Q86UP3,8.516485827275215,17.17056675424117
Q86US8,9.222903499980667,17.540897908347187
Q86UU1,8.942801781587967,18.184894086379476
Q86UV5,10.278268378605144,19.15073489631033
Q86UW6,8.277406589160343,17.18576019440627
Q86UX6,9.400913304143586,18.105212404376854
Q86UY8,9.691433086474945,19.067742663627747
Q86V21,12.155580097152782,18.98790305156239
Q86V48,10.389890048077502,19.27827013977394
Q86V59,10.928268942302873,19.347912141315156
Q86V81,12.90724276071221,24.47954448792202
Q86V85,9.662653078507995,20.193233342887694
Q86V87,8.870475392174757,19.113797265672037
Q86V88,13.638752828051995,21.70548382205335
Q86VI3,9.69806955944257,18.041124608866426
Q86VM9,11.114044323461144,20.30360453429634
Q86VN1,10.57187250765044,20.15753142000298
Q86VP1,10.767470110524973,18.73277131137438
Q86VP3,10.15998789833864,18.109913630675905
Q86VP6,12.02440645951763,21.28892813829409
Q86VQ1,9.41136737135253,18.597065735706206
Q86VR2,11.443902056699681,20.9699382051433
Q86VS8,10.645268166605987,19.803808852576434
Q86VV8,6.993785019900622,18.25450527024255
Q86VW0,10.546705993931084,18.738642115511613
Q86VX2,11.820172184351303,21.953153797624072
Q86VY4,11.586526470399946,20.23017097448531
Q86W42,11.799087439248705,21.922835061488666
Q86W50,12.04606453492093,19.907021693937526
Q86W56,9.24228261740866,18.155186878237938
Q86W74,12.727992385493677,22.13451656605935
Q86W92,9.368658272233805,19.036427881703712
Q86WA6,13.136989110115252,20.062124235977347
Q86WA8,9.82599664624195,18.60832221086742
Q86WB0,11.53886415002208,20.608692845358984
Q86WC4,11.338875257246952,24.28584067474546
Q86WG5,9.25453448100533,18.114592546496866
Q86WJ1,10.542932005684387,19.52789943907749
Q86WQ0,13.894947990208651,21.91680293265828
Q86WR0,13.017862830656124,21.92995029786516
Q86WX3,13.279759826402099,22.306570733464856
Q86X02,8.611311777153556,19.459715231263406
Q86X10,10.269970805934232,17.977969693655492
Q86X52,9.525211813500688,18.36744840569933
Q86X53,11.952196874197718,18.871061107958003
Q86X55,12.74335958854364,21.35987894210738
Q86X76,12.008015238726378,21.943569672851332
Q86X83,12.713210490463293,22.211478153820607
Q86XA9,8.6749956785325,16.752236569107737
Q86XI2,9.910339593062032,18.667973932622946
Q86XK2,8.860772182428585,18.734639589149054
Q86XL3,9.278175657866006,19.1399072394742
Q86XN8,12.162299588447555,19.180981991756546
Q86XP3,11.432529702378714,21.022768143759777
Q86XX4,8.724204744155301,13.890399733710385
Q86XZ4,10.826682873053285,20.25253762657549
Q86Y13,9.01349551915835,16.81226996972188
Q86Y37,9.942879164931512,19.7715557388016
Q86Y39,12.322777467669034,22.651527070846434
Q86Y56,10.544031641361471,18.624919450180258
Q86Y82,12.047806375435211,22.18686042568296
Q86Y91,8.908861846244042,18.2501010583492
Q86YD1,10.04511517280996,19.0064222024536
Q86YL5,10.509854849493827,21.187257218257876
Q86YM7,10.404731467737351,18.644405389059358
Q86YP4,11.729140051443276,20.459592834098373
Q86YR5,9.376715762061579,19.96593127051655
Q86YS6,12.68324339008265,20.075677683482667
Q86YS7,10.34889458745764,18.0433306620849
Q86YT6,9.575707983660084,16.886144780944274
Q86YV9,8.5096755008947,18.691204132518173
Q8IU60,9.916457644340285,18.918454328373123
Q8IU81,11.499829927162587,20.026205047984188
Q8IU85,8.23942531423929,20.03059539306943
Q8IUC8,13.989914361652728,18.93538705138407
Q8IUD2,9.782390131607334,19.35359995746185
Q8IUE6,13.399959182808413,28.207226742785394
Q8IUF8,12.46306916331603,20.48646733553331
Q8IUH3,11.33451868505953,20.376825908966296
Q8IUH4,10.913366513996289,19.938831394926066
Q8IUI8,11.74070911364971,21.726818712100208
Q8IUR0,14.305006122397971,21.494053432913912
Q8IUR7,10.046108354322273,18.52579629270329
Q8IUW5,11.439761876534208,19.431871965276258
Q8IUX1,13.304674735531055,20.939143845606115
Q8IUX7,6.475230179920922,17.569991083264348
Q8IV08,12.40372655924175,23.552426674720945
Q8IV32,10.185344409694554,19.936408100433614
Q8IV36,10.29201763329852,19.172025787090433
Q8IV38,11.411094042172698,20.909323938971625
Q8IV48,12.840083598477054,21.9838628068671
Q8IV50,13.28099796124696,21.459491154675607
Q8IV63,8.878140980613765,18.232213530334672
Q8IVB5,12.678276920842457,20.87487609469857
Q8IVD9,12.453093157491734,21.74801340651533
Q8IVF2,8.16219890349613,19.78826998466176
Q8IVF7,9.285510258995183,20.029298566352313
Q8IVH2,10.883843710585348,18.541329834213478
Q8IVH8,10.329330263231586,18.214244026926128
Q8IVL1,8.062764581862819,17.087558241841574
Q8IVL6,10.121760560697103,20.240954477055467
Q8IVM0,12.55340221103864,21.0794296346293
Q8IVS2,10.321892198580823,20.133667417889086
Q8IVV7,11.6089177148032,20.246314972218173
Q8IVW6,9.610756056930182,19.390064231112312
Q8IW35,10.01886934698235,19.163187201691883
Q8IW45,12.555750894294267,21.73726767108534
Q8IWA0,11.35706121789934,20.345071122311328
Q8IWA4,10.334663813140791,19.3812328947277
Q8IWA5,10.691112676857134,17.01009990814668
Q8IWB1,10.671123398163779,19.09857091820444
Q8IWB7,11.42712724804233,20.561772161213522
Q8IWB9,8.949752861752632,21.504797595210714
Q8IWC1,11.172975545334513,19.00750429617097
Q8IWE2,12.28179021919887,20.588562761100608
Q8IWE5,9.382027733501463,17.509427004396425
Q8IWF2,9.641857043953998,17.911510659164808
Q8IWI9,8.883388031678479,17.054974309648326
Q8IWJ2,9.0139452108834,17.540133445391024
Q8IWL3,11.130904533466525,19.357093132273842
Q8IWQ3,10.593988408157868,17.23599380088306
Q8IWR0,9.877171294110044,18.711131985893896
Q8IWS0,11.391184761177842,21.95726133685157
Q8IWT0,12.385112856101706,21.4942667913599
Q8IWT3,7.3838853406076765,19.82524822887704
Q8IWT6,10.799522323412415,19.23424773564187
Q8IWU2,9.898301812976865,17.80439050107115
Q8IWV2,9.263442835149915,16.673385126384172
Q8IWV7,8.809413606399309,17.494525428646305
Q8IWV8,8.613511038560198,18.13842307534087
Q8IWW6,9.86487204579711,18.49059163399819
Q8IWX8,11.560975526667033,21.15732988648769
Q8IWY9,7.516865197985485,18.355516515680318
Q8IWZ3,8.211618740918071,17.203963167209395
Q8IWZ8,10.645666183290261,19.774144378819752
Q8IX01,10.950943650236644,20.27603058227194
Q8IX04,10.2719437924716,19.678310534037756
Q8IX07,9.879143609892166,18.92495338491451
Q8IX12,11.436287933236535,20.871735846949395
Q8IX18,11.397097402952927,18.937047267825807
Q8IX90,10.938093740712514,19.384971882519547
Q8IXB1,11.26306288584738,20.691799996649426
Q8IXH7,11.638256130186102,20.093091096312648
Q8IXI1,11.079999299890801,21.822695356160754
Q8IXI2,9.588550683648354,20.535767491046652
Q8IXJ6,12.080207394820725,20.02019679899524
Q8IXK0,12.367814803955033,21.03688032612265
Q8IXM2,12.702669209632317,22.695728670767203
Q8IXM3,12.891141579124815,22.92824582592992
Q8IXM6,13.039566295123118,21.531415620371515
Q8IXQ4,12.845192518182538,21.481911476938254
Q8IXQ5,10.16051073818754,19.103005803566706
Q8IXQ6,8.257788011956865,18.315388902413886
Q8IXT5,10.779779311882699,19.89071018140891
Q8IXU6,10.832926965944223,21.51397963321467
Q8IXW5,10.646483933473727,19.94197700651473
Q8IY17,8.499360789754423,18.976248009383603
Q8IY18,10.64414622926935,19.406803070376014
Q8IY31,9.09785656895951,20.264992112216675
Q8IY37,10.32696410540833,20.355738837177654
Q8IY47,12.146917683531711,18.72467901561122
Q8IY57,11.745302769284008,21.088119775223515
Q8IY67,11.351654863423612,21.051897283041328
Q8IY81,12.579317126726576,21.32482627044653
Q8IY92,6.132580267322533,16.472897050704656
Q8IY95,11.241778482495352,23.008185246999144
Q8IYA6,10.139509569080532,18.177808350430062
Q8IYB1,11.8033190173992,19.157497482591783
Q8IYB3,10.543920864638705,22.64452283977215
Q8IYB5,13.475951659233472,22.23027575584416
Q8IYB7,10.589414425693697,18.8603211625522
Q8IYB8,10.499735040405564,19.20481220683274
Q8IYD1,11.767652504906712,20.06704857466312
Q8IYI6,10.665568733006312,20.012564976636597
Q8IYL3,13.207090263772088,21.853156558796993
Q8IYQ7,8.631744499618357,19.43885353473791
Q8IYS1,12.903644008440821,20.917762977880145
Q8IYS2,12.455709195016617,20.10893596004659
Q8IYU8,10.107682094303634,24.46807863817203
Q8IZ07,10.435819076914598,18.918766359531514
Q8IZ21,9.72943561302057,19.334664856736545
Q8IZ40,11.588120784375132,20.274222560124528
Q8IZ52,9.9237626791759,20.671637810721368
Q8IZ69,12.109964729160078,19.223867376531285
Q8IZ73,10.682194200959616,19.62283157388971
Q8IZ81,13.47868056927899,22.73494131473364
Q8IZ83,10.054406937983162,21.10942141031437
Q8IZA0,10.957548682150032,18.329468376787208
Q8IZD4,10.153555249361055,19.376301242289365
Q8IZE3,8.415423226961542,18.942008358156272
Q8IZH2,9.952390859886107,18.07042456563526
Q8IZJ1,9.463433500882592,19.176546046073746
Q8IZL8,10.55637872791044,21.020437958696974
Q8IZP0,10.07288600282109,21.44161547922006
Q8IZQ1,6.9679915907293175,17.314897140984147
Q8IZQ5,14.560269617528379,24.193323970182515
Q8IZT6,7.7137081079271885,16.483863001582154
Q8N0U8,11.856788875529395,22.611369126682852
Q8N0X4,11.796703571154719,20.111873245445775
Q8N0X7,11.630535774230342,20.343550362610195
Q8N0Z3,7.969810832197606,18.751645254228436
Q8N0Z6,10.916006131799122,20.012554615895198
Q8N108,11.075542937304805,23.122967852601825
Q8N111,13.647794358237208,22.801393422672458
Q8N122,9.841554122995776,18.994999908503253
Q8N128,12.311605849148242,21.567128540647857
Q8N129,11.672371594735814,22.045618533033952
Q8N131,17.850756587064254,25.956366223132875
Q8N137,7.854791455650289,18.002469390773793
Q8N138,15.741221492771947,20.580458244972238
Q8N142,6.1235982320896065,18.755101101542202
Q8N158,11.166065072038547,19.076261214386633
Q8N163,12.228629065999097,21.773651084750373
Q8N183,13.5216950382045,21.868293390748008
Q8N1B4,10.21027716261423,20.041894391670194
Q8N1F7,11.900747002131027,21.32069602465357
Q8N1F8,9.539040136965232,18.43799516099599
Q8N1G0,10.390092853132893,19.229175863158666
Q8N1G2,10.620390413651984,18.85701664878731
Q8N1G4,12.233388239597609,22.049009517454763
Q8N1I0,8.813372522412404,17.102870499461908
Q8N1S5,9.958117272716645,21.098782897788674
Q8N201,9.093368106929002,17.967068986051505
Q8N2F6,12.67499962179854,21.904794952384584
Q8N2G8,11.405692216850506,21.508270570122587
Q8N2K0,11.279054837585736,21.7392426530227
Q8N2M8,11.700659602585631,20.480328536699464
Q8N2Z9,12.769652207868521,22.787886721336577
Q8N335,12.069928843837063,20.422779194829424
Q8N3C0,9.722992363716251,20.004504988804992
Q8N3D4,8.95366688994403,20.037462652044468
Q8N3F8,10.042182161840422,21.042378261329308
Q8N3P4,9.465258268453889,17.704125210156523
Q8N3R9,10.78602625552921,19.42347926596061
Q8N3U4,10.72871807984923,19.297229701584254
Q8N3V7,9.830949660388834,19.863068959090523
Q8N3X1,11.485378683158315,20.27492495223439
Q8N3Y1,10.347467141745222,18.886320894925305
Q8N3Z6,10.269072362724101,19.65197283616656
Q8N428,10.808371732037404,18.11281781350474
Q8N442,8.661283261532908,18.617776331996865
Q8N465,10.78523655417336,19.00789006582091
Q8N488,12.273868394918729,22.05631555451042
Q8N490,8.671200451513663,20.612649861123618
Q8N4B1,11.862826204981426,19.77081630540066
Q8N4C8,9.625101933185782,18.513375573456493
Q8N4Q0,12.471183649159563,20.162203373392863
Q8N4Q1,14.765603341395128,23.122916915889704
Q8N4S0,9.725079692988484,18.392444607897307
Q8N4T8,10.880635903848379,21.282523291643297
Q8N4V1,12.08613014189372,23.10715613558615
Q8N511,12.349569833599348,21.946546542540304
Q8N543,12.305950102261981,20.546283630250112
Q8N556,12.146079894413266,19.948988593388513
Q8N567,10.930882004499042,19.841733882329386
Q8N584,9.657488296241045,18.25200293451894
Q8N5A5,10.367580807544341,19.16114117097692
Q8N5C6,10.396168484881976,19.03891236747277
Q8N5C7,11.249845777341525,19.643421131904304
Q8N5F7,11.20994047792221,21.21349659388704
Q8N5G0,15.0483816984792,24.868674501569572
Q8N5G2,10.232059023056326,18.665741818337448
Q8N5I4,10.371309662796143,19.82757228274068
Q8N5K1,12.203017761123634,23.972154730406498
Q8N5M1,11.015262556572587,20.482247861503613
Q8N5M4,14.26440829182684,23.105852947012895
Q8N5M9,13.114160294144032,24.222074144620155
Q8N5N7,12.754479042538874,22.8619222373949
Q8N5P1,11.066113759908925,20.265480290148105
Q8N5W9,14.211845290933834,22.052326625262182
Q8N5Y2,9.30370424202563,19.449396018856127
Q8N612,9.160125181882115,19.42684337300019
Q8N653,7.491393501009075,19.558986313492905
Q8N668,11.325512237335236,22.046571339511786
Q8N680,10.632580941837086,19.118438657806173
Q8N684,11.929706532928902,22.561309860326478
Q8N6C5,9.797037784663825,19.311150217706658
Q8N6G5,10.197901265047491,17.716616764283913
Q8N6H7,10.486972973029703,21.470402730381867
Q8N6L1,17.025149297321963,22.864352041538208
Q8N6M0,11.521973701043184,21.998844846144497
Q8N6N3,13.500095941223957,21.224985455254778
Q8N6R0,10.7153471646054,19.238152483097863
Q8N6S5,13.01908340549835,23.458823453625243
Q8N6T3,10.994465701038704,20.792186588397584
Q8N6T7,11.200937731692123,20.163989402692422
Q8N720,10.422155506204511,18.73990718082955
Q8N766,10.12357829074382,20.28187734109776
Q8N7H5,11.486233186654625,21.357374004178098
Q8N7R7,12.409311999759696,19.95986565827542
Q8N806,10.977273723909382,20.631622247078553
Q8N8A2,9.512365242231798,18.704354926982557
Q8N8A6,9.256808171387517,18.941547961668054
Q8N8E2,8.6862260010047,18.950438352463312
Q8N8E3,9.544499410766898,18.08201983511196
Q8N8L6,13.743893908246008,20.9695259974191
Q8N8N7,11.214800987941155,20.943551088303085
Q8N8R7,10.46906395492181,19.729261544197616
Q8N8S7,11.263366770032247,22.012428577379307
Q8N954,12.456356461634499,20.898635581966523
Q8N983,12.9819975164436,22.442190889917335
Q8N999,11.279046504962498,22.671975140306152
Q8N9B5,9.44765994779943,18.481908459896175
Q8N9F7,9.90455918255293,20.570076325101244
Q8N9M1,11.30801926425124,19.796791500977587
Q8N9M5,8.370203711600002,22.481726735380796
Q8N9N2,12.854988643834112,20.203559656216214
Q8N9N5,9.990278123346084,19.182459824914865
Q8N9N7,12.648713249383622,21.36423887429587
Q8N9N8,12.340140432331642,21.856099060826647
Q8N9R8,10.479831210643486,18.012775336483926
Q8N9T8,11.246080122440873,20.237707300375405
Q8N9Z2,13.149645354855624,21.71875533426115
Q8NAF0,10.601399421485636,19.729965538218128
Q8NAT1,10.432620578749027,18.535079720478063
Q8NAV1,13.366062203396543,22.64851560834024
Q8NB15,11.290007268363194,19.67933609824736
Q8NB37,12.322607086589827,21.14981532960272
Q8NB46,9.804230561742528,17.53063402976193
Q8NB49,10.470118228116862,18.750151576172485
Q8NB78,10.902692914594965,18.7956102418544
Q8NB90,10.857172285595727,19.243996895696856
Q8NBF2,12.923806083678683,20.553717697842423
Q8NBF6,10.122807900056811,19.89658342040021
Q8NBI6,10.238400959117177,22.30047759643492
Q8NBJ4,11.965339847643738,20.3722879576834
Q8NBJ5,11.086825424069534,21.4012512593404
Q8NBJ7,11.591720007149263,22.101664650228155
Q8NBK3,12.471431797684348,21.20335935524877
Q8NBL1,12.851032408193557,21.25339497948164
Q8NBM4,11.726870155057247,20.90050242419804
Q8NBN3,11.353692762942666,19.515056037051057
Q8NBN7,12.793376094093798,20.850112242182394
Q8NBP0,9.070525834211185,18.60661234358052
Q8NBQ5,12.987308873326903,22.17323349732885
Q8NBS9,12.340117678130888,23.220625325880377
Q8NBT2,12.021569055722715,22.493378924381457
Q8NBU5,12.50487421707234,21.35776484530184
Q8NBX0,13.141120940558405,22.442869834260133
Q8NBZ0,11.845304826218053,21.317665991506008
Q8NBZ7,10.633245849129878,19.57009095566505
Q8NC44,12.150362747943626,20.604314840894112
Q8NC51,12.520053690925105,23.984669520080246
Q8NC54,11.993768348468944,21.66952571485696
Q8NC56,11.197312644295506,20.75625423639777
Q8NC60,10.384560935929509,19.708996064979367
Q8NC96,12.80118505975381,20.98991654715235
Q8NCA5,11.124811726968675,21.155267851259918
Q8NCB2,9.072483325753264,18.703194995152778
Q8NCC3,12.03493031433529,20.254260641427486
Q8NCD3,8.663011784560943,19.09069951658807
Q8NCE2,9.55826613906146,19.27443897647192
Q8NCF5,11.521563158715423,20.119254076702834
Q8NCG7,10.439886422228303,18.50274117707024
Q8NCH0,11.41825185702539,20.390099140319606
Q8NCL4,10.929995778342194,18.723784477367403
Q8NCM8,6.6703328799596635,15.752870582111106
Q8NCN4,9.87591845942528,18.1132141737465
Q8NCN5,11.033943360836863,19.47311473043955
Q8NCW5,12.828522876172768,23.128551076630842
Q8ND04,9.508592019459751,17.8676159082182
Q8ND24,9.6652937829709,20.087984140644682
Q8ND25,13.028976873632915,19.86754269235893
Q8ND30,9.963491433851354,18.30926641257646
Q8ND56,12.205116318314325,21.66138668860469
Q8ND76,10.965679192027265,20.74306291988227
Q8ND82,10.722354339660896,19.924560049947296
Q8ND90,12.58408344289327,20.226316343300265
Q8NDD1,12.189319579817264,22.262109073843273
Q8NDF8,10.312940166455391,20.47282632267382
Q8NDI1,9.921167809757883,18.51387083518002
Q8NDT2,10.573503900912378,19.401621548282463
Q8NDV7,7.692946511850047,17.17595939065622
Q8NDX5,11.73978708709594,20.39432218208449
Q8NE01,9.802222740878799,18.827481802321106
Q8NE71,11.528956972086215,21.36113460498182
Q8NE86,12.895995152715667,20.553458402925337
Q8NEB9,10.339386153178795,19.035617409539416
Q8NEC7,11.571228611083034,20.003902163831114
Q8NEF9,10.99248783067499,19.226838322497084
Q8NEJ9,11.72319349649697,22.716560015115242
Q8NEL9,9.814710164231034,18.503503448465615
Q8NEM2,9.238163581625015,18.146511844263944
Q8NEM7,10.891371202733998,18.870039227015614
Q8NEN9,9.327619644471588,20.558029586965322
Q8NEU8,10.280264389830299,19.30868086293745
Q8NEW0,14.240388436604846,21.85052451764159
Q8NEY1,8.2442084855205,17.1984706209249
Q8NEY8,11.8377681310476,21.242034338548816
Q8NEZ2,12.924558921235807,20.411298260819553
Q8NEZ3,9.005622955749423,17.292932131443433
Q8NEZ4,7.227055999753705,16.57277503906005
Q8NEZ5,11.974411146772075,20.259367107878212
Q8NF37,12.916310928019074,19.64185366001954
Q8NF91,6.771780511303431,15.452663800932857
Q8NFA0,8.976161742921466,17.82536350876022
Q8NFC6,9.150979930747432,17.72071112448123
Q8NFD5,9.583684440099296,18.800071782121282
Q8NFF5,11.028476297087465,19.798810500790164
Q8NFG4,8.677803933050228,17.43143460617309
Q8NFH3,12.926521368574603,22.35416783369435
Q8NFH4,13.495465918778793,21.970828703770906
Q8NFH5,11.491599749035405,22.827767634839976
Q8NFI3,7.656848874769478,18.45078726165311
Q8NFJ5,13.355802265172734,20.666197525584845
Q8NFM7,10.221478543934257,19.690408004497474
Q8NFP9,8.796916144397962,16.85869519650943
Q8NFQ8,12.06663343416735,21.091632952013615
Q8NFU3,12.310560241611782,22.159812353598536
Q8NFV4,12.529706088365849,21.31827361799653
Q8NFW8,12.567085634964949,21.273614783273036
Q8NFW9,10.799359048036095,18.255419488617676
Q8NFZ4,11.139236496926301,20.38083329355099
Q8NFZ8,12.135847092521052,20.110843078899244
Q8NG31,8.78520577241657,17.360274409222477
Q8NG68,10.049934291985197,20.04719781659545
Q8NHG8,11.385315345566871,21.38517277956561
Q8NHH9,11.122767596284632,21.016498847374628
Q8NHM5,8.272213057353683,17.110842340030572
Q8NHP6,10.364966166366578,19.362937800784184
Q8NHP8,10.898373907215602,21.045253210947017
Q8NHQ8,11.456115015686812,19.224627710588482
Q8NHQ9,10.412440078121458,19.740289495130742
Q8NHU6,10.390862668962328,19.116553929646923
Q8NHV4,11.200313631608187,19.67460496311601
Q8NI08,11.542689324554903,19.139374342587978
Q8NI22,12.589436404298555,23.903910523109385
Q8NI27,10.213981255304622,19.170861041541812
Q8NI36,11.311662937634683,21.55571879466794
Q8NI60,10.896277666132448,19.343849612687077
Q8NI77,8.07965819656668,18.97287139800819
Q8TA86,13.02277423070373,20.38255510296298
Q8TAA5,13.217257081531814,21.433651499342307
Q8TAD4,11.935011394557463,18.12033986441577
Q8TAD8,10.914876951675412,20.742768846490907
Q8TAE8,10.751658548114868,21.702176952135627
Q8TAF3,12.517110053526029,20.048478905865515
Q8TAG9,9.99002073814425,18.86793201396538
Q8TAM2,8.08351153589459,19.65026770402306
Q8TAP8,11.657429529215467,20.642816968392324
Q8TAP9,11.203900413649315,21.626959599862197
Q8TAQ2,11.44574629230251,20.567994312687432
Q8TAT6,11.249343655639208,21.689106513392236
Q8TAV0,11.2468191793648,18.35088811856356
Q8TB03,10.556267821080942,19.30318541735412
Q8TB36,13.549039441310075,24.48271473999981
Q8TB52,13.137000179769167,18.456753577490108
Q8TB61,10.800306452986643,22.48033430076695
Q8TB72,10.30658656091757,19.6967587839635
Q8TB96,12.76314108690745,19.824171350766356
Q8TBA6,9.911211049686498,18.997838725347517
Q8TBB5,9.352000817646298,19.286894620639366
Q8TBC3,10.258858912092908,18.455333305894904
Q8TBC4,11.68405063434618,21.825891251285817
Q8TBC5,9.45516961672972,18.653651864530303
Q8TBF2,11.808490763204974,22.019357875323628
Q8TBK6,11.233048064045803,21.722338244388894
Q8TBM8,11.9169495842272,20.173033542388897
Q8TBP5,11.908967335118318,20.824570907480833
Q8TBP6,11.887691104958323,20.56007628527029
Q8TBQ9,15.530091566744135,24.693090601857396
Q8TBX8,12.383968463165727,20.93438682466382
Q8TBZ3,10.15781399526364,20.002039842680652
Q8TC07,10.590419791166008,20.058229663574885
Q8TC12,12.315283764730424,22.399401839986844
Q8TCA0,12.872478700482104,21.709210594425272
Q8TCC3,14.198822969974065,22.134012562442468
Q8TCD5,13.390758397342085,22.625769963572647
Q8TCG1,11.451646985959275,18.838124288158987
Q8TCJ2,10.43667290659019,21.342639928085354
Q8TCS8,11.647605451165989,20.288992861674096
Q8TCT9,12.072624065788311,23.26879514597055
Q8TCU4,6.8299498120678965,15.278067361521517
Q8TCX1,10.563330505503325,20.409004121607534
Q8TCY9,8.612027375497469,18.397695138338744
Q8TCZ2,15.924776467177377,24.114418877537943
Q8TD16,10.572032183197221,19.994995031809868
Q8TD19,11.523179163253118,20.1211984100317
Q8TD26,6.628155234010909,16.33190187124469
Q8TD30,11.593153918037103,19.921977837962363
Q8TD43,8.44023120144382,18.019736797638448
Q8TD55,9.501092891980088,20.4731822778328
Q8TDB6,10.320641611495363,18.584340477381065
Q8TDC3,9.314540824401005,18.110413072877577
Q8TDD1,10.6117054631434,19.650117123213146
Q8TDJ6,7.721537472086313,16.58536276984299
Q8TDM6,8.169811176972312,16.944307128014525
Q8TDN6,12.306645307117611,22.470378124495635
Q8TDP1,12.467623188857864,22.80091401631062
Q8TDQ7,12.857351111735994,21.04311308261716
Q8TDR2,9.277990215357326,18.85500763585846
Q8TDW0,10.947515788563729,19.208093768804222
Q8TDX7,12.471205210693167,21.05797810232861
Q8TDY2,9.39511818968078,17.554978690724088
Q8TDY4,9.236944897530481,18.634239204819114
Q8TDZ2,10.569883610774795,19.269777669161886
Q8TE77,10.815511811882843,18.182305289745127
Q8TEA1,10.734412146594208,18.78558145690261
Q8TEA8,10.849681981900435,23.044362182347854
Q8TEB1,8.919953192890663,19.41770997184162
Q8TEB9,12.503738920315252,21.111426397981173
Q8TED0,10.930329189911875,21.199523035868808
Q8TED1,12.750835075576234,21.01432710550375
Q8TEM1,11.099718818055708,19.684388454807582
Q8TEP8,7.150651305185371,17.513836569943262
Q8TEQ6,10.916850221991469,18.895621787900296
Q8TEQ8,9.910390202795112,18.403902671171245
Q8TER5,8.724850721546533,18.10787336281876
Q8TEU7,9.104518128405202,17.40136531601913
Q8TEV9,9.988268557564552,18.451362610023345
Q8TEW0,9.351805714204438,19.139023445993097
Q8TEX9,10.255845722706013,19.91801329011285
Q8TEY7,9.290545587960592,17.95740816449984
Q8TF01,13.600826182412693,20.738582205550443
Q8TF05,10.11906294787024,19.336267262245894
Q8TF42,9.934892065180122,18.995583737447287
Q8TF68,10.794388229264262,21.623499613364185
Q8TF72,8.447834621035183,24.156660996141238
Q8TF74,10.508707137287596,20.345882014704035
Q8WTS6,11.757555755761075,20.698023765531445
Q8WTT2,12.240205958413371,20.042689471356606
Q8WTV0,12.407247844716924,19.142988025181886
Q8WTW3,9.531546310986085,20.731704161231537
Q8WU20,9.306877254868544,19.109056970506074
Q8WU76,10.66441135746812,19.184566571961945
Q8WU79,12.042514272142752,25.279086015818116
Q8WU90,12.895688450907976,21.436815486632575
Q8WUA2,12.826219361596364,20.796298760327097
Q8WUA4,11.271250712650106,20.90602162262952
Q8WUA7,9.070466521384283,18.106275237396698
Q8WUB8,11.798160858075354,20.862131637721784
Q8WUD1,12.54423998966832,21.56449110029123
Q8WUD4,13.05020130373247,23.573801410522584
Q8WUF5,9.86867967653022,19.7674832680509
Q8WUF8,11.193422761881253,19.702947591787805
Q8WUH2,9.967522523378822,18.066765964959092
Q8WUH6,14.807212611679828,23.083120705011858
Q8WUI4,9.143077299699769,18.400305565607997
Q8WUM0,11.17675325260111,20.21455013762613
Q8WUM4,12.256433188440942,21.22381399279716
Q8WUM9,12.049355870610684,20.50280461656555
Q8WUN7,8.86480864905903,19.721004491255226
Q8WUP2,10.775127981596974,21.752546053074816
Q8WUQ7,10.848693873799595,19.319898758945385
Q8WUW1,14.167071565546028,23.513854914901888
Q8WUX2,11.94535038799889,20.734447498084702
Q8WUX9,11.563531238957188,20.612308550773864
Q8WUY1,13.574921172517618,22.118819181071768
Q8WUY8,12.714061799699396,23.393123888778234
Q8WUZ0,12.660700126628015,22.535098139097695
Q8WV22,10.620095470956839,20.87913499002793
Q8WV41,10.001028962071981,19.094504025346268
Q8WV92,10.901328580091441,19.660734684126528
Q8WV99,12.684916847124754,20.25562950608921
Q8WVB6,9.143698380300924,18.482846824271743
Q8WVC0,10.406564629407272,21.348354075394074
Q8WVC6,12.478282021883324,21.629959803227674
Q8WVD3,12.620738076822343,20.660103466263383
Q8WVJ2,14.11459419324247,22.84998481189695
Q8WVK2,14.455130525381186,23.02440432411906
Q8WVM0,12.321438665830817,20.564548914782293
Q8WVM7,10.165741226629144,18.78094087747374
Q8WVM8,11.54151646492394,20.608031978638547
Q8WVQ1,12.32514309083285,19.855630576066893
Q8WVS4,9.951718972531433,19.206950374285878
Q8WVT3,10.763863418388217,19.20806746823686
Q8WVV9,11.587149175454385,21.02902996444014
Q8WVX9,11.408811531824242,20.755061877493493
Q8WVY7,12.926450968290165,22.300834503528257
Q8WW01,11.275194110877967,22.241293668274928
Q8WW12,11.900807996678699,23.76125828164119
Q8WW35,12.351713736357945,20.748573597906383
Q8WW59,11.935367241564059,20.896902693687142
Q8WWC4,12.371112563933352,20.672931118031336
Q8WWH5,11.15255554609592,20.239472141087887
Q8WWI1,9.242513861232291,18.096105739480056
Q8WWI5,9.43010118064149,19.84896504895273
Q8WWK9,10.314817384867416,20.056339656568312
Q8WWM7,10.480581231247584,20.760238154052484
Q8WWM9,13.109865490951286,22.931266327105316
Q8WWN8,9.219286012513393,18.046815657031953
Q8WWQ0,9.860755248372163,21.038872333282455
Q8WWV3,11.170150892634116,19.952366679402907
Q8WWX9,13.903723483147987,21.773962851180595
Q8WWY3,12.340320537865384,22.44425482817131
Q8WX77,11.107789901069195,21.41556207382758
Q8WX92,12.17983269677534,21.119561038879148
Q8WX93,9.363746687166037,19.136827240754013
Q8WXA3,10.056171061816828,19.23649240149676
Q8WXA9,12.516932284381197,22.708207390381016
Q8WXD2,11.817043781500178,20.738893629575376
Q8WXD5,10.752881410812178,23.003462728784363
Q8WXE0,8.289227506757806,18.79753843323863
Q8WXE1,10.323602780323643,21.42376959042578
Q8WXF0,12.720957147280732,21.99268562244305
Q8WXF1,12.740192301693407,22.583691452668713
Q8WXF7,11.433696273008938,20.287858661034566
Q8WXG6,8.838240809022212,17.96751596350138
Q8WXH0,8.052692644272103,17.164289526919195
Q8WXI9,11.085917734583669,21.343371790673817
Q8WXW3,9.885676057819904,18.58699434876677
Q8WXX5,13.309021045951258,23.250598980205748
Q8WY21,10.30610684666379,19.62393357068056
Q8WY22,14.438262754111152,21.84288944438221
Q8WY36,10.575063830052674,18.96586934196613
Q8WY54,10.447985003758918,20.241657622640606
Q8WYA0,10.365081454947056,18.735004485162655
Q8WYA6,12.550566548421516,21.700275204253042
Q8WYH8,9.947733416417632,22.17337588773847
Q8WYN0,8.705818978287299,19.23467346660595
Q8WYP5,9.018024817225669,19.41713833963817
Q8WYQ5,10.656093491916518,18.87511199877375
Q8WZ42,6.742683072160917,13.125902972371003
Q8WZ82,11.07294317263296,22.168077357488382
Q8WZA0,13.750039857673713,23.771393074136782
Q8WZA1,9.805013687502413,18.976078497386013
Q8WZA9,11.790261324567313,22.034893785896436
Q92466,12.47667746144952,21.271808258449905
Q92481,11.242795531899024,21.972338120705107
Q92499,11.375201483268121,22.024004554801934
Q92503,9.98229723729619,17.659340312628274
Q92504,15.986969788861229,21.38502441919425
Q92506,11.981107936253201,20.330466453153527
Q92508,7.7724445944761245,16.624823025677497
Q92520,13.448622624968282,21.358352827809817
Q92522,13.733352651091307,24.19579273241428
Q92530,13.253672178693654,22.753494594306552
Q92536,10.675313732091524,20.907630313519448
Q92538,9.072333534018261,18.79626784245565
Q92540,9.045530795672555,18.77693737861009
Q92541,11.324295530633007,20.344967860311744
Q92542,11.558994245409266,21.51573385553302
Q92543,9.03216354531019,18.60117639864331
Q92544,12.583045090697144,23.422427509360435
Q92547,9.796426764216807,18.294180967142747
Q92551,12.08721108524435,18.99756720449904
Q92552,10.76418946589869,20.433646999286967
Q92556,10.812265708856263,19.480363969642262
Q92558,11.101747237089919,21.266086361221486
Q92560,10.31855263270861,19.329878792706207
Q92562,10.071017059771215,17.9727891188057
Q92567,11.181408009155708,19.49690862036328
Q92572,13.507362030310418,22.02028997161883
Q92574,9.505234857038959,17.028801435123068
Q92575,12.530110745705008,21.31123705981485
Q92576,9.462024461252692,18.0831756926248
Q92581,9.640036492478483,19.71933829623429
Q92585,9.610635194582754,16.778002737732713
Q92597,9.947692244549694,20.523223642541655
Q92598,11.469643700404186,22.31268024777226
Q92599,11.562974365743376,20.93402284374596
Q92600,11.61007820376413,21.310502571708643
Q92604,11.308212162970632,20.885565122427032
Q92609,10.510805491264737,20.026550706669113
Q92610,8.004745027138679,17.902557170328038
Q92613,10.285606901926172,18.710010494031714
Q92614,9.237903004972573,17.64228348128939
Q92615,10.741105841964018,20.49816428705174
Q92616,10.004230387613454,18.973324760771387
Q92618,7.140261472059492,17.960813987264185
Q92620,9.466663223251855,19.255093442473427
Q92621,11.117829934250807,19.753002380406787
Q92625,9.388450929025275,18.49883205639883
Q92626,10.58423872240919,19.4200611180238
Q92636,8.954391246507061,17.790732613802643
Q92643,12.372284582525769,21.222893737360376
Q92665,10.862368952128493,20.829068322210684
Q92667,11.099059960521197,19.963649447429017
Q92685,11.335631170672611,19.332245584572057
Q92686,12.348713095346886,24.181807553603697
Q92688,14.689933230385348,26.254508758437208
Q92692,10.165251578191887,20.771007009607313
Q92696,10.818693712183157,19.697181500493294
Q92733,13.10332525775874,21.94366486810438
Q92734,12.86540103271781,22.868765568437716
Q92738,10.076074166812655,18.651262947041328
Q92747,13.021865717080917,21.871885383045758
Q92759,11.992667281835155,21.008120937791812
Q92766,8.179910929657222,16.799498946133173
Q92769,12.837026563522652,22.97836532094843
Q92777,11.250902118213615,20.55614011439946
Q92782,10.896157533153218,19.508686022748755
Q92783,11.654781335129835,21.256281446126557
Q92784,10.350547662074295,18.904746034420018
Q92785,12.191791534725132,22.5675000068446
Q92786,9.97205918566762,20.949165207989605
Q92791,12.128363385349191,20.995423135964916
Q92793,8.470490427295498,17.5920617393512
Q92794,7.641558375613936,18.45934381417128
Q92797,10.376462228933272,19.590017934802383
Q92804,13.980518329601445,24.175919709412515
Q92805,9.380531892060155,19.494502609352093
Q92820,13.71243614052613,23.69537060757871
Q92823,11.252576115662617,21.085776107587794
Q92828,10.991692357555902,18.60651485852101
Q92830,9.292682347245107,18.848407064080558
Q92841,11.734068695983359,22.822448684331636
Q92844,11.161040252693333,20.16156863177364
Q92845,10.943896112147158,19.419707859662942
Q92854,10.993225686692622,18.49543901035704
Q92859,9.916131882938899,18.026007387121126
Q92871,11.221568241652149,19.992888100379695
Q92878,10.651608093332904,20.803832965476467
Q92879,12.261774937838192,23.272809920539355
Q92888,11.344290519904428,20.202884314219553
Q92889,10.750997077154732,18.1747043394418
Q92890,13.361492027863177,22.311472299885725
Q92896,11.762295165409917,20.697913747153095
Q92900,10.76564827430926,20.70518729686619
Q92905,11.977072253777393,22.00760089453937
Q92917,11.913628246661986,20.088666280064114
Q92922,11.0982938280589,20.953627873626385
Q92925,12.208272198608427,20.946038670229417
Q92930,11.355879429558694,19.52651929765434
Q92934,12.503683159168355,21.20507580581395
Q92945,11.998946789882712,23.090970539236768
Q92947,12.197512256391228,20.848037424734525
Q92966,8.984640737706517,18.872240372846722
Q92968,10.322465659269536,19.616962250990593
Q92973,11.70331266617141,21.466372640438212
Q92974,11.36545131055972,20.957426209835575
Q92979,13.349057950473934,22.570422319643562
Q92989,12.583212915676167,20.934938852844454
Q92990,10.196330413681077,20.03241320523571
Q92993,10.430917817968954,19.434007418213096
Q92995,9.955959144011848,19.096380850043204
Q92997,10.32091900805497,20.021577810102798
Q93008,8.08147301008491,18.71220314631556
Q93009,11.370689912171843,20.132076813265424
Q93034,11.067587064303579,20.36643474406486
Q93045,13.794577744705911,25.49016039118594
Q93050,11.242869053535701,20.860003564783575
Q93052,10.782506200413987,19.699327505623632
Q93062,11.002662392309652,21.366724882855387
Q93063,10.406704168403396,18.746838169647738
Q93074,9.634592179177004,17.53467294244549
Q93100,9.383995945597137,18.79927090421133
Q969E2,12.586886395732918,25.47905920967543
Q969E4,11.237394411835401,21.34738101770338
Q969F1,12.748180547486273,21.83219196989371
Q969F9,7.556423396661206,17.812058415983202
Q969G3,12.94897970977156,22.424259782448765
Q969H8,15.19320619788126,25.354534260442787
Q969J3,11.152719262770706,20.828841944873034
Q969M1,12.5246399968327,19.799390948600834
Q969M3,16.586140769263174,23.212795734112625
Q969N2,12.235456266420575,21.203206277035154
Q969P0,11.567425540348792,19.77420695098262
Q969Q5,12.622545868584817,26.07983193226721
Q969R5,10.49798432305045,19.15033022177775
Q969S2,9.826257234529448,19.891903563775617
Q969S3,10.813151597998225,20.923748057330215
Q969S9,10.444993417312022,18.796758641649443
Q969T9,14.79599611320899,23.53148267627891
Q969U7,12.045647446821125,21.584755101196087
Q969V3,11.468319744487212,20.638338236161967
Q969V5,11.290642961118373,20.49456492654329
Q969X5,12.912020439515201,22.580371990389555
Q969X6,11.16277124002396,20.579472159955444
Q969Y2,10.985521372554507,24.53484105021013
Q969Z0,12.370938968228383,20.878771246878586
Q969Z3,12.0974222270254,19.224624110200782
Q96A19,10.604398573517983,18.059953624095616
Q96A26,14.094406525745043,23.51655261680203
Q96A33,12.912457760256451,22.13946040750169
Q96A35,12.036094667004184,22.029709982061068
Q96A49,14.331533616511969,22.66056185001601
Q96A57,13.711017044484871,22.072553091615195
Q96A65,10.79790753869951,19.312906472406073
Q96A73,10.750956286466451,20.632672078179322
Q96AA3,11.046428510076026,20.628305624173375
Q96AB6,11.218708868086738,18.916271799697483
Q96AC1,11.51351699304203,21.748728076500814
Q96AE4,12.597729355056982,23.24349362388958
Q96AE7,8.336982372709722,17.243507585324487
Q96AG3,12.43265667505003,19.750268754022134
Q96AG4,14.437910307098738,24.91432336986206
Q96AJ9,12.363978136047939,21.310077720825543
Q96AP0,9.040254754999248,19.687287299285092
Q96AQ6,10.285967452078484,20.5431059156713
Q96AT1,11.226226302139528,22.0053107068751
Q96AT9,12.69516053164326,22.360594153724975
Q96AX1,11.354364517956054,19.802477170547995
Q96AX9,8.532200754192225,17.610117733336526
Q96AY2,8.58696131935472,20.144587700657734
Q96AY3,11.149740959125578,21.458033845009165
Q96AY4,7.983458387768201,16.997734046733108
Q96B01,10.612485445646907,20.3609956220296
Q96B23,9.939293833985476,21.72909491792124
Q96B26,12.859330877322863,22.295879531971806
Q96B36,13.67109043055994,22.353292589296643
Q96B45,13.446988705574734,22.32902340821274
Q96B49,14.553069298693101,25.631059940235506
Q96B54,12.166099123631655,23.091970236130592
Q96B97,10.050529291289628,18.608959968040633
Q96BD0,10.0354957853043,19.73236515314932
Q96BD5,10.994510084633838,20.181629343718473
Q96BH1,11.706434501476384,19.457419867388516
Q96BJ3,12.170832296920397,21.79224617587426
Q96BK5,11.552174627193851,20.401397426938644
Q96BM9,9.288441122789534,22.822924418134427
Q96BN2,12.628512996043048,20.63921508366588
Q96BN8,10.69593426843764,20.662729635676218
Q96BP2,13.046468735388174,22.395515569898677
Q96BP3,11.784711953283855,20.017155449363596
Q96BR5,13.25717872368362,21.79573305068684
Q96BT3,11.977460905015104,18.900455874705486
Q96BW1,12.847900951240183,19.84588094082842
Q96BW9,7.469285310986487,19.23079031914352
Q96BY6,8.227381925444671,17.372094255842715
Q96BY7,8.502253465807152,17.9377064378375
Q96BY9,12.352221262366378,22.098578206523506
Q96BZ8,12.047985515690282,21.10826812864883
Q96BZ9,11.548832850570355,19.59515223020179
Q96C01,14.065488203622264,23.153654165188144
Q96C19,12.944530622437822,22.846646586827138
Q96C23,12.089099993108832,21.454039405905903
Q96C34,8.668960248936363,21.402592233508397
Q96C36,13.894486213071854,22.67109292520209
Q96C57,12.97145887421689,20.97834996531684
Q96C86,12.164926934571511,21.39597202218729
Q96C90,11.486305664150201,23.714599770223227
Q96CB8,11.439735083208811,20.807067853284657
Q96CB9,11.398225362767178,20.696095423426275
Q96CG3,13.260543265296118,20.37762730854104
Q96CM8,11.796117801956559,20.55243968148442
Q96CN7,13.974124770886064,25.59316244568771
Q96CN9,10.42022856404488,18.514182287743598
Q96CP2,12.667426903055576,21.532701564132648
Q96CP6,10.017046263450512,19.276610734380494
Q96CS2,12.470325019457542,20.744821339594015
Q96CS3,11.390626817973295,21.83216732099365
Q96CT7,13.557356455204875,22.987827686035786
Q96CU9,10.978089257407042,20.357624323789867
Q96CV9,11.499762145931511,19.787469254713365
Q96CW1,12.793362072524065,22.047998538616795
Q96CW5,10.474311858799778,19.154113574869854
Q96CW6,12.644925885857415,21.55916887095663
Q96CX2,11.900592734447041,20.474524296475572
Q96CX6,12.110438635226108,19.57877123188592
Q96D05,11.752775765430718,22.66955755743677
Q96D09,9.480373377670334,18.51087302802838
Q96D15,11.420883300881764,21.300646240355086
Q96D46,11.155608218935289,20.989287233876887
Q96D71,11.633307135187893,20.302380773007695
Q96DA2,12.232064106848664,20.243045237078483
Q96DA6,14.224953972004618,21.69239441783666
Q96DB5,11.564937206511505,21.39934166173351
Q96DE0,11.600742246335232,21.410081585106035
Q96DF8,9.749054853935926,19.886415007051657
Q96DG6,12.461691942981703,21.514675894410082
Q96DH6,11.230793154701782,23.062267850991656
Q96DI7,13.364694203489224,23.037783207137497
Q96DR4,9.467590625423165,19.847244795443974
Q96DT6,10.38188796981084,18.393389933695982
Q96DT7,9.562527070191699,18.347075149725466
Q96DU7,8.791002681316161,18.799130559004173
Q96DV4,11.980957088911122,21.305322699677138
Q96DX4,9.484334099847416,19.660351925165397
Q96DZ1,10.430111299370601,19.902754976056972
Q96E11,11.130099998994279,21.785405740049107
Q96E17,11.95785242433058,21.883819173325353
Q96E29,11.891282840990662,18.72038760483318
Q96E39,12.433221644354594,22.095315684734974
Q96EA4,10.310058293040814,19.34096543464343
Q96EB6,10.8215800665561,19.195972207296226
Q96EC8,11.269980274452807,22.854470083325985
Q96EE3,11.156703457530073,21.76578631701205
Q96EI5,10.437936254687955,21.455857388858927
Q96EK5,12.493549687798273,20.129882584379096
Q96EK6,12.027324061185748,22.55628571598308
Q96EK7,8.66143459476085,21.101662904865563
Q96EK9,11.993971542980786,20.383260368668612
Q96EL2,15.437234393974121,22.310696812914674
Q96EL3,13.905383479136344,23.92832232748256
Q96EM0,11.533796824928668,19.698870053504567
Q96EN8,9.128814880045965,18.532141263975006
Q96EP0,8.625375686836987,17.82359992449215
Q96EP1,10.125721949035498,20.313095030523595
Q96EP5,12.792320954334366,23.75075079708063
Q96EQ0,13.004106440390748,21.10581364066809
Q96ER3,12.127132104662962,20.165381057778937
Q96ER9,11.628749159327569,20.65437251163429
Q96ES7,11.759638800452079,21.27141979980064
Q96EU6,11.86656550132405,20.361378712290186
Q96EU7,12.727317308295234,19.923502358140407
Q96EV2,9.855515831308287,19.54925014792115
Q96EX2,11.103896850864324,19.06635966277609
Q96EX3,10.38053070653606,18.92306187225815
Q96EY1,10.351138210851227,20.890315309115874
Q96EY4,14.846157039741296,22.267766218242578
Q96EY5,13.791325923761322,21.51573464289234
Q96EY7,11.231203198350196,20.388645006498503
Q96EY8,11.741750558045254,21.22689025952972
Q96EZ8,10.891549513974073,19.60772596911444
Q96F07,9.008988980428798,18.501673227991418
Q96F24,10.756179833196448,21.712219115774584
Q96F44,11.936782496402861,19.097563311022732
Q96F63,11.207548595112968,20.93847975044485
Q96F85,13.936355787610323,23.554495963419097
Q96F86,12.114610020341548,20.254372082388645
Q96FC7,12.322290660297975,22.157199470202865
Q96FF9,12.290076987674212,21.74564986513583
Q96FK6,9.946932947527825,20.680621568582445
Q96FL9,10.129268793876872,22.92224126375744
Q96FN4,10.49332384524883,21.259404186906828
Q96FQ6,12.841751961231488,23.084797144381554
Q96FS4,9.431733889140848,18.473328295898163
Q96FV2,11.073457189408185,21.143881626008497
Q96FV9,11.341571557149235,20.534697384313674
Q96FW1,13.128170488303596,23.29157626129817
Q96FX7,10.846124520811504,21.155213376031508
Q96FZ2,10.068086730156267,18.968427252387066
Q96FZ7,14.10071907639411,22.63442546122413
Q96G01,8.829711503651838,18.39726871963402
Q96G03,11.943666641843501,20.905662723509085
Q96G21,12.427518629403894,22.07562884591315
Q96G23,14.5505923003051,22.663308421734076
Q96G25,12.769140339611246,21.278079526636773
Q96G28,7.728650359071884,19.972082615412862
Q96G46,11.104475854869039,19.74880484135957
Q96G61,11.172272010494767,21.887162964714953
Q96G74,10.858729840082923,19.41506192060857
Q96G97,10.48844789387424,21.14522442257989
Q96GA3,11.806419461515905,21.36008213635796
Q96GC5,12.849807459540887,21.954261155971516
Q96GC9,12.958897048823358,23.004017434985176
Q96GD0,10.834539335741377,21.825986051141964
Q96GD4,10.757077878192499,20.88100154416572
Q96GE9,14.259257139258123,21.961749598207515
Q96GG9,11.816331165595074,22.60585360163952
Q96GK7,13.871706959886625,19.85016394122558
Q96GM5,11.166527419245728,21.512642698153794
Q96GM8,11.736338585549415,20.50475675325517
Q96GN5,11.505865242783713,20.15507338688928
Q96GP6,10.088532615299359,19.644535171173146
Q96GQ5,11.92105750872881,20.322543484613362
Q96GQ7,11.723731695395497,21.12578173764478
Q96GS4,10.703859308952467,20.282164566363885
Q96GX2,14.604177140411469,24.169267419254993
Q96GX5,9.80216894659339,18.049805027388192
Q96GX9,12.518945299460688,20.306663752446564
Q96GY0,12.132322838452536,20.640403583199127
Q96H20,14.173236872557428,21.97425285724475
Q96H22,10.406847699063023,20.13942727886069
Q96H55,9.880534394917566,18.54085098567059
Q96H79,10.086221165013109,22.082510314530555
Q96HA1,10.617555613923082,19.69072334337761
Q96HA4,10.536875989676934,21.591258173818623
Q96HA7,7.995523331327326,17.86545357543372
Q96HA8,12.379857043224792,21.15945039654514
Q96HC4,11.33155062214256,20.915634659884063
Q96HD1,13.416848933111389,20.424709195996044
Q96HE7,11.90219126091137,22.670316564878604
Q96HE9,12.435063822264667,19.317381174505677
Q96HI0,9.591730747660545,18.507051018890614
Q96HJ9,15.482328469964001,22.609433673326517
Q96HN2,9.727704072497142,19.263895718878924
Q96HP0,9.03167392175937,17.422613600762013
Q96HP4,10.776296851399191,19.4934240690061
Q96HQ2,13.978182280222414,23.297428720742662
Q96HR3,12.570238061647093,21.27863642734124
Q96HR8,11.87996278350583,21.07896058975767
Q96HS1,12.624986769802765,23.126122593773122
Q96HU1,10.02316896255328,17.688640132501433
Q96HW7,9.867219591604679,19.50212419579097
Q96HY6,10.785990902559211,22.174587008286558
Q96HY7,10.735847528412627,18.855368980378856
Q96I15,11.778671218765462,20.201440749116326
Q96I24,11.590260459467109,21.88939788992081
Q96I25,13.293682776127362,21.94633228907671
Q96I51,11.228499120695268,19.6623113305805
Q96I59,11.558809365817664,20.069718537909026
Q96I99,11.66280781964871,21.290487338440464
Q96II8,11.481760090960305,19.12140574224978
Q96IJ6,12.037402272621902,21.268090797796848
Q96IK1,11.706399485016862,22.2355909720154
Q96IU4,13.285242645133765,22.057247440283845
Q96IV0,11.086669931353011,19.57032934974046
Q96IW2,10.884423613685223,20.625537548317723
Q96IX5,16.493649432509464,26.710793714862678
Q96IY1,13.531506236361084,20.73655618297431
Q96IZ0,13.126680982886159,21.125805211324067
Q96IZ5,9.479469801987602,18.184002928043753
Q96IZ7,13.225913571962543,21.79216082751107
Q96J01,12.173216668788022,22.242088382564148
Q96J02,10.725973092851742,18.92447464572958
Q96J42,11.773013430154764,20.354405437578045
Q96JB2,10.695096531899829,18.729614694159906
Q96JB5,13.085595355723518,20.607861460931446
Q96JC1,9.803571182080843,18.20189308516836
Q96JG6,9.823280254299155,19.024406704701644
Q96JH7,9.78370203653184,18.461626703180436
Q96JJ3,10.26417863268995,19.27947317790957
Q96JJ7,13.745988365681791,21.49359143850257
Q96JK9,7.561172858221999,17.59818629228803
Q96JM2,9.547116598299137,18.32939016386757
Q96JM3,11.273790688713785,21.012985633159186
Q96JM7,9.310640345625222,18.74851602746665
Q96JN0,9.17049682375165,18.439920817002356
Q96JN8,7.212136922948022,17.8450796779684
Q96JP5,9.909386354492964,19.74345771530972
Q96JQ0,8.41716307058481,17.622149423406256
Q96JQ2,9.108749972055069,17.943084817943948
Q96JY6,12.059605488178793,20.64280280513578
Q96K17,14.124178336472573,24.273989825833635
Q96K19,9.932069316181034,20.563469591249337
Q96K21,9.324039871367214,19.306768451563443
Q96K37,11.183337244348294,21.014354427955162
Q96K76,9.437641031004912,18.638467713897857
Q96K80,13.741408729743672,21.302189119542017
Q96KA5,10.328692682050484,20.121497514942224
Q96KB5,12.466121239332933,22.372895107526215
Q96KC2,11.694464490507425,22.766973462837974
Q96KC8,11.479867834409548,19.96875876661827
Q96KG9,10.868169409035092,19.172051447499054
Q96KP1,10.431948800295148,19.155726124799816
Q96KP4,11.832547481482587,22.15221051758083
Q96KQ4,8.27152019717152,18.65286311744341
Q96KQ7,10.266317000977619,19.280415055140637
Q96KR1,11.366617701957365,21.12763653729137
Q96L14,10.757688456346823,19.353725665025088
Q96L58,11.091039888061506,20.453300987842653
Q96L73,7.513992016727038,16.911537445839816
Q96L91,8.284375239727273,17.417734071553713
Q96L92,12.351927012309657,20.63236254231718
Q96L93,8.7629587373122,19.435603698702046
Q96LA8,12.291049033362627,24.439212614423177
Q96LB3,10.441216047357246,19.594730898861584
Q96LD4,9.400827212984229,20.37923922221815
Q96LI5,11.621024866695596,17.808683811978195
Q96LJ7,9.393969879842032,20.389902828736627
Q96LT7,10.590565405530421,19.13176534707509
Q96LT9,11.828012226068562,19.949100625953754
Q96LW7,12.882409384229254,21.442683271196692
Q96LZ7,10.822536454269315,23.533538506458225
Q96M27,11.996006144588439,21.996674550317938
Q96M96,10.267123779058519,17.94456599503459
Q96ME1,8.183583552575476,19.563635822268797
Q96ME7,12.39322617393041,20.241729324387205
Q96MG7,12.68209025444119,21.300834804914025
Q96MH6,12.065552389103104,21.96292556940082
Q96MM7,11.170986957813442,18.671906205637633
Q96MU7,10.96524058537719,21.400627128494424
Q96MV1,10.334639220788592,19.34969904479861
Q96MW1,13.74423355303637,22.158611453097638
Q96MW5,9.900230446824127,18.37459301060625
Q96MX3,9.887708169005032,19.2685193196446
Q96MX6,11.122168203639289,20.98311834305208
Q96MY1,13.271071264013944,20.260231535554592
Q96MZ0,13.68839906421013,20.21512019004336
Q96N06,14.85664977047236,19.909920096036377
Q96N46,10.615077136392486,18.3793505217316
Q96N64,9.2619034039822,18.55487624200702
Q96N66,10.848654234993193,22.945034536360907
Q96N67,10.168835592434789,19.23077645926173
Q96NB2,10.14197712628679,20.003416988699858
Q96NB3,12.051704299131185,20.577422604231316
Q96NC0,14.818556667600097,23.293473280137192
Q96NE9,10.948005281260423,19.41542266876284
Q96NL6,10.250041546476826,15.909176539425712
Q96NT0,13.039591238929978,20.814121978622914
Q96NT1,14.212025282995633,24.825741267387418
Q96NY9,10.613606739796158,19.896877533303048
Q96P11,9.830483516457646,20.815238587378452
Q96P16,12.359199778468419,22.051871801611977
Q96P47,10.157080183602877,20.052672015602713
Q96P48,9.639025769218826,18.223864060014684
Q96P70,11.85775294471445,20.86003631045187
Q96PC5,9.283545459101703,18.12424328316946
Q96PD2,10.656360415126134,17.938645779240773
Q96PE2,8.989243466312887,17.24539557996406
Q96PE3,10.793261250138356,18.348451261499513
Q96PK6,12.645443631715827,23.295951115241493
Q96PM9,10.228683800640566,20.74956073047882
Q96PU4,9.039408175844743,18.790487309885705
Q96PU5,8.931910134707069,19.45502350749119
Q96PU8,10.419214567698164,22.25751843268855
Q96PV6,10.030940903406696,19.141187064489877
Q96PY5,10.49469562803523,19.185571255710563
Q96PY6,9.982450419187861,18.925857861108454
Q96PZ0,11.479710183652958,19.776891801223826
Q96Q05,8.923222694830795,18.769665973642976
Q96Q11,12.354083388786728,20.60920324153459
Q96Q15,8.555623230587136,15.843654940905736
Q96Q42,9.125632860981133,17.048093025114795
Q96Q45,11.338846216782235,20.878167940500468
Q96Q89,8.802318458523827,17.420313152211843
Q96QC0,11.513200663813443,20.372388200891965
Q96QD8,11.559736592705992,20.92527315347917
Q96QD9,10.730445372509267,19.786872447109985
Q96QE5,10.829125842479353,19.389048440036436
Q96QG7,11.506151052421249,20.57883470250958
Q96QK1,11.063488911126742,21.464894439377304
Q96QR8,11.886199697880889,22.31061412568613
Q96QT4,8.735100889145047,17.056619930946997
Q96QT6,11.004200544419769,18.09059759909036
Q96QU8,10.00686399626648,18.832346022302705
Q96QZ7,9.271558981754522,18.320378629247728
Q96R06,8.482457966617705,18.709023481401804
Q96RD7,12.533536581643872,19.99705592277189
Q96RE7,10.913111684694634,20.93222657672175
Q96RF0,11.00536511300027,19.82726523067564
Q96RG2,8.503566056014472,17.41728802780825
Q96RK0,7.210671343785622,17.013182496120205
Q96RL1,9.35454551507376,19.137415889313043
Q96RL7,8.75344102982388,17.197314346435633
Q96RN5,12.858750926876267,20.2954161358771
Q96RP9,11.258916361081164,20.831894512784167
Q96RQ1,10.107143336687065,21.14169087840746
Q96RQ3,11.52727456924433,19.415527748626616
Q96RR4,9.655875403711319,23.12310745149916
Q96RS0,9.375160737200401,18.91057721619802
Q96RS6,10.939842558679866,20.75331776522838
Q96RT1,9.224062942422012,18.031894942073286
Q96RT7,7.830463709529647,19.675239797536722
Q96RU2,9.554748019959936,18.583301494519926
Q96RU3,11.226361027317079,19.480548407430888
Q96RY7,9.27088540200713,17.28558131027659
Q96S19,10.814870682403956,19.866041289310754
Q96S38,8.318048874775467,16.79045762355494
Q96S44,12.266651334927566,21.29548691650629
Q96S52,11.963641575290225,20.78840790663456
Q96S55,11.127914402215158,20.217188154304477
Q96S59,10.445241766574854,20.45001423326136
Q96S66,11.649294661098871,20.263403891904698
Q96S82,12.7323798133233,20.87331591636216
Q96S90,11.294497777363782,20.321844675976244
Q96S94,11.541697906371434,18.761789813678924
Q96S97,10.470791970931048,22.11666664847393
Q96S99,10.630847524879472,19.90397841513093
Q96SB3,11.202017472052841,20.91888899342638
Q96SB4,11.472427948020565,20.650293748298246
Q96SB8,10.428087408110347,18.764720018512737
Q96SI1,11.43994477114826,21.00768059611334
Q96SI9,10.939285487678575,20.016816099872898
Q96SK2,10.991899122433171,19.68067252331492
Q96SL4,13.9724572262979,24.11435410889961
Q96SM3,9.542340872662647,18.884468384875248
Q96SN8,9.459803049093802,17.695501476302905
Q96ST2,11.587602318441034,20.43840432418442
Q96ST3,10.703077807380495,20.64380613844581
Q96SU4,10.747397572278697,19.678926489115486
Q96SW2,9.100236105737858,18.801881717669467
Q96SY0,10.94193448275754,20.270529258242004
Q96SZ5,12.931182163850222,22.357205044530765
Q96SZ6,9.562332127247647,23.374073141735156
Q96T21,9.001002182513536,17.38140742623592
Q96T23,10.816783055774295,19.38124079877015
Q96T37,10.44490504157052,19.701575589877965
Q96T51,11.478739840845778,19.690089235314776
Q96T58,8.685078104693202,17.53433977339234
Q96T60,10.504092200269834,20.492655184839688
Q96T76,8.953504773724076,18.83016202540805
Q96T88,11.288712309786556,20.37454290249179
Q96TA1,11.216830383369782,20.33683512611981
Q96TA2,11.670043380698008,19.8609985245458
Q96TC7,11.572055113696464,20.667141152476393
Q99081,10.766881213140977,20.38587936567721
Q99417,14.768331093791932,23.452030755957914
Q99426,13.18294265173314,23.623085863620293
Q99436,11.905897967861726,23.963376009341925
Q99439,14.365566684988638,22.937292134023355
Q99442,12.103239265210718,22.80541357846297
Q99447,11.568586140674409,20.02404683301828
Q99453,15.664731185807625,22.428320681552435
Q99459,12.159509375352142,21.309105100246526
Q99460,12.47274348095701,21.863985747523547
Q99470,12.88399451164688,22.36993997985967
Q99471,14.059762883392692,23.716566395591688
Q99496,11.46314351247634,22.295194465322815
Q99497,14.757128882728827,24.654938200676167
Q99501,7.706967232954962,19.331841020728422
Q99504,10.428210120490252,20.258001220484466
Q99519,11.826434520139909,21.321977038824066
Q99523,10.065581358441275,19.907722721038958
Q99536,12.952739498522757,23.702897633252036
Q99541,12.351554544122859,19.16190219114421
Q99543,11.533245266840426,19.948834161318736
Q99547,14.260824939128264,22.710333786817262
Q99549,10.905261391424702,19.497645355815514
Q99567,12.212167955941364,21.719463190607026
Q99569,7.248205147128744,19.17805395802204
Q99570,10.175423065846418,19.913819703564783
Q99574,10.392370071190692,18.678878294718093
Q99575,9.499244765361896,19.205340071579727
Q99583,11.63138943520592,19.489728656419405
Q99584,14.01551941023265,23.680834831944825
Q99590,10.52123967275066,19.3092537215536
Q99594,10.366353408545658,20.99829529488914
Q99598,12.44653996506235,22.114707029375435
Q99611,12.136545981886478,19.798309030860857
Q99613,11.655370259816756,20.90697905567628
Q99614,12.45937734364412,21.746877464348728
Q99615,12.023433590624398,21.663035336826436
Q99618,11.570263635320963,19.849844371034727
Q99622,12.855225864297177,23.648697488796376
Q99623,13.406444926865428,24.71131164958567
Q99627,12.163378146476155,23.71738330616813
Q99633,10.970857957779645,19.914549485942143
Q99640,10.653626043548647,19.4102446947798
Q99653,12.036577642179399,22.700224199845003
Q99661,10.799719574124646,20.79357495140196
Q99674,11.346854619424894,20.817550835489627
Q99689,10.740468968571918,23.787656128451857
Q99700,10.286221799043043,19.8073876872742
Q99704,12.68371127160311,19.92179155274084
Q99707,8.979264198443044,18.30412095779751
Q99708,9.725429559301684,17.28877533140369
Q99714,11.50435427960187,24.351908408528875
Q99717,12.090832647339472,20.317030330135392
Q99719,13.58078322767267,20.77587362842286
Q99720,14.487969759077844,22.703146283723694
Q99728,10.040526472161156,18.44473646414366
Q99729,13.194924838865079,25.41146007418797
Q99733,13.257303090623017,23.602226872680614
Q99735,11.729187267836299,23.97189336399102
Q99747,12.972105834999725,21.49035278857415
Q99755,11.09556228244965,20.718524886344404
Q99757,14.407421923789174,23.634498988408637
Q99758,7.582858921276576,18.685186918835754
Q99766,13.418901123620413,19.933184324217056
Q99767,10.991754709046909,19.813882699391304
Q99797,10.632343103630282,19.444678998805266
Q99798,10.973149392245372,21.521866936965473
Q99805,12.749496526110757,21.538556243680432
Q99808,10.804782836446845,19.536710573835297
Q99816,12.266031579720828,21.869368953769488
Q99829,12.93784132749593,22.916417472080692
Q99832,12.17827910672201,23.52255174113046
Q99836,11.151324002790323,20.401849524650313
Q99848,13.73893971835794,22.78292993734118
Q99856,11.894586234825343,19.285457857011814
Q99871,11.092207780747772,19.260277145681833
Q99873,11.604810764021138,23.25378911159997
Q99933,11.359032961301232,20.66042489325297
Q99943,11.112012862851952,22.993951385799914
Q99959,8.61611594676349,18.13626232878874
Q99961,12.01186075220865,21.662196788013226
Q99985,9.25483386398254,18.642558113820364
Q99986,12.298733634367135,21.391318277349672
Q99996,8.286863222728536,16.715165293715287
Q9BPU6,12.311638728201451,22.144397513361167
Q9BPW8,12.024847879523314,23.48508812081559
Q9BPX3,10.70898723890229,20.379098409735413
Q9BPX5,13.758894439757334,23.043216098999558
Q9BPX6,11.900986802189758,23.270884971530588
Q9BPY3,11.875383700615018,20.16896856285243
Q9BPZ3,15.901144246211024,23.00416564875133
Q9BQ04,12.844607698610256,20.6535903502047
Q9BQ39,11.428629063776174,20.972880495643746
Q9BQ48,12.999323754343639,22.77985859371751
Q9BQ52,10.654821087737554,20.081098533700295
Q9BQ61,13.321361515294376,24.331090258491844
Q9BQ67,11.481573551499737,20.586235711043045
Q9BQ69,11.510493819730563,22.941002944646648
Q9BQ70,10.648289111359132,19.249632790358802
Q9BQ75,13.855467239992615,22.159700039906994
Q9BQ95,11.146449267062835,19.66068721995135
Q9BQA1,12.36676479142329,22.436739038451478
Q9BQA9,13.984206728255728,22.63607210533069
Q9BQB6,12.480728446907342,22.37832264163173
Q9BQC3,9.71214435178888,19.609978402564195
Q9BQC6,16.041256102548704,23.590389112189037
Q9BQD3,11.152053460092915,21.42754218273477
Q9BQE3,10.236047649536108,18.578892136465374
Q9BQE5,10.809987370725834,20.933605446690414
Q9BQF6,9.657665537614827,19.022669997968347
Q9BQG0,11.186889969486986,20.49134790999357
Q9BQG2,11.879172357675003,19.493162007769563
Q9BQP7,10.76105507561419,20.864076229036957
Q9BQS8,8.647593610449835,17.97166725347451
Q9BR61,12.373257629279907,20.84537411981045
Q9BR76,13.461286162962276,22.62181996704975
Q9BRA0,11.981876976607943,19.845876250680384
Q9BRA2,16.16785942589879,26.055389869364642
Q9BRC7,12.931216765322755,18.148162911528935
Q9BRD0,10.922393501366052,20.499497933589716
Q9BRG1,12.368623316528444,22.04670732408116
Q9BRJ2,11.879806058985185,21.568427701661783
Q9BRJ6,14.772643374009638,23.01994661596996
Q9BRJ7,12.220016348840096,21.58799827614
Q9BRK0,9.954190174920498,20.597844902388413
Q9BRK4,9.60320745004062,18.91845189089331
Q9BRK5,13.142705573555311,22.09740854585455
Q9BRL6,10.702451361357467,21.35253381011984
Q9BRP1,11.4572967935186,20.085012051563094
Q9BRP4,11.083473662360353,21.539382718841754
Q9BRP8,11.995922574880085,22.364988573150313
Q9BRQ6,11.249797148287966,22.286134320504804
Q9BRR6,11.939099441153648,20.47609615925452
Q9BRR8,10.497953716896077,18.05543993616453
Q9BRS2,11.610839981897318,20.880039789133974
Q9BRS8,11.993471296709464,19.842828200267057
Q9BRT2,13.02784816981952,23.19558090680588
Q9BRT3,14.46217688781035,23.703632467022093
Q9BRT6,14.952862672245258,24.684920827027014
Q9BRT9,12.806486257432873,21.019956669356016
Q9BRU9,13.068401034288206,20.99830906970239
Q9BRV8,12.316445217761972,19.95526705576507
Q9BRX2,10.03817513389494,20.95557612733614
Q9BRX5,12.91994012185005,21.052913012524957
Q9BRX8,11.839942264491356,23.233828886524666
Q9BRY0,13.002414553178715,19.618606755826804
Q9BS26,13.443705417201299,22.612402509593263
Q9BS40,12.537867212542304,21.395455360916547
Q9BSB4,11.725932473455508,20.971343988946753
Q9BSC4,10.748696572943501,20.329098844267673
Q9BSD7,14.031145066311936,22.92128495211245
Q9BSF4,11.125527756747186,21.366136428858002
Q9BSH4,10.754838709516406,22.48374534784898
Q9BSI4,11.638824668223362,18.527993418798694
Q9BSJ2,11.332617860276358,22.121366372315457
Q9BSJ5,10.713842923819255,20.296065659827228
Q9BSJ6,12.245320124693686,21.04323518526836
Q9BSJ8,11.37688013804392,20.940425449208785
Q9BSK2,11.441768625485192,18.41215839049476
Q9BSL1,8.930374134615633,20.22371283167125
Q9BSM1,11.876511496334683,20.743644874188846
Q9BSQ5,11.935859980487404,19.76264254072748
Q9BSR8,12.274664683515239,22.76918903514979
Q9BST9,10.542181134281144,17.679162665262275
Q9BSU1,10.778154561402477,19.47802475367182
Q9BSV6,10.06819221073519,20.03232297625615
Q9BSY9,14.845775168209437,22.274900275013632
Q9BT09,12.914694376239868,23.009122990393887
Q9BT17,11.139360771051528,20.60665868072311
Q9BT22,11.762983838362878,20.45194290437834
Q9BT23,14.510730604787435,23.25007446725292
Q9BT25,11.50983564445498,19.331249249412284
Q9BT40,10.963292764191035,20.578555432068477
Q9BT67,10.673041546140178,20.21948041353715
Q9BT73,12.142374213090477,22.608590231051302
Q9BT78,11.508419414869326,21.829803285033353
Q9BT88,9.356329756745769,21.21517719620633
Q9BTA9,11.76450243033841,21.367781993470327
Q9BTC0,10.172661925067123,18.449723480236216
Q9BTC8,10.311167376259998,20.083664798843166
Q9BTD8,12.311837416549814,21.868387644492405
Q9BTE3,12.04778993394838,19.81088417273778
Q9BTE6,11.563586259799907,20.681096503321008
Q9BTE7,13.776500519451027,21.61723665731491
Q9BTK6,12.333836448779582,19.402799166818774
Q9BTL3,12.671481082167846,23.14041185791046
Q9BTM9,13.033269988134666,23.750412715160433
Q9BTT0,12.013030588849828,25.3002674377249
Q9BTT4,12.360198102594648,21.69813553409304
Q9BTU6,10.885443914160708,19.98333402977521
Q9BTV4,12.141103539133239,21.79617975981512
Q9BTV5,12.086646840293934,21.011671467188933
Q9BTW9,11.079271662243258,19.992173609304505
Q9BTX1,11.784941356311371,21.21121521586063
Q9BTX7,11.21816222826742,19.822665493045363
Q9BTY2,12.720488384965668,20.37686689480495
Q9BTY7,11.542208717902161,20.46187455872989
Q9BTZ2,13.62766053776988,21.960985291573387
Q9BU02,10.511111429402007,20.277049350220622
Q9BU23,11.408988825797477,19.327791489616807
Q9BU61,12.714718662685113,22.11784387316419
Q9BU64,11.92046891896193,19.461003079976333
Q9BU76,12.175190157548252,21.503300006803105
Q9BU89,12.404414432296083,21.129939866389897
Q9BUA3,11.681559804682712,20.01052523039442
Q9BUB4,10.124462650723968,19.052973184854814
Q9BUB7,10.843923831234635,21.467863915927076
Q9BUE0,14.309277913308566,21.167015094870035
Q9BUE6,12.567607054954617,21.086191714075465
Q9BUF5,9.70718716707337,22.750127904117555
Q9BUH6,11.82037312870061,21.453767398483752
Q9BUI4,10.329545769472329,18.83832100708156
Q9BUJ2,12.049879452801946,21.858247337714264
Q9BUK6,11.359034720595623,21.20794517908171
Q9BUL5,12.461241329538316,20.936757881365345
Q9BUL8,12.954470713269734,23.13616903340313
Q9BUL9,10.399467338956738,21.65323126994328
Q9BUN8,12.262196160968825,23.27219585864608
Q9BUP0,8.962264373315392,20.01435111404147
Q9BUQ8,11.268582161539461,21.105845873991775
Q9BUR4,10.130154382000473,20.63850698977049
Q9BUR5,13.788297247324259,22.88002046768478
Q9BUT1,13.393255458065651,22.705597684640786
Q9BUV8,11.678472316876787,23.127093369904163
Q9BV19,12.259417363256825,22.091031239326934
Q9BV20,11.731547086112208,21.034116673627935
Q9BV23,10.791716115322293,19.151404951393616
Q9BV38,12.900148304254033,22.299271563858596
Q9BV44,11.586262910187875,20.777974105954502
Q9BV57,12.732895162732714,22.967570415648076
Q9BV73,7.947890739512901,15.858766250379132
Q9BV79,9.653011858971178,21.042606393863334
Q9BV81,12.744720176649485,23.13703474797042
Q9BVA0,11.356809691286838,19.318087242914455
Q9BVA1,11.180762587529522,26.468954887832798
Q9BVC3,11.626671298327093,20.012430173723185
Q9BVC5,12.417965528601524,20.304719325847824
Q9BVC6,12.810327561309077,24.177548049477803
Q9BVG4,13.488664104506912,23.048288031106082
Q9BVG9,10.302280830105419,19.475724290919924
Q9BVI0,9.819605833472002,17.077902844069317
Q9BVI4,11.459782007847249,20.313261750363154
Q9BVJ6,11.205853495750725,20.42072424310966
Q9BVJ7,13.172136684813339,21.7808708080526
Q9BVK2,12.194088199687304,20.48162351223081
Q9BVK6,13.56278587386985,23.304606564378354
Q9BVL2,14.178084650970277,22.014291933858356
Q9BVM2,13.959848069059067,22.095728304876683
Q9BVN2,7.751526177993883,20.034539967619136
Q9BVP2,12.059183676435202,21.962393853115824
Q9BVQ7,10.305934061259213,18.881397217859554
Q9BVS4,10.90469525322164,19.99375872931544
Q9BVS5,12.560341533291705,19.117034087153744
Q9BVT8,13.210259300147772,23.142044456288765
Q9BVV7,11.230420544902461,18.91983897274558
Q9BVW5,10.249347659530189,20.190132301422906
Q9BW19,10.310652162892012,19.81227540267538
Q9BW27,11.491811011892423,21.191384988675726
Q9BW30,13.931623408180677,22.59115692317877
Q9BW60,12.65195841769882,22.914626596896312
Q9BW61,11.486780683095864,25.691508971028394
Q9BW62,11.134398307133392,18.835558815743294
Q9BW66,14.719371301858809,19.61226248375601
Q9BW71,11.321305167544082,20.12989379247747
Q9BW83,12.218257992064133,22.532888557441343
Q9BW85,11.765388659556038,20.60490955285983
Q9BW91,12.088960037039486,21.136629914027385
Q9BW92,11.067425768258431,19.439090752241448
Q9BWC9,12.458510063268537,20.136776719216666
Q9BWD1,14.23296308931234,22.810632929911375
Q9BWE0,13.175129119149464,20.49270306697485
Q9BWF3,11.736451576622276,22.57733438852084
Q9BWH2,13.859534188746554,23.319084661017147
Q9BWH6,9.401498034738534,18.40675441384381
Q9BWJ5,15.128552759632225,24.9197590199977
Q9BWM7,11.454638266341629,21.839147683591715
Q9BWP8,12.249029186275429,22.84896662006184
Q9BWS9,13.21722838070671,21.468972455971706
Q9BWT3,9.853719116775293,18.43476175040752
Q9BWT6,12.204269239423073,20.74628386279826
Q9BWU0,10.404236053987017,20.214790404386157
Q9BWW4,12.205274189497876,21.336589616369906
Q9BX10,10.972533345320889,18.45526950191429
Q9BX40,11.146467411383972,21.454419171485554
Q9BX63,8.34914834304418,17.4644524097481
Q9BX66,9.149252767561908,16.294410284162545
Q9BX67,12.366247353670014,22.113397427756542
Q9BX68,15.689059362614287,22.998724675013946
Q9BX79,11.42209476465172,21.77686221972464
Q9BX95,9.184125330673504,20.543618577652378
Q9BXB4,10.894565586931849,19.634101191929823
Q9BXF6,10.319224588980198,18.52852872350779
Q9BXI3,8.875134160854389,18.08203336283536
Q9BXJ8,12.23691058010181,20.85756925340181
Q9BXJ9,11.553362039864862,20.64736980697531
Q9BXK1,11.07878284929156,19.18436725712455
Q9BXK5,11.523337917693198,20.525278191926475
Q9BXP2,10.657364448090014,19.033180698917665
Q9BXP5,11.900433171688713,21.847994374141525
Q9BXR0,13.06033610028525,20.7563589569776
Q9BXS5,11.500688586231613,21.53999948302811
Q9BXS6,11.464991308200323,21.145396135008365
Q9BXS9,11.767793747418537,19.092350633802337
Q9BXW6,9.947557729101064,17.860780208940458
Q9BXW7,12.295433160671523,21.327056918089912
Q9BXW9,10.39139563486874,18.324536106945583
Q9BXY0,12.368484915532768,22.62913146952846
Q9BY32,14.629666445947404,23.629019814416868
Q9BY41,11.753378339805318,19.89737025855425
Q9BY42,11.32354871928144,20.90174354654556
Q9BY43,11.634384761212676,22.496163633974724
Q9BY44,12.165283256113357,21.41246371892175
Q9BY67,12.565448936458184,21.855108013107326
Q9BY77,13.018407379616777,21.385544695967923
Q9BY89,7.558928754295539,16.815720611061103
Q9BYC5,10.614148050921353,19.796599625756954
Q9BYC8,12.959898355728672,21.39365744596868
Q9BYC9,12.812954347669427,22.737155441921814
Q9BYD1,12.431913179069669,21.646714290172874
Q9BYD2,12.992906673998009,21.56249754020075
Q9BYD3,12.957875807881504,21.73269742892852
Q9BYD6,13.059855194623164,22.50111185352614
Q9BYG3,12.23240408829277,21.569860139815244
Q9BYG5,12.879301224985406,19.079523933371163
Q9BYJ9,12.129289713111767,20.714515388346378
Q9BYK8,6.540155633627604,17.03018883096253
Q9BYM8,10.916327141589647,19.54211615089291
Q9BYN0,12.50017159694932,20.705559410496406
Q9BYN8,12.394509065780344,22.363301208911924
Q9BYP7,7.055192055905832,16.610820212057398
Q9BYT8,11.599936662261372,20.474420877938382
Q9BYV8,11.021043629753157,20.593862784737787
Q9BYV9,8.960078958186378,18.502885996892786
Q9BYW2,8.423692280768117,17.320463581029
Q9BYX2,10.422295130139746,17.684648380572057
Q9BZ23,10.602507240330405,18.323441981746992
Q9BZ29,9.092924078217123,16.232341691295957
Q9BZ67,10.12823883659818,20.482844794595643
Q9BZ95,9.701420484275431,20.26974685472775
Q9BZC7,8.911898753470739,19.307801795660016
Q9BZD4,11.017691972005974,20.557500612037195
Q9BZE1,11.900388477767958,20.781186417639116
Q9BZE2,9.173534345715575,19.417574774494287
Q9BZE4,12.400097650835798,21.105718863298446
Q9BZE9,12.17120151577957,21.923396664086376
Q9BZF1,9.971877497639705,19.709031269315755
Q9BZF3,9.130549975320475,18.865081134770143
Q9BZF9,10.1603194471336,18.324317653797756
Q9BZG1,11.523738325756328,20.410805644498815
Q9BZG8,9.526039427049586,19.687525193172462
Q9BZH6,9.721830223268006,18.76333366549201
Q9BZI7,12.002505540093559,19.235516195274734
Q9BZJ0,11.62486536088067,20.194237514829144
Q9BZK7,11.49446534333124,21.712642409949105
Q9BZL1,14.37251600618663,24.925403719669088
Q9BZL4,9.851079811673962,18.680232280672854
Q9BZL6,11.655723834341384,19.53690187161437
Q9BZQ6,9.905875190013031,19.077298982611165
Q9BZQ8,10.929646263118439,19.354274477985015
Q9BZV1,10.899914042550034,20.8577677533432
Q9BZX2,12.621247944228879,22.022973055216127
Q9BZZ5,12.117210136072725,22.61509671933823
Q9C004,11.393724895372744,22.031298282173157
Q9C005,14.334430469110865,24.65763411399505
Q9C037,13.060569195288776,19.17539869238855
Q9C040,10.833804448709243,19.89484637921512
Q9C0A1,6.519866378169388,18.68092848470129
Q9C0B0,11.655786042440418,19.221880140046718
Q9C0B1,12.12518129026724,20.566618265351906
Q9C0B5,10.93279554715255,19.21346953097533
Q9C0B7,10.26859770117159,17.806337736604767
Q9C0C2,8.813782826294077,18.470045771436958
Q9C0C4,7.9438526456144904,20.29857154545513
Q9C0C7,9.327038698742212,16.779489200035425
Q9C0C9,11.199617737190904,20.03814013597691
Q9C0D3,10.696749176492137,18.297273049620973
Q9C0D5,8.946237877173461,17.880587125117383
Q9C0E2,8.891209785349076,18.43689530885845
Q9C0E8,12.556245558434396,21.72681426707467
Q9C0F1,12.314535569033145,21.00516758383934
Q9C0H9,9.151152097992902,17.92869985882074
Q9C0I1,8.363982524363273,18.22252480032578
Q9C0J8,9.978452274956194,19.489366554469274
Q9GZL7,11.575553263314031,22.11531205203202
Q9GZM5,11.891889317258928,21.42275742420599
Q9GZN1,10.704619697804615,19.621763935428106
Q9GZN7,10.937871614907765,19.895652935197365
Q9GZN8,12.670589046352768,21.872853494562925
Q9GZP4,10.72233197878772,20.88105063368043
Q9GZP9,11.48265204160514,21.751564703396014
Q9GZQ3,12.00959824999609,20.879427063047753
Q9GZR1,9.040475247553072,18.32467531308183
Q9GZR2,12.008591430105591,20.686237258477696
Q9GZR7,10.679985683914374,19.844167931173107
Q9GZS1,11.900819892846599,21.066629234680367
Q9GZS3,12.715957767905369,22.330257500869656
Q9GZT3,14.468037370098083,24.742926636554394
Q9GZT4,12.401873578168779,20.91065530971725
Q9GZT8,12.696794268923572,21.754369608010446
Q9GZT9,10.575499444541567,21.637866179547142
Q9GZU1,9.379582399333325,18.705646135533332
Q9GZU8,12.320692055809758,22.285933086009813
Q9GZY4,13.002044462427557,19.302035433725152
Q9GZY8,10.904260090937612,21.136003813642535
Q9GZZ1,13.9153994642094,22.83485927144965
Q9GZZ9,12.14396594486343,22.071663050433045
Q9H000,11.941603702044716,20.099005139644813
Q9H008,12.29485410786025,21.558822160716133
Q9H019,13.642963538730243,21.6232948860896
Q9H061,14.111249123651012,21.203817716750404
Q9H074,12.298611319258,22.341926262393375
Q9H078,11.908169725681025,20.972806013838653
Q9H081,11.697631143666817,21.125946800384494
Q9H082,13.097343545243517,21.640028129263616
Q9H089,11.41347504492193,19.748080002007036
Q9H098,12.478470317040694,22.331893631038408
Q9H0A0,10.079991357096159,20.516627063321707
Q9H0A8,11.86957320057654,21.210122944752534
Q9H0B6,11.335349726401434,20.32174189747177
Q9H0C8,12.596752592337703,21.77077628860225
Q9H0D6,11.972753362221722,21.312515490336253
Q9H0E2,11.431352695075645,22.398402463632664
Q9H0E3,11.236546740698016,20.558630723894154
Q9H0E9,10.209163564097123,19.149106741332222
Q9H0F6,11.315562664203494,20.630945135146487
Q9H0F7,13.391769420206241,20.776057134384246
Q9H0G5,12.254396210589963,19.686735792462116
Q9H0H0,9.38377290280097,18.59942070468586
Q9H0H5,10.839444432823532,20.043154198659924
Q9H0K1,10.09106640062965,18.82525591616585
Q9H0K6,8.702177936410711,17.61851668988521
Q9H0L4,10.46690737942897,19.827936743818317
Q9H0P0,11.88706012421996,20.833418600074967
Q9H0Q0,9.074362134423776,19.883974040838215
Q9H0Q3,14.040637508355275,23.076152476611004
Q9H0R3,12.506382900313037,20.533717550489477
Q9H0R4,14.20486222257513,21.77747368616186
Q9H0R6,11.23109863320442,23.927327960841048
Q9H0S4,11.960278368675569,22.11514178075944
Q9H0U3,10.94828990273735,22.00585477611007
Q9H0U4,12.629604586374896,22.75205863881544
Q9H0U6,12.873849627250186,23.54836458715578
Q9H0U9,9.429543876767005,19.81837132838567
Q9H0V1,8.037890837588524,18.915438853690773
Q9H0V9,12.354076805817707,21.062977842697386
Q9H0W8,10.255946751327034,20.07141924759174
Q9H0W9,13.052177968626985,21.65506547131059
Q9H0X4,14.453040338346089,21.235704371657373
Q9H115,11.77708578477854,20.23653229980102
Q9H147,11.520142962076685,19.830307070478483
Q9H160,11.44989708145226,20.943163676266035
Q9H173,11.944237847782444,21.475038912532337
Q9H1A3,12.224301191957743,20.452112218775117
Q9H1A4,8.891238845599272,17.845022931613226
Q9H1B7,10.918883300042925,20.198688566075873
Q9H1D9,10.308023935572383,20.706136515878487
Q9H1E3,13.509104207278265,24.020185909473344
Q9H1E5,11.294774682897243,22.386987622305927
Q9H1I8,11.545712409291358,20.3282976358682
Q9H1K0,8.41550762183454,18.32530360563122
Q9H1K1,14.421960841988252,21.637616558856372
Q9H1P3,11.649870868127765,18.50030367325482
Q9H1Y0,10.604159530572208,20.46765452403761
Q9H1Z4,9.515283130934684,25.279879078127276
Q9H223,10.641767796164693,20.889906653766264
Q9H246,12.840325092903958,20.372539365512544
Q9H267,11.59271122522553,19.535012912960745
Q9H269,10.644353405023125,19.421735775835025
Q9H270,10.293230166223703,18.69365993785819
Q9H299,12.895339641880726,25.03463476275745
Q9H2B2,11.134677390203402,18.975348589570288
Q9H2D1,11.251045232718418,19.238188375760636
Q9H2D6,9.13834469376402,17.946853871834314
Q9H2G2,10.067657650252878,21.484891047065656
Q9H2H8,13.554310986329495,22.32782520815305
Q9H2J4,13.043947975610378,22.121337994178575
Q9H2K0,12.064711795377828,19.7394550811106
Q9H2K8,9.630302939429727,19.166248776523023
Q9H2M9,10.673165558343321,19.72436000565523
Q9H2P0,10.720905796156224,19.807325619972154
Q9H2P9,11.867414624973556,23.41008509419476
Q9H2U1,11.32702802470049,19.465895755843142
Q9H2U2,12.621174961721309,22.219373927096118
Q9H2V7,10.898766741839857,20.88441649338655
Q9H2W6,12.805141784041796,21.738759186540754
Q9H2Y7,7.984501998528135,17.02070916124325
Q9H307,12.087896065596121,22.94665065169822
Q9H330,10.98266470350061,19.851561384876142
Q9H334,12.243154587137578,19.59509634028614
Q9H336,8.725807641880312,19.534995059206373
Q9H3E2,9.463321914039621,21.067071262096132
Q9H3F6,11.249110775045622,19.86283948835842
Q9H3G5,13.094182287169806,20.76756939129683
Q9H3H3,12.569803945495913,20.393039010602063
Q9H3K2,12.10358957764419,21.86890661166503
Q9H3K6,16.39626142465965,25.699042975268586
Q9H3L0,10.826571591941132,19.637649059006517
Q9H3N1,13.877043887436034,24.009721170750712
Q9H3P2,11.692289795053105,21.111728606751896
Q9H3P7,11.504437317764484,21.817780109672203
Q9H3Q1,11.618454072821184,20.52221725040086
Q9H3R5,12.659822566908355,21.02153646870853
Q9H3S7,10.53177122483151,18.923690182808542
Q9H3U1,10.951340703640238,20.16752460713222
Q9H3Z4,14.382492524940165,22.904633002500375
Q9H410,12.326560620360958,19.74779083034875
Q9H425,10.273620155820092,20.51422090935813
Q9H444,13.665453460043844,23.48345332425937
Q9H446,13.127884818258394,22.87185893828116
Q9H467,12.070675946442334,21.22909231138896
Q9H479,12.203893985205648,20.48980988961409
Q9H488,12.723238743117456,22.1539278655442
Q9H490,12.833686939533939,20.8646282420905
Q9H492,15.41019810090474,23.630045460953912
Q9H497,10.397124863120641,23.682425301966525
Q9H4A3,10.417590678280742,20.440054015762584
Q9H4A4,11.881533567860384,20.9059849635706
Q9H4A5,12.22633894788842,20.506371630771017
Q9H4A6,11.781594834246668,21.985361666026037
Q9H4B0,12.658279627268355,20.037547165622517
Q9H4E7,8.573193010735688,19.33977634172913
Q9H4G0,10.769192019850296,18.585328586224424
Q9H4G4,13.579815764131427,23.350082092053825
Q9H4H8,11.124570433441901,20.121422939768603
Q9H4I2,9.245269422185693,24.00547664022199
Q9H4L4,11.739694911232554,21.307564988604486
Q9H4L5,10.435173346376528,19.157491214609966
Q9H4L7,9.542835801461207,19.159637583738927
Q9H4M9,11.12771901248301,21.707049848847046
Q9H4Z3,10.244355527059339,19.161334750605644
Q9H501,11.320057296193552,20.3988482361307
Q9H553,12.312341001833886,20.551238730013385
Q9H582,9.750295416736593,17.69478781210684
Q9H583,10.381521613462283,18.998508016374444
Q9H5H4,9.737418243858157,19.732123553572677
Q9H5I1,11.612736688104954,19.923513064419954
Q9H5J8,10.871121408391945,20.29531872206708
Q9H5K3,12.511759665236616,21.98925505615519
Q9H5N1,10.788128244554002,19.557980470619164
Q9H5Q4,12.425583350275131,22.6678143197506
Q9H5V9,12.429275416984694,22.02524513441678
Q9H5X1,11.545057676255116,22.39160297738765
Q9H5Z1,9.942893244093824,20.187510500647512
Q9H6D7,9.517306331582056,21.154735378124997
Q9H6E4,13.03603560790473,20.54511088025879
Q9H6E5,9.82422086732237,18.291542830015658
Q9H6F5,12.169718959497484,21.346005705278458
Q9H6H4,12.957813930480613,21.0260246868771
Q9H6K1,9.440455338136864,20.020793961483665
Q9H6K5,10.666820685398575,21.020728669974414
Q9H6Q4,4.094730823518994,16.676727419131648
Q9H6R0,9.988342524476803,18.94230412155827
Q9H6R4,11.0401622975906,20.017326882927875
Q9H6R7,10.330770537551103,18.873273040548547
Q9H6S0,9.356930841135425,18.248261543527473
Q9H6S3,10.674610346785242,18.534106889708227
Q9H6T3,11.230216997450746,20.058772834632965
Q9H6U6,9.883603688920768,18.415953068306894
Q9H6U8,11.121139492109975,20.598832722598853
Q9H6V9,12.674053007000904,22.220747668500923
Q9H6W3,11.072381608748202,20.20842871706113
Q9H6X2,10.263538500010027,21.443257221348365
Q9H6Y2,11.34603245445126,20.314088706176808
Q9H6Z4,10.911232671146063,21.90484435814523
Q9H706,10.286333824579343,19.020138599833544
Q9H773,11.79327843541443,22.938592667686144
Q9H777,11.518179687419162,19.729994073834014
Q9H788,11.616220752003535,21.518579488050342
Q9H792,7.898553289755533,17.416226419988387
Q9H7B2,13.635410934429025,21.357115881787646
Q9H7B4,11.888165238125824,20.257174075356186
Q9H7C4,9.103930805920912,18.791509501822578
Q9H7C9,13.9554837265123,22.11224397458118
Q9H7D0,8.388766899705429,17.27331660037472
Q9H7D7,11.984226729776818,20.881257702872908
Q9H7E2,10.007207878243573,18.781925535171563
Q9H7E9,12.349751008054813,21.441849292913698
Q9H7F0,11.642819912035524,15.768838988030359
Q9H7H0,12.044184360023042,18.782191354486663
Q9H7L9,11.807594170121464,20.979947861313722
Q9H7N4,11.213413136913626,19.52677730446967
Q9H7P6,12.799939003263853,20.84714534790846
Q9H7P9,8.55079316519096,16.943763289864023
Q9H7X7,10.286291099607842,21.999728460746145
Q9H7Z3,8.71565198552281,18.182067444594704
Q9H7Z6,12.348925885019609,21.69846169254558
Q9H7Z7,11.199414601857603,20.917659598386688
Q9H813,11.044007701919558,21.34382674622453
Q9H814,12.39449200240514,21.210370513170396
Q9H832,12.605684150925367,22.368950937841742
Q9H845,11.291548803643927,21.221147479303948
Q9H857,12.24284941849215,20.664127693811043
Q9H869,9.933294564240857,17.073769662879073
Q9H871,10.657756396114536,19.797429079474085
Q9H875,12.885015624154539,21.853259857133757
Q9H8G2,13.276619072228995,21.38485798447506
Q9H8H0,11.852742154395825,20.532849072044712
Q9H8H2,10.616574463274441,18.460962178053204
Q9H8H3,12.610140793005579,21.986531718736025
Q9H8J5,9.880218016485827,19.700478665071085
Q9H8K7,10.461616840271441,19.495329039511304
Q9H8M2,10.878515929054133,19.80635807568818
Q9H8V3,9.597910835960308,18.810653920163706
Q9H8W3,12.058520931330088,19.590166151304327
Q9H8Y5,10.130586057181615,18.945745431465358
Q9H8Y8,13.396899583952456,22.38646596035779
Q9H900,10.83059574057746,19.663190083425423
Q9H910,12.592330624226527,23.069056226984586
Q9H920,9.725031919528803,19.320653622228875
Q9H930,8.064556511978873,22.8275503966212
Q9H936,11.762703603334877,21.132403635257756
Q9H944,11.288590954093308,21.789196979164124
Q9H967,9.364366248231642,19.259341629362094
Q9H974,11.580325117458791,20.544119215870005
Q9H981,11.49058824843485,19.68278520467393
Q9H993,13.662776992864737,21.266846667781625
Q9H9A5,10.633088741027715,19.603288013704457
Q9H9A6,9.539891600915906,20.520152840848905
Q9H9A7,10.435950189696895,19.360528423186302
Q9H9B1,10.64446882843415,19.408701502764508
Q9H9B4,12.852305449901774,23.58855093290295
Q9H9C1,11.064965011572715,19.73314264639798
Q9H9E3,10.960138290516523,19.61046269894159
Q9H9F9,11.108210626760258,19.243730041072855
Q9H9G7,9.783303400616791,18.216819523340764
Q9H9H4,10.410984743971742,20.57753854699389
Q9H9J2,11.573652970231105,21.098768553135365
Q9H9J4,9.237676303278857,18.550311259669098
Q9H9L3,11.706795083878866,20.40207747083186
Q9H9P8,11.485125949200256,19.924645805276143
Q9H9Q2,12.254555040614836,22.62695786413293
Q9H9Q4,11.928987163197899,20.797657280493546
Q9H9S3,11.094642023550946,21.96351678061196
Q9H9T3,9.395720356638645,20.000220572385143
Q9H9Y2,11.462540096125398,19.81227028767705
Q9H9Y6,9.711759255545289,20.45896137619766
Q9HA47,10.637251689919683,20.186965457229938
Q9HA64,12.04070050327384,22.48424428541889
Q9HA65,11.485934949263083,19.98706334619435
Q9HA77,11.448224722914427,19.51750984698566
Q9HAB8,10.928219222100319,20.502931109613346
Q9HAD4,10.19527033727925,18.894473015081047
Q9HAF1,13.037744938358019,23.89842597816937
Q9HAH7,11.835288614260362,20.027879006243165
Q9HAN9,11.025988458945006,21.5273026352549
Q9HAP2,11.773765249009514,19.266871969791865
Q9HAS0,11.749729350575192,20.608884890503468
Q9HAT2,10.5881125645355,20.369239871050745
Q9HAU0,9.960171126517674,18.85242204310193
Q9HAU4,10.050543325053942,17.14460991529776
Q9HAU5,10.522832841788734,18.840510341571935
Q9HAV4,11.030826596927982,20.133747551896462
Q9HAV7,14.491659878723695,22.589080456304387
Q9HAW4,8.12733848517635,17.83250484728639
Q9HAZ1,11.490952731246665,18.100455097870547
Q9HB07,11.819591301597718,22.513405416888606
Q9HB09,11.440214405908383,20.869185842338414
Q9HB19,11.722661185289414,20.70298264255823
Q9HB21,10.377157402140789,19.397199452275196
Q9HB40,11.462689797131798,21.413487533242726
Q9HB58,10.418104228847712,19.996459499348127
Q9HB71,13.58579399799557,25.11198903710355
Q9HB90,10.834995122914933,20.28072212149641
Q9HBD1,7.925570593352273,15.961407111716413
Q9HBE1,9.49776619725558,18.74881048354772
Q9HBF4,10.342229817454696,18.985670176015518
Q9HBG6,9.658654604691517,17.842685021833233
Q9HBH5,11.829367962880381,20.71301762317217
Q9HBI1,11.393798001448316,19.998879958281073
Q9HBK9,12.42807110878077,20.377268791244614
Q9HBL0,9.278303375761213,17.247430318835146
Q9HBL7,12.759249594351143,23.720108808393228
Q9HBL8,11.856464129817887,19.26346496065932
Q9HBM0,9.316137524465933,18.618961692080877
Q9HBM1,12.741579493062439,21.327508255562364
Q9HBM6,9.743412445463765,20.047963936379357
Q9HBR0,9.503941942136288,18.6038305399345
Q9HC07,11.693918593084618,21.922571942172716
Q9HC21,10.543979892545336,19.08105640159369
Q9HC35,12.049150303220879,21.890147995760312
Q9HC36,11.142959268207136,20.70269143252794
Q9HC38,13.013796906769402,22.807901723251682
Q9HC44,9.553650306454049,17.8933160036504
Q9HC52,13.256328051096803,21.489654538511537
Q9HC62,10.28024952559026,19.070162882676588
Q9HC77,8.256577722012878,16.325657049808495
Q9HCC0,11.380124403868972,20.38558425654721
Q9HCD5,12.066959300175553,21.367139492402504
Q9HCD6,7.554088292472631,17.662147551097952
Q9HCE0,7.838030299879764,17.13959382814383
Q9HCE1,10.593397037868186,19.192866657883975
Q9HCE3,9.252758647439148,17.717885429304722
Q9HCE5,11.780554690097894,20.03254195733707
Q9HCG7,8.554794281149977,18.803936557550028
Q9HCG8,10.204397126328201,19.57261564616348
Q9HCH0,9.601251564459801,18.542804485795614
Q9HCJ0,9.717629222917784,17.64722981360029
Q9HCJ3,10.683444258855149,19.253300829113677
Q9HCJ6,11.707706577311148,19.941313251883738
Q9HCK1,8.33780825905591,17.334122434056177
Q9HCK8,9.238264571265372,17.560814727786276
Q9HCM2,8.342150872995123,19.05184296369997
Q9HCM3,9.076800274228013,18.11524012646987
Q9HCM4,10.604440700598504,19.8249739652992
Q9HCN4,11.24075779805485,21.143087837081115
Q9HCN8,12.92827704491664,24.956805582992025
Q9HCS7,10.598602120666314,19.833576810293906
Q9HCU5,12.95305073052457,20.94551342038747
Q9HCU9,11.55161698446552,20.913237860858143
Q9HD15,12.165393575326302,21.80821087709971
Q9HD20,10.874994228357284,20.733080275246344
Q9HD26,11.15425496356661,20.065139479994
Q9HD33,13.698366224160662,21.6621503181595
Q9HD34,13.70309599394833,23.82786364736939
Q9HD42,13.66311931205229,24.124827283716076
Q9HD45,12.717796250019225,21.599730668553217
Q9HD47,11.957872893676083,21.42238269776335
Q9HDC9,12.771667227563492,22.963744396586716
Q9NNW5,9.494920751062248,18.585338211998373
Q9NNW7,9.906205957427805,20.045998436898234
Q9NP50,12.698606872473214,21.678552430596103
Q9NP58,9.213968920584628,19.132935568885138
Q9NP61,10.981408697546522,19.467534770138553
Q9NP64,12.790199018268153,20.504206135345196
Q9NP66,12.604550001862075,22.26373033993707
Q9NP72,13.544481057895995,23.290179042519238
Q9NP77,13.035504194059715,21.985097779106944
Q9NP79,12.51272436488016,23.561440989389453
Q9NP80,9.983177305445942,19.133633019545947
Q9NP81,9.750540053620819,20.17099719078943
Q9NP90,13.178106185117985,22.440088289250262
Q9NP92,12.05326091631382,21.9393570568064
Q9NP97,15.349156181456753,24.32356903382721
Q9NPA0,13.340382322866121,22.573146735010607
Q9NPA8,16.045505462659104,25.296542274155904
Q9NPD3,12.83137403140204,22.817873767726613
Q9NPD8,12.993170098665471,23.439886170068306
Q9NPE2,10.810789148866304,18.973130970095077
Q9NPE3,12.482026489470625,24.80479189056396
Q9NPF4,11.256058604785563,20.76407276031089
Q9NPF5,10.113753378286573,20.121038616455632
Q9NPG3,10.677433975987931,16.83937399231515
Q9NPH2,12.270645357802545,22.14455678220055
Q9NPI1,10.98938725560034,20.398673800572592
Q9NPI6,12.338942743833162,20.245108999548822
Q9NPJ3,13.919675321576818,24.026108350253878
Q9NPJ6,11.059804683775985,20.430328482200636
Q9NPJ8,13.995815281122773,22.03683239393713
Q9NPL8,12.473212497205335,21.167750357721946
Q9NPQ8,11.342919984845123,20.905044633252132
Q9NQ29,12.295201155271513,22.113492937591783
Q9NQ48,12.954509860207544,20.914014950801082
Q9NQ50,13.186397504505297,22.582523618231296
Q9NQ55,11.939758746901159,20.159535033591148
Q9NQ66,9.36648623712583,18.807261940487603
Q9NQ86,9.691483308661018,21.478899982504934
Q9NQ88,13.273120036167617,22.083393545919137
Q9NQ89,9.187052742874322,21.2204077087954
Q9NQ92,12.850248381422157,21.13413188525737
Q9NQC1,9.41764659847239,17.955670816208432
Q9NQC3,10.05405477931425,22.431924851664498
Q9NQC7,10.238685856334612,19.01100225364106
Q9NQE9,11.5438622213815,21.08435836624507
Q9NQG5,12.170832792326355,22.485415792598317
Q9NQH7,10.483908125597237,20.400473491978182
Q9NQP4,15.56672358492926,25.374531776342906
Q9NQR4,12.236413663333122,21.763263784862495
Q9NQS1,10.564492133401085,19.854677080214607
Q9NQS3,10.964261351985586,20.943721672847204
Q9NQS7,10.257378357985138,19.99163228461602
Q9NQT4,13.75305064138626,22.62463578167633
Q9NQT5,12.9623102502761,21.898290259129695
Q9NQT8,9.039957951621425,18.036898430109982
Q9NQV6,10.279988619860863,18.815462259839773
Q9NQW6,10.274148212031264,18.86502235812157
Q9NQW7,12.298075822164172,21.308724192852424
Q9NQX3,9.89027084099933,19.724001570735783
Q9NQX7,12.062129921365358,21.038313971782124
Q9NQZ2,12.52749048646429,21.90792743883927
Q9NQZ5,12.87151216419049,21.556218132129445
Q9NR09,7.925375030911172,16.747339924008088
Q9NR12,11.888665823039034,22.10759343472547
Q9NR19,11.340551462298757,19.731633751765354
Q9NR28,13.00374121832324,23.278672639173383
Q9NR30,11.652922191009031,22.214353957834987
Q9NR31,12.67786090762179,25.330212498317007
Q9NR33,11.852162525243164,21.907336061260988
Q9NR45,12.582867079601742,22.01727203028337
Q9NR46,12.890347161994905,21.298877080206516
Q9NR50,11.493890257257085,21.02258280631655
Q9NR56,10.699758597808936,21.262233183747888
Q9NR77,13.589735012623986,20.83900100354687
Q9NRA8,9.90086130606056,18.685057764217625
Q9NRB3,11.694687696230949,19.23181180560824
Q9NRC1,9.532781652175766,19.634917376961084
Q9NRD5,10.460082933916576,19.75451314522902
Q9NRF2,7.938543531728285,18.755957898688667
Q9NRF8,10.753950682974471,20.45888321809513
Q9NRF9,12.566140963236954,24.177847982653883
Q9NRG0,13.020922298799679,23.011990055870385
Q9NRG4,11.66670121061218,19.16645178709568
Q9NRG7,11.399798147373756,21.246592841929186
Q9NRG9,11.9222182438088,20.980206329748963
Q9NRK6,8.759727635323706,18.19954600172114
Q9NRL2,10.59696437006008,18.847664885418535
Q9NRL3,11.486560832027855,20.50174984450559
Q9NRN7,13.444099953813545,21.878656231002314
Q9NRN9,13.390171170401134,21.98710156824817
Q9NRR3,14.044598274192113,22.74802512555881
Q9NRR4,10.691128658703866,17.609248647270167
Q9NRR5,11.32250061348462,21.720968189760328
Q9NRS6,11.382308028301008,19.621250853874912
Q9NRV9,11.461517641922478,22.404638090786207
Q9NRW1,12.217802240216239,22.35341171223417
Q9NRW7,11.310265641662069,20.836705301010408
Q9NRX1,13.330623487651042,21.997560772962828
Q9NRX2,12.626018787559573,22.265794358984373
Q9NRX4,12.261274316993541,23.688191600079918
Q9NRX5,11.15178196546543,20.02212886798058
Q9NRY2,13.575778494407258,23.030420123023394
Q9NRY4,10.817496938724785,18.385244383430788
Q9NRY5,10.576913030982247,20.0950984289349
Q9NRZ5,11.896893904383385,19.899149035521532
Q9NRZ7,12.073338087570175,21.76632427461799
Q9NRZ9,10.960385553839458,19.89946223058834
Q9NS00,11.288930716858006,19.853824086303742
Q9NS69,11.937994769876877,24.184673292626684
Q9NS73,10.74324403210842,19.55817194195443
Q9NS86,11.887587001755321,21.022266330554938
Q9NS87,10.177283581840166,18.006714148055867
Q9NS91,10.004387601882643,19.78981653782704
Q9NSA3,12.50629304515887,22.345867670653668
Q9NSC5,12.4755133671816,19.78351642942314
Q9NSD9,12.451610743242497,21.21919112721099
Q9NSE4,11.551924465341845,21.008216207758462
Q9NSI2,12.949639898750643,21.430228227640317
Q9NSK0,10.340246046641544,19.410808608296595
Q9NSK7,12.798861583920912,22.3263491105863
Q9NSV4,9.940557160210458,17.814781752392275
Q9NSY1,8.079716375611472,18.54782364265445
Q9NT62,13.496613323034593,22.028362153095628
Q9NT99,9.780768120773613,19.773909198619503
Q9NTG7,13.608016528875062,19.809146010965392
Q9NTI5,11.127062079805887,19.525118935597995
Q9NTJ3,11.010451673046141,20.22039007604315
Q9NTJ4,9.321913166657486,18.53084640748533
Q9NTJ5,12.025806772997777,20.368067948695806
Q9NTK5,13.10982763039801,22.68756040234553
Q9NTX5,12.028471693568296,22.966243800482236
Q9NTZ6,12.460886428643562,21.573831916460556
Q9NU22,8.105319648468782,16.28154499779435
Q9NUA8,9.286447941117547,16.148401166393413
Q9NUD5,11.192310777184877,20.13773356781629
Q9NUE0,9.77237600727617,20.869635971558534
Q9NUG6,14.618800578728568,22.557017280152944
Q9NUI1,10.631510114447043,20.09138631352634
Q9NUJ1,11.897961734025378,21.613481293191334
Q9NUJ3,9.42176558198098,19.805472077397457
Q9NUL3,11.172916980423361,20.632872222326718
Q9NUL7,10.93932571145855,18.97855825273823
Q9NUM4,9.461517298203498,20.442936682043804
Q9NUN5,10.750546212642591,20.49438807826084
Q9NUP1,11.81156472716322,24.553156806415874
Q9NUP9,13.265039140261404,23.107966579508812
Q9NUQ2,10.572586300084035,21.35899178966174
Q9NUQ3,12.1979734359239,20.781594481384502
Q9NUQ6,11.424482196501698,20.189089875564893
Q9NUQ7,10.983586160980007,20.45500202919631
Q9NUQ8,11.277545607087033,19.533186817524296
Q9NUQ9,11.417006920388024,21.534622795887564
Q9NUT2,10.042992946870315,18.502107091241335
Q9NUU6,12.249523953093174,20.222179605774073
Q9NUU7,11.61888652856711,21.99037026920929
Q9NUX5,9.67415068475413,19.887278827793804
Q9NUY8,11.902527078891081,19.907494358364215
Q9NV06,12.131969532826744,22.93324660643354
Q9NV31,14.007231642977235,22.814518448106057
Q9NV35,14.244629425364352,21.22084768180488
Q9NV56,10.975012454864222,21.692994062424773
Q9NV66,9.643275259894349,18.892050101237224
Q9NV70,11.360571867051146,19.859594807108056
Q9NV88,11.775153805872796,20.39332157391934
Q9NV96,12.56026946942119,20.932423333283538
Q9NVA1,12.44954658002391,20.034205493978636
Q9NVA2,11.722464570226755,22.273279153857196
Q9NVA4,13.16161908341088,21.591777594967315
Q9NVC6,11.13842830248066,19.77749411511138
Q9NVD7,12.38655741312658,19.994358210668118
Q9NVE7,10.351748387520836,18.68334382624911
Q9NVF7,11.666611022678502,20.119111682622503
Q9NVG8,12.237852277221249,20.081408851929975
Q9NVH0,10.76536568183159,19.24877647984707
Q9NVH1,11.39938714150099,20.561740295178282
Q9NVH2,10.006534046722921,18.930459313537344
Q9NVH6,10.02271791181016,18.323423115535572
Q9NVI1,9.951655550715351,19.18295729994436
Q9NVI7,10.150663117797452,20.897242623634366
Q9NVJ2,11.418767926217447,22.408365830603184
Q9NVK5,11.371018985158832,21.3400302690739
Q9NVM4,9.007768447941839,19.253690283088307
Q9NVM6,12.60210090406245,20.570111177256987
Q9NVM9,11.436385234368744,20.05023468499439
Q9NVN8,10.336905229637358,20.33742281222657
Q9NVP1,11.445819163236749,21.812579630702402
Q9NVP2,12.706814667037039,21.92984324699765
Q9NVR2,11.190297531123344,19.619525383199925
Q9NVR5,10.173229109994779,17.291567670581813
Q9NVS2,12.830309481285399,24.855708345289536
Q9NVS9,13.26286024186747,22.168033417463878
Q9NVT9,12.471039727237548,22.59588854738135
Q9NVU0,10.785789466334242,21.696908361884145
Q9NVU7,11.583555224197452,19.743112684600423
Q9NVV4,10.310461276251345,19.391140127115833
Q9NVW2,8.221673285405036,19.280332032272966
Q9NVX0,11.814372737695814,20.44232077637054
Q9NVX2,11.076914645351858,20.083319601927425
Q9NVZ3,12.602854334520565,21.78729469735902
Q9NW08,10.307233102210631,17.87617498067892
Q9NW13,10.839293982798914,20.032446441340767
Q9NW15,10.672571119110808,20.042391039715092
Q9NW64,12.502870731910221,22.776761811972925
Q9NW68,10.611120895558923,20.153326108557195
Q9NW75,11.111812927896397,20.346480502131666
Q9NW81,11.213429373455252,19.377948327445463
Q9NW82,10.155766938445653,19.763525158812374
Q9NW97,14.039613754899127,19.97051459106725
Q9NWB6,15.408266657469547,23.078061335451707
Q9NWH9,11.344605127791393,20.523151491849635
Q9NWK9,11.688011889542915,19.325824678651998
Q9NWM8,13.293565646075317,21.703332052229033
Q9NWQ8,10.745020829727691,19.303538483379505
Q9NWQ9,12.605705927308703,20.73327439362124
Q9NWR8,12.671752703464813,18.769104759100227
Q9NWS0,11.717596037590221,21.17356344161266
Q9NWS8,11.020168715615403,19.336310414429445
Q9NWT1,12.039181713803298,21.57667103891532
Q9NWT6,12.671971893505406,21.31520560289544
Q9NWU1,12.768838442878314,19.946677931097955
Q9NWU2,11.793223925055102,21.593382535729937
Q9NWU5,12.136342930879188,22.62260801644826
Q9NWV4,13.78372845749201,23.63483232846312
Q9NWV8,10.044181775271728,20.899395361363908
Q9NWY4,14.668103088635915,20.977410326719948
Q9NWZ3,9.887553030483577,19.33301519516329
Q9NWZ5,12.217697987297903,18.657629205912446
Q9NX00,9.948566990542247,22.0610544355404
Q9NX05,10.665924449331873,18.78970056336822
Q9NX07,12.682322842632896,20.261677481453066
Q9NX14,14.230328888032481,23.144882926644154
Q9NX20,11.568135945686144,22.13475829055334
Q9NX24,13.89336240170138,24.51499591399185
Q9NX40,11.428513082533884,22.860692228352256
Q9NX46,11.858102141736733,21.888768410232505
Q9NX47,9.164371391693264,22.332368999527684
Q9NX55,13.727083987561791,22.65678524047966
Q9NX57,10.256784699404383,21.575226692328073
Q9NX58,12.417668973231667,21.156097662031918
Q9NX62,12.553359373857482,21.651437300610247
Q9NX63,13.96081611152413,24.6816784923568
Q9NX70,13.31379947109054,21.716182268285117
Q9NX74,11.039285969410164,19.21151689344478
Q9NXA8,12.534322355652678,20.175079102174998
Q9NXC5,8.825770756991203,18.705530701059295
Q9NXE4,11.011684772170645,19.269837210954467
Q9NXE8,10.687231537966172,21.177500671122434
Q9NXF1,11.019508900595804,19.559276494182715
Q9NXG2,11.005912137757491,21.453547033529958
Q9NXH8,9.96642426648226,21.22307582660411
Q9NXH9,9.610979699570812,19.32689379722599
Q9NXK8,10.425297391408778,19.341495006882333
Q9NXN4,9.875709997816095,19.16393882842109
Q9NXR1,10.735892331501105,20.14464480114006
Q9NXR7,11.996358900333844,20.923902917996163
Q9NXR8,9.612106450404262,20.120631947071512
Q9NXV2,12.452486905092766,21.32950883618727
Q9NXV6,11.226359827732908,20.184064614702983
Q9NXW2,10.984856105514034,20.54679954768504
Q9NXX6,11.800375980332607,20.318082845932754
Q9NY12,12.586563269667833,23.85061947987526
Q9NY27,9.216631094312325,20.89452075079185
Q9NY33,11.474679646098439,20.873569969393632
Q9NY35,12.73980381082274,21.67945905203121
Q9NY47,10.344648112684034,19.99896002197607
Q9NY61,11.8989668913446,21.056686138226056
Q9NY93,12.448994128154371,20.681872794667964
Q9NY97,12.35978178215668,18.947051710704056
Q9NYB0,10.010098093499439,21.722846219956732
Q9NYB9,11.618366580726565,21.640370282422534
Q9NYF8,12.471040948357459,21.92420826486644
Q9NYG2,11.991808607876507,20.414599270071417
Q9NYH9,11.756851702743964,20.386299298173135
Q9NYI0,10.112206814082802,18.21872713403832
Q9NYJ8,9.735049529371423,19.402242457201424
Q9NYK5,12.671653105301697,21.213288869521385
Q9NYL2,9.24737927588051,19.318719275924526
Q9NYL4,15.197242189477578,21.3952328150211
Q9NYL9,12.0711189944688,22.161005601036205
Q9NYP9,12.227445553712624,22.05851910742284
Q9NYR9,13.513078580544457,20.443273749079673
Q9NYS0,12.752221963486774,20.425242149643278
Q9NYU1,8.139426801670163,17.306335385561663
Q9NYU2,11.268438796996257,20.60261820502938
Q9NYV4,9.35506099118556,18.11857193836175
Q9NYV6,8.078741086489604,18.140313107524765
Q9NYY8,12.09245621202195,19.271102703811874
Q9NYZ3,10.58512213255559,18.988351122444328
Q9NZ01,12.860987826383903,24.04662356846878
Q9NZ08,11.382836182605045,19.564131343770832
Q9NZ09,10.612911419049418,20.25633163187437
Q9NZ32,10.556188128327015,21.048788771398513
Q9NZ43,11.184106118253101,20.83090411793387
Q9NZ45,16.01706855377543,24.234225690220875
Q9NZ52,9.550763883889811,19.974830212847372
Q9NZ53,11.760750488587533,20.109479414416963
Q9NZ63,12.591049860067638,21.284068852001127
Q9NZ72,11.714792739880043,20.077892728582775
Q9NZB2,10.648559229254165,19.683467444547187
Q9NZC7,10.799294903848834,18.992322020350507
Q9NZC9,10.032242413348108,18.30680177462679
Q9NZD2,10.383841004182838,21.531974061923986
Q9NZD8,10.531978939623398,20.73576594076081
Q9NZE8,12.480858078702976,21.55232327371822
Q9NZI7,10.51608286057187,20.37790451394841
Q9NZI8,11.580786893031442,19.92525779528826
Q9NZJ0,9.646956331619858,22.17994539032028
Q9NZJ4,8.106830158150713,15.668001782713612
Q9NZJ5,10.074423288272907,18.40932808758706
Q9NZJ6,13.81192715190671,19.918761180480903
Q9NZJ7,9.397442046689312,19.724672884802573
Q9NZL4,11.06905586484953,21.93878107253804
Q9NZL9,12.315239935226575,22.744201702899364
Q9NZM1,8.994431648072922,17.535428716158695
Q9NZM3,10.227932515293096,17.73455109005764
Q9NZM4,9.732845190891389,18.258521954672055
Q9NZM5,12.790463975667004,21.558260476756594
Q9NZN3,11.569408335180306,20.106606629675337
Q9NZN4,10.927896229774454,20.02444877600701
Q9NZN5,9.879873459851808,17.9696443073732
Q9NZN8,10.712847570043794,20.94551831515295
Q9NZQ3,9.658718537113778,19.071129406314235
Q9NZQ7,11.290920329645855,24.047769810202773
Q9NZR1,12.229945552592723,24.033435598122807
Q9NZT2,10.432980186270536,20.306038329096964
Q9NZU5,11.930664886880303,21.18920250752598
Q9NZV5,9.75825375644626,19.349743506925396
Q9NZW5,12.47048803431714,21.292841641717025
Q9NZZ3,12.227048854800096,22.434185787664177
Q9P000,11.508462491711393,21.4936685795392
Q9P003,13.68733307744578,23.894492422165484
Q9P013,14.97896032683359,22.818122524523123
Q9P015,11.652267167417216,20.95874893771729
Q9P016,13.265178692551116,22.592680394252113
Q9P031,10.893521288952591,20.654269777634436
Q9P032,12.204837876988964,22.96759245102035
Q9P035,13.079434618569353,23.682007045985408
Q9P0B6,15.638570729588022,22.316609128648196
Q9P0I2,12.464634038133086,21.72718716785242
Q9P0J0,13.893536046433852,23.04479089651792
Q9P0J1,11.203441112846825,19.313972571910735
Q9P0K1,10.215773125592346,19.70305814446834
Q9P0K7,9.639243457666696,18.916054357984798
Q9P0L0,14.158840738096908,23.261782795438766
Q9P0L2,10.031701008969508,18.166177796742105
Q9P0M6,13.437606218421616,23.277818109163654
Q9P0M9,14.353217914116495,23.207097307131306
Q9P0N9,9.051560578924068,18.52753679292285
Q9P0P0,12.921934097792692,22.916584558945516
Q9P0P8,12.908290934404691,20.788206383447545
Q9P0R6,12.507125240229628,23.18957826498426
Q9P0S2,15.04303358682481,22.647344894567397
Q9P0T7,10.942797689528351,22.51565220112267
Q9P0U3,9.250333951829337,19.35656845045101
Q9P0U4,10.682993571121642,20.44351369769487
Q9P0V3,10.92377854282821,18.114891608580397
Q9P0V9,12.066805849924126,20.706504088063895
Q9P0W2,11.452962637900598,21.46650796538987
Q9P107,9.170923948201679,19.031161222860646
Q9P1Y5,9.740017090168168,18.06983075531746
Q9P1Y6,9.580219245377615,18.841993834031836
Q9P1Z0,4.641674391554724,18.733293451389443
Q9P1Z2,10.406832127811207,18.196432034179633
Q9P215,11.493229688164757,20.16068978552279
Q9P219,6.4747945824055035,17.358233052423287
Q9P246,9.699301128866272,21.16974101653023
Q9P253,11.362874620106098,19.23731248916142
Q9P258,13.277157834648579,22.784008430680675
Q9P260,9.666336703495398,18.06511199562658
Q9P265,9.3688030575184,18.35230977486135
Q9P270,10.79129287273854,20.21201382149279
Q9P273,8.72803838213219,17.69965055244705
Q9P275,9.878356310397548,18.113888554308325
Q9P287,11.935731482457205,22.313154527730493
Q9P289,11.957641372978028,20.96215721199841
Q9P291,12.20329783205085,18.79693252235617
Q9P299,13.357908648187552,21.22493375598539
Q9P2B2,10.82032412231089,19.798985868326586
Q9P2B4,11.657642706761306,19.995376393508455
Q9P2C4,11.861515061750326,21.18171738049237
Q9P2D0,10.086275315529576,17.54797398147293
Q9P2D1,8.483328886172622,17.625921439072876
Q9P2D3,8.72530992870043,17.372882130278395
Q9P2E5,10.599968345971226,19.234942783878306
Q9P2E9,11.141847734971499,20.02464674347987
Q9P2F8,8.61805053921795,17.110023826771187
Q9P2G1,10.858603489436145,18.129617816254434
Q9P2I0,12.187637659653609,20.202633300271405
Q9P2J5,11.44332018202737,21.347119291157505
Q9P2K3,9.972544234021521,20.847199172602508
Q9P2K5,12.390992515227463,23.050536359276503
Q9P2K8,8.783842738813988,17.022230793389618
Q9P2L0,10.056616548657447,17.02450033095239
Q9P2M7,9.016537516316715,17.998703749685237
Q9P2N4,8.452540439929152,18.001934045527577
Q9P2N5,10.386152807871385,20.005865459868268
Q9P2N6,8.341695785008929,19.322331777942992
Q9P2N7,10.826458997481549,19.82701159403494
Q9P2P5,7.1520086966071155,15.910892067022427
Q9P2Q2,11.01976751964977,17.685814921230055
Q9P2R3,9.838625813206132,18.923458411535027
Q9P2R6,11.166163859795374,19.21261872894352
Q9P2R7,12.50209848186511,21.37799105006586
Q9P2T1,13.52828139423549,21.356903926766673
Q9P2W1,13.072872694291453,20.612561513879154
Q9P2W9,11.111856742411504,20.37830682368397
Q9P2X0,15.8373532135451,26.51353513570563
Q9P2X3,12.17248773305499,19.910318963439433
Q9P2Y4,8.841792507047382,19.090016532607063
Q9UBB4,12.803588034727428,22.28425152836161
Q9UBB5,12.441946375517515,20.42900465864421
Q9UBB6,10.635402870858465,19.72318812466106
Q9UBB9,10.865858283542531,19.469378996946993
Q9UBC2,10.579787871325882,19.71848065870101
Q9UBC3,9.945296660229847,19.96256605536731
Q9UBD5,9.93590949574439,19.718539559280455
Q9UBE0,12.686410213817455,22.67397581008119
Q9UBF2,10.953133701307745,20.492487307060998
Q9UBF8,9.649763887244166,18.698572172725473
Q9UBG0,9.56679568515319,19.770394590064914
Q9UBH6,11.768853497034343,20.758373102151378
Q9UBI1,12.189955089477406,21.426829090645594
Q9UBJ2,10.986684062595632,19.902456304720044
Q9UBK7,12.630999928252297,20.19708125031025
Q9UBK8,9.461971516774584,19.822874721187365
Q9UBK9,12.909884823773652,22.25552803881257
Q9UBL3,11.516593608558065,20.77346223119335
Q9UBM7,11.672711780043544,21.232876819125046
Q9UBN7,11.033950608389096,19.153055391572874
Q9UBP0,10.892666892900431,19.380033266572507
Q9UBP6,12.524460038924085,21.11024286374274
Q9UBP9,11.915618816300155,21.725043050900606
Q9UBQ0,14.681447817798665,22.609528034694627
Q9UBQ5,13.06225494347554,25.05430516726077
Q9UBQ6,12.154824323655514,21.789760537844657
Q9UBQ7,14.001257628608167,22.582970157747795
Q9UBR2,13.029445768025703,25.757288997156532
Q9UBS4,13.585311743744318,23.320936955648975
Q9UBS9,9.005675161661607,18.58938225991908
Q9UBT2,13.056779808036277,22.028672936566867
Q9UBU6,11.822368777023483,20.117463918184185
Q9UBU8,10.83991188836965,21.147728625821113
Q9UBU9,10.171645941347052,21.089320597588966
Q9UBV2,9.239543783131902,19.426865998069477
Q9UBV7,11.551575608495824,19.623201664892015
Q9UBV8,11.917533972283968,23.681132977742262
Q9UBW7,9.419174839616009,19.431897471009723
Q9UBW8,10.962285231343014,21.85640647635231
Q9UBX1,9.695890816754023,19.03310530093962
Q9UBX3,12.709285452041241,21.95678570196769
Q9UDT6,9.761961696313524,19.12591090898658
Q9UDW1,14.442437883168846,23.09870985172196
Q9UDX5,13.479945058278238,22.145283378221578
Q9UDY2,11.231402790290584,19.397700656918712
Q9UDY4,10.585149350276383,21.07627187202398
Q9UDY8,9.25459040440383,27.118542596864312
Q9UEE9,12.817036770340692,22.160884764037597
Q9UEG4,9.972025702228564,19.03162672445728
Q9UER7,11.062913774319902,20.35117035403665
Q9UET6,11.007984569009212,21.19237118390519
Q9UEU0,11.898599340624555,21.741981578147783
Q9UEW8,10.751647264439518,21.372322422138897
Q9UEY8,11.458246093995614,21.536131209461605
Q9UFC0,11.821660481011516,20.703514647718
Q9UFF9,10.334425275029394,19.889309179956086
Q9UFG5,13.607750804565175,21.747410204726883
Q9UFN0,13.04907594115934,21.839087014799357
Q9UFW8,14.451617885895152,22.675138774640416
Q9UG01,8.699052969750563,18.309500736799688
Q9UG56,10.902789912297676,18.53517115999974
Q9UG63,11.387101708311137,21.204617645343234
Q9UGI8,11.414991761417442,22.26388422274064
Q9UGJ1,10.596441472945816,19.165440247535347
Q9UGL1,9.021501619193469,16.724847541442198
Q9UGM6,11.27316746239913,19.059526355821436
Q9UGN5,10.839518049661377,19.223940143689163
Q9UGP4,9.7041417398233,19.67422850666025
Q9UGP8,12.037099975806244,20.848482256308685
Q9UGR2,8.450560978042143,18.036083209756118
Q9UGU0,8.992583023167684,17.74992960093263
Q9UGU5,12.015874684799718,19.741031189088275
Q9UGV2,12.135070184284116,21.642408589766752
Q9UGY1,13.113399909761583,21.63849341321674
Q9UH03,12.077274633416666,19.91828352570362
Q9UH62,11.634715547857933,20.951851785193682
Q9UH65,11.114562820044597,20.26135844350486
Q9UH99,10.398954118898555,18.534427659473597
Q9UHA3,13.059289213639442,24.188932536630748
Q9UHA4,12.132274421097334,23.492615020291513
Q9UHB6,12.006593620635135,21.52300245830573
Q9UHB7,8.23248193316394,18.189723313409555
Q9UHB9,12.191809863953525,21.298503473440135
Q9UHD1,12.568881970434742,22.727045438365522
Q9UHD2,10.448417625161223,19.670660206525977
Q9UHD8,12.34541202300875,23.096257100321505
Q9UHD9,11.935256750172595,22.35492290128843
Q9UHF1,12.812051060721055,21.68141198698797
Q9UHF7,9.341417962192804,17.96043694470049
Q9UHG2,11.830418948459993,22.221423176840634
Q9UHG3,10.628589903192239,21.582256420641503
Q9UHI6,10.589249501337632,19.943367333993624
Q9UHJ6,12.325062264429569,20.05677664102945
Q9UHL4,11.491651806292335,20.86515223547373
Q9UHL9,8.983718741683806,23.287409435379
Q9UHN1,10.85940124226292,20.33953144735538
Q9UHP3,8.898440577139892,18.09872109949253
Q9UHQ1,10.534070602501714,26.088438266280786
Q9UHQ4,12.765488151084456,21.231120082275638
Q9UHQ9,12.54957197595892,21.431126111765423
Q9UHR4,9.598622359730768,18.701437585875286
Q9UHR5,12.0492702267756,22.42330338369961
Q9UHR6,10.948411037449194,20.316553889865475
Q9UHV7,8.921020675725744,17.819202666289748
Q9UHV9,14.120055987992357,25.246506043595605
Q9UHX1,12.573823701116664,22.41873767650674
Q9UHY1,12.573327844518612,21.29695529611198
Q9UHY7,13.3645177875477,22.60485827707274
Q9UI08,10.56455895325328,21.912371839144477
Q9UI09,13.625647651510334,21.884412052556055
Q9UI10,11.527542981459181,20.714647198072935
Q9UI12,12.631581965292535,21.31649133529194
Q9UI14,13.961293345729242,23.107205526460575
Q9UI15,13.400191861964943,23.048065948127803
Q9UI26,10.743039927331235,19.025774658272283
Q9UI30,15.389368103915485,24.629108917327393
Q9UI36,9.883587719758578,20.30195059489151
Q9UI42,9.909582681203865,19.49842420609738
Q9UI43,11.711709359417092,19.682407062673477
Q9UI95,13.15298419129146,22.104592515313694
Q9UIA9,10.022715407519183,19.948414961615022
Q9UIC8,11.734058999706539,20.94810613851619
Q9UID3,10.513131695110518,19.409616975893808
Q9UIF8,8.166694047925532,17.221198548927866
Q9UIF9,9.404400435753134,18.1946950606637
Q9UIG0,10.764210283346852,19.881826867545605
Q9UII4,9.914803285153262,18.400493586331645
Q9UIJ7,12.893040513729446,22.567196088527563
Q9UIM3,10.204578705186897,20.422741646766173
Q9UIQ6,9.770921332833963,19.162700591779608
Q9UIS9,10.669565374390068,22.356949065003914
Q9UIV1,11.941899811731526,21.424762940715546
Q9UIW2,8.620297685358658,17.50927174398721
Q9UJ14,11.200294830531416,19.782544383647174
Q9UJ41,11.807466002857561,19.854951535812326
Q9UJ68,12.748617766942331,20.599789529493645
Q9UJ70,11.562016985508075,21.60879636647435
Q9UJ83,10.688188556092006,19.367661326401738
Q9UJA5,11.6612353984542,20.33694245566726
Q9UJC3,10.234289068350686,18.836149885011427
Q9UJC5,15.302745521898046,23.074294203339534
Q9UJD0,11.105104500129816,20.415083286403895
Q9UJF2,9.285803247450936,20.058434648745923
Q9UJQ1,12.880211857697118,21.123568528199833
Q9UJS0,11.785793428244817,22.091178360857725
Q9UJU6,11.929411125413395,22.745925910906426
Q9UJV9,11.562503792089382,20.168616315903638
Q9UJW0,12.397848410142814,21.75149302458519
Q9UJX2,11.04744741612796,19.76392523068154
Q9UJX3,10.833788650303447,20.379187065031513
Q9UJX4,10.32503080391788,19.39028968245708
Q9UJX5,8.697592215637753,18.68195044560807
Q9UJX6,10.449090890069602,19.46363942982036
Q9UJY4,9.815980911432767,20.101054802626432
Q9UJY5,12.24322832563999,21.100464606066435
Q9UJZ1,13.08845466463378,23.31135385839018
Q9UK08,12.693866012628186,26.196562622488276
Q9UK33,9.270070914627361,19.499369727089856
Q9UK39,11.174799586774906,19.223882927427425
Q9UK41,12.210177015479124,22.181775211631695
Q9UK45,14.271675727550376,25.047553179361927
Q9UK58,12.226031297514664,20.168249230244243
Q9UK59,10.849419380747124,20.22672708453885
Q9UK61,9.684395421359751,18.09689321200643
Q9UK73,10.276531963991914,18.568607981985135
Q9UK76,14.023393885113075,24.46825018117004
Q9UK97,10.418161358421,19.739022796114934
Q9UK99,9.818377699407964,20.55511944899219
Q9UKA4,8.87719455470185,17.706383234541512
Q9UKA9,12.23619820335984,20.572387518880674
Q9UKD1,14.205230986831422,20.77603017527785
Q9UKD2,11.994933776996355,23.290074986057085
Q9UKE5,9.16741637314298,21.002665818936272
Q9UKF6,11.472687337251832,21.251656166315207
Q9UKF7,10.24862704945798,20.099708350694588
Q9UKG1,10.329992344076556,20.095143015248034
Q9UKG9,10.361143977664973,19.102386025203717
Q9UKI2,11.867267856968045,20.711426812803136
Q9UKI8,10.540335933817806,20.1253294108155
Q9UKJ3,10.307000954739065,19.29802041628197
Q9UKK3,8.957369127535273,16.220553610926668
Q9UKK9,13.775789542406526,24.34339489803082
Q9UKL0,11.90802383486858,21.061496466948523
Q9UKM7,10.52813034366171,19.61361181805083
Q9UKM9,13.910791879150512,24.29625366502973
Q9UKN8,11.211641185798086,19.775789266008562
Q9UKP4,8.81234199477109,17.217158548276238
Q9UKR5,12.453953488667455,22.83860650466218
Q9UKS6,11.703652723363025,20.16804863582134
Q9UKT5,11.559140446187282,22.68078658932454
Q9UKU7,10.492962916430361,19.593956809294763
Q9UKV0,9.389677367388643,17.929114026360025
Q9UKV3,11.65540743391315,21.137924539777345
Q9UKV5,9.53194857827196,19.623142716995897
Q9UKV8,10.457002508936583,19.455030846346453
Q9UKX7,12.053003068399267,22.23768429507633
Q9UKY1,9.698529186485175,19.185370130404856
Q9UKY4,9.458195587531405,18.808761669587682
Q9UKY7,11.886870182352393,22.755456673680815
Q9UKZ1,11.930194074338852,20.223891092093005
Q9UL03,10.495438222873045,18.88437968516866
Q9UL12,8.025868707001363,18.119343866476843
Q9UL15,11.347034735406286,20.049472133948807
Q9UL18,9.718818231948166,18.873035247661623
Q9UL25,12.27260993555944,22.733886329186607
Q9UL26,12.156963747565314,20.166322528445196
Q9UL33,12.984199804122415,21.752083820646316
Q9UL40,13.000054886645666,21.80821837686858
Q9UL42,11.771628938048883,21.25212879664501
Q9UL46,13.261505230980234,23.436949523334068
Q9UL54,10.047280584598134,19.527001123939417
Q9UL63,10.412933139038275,18.88137245210594
Q9ULA0,12.215778439666463,21.47755863407163
Q9ULC3,13.680700679441504,21.471158130123698
Q9ULC4,13.908299880819117,23.27247088906035
Q9ULD0,8.81845139873851,17.914268328929786
Q9ULD4,8.312152609684274,17.705768580684527
Q9ULD9,9.34353921941832,17.721130070266124
Q9ULF5,10.66162720195263,20.090497793540113
Q9ULG1,8.352789925987606,17.988031868094165
Q9ULG6,9.750990095216007,19.944277314306568
Q9ULH0,9.483822705901625,19.044625025565868
Q9ULH1,10.312316517124618,18.671945586093532
Q9ULH7,10.006133743103792,19.36094763856694
Q9ULI0,9.853394597082566,17.96829826465446
Q9ULI3,9.980656618156198,16.033493726439623
Q9ULI4,7.730674879760585,17.081198069539262
Q9ULJ3,10.157926512231917,17.894231625212957
Q9ULJ6,9.587795702232947,20.06369359291189
Q9ULJ7,9.58796345971567,17.051608783448845
Q9ULJ8,9.759171735193494,18.502447157844088
Q9ULK4,9.132765282679294,17.970866299824696
Q9ULK5,11.118569482488168,18.88292890996982
Q9ULL5,9.81955348913887,19.31412308349689
Q9ULM3,9.220620748744569,18.158898787079313
Q9ULP9,10.139311167451885,20.196515882205784
Q9ULR0,14.497078178173277,22.67129323856729
Q9ULT8,9.185491499558621,18.10794388824646
Q9ULU4,10.065839517264402,19.438008866312376
Q9ULV3,9.914666157440955,19.377852815771753
Q9ULV4,13.664546689278085,23.553253583484274
Q9ULW0,12.129448282740677,20.78468201162432
Q9ULW3,11.56307002754337,19.744707345541702
Q9ULX3,12.104377299532992,20.55305224744699
Q9ULX6,10.617570216777834,20.792167773086007
Q9ULX9,11.705462164141503,20.326484691961237
Q9UM00,12.758484822937401,23.54368065130071
Q9UM13,12.791995162999074,21.65094479443962
Q9UM22,12.132673666277276,20.47320982660201
Q9UM47,7.887084472102385,17.22972159111097
Q9UM54,10.658657720362136,19.36173500032635
Q9UM73,9.612588990277315,17.307251040224195
Q9UMN6,9.646404577451117,16.393283412493876
Q9UMS0,14.880306712991638,22.363129554661736
Q9UMS4,12.425819895642809,23.88598850502452
Q9UMS6,11.53300589957647,21.334871733897995
Q9UMX0,11.676544487106586,22.574540046576132
Q9UMX5,13.664194403877907,23.948451214233483
Q9UMY1,12.987427682936696,23.800307281793728
Q9UMY4,14.306559986981187,22.81213616683087
Q9UMZ2,9.18928916163309,20.40240364588844
Q9UN36,11.675681568516111,20.906047068435203
Q9UN37,12.041202819183342,20.38673209405359
Q9UN70,10.554414728187956,19.131347061204934
Q9UN86,12.210341931395378,21.81658804184075
Q9UNA1,9.481494443231416,17.613852072820908
Q9UNE7,11.947712006010411,22.10122227279184
Q9UNF0,11.443085104606384,21.20177249080387
Q9UNF1,12.182149451706072,21.708869692335146
Q9UNH6,11.856774048810722,21.143931329223726
Q9UNH7,13.623569315793187,21.809326666224063
Q9UNI6,12.968440133822435,20.398330882674884
Q9UNK0,13.040696084384269,20.92637496771275
Q9UNL2,15.650317500561972,24.01068445962703
Q9UNM6,11.800992506996385,22.223278209638902
Q9UNN5,11.55480863842458,20.870226240172848
Q9UNP9,11.416254500696285,22.247395024715704
Q9UNQ2,11.635925090200406,20.846722672638393
Q9UNS1,10.129750495778849,18.79049982220735
Q9UNS2,10.510334261832213,21.79655397295762
Q9UNW1,12.10009848598896,21.277533402635477
Q9UNW9,11.471453931601415,19.791791534363544
Q9UNX4,11.87733585281708,20.003141452031795
Q9UNY4,10.027277344409686,20.64714567224205
Q9UNZ2,12.296574679066302,22.132403033941614
Q9UP83,9.078548742422836,19.535292126033976
Q9UP95,10.213351282780662,18.49904632999715
Q9UPM8,8.194821397139854,17.95331429365645
Q9UPN3,7.652458027887406,16.317440256910135
Q9UPN4,10.534661847488934,18.887748047768227
Q9UPN6,10.537847617301104,20.04161737915522
Q9UPN7,9.93007239632561,19.184666760311224
Q9UPN9,9.981741398431108,19.38073686835493
Q9UPP1,9.749785835184879,18.500431505012262
Q9UPQ0,10.29139126325678,19.958847658908393
Q9UPQ3,9.965791292472952,19.498622651183638
Q9UPQ9,7.823167268177451,18.23867791758196
Q9UPR3,9.374192258722063,18.197720373986975
Q9UPT5,11.411269389198935,20.278232348503867
Q9UPT6,9.03782478581854,18.129563954396847
Q9UPT8,9.417367082930005,19.752408203807448
Q9UPT9,11.329699650872632,18.70149599277587
Q9UPU5,9.46292311439361,17.421782820406445
Q9UPV0,7.820594221615249,14.054904608120536
Q9UPW0,10.113760548115655,20.703758136672473
Q9UPW5,9.90191798651451,17.345098666327047
Q9UPY3,8.735098121638043,18.000318239041945
Q9UPY6,12.084330378528605,20.79937935840307
Q9UPY8,13.083400655040787,20.846059234125722
Q9UPZ3,6.716603196768013,20.847344832777814
Q9UPZ6,9.35777852852525,18.76175440345079
Q9UQ13,10.400089912972309,20.930599714804824
Q9UQ16,7.919892131861543,22.17881831250499
Q9UQ26,8.537081949172844,14.198015653417098
Q9UQ35,9.266041640251897,19.874346335319363
Q9UQ53,8.837503660795706,18.269468477935874
Q9UQ80,12.591605379163537,24.252607901156097
Q9UQ84,7.670665007618952,17.87540090037826
Q9UQ88,11.32823377541648,18.87315494733217
Q9UQ90,8.874768286398023,17.744891699175717
Q9UQB8,11.079974802830304,20.01900297128608
Q9UQC2,10.007522104164192,20.088462864696957
Q9UQE7,11.293665906149192,20.802093564277108
Q9UQN3,12.42965227789051,23.69522650509299
Q9UQR0,10.882379528566306,19.862079901650247
Q9UQR1,9.651140028990714,19.43861812703346
Q9Y217,11.248209571210074,19.725751436774694
Q9Y221,12.475106139902817,23.292029833919635
Q9Y223,11.628134322474969,20.207432421412086
Q9Y224,13.442025132864456,22.972051387569827
Q9Y227,10.032524165872228,18.54848431187738
Q9Y230,12.597837534220652,23.4290216515712
Q9Y232,10.591132698328797,20.13363732405251
Q9Y237,14.316933381055014,24.71508092330006
Q9Y243,11.621880383389831,21.624860228386684
Q9Y244,11.530166586047262,21.443841479731084
Q9Y248,12.466416186530399,22.10711560187213
Q9Y250,9.2244635120494,18.694757866517367
Q9Y262,12.540130718687493,22.803732554406135
Q9Y263,10.558958766775344,20.748599861381653
Q9Y265,13.319598489561843,23.723357310292798
Q9Y266,14.02522702336447,23.69935190151492
Q9Y276,11.864651041072133,20.0547775198862
Q9Y277,12.8242351054533,23.923733397493596
Q9Y281,15.56787089311867,22.55083034104372
Q9Y282,11.730466433969713,21.55050960410539
Q9Y285,10.544556384021405,22.564253421989132
Q9Y287,10.753448184338229,20.54454843068812
Q9Y289,12.055202137592783,21.85203888421755
Q9Y291,12.690443068488943,22.551599141892456
Q9Y294,14.559636055617187,22.31015707261131
Q9Y295,11.977370258294245,21.452658208854277
Q9Y296,12.438317459146207,21.10425811626644
Q9Y2A7,10.894052079845313,20.027191057035147
Q9Y2B0,11.802909978036798,24.349282474518073
Q9Y2C4,10.27605314135994,20.133897962415432
Q9Y2D4,8.999491440992857,19.835213685224357
Q9Y2D5,9.400756341285504,19.19242118771904
Q9Y2E5,8.020876601852214,17.52782840678953
Q9Y2F5,7.030329352309848,18.77962492363961
Q9Y2G0,8.324035332759466,16.975873759664125
Q9Y2G3,8.84593495544944,18.074926880670304
Q9Y2G5,12.273976638507662,20.49798453465977
Q9Y2G8,10.727527059741261,18.704733373693884
Q9Y2H0,10.70226775058304,19.436697446472866
Q9Y2H1,11.041873538121466,19.764221674524943
Q9Y2H2,9.826094484191033,18.084771074129993
Q9Y2H5,9.979568279840693,19.40061972060129
Q9Y2H6,9.918568699357499,19.92458822566442
Q9Y2H9,8.783405182386716,16.35677142895668
Q9Y2I1,9.476223991232859,17.81057452352635
Q9Y2I7,8.863542925226461,17.510485331774483
Q9Y2I8,10.48157305423066,19.685210617823465
Q9Y2J0,10.045780688005218,19.185447771602384
Q9Y2J2,9.590697403954906,18.03030562569567
Q9Y2J4,8.30130491040694,21.58327951053017
Q9Y2K2,8.32514018869019,17.019910628904583
Q9Y2K7,10.75521768051287,18.970785267492385
Q9Y2L1,11.170616150214483,20.463133104421047
Q9Y2L5,9.644918948824731,17.84524958276526
Q9Y2L9,10.966919359243287,18.94289270878572
Q9Y2P4,11.892154490723303,19.940226881139612
Q9Y2P8,12.951019751269921,21.27435094607969
Q9Y2Q0,9.916690298755134,17.673742942872536
Q9Y2Q3,13.183996131576071,22.60584673635732
Q9Y2Q5,12.634087212202019,23.245001771310452
Q9Y2Q9,13.147617372979363,22.423240432343565
Q9Y2R0,14.292895976752312,23.08462098147832
Q9Y2R4,10.411198570762243,19.985309637558267
Q9Y2R5,14.018401543840914,24.13137194810215
Q9Y2R9,12.804344007816159,22.329682917456818
Q9Y2S6,17.21983510324498,27.000691236880982
Q9Y2S7,11.745746639869338,21.032573170022363
Q9Y2T2,11.430377726155767,21.618321847779775
Q9Y2T7,12.066582347215851,20.44631316688634
Q9Y2U8,10.820886449148375,19.543858437110654
Q9Y2V2,12.885522993007,25.596376970146977
Q9Y2V7,10.012657807655586,21.177199799876025
Q9Y2W1,11.783905398319428,22.11082715364859
Q9Y2W2,12.25539912080681,21.53452287014133
Q9Y2W6,11.403361290436935,20.560510736603593
Q9Y2X0,11.53400483020148,19.119026012976057
Q9Y2X3,12.22109134251469,22.228221847465097
Q9Y2X7,10.459723846641344,21.259218202877573
Q9Y2X9,10.46621632041081,19.550100679129574
Q9Y2Y0,12.319097661641207,22.16506908488409
Q9Y2Z0,11.705592644636386,22.51937843356514
Q9Y2Z4,11.449976462978862,20.70311427401976
Q9Y2Z9,10.563866594008095,19.288347722205035
Q9Y303,11.62151766455937,20.582909784890358
Q9Y305,11.420308488731994,21.450811873398436
Q9Y312,11.938060997564062,23.97989762679666
Q9Y314,13.147757074459975,21.676365844634354
Q9Y315,12.212877790357926,20.801220100707233
Q9Y316,13.05178438709735,21.172561666244746
Q9Y320,12.846332280383388,21.526785116909306
Q9Y333,15.057349344620379,24.7735829725937
Q9Y343,14.06675027674575,20.21904097190255
Q9Y365,13.201139313064454,20.36050362061495
Q9Y371,12.563116709634611,22.25193117631341
Q9Y375,12.037448050311438,20.80571944316325
Q9Y376,12.448504881705214,21.033531890015862
Q9Y383,12.566203480493451,23.733743814230174
Q9Y388,13.094220434200977,21.141239216657297
Q9Y394,11.675681648482414,22.716641933337666
Q9Y399,11.601009377888364,21.634461135408053
Q9Y3A2,12.732802900662886,21.742908477166708
Q9Y3A3,11.450485951936335,23.442792899476682
Q9Y3A4,12.514019098156211,22.19592164229334
Q9Y3A5,13.27264538538853,22.77823956161119
Q9Y3A6,13.015872791504679,23.21790821516123
Q9Y3B2,12.216824519806128,22.85768207017491
Q9Y3B3,15.003526358301427,24.207619158274316
Q9Y3B4,14.410390274508968,24.116280055407337
Q9Y3B6,12.280591149580495,20.59805845886117
Q9Y3B7,13.946079243276625,22.203144959390762
Q9Y3B8,13.357360722345891,22.693958814525224
Q9Y3B9,12.253963771779635,22.011654071885147
Q9Y3C0,12.503709963826232,21.389833260780577
Q9Y3C1,12.82229591797936,22.12132107070445
Q9Y3C4,10.903386961583003,22.13663160012963
Q9Y3C6,12.968795358483208,24.280827781467938
Q9Y3C8,14.36258545284001,24.000698376096356
Q9Y3D0,13.818620576143667,22.44573566425272
Q9Y3D2,12.758079955021222,22.918843477296043
Q9Y3D3,13.538441971700621,22.557921258546497
Q9Y3D5,11.035364255017535,22.10531304148288
Q9Y3D6,13.373062684683779,24.188923547112324
Q9Y3D7,12.742603951746052,23.53287196660729
Q9Y3D8,12.320263033578495,21.738637946906973
Q9Y3D9,13.56621045647053,22.631323683402904
Q9Y3E1,14.611957624676016,23.73740033519521
Q9Y3E2,12.353347760283468,22.968911099095205
Q9Y3E5,12.684404079418906,23.237290256227517
Q9Y3E7,12.2155701586747,21.969366537290316
Q9Y3F4,13.308744484566628,23.2550461257091
Q9Y3I0,12.80019602750513,23.21797104758675
Q9Y3I1,10.19164852789754,20.3092226113183
Q9Y3M8,7.867311335203724,16.119736605762505
Q9Y3P9,10.409687598377925,19.03662791913336
Q9Y3Q8,10.888043048791054,19.608908679322013
Q9Y3R5,8.4544781059087,16.31689703010339
Q9Y3S2,10.9194456675767,19.72397731634841
Q9Y3T9,11.801233162149586,21.593954922292063
Q9Y3U8,15.784505339043056,26.866301162373997
Q9Y3X0,11.813396203378247,21.799692014373864
Q9Y3Y2,11.547248972812987,23.566032288832048
Q9Y3Z3,11.30707646603376,19.96088094057158
Q9Y421,15.143917050299239,22.33211278336125
Q9Y448,12.469894594559435,21.150118239933217
Q9Y450,11.441420534866309,20.050248296388425
Q9Y463,9.404053512581976,19.69567115456424
Q9Y478,11.885343424620325,21.23265128882677
Q9Y483,11.820229135721625,18.318058223543115
Q9Y484,11.505615445612918,20.01022500946969
Q9Y485,6.0339353396240165,16.245381716749755
Q9Y487,10.954746032450384,18.97152042702533
Q9Y490,10.477465138463756,20.0696558498195
Q9Y496,10.968129679176641,20.235463913492918
Q9Y4A0,7.906159464848036,17.725069571625806
Q9Y4A5,8.322323725537224,17.47738341453185
Q9Y4B4,9.43917663754188,16.892557179821463
Q9Y4B6,9.493323625467404,18.230381670693607
Q9Y4C1,9.045373728084373,17.106487989815903
Q9Y4C2,11.59570557567372,20.685199900028962
Q9Y4C8,9.44705479899863,19.066808862155675
Q9Y4D8,7.8147336309175,15.61457219325442
Q9Y4E1,8.437168285407841,18.10147538395073
Q9Y4E5,10.816905384366715,18.247218858620435
Q9Y4E6,8.65345732846441,17.771394968762337
Q9Y4E8,9.75973517119399,18.5867055473688
Q9Y4F1,10.798990660547505,19.392617396087005
Q9Y4F5,7.692205513509229,19.718366552290348
Q9Y4G6,8.782400714624508,17.89990634866736
Q9Y4H2,9.59613777976068,19.124596115748734
Q9Y4I1,8.620720880763923,18.356208945136498
Q9Y4K0,11.633389605100618,18.117066065773503
Q9Y4K3,12.073716132851855,19.765302288025275
Q9Y4K4,10.81104527041843,18.93732352776466
Q9Y4L1,11.952187492658947,22.340050941090567
Q9Y4P1,11.961186916367154,20.471914307629635
Q9Y4P3,12.318106533418435,21.281995387702587
Q9Y4P8,12.077038536002677,20.873905857858485
Q9Y4R8,11.251775545385884,20.47868552140523
Q9Y4U1,11.531907448728388,20.864324078479964
Q9Y4W2,10.240780470215293,20.998471365361972
Q9Y4W6,11.0479509465976,19.817846619075024
Q9Y4X4,11.863614577671484,20.220824734234565
Q9Y4X5,10.976265215964123,20.521182116164898
Q9Y4Y9,17.46996125501904,20.375374284837235
Q9Y4Z0,14.931133408250737,24.484413885576064
Q9Y508,13.660989786295756,22.23016898194171
Q9Y512,11.965731085394935,21.299180809565378
Q9Y520,9.685683926450729,19.11004877341007
Q9Y530,12.359155093886251,21.640329852374318
Q9Y535,11.327814939057069,20.17500246208228
Q9Y546,6.99849301774655,18.982822791025466
Q9Y547,13.045107017682584,23.385125860700043
Q9Y570,12.431874000591694,22.632032019809003
Q9Y580,9.996649580583354,21.19209495063186
Q9Y5A6,11.323773181353602,18.39755261424595
Q9Y5A7,10.04967757307648,21.209247130286965
Q9Y5A9,11.592461924042547,22.28122582471503
Q9Y5B0,9.332052243817191,18.640753531736323
Q9Y5B6,10.47017086294629,19.027358392865796
Q9Y5B8,11.974007011521637,20.39950082728638
Q9Y5B9,12.25217114906645,21.759815544461055
Q9Y5E6,11.031198049627616,18.559902641242232
Q9Y5E9,9.694023271753736,18.20916850488111
Q9Y5J1,10.66119583460469,21.50007293083867
Q9Y5J6,13.391683943795638,23.460321432566854
Q9Y5J7,14.128450932922796,23.48934028869136
Q9Y5J9,15.554405342777967,23.22446781139432
Q9Y5K5,11.575190647131796,22.431915861640874
Q9Y5K6,10.754453567205196,19.784062263341433
Q9Y5K8,13.1596327393117,22.76708342560734
Q9Y5L0,12.238526476511359,19.626551621965916
Q9Y5L4,12.432281549780976,25.339900325687644
Q9Y5M8,13.77083508166595,22.69180410237529
Q9Y5N5,13.140029593516498,20.993745814939906
Q9Y5N6,12.767907881701062,21.030528620974714
Q9Y5P4,10.873950193176857,19.736145898412286
Q9Y5P6,13.160138541745301,22.134392121071375
Q9Y5Q8,10.882185609436815,20.71086042254501
Q9Y5Q9,10.634228265977631,20.39750876718861
Q9Y5R8,12.236453951467531,21.55717058325739
Q9Y5S2,9.949578124134671,18.47071844500299
Q9Y5S9,12.047521504688687,25.231262448326213
Q9Y5T5,10.35578439390853,24.221900802977256
Q9Y5U2,12.27775974439146,23.557131426178938
Q9Y5U9,13.023109886144704,24.895039271518304
Q9Y5V3,10.81434770513029,21.342643812982825
Q9Y5W9,12.47660412101054,20.02697138750162
Q9Y5X1,11.50172077442397,20.78318431743258
Q9Y5X2,9.926578740942961,19.936806342072906
Q9Y5X3,10.355384343174588,20.582908753188857
Q9Y5Y0,12.045601686097248,20.305675605971498
Q9Y5Y2,12.169603559021743,24.694432885345748
Q9Y5Y5,12.5464443901979,19.303033324571995
Q9Y5Z4,10.565054724279465,22.076322240982776
Q9Y605,13.928369129009209,23.239698015719682
Q9Y606,10.504861271190416,19.973910635207467
Q9Y608,10.345357560153706,19.81433714818042
Q9Y613,9.96200756094163,19.489362825778343
Q9Y617,13.62186848969766,23.813197997397147
Q9Y618,7.991911047430471,17.62433036815859
Q9Y619,12.210324205377548,21.43395220158731
Q9Y620,8.973275328836271,19.13718729117305
Q9Y624,10.449536710909625,18.997534070296034
Q9Y639,10.785530678071762,21.66166042919955
Q9Y657,13.182543628731198,22.03057978974362
Q9Y664,11.740325933481623,19.793299276255073
Q9Y666,9.125419378763446,18.124274945155744
Q9Y672,9.98170316463729,19.38169713841263
Q9Y673,12.4165673499593,21.991722219542353
Q9Y676,14.68974229347876,24.57185072621964
Q9Y678,11.934061281670656,21.16994426786684
Q9Y679,12.2389726215377,21.3133186238745
Q9Y680,12.273645545870647,21.594363656733094
Q9Y692,11.857956282803936,20.212771545108698
Q9Y696,12.718326517391674,23.53664150724904
Q9Y697,11.91902266266188,20.78912020758865
Q9Y6A4,13.58169596313323,22.34111752360483
Q9Y6A5,11.186166088164928,19.928204027483456
Q9Y6A9,13.122290253485751,27.23175638071836
Q9Y6B6,13.321530655409168,22.140779201475738
Q9Y6C2,10.503658826087813,21.052491061826107
Q9Y6C9,13.613554769599014,23.048234177745684
Q9Y6D0,13.432661221110928,23.0001552919756
Q9Y6D5,8.225923775991562,17.7434314158376
Q9Y6D6,9.19838775961473,18.19032771215634
Q9Y6D9,10.927598400211158,19.95598510270341
Q9Y6E0,12.496821212381581,21.548253371864273
Q9Y6E2,12.392509143456795,21.84288113118812
Q9Y6G3,14.02795133918208,23.199638350368488
Q9Y6G5,12.746578784232364,21.508665384112106
Q9Y6G9,12.462770599900573,21.951840682881084
Q9Y6H1,14.086112428077376,22.23139229930955
Q9Y6I3,12.058306878164892,22.092359993921548
Q9Y6I4,10.412262661699215,19.723620705069084
Q9Y6I9,12.211895374575832,21.33479746246298
Q9Y6J0,8.041768004170224,17.384655773852053
Q9Y6J9,10.289223532246524,20.46108768772706
Q9Y6K0,11.679228408596462,22.27359739319447
Q9Y6K1,10.254681607769948,20.093145989967883
Q9Y6K8,10.905735991095693,18.093685038314707
Q9Y6K9,10.688080953758094,20.84045620327368
Q9Y6M1,12.063589970563852,20.245941696054544
Q9Y6M4,8.495401669749482,19.173693650575213
Q9Y6M5,12.219287748936827,20.099553773655916
Q9Y6M7,8.557422416187167,19.767653624411082
Q9Y6M9,12.681142950151267,22.27956395130862
Q9Y6N5,9.926470060749846,20.046967205814177
Q9Y6N7,9.957831330671779,18.13401267070758
Q9Y6Q9,7.549121413897243,19.056827317428823
Q9Y6R0,10.336388991105316,20.444237247787736
Q9Y6R4,9.033079308947846,16.554808772726027
Q9Y6V7,11.447442424688427,19.65109186465133
Q9Y6W3,10.279199127970843,18.827829566388615
Q9Y6W5,12.018899260445664,21.597523699236238
Q9Y6X2,10.105978270341343,18.59535531534392
Q9Y6X3,10.236295604592678,19.00727624654815
Q9Y6X4,11.306395291493372,19.64266081936089
Q9Y6X8,8.78049260640275,20.026491276293807
Q9Y6X9,10.886190864609194,19.47436067138255
Q9Y6Y0,10.663955442456412,20.68337535574209
Q9Y6Y8,12.07204033076214,20.586381347596138
