ProteinName,TMT,LFQ
A0A0B4J2D5,18.86561175659379,27.701748571487194
A0AVF1,13.57062834915927,23.728722799809944
A0AVT1,18.99551975889633,26.951980771710733
A0FGR8,16.64645605060497,25.70092724626043
A0JNW5,13.742641717382542,22.694401887538444
A0MZ66,16.453735014626524,24.993592437095636
A0PJW6,14.590315797904807,23.95216464196451
A0PK00,15.858502430089533,23.517632027293356
A1L020,15.950906155194824,25.622642262013393
A1L0T0,16.816284948588677,25.722891007437124
A1L390,14.73125113789623,22.930826653001066
A1X283,18.474833141074573,26.826450597809245
A2RRP1,16.77928610032412,25.212968520349257
A2RUC4,14.037278396886604,23.564071901686468
A3KMH1,17.14168541168857,28.42198792047277
A3KN83,16.629481730006482,24.42825381677626
A4D161,14.825650909679293,23.524468184449074
A4D1E9,16.606851310735227,24.360076211845463
A4D1P6,15.745544780920461,23.705447934372806
A5D8V6,13.24440778456572,25.516876704382295
A5YKK6,18.544981972979055,26.826090501326068
A6NCE7,18.585390605204722,27.10089226576765
A6NDB9,16.122365959203368,23.700948485397607
A6NDG6,17.284514470620135,26.061359689547242
A6NDU8,15.107430593984146,25.092674889289878
A6NFI3,15.429136559625892,26.131577817718924
A6NGN9,16.693297732935164,25.29231012847916
A6NHL2,12.752205240345127,25.921705239572848
A6NHQ2,17.89392440562454,28.205418352878105
A6NHR9,18.801048940973036,29.385609671809473
A6NIH7,15.548733322369502,24.81520499191488
A6NJ78,15.510151275527573,24.116582800887937
A6NKD9,14.42060580174186,23.444090160366954
A6NKG5,19.610128834211103,29.783240375045136
A6NNE9,11.059410370110541,22.33700143593863
A6ZKI3,16.62911545342469,22.587004438200026
A7E2V4,16.189985445505673,23.33852195186195
A7KAX9,14.555327875703568,25.091226775045296
A8CG34,16.882005429229928,25.320812218375
A8MT69,17.43587332908311,25.65254798885937
A8MVW0,15.99278568769874,24.361736133391783
A8MW92,15.464893279199405,24.662603930697102
A8MWD9,16.93319366719004,29.010065860743893
A8MXV4,15.731329020239233,25.581787927543722
A9UHW6,16.63127829739977,24.74800090738294
B2RUZ4,13.123692176587909,23.92309730857464
B7ZAQ6,15.253142063903217,24.942666580323568
C4AMC7,13.60732491904653,24.279729517856772
C9J7I0,16.887982529577485,24.43026692208887
C9JH25,16.119470032846152,24.48623207086492
C9JLW8,17.230797125436006,26.66049358374914
E9PRG8,18.861068524767084,26.95415888425747
L0R6Q1,18.085853124758067,25.016258461743707
L0R819,16.50536286412388,25.299605527814204
O00115,16.89702119698498,26.06827344076421
O00116,17.850251963254223,27.34003051533925
O00139,17.872862017739617,26.574668843773264
O00148,16.897760782772128,27.890703470888777
O00151,16.744911340341456,27.35785346290195
O00154,18.190369754254043,29.863724206008992
O00159,17.965540433564836,27.802670689565524
O00161,17.569385162827242,26.81953029083146
O00165,16.7415580122214,25.502732670382436
O00170,17.386760660455604,27.111784416653784
O00178,15.930091725059029,25.004829878488486
O00186,17.355297034499205,25.535317475134388
O00189,12.510339260008067,23.219787728250896
O00192,15.569443266082109,24.951722003927635
O00193,18.369835725441785,26.600447092759833
O00203,18.293369337559735,26.942612523731018
O00213,15.48494066005116,24.13057857493479
O00214,17.20988104384594,24.93955672212452
O00217,15.681527595410211,26.2483508605411
O00231,17.996388709666036,28.281825056898672
O00232,18.595292999042314,28.29356525990916
O00233,17.552610439810525,27.232059338022175
O00244,18.63040531031339,27.927130257885405
O00255,17.23619891571802,25.331139061165654
O00257,16.23998356447483,23.996657948747433
O00258,16.864172035610853,25.39118677538317
O00264,16.14696540342398,28.598983173290335
O00267,18.953232447727537,27.104914919565523
O00268,16.53360430821724,25.649036379369125
O00273,17.254818567340187,26.48646548535464
O00287,15.454423808098698,24.16476264099783
O00291,17.28083932502605,27.432039735828884
O00299,17.80569643639168,29.661430876383566
O00303,17.699046646015322,28.470205411771932
O00308,14.251636751402922,23.777801178725234
O00311,16.382883110933967,23.55275257744716
O00330,17.194515769622146,24.98299973795928
O00391,15.586377243918054,24.147590405763868
O00399,16.62839840456987,24.856783356580923
O00400,16.828480795120633,24.585921386560692
O00401,17.113318082838155,26.247656328644887
O00410,18.85734696019393,28.255301913207525
O00411,16.116127527208555,25.233730679957752
O00422,19.032237332906753,27.187005106780035
O00423,16.3232927731881,24.546410173569495
O00425,18.708906330770663,28.211322140715737
O00429,18.984699187940407,27.52917547907737
O00442,17.01188620315476,25.98990846738634
O00443,17.361456078295063,25.142535489622663
O00458,16.757905178006858,25.07018774195192
O00459,14.943203890919525,23.690663774562612
O00461,17.613292838802,26.848311844866537
O00462,15.176349266857242,23.18164349195715
O00468,15.928306239447995,24.4154241719443
O00469,17.597085046616794,26.48783454058772
O00470,14.602996399851282,23.63908297949646
O00471,16.687743364148357,25.956944725264684
O00478,14.210297178675916,23.833562146805487
O00483,17.226328143519677,28.59493560964235
O00487,18.00048587235279,29.346116189770438
O00488,14.488548983732485,25.046962108005033
O00499,16.644268674896313,27.000344708787978
O00505,17.735988291695733,27.266795150224947
O00506,13.231741505798384,23.25462563617408
O00512,15.934544144523523,24.518121725906568
O00522,16.780089047102464,23.723282446957807
O00541,18.551885025887916,26.734752772961222
O00559,14.453475352866588,23.863082482692622
O00560,17.894078601629875,27.507371253808795
O00562,15.443979542601253,23.778114637719582
O00566,17.38685915430011,26.725531770003453
O00567,17.240843650022374,27.844762780849052
O00571,19.025364893669046,28.29338035015822
O00584,16.018708572854862,26.244905753831013
O00592,18.432567046637708,26.629927628440935
O00622,14.083659375961256,24.815273735841792
O00625,16.283081478206814,26.97999696416575
O00629,17.59242126728479,26.991752219109486
O00712,15.856358735642306,26.61475214420749
O00716,14.764492384340976,23.046318873761805
O00743,19.34714420167964,26.071405860780583
O00746,17.033495415531494,26.5718269706374
O00754,16.510725592943878,26.1346277139646
O00762,15.6200135327893,26.38406534906694
O00764,15.307559682812244,25.614039924980187
O00767,15.925761263877257,25.435158295432426
O14455,15.344016821161228,27.627525862362138
O14467,16.069485431563066,26.45440760111424
O14497,18.4237348097688,27.603415074105143
O14519,16.751531920643526,24.660951175473198
O14523,14.698056921732276,24.111102390430425
O14529,13.611181336235248,23.98873816019783
O14530,16.939302576362177,26.25342658960935
O14531,18.186711610760668,27.348207649989796
O14545,11.877618058452144,24.73307393767957
O14548,16.1992949004187,24.647596513766047
O14562,16.99381667273215,27.327866807319488
O14578,16.400637683021277,24.546051352666886
O14579,18.13849697034443,28.218855853673517
O14617,18.233774910652176,26.659776731196338
O14618,16.008013575989903,26.931590446276072
O14628,13.271733254869732,23.208642495246835
O14639,15.26166939516058,25.8184961107067
O14641,15.19007028812368,25.44138160172043
O14646,17.845664925465154,25.361000787414973
O14647,16.030306546731957,26.00952478383433
O14653,15.869121558338403,25.57978455832441
O14656,16.914747551300525,26.288313805640342
O14657,18.98262673615102,25.806584111057095
O14662,16.10211117705737,24.759305855840097
O14672,15.566805890236049,25.964443484933856
O14678,16.064178189477694,24.18472884171197
O14683,16.015185039190225,25.754815573403988
O14684,16.69679048285702,26.042072780123124
O14686,16.445977307867803,23.949704579938473
O14713,15.147892884968092,24.441546589502934
O14727,15.04298682830858,26.110271977987598
O14733,17.45971977024261,24.392441572531435
O14734,16.66387864279685,25.610440901136933
O14735,15.820440600054818,26.476332764549777
O14737,18.42879211061751,28.037655117994703
O14744,18.862277651861596,27.405212911449485
O14745,18.387649667539183,27.56741726804958
O14757,16.820657196461205,24.123915125033864
O14763,14.399427919250144,25.092413386657054
O14770,14.906698661821826,24.451685022103327
O14772,14.987380086314284,22.540300472012227
O14773,17.86066731126951,27.366833979968714
O14776,18.683203901148033,27.94623741464242
O14777,17.792317095005416,26.431950268950583
O14786,15.17780621896694,24.191861580996214
O14787,17.93842343007535,26.185775666312352
O14795,15.23510624052989,23.786611536164315
O14802,17.387361059785864,24.719914844783666
O14810,14.124249233305353,25.036307408196382
O14813,18.29559205678419,27.73584482740751
O14818,18.64490507317421,29.208123161673768
O14828,17.158734818122962,28.051160615952266
O14832,15.42821686451014,23.521426056092256
O14874,16.65245708455935,24.498075732900414
O14879,13.616609337684901,27.236473186491825
O14880,18.209384030474162,26.762534141640334
O14907,17.10220503936687,26.584813274167622
O14908,15.377104652031885,26.01848338648305
O14920,16.442448898937055,23.853947314246543
O14924,13.074744761860593,23.827745559509733
O14925,16.997676409904155,25.782091511071265
O14929,17.21597751702661,29.344687800852412
O14933,17.668171943859605,25.79375438410685
O14936,16.874986949161187,25.331682041405706
O14949,15.919367552117926,25.2442166879755
O14964,18.697491602989835,27.3282838044897
O14965,16.313891710484896,23.807978543760047
O14966,16.08009213319249,25.08339293334205
O14967,17.69999689099431,26.449169373031612
O14972,14.98103027395047,24.238366032458774
O14974,18.112954604863805,26.49815184372313
O14976,15.912797746257477,25.934027267439646
O14979,18.74475769894465,30.96774241156385
O14980,18.960705494154315,28.370236246387993
O14981,16.862025451247323,25.41387437407478
O15013,15.929175019686754,24.129464304751004
O15014,16.290797018006465,25.215961942379984
O15020,17.514568953515887,25.599380413322514
O15027,17.5004142576492,29.501607579993905
O15031,18.50094092246523,26.07686514758647
O15034,14.949678093845467,23.791614721425777
O15037,15.421439081485746,22.83195557426392
O15042,18.0270240512915,27.566049553606838
O15047,15.575271158915388,24.615498586593745
O15054,14.835600922649242,22.775655588499742
O15056,15.058563409338877,22.317644188417628
O15061,16.044926976761985,24.43154608370477
O15063,15.0648640646872,25.3291936129223
O15066,16.622682341044683,24.578491033966653
O15067,17.666881389015373,27.448724303333957
O15068,15.5668132715374,23.67542235965676
O15069,15.75350639796869,25.553536832103966
O15075,16.77400668828585,25.043466838407248
O15078,16.268849747533405,24.263859815378982
O15084,14.32694718391813,24.48198688041674
O15085,17.467378678384154,24.754416014312532
O15090,17.216637721472146,24.537921030919968
O15091,17.340811693500243,23.649419083079813
O15111,16.90492386544445,25.047851570425987
O15116,15.950130013469336,26.21628157023593
O15118,16.531132003395502,24.820831062518916
O15119,17.82707691774583,24.64572908913864
O15120,12.288352151887056,24.056642758636922
O15121,16.303727007546833,25.438234897973413
O15126,17.429605067935718,27.071747350790055
O15127,15.470439419963995,25.601806854290317
O15143,18.228904473197506,28.157522596362046
O15144,19.39157715059299,28.870143721120453
O15145,19.4667801496745,28.807125756425744
O15155,17.75049197193982,26.079626767750955
O15160,16.570079875006687,26.28670639836784
O15164,17.145465842069253,25.83656103732948
O15173,17.257067969562232,27.571359781944917
O15182,17.66616481410019,25.35707020496623
O15211,16.544691708841725,23.527923059162024
O15212,18.739179581371054,28.2403518735375
O15213,17.200133639960058,25.49334022667452
O15217,14.389375002688823,24.119019702533443
O15226,18.02776348193902,26.332610892900394
O15228,16.958081595262275,24.875156650146234
O15230,15.700933193955686,24.660203534455572
O15231,16.37724002126865,25.776640077639122
O15234,16.165070812382776,25.055687026786156
O15240,20.20920980524202,31.975230226090073
O15254,16.13168718160888,24.874154198948624
O15258,17.843443229882375,27.121859468227207
O15260,16.881538604594514,25.269216432161098
O15269,17.154398514326218,26.513637384820264
O15270,17.119395762456467,25.60241601331588
O15294,17.658942242303336,26.636944038489656
O15297,12.076255577424556,21.972497110719438
O15305,15.862453651475784,27.114915144708867
O15321,16.736957669183887,25.538337706144517
O15344,16.500759917705253,24.674070203716035
O15347,17.315089991347957,28.818825140509606
O15355,19.0690892741582,30.690294308316112
O15357,17.711339177363786,25.294096003415813
O15371,18.56632959261846,28.329869343610138
O15372,17.811448702991154,28.65712229210978
O15379,13.402837092411701,25.345029886361075
O15381,16.646962503814994,26.10735856489725
O15382,17.313680510460426,25.698952201210506
O15392,18.18497200865526,25.343636224287906
O15394,14.393991343492166,23.957418039780425
O15397,15.847697936609508,27.578123494686768
O15400,15.998893823897294,26.374459016135106
O15427,16.322659647404816,24.769066878012424
O15431,14.855695339403034,25.70636619547499
O15439,16.20519722055736,23.515114249160412
O15440,17.304153726701458,22.71925448624113
O15446,17.165268036320498,25.772573639458834
O15460,18.16763603644034,26.58391701686684
O15484,16.56532842405817,25.225137366320276
O15498,18.264158352262033,27.491877971176272
O15504,17.3227077589973,24.4359398687772
O15511,19.18306485121102,28.476757279016454
O15514,18.07311052833161,26.100081931294635
O15525,15.722442498442394,24.98842522151876
O15533,17.21770523631972,24.5773403091814
O15541,16.5373224004905,24.595398616975228
O15550,16.659850527042583,23.25061127605624
O43143,18.9904183536142,29.106033167197587
O43148,17.254728161546456,26.9869721391181
O43149,16.357863643118254,23.674905909288547
O43150,15.451729862789463,25.325800219868263
O43156,15.93552190301971,24.415712566700186
O43157,14.046048819736608,24.072106019702044
O43159,17.65033071494039,26.183128129914248
O43164,14.895166034753224,24.01717587380137
O43166,16.46089973747758,25.167333827402626
O43169,15.30435441165524,27.94716352316107
O43172,18.219342335126463,27.657753804628577
O43173,15.343860721762338,23.293899722634304
O43175,19.497158564178456,29.82164686149084
O43181,17.16592305820198,25.925259330732143
O43237,18.624467125528845,27.592169477382047
O43242,19.32621996839445,28.551836793047123
O43251,17.157454082073244,24.33695320183449
O43252,18.055253745578725,27.344295069698592
O43264,17.38840302908666,26.480145516005173
O43281,15.308832572882338,24.227749231700418
O43290,18.252386169655,27.22573561884215
O43292,17.62290666923595,25.10662327990057
O43293,16.01296859416246,24.472812103579365
O43294,15.6269626666196,23.643130763463866
O43299,15.031979268877134,22.59121962891485
O43301,16.38256805013716,24.69451055406919
O43303,16.334301426293234,25.088078488695814
O43306,13.968558240242764,23.59959190459603
O43310,15.743340854638301,24.132267590604023
O43314,16.1570197547429,24.529626887413272
O43318,15.806498688420666,24.82771208135694
O43324,18.24563100113597,27.155410052053934
O43347,15.62533271174619,26.196222674251917
O43353,16.340059464641925,25.987848852767947
O43379,14.764551992859582,24.300612093581048
O43390,19.10753560356217,30.084695668779993
O43395,17.615380464554384,27.08925606179554
O43396,17.49580793329869,27.784667248129004
O43399,17.96987185396276,28.944717302011107
O43402,18.338868524927552,25.840981538684893
O43414,17.90836956438178,25.856019605826646
O43426,15.462907686041653,24.96185944872295
O43427,16.531889685415134,25.425648888048645
O43432,17.785674679211347,26.638558964019772
O43439,14.907634449982579,23.92464018793175
O43447,16.18332102402498,27.985074751491506
O43463,14.996419274841122,24.502445001520776
O43464,15.370597848514924,26.303202137676255
O43488,15.749078971609567,26.932372321014935
O43491,16.595514256992935,24.841694433104216
O43493,16.396196133632493,24.676593193149436
O43504,17.06601348735589,26.56544134127913
O43505,14.806794614997298,24.565598414593598
O43513,16.5803667096243,24.27428550932086
O43516,15.954698572657232,26.22753479553857
O43524,14.405430248089202,23.84825405502688
O43542,14.260304194529137,23.088643170927455
O43572,13.864284178540066,24.734302738567287
O43583,18.005959279697286,27.353906967343967
O43592,16.625181622802536,29.218548484049773
O43597,13.593956423139748,23.183270470658453
O43598,17.99073461349195,26.177205334478906
O43602,16.679325228730086,26.39361855890373
O43609,14.220261675905414,27.68401679765696
O43615,17.485096844814436,26.981545532879963
O43617,17.217825833427895,26.06463762508244
O43633,17.054130665140757,27.68681581651845
O43639,16.210007229113845,24.446845218069942
O43657,14.175918025980275,26.24008819355421
O43660,17.366526843383276,26.821510128982965
O43663,16.76840404191557,26.255863344659172
O43665,17.959849153655018,24.217531554630394
O43670,18.890795169933433,28.185636444099295
O43674,16.61315960085422,26.32650058439128
O43676,17.180811140113505,26.625551361639427
O43678,16.978726470096642,26.357998961630543
O43681,16.95866636547896,28.062622957420515
O43683,14.563421030187277,23.719149495904528
O43684,18.079576622987684,28.67812879956901
O43688,15.701853686911502,24.39127630648275
O43707,19.54919439582325,29.514021142745566
O43708,15.952669630801143,25.672408840535198
O43709,15.74344153651458,25.55035149094771
O43716,15.721041140715823,24.506162762666424
O43719,17.692894016289237,26.659199788981688
O43741,14.701425959526683,24.34007705307416
O43747,17.41460582704384,26.602746728267626
O43752,16.490900743182305,25.394273716998953
O43760,17.674702272553827,26.177727241838955
O43761,16.642093541461428,25.29397835037354
O43765,16.917646350709873,28.15865948478367
O43768,17.991290704502273,26.600092837102192
O43772,19.164040596980886,25.702358535230925
O43776,18.562168810128597,29.01296270713497
O43791,16.23061780618654,23.902876766605196
O43795,18.947735330431183,28.69425678126771
O43808,16.12805455288164,24.350071314705456
O43809,18.737599781806804,28.880100701651724
O43813,17.31149260226864,27.411146769156705
O43815,16.392833473229476,26.398780669178056
O43818,17.271200073451666,26.074455870210194
O43819,16.19612428836341,23.841287055434066
O43822,12.936650278654168,25.267895915865314
O43823,16.197077862362782,26.010326919564815
O43824,15.489335472737668,25.21355128787071
O43826,13.632925543937754,24.613477163738494
O43829,14.837538254667898,22.806573712799587
O43837,17.566776017872414,26.38948731398361
O43847,18.155496519761193,27.709415863724328
O43852,18.858504372671334,30.574953703287942
O43865,16.473935062752368,30.221480732388905
O43896,16.186915406793617,24.212983889939707
O43909,16.116978960650883,24.08038442331169
O43913,16.334922628969245,26.96906124801393
O43924,15.54609949088673,25.282028133758946
O43929,17.625442973852774,25.461870365284675
O43933,16.323455306711644,24.18823024251647
O60216,17.66894602298419,27.31911752148121
O60220,16.868551702575353,27.307520268939147
O60231,16.730445635644113,25.629308042559373
O60232,16.42323873998958,27.007144957726908
O60244,16.40990754415346,26.397500780523288
O60256,16.474781303694044,25.999180850601224
O60262,17.08022646537662,24.445099803289907
O60264,19.626377995917537,28.40143135633556
O60271,18.12319446814088,26.694373240544074
O60281,15.575506994219628,25.050970649566693
O60282,17.977300795673017,26.426886717859475
O60287,16.85951537431663,24.741532460478645
O60291,15.755289151518921,24.114422207687802
O60292,15.183729901469286,23.743660232806434
O60293,16.158322443293354,24.432427080101988
O60294,15.908005333971165,24.167579009733767
O60306,17.536545595815287,26.67017476029029
O60313,18.049163351177377,26.7782681077416
O60315,15.896264594640236,24.63780556166594
O60318,16.859709483223988,25.284022064018217
O60333,15.224783336872605,24.830230381889233
O60337,14.424200413297218,24.032923740110625
O60341,18.055181267879586,27.13726898484419
O60343,15.676251869043867,24.271665127314233
O60427,16.554166075214034,24.513337036916695
O60443,17.48316956708257,26.921862621618875
O60476,16.254230613056585,24.404890804636207
O60488,18.093585029993374,25.379053908300797
O60493,18.176130942918974,27.908514502706588
O60499,17.517141617616307,25.36355196835052
O60502,16.652412921211933,25.390774290137333
O60504,15.280690070502283,25.703706482987233
O60506,19.174665739065397,29.92714009906461
O60507,18.074562062023684,24.98043971846426
O60508,15.987627305164537,26.256586329310956
O60512,17.185724940572836,23.916422100988235
O60513,15.370575713479386,25.02055820427935
O60518,16.627369060220545,24.76900501341007
O60524,16.27033250070084,27.092198560823324
O60547,16.953805785166363,24.607440717095233
O60551,16.460211629443574,24.955815367172605
O60563,16.261013440755182,25.555793515181435
O60566,15.565329415854247,28.771992276458928
O60568,17.62553429760371,28.370927552883913
O60573,14.543667855039923,25.689502132002865
O60610,18.194220930990394,26.43425757762918
O60613,15.816712192718066,26.740427245120678
O60641,16.53062747364338,24.155292563143988
O60645,17.575371082150465,26.307812831484753
O60664,18.561980937394214,28.273150255269528
O60671,15.338408392905686,25.569477588012468
O60678,16.83112806290426,24.632241189929612
O60684,15.971533936849871,27.367571297219275
O60701,17.128669016346187,27.667553029501903
O60716,18.295189125239542,27.770036968854406
O60725,17.477059913816667,24.877816859898928
O60739,16.933973364008917,27.92571737979769
O60749,17.319850700554394,26.67113044882407
O60762,16.87770990604778,28.265899521050414
O60763,19.176715817658977,27.62500581687565
O60784,15.843711395250406,24.910610755815583
O60825,16.12938542560463,24.077767664155385
O60826,15.960334442679015,24.977085411659235
O60828,17.723730484232465,27.13473449000792
O60830,15.569984033320484,24.521946388961357
O60831,17.98792827763745,27.32535860117345
O60832,18.915442598235085,27.603084167953742
O60841,18.360708796421036,28.044127453855374
O60858,16.39868683460701,23.669567952884275
O60869,18.329344082306424,28.174529708629763
O60870,17.075228775939426,24.940452253019338
O60879,16.509932208168223,24.44834212988553
O60884,19.370994618174457,26.66312906126646
O60885,17.625907737318173,26.70939680647195
O60888,17.676947503109496,27.091343329738468
O60890,14.785859573584784,28.80440646415486
O60902,14.169361599600379,26.321354780010136
O60907,14.531289867594316,20.483747889598973
O60921,17.125867806435366,24.19110553876406
O60925,16.087641288584727,26.435649931823114
O60927,15.181350417074029,25.48176733942634
O60930,14.790937280198424,24.609229341699802
O60934,15.998524983425376,25.326302690868317
O60936,14.417995538143439,24.896377308548953
O60941,17.129655383328593,26.823035160658904
O60942,15.312580235445811,24.854425963670778
O75027,16.149969216274066,24.201484073952734
O75044,18.65222784994573,25.413749580690087
O75051,16.133148100502808,24.21961178131192
O75054,16.742926963858025,25.77825169977653
O75061,15.219115946462423,24.815570909750765
O75063,17.208397904812745,24.731155739971886
O75064,17.496723250846593,23.723754047585306
O75083,18.949545904243948,29.218796201163073
O75113,15.330019698585128,23.731841155175353
O75116,17.894834140973483,25.903060645158188
O75122,16.712379219802,25.878520861169328
O75127,15.974467545612937,24.200782615003376
O75129,14.966173158785557,24.318222433707557
O75131,17.764442060739515,28.012950281514648
O75132,16.276456136090374,24.270015358900565
O75143,15.786462614006,23.4702024542084
O75145,14.333449823894387,23.84741869968574
O75146,17.321623979164738,25.080887192186363
O75147,15.731393462268272,24.038655553213577
O75150,17.594676204384292,26.202384172143574
O75151,15.520249529937686,23.197280895412618
O75152,17.49528980234042,29.40068162910504
O75153,17.305050263766553,25.881964372528934
O75155,15.042486456488584,22.843419078547306
O75157,16.094985134349653,24.857488779850037
O75164,15.732706736380973,25.483948130578383
O75165,17.453095367302698,26.261487838906596
O75170,15.523806651960635,23.65985166639495
O75173,16.46614057762624,23.81492359637084
O75175,16.691998651308122,25.679014808894536
O75179,17.0263743067589,24.94825628202996
O75182,16.075386631250755,24.106332447914102
O75190,17.04906982132251,26.301175529175868
O75191,14.75960510073599,23.257943188047793
O75208,16.700623041762853,26.721531353052935
O75223,17.41105963386188,27.369847565618617
O75251,16.1101815613125,26.057239113682844
O75306,16.368283381955045,26.501288522509107
O75312,17.723234300893377,26.535313356318294
O75319,17.0459958863407,23.995299805234023
O75323,16.129069454900346,27.065507484345964
O75330,16.4110113449527,24.66246376821265
O75340,18.246023030561332,27.786244794412458
O75347,17.242249777181943,28.601977683973228
O75348,15.73627573755158,27.460636752621195
O75351,16.947548859339705,26.620890600309473
O75362,15.20127413031306,22.98023194537202
O75367,18.97574093378468,30.01598992950826
O75368,17.029488186488024,27.341701038324747
O75369,19.763592179902055,29.28973058693549
O75376,16.50160293522545,24.9948755293668
O75379,17.118786830767263,25.978770881192695
O75380,17.52403548725034,25.25309593608262
O75381,18.203033131122268,26.65556110721924
O75382,18.180827728538528,24.636986475054506
O75386,15.338355466370956,24.07283548329725
O75390,18.39289232211036,29.447574719817247
O75391,15.722039116356882,25.813582017992356
O75394,18.386373775538267,25.823383883922443
O75396,18.361772328175462,28.626558077641445
O75400,19.36535232140888,28.36876467984497
O75410,15.855116260258562,24.444866711111473
O75414,15.081553202174204,26.619068145986873
O75419,14.854476236824723,24.253321137660002
O75427,16.222833824424253,25.22912786535503
O75431,15.843886465047348,26.695208282451436
O75436,17.708191413074545,27.328430766552064
O75438,16.52400282787734,24.72731583158126
O75439,17.20489586691414,27.112503773521535
O75446,16.432122423499912,25.231066599803246
O75448,16.256296974220913,25.15291005548015
O75449,15.500402378894282,23.987319012939704
O75473,16.089851645237843,23.804920740169244
O75475,20.609758139452623,29.488964811464843
O75477,17.207580304713705,26.451647458530683
O75489,17.40886389043248,27.304621923304943
O75494,18.806679150443706,28.938387014015525
O75496,16.170841592272268,24.776768764173177
O75506,15.250733648167406,26.271177408248757
O75521,16.958928745844986,26.283421024259642
O75525,17.926401500199656,26.819863246868007
O75528,14.107168434497767,25.925623878754617
O75529,13.359329998681549,24.594330698282963
O75530,16.153985194758384,25.924936812689037
O75531,18.360810799211688,29.657401619626718
O75533,20.63180052442008,28.933358713464116
O75534,18.309019014628486,28.109087776905046
O75554,14.818560708644917,24.94310182258142
O75569,17.77393472383464,27.12120603673508
O75586,16.285759452623925,24.476882513000668
O75592,16.487251663164322,25.05234285147484
O75600,14.139463685974125,25.180793582979682
O75607,18.256132501679517,26.236320484347857
O75608,18.12212072703285,27.5654618171247
O75616,16.460151089665803,24.815699565680436
O75643,20.17603026493033,28.854507819977922
O75648,14.48299151648264,25.808445493987637
O75663,16.99682652802066,26.784311844963277
O75674,15.983113779423334,25.600490635457152
O75683,18.094367167029223,26.854593450288608
O75688,18.109713263930082,26.30019203061966
O75691,17.63385753942126,26.081722857441157
O75694,18.857007353973785,28.326902767173713
O75695,18.555691055463456,26.02722146009571
O75717,17.781185193737088,25.898821600642105
O75718,17.415482659278737,26.693229996413613
O75746,15.730261551200112,24.422862710761954
O75781,17.41557398538728,25.98577008287516
O75787,16.59473801111711,26.050534987589717
O75792,16.979596381651724,26.866580638968905
O75794,15.95068001189997,24.88360469674492
O75808,12.913294996515761,25.193870208092353
O75815,15.852243427476706,24.91307424925968
O75817,16.54433470560721,25.98779877187898
O75818,17.289183628893877,24.355750045210133
O75821,17.57067499880771,29.0265408998899
O75822,18.701016025362676,28.06063946530731
O75828,16.97734030288823,24.872660133898275
O75832,17.64637741032394,25.991051067961582
O75843,15.171370468233654,24.254525011322546
O75844,18.51211306377503,27.116849075815793
O75864,15.863419985184999,23.84993581579417
O75874,18.237098366457932,28.165781822524018
O75879,17.30437330800079,24.49073491346475
O75880,16.764832055133617,26.235128836155354
O75881,16.454112555313642,24.32590785142265
O75882,15.319711866008202,24.210357803776734
O75884,17.467765174732307,24.87118214934198
O75886,16.813476423096628,25.04033628440007
O75896,18.004412877210704,23.69119006061219
O75909,17.992554287546028,26.38428656794062
O75915,17.306838553885388,27.432540602179994
O75925,15.707643666701095,24.45399700005249
O75928,15.848835673038579,24.242388975074746
O75934,16.239466732370936,27.343774547184452
O75935,17.563021447288268,27.171488466752493
O75937,19.121784708131106,26.865787439147084
O75940,15.600443084667186,27.856657400735976
O75943,16.333484357700794,23.572264047787243
O75947,18.34356252496433,27.957871239096654
O75953,16.70928982787802,24.47119792218759
O75954,14.964239022299239,24.182624172594835
O75955,18.342144061179674,28.025649252138017
O75962,17.47682925142814,25.37114320624889
O75964,18.09817005080486,28.69398826324031
O75970,16.55969464686645,24.106591240270003
O75976,16.81660349787872,26.60303963959839
O76003,18.836463968554884,28.201872311298047
O76021,18.728045664613944,28.230678729975722
O76024,16.37365727309672,23.633924245399495
O76031,17.453865685151655,26.828359466464892
O76054,15.648260106914005,23.710905912587283
O76062,16.234082427254414,25.806242256729337
O76080,15.29890110294408,22.318292896323687
O76094,17.705553307832158,27.830090961280966
O77932,15.363030558611966,23.917420613694052
O94760,18.87508407184082,28.931350554681064
O94761,16.50165341613635,23.475334345104645
O94762,16.068629948593802,23.299818823857827
O94763,17.048538208353172,25.689774751486038
O94766,17.364572574779856,25.70761519070034
O94776,17.815751340754467,27.50796801601145
O94782,15.571713196740216,24.510315071245294
O94804,16.380813696936297,24.88952452647892
O94805,14.190522783574382,24.567388207321365
O94806,14.457899393363823,24.36213492632185
O94818,13.66140308933062,22.232316106304307
O94819,15.9539515910896,24.16643894697655
O94822,17.012886015282973,25.159396564099787
O94826,18.919788513789776,27.85881992172771
O94829,13.999985030552407,25.051040373156656
O94830,15.568773774747852,23.007003648418465
O94832,16.14170776066864,24.094460496058378
O94842,16.548148798748596,25.448113731617653
O94854,14.754023999259806,23.011419735164544
O94855,17.585974779349623,26.985258109997403
O94864,15.548912495402616,24.58403963334606
O94874,18.682130827975122,27.481601455708446
O94876,14.286681807064543,23.301847326104017
O94880,16.743148303446496,25.86716804590688
O94887,15.08446530287141,22.405186528989525
O94888,16.965983017243616,25.87564942875496
O94900,15.468138544922942,24.593511003855564
O94901,17.412315956976485,26.501059828373993
O94903,17.726266729176686,26.375575193877644
O94905,17.006882674686242,27.124710155579958
O94906,18.434566401100547,27.660080731875322
O94913,17.477942153658137,24.70627451951595
O94915,16.94093255978824,24.768342603245916
O94916,15.015498103696162,23.978249819786082
O94919,16.204083158771578,24.387191433723032
O94921,14.479574823637936,23.519604461476494
O94923,15.66198522912292,25.728153631213257
O94925,19.057940353606153,28.220663585216688
O94927,15.607730525187517,24.871587486900776
O94953,15.696364376096307,23.39168609195412
O94955,16.012916414750922,24.884686457783115
O94964,16.77166054554668,24.670755339234873
O94966,15.797266900534451,24.87859977254618
O94967,15.63596793687792,25.173391824761037
O94973,17.301095579288173,30.1290101705625
O94979,19.29352497206711,27.8390357329846
O94992,16.232807382966815,26.28760884062731
O95067,16.656263307099515,23.335784708658075
O95070,14.6835646054448,25.476899164562155
O95071,17.25176685574592,26.54128740359534
O95072,15.137830891540874,23.887853041733944
O95104,17.591505667553,26.414997335396343
O95139,17.284201761614803,25.677580725048987
O95140,17.146960565534453,25.456158267618715
O95149,15.914342422206005,25.141786010029872
O95155,17.504948395984098,26.324695752198906
O95159,16.62639331403546,25.670755942433892
O95163,17.024860246719218,26.12283367428574
O95164,15.264626590757569,22.947875090667043
O95167,15.991041030001192,26.236608769966743
O95168,17.39575808880826,26.776512479835816
O95169,17.05214488197563,25.414657098751174
O95182,14.925141630341889,25.50705066690764
O95185,17.054215316091067,25.447384901186343
O95197,14.864184209707917,28.7747351644081
O95202,18.266880463095955,27.047523264056608
O95208,15.923024261015248,25.637617710376468
O95210,15.957438017458252,25.277956102152427
O95218,16.479983123494442,27.41744255460166
O95219,17.71547083621929,26.17934878747481
O95229,16.46053188793674,25.502658474968054
O95232,18.271411656755255,27.298271089057884
O95235,17.67563216125435,25.17439096850712
O95239,17.435604342069198,25.990318508295957
O95248,16.020902373736078,24.117290124425313
O95249,15.033357897537044,25.475169805234856
O95251,15.904972772481248,25.68326787323792
O95260,17.780439484276098,24.73221127137236
O95273,15.012446169485541,25.19027350980467
O95292,19.154533256099523,28.079393190779804
O95295,17.139926023023257,25.774721175914845
O95297,18.394088339835065,26.583893829998907
O95299,17.26562710185442,26.489315423651252
O95302,17.252633405053203,27.15737627070658
O95336,18.257720533731405,28.179015425486497
O95340,17.836240248738665,25.439957107699417
O95343,15.200138765874987,23.498476978076432
O95347,18.518164686216007,27.601457308261185
O95352,17.083318995889506,24.421602466925407
O95363,17.420346111865737,24.617481730040566
O95372,18.29652402598967,27.195369337942086
O95373,18.300928362650723,28.733386415883714
O95376,16.091402877934357,25.233694845885005
O95379,15.332531142510616,24.67081268702885
O95391,15.838393504784243,25.123660697944626
O95394,16.948793255624484,27.276754391426074
O95396,15.532207209714093,24.10272342483143
O95400,16.59515030408786,27.244162058280814
O95405,16.33483349899589,23.595307797781444
O95425,17.088903808113784,25.043360727731674
O95427,14.933878954563955,26.451359084012925
O95429,13.504158966679293,24.51956631091167
O95433,17.868003211795045,28.860210115427456
O95453,17.56095273344374,28.208751017419967
O95456,15.956288081126853,27.784773109343355
O95470,17.59185369555207,26.24281544004711
O95478,17.645879451044866,25.326106925195866
O95479,16.482340997466967,25.616994219877206
O95486,16.416855901750207,25.26642895115158
O95487,16.50158013012796,24.86779335553104
O95490,17.644053654536663,27.23516304258931
O95544,15.18822069464545,23.984747780381454
O95551,16.50944868919443,24.2718075843307
O95563,18.997482060121825,25.942031575537374
O95571,17.7719894230897,27.32725730657058
O95573,17.22846689676615,27.031994742509525
O95602,17.229145827083407,25.94444978544714
O95613,15.80728690835911,24.58584222945158
O95619,17.478123093712057,25.48388233974018
O95628,15.481613565513692,23.56875809373199
O95630,16.101948424617213,25.643850438663417
O95639,14.884708884850491,25.151074427968403
O95670,14.876793740319075,24.23121077815567
O95671,16.5665536152769,24.06316266289428
O95674,15.391296964396778,25.62850766317747
O95684,17.119133674628593,25.2691430555957
O95696,14.585693662080876,24.394801006401085
O95707,17.147911445737986,24.574442584309512
O95714,16.783508812911897,24.423178054044357
O95716,17.83627670382138,25.447322361817122
O95721,15.509337237549785,26.581308548862534
O95747,16.162014790980045,26.890888982809184
O95749,16.621485676386815,25.441298483284193
O95757,18.664328816706053,27.37047961047524
O95758,14.393869265135834,25.66650442432312
O95772,16.380338822937066,25.78075047864191
O95777,17.447913245390072,27.67901058150595
O95782,18.06622937089852,27.286605698210078
O95785,17.657875032289695,26.226721534685723
O95793,17.75937523954233,27.258389322804316
O95801,17.64650597499701,25.36471551476588
O95816,16.382581896697992,27.045916932273173
O95817,16.827329677639526,25.26151129050736
O95819,16.2700240655429,25.659986649696986
O95822,16.741630776080214,23.834598738720263
O95825,17.411883883193216,25.01747108448564
O95831,19.290915211447782,27.965153273963477
O95835,13.579288827859669,25.136130167302067
O95858,15.79044387222396,23.316319515806562
O95861,16.843101858256944,27.30173460265408
O95864,17.18339921593605,27.368229045121023
O95865,16.371861933221762,27.910205825170685
O95870,15.867815000657338,24.628581575078524
O95872,14.172561119493622,22.99137288857085
O95873,16.407201973425032,25.968777055606637
O95881,19.110636997834504,28.971058035357107
O95900,15.842655947350144,23.192791105320225
O95905,16.732413013482823,23.844149554905528
O95926,16.183520308102356,25.733923136736706
O95983,17.622785395766655,26.63979031315997
O95985,16.076190787900003,23.733482889978415
O95989,16.121116947541882,25.874642395665322
O95997,15.963072401245599,25.840396388997647
O95999,17.934083206116185,25.02940340729569
O96000,16.60588658348165,27.295862891261457
O96004,15.840741049443318,24.01079143622653
O96005,16.321905229727392,26.531302392192288
O96006,15.960506400859295,23.59979902418905
O96007,16.05466331271703,24.06325196405089
O96008,18.390133919199126,27.987339238316196
O96011,16.949937251755223,25.189024528245202
O96013,16.74715757257168,25.253454500832852
O96018,14.28198627551495,24.286579264098442
O96019,16.098336520151523,28.576955611455055
O96028,17.27358466879189,26.032365189220574
P00156,14.716885894064008,24.069427067139863
P00167,17.012748918815074,27.864946858295912
P00330,20.958995961337777,30.01064617791261
P00331,16.1654611440473,23.794761798188112
P00338,21.01902960013254,31.974955798373028
P00352,15.590640894633445,21.950926401775405
P00358,19.052298365785266,27.99446523339012
P00359,18.77763599756124,25.512308349426316
P00360,17.611727145506705,26.17114808844491
P00367,17.298418530383827,27.340021740341143
P00374,16.621931380059753,25.48050514918274
P00387,16.466284815447793,28.21982884272429
P00390,18.48472024771611,27.348629502453793
P00403,16.190328130171753,27.76817138447075
P00431,16.92220073322472,25.075731663588495
P00441,19.1367805568787,27.677570893128916
P00445,18.540376235282945,27.305564662171157
P00447,15.369125242142694,23.716823123748476
P00491,17.824399843118677,27.518427375470825
P00492,17.58961737927734,28.23610684241529
P00498,16.349259282709774,24.992515237991224
P00505,19.756080997698227,29.70247726910265
P00519,15.950404545247297,23.737978835221664
P00533,17.476825033258244,26.006346162257692
P00549,20.07015938787317,30.730059542238514
P00558,19.953079921968943,31.607420512596402
P00560,20.84942762760947,29.88227759873135
P00568,17.18994212174414,27.49970990352617
P00729,14.943924530634765,23.358764534710904
P00750,13.94876995207337,25.392727305669958
P00812,17.43584141891104,25.472772726318816
P00813,16.772055490390088,24.369309724139164
P00815,17.349603469830857,26.624742946208766
P00817,18.053976775331464,27.668796987314277
P00830,18.112092271704416,25.84419331137485
P00846,16.83975349591969,26.50189944459952
P00890,17.30975347024009,24.120236215923697
P00899,16.03775688130168,27.01061264784633
P00924,19.54157864347539,28.78955291519
P00925,18.620620653702186,30.56929352079482
P00927,16.271767873477152,24.35183520903853
P00931,18.68128440134231,25.200948666658636
P00937,16.003096105471123,24.13861629649653
P00942,18.894552438956218,29.63365015419467
P00950,18.393680654430355,29.650778199152562
P00958,18.459114585383638,24.93209224770887
P00966,16.55088503703354,24.24770062333157
P01008,17.207752503000993,25.37109832758354
P01023,17.18504639975306,26.287471810523872
P01034,16.18543591410292,24.90570232540584
P01040,16.31582351534844,23.967055328537867
P01097,15.321926920818655,23.691002579904627
P01111,18.753982511837297,26.407190649114433
P01112,16.95398609898662,25.953334786278695
P01116,15.893225756408322,26.997365218321278
P01120,12.507424188657401,24.40279772286529
P01123,17.110992651869427,24.2379293237333
P01130,14.532700736698345,23.991497539890645
P01137,15.468290565688031,23.80491827912325
P01282,17.48427743359966,24.90606657107019
P01303,16.130343615686236,26.45817924476851
P01889,14.327624735210751,24.925778566877373
P02293,16.373105251289342,31.606825450903937
P02309,16.279207075870865,26.260101227491386
P02400,17.343225917008514,29.234814373391004
P02406,18.621429250192417,28.51139423572769
P02407,17.31031647927642,28.22823781185414
P02461,14.935551444991416,23.02825480111043
P02533,14.222404245832307,24.982495133181143
P02538,15.457904468582301,26.12590823253372
P02545,19.850669740248637,31.27110740243253
P02557,16.432998977181192,25.068321491497926
P02649,15.27251916585461,24.859162186454387
P02748,15.864270473545396,25.86621482742644
P02751,15.680268491361437,23.29932355698331
P02768,17.54950681231854,26.26383982772448
P02786,19.21852480625253,28.175303179262404
P02792,17.285261910886238,24.927766390110875
P02794,16.93226493440091,26.77912939965369
P02829,19.866431804440815,26.629091415829794
P02992,17.307556154994337,24.05586121557724
P02994,20.882645785535207,31.169102015085272
P03965,16.09817577489992,24.57787454781188
P04004,17.671148645646674,29.85592771196863
P04035,14.441298322847787,24.298660085726322
P04040,17.667141579424303,27.178831540197955
P04046,15.44644622254909,23.52991287018827
P04049,14.171759815999627,24.787811363681293
P04050,16.555289150774012,23.839954080191006
P04062,17.659097109280452,27.645783636643618
P04066,16.61137179933186,25.26379675395462
P04075,19.16454214215283,31.682698617491553
P04080,18.436190046396717,29.024898273439895
P04083,19.07295701926211,29.106537684279047
P04147,18.89074817424896,26.67915931144609
P04150,16.104942201750095,24.201301268208574
P04156,14.171311875746612,25.358289579669254
P04179,19.00862462115692,29.190212960429378
P04181,18.256964041578012,28.4629124711907
P04183,15.66941816079072,25.45490043899287
P04216,15.13070810132719,27.938296672410132
P04264,18.173879122889147,29.18810366793344
P04350,13.179826957546174,26.65565531694911
P04406,21.50629741038058,33.99159680747441
P04424,18.453702479093607,26.746444950865772
P04439,16.852204772194032,26.934469011696628
P04449,13.549382809846712,27.223733278072142
P04456,18.76542354011835,28.583790692924477
P04629,15.127943017794182,24.604025650237443
P04632,17.30943380920002,27.397500881166724
P04637,15.769295061110945,25.09203606995624
P04650,17.48128044943392,28.62895673105844
P04792,19.452394489677204,31.753441119202662
P04801,18.56872663997282,25.58894336062982
P04802,18.225866883034474,26.153885008867853
P04806,16.176180682607733,24.12645785017979
P04807,17.908773550121893,27.60109926145675
P04818,16.563311461326347,26.922712158635402
P04840,17.24097451398802,27.746544229926155
P04843,19.215432672176387,29.24776697153012
P04844,19.19041275972117,28.822818025161542
P04899,16.00456408099586,27.738432640392233
P04911,18.47271767483845,27.346847516662336
P04920,14.869489904024212,24.052364315681906
P05023,18.66667171211285,28.958878205167935
P05026,18.270665809127557,28.200058487412726
P05030,17.193410014464856,27.266445128884566
P05060,17.64563955338531,30.161875955082074
P05067,17.274198557501837,26.0475544066077
P05091,18.03532749864449,27.78773116836999
P05109,16.36988873425125,24.633286226546552
P05114,17.389301669798282,26.07571313147845
P05121,16.983507288891513,24.75029070433498
P05141,18.033830551777015,29.312458867389733
P05161,15.801254877630374,24.700680738307163
P05165,16.3212700557058,25.558410796328694
P05166,15.980417421446967,24.67693271892274
P05198,18.49643621992976,29.11436554896542
P05204,13.526931575321733,26.551539225198297
P05317,18.74138589660621,29.44444727341052
P05318,20.05083854732556,24.60002250975953
P05319,18.809623387289516,27.58534209531411
P05362,16.54549021894443,26.6145472072178
P05373,17.049628073604165,24.539281045526764
P05387,18.976759792068478,31.56856740877503
P05388,17.709757853577955,29.62743007656153
P05412,14.905235932846873,25.03264651281578
P05423,16.005969948868426,24.762382697729542
P05453,17.678180823346615,25.94305923606766
P05455,19.525382367542143,29.700333165993168
P05556,18.733045562938454,29.612761938206162
P05626,17.9860833997048,24.372031881913596
P05694,18.687562440044147,28.547777354005408
P05738,18.56925466922258,25.32320041168809
P05739,16.992387767102496,26.864253306375804
P05740,17.995553157910766,27.090739332810347
P05743,17.950119521437838,30.01575643959417
P05744,17.613715856683605,27.33842663499881
P05748,19.792272764336413,25.222574232395274
P05749,16.790056136737388,24.965939297367896
P05750,19.646907299651506,28.752437118767556
P05755,16.416128584802838,24.009196207165854
P05756,19.481961329053437,27.73198792864433
P05759,18.270605133138652,26.96774439126037
P05783,19.04203939269455,28.77455075545835
P05787,18.079864342053895,28.634108149059056
P05937,16.125759464842666,24.498270981747908
P06101,16.656334729266465,23.817493413305286
P06103,17.170910230008268,25.09421505209702
P06105,18.80544280702254,27.915337822171075
P06106,17.866957708209018,25.027923104239473
P06132,17.527720326294432,27.121394027417942
P06168,19.222078140407337,28.19752376421294
P06169,20.46318192378052,31.205323575757426
P06208,16.742549795050323,24.257378130698502
P06280,15.690722630121474,25.986596598017247
P06367,17.64841352655624,28.276995259291454
P06396,18.451327105110362,26.70492062188886
P06400,17.448671145542573,26.25161652771579
P06454,16.476782719059077,28.090870009725624
P06493,17.755928133927494,30.16516619928248
P06576,18.781633725699546,31.193920485019373
P06634,16.945660820256688,26.507260147636607
P06702,16.511569062847993,25.400630457191387
P06703,21.00110257210822,28.6842270764365
P06730,18.06477354671495,28.55793652230536
P06733,21.620712939390803,32.96632678808469
P06737,16.998843997016884,26.154699622421816
P06738,15.145060705403573,25.621933448632245
P06744,19.859006447413595,30.3481008231571
P06746,17.717562414026723,24.920740554797845
P06748,20.719251073740043,32.23939541657592
P06753,15.463338851910994,30.67174214129573
P06756,16.90504652178464,26.24928900358067
P06780,16.35469034085717,25.18956734414365
P06782,14.331489767988115,22.29332092989638
P06785,17.052851037612086,23.463915579295122
P06786,15.958653603893215,22.404144069574706
P06787,17.719243301564582,24.91612652272834
P06865,17.013555455277526,27.350671167825944
P07099,17.192514204674733,25.522104053041208
P07108,18.24469799450433,27.795811683828166
P07149,18.909900015881814,25.91718256337212
P07170,19.098308433866357,27.279158354003275
P07172,15.372217665052776,24.20747535633816
P07195,19.805188608131758,32.01590240190723
P07196,18.465074706942968,27.90547464237185
P07197,18.87795393966842,27.74219354745122
P07199,16.599702027070755,24.603864968200334
P07203,17.242082423394066,27.515474968950667
P07213,16.831945713138744,24.343744193572242
P07225,16.33103582601198,24.385577345043345
P07237,21.163477086875442,30.963949325226338
P07244,17.31912036874655,29.77039725152512
P07245,18.36521083311102,26.114818141830092
P07246,17.534760593530645,24.893268799170706
P07251,16.45079187502175,25.7745393833251
P07256,15.56524887979247,24.681285674042623
P07257,15.358269783072188,24.08538249670765
P07259,18.943465902728235,26.684941127840514
P07260,17.180515591420917,25.37278558032189
P07262,18.541565536054122,24.64510755220002
P07263,17.129263896278516,24.610270708081107
P07264,18.31745398159467,25.238128216356213
P07267,17.436194791813968,24.901178697544147
P07273,15.275328485639125,24.570183808032645
P07275,13.955997039984613,23.214785559622552
P07278,15.14706417897747,24.815095108859683
P07280,18.959150221910523,28.617225413692257
P07283,18.563159210604773,25.81476310367115
P07284,17.800635157466825,25.992287144482038
P07305,18.116125208338516,27.697358555983158
P07311,15.552673049632007,26.500396881411334
P07339,18.16912086677076,29.58068885701441
P07342,19.39399187400228,25.209724384828796
P07347,15.662720013315502,24.727494367908136
P07355,18.556501876043225,30.713425217445547
P07384,17.797454663947036,27.606790552987533
P07437,16.342713132984937,32.609454079284916
P07560,15.932354297108239,25.404522899199982
P07602,18.81839530260307,29.994576454365816
P07686,18.42752748569627,27.878427100065327
P07703,16.550975494530032,24.04939312462642
P07711,14.784767740765329,25.33205974034925
P07737,19.589678696094175,33.21461692748332
P07738,16.19487238131606,24.998394035391055
P07741,18.911466404537606,27.35747349449913
P07806,18.328069105102227,26.59663659415245
P07814,20.631319476623144,29.322991618279662
P07858,18.527113985584737,29.539123163410576
P07900,19.902831787865885,32.80268359850942
P07902,18.046819671879298,24.143936430382105
P07910,18.88596506845698,32.424001299122516
P07942,17.87542209980431,27.66715167672511
P07947,14.675877113712254,24.924031618469346
P07948,18.5281405678876,27.62086028104231
P07949,17.10580026010716,26.89825809381691
P07951,16.262179651141626,27.538569659496016
P07954,19.64837756663389,29.008081794790307
P07991,17.21261939736398,24.109390789771403
P07992,15.350589212830863,24.54938663211088
P08047,16.660829161819727,25.209487538641763
P08067,16.893896348471635,24.033251082162874
P08069,16.915173112118246,25.775226388742414
P08133,19.50712607278484,28.60730677457144
P08183,18.56659493748802,28.01885867109456
P08195,19.14737533077801,28.230347994774682
P08236,17.973751170437836,26.143531294958358
P08237,18.006609516526623,27.652519613222292
P08238,20.300522003523938,32.91921541351152
P08240,17.641680175198097,27.239278511003633
P08243,19.07131911039158,28.15486432920229
P08247,16.224113563666105,24.142305829983894
P08253,16.196434355574826,24.468443385011774
P08397,17.35015937514535,25.624069027411327
P08417,17.181491351827717,24.53779408080358
P08473,15.875646094703784,24.228747951150783
P08493,14.347007428236632,22.947091472724384
P08518,16.551518671169973,24.03714113958196
P08524,16.920384260489687,24.886322195286734
P08559,17.283352465930697,27.465643671520805
P08566,15.78971116908364,23.981072805286566
P08572,14.838957674201383,25.061655053551064
P08574,16.129394482031092,26.67660956161316
P08579,18.93966252053904,27.795971211378376
P08582,15.073749397032389,24.308815500004183
P08621,19.392554942387054,29.671589160034337
P08648,14.541972213942264,24.594127520149705
P08651,17.211384842282605,24.893485916307526
P08670,21.110854121159157,34.25760568149827
P08708,19.532150936329646,27.91768462648808
P08729,17.798302609333472,27.216222744953093
P08754,14.734142604733492,27.51311983293731
P08758,18.856879379618476,30.323190240328273
P08779,14.544344668282374,25.418445445527432
P08865,16.928217435426227,31.15912936339295
P08962,16.975540919407198,28.343720899261584
P09001,17.08157740383545,25.826313614120018
P09012,17.389592130187506,28.66014126833962
P09017,13.742116769109463,26.407119966080835
P09064,17.028993826134673,24.707746849013777
P09104,17.87521619219806,28.355890953360866
P09110,16.341559534561227,25.120703935095932
P09132,17.443152302941726,26.0191847099937
P09172,18.571372880420306,29.910754892985896
P09211,18.64174519770753,31.306117785473973
P09232,16.454380376526792,25.266037931611685
P09234,17.59186732767889,28.588750875668644
P09382,20.710344928660664,32.1951485791824
P09417,17.102649144725024,27.48800105808492
P09429,16.607122747639064,30.521977003097973
P09436,18.336849386950032,26.44704845474236
P09440,15.742896490561042,24.461352521596634
P09455,19.197887536111732,30.52796427785194
P09457,15.084466410174672,23.638383212537402
P09471,16.70271286420882,26.78911873543507
P09486,18.16797995569252,26.29603110574249
P09493,18.148576710690026,30.284653039562695
P09496,19.127284459367445,29.341241866288343
P09497,17.257477775050706,26.460843889722458
P09525,16.794611742634476,26.954129849581804
P09543,19.148941707160642,28.52470145055953
P09601,14.942832747724577,24.680226549329358
P09619,15.960929081976929,23.975922263509766
P09622,18.661744063886555,28.325656504703055
P09624,17.833858604203158,24.297280187441693
P09630,15.44887783514772,23.669007758597377
P09651,15.579722620461753,27.81493034801385
P09661,17.910498687978727,28.795417636068063
P09669,19.31780659051325,27.974195403662918
P09733,17.844129532345626,24.515856713017968
P09734,17.72152067883291,24.47174038610889
P09874,20.66166749920447,30.27609159246058
P09884,16.734302111393763,25.18500554109897
P09936,19.50996448552931,31.915231896442876
P09938,16.91793659020787,25.609333521564555
P09950,15.120019519992946,24.851195445907553
P09960,19.109388839478534,27.58545430398772
P09972,16.56942598369889,28.134646694157606
P0C0S5,17.90511519302529,31.856657278926775
P0C0T4,17.462484965180067,26.524562333814185
P0C0V8,11.153332972425167,26.143451336366955
P0C0W1,18.699431699432537,28.109014524088522
P0C0W9,17.66672989776372,28.153711448854448
P0C0X0,16.93559518134526,28.34210413105584
P0C1Z6,18.323670233063652,23.934497961084794
P0C2H6,18.31932665732361,28.23379378202273
P0C2H8,19.11106246426789,28.147873312454664
P0C7T5,15.428363717056857,23.521901233397855
P0CAP2,15.88962575933904,24.027623838359933
P0CG12,14.472779883910341,24.295290611471902
P0CG29,15.826946064070073,24.844315712270625
P0CS90,18.263678776449037,27.777965357637722
P0CW19,16.35495847760872,25.375497768964845
P0CX23,18.165941453858775,28.342014554261176
P0CX25,15.011775486614667,25.860713238799196
P0CX27,18.824915764072284,26.476504511019176
P0CX29,19.576853604351903,25.364847905503613
P0CX31,16.419236893947915,28.66041525315446
P0CX33,18.82958282065465,26.62856753553865
P0CX35,19.425366039601606,28.29220733890026
P0CX37,19.070174240729227,28.33095944515112
P0CX39,19.504482355201443,28.490229843095236
P0CX41,18.534074162484313,27.060212237974685
P0CX43,17.992981104337275,28.151642126037498
P0CX45,19.172931028890417,28.12923676597396
P0CX47,19.866310223219006,28.20054138865151
P0CX49,17.6636377823072,28.01607634751833
P0CX51,19.453267150323224,27.999614841814996
P0CX53,19.774674285672045,27.910598136153187
P0CX55,19.462614699186943,28.769925289855948
P0CX82,18.282125408855023,28.10982806940058
P0CX84,17.456878163366873,27.65423056705354
P0DI81,15.717677493950085,24.63631279872218
P0DJD0,13.456514848251727,23.382923185077843
P0DMV8,20.06251614972243,30.850174444158757
P0DP23,17.350013294420048,30.109814742760857
P0DPB5,17.05070928781644,24.15994099408372
P0DPB6,13.48143350783835,26.554336959267104
P10080,17.774979186558113,25.1357602984671
P10081,19.002890767338364,27.89896162538764
P10109,16.25957121508867,24.834159833685444
P10114,15.693593615810816,25.59229902556971
P10155,18.811076369629035,27.58771262023071
P10253,16.71659536222612,27.556835899633636
P10301,17.07121755947363,25.788843490965327
P10321,16.049746043006863,25.52258461407855
P10398,15.229243171114739,24.01000471685455
P10412,18.13089880373676,26.279985864518345
P10515,19.119205931716902,27.698825218743348
P10586,16.869697052131787,23.769864824756134
P10588,14.839962539054689,23.83912394988911
P10589,16.07207397045552,23.51720669422294
P10591,18.730818210913498,27.668053041409916
P10592,19.033692429517544,28.889932782521367
P10599,18.80091927454844,30.51808776539852
P10606,19.288247805574645,28.709450262336944
P10614,15.197045344977845,23.49314289396955
P10619,17.64661413858672,27.81119184831918
P10622,18.527647538141448,26.04467489279949
P10636,16.669939748429748,26.28204815389399
P10643,17.208977154778175,26.002887713602117
P10644,17.305528901652526,27.26872660262777
P10645,16.98451525533522,26.06404323118561
P10659,17.149614824061093,25.781401514084124
P10664,16.743617110298604,28.611560210572296
P10746,15.795644159096897,24.23439031884999
P10768,17.236884025166287,28.23224479856626
P10809,20.429415936507798,31.873586330023866
P10869,16.197132141718985,23.54367108151428
P10909,14.570186583451955,25.03699023935805
P10964,16.915634198944527,24.09655399256036
P11021,20.583386278899248,31.766358383745366
P11047,18.004714793526595,26.260062212762477
P11075,15.513791016728419,24.90487267697325
P11076,15.07388172415335,25.561279145453874
P11117,16.328463601480898,25.76060679093361
P11137,18.464918014044255,27.358330640966802
P11142,20.822641104774853,33.128945723789556
P11154,16.862560883461654,24.202039092585625
P11166,17.953381551592507,27.825007036948723
P11171,17.90437413506692,27.456266208446998
P11172,18.67683958187565,26.931823697150527
P11177,17.761085425488346,27.976648721946308
P11182,16.469329749605137,25.359537638398514
P11216,18.5399235201669,27.133271698448112
P11233,17.531114636771207,26.79913587272882
P11234,16.027701541267355,25.690427922272633
P11274,15.158901279625669,24.084611101663537
P11279,17.70110189868049,28.24711442646734
P11310,18.662520265835216,27.813464204854878
P11353,16.5584111462937,25.193531113023024
P11387,19.48738403738801,28.50591913960487
P11388,19.605665608684603,28.19905630640809
P11412,16.58090602319987,24.21276612849703
P11413,17.478485248087335,28.55759915594145
P11441,18.293339473572804,26.220534605377203
P11474,15.924590389519299,23.355449365277504
P11484,19.167156560135112,27.37025271605461
P11498,17.44803118505281,26.366117199139293
P11532,14.792091243315443,23.412158261250095
P11586,19.237569781896816,28.67503843561923
P11632,16.44360654414495,24.942484705891196
P11633,14.62047911762569,25.097419061806
P11717,18.935026601248385,27.257089016058305
P11745,19.007386858913822,23.81095684896068
P11766,18.290933654869338,29.01907994424701
P11802,17.00492962583683,26.855600274608488
P11908,18.087712999687994,26.99658346005306
P11940,17.75847590197061,29.71344379191
P11972,13.56119484966189,26.00095079368058
P12004,19.357340513656716,29.70399334312089
P12035,15.571483653436525,24.952527965067464
P12036,16.354630601486527,25.975705188357175
P12074,16.724721828617668,27.075029347453523
P12081,18.680632287936913,28.182583502581014
P12109,17.257721454356616,24.504532855882076
P12110,16.510691961317175,24.61458427025609
P12235,17.176485496592818,27.111121760617223
P12236,15.64947344127095,28.60555591430894
P12259,16.274976664525852,24.628353171089184
P12268,19.446230681561673,29.073194650666515
P12270,20.76703470718751,28.556931127675828
P12277,19.083191852162646,30.870618062326372
P12385,17.964399158691084,25.33222049144853
P12429,18.338844809820024,25.689785768921855
P12532,18.110739702259117,28.58170447223711
P12612,16.51889184872749,23.93699447324241
P12694,15.970920967013672,25.52983037104791
P12695,17.345645491068122,25.00955306650779
P12709,19.95518857748468,27.92719064834405
P12754,14.190630291472818,21.897544154206553
P12814,20.482449702473176,30.01554998371987
P12821,15.536213870183802,23.865241380772183
P12931,16.058965469799404,26.454014451445428
P12945,16.234600661376774,24.556083667405954
P12955,17.98178688910836,27.873325955718077
P12956,19.846160772908352,30.02572729839055
P12962,15.278345516352216,23.541475498084903
P13010,19.756226215498025,29.95718885892962
P13051,15.441003278823176,24.216635674097425
P13073,17.537456418101353,29.24485917429215
P13188,18.33839683291208,25.929893943793257
P13298,16.612946082671584,24.988122373589274
P13473,14.935238883294303,27.569008306994977
P13489,18.368037255260283,28.11401457574936
P13517,16.594128914640468,24.12247897002427
P13521,17.618396018047683,27.061966506322076
P13591,19.057585257272255,28.51907146062271
P13612,16.667278819048253,24.5111938177348
P13637,16.726443474123467,30.453562596169064
P13639,20.52802527763737,31.5448787442056
P13645,17.623370940413967,28.765119459567842
P13646,16.345491820146094,26.380939679422195
P13647,14.424920776402013,25.5029886582565
P13663,18.91188957040755,25.96653492799278
P13667,20.725696179804782,30.938473153553282
P13674,18.839519675277288,28.093381870055723
P13693,17.562598949034314,28.968366026780988
P13716,15.701650532215478,24.654613067736726
P13726,16.672231699802357,25.864667178903954
P13796,14.170068752412508,22.5786707464347
P13797,18.299225014322495,27.668947984037352
P13798,18.526887369698024,27.686562050021
P13804,17.96842746027535,27.411609607557867
P13807,16.498659733393673,25.366474334782314
P13861,17.246746009826275,26.70295636650887
P13929,16.16681715909601,26.924396556100202
P13984,18.70986743401515,26.676204577014715
P13987,19.713488855932493,27.799871357840516
P13994,13.91073158731783,23.898978005652104
P13995,17.561282972266337,26.70573178867337
P14020,16.447521621935078,24.173606690489745
P14120,19.113427464488385,27.327046446794334
P14126,19.497947090849863,28.124703906743278
P14174,17.155931272907797,31.50064336128434
P14209,16.563144621601893,26.883872285049183
P14314,18.226967876722163,30.7556211663515
P14316,17.89503253274436,23.510907016542973
P14324,18.146976139504435,29.629518417727656
P14373,16.195651497457487,24.647401423730678
P14406,19.24868416416943,27.959557482546924
P14540,20.873910410095622,30.345941276490567
P14543,15.643494907228984,24.115769611212134
P14550,17.956490924206047,28.0990479393253
P14618,20.782728054649237,32.79493161177573
P14625,20.97566490901296,31.828171800433886
P14635,17.801467342371232,25.909317506199695
P14649,18.13444604108986,26.957731972782252
P14678,13.445757218457025,25.243725675512444
P14735,17.748922553203435,26.556588518719416
P14741,13.567306494672373,24.6863797134961
P14742,16.504502204923647,25.508515592733907
P14743,15.419960890858492,23.584420883026592
P14747,15.349572084013081,22.64369371893533
P14832,17.439862394986154,27.69968561750089
P14843,16.792062130027947,24.516674791379778
P14854,18.224739146070355,24.306674119781675
P14859,15.403722851664341,24.770207315125937
P14866,19.263027870478258,31.07593068156587
P14868,19.41690972534525,28.997676244642335
P14904,15.61230905853415,23.67275810013919
P14906,16.14455163515729,24.158363066584865
P14907,17.443404142866935,25.281012795225152
P14923,16.89538915498346,26.11527991998504
P14927,17.698310713802677,26.541959341816444
P15019,18.187231076670052,25.771918019668636
P15056,17.12523048502297,23.519980394534304
P15104,16.093389983998883,25.96212516275937
P15108,18.776004253100123,27.160565126741744
P15121,19.347079771876626,29.85703389956722
P15144,15.175590352610264,22.84095891976114
P15151,15.63337198539207,26.59526704870731
P15170,18.5410094322395,27.655669456975605
P15180,18.473498002196376,26.059693344946844
P15274,15.513735716434331,23.393082853693798
P15289,15.235016087321862,25.198599448141664
P15291,14.915997140608303,24.43424272291893
P15303,16.048242771320343,24.686169160379755
P15311,19.391713350042107,29.042982058132203
P15336,15.301265277658477,24.928591790303976
P15374,16.372577701760626,25.993132472106893
P15407,16.29001767661493,23.571505813500018
P15408,16.261033801284476,26.04376494260808
P15454,17.120149096908424,25.02739966108977
P15496,18.00157202774322,25.122188604580533
P15502,12.332804771034132,22.79872056873171
P15531,18.696612376393418,30.64694718886337
P15559,16.292641632955075,26.14427633489284
P15565,16.232611107837954,23.74951112846474
P15586,16.662292416107142,27.56250376807307
P15624,16.80034045061612,25.09814347320405
P15625,17.56389560835128,24.682673268130955
P15646,18.006423242669268,26.4496708610947
P15700,17.56471367686037,23.221736526985193
P15703,16.0032851155717,26.64916234861353
P15705,17.575805857247815,25.15014844050563
P15735,16.30115290199143,24.01935026751618
P15848,15.955199297644137,25.872937714549632
P15873,16.370536947970752,24.389643810673093
P15880,19.55183935082497,30.470776892398085
P15882,15.521942875581834,24.966032343951984
P15884,16.48426340167584,26.357188849008047
P15891,17.655105579399773,25.387951056300864
P15923,15.878525791951098,24.10002054873987
P15924,17.1477513119172,24.896581563899307
P15927,17.07324566906203,27.707985815933842
P15954,17.216699447222304,27.31028479973686
P15992,19.278735289994373,24.669496354587366
P16035,15.57013542962405,25.95568810414433
P16070,18.801040570654383,27.592115999623832
P16083,16.232081131531924,25.462401888767545
P16120,19.25550695692597,25.86616788904143
P16140,19.03742241468947,26.92435758991701
P16152,18.083097428681928,27.955562202601268
P16219,15.95121158407982,24.037917181991894
P16220,15.282424601165024,26.673663970958547
P16278,16.873215789496797,27.65037221398442
P16298,14.52073141227717,24.13649108195103
P16333,14.55849156670215,25.223840537587545
P16383,17.608785183699712,25.136560925551066
P16387,17.419003466434223,24.277741227683133
P16401,16.64334838635091,30.965768279409197
P16403,19.050959366202306,23.70111299215861
P16435,17.65108790576432,27.44147867535285
P16455,16.98608773399396,26.08703915542416
P16474,18.79511315780525,28.83793048364843
P16521,19.566201362271393,28.619359128178218
P16550,16.956157753392354,24.847711141820152
P16591,17.09530498321008,23.29054743244848
P16603,17.63507897867434,24.27666702572493
P16615,18.199885338634516,28.65251493708073
P16622,15.919292358456282,23.555881640357025
P16649,15.311864294264028,24.61870855890759
P16861,18.64559047849482,26.38794353729954
P16862,18.508498780254417,27.122718622652556
P16870,16.990793878539016,25.54716037635233
P16930,15.43683449386158,24.937410116465006
P16949,18.3648459044293,31.68999425012095
P16989,13.454605606714214,25.04532883231534
P17028,16.549833866755343,24.981765834996434
P17029,14.744386078565247,24.570312090302483
P17036,16.3219586203384,24.18307415755942
P17050,16.535856129180605,25.580485675461276
P17076,17.695194301182777,25.655446568833185
P17096,17.58973964462167,29.308261953087996
P17106,13.522096383122864,23.61392904222026
P17152,16.643699724958164,25.42284317859086
P17174,18.1622846136873,28.435762555588582
P17252,18.101863708142126,26.531371113011318
P17255,18.78327292272537,29.89735175898031
P17275,15.504255143715366,23.00065519109308
P17301,18.137950234241313,27.074788270311
P17302,15.67211360468929,23.190652551984932
P17405,15.564041639179878,24.469855356828923
P17423,17.496830247081316,25.909193232846885
P17480,19.347071046410676,27.536825592703075
P17505,17.07769474971462,23.651163508082792
P17535,15.63506664655,24.94389324226197
P17544,14.571600083707452,23.534358418058893
P17555,16.338093049221747,24.97840096759133
P17568,15.277341408150143,24.54762484991328
P17600,16.56515918886837,24.453234603399796
P17612,17.9235344257963,26.053650900530993
P17655,17.65916402340096,27.564062195585148
P17661,17.764323696164883,24.877390020480043
P17677,18.42526918366646,28.24136640029099
P17706,16.242128397211935,24.606834504593525
P17709,15.705074080909457,24.40233193992938
P17812,17.452439402163535,27.6600496673627
P17844,20.491009477378633,30.619306121438246
P17858,17.597842576639337,27.57905506509882
P17891,18.403683704758222,23.49666132298779
P17900,17.667100913324717,25.91708450578504
P17931,19.19785227003241,27.519495573236018
P17967,17.966238436689153,25.365791262049736
P17980,18.77804150588638,28.80183217648694
P17987,19.45888010141549,29.853823863766284
P18031,18.14265604272937,26.913566181072547
P18065,17.374156205153533,27.671405205198017
P18074,17.202555274233834,25.95799930014748
P18077,18.23146574125002,28.99357683119161
P18084,15.82669342312968,25.53673131900951
P18085,19.100323722799626,29.4310003880184
P18124,18.791533242314053,30.661870000957823
P18206,19.735816512706027,28.445170117037268
P18239,17.246166263360152,25.867692173405434
P18440,16.917145552728762,22.848195876760816
P18562,18.280680314964442,24.927564995821623
P18583,18.08647438616908,27.774151072617364
P18615,17.44017489820544,26.003631218396475
P18621,18.537102790480283,29.916058236826697
P18669,16.275468232195994,30.131811542167707
P18754,17.406278095154757,28.821841869368665
P18759,15.250195636042433,24.287771269609912
P18827,15.684209663816516,26.52860775190699
P18858,17.434956657893736,26.100977200596585
P18859,16.68224472199369,24.103455663720297
P18887,18.173963926057674,26.318058132095224
P19013,17.826337553358684,27.799980225131367
P19021,16.419997802387613,24.090471139078012
P19022,16.533936203565545,28.189870462596637
P19086,16.712220293941993,23.616149567944042
P19097,19.083705466529214,26.162245875526903
P19146,16.033983219056747,24.236442502587536
P19174,17.187832414697255,27.12580767743055
P19256,17.85527810785138,26.194587777938757
P19262,15.687879953546968,25.215637936300215
P19338,21.74561859400278,31.60507508579182
P19358,15.718140844279311,24.713041123418815
P19367,19.11677413492956,28.91217307027087
P19387,16.829085635325296,26.967611822308374
P19388,17.38903412561192,27.5173556326365
P19404,16.388934911539437,26.435912487539618
P19414,18.31281657090558,26.384931746886682
P19447,16.04141909597883,25.447228705355776
P19454,17.231190861692223,23.01091100732938
P19474,15.496218922627666,23.535694586233753
P19484,9.003636429826404,23.998129766829965
P19524,15.845784987571216,23.34793287299464
P19525,18.2333979519543,27.42789030649192
P19532,15.615264855971178,31.387118239855248
P19623,16.575458638566715,26.985055750581093
P19784,17.401923353988753,26.29409259611289
P19793,14.75197818653366,23.17183297596574
P19838,16.92542578764842,25.46162935177375
P19881,14.365003467515127,24.157977370932652
P19882,18.435187464340302,26.263503415852803
P20020,15.630245791641897,25.89167597071175
P20042,18.26219871033852,28.859523675779297
P20051,18.088846887030506,25.158656180259097
P20073,17.699766503901316,27.13918231093617
P20081,16.826628135536055,26.984113446256895
P20248,15.737751272112394,24.560126735528716
P20264,16.539482666094738,24.600217371815713
P20290,15.629872643433105,27.82841315359433
P20309,16.196614932664325,25.05760176872176
P20336,14.803219299001775,26.384911743757563
P20337,14.279869529116016,24.85105982646187
P20338,16.11002308238428,25.706942363685414
P20339,15.188625288646858,26.631352419636706
P20340,16.14076853905963,28.037061932202402
P20393,12.872198505672937,24.93800309067564
P20424,15.89941593247548,23.902174446197673
P20434,16.868805477317853,23.559944231386154
P20435,15.874858108987969,25.004296558680082
P20436,17.32643845496699,24.175952271396074
P20447,17.064733117845527,24.146832545065216
P20449,16.805508776990035,23.932487183377958
P20459,18.447129178979292,25.8369247884963
P20486,12.178464110942713,23.871267284377296
P20585,16.530720581647742,24.82505590208192
P20606,16.687221749113387,25.87009551957159
P20618,17.956211081021394,28.97681667073457
P20645,17.563148346467717,26.910083769535564
P20674,19.781525807934404,28.22998964327481
P20700,19.836202898790734,30.674400920006917
P20711,18.749398414159078,27.216722928534555
P20810,17.98371379944185,27.006704222909008
P20839,16.704694357697477,26.15827709351283
P20933,13.642141031023362,24.706263451601643
P20936,15.565303232209162,24.411010262745236
P20962,16.322813100180543,30.718232720117744
P20967,16.484036196654664,23.395527598319262
P21242,16.513658056030152,25.09007721738405
P21243,15.736251995151973,23.66468028897729
P21264,17.601677827011844,26.788890954444994
P21266,17.706488598436778,26.749485976178565
P21281,18.11753522257193,28.29112078386818
P21283,17.033181714821243,26.580500181206126
P21291,16.659114837177775,27.228029656847923
P21304,14.833180165217552,24.797523673434114
P21306,14.164425895781099,24.4279312715892
P21333,21.65418592311078,30.309212205870324
P21359,15.942307014426868,26.644660239102
P21397,17.414051220086492,24.705292131091653
P21399,17.272909180464413,25.807733766471088
P21524,16.72706113518515,23.888161887504424
P21538,14.733800329322733,24.868169810409007
P21576,17.538785333326718,25.127881224604927
P21579,17.765738035766176,25.453995085408398
P21589,17.354570515301514,25.25877343370865
P21675,16.627498926204815,24.387857988786692
P21796,18.69754510875207,30.107336120303454
P21827,16.385743479651705,24.16276908646157
P21912,16.956894275583632,27.0467058914534
P21926,18.001005679111795,26.71037377705112
P21954,15.764766044889033,24.530762423211456
P21964,17.8487199187711,26.221797232465484
P21965,15.49573731605372,24.175073791831654
P21980,18.332826719400604,26.549546403082612
P22033,17.05414322793128,26.180503611550364
P22059,17.62342631425238,25.87597190890913
P22061,17.591427017907467,27.457518672591966
P22087,17.823858969011635,29.641355691155336
P22102,19.204768374229616,28.64005944280504
P22137,16.908756548236994,24.81090549627496
P22138,16.591939819218094,23.74220940035775
P22139,18.89467829896695,23.498660182957686
P22141,15.226559329943461,25.983974268405927
P22146,16.197155440250178,23.92582795071575
P22147,16.68202072111407,24.6444770832076
P22203,18.10047327810866,26.17607101703145
P22214,15.736104774741948,24.32403994005965
P22217,16.7524357484362,25.872961113190012
P22234,18.835680874463833,29.843790830653838
P22304,15.700352653839158,24.76530198447754
P22307,18.242302507439575,28.959711681804194
P22314,19.566509560482995,29.51060122242358
P22336,18.399042691781812,23.86386019997559
P22392,14.81056711627104,25.84621092577427
P22466,15.498065342429118,26.573709351487498
P22515,17.772729096719438,26.896388245758356
P22570,17.433613964868897,26.784100671259694
P22626,20.6553282131084,33.640922610627165
P22670,15.829897694187835,24.236899849880235
P22681,17.31164426164966,25.878771463738396
P22694,17.18758533746986,24.793007710522662
P22695,17.79361061163459,27.562528029103515
P22803,18.1604420016845,26.892679706293425
P22830,17.843033341069226,25.31117189263409
P22943,14.948663503660054,24.431098846296305
P23025,16.2150235478585,23.899706888038374
P23142,16.72171113239044,25.141770811215878
P23193,17.13687819691516,27.688827895105558
P23201,15.40863961311984,25.22508807575892
P23229,16.10983813429591,24.606310602590273
P23246,19.648057252627236,31.222874359639036
P23248,17.05819154282262,27.562813672055523
P23254,19.399633934918,27.444698182750727
P23258,17.725928169990397,24.800417128378633
P23284,20.18438202888167,31.928686760653658
P23292,12.533877922835545,23.504264370150555
P23301,16.83468826583039,28.247890236476735
P23368,18.01411366606711,27.879352185746338
P23378,15.042080275449395,29.552761298031978
P23381,18.83814222452283,28.36507612300785
P23396,19.470863026688146,31.24809901577663
P23434,16.01881229438577,23.683682470777764
P23443,16.551651942791555,24.891579200025287
P23458,15.348093297436055,26.13460467173019
P23469,14.531180598364838,24.253589787170913
P23508,15.163211541810911,23.995121268795025
P23526,19.800843327676027,30.094542189157504
P23528,18.965397776594056,31.85603495319087
P23542,17.134285592297047,25.06858541564273
P23585,13.854344415328336,25.69327379625895
P23588,18.79188416387552,28.38374404497807
P23610,17.756374323682657,25.16457311467769
P23615,15.670682156177909,23.617623164795194
P23634,17.676843885109683,25.36930847039559
P23638,16.435336620833418,24.86479503254697
P23639,17.985713547971812,25.326830754168714
P23641,14.817362440908994,24.713144461061177
P23644,16.80252898662817,28.313466192432372
P23677,14.897282096948857,23.419393300050142
P23724,16.678744406891433,26.470885230557037
P23743,15.686608856557317,24.640464707850178
P23769,16.002155482525513,23.429547597283474
P23771,15.208931604217915,24.936580028122883
P23786,17.824476916713547,26.094367138837907
P23919,18.50735320042576,27.515234072933733
P23921,18.06864446735614,27.296045002595317
P23975,14.137809549531244,25.000469679816813
P24000,18.667216785582582,26.155527801608432
P24031,15.794892861122204,21.1997777675194
P24276,16.645284769421732,23.31596491296059
P24279,15.531905875415186,24.490294535282736
P24280,17.198736940238938,26.328242090219046
P24534,18.07683925215753,30.134362679524102
P24539,16.930697437938356,28.22262167288562
P24588,15.315495614683968,23.24007739968325
P24666,16.589329874706774,28.41216613303675
P24752,18.759305825358897,28.756520950528014
P24783,16.97842334816693,25.816588175229075
P24821,16.767295205806594,23.133947891661013
P24844,16.558433045603728,26.250345417824732
P24928,19.194407116011927,27.964206323685968
P24941,17.06451367719074,26.551790120442995
P25037,15.699748342413125,24.18163507609237
P25040,15.478693897903954,23.17014466389144
P25043,15.879904115940565,26.18497211329565
P25045,16.22075552333254,24.02870619899897
P25087,16.9752587382665,24.76449136857212
P25098,16.46421005240246,24.837897574763307
P25205,17.92974086398004,28.336053652687657
P25293,16.834101884963555,24.82200193428098
P25294,17.708243512944946,24.47652090943281
P25297,13.661157917316427,24.704047368520143
P25325,17.538155707197003,27.083100420774787
P25343,17.292454949860495,23.541905845359544
P25349,17.181794851875363,27.63288380700108
P25373,16.378947204539333,23.98608115962237
P25375,15.677431253634143,23.378152379534264
P25379,17.93008596761261,24.91310256183233
P25382,16.166232858827545,26.005535527691958
P25386,12.286795187650345,25.977409816421478
P25398,17.480992629449048,29.67285894567197
P25440,16.934688147982207,25.689475471530717
P25443,19.149611888618363,26.61515804785046
P25490,14.963997091625803,24.996648280985003
P25491,18.64711301581129,26.19776950056704
P25555,13.071152426260346,23.86923555420478
P25567,17.130950906582328,23.979722868547533
P25574,15.195035590560835,28.007459481957735
P25586,16.077247033047517,22.959713337037552
P25605,16.140841051767122,24.86968053092277
P25617,14.723355921391423,22.377891241070046
P25623,15.563990515180484,21.405147697113478
P25631,15.186441530620987,24.83051917211121
P25635,16.236462721373893,24.692159511634358
P25644,15.276857625258065,24.0967675041153
P25685,19.938741102266285,27.719954128740383
P25686,16.286046518011673,24.712642391059173
P25694,18.61243611149144,26.763294774694426
P25705,20.39393138761224,30.96613187773825
P25719,17.106441620284773,24.83204179987924
P25786,19.680316137427184,29.460457736648955
P25787,18.841931454868774,28.305065408919337
P25788,18.891022805255293,28.988865757341166
P25789,18.829142189926678,28.980952843792316
P25847,15.205386887022973,23.9340047560372
P25963,14.385748955567827,23.842697438333843
P26006,16.564686117710966,25.70730256047427
P26038,18.560183105530175,28.751031222892344
P26196,17.743891757578144,27.81301397622445
P26232,16.20381107118701,24.75161224400999
P26321,19.415628241911477,28.315805499483364
P26358,18.08602008804742,26.40398757826636
P26368,20.395792111056732,29.27037818250235
P26373,19.486586604975134,30.762619769575917
P26374,16.419094322986293,24.278358209814836
P26378,16.00733122840502,27.674138802232584
P26440,17.775263470357576,25.763681368997947
P26447,17.497995913748227,24.076679105162633
P26572,17.27537417000502,23.690870476593382
P26583,17.991430870219116,30.891269426406605
P26599,18.15590459864649,30.971627185570675
P26637,18.24866243197189,26.487804646800917
P26639,19.41835130466075,28.245288472885868
P26640,19.047692146871263,28.739767074239317
P26641,20.111693934621083,30.540819964697086
P26754,16.29649734903776,23.753104405657684
P26783,18.374976200021663,28.44700822996889
P26784,18.28981455209861,26.601650425338715
P26785,18.279085470145464,27.93233123590912
P26786,21.01050702030927,27.049835199208477
P26885,18.474564957894962,28.024772582314753
P26992,15.963187577715479,26.723367158774742
P27144,17.532280833704164,26.624356930687796
P27348,16.999221786496673,30.88218579916875
P27361,17.534691958789484,29.12872492604383
P27448,15.304281200834852,25.167488371268945
P27449,16.010848336579357,25.439977708998967
P27476,17.117401123705772,25.819803258745498
P27540,15.849446111936276,25.083423977339248
P27614,15.596451073390297,25.325593235531258
P27616,17.881737837423046,24.77866690136604
P27635,17.27997928392413,29.203142637674944
P27692,15.823628383092963,23.939520502236107
P27694,19.32296581803641,27.861378308624577
P27695,18.549494152758637,28.713733675304702
P27707,17.309031601169664,26.50068767357808
P27708,18.674369531498478,27.716391624690846
P27797,20.95878574030472,31.539254581153187
P27809,17.309762912751843,25.4739797347783
P27816,20.585302756932197,28.986184556314047
P27824,20.429723934939727,30.998324449105066
P27986,13.583485158091001,24.951809436925426
P27987,14.51412369885316,23.58899261138505
P28000,15.766167741035455,24.176276117406616
P28007,17.05418033258104,24.652424380149036
P28062,16.784906288022896,25.59486605646636
P28066,19.345731530396392,29.408579194525004
P28070,17.663541079403647,28.303685617590524
P28072,16.800773537267634,28.62904703546589
P28074,17.888364723241736,28.765059795218402
P28161,16.668420982510344,24.329306609589754
P28241,17.44220971905718,26.00648345900921
P28272,19.275313388563163,26.60661230245294
P28274,17.996719430178167,25.367908479762306
P28288,18.163232232837025,27.3307849688687
P28289,18.350482283391838,28.29537699826222
P28290,15.428523149388237,23.420210009931978
P28321,13.942833053105817,22.05342546275994
P28331,17.523515375424182,27.15070901989633
P28340,16.85600315686767,25.454158814914575
P28347,15.652486868379183,25.359126617948878
P28370,18.168643964701022,27.321096786528116
P28482,18.684402549768333,27.821299863890456
P28495,15.218496513281037,25.290043462769766
P28676,14.272046524389937,25.65333159142964
P28702,15.939684460551462,24.950913368101393
P28707,17.449088445828547,25.403519161820206
P28715,14.209220564021598,23.5969711190036
P28777,15.568581911377409,24.397609901084955
P28789,14.782961245953805,24.332702443841523
P28799,18.18849354886444,25.228930626221132
P28817,14.90039120740063,25.435343466327794
P28827,15.185316047431593,24.47379819833803
P28834,18.01385640936423,25.56929195514197
P28838,19.356792203909386,27.785524729333723
P29083,15.930941418529548,25.450883939493988
P29084,17.66785628383513,25.336123676956596
P29144,18.679240054172887,27.626504006352086
P29218,17.43861535936549,27.389861712064643
P29295,16.80617492035773,22.467088444536223
P29311,13.957844787481635,25.70079723899857
P29317,15.820111259688709,25.465052315868896
P29323,15.300415960481656,27.348000562254157
P29353,15.295107404082156,24.97202463413892
P29372,15.10416675121549,25.52361983079692
P29373,17.121453788105164,22.919491130090904
P29374,15.852526583437788,22.928717874751314
P29375,16.26523563235806,23.543477574679677
P29401,19.86797818406434,29.890028486755746
P29453,18.005111431254097,26.961693293724846
P29509,18.106385642585952,25.54041518953661
P29547,18.123500479113563,26.02714354342113
P29590,16.33766397185491,25.435175361403306
P29692,18.71450809369717,30.16067096315031
P29704,15.417935013134398,24.43392851606533
P29762,17.16435079387688,28.953603972092672
P29952,17.27428623456886,25.260318799030188
P29966,17.109546894990036,30.660526156016942
P29992,17.44514258961666,26.308119390671656
P30038,15.738917775550103,24.863370790341843
P30040,18.34726458071352,30.179611439578828
P30041,19.938651282498395,30.649114196675384
P30043,16.504240865015625,26.392284396272007
P30044,18.879026469327222,29.937162712604394
P30046,15.936405981979659,25.06774153619001
P30048,18.72759483540803,29.226200117712622
P30049,19.755480176154578,28.37570171918144
P30050,18.008252615087425,29.688472710655162
P30084,18.910227837442285,27.70104104479868
P30085,16.454512059595643,27.976152126512808
P30086,17.90654449748714,29.77171232448655
P30101,20.671354182681384,31.53792982542346
P30153,18.511702602209695,29.439857500888564
P30154,16.658958531420378,26.314968585198557
P30260,17.086144347353194,26.40966307739741
P30291,13.978393497132554,23.456207878937715
P30405,18.020652111754746,27.115659993633052
P30414,15.439532239088708,25.47510490167294
P30419,18.115640872119688,27.431133337294114
P30519,16.83781437598992,26.853788238000806
P30520,18.18785649199481,27.089766899963998
P30530,15.845913633409825,24.44002010449133
P30533,17.912547695514927,26.7364919751026
P30566,17.464324114429665,26.574056883172005
P30622,17.46971361742523,26.450971000140576
P30624,17.16639064387672,24.003804681081277
P30626,17.7499174256712,29.447946369484153
P30656,15.994046765270287,24.68442637546151
P30665,13.760040362604803,26.66065150372235
P30740,16.28452808608123,25.502161869320844
P30771,19.481835947188664,23.5423029978028
P30793,17.50688735500854,25.688265189481807
P30822,17.277446784569538,23.266365501469725
P30825,15.485056161858793,25.10652064940818
P30837,16.266784223051857,25.674979169610133
P30876,18.7754644290645,27.152859881199053
P30902,15.712784819017491,24.67005221584261
P31040,18.04934498567733,27.537791412855665
P31116,18.902732026333915,26.08331093745485
P31146,17.598690567380867,26.173389454553117
P31150,18.412297278734478,29.63318872370491
P31151,17.9623766301875,25.267411975247636
P31153,16.93286049156745,28.416368513176174
P31321,12.93623103101116,23.34615754615259
P31323,16.4789308963357,26.153782658667822
P31350,17.448905413027564,27.537003399569816
P31373,17.430738519536302,26.209409244432074
P31382,16.362633803791798,24.005130403703426
P31383,15.542260468446223,23.59475501874055
P31412,17.588004774845817,24.572531140732444
P31431,16.12915601071703,23.403542337864774
P31483,16.056985435522726,26.49561708872292
P31539,17.442629297172914,27.970315106939566
P31689,17.993074931788748,29.40860875139753
P31749,16.37021162854969,25.105216699879353
P31751,14.352281302768992,24.10164753017194
P31787,16.907768844355644,24.755521227310314
P31930,17.19054377782158,27.336759690389176
P31937,16.177770150426472,27.025928423654154
P31939,17.75220149643995,28.723945245857056
P31942,16.474401026757302,29.98088998647802
P31943,17.80542553992196,30.091216423655453
P31944,15.481574518491884,25.296119326014715
P31946,17.472799764867055,29.997820100045697
P31947,15.666752246901346,26.57427116629063
P31948,20.565029540044122,30.361351193600928
P31949,16.633917075467544,28.3475564732016
P32004,16.491733179844218,26.667766459029995
P32074,15.994459808123151,26.38499850429379
P32119,19.93944133242231,30.986155478750092
P32121,16.076306500826746,24.745133840262362
P32178,16.85910988552303,24.147067866155176
P32189,14.422831629362026,23.758187829557446
P32263,17.931819384098418,25.164044155578168
P32264,16.11524032970737,23.83118129338912
P32266,17.511565820073425,26.27188151397778
P32288,17.196858867946737,25.894132653016467
P32297,14.804825104114961,23.95180814769768
P32321,17.153549063033854,25.582195744251113
P32322,18.832264120647856,28.11857746135582
P32324,21.072331304121466,29.10466651532432
P32327,17.430551510312466,23.87798671809054
P32332,13.132638351422557,23.944174873972887
P32337,15.36641055839627,23.32297350813281
P32352,15.427112783362006,22.94850429872742
P32353,17.471412199135077,23.866764553278852
P32366,16.835751283488136,24.44491272190042
P32368,16.50954843163105,24.477704584345165
P32377,17.25113933772317,24.62583540281137
P32379,16.469851802854915,24.209719018728745
P32381,16.66916124174291,24.929229703888407
P32386,15.205167750005938,24.33803838544588
P32419,18.21353065890324,25.87619739522258
P32449,17.88556213113232,24.77748363834214
P32454,16.403558602263313,24.74186321430227
P32455,16.387840470349083,27.742674373051585
P32456,16.948494994971835,24.644819942918595
P32457,16.89341800952917,23.912882942172008
P32458,16.548258295790895,24.11937409056749
P32463,17.245808618825635,23.711655106815186
P32466,16.24987860719703,25.082891605423196
P32468,17.01590973239765,24.279284959981062
P32469,16.637715749085494,25.96063811377404
P32471,18.8696345554118,27.56644072072252
P32472,14.535000612162712,24.01399619959974
P32473,18.69939905070965,25.221541728654
P32476,17.126949246353462,23.88898092240516
P32481,19.819710869640982,24.921586477709777
P32485,15.483266077441053,25.126910271248363
P32486,14.950932954451309,23.458780126355805
P32495,18.387340232357342,25.440956459899123
P32496,16.059555289147124,24.770498374748392
P32497,17.086237664412383,25.54421695929625
P32499,16.67427048742288,25.059728361413004
P32501,13.220997606748558,23.726863925579647
P32505,15.787500748981053,24.093698104490326
P32519,16.762589470906406,24.238150610869145
P32521,15.254244855718484,24.259669068523483
P32527,18.04517368568223,25.79401585259168
P32558,16.064745711428294,25.31169247409384
P32563,16.86089439645983,28.413085289809338
P32565,15.886292686673931,23.25956039049532
P32566,16.766056615936183,23.634692013941123
P32582,18.70257651958698,26.222322453412108
P32583,15.560963079421308,24.073136770055363
P32588,18.643597625040776,24.900805462839624
P32589,19.453214592518503,27.63475281401223
P32598,14.955312758032061,28.173998211092645
P32599,17.049327257597046,24.651569761625506
P32610,14.262204002815626,24.829798257306017
P32614,17.338140503767782,23.592260325606976
P32623,14.01509528924737,23.900787316704875
P32628,11.679436071270421,27.00638061073758
P32769,16.182025329506555,23.09119371895175
P32771,16.83915333816952,23.19236972894167
P32780,17.33313874943641,24.813928235768927
P32795,17.718637756614417,23.11734284261735
P32802,15.368537722289801,23.735424942362883
P32803,14.646188163846036,24.141362786626814
P32835,17.232439353000373,27.19798221884635
P32856,15.253919054257613,23.277654829124966
P32860,12.4483780308169,25.191421068900606
P32861,17.796752801129262,24.342262411724764
P32892,17.00203813630836,23.237577819367417
P32895,17.787498432072688,24.350470084810297
P32897,17.970298382819596,25.822290629473454
P32899,15.173482083447928,23.638736176103084
P32905,16.0439438473003,24.888701310645843
P32911,15.935164397210169,25.93540908434886
P32915,15.584206300470516,24.651420675975984
P32916,14.717576113436508,24.99629801434108
P32939,15.524909157175054,24.4297195937935
P32969,18.779284176356914,29.26593535150134
P33121,17.657729220470852,25.946642597996256
P33176,18.744403555331623,28.36787951957279
P33201,16.181399920518967,23.87464746853528
P33204,16.286176715340524,23.743757788658154
P33240,17.594993227388237,27.301420723423583
P33297,17.469268716684947,24.80772159160757
P33298,17.102312190802103,26.654812442068422
P33299,15.735022142077375,23.371404638273674
P33302,16.464350521069722,25.36694950391656
P33316,17.442346891866674,28.924054254870423
P33322,14.400022181304182,25.08355189320329
P33330,16.8619778117672,24.84143226700655
P33331,17.155076825773683,24.162604689122794
P33333,16.519296929617003,24.152540860347298
P33338,15.961822484137809,23.64295438868692
P33399,15.976598803167759,24.049591089867512
P33401,16.089457791679184,23.639920872445654
P33442,17.532148652872756,27.166455449271087
P33527,16.28122987478028,25.44564413845563
P33734,16.360965532533978,23.55794368865928
P33754,14.941611010845689,23.305823378410537
P33775,16.57276579397129,23.49109109606617
P33892,17.1592812262962,24.91673884517698
P33897,15.939681897393728,24.237876822297764
P33908,15.298239456038038,23.852015374030902
P33981,16.520126936307424,26.400907968159277
P33991,18.46882281712062,28.35430587978936
P33992,18.598865059791297,28.53869122238837
P33993,19.0802536912384,28.384219463250364
P34059,16.443337497126837,24.825386267129627
P34167,17.537876613470125,25.356674262601206
P34216,14.713723376547675,28.159356988913434
P34223,15.08324834743886,23.308421249609456
P34227,15.826421951322688,24.288454035634413
P34730,16.44049806702512,25.73969180525671
P34741,15.760558743966959,24.606065152221365
P34760,18.265284705410416,28.618267281879703
P34896,15.480960032516014,24.88698976613561
P34897,18.47094009349497,29.24608323854544
P34913,17.9279388992965,24.29766839903548
P34931,17.350396239149074,24.08226235506662
P34932,19.946929113292857,29.424537721523077
P34949,15.410901019425896,25.491237832894946
P35080,16.82290948298014,29.188673505256972
P35176,17.38947911807591,25.03530835836953
P35180,16.106352941062188,26.43708188517173
P35189,15.752257062581355,23.637612910834633
P35191,18.596605929086646,23.344418570252895
P35194,14.051731217097966,21.39143765168909
P35197,16.63180656240078,23.567080479248816
P35221,18.648992039160532,28.486912467846192
P35222,19.073939395598455,28.006506556325252
P35226,15.48589050959926,24.192072923333694
P35227,16.357738869814924,25.223906437531205
P35232,19.664852935723697,30.583359662445616
P35237,18.034667604216516,27.500778877854316
P35240,16.220354109997412,24.149449980399847
P35241,18.502620375379138,27.698267748955054
P35244,17.503519348045522,27.652143467624438
P35249,18.52694415432424,29.530536907457826
P35250,17.353051747971556,27.776334797525823
P35251,17.684879744902066,25.264680532258964
P35268,18.376537217301657,31.013970460086774
P35269,16.165157165592483,26.768698943921695
P35270,17.49305992492331,25.5291952149001
P35354,14.98216768530254,24.615803604084547
P35475,15.266725670834534,22.953496315450238
P35520,17.935776634686345,28.193161756775414
P35527,17.234514546233004,27.908081910889607
P35573,16.850502221752194,25.532546361886457
P35579,21.094499343339606,30.51626241916178
P35580,20.413538752170872,29.579703574410324
P35606,18.015409970420567,28.066096718315556
P35610,17.443601903397756,25.55615830419404
P35611,17.5949074801461,28.14287756593795
P35612,17.666451949106985,26.42620163968827
P35613,17.7334100636407,27.72453950744495
P35626,15.876741870511436,23.650291139185825
P35637,16.341737510018568,30.32369347786903
P35658,18.511449101072742,28.9039965355335
P35659,18.95400077690336,29.48392514703863
P35691,18.003680225201833,27.93047092029722
P35716,13.51183870236086,23.63081085317907
P35719,18.34349739282616,23.93075691525837
P35732,16.558146983035343,25.233659498478666
P35754,16.72656478801579,25.86790775511995
P35813,17.53185304154655,26.50269158773522
P35844,17.313131924874117,24.372275714222173
P35908,18.319810577185244,27.34079005805078
P35914,18.315060352430173,25.977078181935337
P35997,19.736616055562447,28.706438963566935
P35998,19.37039747859389,28.91094069860743
P36008,19.494388875876542,27.41275744164518
P36010,16.30494260775326,24.37699772586228
P36013,15.34161587990693,24.24188040294677
P36015,17.438256080246695,24.072230348988914
P36021,15.525585854513345,27.087414938228488
P36022,17.045878374012503,28.479105930612448
P36036,14.750088461082983,23.195827844145384
P36049,17.031425972876487,24.24439642893834
P36060,14.662781104840438,28.076350256708935
P36069,14.695750282109016,23.06474917771373
P36105,18.061205044472107,25.941465158276593
P36136,16.25538461251268,28.105588119572406
P36152,15.914301540942446,23.4719586372131
P36160,16.89413052308005,23.934529455679613
P36404,17.014098224691924,26.267533166118614
P36405,17.271408009030143,27.818241665232488
P36421,18.28007431541473,25.056067559266744
P36507,17.987980628744346,26.256321716966482
P36542,18.16488925418155,28.684806051035384
P36543,17.669023673424107,27.512298479663063
P36551,16.478927816290305,26.720201661147982
P36578,20.16886548471694,31.052330025966327
P36639,16.777616200701353,26.62393510052173
P36775,14.619894785325998,22.844627044149703
P36776,19.58940735247729,28.137281359456104
P36871,18.774143805602964,27.737543905341187
P36873,17.84365958981498,27.721920548308137
P36894,12.820786388873687,24.683203993974505
P36915,17.38579346416628,26.47501574859719
P36955,14.213541195658003,24.140491627576186
P36957,17.769127902370993,28.602403952871246
P36969,17.387803904569424,26.12706101393946
P37012,15.365894419981306,26.08178877458781
P37108,18.339764916665604,28.814063472993208
P37198,17.157412402060352,27.68971026892294
P37235,16.7833214212821,28.11585829221685
P37268,17.020172080377876,26.384799869292717
P37275,15.956677405766307,24.57829945421257
P37291,19.747328585765775,27.03699244298085
P37292,17.311959354729225,25.032215953977587
P37302,14.879267497895068,25.118823410346053
P37303,16.425213990634237,26.00453757707377
P37802,18.380100044585454,31.367128758152305
P37837,20.28418982280111,29.244261423402474
P37838,17.338283728666198,25.765511391941622
P37840,17.641134952571285,26.08780406168535
P37898,15.166000629051831,24.41446490916631
P38009,17.25929455812531,26.82456436814635
P38011,18.242310416811996,28.546530130722253
P38013,18.103169969842767,28.59773315021607
P38061,19.656303697840183,28.07594147867739
P38071,16.597998252644718,23.269382044930428
P38075,17.057778480350063,25.60880225621584
P38077,16.260759660153543,24.69859673958435
P38088,17.526201703547844,26.423902927216186
P38112,15.30135858985656,21.87367878190742
P38115,17.164016651051305,25.374679905515205
P38116,15.044836355093524,25.639364475057082
P38117,18.17665584682758,27.912794478613844
P38143,16.500786080662433,25.2778373027623
P38144,15.46409845489765,22.08538849438042
P38159,15.562581311202289,29.673311513858675
P38174,17.658656165207237,23.25678902996794
P38197,17.03258798846292,24.321108089388698
P38199,15.69892762925688,23.890737600008976
P38203,15.637152488874229,28.052471519639916
P38205,16.752686533424523,23.970993981848856
P38219,17.996562492197953,26.308775472360633
P38248,17.33661246722861,26.227795806260183
P38249,18.029990103506005,25.679433413430285
P38264,15.157518984699802,25.873051104424153
P38272,13.625006174946025,22.561834704033757
P38295,15.588868128451535,24.06593664661663
P38328,15.403216508529724,23.215230773889903
P38333,14.530748010028564,23.322198082384766
P38340,14.990540701922333,22.919172306736805
P38353,16.354260403255633,24.391078615978262
P38398,14.289699525054079,23.14748925127855
P38426,14.788394967753106,23.66641267226179
P38431,17.35586666222822,25.943157183915392
P38432,16.77823972481079,25.966405548500756
P38435,14.838129849198703,24.084958138597035
P38523,17.538513055325677,24.071893871751048
P38555,15.41404659402396,23.26585093765877
P38571,17.054536841958473,24.461585255264435
P38606,19.113858550934328,28.247538072551897
P38616,15.078515341901456,25.460417117789717
P38620,16.089741633587437,23.28016076748171
P38623,15.864341940417038,25.40091183785681
P38625,18.729059958224305,26.669700935534564
P38626,17.809304653792424,23.576711761342498
P38627,16.304457506632716,23.717360875153382
P38631,16.076570361188043,24.385996583029083
P38646,19.57195664850454,30.159595164338533
P38682,16.065861929024557,24.544820122841895
P38688,15.19981752115411,24.12171688797692
P38689,17.25057446139807,24.400730694490495
P38697,15.488874517325984,24.785904446879677
P38698,16.279990524859304,23.14185066165712
P38701,16.477002660262404,28.145319572565157
P38707,17.326373306315002,26.137669450105065
P38708,17.64279784879558,25.58815630195023
P38715,17.247392595312924,23.687135687917625
P38719,14.575619013563854,23.30080484553092
P38720,17.76614949044178,26.763154561541945
P38764,16.78627373355734,24.50079174378467
P38777,17.280154535854592,25.000091104932636
P38779,16.58526063432519,23.76456301058204
P38787,15.251993940140538,26.644319450408496
P38788,19.813814743087857,27.290092901237628
P38791,15.508621875953416,24.612750054735336
P38795,16.966214399139567,22.98075618040729
P38810,16.797360257514146,23.522846450471118
P38817,16.6590300758778,25.233264706611987
P38821,17.623299725342626,23.792715142711543
P38828,15.432242939069825,21.453448491871423
P38840,16.944551363790794,25.605398327602607
P38845,17.016590139290056,24.729683179399377
P38853,15.773786127555466,23.32810642845278
P38858,17.50711701791439,23.749632344315053
P38861,17.56249115615488,25.18884008650356
P38879,17.721967181601904,27.16425363621636
P38886,15.139961102304623,24.064054095994578
P38891,16.744834275380406,25.916413862190712
P38910,17.69679279166782,25.767546381620928
P38911,18.014846487156753,25.13432012528819
P38912,17.52768876824548,25.81961845188264
P38919,18.99401733794699,29.32331717689776
P38934,18.394314471785638,25.34835948887227
P38935,17.366755629357517,22.985381441198868
P38936,15.369362648432563,24.6095785386601
P38961,17.751663258864735,22.264176262606153
P38968,16.89761564522922,24.378291129056386
P38972,19.05268076579521,26.320246804967628
P38985,14.823679378837964,24.780242632201716
P38986,16.230241960777608,25.924095835998777
P38993,17.330149227083652,22.96341312617189
P38996,14.004509877687536,23.33598003987959
P38999,15.795515601908503,24.578005844385526
P39013,17.481783142403387,23.948755227969627
P39015,18.2294238348711,27.075851672872254
P39019,20.018513984328706,30.855929789833684
P39023,19.17690196292694,30.246015638737443
P39060,13.892588350755043,22.392293836393836
P39076,16.12906626766843,24.111271037347652
P39077,18.063925355430413,26.102128370525282
P39078,18.089688581254617,24.37961686301988
P39079,15.353206683783897,27.47959591768169
P39101,15.534785716575257,24.190792162108618
P39109,14.98415258724167,23.5773590968402
P39111,15.927068660178973,25.39812133417059
P39517,15.078618673535226,24.613029285446768
P39522,17.51669931053689,26.157406672043848
P39533,14.203332452217854,24.136599033672223
P39656,19.1728401030849,28.909577006296487
P39676,17.582007796192386,26.49650589742321
P39683,15.794279033315174,24.464166465225738
P39687,16.359312233151567,29.18096761103336
P39704,19.087779891160604,23.371533093232546
P39721,18.16209911394774,22.9050336394403
P39726,17.551555619982963,24.594772613015458
P39729,15.757008744260428,29.02148508946795
P39730,16.744480424309337,26.173228042492607
P39742,15.612271425287453,24.082272102067062
P39743,16.65007551754173,24.736860044552387
P39744,17.439240026644438,24.158504642262205
P39748,19.313888094811695,29.374896596483705
P39880,16.681853315144267,26.508115160093585
P39931,16.829359022253605,27.640812334620737
P39935,17.106620870630284,24.20479880100034
P39938,15.702261804680518,28.14433900285203
P39940,15.213453608522808,23.974868288243478
P39954,19.642000467965396,26.68933792677103
P39958,16.167851281354775,24.220981523060964
P39966,14.383343618627576,24.253560574186253
P39968,16.504842413861173,24.428324323985482
P39976,17.94486530722893,24.853807385490782
P39985,15.84504632785358,22.60919767945131
P39986,17.628851326485105,24.224418844938974
P39990,16.553468255573474,26.700457273494102
P40007,14.904813750880555,26.113880103200106
P40010,14.403020236826562,23.560882675420483
P40016,15.999828942794219,24.42133311991498
P40024,19.06006434702605,25.391705329540837
P40032,15.755431775786345,24.48100385295797
P40037,15.61592595362881,25.465076195792754
P40040,15.626974640571888,23.780817372188842
P40046,16.92329376472151,26.364863497761807
P40047,16.897490976768147,26.409177030516233
P40053,14.669620876753331,23.866775053202492
P40055,18.386577825707764,22.215845343126777
P40056,15.570244901545529,24.811968122716113
P40069,18.098842904830377,27.706316877660036
P40075,19.27737288414506,25.063243418265404
P40078,16.867754925537284,23.877801698030286
P40093,16.682885982567882,24.479522735324338
P40106,17.70858941285956,25.43607840383422
P40121,16.052944870857363,26.3182591310215
P40123,16.793903416204223,26.55525550729655
P40150,17.130032733034376,26.684379603923272
P40159,16.8801633171199,25.06304532840995
P40160,13.344533221764818,22.801988726790317
P40185,17.9768553328636,26.984207994182952
P40202,16.175623357184534,24.58671577262918
P40212,18.23241632068323,28.519626414339836
P40217,16.957191428615666,25.62243951344938
P40222,17.239304525816312,27.397341202886032
P40227,18.938450758950736,30.18346751545723
P40261,16.62838440125971,24.98133977735922
P40302,17.262931365437147,27.184259648407156
P40303,15.096135530856259,25.694746164942877
P40319,17.355181877278273,24.014570071400254
P40327,15.875411040142604,23.212988118712218
P40348,14.784133141009113,21.90537451748135
P40413,16.856989275182798,25.75198628439547
P40422,16.872805919118896,23.794133130156755
P40424,16.19141578188845,25.413442930404976
P40425,16.523015604612322,24.804276245719834
P40426,14.696251251706576,24.637137981240652
P40429,18.945497847268413,27.65071252890815
P40462,16.58241962628952,22.968833754314943
P40471,14.386859210420045,23.35511030272038
P40477,16.07254935836548,21.622564638186024
P40482,16.938264807080753,26.770351470079454
P40495,16.0737222050248,26.45606882399315
P40506,15.454494334758568,23.14013904742648
P40509,17.781778261495887,24.321477154702485
P40510,17.96016723517643,23.5475922574033
P40518,16.046090433013244,24.597939927244017
P40529,12.684231841569872,24.016667783635665
P40531,17.04154561677716,25.073865222598037
P40580,13.81430858018394,25.34698487283985
P40581,16.80377639323672,25.779610584440732
P40582,14.435980120636684,25.131239579421653
P40616,15.479930326480638,25.684813162415896
P40692,17.618779791901467,25.54647952288736
P40693,16.341407223178134,23.947482309338156
P40763,18.539231273284347,26.865947946247545
P40818,16.701692740036844,26.24517772817206
P40825,18.919364215433788,25.79385648066565
P40855,17.11426018892183,26.14900212118887
P40893,17.3175919148612,24.287368876739055
P40925,19.746290424398943,29.93422430926261
P40926,19.984697982813163,31.086731914274697
P40937,17.581414289430022,26.953163049648044
P40938,16.24874356898564,27.048117016574846
P40939,18.679256665611042,28.71962507651691
P40961,15.201012875157248,24.83378259949917
P40991,15.783510624678945,23.828099188640383
P41056,17.428629968462353,26.090407071273713
P41057,19.51607978858225,26.332482254267905
P41058,18.539679599412477,25.066123894599166
P41091,20.392902617274167,27.670609278871947
P41134,12.712241396506254,24.120005181038838
P41162,15.111017044127895,23.303085753477376
P41208,16.053378518330284,24.685106841509917
P41212,16.24642608786406,23.481561047385473
P41214,16.89043727160266,24.362389132734478
P41217,15.945095908246596,25.089763226750467
P41223,17.967621611135584,24.82221521171163
P41226,14.702536885250908,23.762794323101396
P41227,18.1585431253305,27.261429483237098
P41229,15.817502265123274,23.681391990604155
P41236,15.287458502998044,25.192911739269082
P41240,18.469989922072475,25.88934555298188
P41250,19.643953780895483,28.99135780652296
P41252,18.785991281476225,28.30562936369908
P41277,17.090113970726073,27.711547231750924
P41338,18.24602241181429,25.738483943452906
P41440,14.469601755951825,24.571664585698965
P41543,13.483839879091155,25.142054885650385
P41743,15.869329482359866,25.344406006478557
P41805,19.02209739074109,27.727249862769757
P41807,16.84694148984263,24.946173410889752
P41810,16.26723786120919,25.25301469952636
P41811,17.11499317175545,25.511050685743754
P41895,15.702371031473888,22.67382297139601
P41911,17.285504268875933,25.15462252074473
P41920,15.110973694926932,25.377132878692304
P41921,16.916113084560624,24.18980789767002
P41940,18.76238598606162,27.471336139093513
P42025,14.049763765941819,26.06350153215745
P42126,17.393078353732886,27.31755889619301
P42166,16.78510971925928,27.558993023690267
P42167,18.835109560633565,29.31201296918693
P42224,17.780408084270586,27.307429068935274
P42285,18.306008345310563,27.383420103833483
P42330,13.702149592823135,24.92469087914292
P42336,14.69815552219071,24.156706273116846
P42345,16.516849120387363,25.43292844369695
P42356,14.886946608788096,24.085844136538086
P42566,17.594247687495255,25.287529013661622
P42568,15.343313137794405,23.919590372895794
P42574,17.853738604017696,27.765356619932824
P42575,15.963836308661573,23.233389135309334
P42677,18.33324970954576,29.88422516087466
P42684,15.986643693094072,24.38965956388224
P42694,16.441799418908136,25.006366017410308
P42695,17.40142565668668,25.103597875860636
P42696,16.57498634710897,25.146770368842112
P42704,20.30053075444525,29.317366563372254
P42765,18.832729858249394,28.63925555283822
P42766,17.95926127742346,29.51403293518629
P42771,17.937184232537106,26.931702699914407
P42773,16.960675850120282,25.319533865032458
P42785,18.562499950805396,26.666241220862588
P42842,15.229408046277397,23.80715585068983
P42858,17.08052418670749,25.098965344711438
P42892,17.089084198613044,25.232108845509895
P42898,15.32565563814614,23.89816293637794
P42935,16.880348010910538,23.34119262614484
P42942,16.11975022644574,23.526292787351647
P42943,15.37999876221332,24.948123321465072
P42945,15.528102938162737,23.14316146310771
P43007,15.991465895680397,24.906880398912207
P43034,17.43235281373899,28.54926119501965
P43121,15.612485067332573,23.830466754088807
P43123,16.142561019875938,23.528277870530857
P43155,17.429691418585765,24.71041393259483
P43243,19.68900271198233,30.69765157125437
P43246,18.902591067989306,27.937642329259656
P43250,15.138233262717002,26.36747382562225
P43304,16.82762553842791,26.365027729317895
P43307,15.657846894314313,28.041802293278195
P43357,17.139322848968867,24.0269606125684
P43363,16.07361684858646,25.136006333919315
P43378,16.63402862209661,24.438868232660926
P43487,18.923521997637426,30.03448669573069
P43490,18.76988335318529,28.12459660590356
P43535,16.593858230571037,23.85647330747187
P43555,15.32213706389736,25.77801326810384
P43577,15.5304527719807,24.171285163236085
P43582,14.002140791873316,23.775201844111322
P43585,17.29087742418918,24.46086295057944
P43588,15.731233103246813,24.34160219325368
P43590,16.894376877725012,22.692243653681395
P43593,14.579794988374488,23.969443701138136
P43609,15.556204813134915,23.99504010333421
P43616,17.89790787471875,24.87961573242464
P43621,13.81771484857937,22.727431084177223
P43636,16.95604106869065,23.896846875596637
P43686,17.78088104122012,28.702790717112972
P43694,14.089758871943385,24.157793798558696
P43897,15.664828815673028,26.68815114587936
P45877,17.76524465328376,26.995510271836576
P45880,19.210132063318103,30.169516224775588
P45954,16.627729606626552,25.351219624893517
P45973,18.681601026012235,29.902095461684272
P45974,18.70572732206642,28.190073679762317
P45978,16.50278038041827,23.398236274788264
P45983,16.442891619993365,26.004699652641296
P45984,17.82275234305658,24.672925583115717
P45985,16.742250041950427,25.868122597957868
P46013,19.23621620316179,28.8478789031186
P46019,14.525299551158211,23.416493070842172
P46020,15.187827844416827,24.23848508981175
P46060,18.22547577044021,28.458012907408783
P46063,18.074102341135976,28.078886467876828
P46087,18.096136388967437,27.51253082446087
P46100,17.199264158617193,26.55503638113362
P46108,16.911745272066586,27.25323335735676
P46109,18.1845439028997,27.903851679879274
P46199,16.326385508270068,24.360285230012924
P46367,17.426733486722856,24.529399116895515
P46379,17.070109236511712,29.26314877259992
P46459,18.384648229735017,27.60166345189438
P46531,15.39783036395373,23.836369206514366
P46654,16.693087151725624,24.712175314347594
P46655,18.064321310266934,27.017573173504346
P46669,17.34171198910159,24.348962116073093
P46672,19.322948989506045,26.07658506582752
P46680,14.463623882931163,26.135755093605937
P46681,14.79111505574534,24.322349115770614
P46682,16.005766746630965,24.62098688707603
P46734,16.16666334311364,24.300151879396545
P46736,16.70043339622139,25.444346560801723
P46776,17.030958401477104,30.158495489622105
P46777,19.805199185336274,30.259602032742805
P46778,19.115390599064987,29.766279207409536
P46779,17.194198899844576,28.835800507738245
P46781,20.02766036598509,30.055338775314066
P46782,14.978107124869428,26.45127606674316
P46783,17.818759928001416,26.623796385227216
P46821,20.23772676946747,29.638355803959477
P46926,18.915522592996428,27.545943225160055
P46934,17.06326835535678,24.181374741313558
P46937,17.342081455508595,25.430807100097784
P46939,16.031421682931246,24.160621688334583
P46940,19.635633283843195,28.3344088273792
P46956,17.383309132765184,23.995916086566467
P46969,17.430174832277107,23.326670589865813
P46976,15.963990546295815,25.982976803229388
P46977,17.876066333761724,28.003176272062596
P46988,15.654275291026094,23.797908949409145
P46990,19.206045617197624,26.68199822331471
P46992,14.161480177241096,23.690262006004318
P47006,16.033277517289964,24.9284248503729
P47008,17.134663253637605,26.641825724038032
P47018,16.36798936674993,24.039165304965557
P47035,15.310315739553781,24.847821435362086
P47039,15.545433857965062,23.288329619529215
P47044,16.08187073868039,23.976409942247095
P47047,15.626544751438939,24.944497480543326
P47068,15.711381528430948,23.158441272009934
P47075,17.51233525995114,24.956980628467445
P47079,17.514791092785632,24.36363075545584
P47083,16.237571547907503,24.292601429944355
P47089,16.091704378909895,23.954187700132984
P47096,15.10090033230235,24.288229416982194
P47117,16.027068161362557,24.93728806755584
P47119,17.75767300598251,23.858946810999655
P47120,17.407593077605952,25.915280788280295
P47143,18.214696117423937,26.111678050686827
P47154,18.104500533708517,24.286715674072347
P47176,16.554424722591435,23.923060257373
P47224,16.184995536666666,24.94492222092535
P47736,17.20788324241995,29.475411630998913
P47755,16.407927719736243,26.94280444734086
P47756,17.877278640795875,29.403577124934337
P47895,16.381503859639608,24.58614393894723
P47897,19.30312765496144,28.22168513364248
P47912,14.9832256595695,24.25186340275635
P47914,18.527935424364596,29.99874428532376
P47929,14.329910649805319,23.70844435072497
P47972,16.5595549964094,26.9707414725401
P47974,16.035410342367236,23.456750577401717
P47985,14.958552035769243,26.028921920512303
P48047,18.227928863776057,29.236635529798004
P48059,19.04320319391772,26.574665571946937
P48147,19.743771612673715,27.78396366645083
P48163,17.30824184216449,26.09303219958249
P48164,18.606766771366,25.731531668462218
P48200,15.991069973563555,22.35501792730024
P48307,14.835670574928685,28.351925911725065
P48357,13.714061233092623,25.408185534396804
P48362,16.27524390359841,26.103499645465867
P48363,16.969046007229316,28.38103315302045
P48378,14.423466340204845,24.79767146912206
P48380,14.889837758747458,23.76821946561133
P48382,16.037566972189307,23.950990070840763
P48415,13.904320071833668,24.493483151558337
P48426,15.142399077737853,25.120049848030863
P48439,17.365385786667055,24.837204484707843
P48444,18.58464406072181,28.420744858753793
P48449,17.000141798459676,29.887758620221536
P48454,15.28413734357586,28.962345009716575
P48506,15.412421322544015,25.554549595188686
P48507,17.679738256873925,26.320183956733246
P48509,17.392824405370334,26.039788167068295
P48510,16.11006996159813,24.222461876086562
P48553,15.476106657231718,24.38800793219664
P48556,17.461111292455936,28.198904764229766
P48570,17.208346461124805,23.831901759139225
P48589,19.383536890160094,28.912615096080316
P48606,17.69961198841656,24.5952673285617
P48634,16.97649047278887,26.773260269040144
P48637,18.619608046544077,27.16460594761555
P48643,20.40899325204688,29.9793212862423
P48681,20.604635569857486,29.55346988843123
P48723,16.52770648155795,25.871538741173634
P48728,16.575333851827942,24.373109216424297
P48729,17.19355391484134,25.791469748541434
P48730,15.092513122875419,25.208792763844396
P48735,18.677375264536295,29.356731592421955
P48739,18.341276515029524,28.086975790169916
P48836,18.60386144129294,25.364880180512404
P48837,13.944936206672537,24.478416800510278
P49005,16.66777799315502,24.916861369578697
P49006,17.967076495786657,27.56339089843563
P49017,16.556019181698954,22.93818903140186
P49023,15.497887899719267,25.41166544255658
P49069,16.114741024305093,24.198081983869436
P49089,17.030081932008247,24.47411849279707
P49090,16.78495300692333,25.611598833607843
P49095,14.21206441382882,23.0781156993005
P49116,15.442157654781106,24.803343119889664
P49137,16.45608190526717,23.963571024859668
P49167,17.474267211552146,27.351840063317294
P49189,17.14261034346738,28.001218833038394
P49207,18.273912530912437,24.586092099051722
P49247,17.629441043788482,25.565802672932545
P49257,17.64792821147856,28.619293120554822
P49321,19.6216881104496,29.698594138330908
P49327,20.23241956084499,29.62206685782035
P49334,15.722874933616271,23.799438451909896
P49354,15.472465453416559,25.395838461157553
P49356,16.216857932960384,24.70797191188519
P49366,17.21963838641747,26.690498289485408
P49367,16.40600371264943,23.50417549030529
P49368,18.97020861499867,30.26180687883421
P49406,16.734929270016384,25.955451030842152
P49407,16.071436035254834,25.185143833076772
P49411,19.99990529177835,29.98527864255247
P49419,17.98240744245868,28.29681463164419
P49427,17.619346066138984,25.64829917916257
P49435,17.6279116742055,24.713889636757337
P49447,17.3752006798994,26.96222637445791
P49454,19.010054212141924,26.591666287345344
P49458,16.029280360057147,29.796658335616435
P49459,18.40672639475087,26.526185131743674
P49573,16.504196786398857,24.00548569295435
P49585,15.844773997932865,25.28051081659435
P49588,18.891619175981653,28.246193053582367
P49589,18.074708215081966,27.38532921932282
P49590,17.442038504772363,25.833716476877715
P49591,18.484782780389374,28.06744986229929
P49593,15.341760005109327,26.657443043555023
P49626,16.17875982685966,27.225373100890998
P49641,15.505096251178433,23.238181085318043
P49642,17.594635022720976,32.4710869907736
P49643,15.927889935398364,24.87023173705699
P49674,13.471651022991571,24.198415139872893
P49711,17.061950188224415,25.688634525161735
P49720,17.085841716623136,28.471487959802896
P49721,16.99897636309318,28.88346598673309
P49723,18.80926785621279,26.62761828671141
P49736,18.72273872496223,28.672743395005472
P49746,14.96394186917453,23.976261776450077
P49748,19.056744821437025,27.85195636860337
P49750,18.562299200794968,27.359666849915317
P49754,16.46028720725707,24.713718540843352
P49755,18.16962346268805,29.04375487893719
P49756,18.846024306194057,28.498287214512477
P49757,15.80157987790194,26.18391719215559
P49759,17.131316963972363,25.119367229801806
P49760,16.988391417247904,23.856308022027914
P49768,16.005542023998967,23.88354710329091
P49770,16.68929797736587,26.655089147153735
P49773,18.673517502551242,29.58376612762185
P49789,15.62984210454235,25.537815967168783
P49790,17.792539310422864,27.41193226732419
P49792,19.38006494544529,27.727060646420036
P49815,16.380707434556285,24.86464815532833
P49821,15.71984306786749,26.303124893859295
P49840,16.829933277892763,25.892940106218212
P49841,15.291594013898598,26.08057310584771
P49848,16.49207351732316,24.98154534779593
P49902,16.156663338241028,26.20699381481098
P49903,17.143009789130787,26.575931599432664
P49914,13.422440200084251,25.465156709753394
P49915,19.4532166024124,28.09522160449699
P49916,18.342609104715024,26.572610506344823
P49917,15.966446983179248,24.195525854461575
P49959,17.739028460802103,27.37798555755225
P50085,15.748602743216333,23.75024951770762
P50094,14.901004349166621,25.296493735951362
P50095,17.484983469675257,25.56007635331614
P50106,14.982467347668853,24.945050526473455
P50109,14.806603154833022,24.81320573411199
P50148,16.452668581545954,26.63477266630628
P50150,11.181636668189721,24.8154232670056
P50151,16.33574815759364,23.864905239669156
P50213,17.220047936787648,27.29370762134589
P50281,15.427591769642499,24.451897212508317
P50336,17.203896633642962,24.8825676004462
P50395,17.80329858469989,29.265980420455826
P50402,17.589448653152996,27.797503469391142
P50416,16.439516277159363,26.947217418794498
P50440,15.819678161378919,24.047673278093626
P50443,16.848297730173556,24.51617825791497
P50452,16.48462685005585,24.94137334960969
P50454,19.358334695325723,30.15394650043903
P50479,16.75206608993417,26.799664308275226
P50502,17.49659193234963,24.28318212938273
P50542,15.753655422117987,25.25219684780187
P50548,16.008172283106028,24.746261050751166
P50552,15.910849907835466,26.5306090510596
P50570,17.569704083779282,26.96739040719529
P50579,16.627278802651112,25.048526244652496
P50583,16.176611844991992,26.08963397485584
P50607,14.746161581909458,23.559331924371875
P50613,16.582040884179033,25.778164454903067
P50747,16.32209509642692,27.30615499327538
P50748,16.9568516149346,25.4675656366005
P50749,13.32832343457777,23.911674413216385
P50750,16.107796316726446,26.293256131582286
P50851,16.795487572299304,24.630108098535473
P50861,19.08618370542298,25.48208669058253
P50897,15.479042142114503,27.895707461077446
P50914,19.056766956046456,28.85827106412589
P50990,20.820328050986703,30.662885903908602
P50991,19.158873403181833,30.388731900056335
P50995,16.94543450095732,26.82343449065557
P51003,17.5974881098645,26.004339833080984
P51114,18.740404557319255,28.221802042277794
P51116,16.66863953408808,27.4788264165823
P51148,15.862142645747715,28.144956848355395
P51149,17.437716587431407,29.285848519034086
P51151,14.608469877798827,24.967755416139468
P51153,16.260296046232135,26.918461850688363
P51159,16.454010860744418,25.44206188463606
P51397,15.908216643969453,25.916437021824358
P51398,16.357796619608138,26.806200239484102
P51401,18.7576136008286,23.247595096047597
P51452,17.259653058721764,26.4177335851543
P51513,16.523796010542693,24.353444238922222
P51531,16.663529752579613,25.934312886454865
P51532,18.855421889542235,27.9243126510105
P51553,16.16661107593915,25.091044143106163
P51570,16.675256279907575,26.290104103851014
P51571,16.243780682544866,28.68646219736261
P51572,19.676186948276307,29.791188301388363
P51580,17.518429048899,24.711749040489675
P51601,16.389932709430994,25.915966747649716
P51608,16.86013764365166,24.79125645650591
P51610,19.603363830836745,28.04601767888707
P51617,15.376659640686313,23.517465032932122
P51648,17.712990172264227,26.345977812839482
P51649,16.677685970290103,27.04158869120267
P51659,19.484520013496308,29.143626103399725
P51665,16.591437951195278,28.063868305066656
P51668,16.071945037710744,26.44362239475745
P51687,16.05671772151056,24.919172579576415
P51688,14.876521982559511,26.046022379657057
P51692,14.59516752391977,24.045156228523616
P51784,15.891181980247229,25.977461605815463
P51790,14.689465704787786,24.18659948145439
P51798,15.569238435511918,23.456912219468535
P51805,16.780721562385104,23.31172891642228
P51809,16.608529796998177,26.089084898975
P51812,15.74597555422027,26.49548910557857
P51858,18.166419331699565,30.50390594601079
P51884,14.23297697115014,23.574994541005406
P51946,15.83183440850209,24.658649893563172
P51948,15.824835751962867,25.411346063807194
P51956,15.440505745189599,25.13957153155537
P51970,16.654132891897607,27.3799332626476
P51991,19.935223811781082,31.287676607264924
P52209,18.90391905267963,29.688556692284592
P52272,20.337458212715458,31.36075716440091
P52292,18.83210374066525,28.984694483846532
P52294,16.04211786981269,25.892881603014732
P52298,16.922941478501706,27.1855828915779
P52306,18.07840136971418,27.591283868030402
P52434,15.39900677055281,26.757406605447958
P52435,20.47024929033608,26.16677167645186
P52564,17.164302879176386,26.082785628468347
P52565,19.339675331543532,30.66041686579271
P52566,17.60659341282213,26.694258894887664
P52569,14.95007011766129,23.253517871672763
P52594,16.272540366991304,26.646945050830272
P52597,19.323521196039927,29.132938764173762
P52630,15.960445501347815,25.914123703395568
P52655,18.15082801479317,26.269263893037703
P52657,18.56857431646681,26.078814428567185
P52701,18.61926724777474,28.41038496762201
P52732,18.342413787325427,26.35089381042261
P52735,16.728767705776104,25.031144219000062
P52747,16.175543053400055,24.155361052050853
P52756,16.911736047558588,25.57915701715773
P52758,16.208984677624315,25.71485184365013
P52788,18.446593465805737,27.612167444896087
P52789,17.469618501281467,27.805445534100098
P52799,14.285432804520637,23.848430295060766
P52803,17.45065496593782,24.870477041930883
P52815,17.898406143067362,29.531152040970483
P52888,16.605759458697733,26.57136244158017
P52893,15.846802613262023,24.538039876114496
P52907,16.903909297592275,29.179192802564366
P52910,16.138818814334464,25.657406711004594
P52917,15.995996748615141,26.841705193052988
P52926,15.356726599029527,24.096087052109002
P52943,20.009671003479436,28.87106179037918
P52948,18.604426903760576,27.516887449344853
P53004,17.230388895527433,28.380915068442395
P53007,16.727623850010417,26.62046041390909
P53041,17.14129923847838,27.137800881724647
P53081,16.018839491081128,23.369519472304578
P53090,17.075484372395618,25.678897717511557
P53111,17.60741479602163,24.687764109601943
P53131,16.557385916506835,24.2236923192111
P53141,17.843803920772284,24.689389559250866
P53145,14.634328747988802,24.155011276688185
P53163,17.12824241729711,22.85917067186392
P53184,16.457976481337383,25.001149203195155
P53192,17.25842494711925,24.583224831182946
P53221,16.74499361140149,27.71472922212818
P53235,16.77498004421038,25.98068373845068
P53250,15.559903723884458,23.53936887354697
P53252,16.34686630731557,26.052941856596814
P53254,15.017210624200048,23.00530869826238
P53261,18.15840473044274,24.639455460976823
P53276,15.711243580384762,22.694786354950736
P53278,14.773426514871847,22.55536919300858
P53281,14.957353142745367,24.56844870550464
P53295,16.680451557224714,24.182250214678554
P53297,15.264240134658394,23.295220604815338
P53299,16.473154852882224,22.734274653331795
P53303,16.105257190516948,25.04817925111991
P53312,15.665904262453951,23.556074367997937
P53327,16.664423557034343,23.519990709121263
P53337,15.146400818240268,23.393844279090104
P53350,17.01725989328368,25.79469348264484
P53355,16.39710626153657,23.110308144770496
P53365,15.721643942533733,25.66785677638611
P53367,16.451252706792847,26.294585607040446
P53384,15.911335455899234,25.766670310504022
P53396,19.212759257532966,29.037461283221965
P53549,15.665561598244922,23.96620653520583
P53551,15.764158703937085,22.618463808691878
P53582,18.4344178301273,26.772043229729608
P53597,18.449248076625913,27.223315473196603
P53598,17.381465499327316,24.624960050241736
P53600,14.862296562607739,24.184919596734346
P53602,15.940843038815188,25.203664974047435
P53611,17.53200884768318,25.723999716352928
P53618,18.90995864459358,28.583069152332353
P53621,19.54988874036905,29.851596572352733
P53622,16.27616524712126,23.682052664974528
P53634,14.675791494177425,27.630901341242623
P53677,15.638216792944093,24.111156131360072
P53680,17.18645958589876,27.464883460550436
P53691,17.4513832535093,24.826976431809896
P53701,17.0515991081515,26.424165546480374
P53723,15.695837533990183,24.760467229984624
P53731,16.165542174525275,24.92301880606374
P53738,17.214153081395725,25.049758040903793
P53742,15.505647982569691,29.279991780387903
P53803,18.86971306491189,25.436428257659642
P53814,15.435694728819596,24.575168138536984
P53834,18.193308858507944,23.988453003476785
P53852,17.16478845137237,25.421170834665872
P53860,16.9777852434116,23.208753068263952
P53883,16.20529963081646,23.556965435119753
P53903,15.569788375909964,24.126711088776005
P53909,17.280012522995158,23.086208805892472
P53912,15.992213960483925,23.85680809495502
P53914,15.921083679809888,23.670557008128277
P53920,15.054750422718683,25.469477620498314
P53927,14.042447838579578,24.15034206647512
P53981,18.172602326376236,27.713674887601425
P53985,16.557483695677625,27.410741192047784
P53990,16.837988664480033,26.90049682082302
P53992,18.911700455616554,27.434909891153207
P53999,17.57193048613633,29.759429292538297
P54098,14.973958521763484,23.78821196424471
P54105,15.451532569442639,27.95606002490846
P54113,17.139255889941424,26.712633726588383
P54115,19.382232335906636,27.843021885134917
P54132,17.00716728114245,24.544552880468054
P54136,19.56173279481907,28.513474885899416
P54198,15.95499631072018,24.259418371242006
P54219,17.820975861881735,25.052624224232137
P54252,15.386032776135806,22.69444928734462
P54259,15.910487835414443,25.736940768256954
P54274,14.874246721579357,24.632049126254554
P54277,16.028269309192638,23.828290136550297
P54278,16.22160323167224,25.43628061549904
P54284,16.350600492331107,23.501430981085168
P54289,17.570393602014864,26.57658836668371
P54577,19.350713987394258,28.695588888029658
P54578,18.240471484404598,28.41270831727593
P54619,16.307467008026528,26.013137456107366
P54652,17.40868916993722,26.711591172586957
P54687,17.69104146284927,27.8331135119419
P54709,17.764439036947902,27.219729008837973
P54725,18.42235993027442,27.382557744613433
P54727,16.060191495458838,29.114298852774784
P54753,14.734562506937083,24.699013674288217
P54760,14.586832166422054,25.338008928529675
P54783,17.25829995111678,23.689946480643894
P54802,16.822066688350237,24.171702054278704
P54803,16.423186780055985,23.81389722362753
P54819,17.497970310672986,28.984548089979263
P54837,15.503751992982513,26.02085126167237
P54838,17.913121597919602,24.352219457918164
P54839,18.51887530717167,25.51831903375012
P54885,17.610197487628724,24.75215309758891
P54886,18.620508256435578,28.26585422607011
P54920,18.18660111855156,27.77866080074873
P55010,18.33689717290816,27.92533538519676
P55011,17.153398972095918,25.607894593408762
P55036,18.00002834246246,28.540954926083174
P55039,16.63643373628113,26.24421246505499
P55058,14.19636852256003,24.57668143378653
P55060,18.87211422420875,29.53457536383074
P55072,19.66744180302277,30.149851393339112
P55081,16.62616470185643,26.515434370387233
P55084,19.272297590777747,28.900454584635526
P55145,19.592892593409356,29.215264596600615
P55196,17.562981711395263,25.908998807709754
P55197,14.563346247175609,22.49631120710318
P55199,13.27102124657889,24.074520344062904
P55201,15.37563443391723,24.714274921485988
P55209,18.115428955634986,29.2466076815356
P55210,16.876577697071763,24.506955594662625
P55212,18.36647085074224,24.963764398545653
P55263,17.407129428513393,27.381069150832918
P55265,18.646537792106052,29.245959821370246
P55268,14.091779434455397,22.64715360497129
P55283,14.233771447324386,23.981403268835862
P55287,15.56356710905855,26.23177378189163
P55327,16.41107309928093,27.6370569748712
P55347,18.47993462765495,24.147286455154415
P55735,15.00624819637328,26.934453038854556
P55769,16.88682043950384,29.535063312144477
P55786,18.831944218827807,28.28044025277076
P55789,15.341996587861205,24.04594331306271
P55795,18.352196199285814,27.530801779272704
P55809,18.762803965652065,27.283926043851228
P55884,18.337435345550855,28.662632195827268
P55899,16.08288722441179,23.55706246038188
P55957,15.154876901895445,26.18916857630969
P56134,14.82766423774179,26.095332536136752
P56182,16.72577186121179,26.500821729237263
P56192,18.257208421632882,28.355379779870052
P56199,18.014487296960947,27.28671467248711
P56211,16.109100111781924,27.15277189716269
P56282,14.34090320689519,22.70774953418129
P56377,16.35050864240724,25.460664374181878
P56378,17.670811592310518,27.57780073084733
P56381,19.08955194635414,28.298980703840908
P56385,16.708168731077595,28.003170551903718
P56524,14.588366996316433,24.014053256422216
P56537,17.358493386045907,29.13012861497638
P56545,17.568050616520893,27.68516754137352
P56556,18.400265038534403,25.984512617333298
P56589,15.137076526664837,23.871478807442948
P56628,16.885603378181234,22.47182465230893
P56730,16.779375668846164,28.11139906016721
P56937,14.931031709948874,25.479507594215143
P56945,15.603557722235216,24.538989496273537
P56962,15.970452783139645,25.376914588498426
P57060,17.104690867526426,25.63941933503674
P57076,17.18565943964792,25.342302148396502
P57081,16.297634401051358,24.773569153523123
P57087,16.105759993015386,24.892447949310633
P57088,16.93345707089561,28.241431413617185
P57103,15.741045664816282,23.943160903417212
P57105,17.527830646790807,26.445069279201117
P57678,17.309699270803222,25.965751432391386
P57721,14.335568075140813,25.190848502105474
P57723,15.347342924439074,22.799381927736306
P57737,17.178847017615897,25.0061917850104
P57740,18.19235848051901,27.47729477827526
P57764,15.34774540539154,25.35972054338991
P57772,17.677044458949627,26.120078379057063
P58107,14.504053418109992,23.343120367445184
P58317,14.314025911960902,23.2576553644407
P58335,17.023584718099322,24.999896118738985
P58546,17.98179785001344,29.154001809819015
P58557,16.921589930922522,23.50737616651208
P59190,16.364460378520103,29.843086395735572
P59768,15.158345588055877,26.500489099417663
P59780,16.16758703842192,25.241879639408516
P59998,18.38465616881103,29.09184231060869
P60010,19.125502936543356,27.963309654720554
P60033,17.85331057081368,24.809831213058608
P60174,20.506893809976585,31.715270487157774
P60228,18.379571775677288,28.25998829580735
P60468,16.618889337499727,28.876629785214206
P60484,16.289883623945308,24.42133119353356
P60520,17.51809372015583,27.14692781395737
P60602,16.43099340646259,26.84453693434362
P60660,16.465703872184,30.311151629685423
P60709,19.44517307531092,34.31680021467485
P60842,18.92989551605002,31.06013242172988
P60866,17.78023943105163,30.035822608629402
P60880,15.483340142203506,26.26008764426224
P60891,15.914545215080846,26.340917004737246
P60900,17.410541340466477,29.152872684362837
P60903,17.870080205767376,28.023496500123457
P60953,16.391726521832606,26.96717650888954
P60981,17.84277754890821,28.44320831032888
P60983,17.4958323909343,27.358855438428318
P61006,17.405816238691564,26.95175483267574
P61009,15.542010567207548,27.44801427205765
P61011,18.57090996878144,27.29870080572291
P61018,15.315303786398088,24.272825030605315
P61019,18.713621337442,27.8713147916329
P61020,15.83705699979031,25.59503761150205
P61024,15.961856879630586,27.19704610748751
P61026,18.384045364671934,27.4763197765021
P61081,17.8275824346047,28.387037042150236
P61086,16.75522359439799,28.19158826894823
P61088,17.82083982183461,28.5239310845454
P61106,17.134911074634193,28.387432217624177
P61129,14.42182596215399,23.49811536927554
P61158,17.296988777029853,28.847570808971227
P61160,18.530892267108836,29.212264267104796
P61163,17.142158923172033,28.584397177352198
P61201,17.788852975905595,27.32385880677775
P61204,17.19778838905244,29.509201451890277
P61221,17.60363129477692,28.187276223415978
P61244,16.369600697205726,24.793762593433314
P61247,18.78002898741873,30.014275860684698
P61254,18.020415190833607,25.02925503803998
P61266,15.035456094121423,23.707427366161173
P61289,17.697933842621925,27.79275476034765
P61296,14.408213625152781,26.130356071250738
P61313,18.08148213778679,30.057940978918047
P61353,19.19455584635019,30.367143342911106
P61371,16.50565232403941,25.493577120593738
P61421,18.861018783180956,27.490825326353928
P61457,17.93940627398146,27.497069285585077
P61513,16.533168414868353,27.0054748562945
P61586,17.68363432328802,24.01118143531777
P61599,15.816379041493063,24.793848404140327
P61601,15.150513268402312,23.822740901985675
P61604,20.38894852901181,31.97797277291139
P61619,15.766039550539404,26.984493810021636
P61758,16.9581195549301,27.7759667205575
P61764,17.090908928911745,27.049752817485995
P61769,15.956936859368637,26.70465041005094
P61803,17.212025137290368,27.56525767517968
P61830,13.15599581599345,25.298358001203017
P61916,17.587711113956217,27.243187941812522
P61923,15.163854315822018,27.526090428868912
P61952,15.461940660800053,26.836979656166562
P61956,18.955471504338547,27.881174999181784
P61960,19.73527107936874,26.747328434650502
P61962,16.825899966250116,26.44685989101228
P61964,18.12353272690216,27.46353323644051
P61966,16.405137224016507,26.124403261852624
P61970,17.793149008949655,28.729203081405974
P61978,20.787761637758866,31.937768164286105
P61981,19.02303552268649,29.713599473355654
P62070,16.81970177542583,25.773945758978922
P62072,17.04665900384879,26.09384328936736
P62081,18.498970194585173,30.474643806117825
P62136,17.2289160566021,28.212988951791306
P62140,16.462962919730206,27.92012621571414
P62166,17.340396348461937,25.9381828906092
P62191,19.654920864903076,28.589090563605385
P62195,18.614930324468602,28.76116003221395
P62241,18.47572010720923,30.756816562948075
P62244,18.032678037706237,30.675053243886925
P62249,18.12643140787951,30.745186246638823
P62253,17.00072700530225,24.999987774848105
P62256,18.17082899529608,26.653648607580156
P62258,19.05976921952867,31.837918930169547
P62263,16.59853942451299,30.859717526646595
P62266,18.509391907667794,28.9381506239045
P62269,20.33848486526299,30.59987978892972
P62273,16.09126388253416,28.307606349215714
P62277,19.553501210900915,29.464428686053786
P62280,19.92437527812708,29.345442781189707
P62304,16.895052952427317,28.322869153568963
P62306,17.44063534860236,29.58031687132352
P62310,17.305979186982704,28.434258586587795
P62312,19.1933908427069,28.255976272637273
P62314,20.227806993476793,29.43569381297155
P62316,17.85188707677389,30.433187178657274
P62318,16.803440388215723,29.33162377151505
P62330,16.93521800762356,26.591923945840524
P62333,20.095232665342376,28.50254107834444
P62341,16.739244981403733,24.828910706155163
P62380,15.50685342722165,25.20329904529637
P62424,19.260642017334458,30.612236937474368
P62487,16.52162367171128,26.473726942757615
P62491,15.843238003500783,25.629605152399044
P62495,18.77139618582364,28.471631500100045
P62508,17.055709627152506,23.70136051039353
P62699,15.450573029032418,25.04073231197397
P62701,19.440449786926074,29.402946261871925
P62750,19.41788519618108,30.49257737007446
P62753,18.088397994230267,30.159080629741357
P62760,15.270508380832034,24.100573238589682
P62805,18.039716688700988,31.977227907706165
P62820,17.05619985902723,26.091547199613853
P62826,17.515328322963672,30.547756388789043
P62829,18.06602803247311,29.517671252020982
P62834,16.839668500708477,27.219060266595914
P62841,19.03450677019623,29.247405496171883
P62847,17.325854554625227,29.167457389645207
P62851,19.2514223479304,30.822339753611374
P62854,15.796200107839171,25.19226011328952
P62857,16.20300246887493,30.345241803267687
P62861,19.480844261447196,30.05066317235187
P62873,16.96645400555998,23.98670789973577
P62875,17.722461799598168,26.739960712441132
P62879,15.073225407477928,24.415104871909172
P62888,17.778898689839796,28.3563927100713
P62899,18.763759116888252,29.635615426638864
P62906,20.332808184804904,30.363905848266274
P62910,18.007177503293263,29.919334382848408
P62913,18.231535742002574,30.615666633334353
P62917,19.838597939109025,30.200481596486433
P62937,18.19258531846631,33.51573569367591
P62942,17.115823621914455,29.324223034561875
P62993,17.79484121827286,27.550777611682868
P62995,17.65886625497637,29.609707631337574
P63000,18.120020051726858,28.0474023987286
P63010,18.33707668291328,28.165958760572362
P63027,15.924313182137155,25.33775047442703
P63092,18.624003088001334,29.93232236039254
P63096,14.592185844602444,25.552859763522285
P63098,17.075809722261777,26.66679274028927
P63104,18.101715322667594,31.60931345981578
P63146,16.119509378729287,24.06956801621973
P63151,15.602387735856858,27.22653724756318
P63165,18.070186122903976,28.438005093528407
P63167,17.159083100026002,28.42348493312326
P63172,17.52520280387498,26.90217563101154
P63173,18.352191313084067,29.255026614488195
P63208,17.797991388121343,28.378045244206728
P63220,17.683950090136058,30.022971250222398
P63241,16.90237645411762,29.204908061088346
P63244,19.77072964461566,30.39607347947713
P63279,18.06430806381207,29.103605391430943
P67809,16.128211231349024,30.17187025713033
P67812,18.63409857667774,27.08743110504388
P67870,17.475914674609086,28.542174276037105
P67936,18.113555744182992,30.27501888527952
P68036,17.614699541030685,28.353695939252038
P68106,14.029623488936362,24.28846459677917
P68366,16.298704012821677,24.54708850948483
P68371,15.256520152581128,31.665710821570766
P68400,16.226372803143974,26.77880967058322
P68402,16.145622597970434,27.421723102991635
P69849,16.95855988961904,25.09320037228409
P69905,17.706834132571167,28.160066469769667
P78310,15.688485820804102,25.486124146545233
P78312,15.701745909757072,24.115001964314608
P78316,18.428116000379447,26.420072722252307
P78318,16.39315811813048,24.937374882900126
P78330,17.279470630621116,27.50727445829522
P78332,17.91886411054822,26.202167420919707
P78344,18.860279729251687,27.348385242678567
P78345,16.665534535036134,24.214418735272037
P78346,17.37666693150195,26.418009880150855
P78347,19.765103120003737,29.21564971912361
P78356,16.957265693139146,24.88551522533067
P78357,16.528554175744922,26.687255089878043
P78362,16.735746836974396,25.201763497861297
P78364,15.917253031088626,24.500352702820205
P78368,16.5229687254648,24.0153968457065
P78371,19.82790457093462,30.405086277126635
P78383,15.779225857555517,23.944926397456197
P78395,16.082173025072304,24.483797821779454
P78406,18.255310164986117,27.941533012858287
P78417,17.616191643520196,29.48104304406296
P78524,13.821817488002042,24.351708076709503
P78527,20.85957914500626,29.700055410863186
P78536,16.846008589624628,25.53632907201191
P78537,16.384391415704545,25.326816870766695
P78540,16.27339987446941,24.590432650158245
P78549,15.021270997103434,23.90043263829766
P78559,17.580531177102813,25.879924142484008
P78560,13.919527548704696,25.495744770837646
P78563,14.353364117222592,25.96336009497112
P79522,17.467624122794202,23.76715223650355
P80210,18.17478844405364,25.555505771767727
P80303,17.478602426421464,27.364444493237475
P80370,16.012277163793893,25.67588678269604
P80404,16.707243181161818,25.969851850157283
P80723,16.63936058891322,26.813180632251367
P80967,15.947196300821227,24.816659725644804
P81274,13.525297307816423,28.071138344104785
P81605,16.28769073896153,27.287652993956154
P81877,14.459854434702807,23.813488720745227
P82094,16.61500649346787,25.54750450694092
P82650,17.13056938978406,27.173115478666652
P82663,16.076908267193424,25.866299422736258
P82664,19.110305473451756,25.45957369015771
P82673,17.71271931650964,25.811177572804546
P82675,17.578749326896542,25.520159420108907
P82909,17.781542109503796,25.785636948047898
P82912,17.952478288806965,25.639092559585237
P82914,16.40297184456241,25.467168618194933
P82921,14.352434424661357,25.130410821508157
P82930,16.671095499847485,25.83774439700117
P82932,14.707929403049963,24.692591878255215
P82933,16.763023855074888,25.744237862818494
P82970,16.472619372162598,22.55177818777397
P82979,18.112169159401887,28.671550751977435
P83111,17.788722367922144,24.985800499557392
P83436,15.576964830510068,25.036214047455758
P83731,18.01672233789221,29.506797375167913
P83876,16.75450066004873,26.621901770613416
P83916,17.627703047248353,29.118904230022377
P84022,14.225854114325688,23.830432903800293
P84085,16.422146476269305,29.422366043637304
P84090,19.486706040107123,27.466040331577524
P84095,15.436344034000598,26.747169413338057
P84098,18.17743600323902,29.490091583392157
P84103,17.559290942935178,30.83509697749613
P84157,17.273694462683896,27.505743797630196
P85037,16.56704722435967,27.052317389093275
P86452,14.052130443926323,23.641062248982756
P86790,16.90371712362918,25.715581825111094
P89886,17.47534092218557,24.82499053516262
P98082,15.46446289679326,23.4326581131705
P98160,14.174236774683793,23.332801857862368
P98170,14.67167484813915,26.338894567129515
P98172,16.016417845838824,24.055654801002287
P98174,15.297947017619187,24.93686080007239
P98175,17.06511368316058,28.89615858063748
P98179,14.851359543803502,28.34370280112531
P98194,16.3745572755422,24.983215508145108
P99999,18.194675027960983,29.39134886748281
Q00013,15.356672044212097,24.43138263705868
Q00055,17.508564546076613,26.076635351370726
Q00059,17.33440932893695,27.16873710290071
Q00169,18.54198214254633,26.311325788332745
Q00245,15.18133475680706,24.377508606992908
Q00325,17.73004727244813,29.417678007985632
Q00341,19.119114891922315,28.19927180911436
Q00402,16.171714410536556,24.487422202073766
Q00403,17.455578201548917,25.619595519151616
Q00534,18.4709758955659,27.71314533310496
Q00535,17.432888744031754,27.432572937571756
Q00536,16.798688641337815,23.926490010687843
Q00537,16.473699567170932,23.66282226005986
Q00577,17.292578519277974,25.026023645276894
Q00587,14.95663161944064,24.571691026747633
Q00610,20.795778622477563,30.509794374145983
Q00613,15.543018625304764,24.899156410714905
Q00653,16.886162549549343,28.997861681259213
Q00688,18.993878436562213,28.47991926556192
Q00764,16.97284333068864,24.203418953195563
Q00765,17.806506408285884,27.57170431217916
Q00796,16.72860884808931,27.400235788597723
Q00839,20.187396054777324,32.03457480646556
Q00955,17.384400129159573,25.226064377253145
Q00973,18.17686926347021,23.689959273554734
Q01080,17.513033896979717,24.90037247250502
Q01081,16.87669279628016,28.9101985774703
Q01082,21.056953631652664,29.817344956134463
Q01085,18.352561180508935,27.881430100787863
Q01105,17.274228259084303,29.8020279308109
Q01130,18.801596222820862,28.51004869987994
Q01167,16.310109075783338,25.53632571207071
Q01201,15.615389397668185,24.18905756685219
Q01415,15.48327027682055,23.445276713432314
Q01433,17.172131377026712,26.235991466053395
Q01459,16.204095452784347,23.994485024338427
Q01469,18.5139478606772,27.667881203005088
Q01484,16.86752127628703,26.068516241023346
Q01518,18.69091845422163,29.49949955607374
Q01532,15.06599890704302,25.356469609683074
Q01560,18.099851169887962,24.970073275611362
Q01581,17.464796994013252,25.605312978024102
Q01650,17.977913222244272,26.066585010803617
Q01658,17.816946344155,26.348414800873556
Q01662,17.433594405808474,24.62172503985794
Q01664,16.285556465119125,23.57185411738267
Q01780,18.90232123147703,27.05782494738371
Q01804,15.5262775198113,24.207239257888393
Q01813,17.396756252418786,29.103025873194113
Q01826,13.865932020746206,22.959001151593075
Q01831,17.546317983960684,24.871825434523146
Q01844,17.839236600111022,29.29674353289139
Q01852,14.683160303463657,22.4542721801715
Q01855,18.488249624105205,27.7201790897654
Q01939,15.320667181785076,25.748520356970992
Q01968,15.91979691121331,26.35039988925404
Q01970,16.445876088686195,26.137609978386045
Q01973,15.825496883768084,23.73904261185439
Q01974,16.35262183891172,23.730528856676592
Q01976,17.931841309084387,24.27915989232033
Q01995,16.008633346805567,26.991584609930896
Q02040,17.676355414779373,26.437960751667635
Q02046,13.574359056485676,23.795125718703435
Q02086,14.368639002571376,23.965381904723028
Q02127,15.426647122622747,24.916137459337083
Q02153,14.178781673662852,23.205641139397937
Q02156,15.319165216598641,24.52560025962505
Q02218,17.22597370281696,26.609002405731953
Q02224,14.938940915639437,23.36006026626771
Q02241,17.11455234229527,26.489912403139762
Q02252,17.791099280747588,25.95247328802671
Q02326,16.925902535363935,27.241563860491123
Q02410,15.184083569685694,23.843378629459103
Q02446,14.403828125640892,24.807860609828644
Q02447,17.004024645427965,25.33165379825906
Q02486,17.861081634040676,25.427593064959126
Q02543,19.759698965723853,28.94631123234815
Q02642,18.769119667714875,26.890269492429365
Q02725,17.332345179615263,24.26341022018689
Q02750,16.067191517186306,26.538169375630382
Q02753,19.790031364035272,26.328983104438795
Q02776,16.779937792766376,25.14991614028911
Q02784,18.7857443791709,24.14371383046548
Q02790,20.660510852200428,29.85237470964473
Q02809,17.220301799642442,27.640431974555035
Q02818,18.45381398625636,27.555465913658377
Q02821,16.32285768672436,23.617846203916425
Q02833,15.582340283700647,24.00695024870067
Q02875,12.170956172107221,24.034687189526295
Q02878,19.907120767998627,30.948427453267477
Q02880,18.826550142364123,28.1204207980096
Q02892,16.81611039375012,23.69048048819704
Q02908,15.895462981619431,24.763639102492082
Q02931,15.975735738108806,25.416246675380133
Q02952,17.852507259718955,27.00610298759987
Q02978,18.341172904444143,26.85325086269765
Q03001,18.803231882822327,26.069747808743486
Q03048,17.572544312902636,26.715745138668527
Q03111,15.53609652228822,26.04322218105735
Q03113,19.359909882314405,25.04380152959959
Q03135,17.252421205587606,25.77963775910107
Q03154,16.973316364429543,25.387935284424866
Q03161,17.115876288972768,24.65975164306902
Q03164,16.727379129716795,24.497174538605325
Q03188,15.917957231984198,25.46744277729743
Q03195,17.313501313029974,24.0682608408937
Q03219,17.57014010026619,23.88848862824882
Q03252,19.179661664283472,29.293275750176996
Q03393,15.872691471168178,24.183568676097686
Q03426,17.510129274969177,25.575904644681728
Q03518,14.625387415742814,24.206702592245954
Q03519,15.689004020563063,24.254956473790813
Q03532,16.876856357240182,24.451055182952075
Q03558,18.766092213143217,26.00009817725519
Q03629,15.252886525275782,23.465069249890448
Q03640,15.76595225712262,23.742445136362345
Q03655,16.963196384949434,23.73257249480458
Q03690,18.10670980597626,24.778998856352136
Q03701,18.22267409159269,28.26114892131292
Q03768,17.55538446316559,22.802549003322923
Q03774,16.959471476349187,24.196772648980104
Q03862,17.063009496482632,24.031213406677207
Q03940,17.658183118844452,25.1581425468344
Q03973,15.723817304328257,25.006058206857528
Q04013,17.3472991170786,25.696609054939316
Q04062,16.178724106299644,24.623436960820044
Q04067,13.494356961132409,25.314230439040763
Q04175,16.104230921539465,25.226572466739686
Q04177,16.218169602109402,25.642138119908232
Q04178,17.67899664602981,24.934421201378186
Q04206,16.893344196683948,26.746352685498454
Q04225,16.04461902483758,24.503245136621402
Q04323,16.340719855609542,27.597069813678086
Q04344,16.31298437939966,24.715447440934266
Q04371,16.472512733418167,23.548787226787436
Q04439,16.10478341915878,24.10035148619174
Q04446,17.74294478714994,26.531753182716812
Q04491,17.849077072903246,25.286503439954515
Q04500,17.54826037826181,23.68912024482298
Q04636,17.08874356090166,23.990016771937537
Q04637,19.436595553764796,29.090977011749583
Q04656,17.098762562649124,25.66956228534089
Q04660,16.17471695138304,23.91822169317438
Q04697,17.155846638057643,25.20251646781263
Q04721,16.056810351241378,24.74534519520568
Q04724,16.27247737015113,24.419316074802325
Q04726,15.025346652148924,26.079109680219013
Q04727,15.347490919455403,23.07404735996642
Q04728,15.871689303210447,24.394962219511097
Q04760,18.292270399824144,29.71420652512339
Q04837,19.0708709299548,29.385914685847524
Q04864,15.45055874597628,23.749973944319127
Q04869,16.990453025099935,23.323813305921764
Q04894,16.08894892941314,24.922284972146304
Q04917,17.7729494111382,28.915221378192097
Q04941,17.27942091925761,27.81004748043711
Q04947,16.38754508545207,25.56763343160992
Q05016,16.111496312502595,25.919056595355265
Q05022,17.88957466571409,30.84606264526038
Q05048,18.19448547087676,27.716755138589004
Q05050,16.159560758198687,23.732485134540266
Q05084,16.238261542546383,24.101306088379484
Q05086,16.272039961366836,25.661267731728646
Q05193,17.137206140310397,26.4398109198231
Q05209,16.731753674667047,25.89790899612648
Q05359,17.907188973759542,24.438506914116516
Q05397,17.35761156587439,25.67705738291477
Q05506,17.453295957485427,26.32000790970625
Q05515,16.59290323585299,24.295453877060517
Q05518,15.259126686759215,21.806862672880296
Q05519,16.4826213539583,27.69532006797911
Q05639,18.546743455509674,29.939892978826744
Q05655,15.74111292298251,24.268722144516158
Q05682,18.758800426280423,28.8473138310263
Q05775,18.088679819306847,25.307094993171916
Q05788,16.524105702398824,23.420658151086297
Q05905,17.842526008113175,24.620202762629738
Q05911,18.05172672162793,24.811170817870117
Q05932,16.521742228250723,23.78272702164855
Q05946,16.46981995991684,23.605315041169494
Q05D32,17.67825396592429,26.100125654994134
Q06010,14.803091204812164,23.39014756560329
Q06033,16.128083526419672,26.143542323381816
Q06103,15.373490017781755,24.108551973739885
Q06106,16.863456889196645,22.621191181614417
Q06124,16.685153002430006,29.106275603726047
Q06136,16.22512363134355,24.55153618896175
Q06142,15.99027676896285,24.559699456445035
Q06144,17.30318913428861,21.68119207752506
Q06151,17.475711532448948,25.30287723855948
Q06190,15.466596852021997,22.252545326045063
Q06203,17.73478700743639,27.09424489409957
Q06205,16.698983115883433,24.17459635229203
Q06210,17.28071323586499,27.181120108046713
Q06218,15.875847482441237,25.154859857387407
Q06252,18.075650189882253,24.15143723695978
Q06265,16.785824056465287,26.796200468834847
Q06323,19.347013572394868,29.562217269643337
Q06330,15.972728025180384,25.15316191567174
Q06338,15.383616157330914,25.461818544533852
Q06385,15.417057829488883,26.43813673048183
Q06440,15.667400244435735,23.62340765559022
Q06481,17.014226837219457,24.534700985489142
Q06489,15.271150881967909,23.266294291517596
Q06505,15.669261052475735,26.22926038439104
Q06523,16.90560285092518,24.135013365450835
Q06546,16.88026856318795,25.173314616253833
Q06587,15.464034620222616,26.4062590628074
Q06609,18.286355608428636,23.847800221432493
Q06631,16.392530891724775,23.83071722154196
Q06705,15.650315286551994,24.85724078171151
Q06709,14.009709150695675,24.57822410149687
Q06787,17.71487445749289,25.82315344432891
Q06830,19.48575886288823,31.716801415471636
Q07020,19.21509818337754,30.398615715203135
Q07021,16.522973270459726,30.345259078295516
Q07065,19.235145821058623,28.638309997918306
Q07157,17.863368701157697,26.588176307784465
Q07343,17.21096283993525,24.998904441605916
Q07381,14.520281865085549,23.832405533128952
Q07478,18.397086034040427,25.45720675199166
Q07505,13.57486548519436,24.800134891050753
Q07551,18.115475862725187,24.345221160748373
Q07617,15.022105448143071,23.09869170278519
Q07623,16.323469703079446,23.679490945277898
Q07657,15.140377926055212,24.699366941410446
Q07666,18.26133406276136,30.60711313564555
Q07688,17.17190471957341,22.903220269619414
Q07807,14.552107886939082,25.372432456038783
Q07812,16.746313116371237,27.64557431176027
Q07820,16.367954568758577,24.8011814612571
Q07864,15.337679736849667,23.871633904649777
Q07866,18.3440615087312,27.8048845110973
Q07889,16.768510657291888,24.22406157890232
Q07938,16.271687033370018,23.75636401361902
Q07954,18.735083399535565,26.13096781002278
Q07955,18.15445208289907,30.679659309117866
Q07960,18.195599292876913,27.465120764536827
Q08170,16.11916262519152,27.353402410099918
Q08193,15.321091974769386,27.312919445431113
Q08208,15.980049294779636,24.483490022643608
Q08209,17.904365020124263,27.175770366300902
Q08211,19.967606977338328,30.936392725423925
Q08220,16.015720990067113,22.69113072986427
Q08225,15.484506672301348,23.23648885209319
Q08235,17.375767170071953,24.028183883226205
Q08245,19.33616372384398,26.486433261455197
Q08257,17.654314362068966,27.858923047645085
Q08357,16.03710483780744,24.440842782508927
Q08378,16.796015097140838,25.158039631219022
Q08379,17.077414508420766,26.348885207695123
Q08380,17.892560998842598,27.086547991348183
Q08412,16.351140797944176,24.14273624143478
Q08421,14.746803394517897,23.127426533108082
Q08426,16.6164797321303,24.873199562040735
Q08431,16.324515064162018,25.467036634617884
Q08446,13.144844461671688,23.39163496526394
Q08495,15.659749227038008,24.521832000107587
Q08601,16.212822336602027,23.19534119063997
Q08623,16.547647023381035,26.443816689914858
Q08641,16.84748852290451,23.535650689436906
Q08647,15.7588473694602,24.37519981801015
Q08686,16.04234394984852,24.10463450301917
Q08722,17.296880816407633,27.045484101831146
Q08723,14.50667701052584,23.3313926254529
Q08752,18.26283886741821,27.4795840973339
Q08945,18.82333676060201,29.1346681504013
Q08962,14.203635534405368,24.475263706602252
Q08965,15.17139001630947,22.520282485432368
Q08971,17.716585270473107,25.211857247234814
Q08972,17.988673223383277,25.47153230378047
Q08977,14.550658016832472,22.888919534132306
Q08985,15.052151463979568,24.041696328128968
Q08999,12.06676127549531,22.181505344253846
Q08AD1,16.74932071547755,25.66885776877624
Q08AM6,17.352241036599725,25.62406302949347
Q08J23,17.985585888674585,28.462325380542335
Q09028,17.824060421686838,29.89570917069517
Q09161,16.428061352471257,27.762360728150057
Q09328,16.908220123834358,24.083743955352972
Q09472,14.681889908272055,24.282210432265728
Q09666,20.503652851750456,30.25098298513909
Q0JRZ9,16.268649818281,23.80198369603831
Q0PNE2,15.695839255417622,24.652639915799636
Q0VDF9,16.846104927462278,25.838406048732484
Q0VDG4,17.093413798767415,24.19113604415361
Q0ZGT2,16.067280010125135,25.276297433855003
Q10469,16.411538627485726,24.805206143808498
Q10471,18.305403764459836,26.814855727874097
Q10472,17.021389572925965,24.971229494523246
Q10567,18.106609284779292,28.634158130434766
Q10570,17.373082219827833,27.41625411543387
Q10713,16.437271841669627,27.48988313153907
Q10740,15.221765773101682,23.503156922026154
Q12009,16.380194356960537,25.000713508537643
Q12019,15.595915962938395,26.010510328289637
Q12024,16.40943687600547,23.59073637041795
Q12040,15.596325856693664,24.176959342393793
Q12063,9.837832963670904,25.211035073311347
Q12068,17.545474620597577,24.500768346494688
Q12074,17.731581556419247,25.63437922934539
Q12109,17.107559696775912,25.392073235888375
Q12114,15.836785129487241,23.700863738581525
Q12117,17.676773310450628,25.711071284013457
Q12118,17.98947738102145,25.41847965326063
Q12122,15.74346871108894,24.131211091611956
Q12154,16.1326507388006,26.52865403429266
Q12159,18.21863993534405,25.80909576894265
Q12160,15.312650131321595,23.388071300234234
Q12166,16.031554001228567,24.718849317202313
Q12176,16.920085302985964,25.59162659081836
Q12178,15.4717086567592,24.762372051998742
Q12189,17.50902856125045,24.651845447373162
Q12211,15.925584225284712,23.50338994489794
Q12230,17.542795224533823,24.78286275493438
Q12250,16.4011353743472,23.52630992313825
Q12265,14.470714899779999,26.972509034225777
Q12285,18.676875900767893,24.304322050902922
Q12305,17.072752649408592,24.109364750221424
Q12306,16.29698913539191,25.493609032637295
Q12314,17.701332636743818,24.414170424712488
Q12335,17.646797763744907,24.79651998143695
Q12339,15.920973502292966,23.091620120749884
Q12349,15.986282485728912,23.473714016373616
Q12363,17.085652293829458,24.38058320088801
Q12377,17.025112520146454,23.728838095725532
Q12389,15.304500227983096,23.076449061834023
Q12402,18.12360664992195,25.159593790218114
Q12447,16.722081243456508,24.46450518084539
Q12449,17.094435503307043,25.88266326738401
Q12452,16.190930718139583,23.09132335584861
Q12458,17.049207410060163,25.112804765983263
Q12460,17.185842515418045,25.388893550918784
Q12464,16.17332500704378,25.180067011260537
Q12466,15.018040469521951,23.75542526174326
Q12480,17.529280303718448,24.38661896291523
Q12496,15.801166236141267,24.575437512466692
Q12499,16.990909263001466,25.417291666006246
Q12515,13.478058796606602,23.619471442654284
Q12517,14.417670584632706,22.386517071524004
Q12522,17.29742367347382,25.39458266962533
Q12680,15.812447417785277,24.526592126832615
Q12746,15.207604007026202,23.667280385734163
Q12754,14.53024192325036,26.3260885590123
Q12756,16.5454004727248,26.063316371308055
Q12765,17.712234559244024,28.406901965739284
Q12767,17.97605222975899,23.631586070924453
Q12768,16.87796546897374,25.25114631972694
Q12769,17.607345847491793,27.0738107927341
Q12772,14.506324732323037,24.28664398113594
Q12788,17.687082086668543,27.236336048193728
Q12789,18.570697787321915,26.329185153929227
Q12792,17.30454992932514,27.085885454744126
Q12797,18.251671944213715,26.261712774444486
Q12800,17.74075381058987,25.771655621147822
Q12802,16.007439165696656,26.356002865125802
Q12809,15.413385355087737,24.48816235557994
Q12816,15.573793960126652,22.586846200283812
Q12824,17.905720945316673,27.59955694432074
Q12830,17.232894770825496,25.91369431202456
Q12834,14.3291700412392,24.60604933350405
Q12840,15.170450431734603,23.050443712491614
Q12841,17.277037314221765,25.66406520061851
Q12846,17.23654462524083,25.372349641971553
Q12849,18.213035851049714,27.289994145690034
Q12851,15.38189281277597,23.6204310528154
Q12857,16.14881517061569,21.640966410512252
Q12860,16.777041652402396,28.370719267410546
Q12872,17.301548292156696,25.37526111031225
Q12873,16.123496757520808,25.320240336604506
Q12874,18.336906758958392,28.470249897348054
Q12888,18.90023016535232,28.038873368919514
Q12893,15.660864760505062,24.937571141163875
Q12899,16.178220780252463,24.31051647249391
Q12904,18.887270800743288,28.171002419079805
Q12905,19.61435680173448,30.616724114636355
Q12906,19.680962300567774,30.750461993189944
Q12907,18.508226916379822,28.543263643463636
Q12923,15.433323757255625,23.419651116276018
Q12926,14.883323291355337,25.93135029258941
Q12929,16.192019971340837,24.43195833758371
Q12931,19.03081789399563,32.27127072392091
Q12933,15.76341174738137,25.5675404510865
Q12948,13.760565760722022,24.181228250753342
Q12955,14.681465553932663,22.666804453727195
Q12959,17.537972261901174,26.18538960584163
Q12962,15.345036370676828,25.04670009502001
Q12965,14.36317952034517,24.571292508180324
Q12968,16.734971088534547,23.81503210763876
Q12972,17.339387838802107,26.369482580537973
Q12974,17.91900314837342,25.310342038772216
Q12979,16.627181840728745,25.29763758148774
Q12981,17.77044559514209,25.126520172790496
Q12982,14.496415868797618,24.424610981930222
Q12986,15.570664326989503,24.884938863261926
Q12996,17.811003020702604,28.088029070674242
Q13011,16.85317429640323,28.1821752393545
Q13015,17.02810858783543,26.40051354920834
Q13017,16.85110969840003,24.26714157640694
Q13029,15.553240741405023,23.42057913037642
Q13033,16.055946081594218,26.802749487738602
Q13042,17.096737353321064,25.629279041657895
Q13043,17.056035761073133,25.098792041061966
Q13045,17.675995153773297,26.08383341829135
Q13049,16.370406482747224,24.244548499491355
Q13057,15.6559130824456,24.75176801020327
Q13084,16.957864204991647,25.093747958250074
Q13085,17.375969615847712,27.07555949380488
Q13098,17.846933024628743,28.168740923099257
Q13099,15.556547266528785,24.280259974192663
Q13107,16.38728229265636,24.976660740460055
Q13111,16.933904612420733,25.720082310252653
Q13112,17.79951552017221,25.426242026149172
Q13114,14.598835589558904,25.624853005618643
Q13115,14.403117016485481,23.06605658012509
Q13123,18.211530842515405,27.155497231977304
Q13126,18.698049639504585,27.051281305163275
Q13129,15.802156100759055,24.17336053516109
Q13131,16.379333801150423,26.14201862933214
Q13136,15.543463258862513,24.938605302734135
Q13137,16.079676476250317,23.332284297382877
Q13144,16.100684271887232,25.692531195102458
Q13148,16.236111603174702,28.76663469702099
Q13151,17.334110743638316,30.280395187450722
Q13153,16.276266922543165,27.452100592603966
Q13155,17.472358195050994,27.74456500530787
Q13162,18.15207337072378,28.880599174192707
Q13164,16.056834548279674,24.27612057061081
Q13177,17.053689060374722,28.09246154238902
Q13185,18.567931498663263,30.32227888358785
Q13188,16.87593489100636,24.516854898698423
Q13190,17.07176191525988,25.50963257710312
Q13191,15.171575970426176,23.33700837988294
Q13200,19.377427037040874,28.91480267103082
Q13206,17.97872442218919,25.55134839924675
Q13207,17.009182382109607,25.141259024350234
Q13216,15.844697837673934,26.32261828532508
Q13217,17.734709179261177,26.686352643466375
Q13227,16.23221004403508,25.007917555408795
Q13232,16.23702499278423,25.44484993839256
Q13233,14.600388394575736,24.32365818860163
Q13242,18.03910995246648,29.441339947448732
Q13243,17.369811023295927,27.577868784410633
Q13247,17.979407331240672,28.758993426759993
Q13257,17.898073655160722,26.842105173491657
Q13263,20.04252157775987,30.509628911233452
Q13283,18.13495868908455,29.188496737485455
Q13308,18.15520002202807,27.22521494956291
Q13309,16.05195292904075,24.74373745294132
Q13310,19.06188938176052,28.19398387826738
Q13315,16.114233071919262,23.901584487426984
Q13325,16.67001907485816,24.945468826787202
Q13330,17.967271860285898,27.140851670644984
Q13332,14.857509509456236,23.96417911584209
Q13347,18.81412450009752,28.842155942210763
Q13352,14.238361694698035,25.36864316692782
Q13356,17.57270096654324,24.90771485257364
Q13362,16.54127981509464,25.696196245488903
Q13363,17.628808973420465,27.231443898889303
Q13367,17.53180025649877,24.79830370706066
Q13370,14.734189099922887,23.84022596114071
Q13371,16.2390587725399,24.940964908600076
Q13394,15.65186146581417,25.592436819808377
Q13404,15.86521818955148,28.022717548067384
Q13405,17.38497945583674,26.260093927269594
Q13409,17.937714517192155,28.79160549700884
Q13415,14.823895531030947,23.288456218277336
Q13416,18.419121735240964,27.839498919189218
Q13418,17.834566926893846,26.784526440676988
Q13423,18.810097745865384,27.508770030344817
Q13425,16.777503749383257,26.10489207418209
Q13426,16.92838613140442,25.57580077740899
Q13427,16.708078448703738,26.581542133462452
Q13428,19.078456489247607,28.17917492557105
Q13432,14.149733625925021,23.499749193486295
Q13433,15.700050236171364,25.71522325325178
Q13435,20.412577599252515,29.206877701477712
Q13438,17.465497320781445,25.65977837771701
Q13439,17.39557750647713,24.74618381177866
Q13442,18.26650946448275,29.280907086761545
Q13444,14.798582672126932,24.654190931934444
Q13445,15.923399722057994,25.574024694636048
Q13449,17.887345976209048,26.284611905315778
Q13451,17.82819290036306,26.98523599302421
Q13454,17.34902391707746,25.09841337710772
Q13459,16.599184058028634,25.00094855937737
Q13464,16.475802237638906,24.697007539480666
Q13472,16.662397177206664,24.19769324209367
Q13480,16.491064167712253,27.592699132882508
Q13485,16.296971396363276,24.96890767237648
Q13490,17.270828055439534,23.557192089976663
Q13492,17.436528829964733,27.285915238610805
Q13496,11.156449347467944,23.78503393361708
Q13501,15.186451396568629,26.936364661470428
Q13503,16.43576357303127,25.300106145565177
Q13505,17.207176415923005,26.708868002634137
Q13506,16.15625349853542,23.361441718691065
Q13509,17.159080964188288,29.14699301138519
Q13510,18.983934749694196,27.608659331331367
Q13523,18.995024571506526,26.708514335817
Q13526,16.585945545705723,28.134404996662788
Q13535,16.718520389782142,25.352480687588717
Q13541,15.629772773170181,28.621509429150194
Q13542,16.915198949171845,25.32664734536662
Q13546,16.339027166794644,25.6581647935312
Q13547,17.79580440622702,26.97246049964388
Q13555,14.939337704287192,24.175420526798447
Q13557,16.76114820564053,29.09664569632723
Q13561,20.156219512823263,28.43077506932402
Q13563,14.64753375223761,23.243143033075
Q13564,16.479483671144315,26.839267260565425
Q13569,17.306584980405027,24.419652980614597
Q13572,15.36019267175046,23.220591142618833
Q13573,18.20299607816855,27.624326335528163
Q13574,16.727580599316795,23.611300787666693
Q13576,17.603691053105322,28.569380897950353
Q13586,17.453782376692715,25.61301514527915
Q13595,16.138742367474638,27.874150991159354
Q13596,17.397454040953225,26.42484150306735
Q13601,17.013365205081556,24.935759711315058
Q13608,15.017927778326468,24.95334790911727
Q13610,16.983189728205566,25.829035249511307
Q13613,17.09761209962212,24.92634759313144
Q13614,17.15904646175632,24.24880709642966
Q13615,15.644412403030419,23.83284782047073
Q13616,18.44411020971915,26.598078693954115
Q13617,17.24280691452647,25.659339329705844
Q13618,17.21638731832565,26.57361536538658
Q13619,17.679787958890103,25.449144771700915
Q13620,18.436690127515906,26.586837206803338
Q13625,16.554829590518434,24.408251661821435
Q13627,16.37941274958461,23.927348923415273
Q13630,17.570710447452043,26.32012598470151
Q13637,17.0231397459935,27.167293596701626
Q13641,16.131217623574884,25.52510015615178
Q13642,17.790467290859674,27.88637324877638
Q13643,16.115520533113884,24.75314925228133
Q13671,12.543018324740517,24.34730057034567
Q13683,15.450129167998378,23.92601804687256
Q13685,17.63130757420739,24.498572884574315
Q13686,12.298594623629809,23.36206407502695
Q13724,18.46514892745248,27.488833140373757
Q13740,19.244589223127406,29.562995090246318
Q13753,12.664798702619832,24.28255766327881
Q13769,18.057073146028635,26.82336200386737
Q13797,16.935028750513567,25.010062031376666
Q13813,20.79529059926007,29.892296882028667
Q13823,16.320580339664808,26.205747736138058
Q13825,16.217325396035587,24.95908232062791
Q13838,17.91005964050877,28.73641893297
Q13867,17.521737296043117,27.344276160291713
Q13868,16.62642359328115,26.997619728834543
Q13885,15.201872100778706,28.58073024452629
Q13889,15.30292577321666,25.112961684378483
Q13895,17.953277404099182,27.367532139406844
Q13907,16.40247734019895,25.91861957176727
Q13948,14.978132306084124,24.967337518329437
Q13951,18.16825816654808,26.684565004545302
Q13952,17.642358828221102,26.115642145969176
Q13976,16.457995071583575,24.17120497806888
Q14004,16.191303673190315,25.62962497607299
Q14008,18.997210222357484,27.802323920712272
Q14011,17.80553228823022,29.411180578494115
Q14012,15.326169164298232,25.25210815968913
Q14019,18.234738391263576,27.42545710879409
Q14061,13.909066146568764,25.69795783286088
Q14088,15.588946478655515,24.28680731177317
Q14103,17.790919891623876,31.533943526554392
Q14108,18.156487203731043,28.093969806399382
Q14118,16.9164745062324,26.186208231223326
Q14119,16.808403214659435,26.109642897395425
Q14123,16.18697255154509,24.209726652712657
Q14126,14.580434260598052,23.391640864589892
Q14135,17.300117690322473,24.09333301287789
Q14137,18.597671233619725,27.34088115367832
Q14139,16.417163316424425,25.608177717630916
Q14141,18.27000081918755,29.23242276546882
Q14145,16.97962503476862,23.92790316849443
Q14146,16.908352547961297,24.806030522930108
Q14149,17.314576163892465,25.02497441427086
Q14151,15.779353437559992,27.166057764549734
Q14152,19.974918090842042,28.741375708409727
Q14155,17.35337917894475,26.07029522164842
Q14157,17.97792598224784,28.21247185565484
Q14160,17.906447218889248,26.349381278776715
Q14161,16.118749289868294,25.26125672789076
Q14165,17.873728264115645,27.223211732046078
Q14166,17.284976179924897,26.17270714301868
Q14168,15.25995996547102,22.566813691069125
Q14181,16.697230697206763,25.02950212443272
Q14185,17.33014017972945,24.528966710722333
Q14186,14.518144549630918,24.29428328165534
Q14192,17.292005577216802,25.023375903505613
Q14194,18.219276546454136,28.629241630328824
Q14195,19.508487077492443,31.08526963445617
Q14197,16.187431561269978,26.112275219351083
Q14203,18.966951634443845,27.833264543759398
Q14204,20.732719911880714,29.21091682066005
Q14207,15.277992251633883,23.589538458991814
Q14232,16.740111892415822,27.228919592628163
Q14240,18.902231716456107,27.975868515147525
Q14241,17.422887816750453,25.844720424229642
Q14244,15.065218505132119,25.046794167111077
Q14247,19.292570618641033,28.72474776200395
Q14249,16.053236694623806,25.214295290873157
Q14254,18.413387586535112,27.944118626145876
Q14257,16.99543243936243,28.411467507987695
Q14258,17.80068191742309,27.01848677173328
Q14315,19.14889070504371,29.265206827009404
Q14318,16.992154458627912,27.50641410448669
Q14320,16.335284270276002,27.230949099297234
Q14331,16.620388404098225,26.33140936375273
Q14344,17.98549648338451,26.986694444031997
Q14376,16.95549061326429,26.559942379396137
Q14432,15.607329832080513,25.518576373009314
Q14444,16.976677482095575,29.10282820006811
Q14457,14.737374816307488,24.377730226792355
Q14493,17.894657035267127,23.342676953234513
Q14498,18.832432415450974,28.756401966498444
Q14517,16.577926006355185,25.324648163470503
Q14527,16.540236077199623,25.41494381943727
Q14534,16.544549592292565,24.741190656148245
Q14554,16.639697663673555,26.72175284202758
Q14558,17.48012145986886,25.75490993192397
Q14562,17.33222365847511,25.90780015819895
Q14566,18.806767453867245,28.22749649826389
Q14571,16.526891596792037,23.949267317292815
Q14573,14.964348389331041,24.173799379072804
Q14576,16.76270903744206,27.040395622302135
Q14596,15.279742780934159,23.366694532611774
Q14642,16.33119783955601,23.250652185484068
Q14643,17.089917317263588,26.031409822411526
Q14644,15.151918602085988,23.887478806788568
Q14651,17.04276195316305,25.20446173037345
Q14653,16.66971500496666,24.1013469694721
Q14667,14.273352579345582,22.481808052420703
Q14669,17.039733375250712,25.93043126996013
Q14671,17.613741631825274,25.807051996050024
Q14674,17.026336588098562,21.61531487153201
Q14676,18.452022600795193,26.91114575006242
Q14677,16.112285416680763,27.318797548869746
Q14680,16.10956882924411,23.48631346919161
Q14681,15.56640521220709,23.128236825947912
Q14683,19.804788060832546,27.92739902783215
Q14684,18.125185996539425,27.031605703135437
Q14686,16.073877959482033,24.264906497355167
Q14687,17.29290663832511,25.336552198380257
Q14689,13.340032740104158,21.766676906393982
Q14690,18.71376977387686,27.327541631439104
Q14691,14.207135861911437,24.849173895979085
Q14692,17.002182482162002,26.365283818675216
Q14693,15.814578293753286,25.099260782780238
Q14694,18.19996814775582,26.655349510939732
Q14696,18.52502828545194,27.792327812928537
Q14697,19.50994052395733,30.434732093134578
Q14699,17.679671259511142,27.175727131485203
Q14728,16.182428916265906,24.956203448979927
Q14738,17.69804556867806,26.491801592339165
Q14739,18.301511824332326,27.15188208675176
Q14746,16.06148679941089,25.947968930703738
Q14764,17.69046320266498,26.88690056656778
Q14781,16.922937414721645,25.351808110127326
Q14789,18.350462787194516,26.35677329755193
Q14790,14.627548798476075,23.537290573116078
Q147X3,14.847599380776757,24.198955745669316
Q14807,16.702180803749673,26.083752955314548
Q14814,14.739390969739619,24.726586914477743
Q14839,19.029794964253142,28.738252120250497
Q14847,17.63745460728516,28.286446770466878
Q14865,16.60877479009806,24.46344504665044
Q14894,16.126813449142823,24.449299112260462
Q14914,16.318694612323757,24.161979193460727
Q14919,15.963158144603383,26.8323549825438
Q14964,15.64341998096996,24.289368344335024
Q14966,18.578013715079475,26.527797408181602
Q14974,19.258982504427028,30.35307451699034
Q14978,20.246669669500143,28.38079110603743
Q14980,20.125259792849036,29.307442525641275
Q14997,17.368437259094225,26.495552946088026
Q14999,14.894905845334618,23.88388545327103
Q149N8,15.946574385363649,23.153816868532495
Q14BN4,16.37872615698188,24.688568215338805
Q14C86,18.074724588876553,25.99053246542361
Q14CX7,16.15163233376459,27.033342670712255
Q15003,17.47663810322169,27.316269454332037
Q15004,18.26414643736837,24.75592322173235
Q15005,17.482159850218938,27.53598861831556
Q15006,17.161956058752594,26.563358245546297
Q15007,16.672638960531508,26.594286703464146
Q15008,18.806076770631115,28.47526202487509
Q15013,16.45733240577414,23.643021736330734
Q15014,15.918726534325222,25.493402838862146
Q15018,14.604300905256935,25.611146374681724
Q15019,19.40295226105035,29.47413418000728
Q15020,17.794531576182177,27.256099290476403
Q15021,18.99296050387847,26.77542851226206
Q15022,17.532411607234188,25.453175112191154
Q15024,18.162441159204096,26.082141872642246
Q15025,13.926584985108219,23.517510147343252
Q15029,19.24559463941764,29.007113592805077
Q15031,16.7828391345618,27.26063753417028
Q15032,15.486446543313058,24.304562165010044
Q15036,14.993313325607113,25.405217210627324
Q15042,18.72276584767164,26.068240274880058
Q15043,14.751010306856122,26.93443556601257
Q15046,18.836605785355246,28.660936100226632
Q15047,15.958628080383065,24.52344308871599
Q15050,17.986678686849192,26.924755622230613
Q15052,17.180602352408204,25.59161670455844
Q15054,16.15740134859525,24.809945912238597
Q15056,18.268287347317784,29.109936803772534
Q15057,16.62610784030116,24.52112360536827
Q15058,16.75306698308494,25.229837116424754
Q15059,18.01699567312527,26.93191643854983
Q15061,18.97995962011694,27.338051109672573
Q15067,18.272314489003037,27.323485196400483
Q15070,18.168067963636563,26.140243338930354
Q15075,17.86255704956116,26.851370099727944
Q15084,19.611867898230578,31.878254841958373
Q15102,18.1336156929732,28.469283579235125
Q15113,15.487261818544562,26.81755570130712
Q15118,14.518070764321994,25.189848947227325
Q15120,15.512210525610621,23.486484108394375
Q15121,19.348560173463532,27.158507014579804
Q15125,17.37932618531736,24.836830934548875
Q15126,17.141667785016626,27.66766987233768
Q15147,17.37260776924904,24.387129736610646
Q15149,20.03705769453306,28.41661736811645
Q15154,17.210616810505705,26.75524122923172
Q15155,16.81448399987792,24.83642670787169
Q15165,17.499291049383768,27.197003911929748
Q15170,16.10795687883484,23.639811105755197
Q15172,14.61449514137787,24.208341836660217
Q15173,16.193222713926065,23.921269464206116
Q15181,18.510520288747696,29.186815929725554
Q15185,16.151520162389946,28.91284528801752
Q15208,16.35899721712377,24.559645393463065
Q15223,12.967904414108677,25.65412487781327
Q15233,20.513561337669085,31.261548175904327
Q15257,16.72428623801444,27.54131098260688
Q15269,18.078766535387615,26.764014118555586
Q15274,18.99336660586571,27.110059848323804
Q15276,17.224965266272903,25.574829986471833
Q15283,16.197064068167933,23.720001734006658
Q15286,17.207960098516768,28.714743202018894
Q15287,18.150825288365628,28.971693508633756
Q15291,17.311391043653856,25.906917294712553
Q15293,17.651091410353374,28.72576422699697
Q15311,16.22496485817395,25.919809269385244
Q15326,16.95867391665997,24.136915019816865
Q15334,16.394911457309835,25.59628959209991
Q15345,16.689822845529374,26.047036513237046
Q15361,15.581388616776316,24.791677925672378
Q15363,17.193277010160518,27.819527401844798
Q15365,17.615200353516396,29.80502180913826
Q15366,17.58021684951471,30.372273046837172
Q15369,17.609180662349832,28.703282517253363
Q15370,19.112883696479045,28.09672779141472
Q15382,17.873117839863472,27.630339213144637
Q15386,17.527580345817494,25.009088642227375
Q15388,18.096684754914875,28.26694865538744
Q15390,14.760405666261544,23.087601877465396
Q15392,15.38695152475274,25.6659505251047
Q15393,19.58845756797659,29.13804892274139
Q15397,18.31338291833261,26.672831779761232
Q15398,16.436940739998317,25.24241207891942
Q15404,17.156001413982143,26.662869056789805
Q15417,18.862138992394307,29.422241514734992
Q15418,16.690463657363093,25.31117997852992
Q15424,18.675456431340447,28.808565723464415
Q15427,18.21911493782979,25.739185582935015
Q15428,17.88876871158791,27.86907583422981
Q15434,15.714934989385387,24.290173427427018
Q15435,16.954088746578,26.646330264203968
Q15436,15.993603827490537,27.16039243107101
Q15437,17.26899956211056,27.15021318017984
Q15438,16.89998702021377,24.323797435389455
Q15459,18.838545288049993,28.9370907630653
Q15464,14.825602302202567,23.28405606932173
Q15477,17.228065524841835,25.781909144532815
Q15506,16.002790627738044,25.322356646393086
Q15526,15.681306045674773,25.686229791070776
Q15542,16.538731311193803,24.467607229099087
Q15545,16.863976066886124,26.93860953124076
Q15554,15.608677202074983,25.535542731249777
Q15555,15.437981538279697,25.28234340241657
Q15572,15.454839581818504,23.374038252756407
Q15573,14.347394718654098,23.63531725058956
Q15596,16.24605322509447,24.43988334206979
Q15599,16.376956810473043,25.413011680592266
Q15628,14.600320150049647,23.76832296453263
Q15631,18.66916119559673,27.461936415833573
Q15637,18.183785751283597,27.702809541540663
Q15642,17.235788005404714,25.85722105868988
Q15643,17.591945709908472,25.892854897597605
Q15645,17.37834693385119,26.317151363381324
Q15648,16.741021430034934,25.35359781307565
Q15650,17.6363049317759,25.82666040249096
Q15652,16.027508287996024,24.438926593453868
Q15653,15.909857387748826,24.50751321133589
Q15654,14.488965335372479,24.211265017772902
Q15691,20.302290472547817,29.02363291202602
Q15700,15.50153659212261,21.9673677030794
Q15714,15.334476167492237,24.917380843984898
Q15717,18.752301692557896,30.034134719911222
Q15738,18.02419449970699,26.761890761797208
Q15742,16.091256787761562,26.071371044764224
Q15746,15.744832655220565,23.3540111403333
Q15750,16.31087725742351,25.7026350768044
Q15751,15.823734850211277,23.431372498080695
Q15758,16.843632398372385,27.018079600392106
Q15768,15.529700180170583,24.887915962418585
Q15771,14.998882000725464,23.294137837192693
Q15773,15.542956879390859,26.040565225841924
Q15776,14.966912451749772,25.086994851143956
Q15785,17.325033682570776,26.800138598993563
Q15796,13.408620541721458,25.6734640129731
Q15800,16.594872281006708,25.1683956475371
Q15811,16.362944574846487,24.729239138199855
Q15813,17.036342131819048,26.294074419798378
Q15814,16.67005329456378,25.13372861765377
Q15819,14.90590764399007,27.936588768441766
Q15836,16.51578082747158,26.893326924029203
Q15843,17.85794273619003,27.80185548608868
Q15853,15.67592093204494,25.65264390892285
Q15904,16.57076111156334,26.020623952586995
Q15906,14.721443244263076,25.12091034407097
Q15907,17.087272560586516,27.878579503343623
Q15910,16.627905121310974,25.201012004899216
Q15911,15.754871412990603,25.326016292412284
Q15942,18.57705799611001,28.438317937928776
Q16134,14.95387745882044,24.27483502900998
Q16181,18.27927851672229,29.279734289616606
Q16186,16.783303961989493,27.073083865831812
Q16204,16.653539294237962,26.365985036040705
Q16222,18.94715215358816,27.585461945035636
Q16254,15.198315858187307,25.049525824580805
Q16342,15.420892494635133,24.67974590482587
Q16352,19.102974362186846,29.76488869295853
Q16401,16.04763552870487,26.74880766666508
Q16512,17.02440563932432,26.186904459481948
Q16513,16.577494058037804,25.327254219437904
Q16527,16.935994885531066,28.392443258088363
Q16531,19.07390418997377,28.434188382067457
Q16537,18.324534372153476,26.990273985210735
Q16539,16.787000593097037,25.63081750802941
Q16540,16.034404224670737,26.127171379506812
Q16543,18.904187120197253,28.964382980374957
Q16555,19.3561619614467,30.507598716292286
Q16563,18.370409434451137,27.96185388428797
Q16566,18.297848291349197,25.131150528611357
Q16576,18.843197061066462,28.926908738927057
Q16585,12.023107117256913,22.97835505315526
Q16594,15.94010487155333,24.267171230227056
Q16595,17.352178522654086,25.292249269904087
Q16611,14.786235758773053,23.276099621806594
Q16623,15.252094190994905,24.847225909367932
Q16625,13.561158246365869,24.16515227891266
Q16626,15.173543113493631,24.855957392713854
Q16629,18.353648105029393,30.69654352269334
Q16630,17.2301205359687,28.289665298130345
Q16637,16.02010793145809,26.65953299819527
Q16643,17.88023370127831,30.264000900931872
Q16644,16.046035244522496,24.413127529085997
Q16649,15.280851586042788,23.857738443619027
Q16656,15.538058251629444,25.70298873497645
Q16658,20.553444930771473,31.161548162728096
Q16666,15.18480839929306,26.675852140736456
Q16698,17.930125537558236,27.06386608212819
Q16706,15.185452078402042,24.036399882482964
Q16718,15.897059339794824,26.588509888141587
Q16740,15.907036564040483,27.13245884911794
Q16762,15.702110082069112,26.92805107057742
Q16763,17.258774724997476,26.367530092618196
Q16773,15.881042045647352,24.273199361373745
Q16774,16.094356702375016,25.781939068228596
Q16775,17.29382216151161,26.000491650445195
Q16795,16.63680193524835,26.155330662269193
Q16799,18.875674569021157,28.58315991770928
Q16822,16.35132041387472,26.42025812581039
Q16832,16.10478034841644,25.204621799926628
Q16836,17.821489167717417,28.07233308808481
Q16850,17.96278965295241,27.370879790087724
Q16851,17.92479607622015,27.291166760964106
Q16854,16.431399472281004,24.15518284800077
Q16864,18.15742128424772,27.292050499031706
Q16875,14.617001912115438,24.334365668605088
Q16877,14.606514906715146,27.070065970414966
Q16881,18.762554089941116,28.532876585038323
Q16891,19.01727376010644,28.459374351186664
Q17R31,16.59526389289465,23.576486307420264
Q17R98,15.496098223890781,23.187743510425186
Q17RN3,15.272771554579535,22.505752445559903
Q17RS7,16.093960570566484,23.431686199487952
Q17RY0,16.13468006377001,23.687688888562395
Q1ED39,17.430119281983515,26.595324773455836
Q1KMD3,19.536076305505368,29.31546650613416
Q24JP5,14.783634703498523,23.670041461013287
Q27J81,15.273317850744968,24.841924888780767
Q29RF7,19.11033814498658,26.680864169213553
Q2KHR2,13.379870542047641,22.59083554723516
Q2KHR3,16.909406385796302,24.90531533794195
Q2KHT3,16.50493073714676,23.50874611993999
Q2KJY2,16.197540611570066,23.776887795062656
Q2M1P5,14.197439408862238,24.921199944079454
Q2M1Z3,15.591588476369413,22.522986970787937
Q2M2I8,16.94675594782631,26.587601190295604
Q2M389,16.7652284633354,24.975344135398174
Q2NKX8,17.36845289031972,25.105615561059548
Q2NL82,18.218018341994622,27.208192876439078
Q2PPJ7,14.310438824181556,23.72698243537449
Q2PZI1,16.297612908785364,25.084406691901993
Q2TAA2,18.065639469762353,25.344824345032354
Q2TAA5,16.51386293991543,24.665444978868393
Q2TAK8,14.532173263273256,23.81105007318687
Q2TAL8,16.51653722553104,26.304526835115468
Q2TAY7,17.337426488964333,28.482227383534948
Q2TB10,16.355436903024625,23.937217009799195
Q2TBE0,14.987324419220908,24.090761592560554
Q2V2M9,14.502216049883232,23.828944882625965
Q2VPK5,15.090087878198169,23.599258180895923
Q2Y0W8,17.64589007315678,24.421041243801767
Q32MZ4,17.11884378226418,26.108199338042173
Q32NB8,14.27951651651329,24.29889054243119
Q32P28,16.613727629386837,26.797672916084498
Q32P41,16.80550289912012,25.55292775821662
Q32P44,16.302605577261595,26.106416194420294
Q3B726,14.782488853260418,25.82918090085145
Q3B7T1,15.460646801004696,24.04872050462986
Q3E764,19.329976952795956,25.949288107338127
Q3E834,16.801567753283532,23.466092273257132
Q3KNV8,15.795575168304296,23.992971604889323
Q3KQU3,16.730566989379373,26.214451228311432
Q3KQV9,16.04017247445483,24.129812377414662
Q3L8U1,13.78530839580866,23.29900792371767
Q3LXA3,16.56221081721266,25.898916065177858
Q3MHD2,17.794378951480333,27.13906615777078
Q3SXM5,16.375477193356325,25.61000300932932
Q3SY69,14.821294498458156,23.093899872661737
Q3T8J9,15.15946122490097,23.538592949966922
Q3T906,14.399891380117863,28.996331811846943
Q3V6T2,17.688270004882735,25.5611512716324
Q3YEC7,16.691779408017325,26.941244421781033
Q3ZAQ7,14.595269721456848,27.53501392446803
Q3ZCQ8,16.10487738071454,26.961825745393373
Q3ZCW2,16.141042663862464,24.954479961410595
Q495W5,13.830563401640434,26.12529184760209
Q49A26,17.20224660740503,26.21085897815286
Q49A88,13.483770782993789,23.513199529992775
Q49AR2,17.179871195453014,24.625916575023
Q49MG5,15.307518059940517,22.979132957074494
Q4ADV7,14.809599335572692,22.863573596961555
Q4G0F5,16.845434184633554,26.293165370454712
Q4G0I0,14.297563654468156,24.01541683901115
Q4G0J3,17.5447043854609,26.93782347407329
Q4G0N4,16.410936562938016,25.054319038647577
Q4G148,15.204415951941654,24.5815402611048
Q4G176,16.940815592758693,26.56582872784346
Q4J6C6,18.24996910141766,24.72500450868475
Q4KMG0,13.461673839903805,26.34319939137991
Q4KMP7,16.373699862615844,24.22677091031486
Q4KMQ1,13.775483388415314,22.87441633391152
Q4KMQ2,15.760986660285027,25.892971132020428
Q4KWH8,16.159274786798807,26.03896793354743
Q4L180,15.62989673266104,23.856952908021007
Q4LE39,17.684681969468073,25.55981561693825
Q4V328,16.87813894644458,27.892357729610765
Q4V9L6,16.18329065081755,25.257469816512508
Q4VC05,18.109752791797717,23.94066272816683
Q4VC31,18.50648160230633,26.689484478381996
Q504Q3,15.507794072517243,23.104975557861177
Q52LA3,13.851626799726624,21.951496031771423
Q52LJ0,17.7658508900224,27.71473380678752
Q52LW3,16.244634513273652,24.255095078001908
Q53EL6,16.763707892518465,26.10969068235269
Q53EP0,15.471857550547865,25.368308706934243
Q53ET0,14.580997904506743,24.798208971448492
Q53EZ4,17.235683935243685,24.451014924271558
Q53F19,16.870248712964482,26.282821106433445
Q53FA7,17.119894202568208,27.12928165091069
Q53FP2,16.42697491846806,26.094943435446016
Q53FT3,16.84194041003074,26.124935453822797
Q53GG5,16.008563795446115,25.55670609431124
Q53GL0,13.630562536272327,24.092520695168098
Q53GQ0,17.507595938046045,26.748734743264134
Q53GS7,16.396459454177016,25.191276599131925
Q53GS9,16.527851539295728,27.02589685650499
Q53GT1,16.07352299050754,24.32956424266216
Q53H12,17.419740773233233,26.46944712135908
Q53H47,15.913902517915806,24.57281425615207
Q53H80,16.076916685132176,25.202161833539524
Q53H82,17.00065641161497,25.010633628736684
Q53H96,15.017163347500412,24.17706773087308
Q53HC9,18.120873527407948,26.167514448116375
Q53HL2,16.43779649492786,24.597243738169446
Q53HV7,17.2602315934191,24.34359542876882
Q53LP3,16.25216350604315,23.69312105166059
Q53QV2,13.618964942401034,25.020182179706016
Q53R41,15.135311421448893,24.428284704044298
Q53S33,17.42787724141481,24.58095818008056
Q53SF7,15.097194463536379,23.022946997822434
Q53T59,16.90840395824551,25.896491542668294
Q562E7,15.59808371943424,24.419887112746256
Q562F6,15.49136971669553,22.93350931123835
Q562R1,14.673793610439757,24.09110661514147
Q567U6,17.30833636348355,25.9804002539035
Q56A73,14.564549653715371,21.610827053850873
Q56NI9,14.754574905246638,22.921417484145103
Q56P03,15.055366047922396,25.11119669448418
Q56VL3,17.59506415326699,25.664355238785838
Q587I9,16.41703771492828,25.555805604803894
Q58FF6,14.33128121621331,24.67717814620711
Q58FG1,13.700802365788059,26.710241070554368
Q58WW2,12.730080098903032,23.263593441769945
Q59EK9,14.265198937140449,23.258865174628024
Q5BJD5,14.998338617763695,25.243646148989797
Q5BJF2,16.982395371981948,26.172044849260892
Q5BJF6,16.71473787140332,23.949413976833945
Q5BJH2,15.804799397070575,23.802292043787848
Q5BJH7,14.919870294469776,25.713795152028144
Q5BKZ1,17.108428026821358,27.469197527431696
Q5C9Z4,16.794497731487716,25.094599248802727
Q5EBL4,15.504383904301786,25.686519593198618
Q5EBL8,16.196998231875842,25.291448682150833
Q5F1R6,14.783336258317071,23.975111006817478
Q5FBB7,15.899909236574329,23.84412799950662
Q5GLZ8,16.19275716500063,25.246753559085242
Q5H8A4,16.00138854780218,24.78390344663736
Q5H9F3,15.661266031988822,24.892246814245045
Q5H9R7,18.223816638603495,26.787271803946776
Q5HYI7,18.564244653064506,24.255887463988714
Q5HYI8,16.383726761293474,25.85859592146053
Q5HYK3,15.600287527057752,23.85238425162799
Q5HYK7,14.462171851462758,24.158821451777285
Q5HYW2,14.769885182144526,23.81406773324638
Q5J8M3,15.514600440306713,26.14693500765372
Q5JPH6,15.950718204777992,24.5673332710566
Q5JPI3,16.10796569629561,23.93963978456222
Q5JRA6,17.9223517236711,26.28395518693724
Q5JRX3,17.356711585199385,25.418585166676106
Q5JS54,13.993749772164662,23.026972175222046
Q5JSH3,16.622738265526362,26.45411250698063
Q5JSJ4,16.301162132967086,23.2439165938982
Q5JSL3,16.77612691221596,24.809294384718765
Q5JSZ5,15.636598755411692,26.053881418396106
Q5JTD0,15.530120074200092,24.047551057680327
Q5JTH9,18.320183769619344,27.70377179929634
Q5JTJ3,16.593875733231965,27.09800887390341
Q5JTV8,17.472821178888957,28.070514072366105
Q5JTW2,15.437011530274459,22.800684286975123
Q5JTZ9,16.81787636774802,25.809709775685217
Q5JVF3,17.81655537623721,25.627487917336584
Q5JVS0,16.12262088904878,24.48909329362126
Q5K4L6,14.686519950472505,24.430884371860813
Q5K651,14.717862566407645,23.196984310891974
Q5M775,15.793562246072089,24.250823592528647
Q5MIZ7,15.756293524475387,23.91156241883391
Q5MNZ6,17.259764714696356,24.926124052318585
Q5MNZ9,16.003031924998112,23.67532813067796
Q5NDL2,16.791258719022746,24.66620129795121
Q5PRF9,16.519354039382893,24.47603887073723
Q5PSV4,15.054520944011676,24.67792250894755
Q5QJ74,16.765008046098075,24.627843862327047
Q5QJE6,17.94920946283157,26.570739716822988
Q5R372,15.476566699573898,23.573844084712448
Q5RI15,17.221704326665403,26.268917265457524
Q5RKV6,15.282385142829217,26.15150292204943
Q5SGD2,18.309845495095338,24.207546724447166
Q5SNT2,15.965494551887025,24.252314324081375
Q5SQI0,16.199484865107735,24.98682371268208
Q5SQN1,15.547304810571783,22.45532747117382
Q5SRE5,17.27493378766351,26.266931546796098
Q5SRI9,13.465821455643775,23.672177881553825
Q5SSJ5,18.50600139488274,26.942084005360087
Q5ST30,16.450527279797317,23.92759126230518
Q5SVZ6,14.699423249245717,23.44750880521743
Q5SW79,17.69458143176507,27.50663529366042
Q5SW96,15.805314458714482,22.781513401542938
Q5SWX8,15.421520388724364,24.74448898216286
Q5SXM2,14.922724224379198,22.221720304013147
Q5SXM8,16.222002064223613,24.185137441934778
Q5SY16,18.238904759079038,26.161496124993146
Q5SZQ8,16.564703109687997,24.476699611216297
Q5T0B9,17.718270641343892,24.66615442403581
Q5T0D9,13.219204764920928,23.418433638845656
Q5T0F9,16.589311487680288,24.02205826043951
Q5T0N5,17.550767824532514,26.507233729137532
Q5T160,15.46090282959684,24.12983726460265
Q5T1M5,17.651295362771567,24.923979196960246
Q5T1V6,15.980769428866992,24.06746737762833
Q5T200,16.788749764723047,25.874334707213407
Q5T280,17.207012190563198,25.675455481924423
Q5T2E6,17.23545785278421,23.96726382032011
Q5T3F8,16.011011720442596,24.047314408197774
Q5T3I0,16.856361086418733,26.1261016196037
Q5T3J3,16.512861371495994,26.61767509358631
Q5T440,15.13622896345926,23.65997249069481
Q5T447,15.781762896251916,25.667805355321324
Q5T481,14.34886471423179,24.82703476115482
Q5T4S7,18.448609313011037,26.53504142910767
Q5T5C0,15.026811439837498,23.37796787040736
Q5T5P2,15.284096184426646,24.40272840164145
Q5T5X7,15.034361233985141,26.807206649014137
Q5T5Y3,17.01929806386532,25.485048094186872
Q5T653,17.62768372995046,24.82060621971684
Q5T6F2,16.654188193293958,25.661103421535852
Q5T6V5,16.995072247933834,26.23949019213853
Q5T7V8,14.689516847306054,24.404153881870368
Q5T7W0,15.08743991220623,24.32077541956365
Q5T8D3,15.761150630198513,25.335626205449287
Q5T8P6,18.257580438415477,26.412290133252185
Q5T9A4,15.831608598604657,27.213783176598614
Q5TA45,16.34484973060469,24.913416094036986
Q5TAQ9,16.234600380727404,24.204231644366942
Q5TAX3,16.685473364854477,23.52996691742227
Q5TBB1,16.493776502798184,25.656423381143178
Q5TC12,15.204056532001346,25.16971191831188
Q5TC82,14.173327089361486,23.303683563821142
Q5TCQ9,16.389933157434932,24.266634628090134
Q5TCZ1,15.417382811140616,23.88778983946539
Q5TDH0,16.958163367832373,25.247804272050143
Q5TF21,17.09133448395256,24.986594883835657
Q5TFE4,16.042089825579527,25.90162438810416
Q5TGY3,15.060300827815473,24.174874798542522
Q5THK1,16.11422276732464,22.52062395546176
Q5TZA2,15.151671439755365,28.51538657029928
Q5U5X0,17.52955971811142,25.00399190788831
Q5U5X8,16.092833930679532,23.163243352297947
Q5UCC4,18.280000436148843,25.107273236578926
Q5UIP0,18.290640406528752,26.542195275471784
Q5VIR6,17.702523876474366,25.69976977397552
Q5VSG8,17.004230124054523,24.258338222707252
Q5VSL9,17.366350391608165,24.937331625562624
Q5VT06,15.006462837007788,26.86072932713729
Q5VT25,17.646250592375893,25.85730191108083
Q5VT52,17.37859713578518,26.416479642815275
Q5VT66,16.535872527794,24.08009526235841
Q5VTB9,14.249001818334762,24.17787031280077
Q5VTE6,17.329338680071675,26.12632879167221
Q5VTL8,17.611180090250524,24.500751431334436
Q5VTR2,18.27513891189518,26.359335365949573
Q5VU43,16.822905210394435,24.172779991268296
Q5VU97,15.677724320703875,23.628007923834033
Q5VUA4,16.403217618274013,25.407775504786084
Q5VUB5,15.836671321477514,23.416540102849712
Q5VUG0,14.776030628368295,23.749617512542667
Q5VUJ6,18.070195820782892,24.69195512341705
Q5VV42,16.0722050902894,24.204272447286943
Q5VVJ2,14.429006736615882,23.650605322875947
Q5VVQ6,13.545912479158352,23.29583450141881
Q5VW32,17.96121038602164,26.676709579607078
Q5VW36,15.599870865611292,25.89473125488619
Q5VW38,17.270298977011553,24.265606963416932
Q5VWG9,14.776604551341116,22.78928010355298
Q5VWJ9,15.090799549083698,26.643192610673513
Q5VWN6,16.687333305288654,24.934393679074084
Q5VWQ0,16.552657941477946,23.963255857071044
Q5VWQ8,14.966945637448983,24.064794725377645
Q5VWZ2,17.527672225444043,24.97390345573031
Q5VYK3,18.5071512751008,26.486713738694316
Q5VYS8,15.504523256969033,23.579430001856608
Q5VYV7,15.754043665665192,21.868501188439325
Q5VZ89,16.48151607736765,26.220904120698965
Q5VZE5,15.806576514518712,27.404708771755303
Q5VZK9,14.467877430705247,24.437774768399162
Q5VZL5,18.24919819151783,25.9173920139128
Q5W0B1,16.045426538547435,23.896595621270272
Q5W0V3,16.565633964178527,24.71470411758522
Q5W111,14.18949694056452,24.830811691599866
Q5XPI4,15.136758398411141,24.963587883808295
Q5XUX1,15.292466992727386,23.627364332229796
Q5ZPR3,18.998107178999643,27.32683401360649
Q63HK5,15.901157043820374,23.987994381000316
Q63HM9,18.069899525522207,25.73892841199397
Q63HN8,16.36169018125981,24.805109030553698
Q63ZY3,16.491091525153713,24.425305620669143
Q641Q2,15.809075540874488,24.472861052570053
Q643R3,16.180232610747982,23.79931789068221
Q658P3,18.130809336583447,24.682640230799663
Q658Y4,14.796332702556013,24.88828542278819
Q659A1,15.95455999845433,23.718490075944135
Q66GS9,16.04316776431242,23.86595107992967
Q66K14,16.326641286650375,24.277110971636976
Q66K64,15.317405429479944,22.60845968647452
Q66K74,18.03746652078519,25.655147362240818
Q66LE6,16.047346759241083,24.88062817508772
Q66PJ3,17.100121267975716,26.414776045836547
Q676U5,15.655108328676919,28.007019819307278
Q684P5,16.87612520423829,25.55960695500639
Q68CP9,17.029404786292826,26.04482602647827
Q68CQ4,16.680142007579022,25.629524002183672
Q68CQ7,16.088155271716975,24.49506603490625
Q68CZ2,15.462496947260242,25.13047720250831
Q68CZ6,15.108567403214483,24.962644979358544
Q68D10,13.002585733730198,23.929768902518447
Q68D91,16.583080440794788,24.763438515971917
Q68DH5,16.65986120934283,23.865836328465537
Q68DK7,15.635920527006549,24.06948579759665
Q68DQ2,15.913632325195062,24.418728230113082
Q68E01,16.764344497066276,25.838251265613344
Q68EM7,17.45431643173432,26.45602504824185
Q69YH5,14.265075595291949,23.712043053436837
Q69YN2,17.088249942841323,25.495966483854872
Q69YN4,17.3392943151982,25.732602881618558
Q69YQ0,17.398366270954778,25.632654239011863
Q69YU5,17.683033204581935,24.514351917382402
Q6AI08,16.01005733642515,24.473226361993138
Q6AI12,16.158926189685044,24.313920137477407
Q6AWC2,15.061705048703645,23.69562177728694
Q6BDS2,16.617224446333957,22.98411036338304
Q6DCA0,16.550819769879972,24.26016674233676
Q6DD87,13.386517736351927,25.0373646323231
Q6DD88,18.23288439008682,27.54531581232956
Q6DHV7,14.729849775159265,23.475545374039193
Q6DKI1,16.480498207317765,25.73169600442989
Q6DKJ4,17.10285466164577,25.79965345246563
Q6DKK2,16.156386635139647,24.63859444868395
Q6DN90,15.913278626163471,24.290980872890078
Q6EEV4,16.523129629992482,22.493304052899056
Q6EKJ0,13.262034563179897,23.752465483249683
Q6EMK4,16.043457834183386,24.40136346283351
Q6F5E8,15.036482656825525,24.039248153997065
Q6FI81,16.942585902193358,27.361123200946388
Q6FIF0,16.07128445188075,24.501231056202137
Q6GMV2,16.93822076863616,24.13786764324211
Q6GMV3,16.75887035263095,27.01368216572757
Q6GQQ9,15.480663892445131,24.176631211605223
Q6GYQ0,15.657641958885806,24.155504955671454
Q6I9Y2,18.052356013093593,25.813209049727213
Q6IA69,15.642848299400177,23.370985991825748
Q6IA86,16.917073332565234,25.953571837547642
Q6IAA8,14.196938634158238,27.240472743046478
Q6IAN0,13.597148739808397,24.519077642532903
Q6IBS0,17.18503671783165,27.917613859827412
Q6IBW4,16.59263368418055,23.19421414650763
Q6IC98,16.690724857740243,23.184980112589685
Q6ICG6,14.333519065835809,23.61014093517648
Q6IE81,14.357100404484582,23.315970922733683
Q6IEG0,14.936767051977558,23.666864468370395
Q6IN84,17.170097905240688,25.024509010707334
Q6IN85,17.60015187235905,26.065872712232363
Q6IPU0,16.741263523759986,25.349027402548955
Q6IQ22,15.257771105872656,24.279247995880464
Q6IQ23,14.29741176147616,23.018938565917967
Q6IQ32,16.985018418502726,23.180564192784637
Q6IQ49,17.002525337257435,25.295620241804865
Q6KC79,17.112137250656197,25.52875390619475
Q6KCM7,14.304362730831576,23.564741792045517
Q6L8Q7,17.591911144356974,26.775018097828713
Q6MZP7,15.994600273946189,23.642671362055182
Q6N022,16.97529568881188,25.445058188464323
Q6N043,15.398333701242267,23.619175317431896
Q6N069,15.228052556301801,24.00946746932158
Q6NS38,14.939816552650317,24.53115303459909
Q6NSJ0,16.466048173918313,22.927097137214787
Q6NSJ2,11.973939369877337,24.553769249652607
Q6NT76,13.923500506825247,25.168110335444734
Q6NTF9,13.61822221089786,23.54659712550852
Q6NUK1,16.87083005721665,27.265368859209868
Q6NUK4,16.966203431874515,24.29752374441129
Q6NUM9,16.800231315865187,25.04975513323817
Q6NUQ1,18.167149739077303,25.331651008079486
Q6NUQ4,17.023302068772995,26.0913133402126
Q6NVV7,14.801892169454652,23.477834710586283
Q6NVY1,17.741750709943698,26.531077464803992
Q6NW29,17.819658434207145,25.104124262938495
Q6NW34,14.82207999083143,24.646253753436998
Q6NXE6,17.300661341675212,25.409649823009584
Q6NXR4,16.75207162320325,24.892676552940646
Q6NXT1,14.86545877703412,26.364220135421384
Q6NXT4,15.048939348128028,25.030755020321905
Q6NXT6,16.488899798668523,23.73781641657874
Q6NYC1,15.677543523524163,26.042885268601143
Q6NYC8,17.48252516809443,26.300360037894464
Q6NZ67,15.779320047234602,24.792083794215525
Q6NZI2,17.3772798781956,25.85899410343452
Q6NZY4,16.886159968920243,25.824836223507234
Q6P158,16.882372590330124,25.053232940335956
Q6P1A2,14.944102269711651,24.23133164829279
Q6P1J9,18.09369961409606,28.37117564406684
Q6P1K2,15.240183374404792,24.0686362951039
Q6P1L5,17.249114996270148,23.445913625017276
Q6P1L8,15.06365208058538,24.890296705806772
Q6P1M0,16.158200598406818,24.86845275437238
Q6P1M3,13.555977680236408,23.427677552127612
Q6P1N0,16.652238682217845,29.36956696608366
Q6P1N9,17.27006015142054,25.64698840237163
Q6P1Q9,13.938880900060784,25.48557150646276
Q6P1R3,16.553275995949395,24.50379923631554
Q6P1R4,15.52280708796527,23.620267712374968
Q6P1X5,15.413492185201632,23.99454257030585
Q6P1X6,16.165041197833403,25.224063628036035
Q6P2C8,18.116453282944246,24.240510959743727
Q6P2E9,17.63551313456125,28.66786766816985
Q6P2H3,15.545318967258902,24.555675080272415
Q6P2P2,16.379197104935294,23.810040951136607
Q6P2Q9,19.805523970123197,28.436634839972182
Q6P3W7,17.97766731400034,25.820107781149336
Q6P3X3,16.244029288518956,24.919413795073826
Q6P4E1,17.842168619971314,25.62039190686854
Q6P4F2,17.475217289491244,24.075426103261453
Q6P4F7,14.925073306777199,23.884617807031105
Q6P4Q7,14.70253318779429,23.752192374980375
Q6P4R8,17.39765987216321,23.884108801556252
Q6P587,15.258614000249084,26.469227454687292
Q6P5R6,17.428453140917213,24.4810831749028
Q6P5Z2,16.355705130450183,24.188673578348993
Q6P6C2,16.26933144342884,25.087286072722776
Q6P996,15.868955390398641,28.686988493566698
Q6P9B6,16.43345531150873,26.023581045175124
Q6P9B9,15.748634188045278,25.10850979414413
Q6P9H4,13.437769408136784,23.161077587715667
Q6PCB5,16.799032397096795,24.768300868557038
Q6PCE3,15.99619467374626,23.380360983971315
Q6PD62,18.052551777374948,26.566807648678168
Q6PGP7,17.324544187194228,25.98907388382291
Q6PHR2,15.753365977368757,23.48908673809358
Q6PI47,14.180587784696472,24.449975987633906
Q6PI48,17.379090356664186,26.453976864774784
Q6PI98,15.821115585540657,22.60652156050232
Q6PID6,16.12053334518341,23.31131386282587
Q6PIJ6,15.336251769046806,23.756387430049553
Q6PIU2,17.10107869889296,26.459582533337247
Q6PIW4,16.418731191804145,22.29826384250055
Q6PJ69,15.583303175470213,24.57963384099584
Q6PJF5,15.30438222128543,23.390804623952178
Q6PJG2,16.594250482318834,25.586798861026978
Q6PJG6,16.11113584008182,24.273293758994765
Q6PJI9,14.130820160058418,23.265880474982453
Q6PJT7,17.683660706455463,27.189073341011554
Q6PJW8,15.35775209778525,23.11459957441515
Q6PK04,17.113627212984436,25.234410870981257
Q6PK18,16.563822150800554,24.589800487730294
Q6PKG0,18.787096317718014,27.436702825014287
Q6PL18,17.38595225179466,26.60426065792008
Q6PL24,17.00896849212276,24.92525082527273
Q6PML9,16.950639502046666,24.408389674020974
Q6Q547,18.387914874923297,25.202055501009657
Q6QNY0,16.020989665896757,23.788697724957895
Q6QNY1,18.110990273772025,23.914426284789098
Q6R327,15.682606763390273,23.946850558668586
Q6RFH5,15.162632924801906,25.505687268114773
Q6RI45,15.444292800226068,23.46134467294646
Q6RW13,16.382872137303902,24.695583495460575
Q6SJ93,15.603686417396288,23.78576135139932
Q6SPF0,15.956393023081409,25.568226857192418
Q6STE5,13.954560755726582,24.895732940960038
Q6SZW1,16.469805442270882,26.274113732595147
Q6UB35,17.075951833086886,26.093766068759642
Q6UB99,16.756373020505542,24.087430656530167
Q6ULP2,15.70180207759188,23.660385393943237
Q6UN15,15.49166533755716,27.271901476588294
Q6UUV7,15.535732121285857,22.764989397600157
Q6UUV9,13.801498876781553,24.65918689735676
Q6UW02,16.110021178627672,24.840328215468045
Q6UW63,17.919713555407327,25.930806016212994
Q6UW68,17.771152093655484,27.33461985412777
Q6UWE0,17.183316823513117,27.708092367517015
Q6UWP7,17.27719808871092,26.528939152105085
Q6UX04,16.721892173455014,25.28261771848395
Q6UXD5,14.765223930117301,25.27182606709764
Q6UXF1,14.323124443870014,24.03432545221893
Q6UXH1,16.41608783453111,26.827887663440507
Q6UXK2,16.19792097811442,24.94860905095337
Q6UXN9,17.082914625270696,26.672445651518316
Q6UXV4,16.03108867963824,25.56760035966111
Q6V1X1,16.940612980366,24.092622592555166
Q6VMQ6,16.29237325343029,24.311612773499583
Q6VN20,14.25271322585906,29.303370040869094
Q6VY07,15.972066971803724,26.223880157681755
Q6W2J9,15.268630570011984,24.50759365974782
Q6WCQ1,17.927829938376103,26.342523291524007
Q6WKZ4,16.22490445825631,25.77809550766458
Q6XE24,14.479623239479654,23.23758277894581
Q6XZF7,15.909564756432088,23.443369918168113
Q6Y1H2,16.635180088668687,30.506045072161662
Q6Y288,17.26565603433133,24.909977520847555
Q6Y2X3,11.546030263287603,23.23691680300093
Q6Y7W6,17.131640463763436,26.581921774407654
Q6YHU6,16.931681095148914,23.2666777542165
Q6YN16,17.11921211343158,26.36291942700532
Q6YP21,17.943698968817312,27.160757834166667
Q6ZMG9,18.79684424845251,25.876378323352405
Q6ZMI0,16.751142237532868,25.03275506062427
Q6ZMK1,13.436860297214164,23.597375282602673
Q6ZMP0,14.080699296369675,23.52905755259322
Q6ZMZ3,16.42036231472321,25.62388587044198
Q6ZN17,13.895174162450568,23.81429191832438
Q6ZN18,16.479667706946284,25.032499597740987
Q6ZNB6,14.545299960386993,23.9184399329823
Q6ZNJ1,14.541752860041063,23.910553010569952
Q6ZPD9,16.567393724818498,24.22825399993645
Q6ZRI8,16.701435977377653,26.880214940260323
Q6ZRP7,17.713260305822825,24.99173981936404
Q6ZRQ5,15.10382940047623,23.59919829543057
Q6ZRS2,15.789614599015028,25.992250689977364
Q6ZRY4,15.412996148889203,24.135796627614198
Q6ZS17,15.053874279039391,25.791590967371743
Q6ZSJ8,14.146679266971663,24.739415005979918
Q6ZSR9,16.739795000619672,26.10111376470292
Q6ZSY5,14.760284370750894,22.00636546092754
Q6ZSZ5,16.163010120546495,23.992304643757947
Q6ZT12,17.03503389140141,26.893045577718162
Q6ZT21,15.23107714406622,23.14192454568365
Q6ZTW0,14.356748832964241,23.68380613357856
Q6ZU35,17.755229463359797,25.804293291859743
Q6ZU65,17.3596334712192,23.40695434995222
Q6ZU80,15.567653997338093,25.78875352444207
Q6ZUJ8,15.848454475997347,23.925353506287543
Q6ZUT1,13.070841236279879,24.590516124400175
Q6ZUT6,14.658036454597672,23.783688391924073
Q6ZUX7,15.6348403498914,24.52004881724772
Q6ZVM7,15.34681103215416,24.0442446013597
Q6ZW49,14.225536836800012,24.75873879409818
Q6ZWJ1,16.08491123510993,23.743489703919
Q6ZWT7,16.155091027322612,24.39901246329947
Q6ZXV5,17.92573136623747,25.561644540827118
Q709C8,17.792067935781375,25.067361745599253
Q709F0,17.255648098845857,25.55510023987487
Q70CQ2,16.059247627205288,26.77833972066296
Q70CQ3,14.305842068165468,22.90643988480551
Q70E73,16.75686996688393,25.821328634890993
Q70IA6,16.744111591097948,25.10119502222921
Q70J99,16.961648271369402,26.177065075135733
Q70UQ0,17.76750051035359,26.624459475408443
Q70Z53,16.07774620249865,23.545959336453954
Q712K3,16.91378608457328,25.505507780234563
Q719H9,17.360212108361633,24.950880894613036
Q71F23,15.579504316422407,25.000403629809234
Q71RC2,16.07579865217198,29.13266902559607
Q71RG4,14.73438914324804,24.49040349472797
Q71SY5,14.373393779132405,24.332817322408548
Q75N03,15.918970316085728,25.891327505590993
Q75QN2,16.061234020687014,24.814078640089292
Q765P7,15.128296462392164,23.940122776033608
Q76FK4,17.419463041420467,24.250633995628466
Q76I76,15.951078481665167,23.83336525971972
Q76L83,14.963756775789184,25.442687594599054
Q7KYR7,16.928990903399292,23.231653992394595
Q7KZ85,17.418878189711375,26.540564606249003
Q7KZF4,19.259471191298246,29.785471043074704
Q7KZI7,16.029997002974365,25.677657917518157
Q7KZN9,16.757827523878017,25.316411053282877
Q7L014,19.28890894438157,27.650540672458547
Q7L099,16.771446912257904,26.1376441765525
Q7L0J3,17.0509982527642,26.286941709079773
Q7L0Y3,18.587006804385442,27.814230575329784
Q7L1Q6,18.86852075628319,28.11604840258813
Q7L1T6,15.179276606341823,23.965108244563982
Q7L1V2,14.66285424440168,26.413296909683584
Q7L1W4,16.34539565921409,23.2347138804293
Q7L266,16.194833659680935,24.160982758358347
Q7L2E3,17.686829456761735,27.62948924098184
Q7L2H7,18.064292974986834,27.59747790422529
Q7L2J0,16.196305472464555,25.7926661729412
Q7L2Z9,16.17134153659535,24.21705329072069
Q7L311,16.7999993244228,24.10368808346185
Q7L3B6,15.292764257901245,23.927404990509267
Q7L3T8,16.934161165894206,24.05760607901901
Q7L4I2,15.306370764557112,25.180787513922184
Q7L576,17.41425166854899,26.659640285708225
Q7L590,15.70325707730544,24.24248910521564
Q7L592,16.486667608538202,24.702212343097568
Q7L5D6,16.038772486709433,26.009649570817377
Q7L5N1,18.08776789407957,27.122770287278684
Q7L5N7,18.45866306635576,27.111208838652047
Q7L5Y9,16.263828334429167,24.211260561113374
Q7L775,16.33947738378381,24.85580899525478
Q7L7V1,15.565278585427235,22.91808572307054
Q7L7X3,15.155572347507306,25.125808298061212
Q7L804,15.635718687071604,23.61618266750025
Q7L8J4,16.95056451595216,24.18498805510725
Q7L8L6,16.16966727044598,25.081564014199518
Q7L9L4,18.28314775249235,26.71289869855356
Q7LBC6,17.562763268613665,25.703936928070025
Q7LBR1,17.80780644835062,26.58925145749032
Q7LGA3,15.30558910614269,25.63731837634085
Q7RTN6,17.044150390669603,25.562368502924024
Q7RTP6,16.974206930507822,25.062736753395875
Q7RTV0,18.042115607051706,27.809549574808457
Q7Z2D5,15.399996377927494,24.033942500402638
Q7Z2E3,16.678783050056136,24.41739085971012
Q7Z2K6,15.795615075145404,24.056390560849575
Q7Z2K8,18.329562417863606,26.129262333016552
Q7Z2T5,16.313987957850173,26.07424859386213
Q7Z2W4,17.77147872284062,26.73919398422403
Q7Z2W9,16.8166047477701,26.4512576702243
Q7Z2Z2,17.45806865562406,25.808930609855263
Q7Z333,16.132298058201943,24.323537487635903
Q7Z392,15.991069899728675,24.286363519670857
Q7Z3B3,14.473862574153447,24.890995672807566
Q7Z3B4,17.93294328342017,26.860560621512377
Q7Z3C6,13.833777913199366,24.686718992058005
Q7Z3D6,16.515909512915727,22.80230888327442
Q7Z3E5,16.981686936674233,25.12017130044088
Q7Z3J2,16.96870091341733,25.016324002429318
Q7Z3K3,17.951028436990654,27.239215070119467
Q7Z3K6,16.9150269917594,22.10442167273381
Q7Z3T8,16.50503195580867,24.761063499147117
Q7Z3U7,17.55143202799963,24.538098900238598
Q7Z3V4,16.418200271801588,23.242578689451346
Q7Z406,17.8859364093668,24.85347903964934
Q7Z417,15.42350212261962,25.823807650885012
Q7Z422,16.751969733582385,24.596008799493934
Q7Z434,17.135353076794782,26.991642992461173
Q7Z449,15.422411564095642,23.400322753687117
Q7Z460,18.234673067090533,26.03390660045718
Q7Z478,16.589545965671647,24.367597182449213
Q7Z4G1,18.114692805657477,24.8671106332628
Q7Z4G4,17.436357482392843,23.714518148285453
Q7Z4H3,15.233934121150671,24.179264929318844
Q7Z4H7,16.117457842452204,25.127884110161244
Q7Z4H8,15.515136483508757,27.336872686093077
Q7Z4K8,15.81563033718765,23.49537296045168
Q7Z4L5,14.164361466835677,25.86947119150908
Q7Z4Q2,16.076682703800294,23.753852177386463
Q7Z4S6,19.49966648998007,28.396902060413144
Q7Z4V5,19.711693213085567,28.201625417482223
Q7Z4W1,18.772066125331342,26.612873768780286
Q7Z569,14.585389015791499,27.255776133024217
Q7Z589,15.830822007832564,23.807759794298047
Q7Z5G4,16.485966037778308,28.12986479555421
Q7Z5J4,16.155664277539966,25.144067263152586
Q7Z5K2,17.65984100579526,25.8455088981258
Q7Z5L9,15.962210318328625,25.902226178329236
Q7Z5Q1,15.955580932622505,22.86012119578396
Q7Z6B0,16.33825784185482,24.17779771480317
Q7Z6B7,14.544203373003535,24.286453064575223
Q7Z6E9,17.16122424689759,25.388938098330197
Q7Z6I8,16.489515329304673,24.681882486088654
Q7Z6J6,14.266837527899888,25.78572037529733
Q7Z6J8,14.385200249725992,21.636115448228477
Q7Z6J9,15.633630296263112,26.172399027798924
Q7Z6K3,15.2538016369426,25.620746269955564
Q7Z6K5,17.437825612661072,25.573545175153523
Q7Z6L1,15.21461914507305,22.571478385337095
Q7Z6M1,15.33173368165857,24.231585442623462
Q7Z6Z7,17.79543472464682,27.23799272699992
Q7Z739,16.948787363244993,26.8871421626107
Q7Z7A1,14.871888557524047,21.968909671296725
Q7Z7A3,13.805404651177549,24.654881163635114
Q7Z7A4,16.571047227880573,22.616022436148175
Q7Z7C8,14.835957454239454,23.837072646024716
Q7Z7E8,18.248959243103464,25.358651770937325
Q7Z7F0,15.14905984479843,24.26746178159978
Q7Z7F7,15.317689711419998,25.862536270336864
Q7Z7H5,17.72625087207847,27.731434065701347
Q7Z7H8,16.912030500628422,26.575035529992718
Q7Z7K6,15.929249083494659,26.53357696755239
Q7Z7L8,16.770195426142323,26.832381845685745
Q7Z7N9,18.077382343251376,24.7520794921452
Q86SF2,17.57447132668077,25.675081948620804
Q86SK9,18.775782047498865,24.648902872042953
Q86SQ0,13.951544267430064,25.737362759222208
Q86SX6,16.952481739367823,26.12251761649297
Q86SZ2,14.614648503736326,23.85521609250429
Q86T03,14.872129759170244,24.524983058917424
Q86T24,15.069425151667218,23.39116038379371
Q86TB9,16.8959728207258,25.26287277847295
Q86TG7,15.54059021152869,24.878598525338784
Q86TI0,13.796725091234816,23.13730623052498
Q86TI2,17.012292442780634,25.566365711485716
Q86TM6,15.400013617303605,25.72811521663582
Q86TN4,16.303970488903918,23.46036627603984
Q86TP1,15.79022052758361,25.574017955506644
Q86TU7,14.828054067158385,25.120746906448108
Q86U06,16.55177025985159,24.027724223837836
Q86U28,15.372494977510293,24.82256274340615
Q86U38,16.391099427977178,25.170588765454184
Q86U42,17.79105591981805,27.8472088989779
Q86U44,16.638692518619337,25.8611223564238
Q86U70,15.239268905686608,25.113938594530097
Q86U86,17.65672127414258,26.874830826349093
Q86U90,15.882815885731233,25.00275849959297
Q86UA1,14.821831768321797,24.140439358464544
Q86UA6,17.225015304607904,25.74978390094565
Q86UD0,15.78848172095244,23.842851345663696
Q86UE4,18.394242448418552,27.571204246242985
Q86UE8,17.38841199864428,24.53363795170603
Q86UK7,16.110755196485478,25.99468808662294
Q86UL3,14.973962257550099,25.060046241517718
Q86UP2,20.078016451580368,28.14604798552608
Q86UP3,16.960878567335126,25.274928099617675
Q86US8,15.796886316498446,23.769709134188805
Q86UU1,15.926057580106008,24.751569001013237
Q86UV5,16.85120978411817,25.485610454053973
Q86UW6,14.89616271704857,23.830469752218928
Q86UX6,14.12525416680177,22.62876946649986
Q86UY8,14.719896441625528,23.92572112378743
Q86V21,17.330149227083652,24.03229448011347
Q86V48,17.521196311971185,26.082711535377708
Q86V59,15.405756474515968,23.59583760646686
Q86V81,18.139033337113265,29.82293185703433
Q86V85,13.750379349236463,24.19323221471122
Q86V87,14.334069093935694,24.28371979474047
Q86V88,17.234831617299385,25.16491505717754
Q86VI3,16.6932850263198,25.333297812815655
Q86VM9,18.478484458088737,26.72446236094774
Q86VN1,15.375423003609603,25.27991706484041
Q86VP1,17.25922052668546,24.401226730232143
Q86VP3,15.545316453136778,23.319362034395336
Q86VP6,19.736669671107517,28.655794653961348
Q86VQ1,14.229080155277511,23.297501955466277
Q86VR2,15.772895344886287,25.139862543192972
Q86VS8,16.916775961907902,25.582982663998408
Q86VV8,13.775788069143264,24.926926044038485
Q86VW0,15.77348609881917,23.90856391033604
Q86VX2,15.714283042635047,25.412585093245315
Q86VY4,16.570918897503216,24.6633268007494
Q86W42,16.813018314831417,26.514006063962448
Q86W50,17.07042741472111,24.661907782998444
Q86W56,15.499829488954182,24.17031704313533
Q86W74,16.154509671016978,25.456444378937263
Q86W92,15.377644810236076,25.28600571938399
Q86WA6,18.122450727364903,24.359891509267296
Q86WA8,15.840535684149126,23.970191250924017
Q86WB0,16.747771958460294,25.993478973061883
Q86WC4,15.187959834600552,27.986280327776818
Q86WG5,16.25178066053955,24.743944134694317
Q86WJ1,16.197487595418814,25.471462429839566
Q86WQ0,17.026470490282872,24.91680261382213
Q86WR0,17.65456191174633,26.174148929117305
Q86WX3,16.47871780486567,25.306570490112396
Q86X02,14.435620781377281,24.46246183282711
Q86X10,17.085722444356236,24.44125349706152
Q86X52,15.153425494795291,23.859297330815544
Q86X53,16.515039591423196,23.263375665040034
Q86X55,18.147130710325534,26.25734198591868
Q86X76,17.262338663822582,26.657970096544318
Q86X83,16.54053345699635,25.796440382230976
Q86XA9,15.473796950866731,23.410435112004492
Q86XI2,16.468526203343195,25.006895434915414
Q86XK2,14.447415829318556,24.168381019809267
Q86XL3,16.56526021164684,25.465459466396243
Q86XN8,16.818987321048855,23.50290778070623
Q86XP3,17.477932274926488,27.767549898559945
Q86XX4,16.330799174796333,21.341516380095413
Q86XZ4,15.861706559733458,25.77182182920674
Q86Y13,15.419234424593887,22.920782071616266
Q86Y37,14.28676662347272,23.941479217875212
Q86Y39,15.26158370243619,25.4588818052151
Q86Y56,16.375832543936422,24.684038209156043
Q86Y82,16.57975580999586,26.552396205391428
Q86Y91,14.628611475459538,23.77365848749413
Q86YD1,14.846220361110486,23.529981538116683
Q86YL5,13.920711840570695,24.357181682641006
Q86YM7,15.00812241081989,23.103833646867894
Q86YP4,18.28442402394686,26.25631181780735
Q86YR5,15.011490805116285,25.42778943753278
Q86YS6,17.531231425834235,24.163139295979928
Q86YS7,16.67294828306941,23.68718161805326
Q86YT6,15.473329787437466,22.614053549459044
Q86YV9,13.835850076459842,23.861125820151415
Q86ZR7,15.294488349797806,24.775348000349886
Q8IU60,14.508750298988579,23.37788316762134
Q8IU81,17.358261711767728,25.499020042817154
Q8IU85,12.678808505022184,24.2785216304163
Q8IUC8,19.01982914178136,23.793365267978963
Q8IUD2,17.14408777352152,26.10065284244073
Q8IUE6,16.173449452785412,30.792189239627085
Q8IUF8,17.148623876258863,25.148859693903113
Q8IUH3,16.097798484460768,25.10272632110685
Q8IUH4,15.809346108831814,24.690531231724325
Q8IUI8,16.820170650403774,26.528082680413156
Q8IUR0,17.929808177223613,24.95348460750608
Q8IUR7,16.368374874607564,23.88334456799101
Q8IUW5,14.969119364171954,22.75379822429757
Q8IUX1,16.960279136421406,24.398574811907075
Q8IUX7,12.2578032150217,23.154946323963905
Q8IV08,17.114217818381327,29.002877807687796
Q8IV32,15.521614649872754,24.580262909858604
Q8IV36,15.729425754843284,24.837631991079114
Q8IV38,16.556754056437697,25.494285737659755
Q8IV48,16.788167098927495,25.798953354034328
Q8IV50,16.821828364304917,24.781418799299633
Q8IV63,13.889710871755295,22.932648743435074
Q8IVB5,16.87837028382339,25.1512607930743
Q8IVD9,17.461449204303843,26.97530787350744
Q8IVF2,17.21554311111365,29.84040203446113
Q8IVF7,15.704139336361495,25.836652164282615
Q8IVH2,15.81652416922384,23.296213694810564
Q8IVH8,16.263659889602355,23.768828235574606
Q8IVL1,15.210902389837587,24.00641120594847
Q8IVL6,15.85259461062191,25.488880856902806
Q8IVM0,17.69074872486832,25.37784766376359
Q8IVS2,14.973044981010885,24.657228174359105
Q8IVV7,15.580591188464368,24.153204485238287
Q8IVW6,15.03513580136876,24.29721533927672
Q8IW35,16.167771719601202,24.993185701733925
Q8IW45,16.970673639281983,26.114640510756935
Q8IWA0,17.61703765194632,26.54770368564024
Q8IWA4,16.286274137502563,25.282754621338615
Q8IWA5,15.871703138419925,22.054483428578862
Q8IWB1,17.079769136395345,24.098568428522274
Q8IWB7,16.27616785271915,25.205627456168166
Q8IWB9,15.810316904819631,27.387440167964403
Q8IWC1,17.041506581535202,24.659236266982234
Q8IWE2,17.83998943081464,25.338769054392255
Q8IWE5,15.12014997461245,23.00127254018107
Q8IWF2,14.885037593014886,22.998967820936898
Q8IWI9,17.1221033653748,24.942509837097997
Q8IWJ2,16.283979329432544,24.374835347410343
Q8IWL3,15.318136512017404,23.3570911181765
Q8IWQ3,16.354181300526097,22.695416285950525
Q8IWR0,16.339168534516084,24.71409513475043
Q8IWS0,16.18652677534027,26.66114972120221
Q8IWT0,15.313280222993304,24.3016212948083
Q8IWT3,14.77788609946432,26.88052912302324
Q8IWT6,16.827299695347925,25.365458559798643
Q8IWU2,16.225417714207023,23.71127489912113
Q8IWV2,15.172208582232278,22.40129203794361
Q8IWV7,15.913253222256593,24.246878605303603
Q8IWV8,15.231726445571367,24.885512665265193
Q8IWW6,15.97099666194113,24.146905811961698
Q8IWX8,18.15860853777096,27.017596145281157
Q8IWY9,13.459953450945749,24.136872005970567
Q8IWZ3,15.268262610685603,23.897233832506704
Q8IWZ8,16.520451945240733,25.60493185786731
Q8IX01,17.931350994506456,26.671663322813643
Q8IX04,15.36719107613259,24.536289868916864
Q8IX07,15.926309277498047,24.568806734008625
Q8IX12,18.505467916358032,27.3724983579146
Q8IX18,16.930038116374583,24.294596468096323
Q8IX90,15.690211095966179,23.899697823451746
Q8IXB1,17.38847982911831,26.658036946697948
Q8IXH7,16.801288753663652,25.129900227271236
Q8IXI1,16.166420001892593,28.13360761375542
Q8IXI2,14.85973697987399,26.157412840259823
Q8IXJ6,16.642899382658186,24.41251292964558
Q8IXK0,17.353141942514917,26.235773620498716
Q8IXM2,16.14532840958564,26.3095983062961
Q8IXM3,15.941331972753156,25.74507310418882
Q8IXM6,17.01572755890365,25.23185489916269
Q8IXQ4,17.960173618721537,25.518093473962214
Q8IXQ5,15.4328167726775,24.19046615806673
Q8IXQ6,14.004922532310417,23.807237674263384
Q8IXT5,18.06590930147624,26.44142274753234
Q8IXU6,14.984622280264215,25.51397918157437
Q8IXW5,15.793748164167534,24.84886621754266
Q8IY17,15.189320489980938,25.489136455206978
Q8IY18,16.84108640040701,26.309077142013837
Q8IY31,12.045714175279933,22.849953658774
Q8IY37,16.77568057579619,26.914866704898653
Q8IY47,17.29745845355579,23.9183730290302
Q8IY57,14.79524690956457,23.895474142564435
Q8IY67,17.079123620410464,26.62822709629038
Q8IY81,19.81259479025822,27.517742082328667
Q8IY92,12.700050896717737,22.847920811779765
Q8IY95,15.234334955531402,26.81554001026206
Q8IYA6,15.87357884619905,23.57012102374864
Q8IYB1,16.781305064950214,23.964850025623075
Q8IYB3,17.16857843444221,28.13247731200736
Q8IYB5,16.95645670305408,25.760781297147282
Q8IYB7,17.148608651050793,24.99654642796137
Q8IYB8,16.629613374254554,24.952478642513533
Q8IYD1,17.8186385524574,25.263828505839726
Q8IYI6,17.093328321695726,25.80397219640248
Q8IYL3,16.528249685995643,25.023081221733246
Q8IYQ7,14.146363292921063,24.887729686303402
Q8IYS1,17.3621227634291,25.239690380898065
Q8IYS2,17.47774436857069,24.810165147876823
Q8IYU8,14.674006750563832,29.4293833859396
Q8IZ07,15.429504709456154,23.816161622716123
Q8IZ21,15.857439000115589,24.97032770865888
Q8IZ40,16.87092816229351,25.227654462423768
Q8IZ52,15.934329974699843,25.919564483138313
Q8IZ69,17.532843925343197,24.35314810458561
Q8IZ73,16.2846845341717,24.48081084368031
Q8IZ81,17.919765629108014,26.922480605692698
Q8IZ83,15.364172623768077,26.353999069110337
Q8IZA0,17.388296511326686,23.875839606263572
Q8IZD4,15.478337774185917,24.330495501105343
Q8IZE3,13.796335913749191,24.111930574581855
Q8IZH2,17.403919915173205,24.35582161043571
Q8IZJ1,15.117914014123143,25.120332429985552
Q8IZL8,16.565230976768945,27.390750162001623
Q8IZP0,14.886203838987166,26.009143664696268
Q8IZQ1,14.800617169224138,24.724279280615207
Q8IZQ5,18.214652059199484,27.26473195098762
Q8IZT6,15.554252179557528,23.926790846630883
Q8N0U8,14.828990632648166,25.418723855753736
Q8N0X4,16.405745839667325,24.57130364875307
Q8N0X7,17.16471562677912,25.34354931217918
Q8N0Z3,14.168240926871258,24.33660455440449
Q8N0Z6,16.51662329698835,24.975133017095615
Q8N108,16.181227589426598,28.214283352598525
Q8N111,17.184851764520644,26.09830893590922
Q8N122,16.815115567779987,25.29435255079582
Q8N128,16.965891355711364,25.32693330437869
Q8N129,15.470776107332407,25.630580728267518
Q8N131,19.616200918682136,27.54132870908206
Q8N137,13.64866990740663,23.587426511911033
Q8N138,18.695816423686647,23.38781237836476
Q8N142,11.576152886148044,23.340060477309564
Q8N158,16.04433605517937,23.831146203172906
Q8N163,19.64608068339205,28.940839500838955
Q8N183,17.124868482178854,25.32772466679928
Q8N1B4,16.1917959997356,25.73463561034411
Q8N1F7,19.97108639010096,28.47812816552108
Q8N1F8,15.492925847938226,24.022953683924367
Q8N1G0,17.010306637880532,25.374973244826574
Q8N1G2,17.300307868696244,24.97027942981641
Q8N1G4,18.721867581412074,27.97865048721976
Q8N1I0,15.830426405743568,23.817105865327523
Q8N1S5,13.740386263050416,24.558213932422515
Q8N201,17.522814442481714,25.871255775066075
Q8N2F6,16.750393285791244,25.811685205058712
Q8N2G8,16.34673048125875,26.42835167389073
Q8N2K0,16.322692240250387,26.916432226671716
Q8N2M8,16.983995463345423,24.939759213928326
Q8N2Z9,15.970260096174059,25.787886547017393
Q8N335,17.71762778626099,25.04350633239308
Q8N3C0,18.28271561830822,29.27587475585066
Q8N3D4,15.781757390333,27.049272417586987
Q8N3F8,15.765751414743452,26.72840190401011
Q8N3P4,16.278608744584293,24.043968540246247
Q8N3R9,16.42589703335941,24.781029268868984
Q8N3U4,17.836637012969767,26.478977437003884
Q8N3V7,16.523063733307005,26.445254129806802
Q8N3X1,17.32095270156935,25.27289379566512
Q8N3Y1,15.617438145426059,23.69367294599339
Q8N3Z6,15.041425156681475,24.236933658632182
Q8N428,16.362811081600945,22.920167827844995
Q8N442,14.11938387343517,23.787697846603518
Q8N465,15.444068543161823,23.531449404148745
Q8N488,16.30152007060674,25.378243351680176
Q8N490,13.209052141440836,24.78257401274938
Q8N4B1,15.612280401673965,23.355777327771175
Q8N4C8,15.772427215631375,24.513371778084775
Q8N4Q0,16.929999988296277,24.525583434000808
Q8N4Q1,18.053583361968762,25.444844884427727
Q8N4S0,14.509829425952907,22.977403090578818
Q8N4T8,14.530832831536042,24.741954396113787
Q8N4V1,15.250774845136556,25.69211850324771
Q8N511,16.296510612891858,25.646985931190308
Q8N543,17.465252577280157,25.633544429718718
Q8N556,17.80480771410565,25.033271767909522
Q8N567,15.241045731286494,23.929195278510164
Q8N584,15.619816474453257,23.206194772569972
Q8N5A5,15.975690851167558,24.40000033240138
Q8N5C6,16.956387123844298,25.322405588750158
Q8N5C7,15.2136405474596,23.55031008332062
Q8N5F7,15.40898860764823,25.52496022001458
Q8N5G0,16.82827661127943,26.453636970895307
Q8N5G2,15.905408826117057,23.795021465221584
Q8N5I4,14.727088354075592,24.075498327259115
Q8N5K1,16.15959373735435,27.746907677321893
Q8N5M1,15.434566224643413,24.39331261331088
Q8N5M4,16.93505490604667,25.70953906912983
Q8N5M9,16.31312483736608,27.222074080112428
Q8N5N7,16.65704019402287,26.03184707060944
Q8N5P1,15.974108281869537,24.513406719225014
Q8N5W9,17.258556832999364,25.052326335013106
Q8N5Y2,14.532711846818694,24.40359037902665
Q8N612,14.82196875257975,24.886272991185912
Q8N653,14.055016496112362,25.173694327914355
Q8N668,14.51511563711237,25.046571048102518
Q8N680,15.294390643081496,23.51075366644691
Q8N684,17.73407471200741,28.041573995411788
Q8N6C5,16.101237410880184,25.835434295338025
Q8N6G5,15.461066809047189,22.80407310457457
Q8N6H7,16.08454862506779,26.732555386306807
Q8N6L1,19.45325656522144,25.186279985275362
Q8N6M0,15.82691201990067,25.905735120461543
Q8N6N3,18.17047589299314,24.463332036101193
Q8N6R0,16.968950603888178,25.18649869565655
Q8N6S5,16.230731622557297,26.45882334413559
Q8N6T3,15.422184481935684,25.980824769964997
Q8N6T7,15.580143521097245,24.33391324432837
Q8N720,15.238895431938557,23.4947915096982
Q8N766,16.834282157945772,26.831403402874823
Q8N7H5,17.120144033220907,26.88451673062926
Q8N7R7,16.723944414808415,24.129789323636437
Q8N806,15.942491176510348,25.654664569684083
Q8N8A2,15.37105886112887,24.404659568785487
Q8N8A6,14.842659875420692,24.293918123265417
Q8N8E2,13.713728387710072,23.808416597895334
Q8N8E3,15.471784110898097,23.836902234257852
Q8N8L6,17.472356899228103,24.554487854075177
Q8N8N7,15.870552959609906,25.191477924017075
Q8N8R7,14.430786179874058,23.53661492494318
Q8N8S7,16.54434174993011,27.598907240796077
Q8N954,16.92659830075821,24.805525488771707
Q8N983,17.085274878010644,26.389162604009815
Q8N999,15.528262864075456,26.618433333356414
Q8N9B5,15.123575094180493,23.973757703159762
Q8N9F7,14.443104347723915,24.96239286525671
Q8N9M1,16.000169789626153,24.35778239263722
Q8N9M5,12.997965247589988,26.941158118894023
Q8N9N2,17.565226934919874,24.734938955261086
Q8N9N5,14.250036821814128,23.352382536251614
Q8N9N7,17.09921903173929,25.27112897109496
Q8N9N8,15.692075933836817,25.110262458166037
Q8N9R8,15.761367265324717,23.14205305434826
Q8N9T8,16.93334718110428,24.99259367889846
Q8N9Z2,17.06740424827294,25.419194666554763
Q8NAF0,16.42045733492503,24.384779117916946
Q8NAT1,15.316820673625456,23.289963565264735
Q8NAV1,17.59017742316688,26.779751240126693
Q8NB15,15.19471223112529,23.37977423024592
Q8NB37,15.859295271748453,24.47174286642055
Q8NB46,16.03234514493159,23.054188531917315
Q8NB49,16.365614298030362,24.505035866901338
Q8NB78,16.51537876226218,24.287460238105524
Q8NB90,16.972019838305215,25.259185677043515
Q8NBF2,18.943364976815857,25.781740259895045
Q8NBF6,15.748763279354877,25.251295392738065
Q8NBI6,15.49262214082365,27.110043879991363
Q8NBJ4,17.460088680363373,25.330711777607796
Q8NBJ5,17.748272793229756,27.39090565281817
Q8NBJ7,16.45656348270902,26.77075628398683
Q8NBK3,16.319599330555178,24.90379852186469
Q8NBL1,17.910554413439332,26.415090044396244
Q8NBM4,16.07086467732013,25.282665906942796
Q8NBN3,16.658740669593264,24.4692504839905
Q8NBN7,17.73071855664861,25.098039032549302
Q8NBP0,15.264696100329175,24.584539189320054
Q8NBQ5,17.73409301997721,26.817330022094183
Q8NBS9,18.588010266687064,28.79506096278988
Q8NBT2,16.313144593707992,26.336900693928094
Q8NBU5,17.125640488196343,26.479284452579616
Q8NBX0,18.607250294264986,27.431007104573016
Q8NBZ0,15.43892924247037,24.63959358961781
Q8NBZ7,15.027966165187376,23.818016713170095
Q8NC44,16.147044928049958,24.411668922576617
Q8NC51,18.245004677883838,29.948377229753316
Q8NC54,15.635455412114545,25.128956940302253
Q8NC56,16.25351340707123,26.451189794998545
Q8NC60,15.849472216635554,24.99439664364929
Q8NC96,16.520821223078727,24.647504081908217
Q8NCA5,17.408737730097478,26.496506608535455
Q8NCB2,13.927425206683715,23.403631463027306
Q8NCC3,16.985835082466426,24.66478682375077
Q8NCD3,14.127350884650209,24.3760992176533
Q8NCE2,14.65810881206285,24.274436772519042
Q8NCF5,15.881548840714641,24.306425896729788
Q8NCG7,15.781974111338087,23.672662402264148
Q8NCH0,16.213039079639454,24.803649247740662
Q8NCL4,16.14043068628967,23.58176225502653
Q8NCM8,15.063388901506796,23.665733899611254
Q8NCN4,15.319664595131638,23.361136733000432
Q8NCN5,16.995051263136787,25.25795087070806
Q8NCW5,17.652070842903775,27.45949383071697
Q8ND04,15.96042344113819,23.884463478399063
Q8ND24,15.420992138592826,25.498550841049347
Q8ND25,17.00919186086043,23.67489621397889
Q8ND30,15.721550716986833,24.0268891527501
Q8ND56,16.929418872562668,26.416632546341948
Q8ND76,16.169622712431917,24.990989654555484
Q8ND82,16.612057463544396,25.35283954235153
Q8ND90,17.06807882729868,24.5482433208861
Q8NDD1,16.512223825289865,26.069463729566458
Q8NDF8,15.699351940350533,25.33080636060755
Q8NDI1,16.811512904186117,25.167907381327524
Q8NDT2,16.35737301970032,25.352471230282184
Q8NDV7,14.340124795646634,23.585340698322014
Q8NDX5,16.74716692811207,25.14920867619916
Q8NE01,15.804982612767468,24.157859445386578
Q8NE71,18.506727585345548,27.9594229798721
Q8NE86,17.429917349539686,24.723382518959337
Q8NEB9,16.504864236627895,24.862257075169488
Q8NEC7,16.557639749671495,24.811255762748445
Q8NEF9,16.50148361911095,23.87069225496259
Q8NEJ9,15.876236741711653,27.73003763354187
Q8NEL9,15.542557935082142,24.027061606826344
Q8NEM2,14.832050372887322,23.316432011819984
Q8NEM7,16.21699518900881,23.870036309999243
Q8NEN9,15.922873515112936,26.41600966367998
Q8NEU8,15.91505968042167,25.10537337994641
Q8NEW0,18.279895956250268,25.75741475716971
Q8NEY1,16.002164531306654,24.279071074706682
Q8NEY8,16.833145382298877,25.88588996990947
Q8NEZ2,16.981527518648626,24.521722893037893
Q8NEZ3,16.039224268300426,23.614851354327506
Q8NEZ4,15.883384949288798,24.552316272080077
Q8NEZ5,16.65186587922792,24.740751172430638
Q8NF37,17.6687612835192,24.411497174110853
Q8NF91,16.721896110812374,24.406828005218046
Q8NFA0,15.47068026693094,24.110759595617687
Q8NFC6,17.544221010509848,25.777758329106845
Q8NFD5,17.244019374843607,25.877870416520516
Q8NFF5,17.109909192524306,24.88036940870216
Q8NFG4,13.882711342697352,22.43142669933655
Q8NFH3,17.83027462220735,27.04610496425616
Q8NFH4,17.890269027721406,26.084613338481155
Q8NFH5,16.262970442157087,27.307975314230543
Q8NFI3,13.638017254469702,23.877048083431188
Q8NFJ5,17.548834824718977,24.36663644339943
Q8NFM7,15.518596914548096,24.819689364977588
Q8NFP9,16.22816926896561,24.12546967645969
Q8NFQ8,17.476774941547884,26.74926439888049
Q8NFU3,15.312099557892477,24.967167011743875
Q8NFV4,16.887618479228536,25.95303884308313
Q8NFW8,18.08503669681943,26.15071722757963
Q8NFW9,16.884376802435646,23.747268076920122
Q8NFZ4,16.240496049984124,25.335028581370103
Q8NFZ8,16.465303230102492,24.280766877013253
Q8NG31,16.029831586320054,25.21994328852894
Q8NG68,14.656944886135188,24.369124646482994
Q8NHG8,16.005417532864744,25.08561201148534
Q8NHH9,17.6140833786592,26.306829909499907
Q8NHM5,14.60280516901572,23.30065684560479
Q8NHP6,15.315757104015955,24.354212495640272
Q8NHP8,16.174772468617626,26.407220531649042
Q8NHQ8,16.30690211453886,23.925065164335845
Q8NHQ9,15.75129499347544,24.784682017170567
Q8NHU6,16.737709028049284,25.11655143114698
Q8NHV4,17.250462400277684,25.04763111086362
Q8NI08,17.912452575202497,25.488342962030895
Q8NI22,15.4553038859279,27.147912301668715
Q8NI27,17.727405544843684,26.63870482807355
Q8NI36,17.486289823635147,28.760060316940358
Q8NI60,15.81171899350249,24.38811525976443
Q8NI77,14.692703215758279,24.645293991000912
Q8TA86,16.891685641707152,24.082993846895143
Q8TAA5,17.225654631715035,25.134090747329022
Q8TAD4,16.9557714474379,22.927689904277763
Q8TAD8,16.946611621046337,25.007005687951832
Q8TAE8,14.359697864653747,25.658895155540172
Q8TAF3,18.088651958428958,25.840757974219823
Q8TAG9,15.78745836384862,24.359782161791518
Q8TAM2,13.418207704031452,24.109697649061378
Q8TAP8,15.830564103091973,24.34325587313101
Q8TAP9,14.484131835915925,24.79688420533794
Q8TAQ2,18.61414546216893,27.668340971435548
Q8TAT6,16.902701902735185,27.495655555146747
Q8TAV0,15.524277959972876,22.520809044478654
Q8TB03,15.118972290775513,23.62511139358454
Q8TB36,19.008813573897637,28.88043666887748
Q8TB52,18.38110437796627,23.544212526732682
Q8TB61,15.710570950755407,26.872651488728273
Q8TB72,16.468140825883218,25.348018125190844
Q8TB96,18.263840916578335,24.21648729336268
Q8TBA6,15.641025412765933,24.67190618020125
Q8TBB5,14.28970912975053,23.930748645142916
Q8TBC3,15.318823455504509,23.409525731865372
Q8TBC4,16.893463891286366,27.175202754657327
Q8TBC5,14.216639900072995,23.238611012642526
Q8TBF2,15.530294358873643,25.60432006494564
Q8TBK6,14.041203960194471,24.307300397639533
Q8TBM8,16.958949149109724,24.494960477938132
Q8TBP5,14.92091695699369,23.631925163640975
Q8TBP6,16.6180612915528,24.560075410394756
Q8TBQ9,17.673187824375756,26.693090561966404
Q8TBX8,17.840562196436004,25.822971658623985
Q8TBZ3,15.197764141049538,24.756926021812102
Q8TC07,16.731739755725954,25.3802230280008
Q8TC12,16.54595334135576,27.142417499359407
Q8TCA0,16.57910179619868,25.54917554532973
Q8TCC3,17.554318291012596,25.134012288170812
Q8TCD5,17.606814956281585,26.260394223111728
Q8TCG1,18.09255938503278,25.170620726425415
Q8TCJ2,16.144820595301546,27.03458496115929
Q8TCS8,18.604776412968484,26.76005474115166
Q8TCT9,16.84623268763744,27.92801212200126
Q8TCU4,15.260981506293621,23.072447081664976
Q8TCX1,14.745738741096192,24.409003150150628
Q8TCY9,15.706838088761291,24.16744795664749
Q8TCZ2,19.67514896736337,27.814858522354548
Q8TD16,17.305893415049784,26.632243090094857
Q8TD19,17.63398166858958,25.95657220357376
Q8TD26,14.223175019028176,23.429916592069606
Q8TD30,16.557137175517642,24.890770141830178
Q8TD43,14.282914180890353,23.747651925951924
Q8TD55,14.77844867561995,25.058143828716474
Q8TDB6,15.839428207369725,23.90626499348218
Q8TDC3,15.01638247779557,23.60226118452037
Q8TDD1,16.925240709220045,25.904305353500202
Q8TDJ6,15.782396363439958,23.88598399758801
Q8TDM6,15.381671990825934,23.81858175492025
Q8TDN6,17.82696767735731,27.685883116517562
Q8TDP1,15.969948858927138,26.122841933510013
Q8TDQ7,17.037868284443334,25.043112456670006
Q8TDR2,14.478769619475763,23.942467523947695
Q8TDW0,16.717135078849253,24.73165339453251
Q8TDX7,16.838345488909038,25.22790247965108
Q8TDY2,16.318661193582983,23.997914780641278
Q8TDY4,15.340174299158257,23.919637968832117
Q8TDZ2,16.87636965593409,25.46546880812461
Q8TE77,16.250052617640744,23.226694705919225
Q8TEA1,15.732144145655887,23.42943458173203
Q8TEA8,14.534363986543113,26.366290127137937
Q8TEB1,13.748585622965754,24.061564184041536
Q8TEB9,16.09045244145356,24.43335391974989
Q8TED0,15.908196194706099,26.912727493143088
Q8TED1,16.750211663825613,24.473758104929352
Q8TEM1,18.66662531214142,27.354578287043644
Q8TEP8,14.650089498927132,24.408646689252784
Q8TEQ6,17.995069302717575,26.557550210576082
Q8TEQ8,15.548163251629882,23.927460558083947
Q8TER5,15.739258707281989,24.44102590565158
Q8TEU7,16.119581245520884,23.758909088473118
Q8TEV9,16.25539555493016,24.230222779653058
Q8TEW0,16.408270965317158,26.347537393890082
Q8TEX9,16.45405623181713,26.571248673290743
Q8TEY7,15.198986526005925,23.601258799288818
Q8TF01,18.940032223526902,25.498936579471618
Q8TF05,16.70182851406491,24.81009125561949
Q8TF42,15.09267704401984,24.039975180285758
Q8TF68,15.548820102681118,26.14706114230361
Q8TF72,15.27680777834805,30.88458137428947
Q8TF74,15.471722731954085,25.553311731317272
Q8WTS6,16.381597362148213,24.826636426588102
Q8WTT2,18.655065621093907,25.901607356994514
Q8WTV0,17.139096974735153,23.786841822563574
Q8WTW3,15.798964749062646,27.437965107759418
Q8WU20,14.491922160967327,24.063250811813106
Q8WU76,15.91590722561804,24.138760539175244
Q8WU79,16.397889649827256,29.18597657835557
Q8WU90,18.587794360561595,26.32100094239766
Q8WUA2,18.49109092475742,26.0066321556644
Q8WUA4,17.011617830521363,26.798134550799478
Q8WUA7,13.908754682238609,22.806710039559192
Q8WUB8,16.603885570448178,25.424222331543277
Q8WUD1,16.68343306437577,25.771388640853036
Q8WUD4,16.312186143681174,26.74372630925774
Q8WUF5,15.65466124601129,25.66701775256447
Q8WUF8,15.69766860559713,24.0952634046356
Q8WUH2,15.623811966833008,23.493025587294635
Q8WUH6,18.28184734000568,26.437550262587035
Q8WUI4,14.893973607984083,24.015011324870446
Q8WUM0,18.41677231111412,26.97660229833598
Q8WUM4,19.493794187958464,27.859567713865697
Q8WUM9,16.82289921630869,25.087766186753047
Q8WUN7,12.53268773385855,23.180434592254546
Q8WUP2,15.86982514939646,25.752545670270322
Q8WUQ7,16.138460205506007,24.497570897942104
Q8WUW1,16.91863543064712,26.098817315249867
Q8WUX2,15.508895625004675,24.05637484870891
Q8WUX9,16.878530142425138,25.766464415966944
Q8WUY1,18.269009838454977,25.926173808984107
Q8WUY8,16.02101349494337,26.56304877381061
Q8WUZ0,16.04150872047992,25.705022929540448
Q8WV22,14.817718845148118,24.7860248874595
Q8WV41,14.854051832473404,23.73835774096157
Q8WV92,14.736197372934715,23.2456955892796
Q8WV99,16.428420643618868,23.840590950396546
Q8WVB6,15.0863283835446,24.06136105619049
Q8WVC0,16.885080722455655,26.83111482989583
Q8WVC6,16.298409878518928,25.88104959869909
Q8WVD3,16.323595716476316,24.119534293363873
Q8WVJ2,18.26907080992627,25.849984644921822
Q8WVK2,17.794193093503385,25.871836297093743
Q8WVM0,17.26107798111395,25.37167831831113
Q8WVM7,16.684542585980576,25.14454823456394
Q8WVM8,18.20155074878278,26.534923721494973
Q8WVQ1,18.055566479083684,24.935850514399966
Q8WVS4,15.78217842578637,24.87937337900004
Q8WVT3,16.222085831160665,24.69324129329345
Q8WVV9,17.77802043082106,27.015050743926
Q8WVX9,16.792945543565448,25.924775639868567
Q8WVY7,17.536146392514894,26.718957511849354
Q8WW01,14.088361134858108,24.826255926504434
Q8WW12,16.108201705054864,27.48731204341873
Q8WW35,15.754575209700628,23.918497871436312
Q8WW59,16.205675475903583,24.803792599664476
Q8WWC4,17.367120217588845,25.065247718921416
Q8WWH5,15.826779848105696,24.845684221743504
Q8WWI1,16.847118534017465,25.46390156197643
Q8WWI5,14.866591210501316,24.893357686895502
Q8WWK9,16.166308124383136,25.863068622872234
Q8WWM7,17.660169800781702,27.031938320780295
Q8WWM9,16.967178591582133,27.566718091091087
Q8WWN8,16.67531824435523,24.52411436822806
Q8WWQ0,17.701874866950234,29.815113684795147
Q8WWV3,15.819291260023773,24.475927275241244
Q8WWX9,16.889654196712346,24.581317428402787
Q8WWY3,18.01099387911099,27.699672601696484
Q8WX77,15.019403806396726,25.222916516964748
Q8WX92,18.36541270071574,26.314948480995685
Q8WX93,16.280832258284338,26.275467884314736
Q8WXA3,15.31612187173277,24.365773149493798
Q8WXA9,16.815487537839218,26.657600093960244
Q8WXD2,16.890982247049696,25.864757295454222
Q8WXD5,13.773849798469707,25.880235566076685
Q8WXE0,14.490292672698436,24.507912687284445
Q8WXE1,15.65031075150948,26.511231933924858
Q8WXF0,16.673181243849086,25.57764780626003
Q8WXF1,18.4875765475447,28.24116406734791
Q8WXF7,16.733706959365364,25.797588004553422
Q8WXG6,16.25107404291237,24.546942351815794
Q8WXH0,19.014266980872367,29.792018895926358
Q8WXI9,17.06960780179536,27.40754405826715
Q8WXW3,16.3265924283497,24.201700603849332
Q8WXX5,17.629359110525222,27.821771433964578
Q8WY21,16.788003706339307,25.797217661438424
Q8WY22,18.8794977669365,25.164817194084357
Q8WY36,16.32180082027732,24.48270049389397
Q8WY54,15.67345465555269,25.19585280689843
Q8WYA0,15.789658364097606,24.05692935615181
Q8WYA6,18.241729660540702,27.30563110741272
Q8WYH8,13.316706399020813,25.173375620849033
Q8WYN0,12.910356900459536,23.23467127414193
Q8WYP5,17.48241119674445,28.5925741292358
Q8WYQ5,16.49275053580123,24.08456244495384
Q8WZ42,17.779886252845372,23.953084363659812
Q8WZ82,14.82962620538568,25.627508697817696
Q8WZA0,17.232093595346964,27.397390930828152
Q8WZA1,15.460328328031613,24.063538623190528
Q8WZA9,17.16833048605362,27.32604613526408
Q92466,17.095975913300173,26.45420111478599
Q92481,16.383907511480295,26.46328663500917
Q92499,18.32162405255947,28.48888445555718
Q92503,15.603130845366598,23.016885518003413
Q92504,19.732024514948513,24.84445555892793
Q92506,15.94657925880009,24.137820359173528
Q92508,14.973471815480801,23.392993205435847
Q92520,18.547808060240904,25.058792050606066
Q92522,18.79569741122249,28.823827021299728
Q92530,17.444306390443,26.453934124113925
Q92536,14.787638523943151,24.814520224605737
Q92538,16.56994785006908,26.547899175341993
Q92540,14.74752062358192,24.268787334475928
Q92541,17.17332351037607,26.08276647965979
Q92542,17.379079495205517,27.17826494190678
Q92543,14.743928716487348,24.124734805604668
Q92544,17.46752979747737,28.586821522945762
Q92547,17.140757390614766,24.988871430691194
Q92551,16.79511167771325,23.582527063699864
Q92552,16.262453553191005,25.440243597832943
Q92556,16.836763354642017,25.046849386513873
Q92558,16.11820772721569,25.933360628104225
Q92560,15.634492637268686,24.52636815542854
Q92562,15.907795753016831,23.673223336555715
Q92567,14.371335148402856,22.496906914168804
Q92572,17.345317455147832,25.47972128192732
Q92574,15.912605583291029,22.9595281601902
Q92575,17.4378084806706,25.72115188344641
Q92576,17.78878608061071,25.554914308598217
Q92581,14.474245686929335,24.41977640732638
Q92585,15.151837883432636,22.06339244786204
Q92597,14.055554864227755,24.33057767563548
Q92598,18.80483329498876,29.513558778006505
Q92599,16.360505683673573,25.689585309509578
Q92600,16.528573277345462,25.77880529762161
Q92604,15.743528011245743,25.207492509830313
Q92609,16.9432618972707,26.101695420405566
Q92610,15.017404411261875,24.255858657576702
Q92613,15.819310181310106,24.067559216361005
Q92614,16.969349231750705,24.712307230734208
Q92615,16.501219606206185,26.267609898602537
Q92616,19.477455941016387,27.86426975483261
Q92618,13.307035301441987,24.026897607137624
Q92620,16.5335299152711,26.006545914184453
Q92621,19.47058771665545,28.175260184292174
Q92625,15.66282893797682,24.507839412950695
Q92626,17.327158176326137,26.625433008192516
Q92636,15.35319186305771,23.250158014491845
Q92643,17.657937448746935,25.860274637187487
Q92665,16.022004781585213,25.73396829060944
Q92667,16.88995287408785,25.551389473917833
Q92685,15.711610471562032,23.580171027359665
Q92686,14.118455822211077,25.766770003785012
Q92688,18.000832981027965,29.80122497323044
Q92692,15.513379605776988,25.820142442781467
Q92696,16.770135684617404,25.039601910460203
Q92733,17.924386780671163,26.426460055113036
Q92734,17.915177976056764,27.861535737765813
Q92738,15.8323019539175,24.174821475103712
Q92747,18.567643513568438,27.359118603617947
Q92759,17.284424400505962,25.59308278294658
Q92766,14.72140060897289,23.121414551078345
Q92769,18.712233943397948,29.030317962856586
Q92777,15.938944360454922,25.07970117539112
Q92782,15.602287878073057,24.03224612881316
Q92783,16.903909493675084,26.098160859161023
Q92784,14.892764939927401,23.226671336744587
Q92785,16.94544802777159,27.374497148955687
Q92786,16.48724553849323,27.083596671896412
Q92791,16.71520842419441,25.553337710033794
Q92793,15.742211702045639,24.255541028751036
Q92794,14.174628210382982,24.763120610261744
Q92797,17.916559254489346,26.970649566549923
Q92804,19.14326719352872,28.43061629378467
Q92805,15.682826559306267,25.04908954939565
Q92820,18.708729388376256,28.56737301663786
Q92823,19.18502526080738,28.515578355150545
Q92828,15.851613148054202,23.361398879992766
Q92830,14.768461593658941,24.096331601357686
Q92841,17.984800971208237,29.235946362401602
Q92844,16.491792930600944,24.483495558073056
Q92845,17.093559584726723,24.833696397451895
Q92854,16.355656615777576,23.780837425467443
Q92859,16.335632621323224,24.35796960194441
Q92871,15.21383271366225,23.899777405504608
Q92878,18.43031655752717,29.21301027860673
Q92879,17.263773206973806,28.047338462885357
Q92888,17.933976916725424,26.678723660796365
Q92889,17.532073550498588,23.818555750952257
Q92890,17.574345666017777,27.094132450538133
Q92896,18.891373783947998,27.155573469880157
Q92900,17.97172680921684,27.800237234592846
Q92905,17.42896531287803,26.988268788128256
Q92917,18.116589754223206,25.744169499593678
Q92922,18.351571206010078,27.62762245405128
Q92925,18.658505667279453,26.64101946342504
Q92930,15.522819141180925,23.111480047246165
Q92934,16.287400423134148,24.527003363603665
Q92945,19.069183657176847,29.902933405302857
Q92947,16.7991740512516,25.401978458216863
Q92966,13.657009852546476,23.395799453099105
Q92968,14.492040935017641,23.616960568889834
Q92973,17.720225551021038,28.047094863550885
Q92974,18.253706320656146,28.9093477993068
Q92979,17.533811827785005,27.054038517411236
Q92989,16.98283697426512,25.10486317460361
Q92990,15.52724352258699,25.192950982938026
Q92993,15.688328589609625,24.241360376180634
Q92995,15.67580256437111,24.641830105432113
Q92997,15.599111832705487,24.928467095455797
Q93008,16.400953796651777,27.10406036189498
Q93009,18.95371566716164,27.340044951510325
Q93034,16.978196151158564,26.95413306746637
Q93045,17.99794345688573,28.660085365418837
Q93050,17.425569975902288,26.766966451406855
Q93052,15.551116128144454,24.732237153691973
Q93062,15.584831537249961,24.826156016475835
Q93063,16.257349934370723,23.994762489844167
Q93074,17.23477409224657,24.561598542520155
Q93100,15.726701035014036,24.706158390027937
Q969E2,15.420995646285519,27.800987279885163
Q969E4,15.13769269643203,25.04782023671813
Q969F1,15.234784942675953,24.154119755666187
Q969F9,13.627435277183087,23.728634687178822
Q969G3,18.411935452085057,28.304730701184283
Q969H8,17.857812769682226,28.594922206692193
Q969J3,15.318737090662099,24.730996005241128
Q969M1,16.451020403711766,23.60674440247776
Q969M3,19.977313467916506,25.534723710281938
Q969N2,17.547518652884186,26.02747550392159
Q969P0,16.84518373976021,25.034659570217
Q969Q5,16.463565322061275,29.53926353241309
Q969R5,15.638255216962397,24.10452413272052
Q969S2,14.313259316893559,24.139829672356083
Q969S3,15.626263586180086,25.814864620494987
Q969S9,15.899090720500633,24.251870865104724
Q969T9,18.22131365741467,27.358141409968514
Q969U7,15.974607730940479,25.392182418270956
Q969V3,17.151195952622043,26.43374693546843
Q969V5,15.673417801829912,24.664489005685404
Q969X5,16.94886244176401,27.199222661414016
Q969X6,17.309084611514393,26.658755390282426
Q969Y2,15.785783728897506,28.994272612191143
Q969Z0,18.79770257808239,26.86979516134438
Q969Z3,16.569444848435893,23.546549967861576
Q96A19,15.38948457983135,22.70380474561165
Q96A26,17.411819212646076,27.288866798573245
Q96A33,18.4998972597618,27.98245077601631
Q96A35,16.42588610896902,26.344540539286083
Q96A49,19.35563040800033,27.514072645521615
Q96A57,16.847441155429912,24.657515319757113
Q96A65,17.67354188608145,26.043052691375813
Q96A73,15.203054932157444,24.880598750924193
Q96AA3,16.001996075459175,25.27216095945778
Q96AB6,16.2762560161068,23.23819712424312
Q96AC1,17.868275774869236,28.538273706792097
Q96AE4,19.545249167315728,29.899576834093892
Q96AE7,14.789037378492445,23.174235777874586
Q96AG3,17.709185410060158,24.142584618819896
Q96AG4,19.33233581818869,29.863537142848287
Q96AJ9,15.982918618003842,24.76950883502306
Q96AP0,13.507564652876471,23.85721068678814
Q96AQ6,16.296415701952945,25.77559069886973
Q96AT1,15.269667539680503,25.175235403693865
Q96AT9,16.077826194027544,25.530518917038176
Q96AX1,17.23621853928695,25.292774441701603
Q96AX9,14.98362648600931,23.31055037904577
Q96AY2,13.664402468155654,25.09878280653815
Q96AY3,17.85408035054601,27.70501574454737
Q96AY4,16.32795048231579,24.654570459114627
Q96B01,14.823762129072911,24.44845745501346
Q96B23,13.770376206093808,25.42953425297028
Q96B26,16.881863177711338,26.103234193856917
Q96B36,17.008982220097998,25.523217351401605
Q96B45,16.196813477339106,24.91398568074868
Q96B49,16.322661378276514,27.216022422448408
Q96B54,14.890857676768471,25.676932602384163
Q96B97,15.68638977296197,24.10383399362043
Q96BD0,15.078293226802298,24.48725106034996
Q96BD5,16.461278765917285,25.303509927730765
Q96BH1,16.334180448172354,23.916849573072273
Q96BJ3,16.363811024841258,26.169373895630486
Q96BK5,16.20770659605735,24.30828705029508
Q96BM9,12.826322416174435,26.426987300828483
Q96BN2,16.546590049016107,24.446569185433987
Q96BN8,15.381471639299022,25.12216042471137
Q96BP2,16.44024796362079,24.98047785271274
Q96BP3,17.517513691558126,25.418043470710558
Q96BR5,17.60992537857403,25.702623276431456
Q96BT3,16.78092545639652,23.5443092341178
Q96BW1,16.86384386064503,23.653234441262452
Q96BW9,12.555231323645659,23.93122778254283
Q96BY6,15.74639150208666,24.36165883778075
Q96BY7,15.478945638342271,25.01699199330264
Q96BY9,16.72822202566352,26.098577905354023
Q96BZ8,15.988675737940897,24.567699167109705
Q96BZ9,16.619580465615353,24.118712443886114
Q96C01,17.635453499015192,26.6130856432733
Q96C19,17.991775367177922,26.720569869754993
Q96C23,16.358833746670133,25.687039025128602
Q96C34,14.635390695987109,26.446985848219022
Q96C36,18.036643699967442,27.34209653180149
Q96C57,17.126166695582373,25.106281149862934
Q96C86,16.86603444517052,26.24001811386271
Q96C90,14.900032791841367,26.441305064327963
Q96CB8,16.192198918068133,25.41922773116561
Q96CB9,15.651353062289708,24.7835574653943
Q96CG3,16.890595402963324,23.699554450324754
Q96CM8,17.571961954964745,25.550050815786566
Q96CN7,19.32477548054266,30.953620758983547
Q96CN9,16.800505611834804,23.973610140499215
Q96CP2,15.833970082104045,24.532701148036594
Q96CP6,15.801129346201709,24.969676832470103
Q96CS2,17.026563065371327,24.914745565615263
Q96CS3,16.421584105412972,27.1364940774595
Q96CT7,18.503263563528428,26.980265599205143
Q96CU9,15.882639945042504,24.88118525274393
Q96CV9,17.309131697282115,25.194414648584235
Q96CW1,18.167681358125844,27.618052295315373
Q96CW5,16.663508673795086,25.446292858047638
Q96CW6,16.351226078752212,25.144130943691817
Q96CX2,16.31822809199421,24.822314260290455
Q96CX6,16.540020547014876,23.82669699992422
Q96D05,14.849222390362225,25.476912294136532
Q96D09,15.112198657391131,23.758796780802147
Q96D15,16.131479870097234,25.740073093043282
Q96D46,16.404346230110296,26.131543311912257
Q96D71,18.292472474894687,25.82678758851754
Q96DA2,16.46749400265576,24.24304414718976
Q96DA6,17.54426024752686,24.862319040870652
Q96DB5,16.204319593126346,26.451603758011895
Q96DE0,15.423119029590854,25.110520825348548
Q96DF8,14.597194384408763,24.6513100378963
Q96DG6,16.664873618823297,25.5146754429877
Q96DH6,15.737554386625032,27.36422655710409
Q96DI7,18.696489558861554,28.249915847647934
Q96DR4,13.10222296255894,23.306675023597105
Q96DT6,15.082621294733,22.978348419009453
Q96DT7,15.870825121692976,23.85836631132161
Q96DU7,14.064771108737137,23.886590330470405
Q96DV4,16.79878186418385,26.21877027834093
Q96DX4,14.727856388889403,24.467705168322844
Q96DZ1,15.78401156557527,24.9792018055961
Q96E11,15.033152743360837,25.781166271147885
Q96E17,16.03732258782884,26.14790859245943
Q96E29,16.545401428036087,23.24394636588429
Q96E39,17.38566039762569,26.85020287684869
Q96EA4,16.0721012982498,24.376521439380628
Q96EB6,16.200557209048384,24.481372085540958
Q96EC8,14.735482864866741,26.17639800700062
Q96EE3,17.026777009967347,26.952272265621446
Q96EI5,14.436155743344946,25.263211845187545
Q96EK5,18.222282505494157,25.671715969600534
Q96EK6,15.483842537900856,25.981746146380612
Q96EK7,14.571574704881826,26.97638116620174
Q96EK9,16.449819834536633,24.80873011125588
Q96EL2,18.885141649781556,25.632624658211498
Q96EL3,17.070470392229744,26.928322248407444
Q96EM0,15.866244183189911,23.868793453913344
Q96EN8,14.910454730685258,24.440625950279575
Q96EP0,15.031416764735654,23.67176148460251
Q96EP1,15.341205255494359,25.35748807599197
Q96EP5,17.239364854239273,27.210182322801295
Q96EQ0,16.84895412717988,24.690775555381876
Q96ER3,17.09947452286798,25.019205414562006
Q96ER9,16.18064676683473,25.71896553545819
Q96ES7,15.719756186492342,24.97185899183107
Q96EU6,16.725003492475714,24.448840545541746
Q96EU7,17.117336826234546,24.010963833946484
Q96EV2,15.873941611362005,25.344064609223267
Q96EX2,15.750315051775628,23.525788772848358
Q96EX3,15.076687504869076,23.446621052052397
Q96EY1,15.844768073593416,25.842364963238918
Q96EY4,18.12747281033261,25.437690965730052
Q96EY5,17.644163058571404,25.100696702546525
Q96EY7,17.212503351414245,25.923684400025483
Q96EY8,15.632204965921323,24.927329435068263
Q96EZ8,16.102031529448926,24.30816395094341
Q96F07,15.453091400776072,25.135081192485046
Q96F24,14.945795718627094,25.712218722118788
Q96F44,16.59547715436746,23.621122807106673
Q96F63,15.391781612731535,24.938479077413263
Q96F85,17.14971462556028,26.55449586095475
Q96F86,17.869514323183925,25.63608353138269
Q96FC7,16.93884522303262,26.828006748826574
Q96FF9,16.141355258297743,25.446089204555733
Q96FK6,14.72336417387129,24.928548268809603
Q96FL9,14.901935511704462,27.507203590534786
Q96FN4,15.391781444945188,25.96948842891483
Q96FQ6,15.616828032622571,25.669759509964884
Q96FS4,15.309312918727436,24.16707336247108
Q96FV2,15.372891523332365,25.231343881251444
Q96FV9,17.695426325793903,26.699552151400866
Q96FW1,17.801255446097407,28.156941202466083
Q96FX7,15.231514710883404,25.025169772810962
Q96FZ2,15.505215165501738,23.491986518122374
Q96FZ7,17.79477660923873,26.339446332151777
Q96G01,15.372564864084104,24.178624330394985
Q96G03,17.621693117882398,26.752211898407186
Q96G21,16.914452095073262,26.535807579738197
Q96G23,19.054484863854686,27.104669855053128
Q96G25,17.08052314577018,25.08543392188955
Q96G28,12.001278897905605,23.97208130033923
Q96G46,16.466565123021567,24.836266093232027
Q96G61,14.574098945049835,25.209090724849275
Q96G74,15.333523782300599,23.73698805492557
Q96G97,14.590692885771217,25.052114437605045
Q96GA3,16.82340621962158,25.950854996852865
Q96GC5,16.415641981072536,25.474576388297656
Q96GC9,17.23411054878951,26.544121361310076
Q96GD0,15.675339794584973,25.995910686083814
Q96GD4,16.282938607266782,26.11738268387263
Q96GE9,15.992304628773068,23.5467118634574
Q96GG9,16.42737521420227,26.30629311115268
Q96GK7,18.04943663637804,23.937625345825676
Q96GM5,17.410102798333423,27.147193791828343
Q96GM8,17.201588556738578,24.997884740300425
Q96GN5,16.88420709490795,24.85551191691197
Q96GP6,15.968714861231817,25.002085458450008
Q96GQ5,17.411671521273416,25.078277182878846
Q96GQ7,18.260146412648854,27.135987131946095
Q96GS4,15.02357894293292,24.369626342721528
Q96GX2,17.09371053048624,26.491195452965087
Q96GX5,15.843990548322084,23.476064589029264
Q96GX9,16.770091732034857,24.394125546735054
Q96GY0,17.436773073520715,25.099834359296135
Q96H20,17.95431465918469,25.614236460844655
Q96H22,14.733559655530117,24.30935110058169
Q96H55,15.57117144753062,24.125809782319703
Q96H79,14.222834893337476,26.282457866194346
Q96HA1,15.959231990546357,24.900175050270818
Q96HA4,14.830626778473379,25.678720585305676
Q96HA7,14.290826919672769,23.931536814655733
Q96HA8,15.63669286385552,24.159449857589014
Q96HC4,17.605212547322086,26.846485444155082
Q96HD1,18.022825175569313,24.94827017161669
Q96HE7,17.21971652500117,28.46149516779716
Q96HE9,17.017959593645763,23.56530659584855
Q96HI0,15.18137313063024,23.86459924540604
Q96HJ9,18.221992815904642,25.194395986169816
Q96HN2,14.769696507402822,24.21808981145758
Q96HP0,16.57637377255035,24.648429871346703
Q96HP4,15.78616597617124,23.952853821839177
Q96HQ2,17.148695366391674,25.882391104845052
Q96HR3,15.966022309707308,24.600564011830215
Q96HR8,15.14809189166051,24.24888501227447
Q96HS1,17.499844070843917,28.31255770051173
Q96HU1,15.511926495456713,23.01056156900393
Q96HW7,16.50411936101414,26.098112992042985
Q96HY6,14.588345034257193,25.87502644511022
Q96HY7,16.09261820712371,24.10329353198329
Q96I15,17.11510193527871,25.22315951796032
Q96I24,18.07459542245847,28.32305921550439
Q96I25,18.576091368703306,27.090048339293663
Q96I51,16.216165771615444,24.247272165029685
Q96I59,16.37971200361698,24.713573469167937
Q96I99,17.758037304093175,26.645914398898004
Q96II8,17.603689966612354,24.900940477039086
Q96IJ6,17.015874533336206,26.096465395423614
Q96IK1,15.02272049613769,25.4055157137755
Q96IU4,16.717354229462458,25.379175237645846
Q96IV0,16.765356035203805,24.779780912271015
Q96IW2,16.197808734028047,24.873676451045817
Q96IX5,18.222415535619557,28.29575620682728
Q96IY1,17.738126243958675,24.736555408832515
Q96IZ0,17.588236878439385,24.710767134102216
Q96IZ5,14.417584884898156,22.827854467141783
Q96IZ7,17.061971452307823,25.49260017894583
Q96J01,16.56674156232995,26.45283362623761
Q96J02,16.19169908341756,25.178586556562493
Q96J42,16.04016148433042,24.44186726594564
Q96JB2,17.079672275330896,24.573749741481482
Q96JB5,18.625127041837008,25.98621089199749
Q96JC1,16.481600821480757,24.113201839846962
Q96JG6,16.473359544551254,25.30845674465834
Q96JH7,16.32291245002116,25.210252222292276
Q96JJ3,16.025207706203247,24.966403516768807
Q96JJ7,19.003209338784057,26.807202041855156
Q96JK9,13.424709559648635,22.727462245983755
Q96JM2,17.60025582299829,26.191069891834207
Q96JM3,18.44401703138543,27.49257667644076
Q96JM7,14.623851014511162,23.835975689323053
Q96JN0,13.776541155123672,22.832234375964212
Q96JN8,13.656902217266529,23.799269959854325
Q96JP5,15.306164899873629,24.387312327207905
Q96JQ0,16.344700915438516,25.502498489185342
Q96JQ2,15.400929065863053,23.586935397307197
Q96JY6,16.96355352191712,24.89072948376343
Q96K17,17.281670935399433,27.757056366441034
Q96K19,13.557101466594865,24.022900363515546
Q96K21,14.547178117020875,24.164747298769182
Q96K37,15.4161528364425,25.40233700406734
Q96K76,17.062716024777863,25.483756590959196
Q96K80,17.92801889942685,25.20907919441946
Q96KA5,15.174632111200978,24.81763648588466
Q96KB5,16.90523185806714,27.197203314145515
Q96KC2,15.330384088218285,26.226404897719934
Q96KC8,17.09907585473046,24.826738404247173
Q96KG9,16.76468156809963,25.03332708716949
Q96KP1,17.117716988651487,25.213398881168718
Q96KP4,17.394649137855854,27.68118664092882
Q96KQ4,14.65989706413754,24.267569532705284
Q96KQ7,17.246348764033446,25.75431879421016
Q96KR1,18.32649217588322,28.442687883264785
Q96L14,14.855881691961727,23.353723646221045
Q96L58,15.396880120938071,24.841443784760575
Q96L73,15.57786313102213,24.040808843403354
Q96L91,16.51524538306188,25.411220620426384
Q96L92,17.348874221092338,25.85704565196679
Q96L93,15.172118579644918,25.645055057243596
Q96LA8,16.384484309668103,28.439212554965252
Q96LB3,16.311488877100782,25.520749818177173
Q96LD4,14.513911580467125,25.42363231581028
Q96LI5,16.64833148161504,22.66665873991745
Q96LJ7,13.835111864026373,24.477364681722026
Q96LT7,15.327504810743555,23.655324900791918
Q96LT9,17.516997786540497,24.472661218709263
Q96LW7,16.726499752975347,25.02764530794219
Q96LZ7,15.485926348645453,28.057100348865507
Q96M27,16.670223320337247,25.69711395021986
Q96M96,16.045571336100558,23.52952289586726
Q96ME1,13.897557783071507,25.050525459710915
Q96ME7,17.47363335518535,25.434910975193993
Q96MG7,17.581694525650384,25.85255698767288
Q96MH6,15.852726429559276,25.66336496177041
Q96MM7,16.278392224567586,23.529883865493414
Q96MU7,15.958487693005207,26.400415080316286
Q96MV1,14.059908572282971,22.93465956606101
Q96MW1,17.382597150275807,25.618042791594895
Q96MW5,15.207990814398112,23.41898301365974
Q96MX3,14.839719670639548,24.075872038885727
Q96MX6,16.46634687762586,25.4295860226825
Q96MY1,17.582058163159328,24.430155452036953
Q96MZ0,18.047637126113067,24.385044072064336
Q96N06,18.0974380707008,23.07984379569432
Q96N46,16.139353562468134,23.805611143863988
Q96N64,14.509816439160476,23.64233544715756
Q96N66,15.422799881014745,27.266962461519867
Q96N67,18.29187463117562,27.12805562972125
Q96NB2,14.362305955082928,24.0908785380848
Q96NB3,16.920721143534124,24.82326387363119
Q96NC0,17.96729728762893,26.293473157351308
Q96NE9,16.639060235871646,24.756830183573328
Q96NL6,16.000404556536115,21.301471076029955
Q96NT0,16.320138703620362,23.98404628448525
Q96NT1,16.720669805344894,27.14766932346227
Q96NY9,16.914398369257764,24.597315830475623
Q96P11,14.665903984951076,25.607111881011758
Q96P16,16.703230847273986,26.44433606487881
Q96P47,15.974369362961395,25.340892098911834
Q96P48,15.944319569843092,24.761014669388217
Q96P70,18.40761928482204,27.49476027220477
Q96PC5,15.756852075962863,24.273985424453944
Q96PD2,16.023196250545688,23.067923217706895
Q96PE2,15.816614371897453,23.945826102115966
Q96PE3,16.485239855172203,23.903035882587076
Q96PK6,19.388707717555178,29.503846063074953
Q96PM9,14.783173213098504,24.99748746865168
Q96PU4,14.728372289308561,24.112412302505103
Q96PU5,15.603189054503979,25.78747800120375
Q96PU8,14.80916017995195,26.928561336690343
Q96PV6,16.18288080849034,24.529088679467165
Q96PY5,16.744271904956147,25.172836657657157
Q96PY6,16.172724132838486,24.9919441979656
Q96PZ0,17.538242368142686,25.747680835984553
Q96Q05,15.075058329921541,24.602552816373404
Q96Q11,17.836060220280363,26.302841669869
Q96Q15,16.71612682504342,23.367192496610265
Q96Q42,15.527286393514254,23.370010607021722
Q96Q45,16.090677171648576,24.68552216747749
Q96Q89,16.17967390093068,24.106805534191935
Q96QC0,17.91689139633832,26.502563370793833
Q96QD8,15.788923817826571,24.73262740278466
Q96QD9,15.249527992627813,23.956795942260698
Q96QE5,15.536712808426328,23.848478052879923
Q96QG7,16.70253436015961,25.46165849198905
Q96QK1,17.4800047994369,27.96275862774051
Q96QR8,15.910874768681287,26.011053587822254
Q96QT4,15.472253308967419,23.656522298921388
Q96QT6,16.99052134995643,23.48290997644885
Q96QU8,16.59059954889076,24.639697908731844
Q96QZ7,15.880312293860573,24.715903512514735
Q96R06,15.463276261009948,24.756622540488525
Q96RD7,17.00495083307893,24.31898270792048
Q96RE7,16.781746463796026,25.795208268702822
Q96RF0,15.757280528606778,24.350825703299293
Q96RG2,14.601317554083304,23.324170518466012
Q96RK0,13.989424659165124,23.877550224873065
Q96RL1,14.92337623684165,24.422815670602052
Q96RL7,16.925739478061452,24.87218760663829
Q96RN5,17.660721455363234,24.766028545435834
Q96RP9,18.170748652355574,27.34005910447899
Q96RQ1,14.600855661846346,25.463618380894726
Q96RQ3,16.85671892719027,25.040047625796227
Q96RR4,15.547184846169383,28.167501417727127
Q96RS0,15.037048124443523,24.2681263645404
Q96RS6,16.280894106199952,26.82546001503172
Q96RT1,16.084735252094628,24.965715937596322
Q96RT7,14.292235584329562,25.997166190757195
Q96RU2,16.31375655193474,24.49621565817185
Q96RU3,17.11566652350138,24.71590403605023
Q96RY7,16.10033094424743,23.66061182022017
Q96S19,14.957114287727018,23.772930475834233
Q96S38,14.562116389635332,22.721182442209678
Q96S44,16.187058312770468,24.754918025576234
Q96S52,16.909536083807104,26.25761042727486
Q96S55,17.261043078242384,25.77486508578427
Q96S59,15.527456999035412,25.347687154985795
Q96S66,17.326631953965098,25.313019381192387
Q96S82,16.817156469065957,24.573754941207824
Q96S90,15.293585163205138,24.12919857590606
Q96S94,16.10147804514698,23.221218334111487
Q96S97,14.389511244104622,25.751639883096843
Q96S99,14.722781209570206,23.810867638224803
Q96SB3,17.044754833407406,26.79169842050784
Q96SB4,17.280015393606273,26.094378146833545
Q96SB8,17.586688326736624,24.956583672326662
Q96SI1,16.033001207406393,25.499939442611776
Q96SI9,16.577214553892638,25.930553614561315
Q96SK2,15.927878480036204,24.839568859818723
Q96SL4,17.93509405210681,27.573785655320158
Q96SM3,15.444276621229466,23.884465496888122
Q96SN8,17.201679961753523,24.234653563782626
Q96ST2,17.820240262020448,26.360914842619415
Q96ST3,17.67611295455543,27.95107553739864
Q96SU4,16.034160773000732,25.15431174189489
Q96SW2,13.781988706186869,23.325440654195663
Q96SY0,15.837714567823546,25.46766316409227
Q96SZ5,17.57645752827656,26.868105469027405
Q96SZ6,14.741943294179382,28.418467132412896
Q96T21,14.491377128834593,22.629326712160342
Q96T23,18.456821359642614,26.75840964617278
Q96T37,17.488360715966223,26.231786535906025
Q96T51,18.02918979286773,25.082404993140916
Q96T58,17.712166814599662,26.317830717218868
Q96T60,15.716950404107301,26.024204603331135
Q96T76,15.666242591254147,25.13076350922052
Q96T88,17.386899574115652,26.741211580809455
Q96TA1,17.266068198073672,26.337405099312342
Q96TA2,18.30445382267399,25.915834218736972
Q96TC7,16.24958632114986,25.190702279751815
Q99081,16.064295361137145,25.86051800986231
Q99207,18.218681712201608,24.259787936965612
Q99216,15.951771603094764,23.442826716879395
Q99258,16.328947183214833,23.671099265798148
Q99260,14.901561610438712,23.506303101149264
Q99321,16.25162688986588,29.263720172784137
Q99383,15.197738357105964,24.42442101093766
Q99417,17.475742929015194,26.245702364387988
Q99426,17.782780916638934,28.236339389364858
Q99436,16.226710841696956,28.242279955252013
Q99439,18.404612169519545,26.97114250318962
Q99442,17.08501213803841,26.80541339394771
Q99447,16.607985475662996,24.61744973458769
Q99453,19.13898735635168,25.750248546391088
Q99459,19.352692565515135,27.791549508614224
Q99460,19.439021944834927,28.728741444567543
Q99470,16.548978199981114,26.521976137560657
Q99471,17.383310820510097,27.590418893577453
Q99496,15.35329859186444,26.419329958719175
Q99497,20.139962217768492,29.871813983996876
Q99501,13.852894238802298,24.68939089236556
Q99504,15.33423824653874,24.164890742238445
Q99519,17.411945379574572,25.8541624304176
Q99523,15.684530943448728,25.396036916431235
Q99536,18.406717386118547,29.006107189625524
Q99541,17.172232482120613,23.91678732478719
Q99543,17.557818916731517,25.250458795098243
Q99547,18.768846498069763,26.032261692502768
Q99549,16.928966680386754,24.751427345584602
Q99567,17.824116375771418,27.396206896936793
Q99569,13.361362175141197,25.181373439521625
Q99570,16.97161820591951,26.992504040546
Q99574,14.993504395597236,23.07119244346364
Q99575,16.547360521078694,25.457564148584066
Q99583,15.962516752630368,23.577189653278953
Q99584,16.741414316958398,26.639805398284334
Q99590,17.22497421302859,25.759741645768038
Q99594,14.656472348973391,25.168219645850908
Q99598,17.599498106522937,26.719946608770098
Q99611,16.848796926340064,23.798307547451014
Q99613,18.29700326075872,26.39883143456363
Q99614,16.835912234862302,26.153381561412637
Q99615,18.804329574763788,27.116423099595114
Q99618,15.908859455432756,23.756733541649478
Q99622,15.96401586226378,26.456052316825275
Q99623,19.596750135942,30.54331361281857
Q99627,15.716422631690982,27.330147258810126
Q99633,15.568141686910486,24.452927437837317
Q99640,15.17199685230786,23.802560145500667
Q99653,15.917255168140407,26.62607709959241
Q99661,16.893425574292998,26.991139960263727
Q99674,16.112213321299436,24.624905032639507
Q99689,15.413140976940316,27.787656035051658
Q99700,17.23438772636118,26.176859890385195
Q99704,17.34543426874277,24.445352119444323
Q99707,16.336577339950715,24.63452808305596
Q99708,15.536241346125657,22.903476349170592
Q99714,16.249948399012837,29.490310060338444
Q99717,16.749080063095036,24.776460894541746
Q99719,18.268949777894687,25.43309723523227
Q99720,18.169852027995006,25.873071097366687
Q99728,15.823909998059378,23.80228452389507
Q99729,17.90064868007157,29.89719285167671
Q99733,18.049046947695906,28.680304064313606
Q99735,14.376414840055274,26.29382138873195
Q99747,18.198866325545907,26.294199954431505
Q99755,15.963665047949966,25.473411583339352
Q99757,17.57283916533704,26.634498891471658
Q99758,14.188858351178979,25.07750095962609
Q99766,17.19168901235614,23.518145503947434
Q99767,16.380900904577462,24.514320912421837
Q99797,16.58190026725041,24.968238976991636
Q99798,17.673674378060767,27.6374801455851
Q99805,18.120063771400385,26.81032730931461
Q99808,15.729684376924308,23.624171629790716
Q99816,17.28623917700172,26.707833021969872
Q99829,17.608740914135893,27.9298609391705
Q99832,19.62921219652905,30.314327314271434
Q99836,15.443046756177313,24.48931138578557
Q99848,18.564018335795133,27.75408523486151
Q99856,17.540696651786778,24.09281060196477
Q99871,15.494750602862025,23.43019997727203
Q99873,17.062918001535948,28.825340811237574
Q99933,16.02680247230401,24.66042407716247
Q99943,15.113983571577904,26.80130614748838
Q99959,14.448102966184628,23.836697135780494
Q99961,17.73482140041978,26.361718014467556
Q99985,15.121751165161836,24.019058651794275
Q99986,17.619229031260176,26.612877892242892
Q99996,18.122398485150477,26.34448709338749
Q9BPU6,18.200131675819602,28.419155678010654
Q9BPW8,16.320446393953592,28.218481440472065
Q9BPX3,18.02468257229877,26.93906334133685
Q9BPX5,18.0940814667467,26.85995501300801
Q9BPX6,17.742092069729093,28.07823975613783
Q9BPY3,16.117329452643332,24.168967415540607
Q9BPZ3,18.74844107540458,25.589128006566828
Q9BQ04,17.29169502741971,24.975517614193407
Q9BQ39,17.6238103001403,27.19350113135449
Q9BQ48,16.000162122375055,25.101786528337982
Q9BQ52,16.479534037292982,26.303895636721183
Q9BQ61,16.051989488417775,26.916052702248365
Q9BQ67,15.959640783088357,25.48495685512656
Q9BQ69,15.515539848181596,26.748357700340055
Q9BQ70,16.626568753711062,24.249630548182715
Q9BQ75,18.119281259003184,25.74466225836667
Q9BQ95,16.55140559090812,24.355185126508633
Q9BQA1,16.321159051370135,26.79923359477639
Q9BQA9,17.563747924482904,26.043029112858463
Q9BQB6,14.909321216302498,24.70025052482039
Q9BQC3,14.304968950808398,24.069408300206135
Q9BQC6,18.234467409151303,25.59038902652055
Q9BQD3,13.950126633239465,24.01250425720982
Q9BQE3,15.238343966407433,23.163851106266794
Q9BQE5,15.461972411758472,25.021067609983135
Q9BQF6,15.662708193336353,24.637377188542395
Q9BQG0,19.608638926567693,27.81751483158958
Q9BQG2,16.810259910792436,24.30051504464171
Q9BQP7,15.670314204659965,25.5639221320602
Q9BQS8,16.135241670269675,24.637571952866477
Q9BR61,17.03168200027375,25.027617890933875
Q9BR76,18.805287605632596,27.834538936262277
Q9BRA0,15.359563584505956,23.01579989124787
Q9BRA2,19.304271246966454,29.057827177068358
Q9BRC7,18.23575388742158,23.31808308461388
Q9BRD0,16.260019773352905,25.95228842384684
Q9BRG1,16.35035842410277,25.63166951954519
Q9BRJ2,16.55322948977334,26.48013832376283
Q9BRJ6,18.8327435571677,27.037677707651707
Q9BRJ7,16.377789672911998,25.524837602889757
Q9BRK0,14.164259841349809,24.597844050119235
Q9BRK4,15.414155798184925,24.08837406147154
Q9BRK5,18.21029495876282,27.156330161891585
Q9BRL6,14.499031775165639,24.352533338676505
Q9BRP1,15.777155038921427,24.25493582793782
Q9BRP4,15.586144938684699,25.93683674567197
Q9BRP8,15.498185564998364,26.28176801176706
Q9BRQ6,15.037462874374912,25.87109656264824
Q9BRR6,16.422685061116205,25.061555902917586
Q9BRR8,16.640245830750242,23.44775218905835
Q9BRS2,16.69815963793489,26.03628076326576
Q9BRS8,17.45273780007346,24.700807714076603
Q9BRT2,16.053234820519894,26.002935700138707
Q9BRT3,17.616369602716457,26.70363237462076
Q9BRT6,16.81620326863845,26.364701028400475
Q9BRT9,17.311513297470473,25.109081964986355
Q9BRU9,16.378083702239845,24.168233458933575
Q9BRV8,16.995366371123932,23.76262066000266
Q9BRX2,14.646630333130446,25.74907656863318
Q9BRX5,17.469423480330363,25.286353612983685
Q9BRX8,15.864945088441775,27.505420226363025
Q9BRY0,16.364005690587394,22.788530164205387
Q9BS26,18.35830607476263,28.098305774709747
Q9BS40,15.772355215308558,24.395454903292514
Q9BSB4,15.388665589808644,24.430774969646215
Q9BSC4,16.98488828774269,26.072024020582525
Q9BSD7,18.033281299779343,26.928189471408835
Q9BSF4,15.789707943110985,25.173490855303424
Q9BSH4,15.450567766870293,26.39063571387986
Q9BSI4,16.53827796583913,23.282877245576664
Q9BSJ2,17.355256881094824,29.847123924186878
Q9BSJ5,16.218673593397583,25.383527413437577
Q9BSJ6,16.211643972633077,24.74367428714442
Q9BSJ8,18.438328850293107,27.943964797018626
Q9BSK2,15.522702077724551,22.412154513149822
Q9BSL1,13.83032802476114,24.95688966899837
Q9BSM1,15.880663207430365,24.203075745822638
Q9BSQ5,16.9379499217933,24.468769841236387
Q9BSR8,15.86195762507229,26.09111694839853
Q9BST9,15.906081318252351,22.586046615885536
Q9BSU1,15.265425931851128,23.799950971712835
Q9BSV6,15.007987342028803,24.20224670706278
Q9BSY9,18.039478505089786,25.274900026259964
Q9BT09,17.42483372976504,27.28731667309871
Q9BT17,15.651140286801393,24.92858591723777
Q9BT22,16.53452724741731,24.91137356290117
Q9BT23,17.679160030185578,26.2500743407173
Q9BT25,15.98994916787553,23.501172185163448
Q9BT40,15.790441326697172,25.11495375279954
Q9BT67,14.373231679633863,23.67891095790824
Q9BT73,15.043243215862459,25.19355254378473
Q9BT78,16.757117811477848,27.405402290395717
Q9BT88,13.816515044482237,25.463104148228688
Q9BTA9,16.70229671125182,27.43880135537317
Q9BTC0,18.364301616021116,26.50807988900681
Q9BTC8,15.940405598142373,25.51695853536003
Q9BTD8,16.51784802765204,25.77527788840225
Q9BTE3,17.598801527858047,25.325215097964108
Q9BTE6,16.47872838909885,25.24803237680813
Q9BTE7,17.586880337784915,25.389549036174095
Q9BTK6,15.848988900547978,22.724725388468904
Q9BTL3,15.854972001837425,26.311066523492705
Q9BTM9,15.195805489164208,25.750412638486246
Q9BTT0,16.063343886616323,28.53532629989315
Q9BTT4,15.539373965159713,24.69813516307673
Q9BTU6,16.834936590006144,25.134740654755635
Q9BTV4,16.940989893103957,27.247471376542325
Q9BTV5,17.04157217439741,26.058115863293526
Q9BTW9,18.219064899309945,27.200721352366177
Q9BTX1,16.981149155478974,26.6919396467497
Q9BTX7,15.65313458437587,24.07059153255929
Q9BTY2,18.452385104801962,25.184220795141666
Q9BTY7,16.284184648029086,25.32242495892
Q9BTZ2,17.672868196989295,25.86787555734742
Q9BU02,15.72930147230013,24.18393888605969
Q9BU23,16.43777054579224,24.18577036789527
Q9BU61,16.59639268881779,25.439771682764114
Q9BU64,15.985599007160863,23.367891809781266
Q9BU76,16.202049000455425,25.50021649597929
Q9BU89,16.352813193567968,24.93729420467419
Q9BUA3,16.098791548020188,24.258451449864708
Q9BUB4,15.905386848312457,23.860325549126326
Q9BUB7,14.902254193885998,25.07106075295984
Q9BUE0,17.589434632391956,24.336939551664695
Q9BUE6,16.076377420433285,24.08619114704489
Q9BUF5,15.149354828168626,27.668986519475634
Q9BUH6,16.65080928705794,25.154206652980466
Q9BUI4,15.86154510866553,23.792514338712937
Q9BUJ2,18.705330106945468,28.072105602185704
Q9BUK6,16.294041914366385,25.82533939681561
Q9BUL5,17.02955360912877,25.3348922325109
Q9BUL8,17.73123482715687,27.447820160532586
Q9BUL9,13.93844985916413,24.975158971149156
Q9BUN8,16.53636700520519,26.857158228823213
Q9BUP0,12.816518867381005,23.714789574727156
Q9BUQ8,18.448311471596416,27.28938475940909
Q9BUR4,14.80687464821876,25.223468643495195
Q9BUR5,17.25665466951545,26.236233917466453
Q9BUT1,17.868371441143058,26.686914601978017
Q9BUV8,14.421190200259185,25.712055739391886
Q9BV19,15.991599567760266,25.675993444026776
Q9BV20,16.81488491485557,25.602839887880574
Q9BV23,15.311178427019504,23.473330692580753
Q9BV38,17.831688359670636,27.526682558740678
Q9BV44,17.050338119283442,25.9275230784662
Q9BV57,17.175426747923378,26.58935614695135
Q9BV73,15.520340956719114,22.988025162687077
Q9BV79,13.841525691895987,25.042605767696305
Q9BV81,15.207220528239924,25.45896271773884
Q9BVA0,16.6977368308649,24.447368115675598
Q9BVA1,15.918719780351388,30.861272295819255
Q9BVC3,16.07139947652043,24.334356972755064
Q9BVC5,16.472418806527394,24.406917511357292
Q9BVC6,16.13138039018449,27.347472983334413
Q9BVG4,17.6043767083952,26.935431255356754
Q9BVG9,15.070436289856243,23.868039829145822
Q9BVI0,15.663330997515684,22.721748814073763
Q9BVI4,17.15549190804077,26.0081628862954
Q9BVJ6,17.956274239564117,26.328209498768075
Q9BVJ7,16.943220300847546,25.71114429776574
Q9BVK2,16.78541585539064,24.941054190304314
Q9BVK6,18.235194642561932,27.61580009455207
Q9BVL2,19.025614024151267,26.35641488830916
Q9BVM2,17.862374624835883,25.836236930245207
Q9BVN2,13.273561919872913,25.31994087761219
Q9BVP2,18.072566175358038,27.30631596442467
Q9BVQ7,16.072697599333857,24.477753141207064
Q9BVS4,16.11737460684233,24.69606535116474
Q9BVS5,17.46941354309507,23.87191914597779
Q9BVT8,15.779421754921305,25.49560333031716
Q9BVV7,15.361548833074231,22.919836245607158
Q9BVW5,14.158280176540256,23.89057090635384
Q9BW19,16.03407911165041,25.9279832512061
Q9BW27,16.821794219910814,26.995747986616486
Q9BW30,17.49604884895412,26.050588334245383
Q9BW60,16.001513093861753,26.084551436145627
Q9BW61,14.437148439436934,28.49886387026614
Q9BW62,16.33500613968832,23.6935368332676
Q9BW66,18.34933775578775,23.071692465943045
Q9BW71,16.39819417206643,25.180937209888754
Q9BW83,16.977539984126132,26.117850840235686
Q9BW85,15.9304017074817,24.51179930413176
Q9BW91,17.035715541414255,25.630595447141523
Q9BW92,17.042286729471847,25.239839064511692
Q9BWC9,16.184668466130347,23.721738072808606
Q9BWD1,18.91278327645868,27.285331586651424
Q9BWE0,18.261269625694247,25.39959271736292
Q9BWF3,16.281027034005987,26.91962133467788
Q9BWH2,17.218365707243677,26.4890095399194
Q9BWH6,15.875930732621867,25.03873029738086
Q9BWJ5,18.56049629257109,27.241687078521235
Q9BWM7,16.55504027273,26.826684390116355
Q9BWP8,16.09953058102098,26.88198321968595
Q9BWS9,18.58875318109961,26.768625000088974
Q9BWT3,15.375182405968962,23.7923097827898
Q9BWT6,16.23101143507375,24.06821121950368
Q9BWU0,16.611455396881603,25.957378708011
Q9BWW4,16.032590481437357,24.79602073975268
Q9BX10,15.944753080772141,23.313246621383765
Q9BX40,16.115415374308274,26.30026012044254
Q9BX63,15.43014346296244,23.73123107682106
Q9BX66,15.206676593994292,22.248588933801752
Q9BX67,17.38794578807535,26.02028772659818
Q9BX68,19.247748611429238,26.564409691492088
Q9BX79,16.588847637658915,26.977625576317273
Q9BX95,14.232291502551412,24.865545775827975
Q9BXB4,16.81010841792412,25.49608304357016
Q9BXF6,15.888412014650392,23.698450015600905
Q9BXI3,13.911258398784529,22.40395651843344
Q9BXJ8,16.539116998523873,24.764459140318472
Q9BXJ9,18.452544907489386,27.476846106992483
Q9BXK1,15.366347716205487,22.506293172559534
Q9BXK5,16.11111820984492,24.917594704245023
Q9BXP2,16.02943275465421,24.20310308589895
Q9BXP5,19.150920131968487,28.34374122763067
Q9BXR0,17.519437076174587,25.00428569879508
Q9BXS5,17.654253866777157,26.839706168333596
Q9BXS6,16.98476871280774,26.008072959521492
Q9BXS9,17.004607017933555,24.04654444635133
Q9BXW6,16.131492296230658,23.6681291782225
Q9BXW7,17.438796183428632,26.624619925142106
Q9BXW9,17.611203028471756,24.943907099416897
Q9BXY0,16.411577851458542,26.800524403419914
Q9BY32,18.134720935302703,27.31426608826263
Q9BY41,15.892024053274643,23.897368873583055
Q9BY42,15.460525648775027,24.901742856156105
Q9BY43,15.981782690502321,26.253391902714338
Q9BY44,18.72237051708545,27.580432316354916
Q9BY67,17.197668168701707,26.864313257607165
Q9BY77,18.49504602645416,26.778664817008767
Q9BY89,14.688200032520868,23.583892543953468
Q9BYC5,15.717695743470749,24.796598091082775
Q9BYC8,16.462343196304154,24.39365698777399
Q9BYC9,16.00154820525764,25.73715526136378
Q9BYD1,16.92513158296177,25.857407914200145
Q9BYD2,17.22888600217076,25.90388497852183
Q9BYD3,16.877945904037492,26.01539883795957
Q9BYD6,17.943272200786517,26.501111625682846
Q9BYG3,17.58602830764713,26.118438792658296
Q9BYG5,17.11041316350809,22.98641209844023
Q9BYJ9,17.074213063890074,25.418621837214673
Q9BYK8,14.002783084259644,24.37446973444222
Q9BYM8,16.55092069980243,24.62957715794321
Q9BYN0,15.733672363291097,23.875483661996732
Q9BYN8,16.12981349760932,25.94826346452279
Q9BYP7,13.673099606008266,22.896208200501327
Q9BYT8,17.600088820650377,26.367776075265116
Q9BYV8,15.897533006802215,24.93330136220132
Q9BYV9,14.718830374489478,23.929146958163322
Q9BYW2,15.612425456176473,24.384969990780444
Q9BYX2,16.405107466707047,23.23923052991832
Q9BZ23,15.872062045558751,23.36783183623779
Q9BZ29,16.130004620053107,23.090304108574156
Q9BZ67,14.98658507202355,25.06780635181964
Q9BZ95,16.560868172191874,27.99470484656204
Q9BZC7,17.149906965826265,26.102215458996987
Q9BZD4,17.09579327542288,25.60426698856381
Q9BZE1,17.973336098055178,26.16307971939938
Q9BZE2,14.129065630221202,24.275553780495276
Q9BZE4,18.800694712957828,27.312013192141613
Q9BZE9,17.982059958038064,27.997384111643573
Q9BZF1,16.89792189394478,26.232233831469014
Q9BZF3,15.001647597394294,24.53750351450656
Q9BZF9,18.067127341527087,24.939074662335347
Q9BZG1,15.742872330698361,24.498267511699687
Q9BZG8,14.322347880607232,24.33137974269587
Q9BZH6,16.669132815416496,25.37722446686423
Q9BZI7,16.424121362491768,23.48344149446951
Q9BZJ0,18.072516979869263,26.53212722249335
Q9BZK7,16.80735014191475,26.96277822975178
Q9BZL1,16.543670170677053,26.925403685711125
Q9BZL4,15.615276448382913,24.130942608576248
Q9BZL6,17.0727999182338,24.752894133442325
Q9BZQ6,15.53790431047125,25.028519566947907
Q9BZQ8,16.492492482634336,24.850137244176793
Q9BZV1,15.321348575837414,25.105694547536878
Q9BZX2,16.6108126687211,26.235881208671547
Q9BZZ5,18.09183617110192,28.188738895984436
Q9C004,15.287191472610328,25.73173768962169
Q9C005,16.53510594641145,26.657634073111527
Q9C037,18.06125155910232,24.033377334825936
Q9C040,16.693476521299534,25.95858253144108
Q9C0A1,13.368698789837797,25.40884553879671
Q9C0B0,17.306446539576406,24.309340691234155
Q9C0B1,17.703029035851063,26.148291492931314
Q9C0B5,16.3545566268301,24.477000624747333
Q9C0B7,16.434508725615906,23.713222143014093
Q9C0C2,16.673748393455927,25.80372590912954
Q9C0C4,13.511770769687256,26.169999888388535
Q9C0C7,15.523177116632814,22.845565757216384
Q9C0C9,18.241035672910023,26.788606459196338
Q9C0D3,16.148098977249607,23.77110405094767
Q9C0D5,16.36110939449405,25.388452490159626
Q9C0E2,15.057398936635655,24.615592502560357
Q9C0E8,17.90055375465579,27.04748755486055
Q9C0F1,17.621418041006862,25.32709502752919
Q9C0H9,16.196290998412316,24.098619158294618
Q9C0I1,14.482286343139313,23.507922423318842
Q9C0J8,16.712489832795164,26.462212184719608
Q9GZL7,17.345749719261768,27.505633996968346
Q9GZM5,16.489973284738184,25.4227569430861
Q9GZN1,15.175701577609063,23.943690331450398
Q9GZN7,15.423209928314417,24.217579624975652
Q9GZN8,15.959359776603923,25.096495375228713
Q9GZP4,15.169396639224903,25.323516488908343
Q9GZP9,14.428516770252346,24.63116874614923
Q9GZQ3,15.876249773843034,24.579866090823952
Q9GZR1,15.063815525172709,24.132025919224056
Q9GZR2,17.655105346409943,25.38667615444541
Q9GZR7,16.581800084341044,25.89091867316858
Q9GZS1,17.496973632994212,25.758216647860753
Q9GZS3,18.256578813334386,27.167988486672016
Q9GZT3,18.14105454209201,28.636281489045093
Q9GZT4,16.914869068974568,24.910654623579298
Q9GZT8,17.237756445822207,26.60287563922798
Q9GZT9,15.826829822464648,26.454213066484876
Q9GZU1,14.544630870546301,23.460530388140715
Q9GZU8,16.788647395721856,26.093287746095008
Q9GZY4,16.899101186968373,22.471958451217695
Q9GZY8,15.269845448456781,25.55343976474869
Q9GZZ1,17.569095106052124,27.133534326517534
Q9GZZ9,17.33358050058824,26.39652088795314
Q9H000,16.615532607329893,24.62256586694445
Q9H008,16.160072178778076,25.143784233348455
Q9H019,17.575803764929468,25.323734191988795
Q9H061,17.709277597941938,24.663248792391514
Q9H074,16.98692565567314,27.036287880508223
Q9H078,17.895984551964283,26.968164698660583
Q9H081,15.435215820727626,24.710908723219358
Q9H082,17.301026223216834,25.22499022532646
Q9H089,17.033289994089376,25.56036639390156
Q9H098,15.588911548455096,25.3505128783115
Q9H0A0,17.581252693672834,27.30634870653165
Q9H0A8,15.596440881739886,24.795084900340225
Q9H0B6,17.908035151515378,26.357564627809786
Q9H0C8,17.704863906220154,26.742965369537668
Q9H0D6,19.476939776265876,28.201628844688717
Q9H0E2,15.858243800532481,26.490800601634472
Q9H0E3,17.000732139253856,26.01889698615214
Q9H0E9,16.831876066298477,25.139422165282284
Q9H0F6,15.964064010278586,24.800869297481
Q9H0F7,17.55834696619632,24.474982850323862
Q9H0G5,17.05152228682974,24.21029611331626
Q9H0H0,15.650466898376582,24.620910655922728
Q9H0H5,16.492666939556877,25.621735816345787
Q9H0K1,16.089718740732334,24.157326861946324
Q9H0K6,14.456119401824337,23.17309852485223
Q9H0L4,15.544454152543645,25.043627171712266
Q9H0P0,17.395270534371733,25.76500799380975
Q9H0Q0,13.36367849569705,24.053897634034456
Q9H0Q3,16.57032733360918,25.423587972089646
Q9H0R3,15.920760602937142,23.855644790010274
Q9H0R4,18.097797935902022,25.477913033844352
Q9H0R6,16.880275858369487,29.11641473413254
Q9H0S4,17.086012483514285,27.20147446121117
Q9H0U3,15.693601841456728,25.932168312736675
Q9H0U4,17.26099026308113,26.55941337122963
Q9H0U6,16.493869674774096,26.548364484255035
Q9H0U9,14.193636238011255,24.34193179183603
Q9H0V1,13.534976404455284,23.722790962123344
Q9H0V9,16.769833540051046,25.3951947641184
Q9H0W8,15.211776403286716,24.64887773578404
Q9H0W9,17.170276852872114,25.462419987704955
Q9H0X4,20.072580669825943,26.45696922321497
Q9H115,16.648015266497342,24.48445870690011
Q9H147,15.977661463854414,24.15223369514995
Q9H160,15.037689506282845,24.26509112713737
Q9H173,16.670322458203763,26.06000093894562
Q9H1A3,17.17119439329383,24.53957411346907
Q9H1A4,16.133860383553767,24.83419391819018
Q9H1B7,16.362626898276197,26.14318249379026
Q9H1D9,15.158579118975023,25.139350078813195
Q9H1E3,17.369552477183593,27.479617451022886
Q9H1E5,16.173157435688314,26.293877972411583
Q9H1I8,16.627342197307847,25.764203457014094
Q9H1K0,14.046783254508028,23.573226842193034
Q9H1K1,18.199471860753338,25.222578654242234
Q9H1P3,16.910378251171654,23.30765484355715
Q9H1Y0,14.614040326131631,24.572287682572313
Q9H1Z4,14.315534295687018,30.20935892740677
Q9H223,15.843877552619032,26.563216588381582
Q9H246,16.45659299946911,23.69446650392902
Q9H267,17.71566421247243,25.065327474186876
Q9H269,16.127918037050264,25.270721671265683
Q9H270,16.255724772228074,24.404138935962965
Q9H299,15.417865148079375,28.12958070130298
Q9H2B2,16.223235962840654,23.49890786818153
Q9H2D1,15.404384763038607,23.238186188631726
Q9H2D6,16.973390569683374,24.719242942901353
Q9H2G2,17.327107434505006,29.383202605667538
Q9H2H8,17.356875897910513,26.50402972500398
Q9H2J4,17.252818476636662,26.436789657702437
Q9H2K0,16.2488701058274,23.82691637112536
Q9H2K8,15.532975586061497,24.709072503157028
Q9H2M9,18.43909491305609,27.41530225033762
Q9H2P0,18.20065024379227,27.09396964358325
Q9H2P9,15.84668796065263,27.217439896066868
Q9H2U1,18.526300358170268,26.096926853211247
Q9H2U2,18.178201632564512,27.89450351437361
Q9H2V7,15.636854176867347,25.206343880226328
Q9H2W6,16.928846041029885,25.928184737754794
Q9H2Y7,15.398674171509107,23.621940405317005
Q9H307,19.143740559836353,30.363448300652443
Q9H330,16.242855376698756,24.805756219492316
Q9H334,17.198955905485843,24.402449505760362
Q9H336,13.744505155714512,24.289880732575288
Q9H3E2,15.744800777110918,26.76751033618498
Q9H3F6,15.79192638739654,24.110765568349944
Q9H3G5,17.836492168659646,26.056035624592774
Q9H3H3,16.993039539832267,24.480500865733454
Q9H3K2,16.137767531527125,25.71903227378505
Q9H3K6,19.71817736482301,28.974539696573714
Q9H3L0,15.343356694479782,23.54453800383141
Q9H3N1,18.50344416388,28.207681499697706
Q9H3P2,17.396043627707016,26.30572874911427
Q9H3P7,16.475408032263214,27.178007070283343
Q9H3Q1,15.880813088949376,24.94571424264847
Q9H3R5,16.908248353439415,24.928426431761924
Q9H3S7,17.76291445508717,25.944377992213038
Q9H3U1,18.191120758899952,27.273586960004334
Q9H3Z4,17.534850244326023,26.228573209858034
Q9H410,16.9492628578967,24.308560701819797
Q9H425,14.80221930711102,24.83614808907407
Q9H444,18.536973389777447,27.507625815174862
Q9H446,16.453819370528254,26.04178377265041
Q9H467,16.63822155474915,24.81444427321736
Q9H479,16.255783311686436,24.297163901878655
Q9H488,18.013462623295133,26.972519076918825
Q9H490,16.466744920314227,24.32405917381279
Q9H492,18.187138429324353,26.215007869068703
Q9H497,15.235764013847806,28.455376746538075
Q9H4A3,17.504749947860102,26.781183104675414
Q9H4A4,18.319168672031036,26.9323697301138
Q9H4A5,16.40848017952973,24.50637072271427
Q9H4A6,16.574894205286643,26.07282418024282
Q9H4B0,17.110831272081686,24.285473409103602
Q9H4E7,13.81529122299226,24.38416835266283
Q9H4G0,17.047536485942285,24.170287495326118
Q9H4G4,17.52075780373059,26.35008197399254
Q9H4H8,16.334792830161632,25.63407192706263
Q9H4I2,15.271117924559645,29.21492992250071
Q9H4L4,17.417409733966064,26.788505400965132
Q9H4L5,16.9606328675455,25.0934553516955
Q9H4L7,15.821175557895081,25.117577170826188
Q9H4M9,16.61592784491816,27.399996310911625
Q9H4Z3,15.567765291409081,24.36453338669654
Q9H501,17.62295908290447,26.495782057392475
Q9H553,17.156361121534353,24.873165932912826
Q9H582,16.353242499910298,23.824064126121556
Q9H583,18.790885007814936,27.141635284626048
Q9H5H4,15.249575334582055,24.686318260812822
Q9H5I1,16.29319848325518,24.38294329822774
Q9H5J8,14.67645794298978,23.995757405273633
Q9H5K3,16.747457138319362,26.076717571253344
Q9H5N1,16.172065011763856,24.769454858947686
Q9H5Q4,17.648196290399923,27.757777852060258
Q9H5V9,16.23049497449073,25.61020732530572
Q9H5X1,14.729004443226131,25.391602747963844
Q9H5Z1,15.690999646774241,25.43543683771377
Q9H6D7,14.816186515342446,25.818426219830872
Q9H6E4,16.67825685486534,24.004541641685858
Q9H6E5,15.6199177525258,23.61346654084033
Q9H6F5,16.491375562892895,26.019758889975094
Q9H6H4,17.004583794109735,24.932914651895313
Q9H6K1,13.417656960912659,23.828147624237438
Q9H6K5,16.499095741417012,26.379423468170895
Q9H6Q4,8.765926448535085,21.431601659847438
Q9H6R0,15.820139313690149,24.299853332028608
Q9H6R4,17.538980291194907,26.49667051055703
Q9H6R7,15.750496289986202,24.043195121073833
Q9H6S0,15.793193937285485,24.79987576414124
Q9H6S3,16.09314355974163,23.782030702560654
Q9H6T3,17.305979483762545,25.890090839460402
Q9H6U6,15.563424307441755,23.842213793967797
Q9H6U8,16.392871728069434,25.464646608243118
Q9H6V9,17.663778366344133,27.05303554675668
Q9H6W3,16.316780053504523,25.713406068040307
Q9H6X2,14.910150662572345,25.90268835702963
Q9H6Y2,16.213839293809944,24.789765712066053
Q9H6Z4,17.084748537191643,27.460977526482775
Q9H706,16.765330133199054,24.627370492717038
Q9H773,15.938269708667969,26.91376931069254
Q9H777,15.859392991403059,23.89991750841284
Q9H788,16.715826847415972,25.97801064829954
Q9H792,14.668490858906114,24.016131098820146
Q9H7B2,17.73076023209265,25.4820152737101
Q9H7B4,16.306264720318723,24.92604063044177
Q9H7C4,14.001841524282174,23.546393942187873
Q9H7C9,17.397143428124892,25.434171783071594
Q9H7D0,15.338236191765748,23.931519066001286
Q9H7D7,17.64398227919244,26.141618015268083
Q9H7E2,15.901840474559547,23.991375786555185
Q9H7E9,15.953005616967273,24.901280451143776
Q9H7F0,17.529965918882,21.496734090589445
Q9H7H0,16.862305745431343,23.426044472105477
Q9H7L9,16.946210658707983,24.860488906767248
Q9H7N4,17.75205020889837,25.919891385829317
Q9H7P6,17.126532826039163,24.93460746932931
Q9H7P9,15.004559618992067,22.77664206035042
Q9H7X7,14.597859352251582,25.48810653536774
Q9H7Z3,15.369171658457157,24.064705725217532
Q9H7Z6,17.72124552249146,26.610606564027588
Q9H7Z7,17.340382438780697,25.966737555206958
Q9H813,15.30332008321271,25.25071683591599
Q9H814,17.481006956093886,25.77482446076196
Q9H832,17.170237237188157,26.918485735717997
Q9H845,17.419372098348248,27.235588355917855
Q9H857,18.133875196752996,26.706377952097824
Q9H869,15.332659571706904,22.243684496572655
Q9H871,15.371335261856988,24.320989521099644
Q9H875,16.536282913245614,25.312691129596466
Q9H8G2,17.34733415730553,25.085297216288687
Q9H8H0,17.93006478617385,26.77567130606869
Q9H8H2,16.39626527177573,24.004852204187838
Q9H8H3,16.263440686298104,25.959015948141694
Q9H8J5,14.104041201231055,23.78793991260579
Q9H8K7,15.564248251023864,24.30268207921301
Q9H8M2,16.357797163596192,24.561244062628962
Q9H8V3,15.821947292571888,24.425360690666576
Q9H8W3,15.55118433652041,22.91209260110168
Q9H8Y5,16.439188991622647,24.295103499000156
Q9H8Y8,17.83736450723642,26.720066766983127
Q9H900,16.108637843491646,24.88957836969141
Q9H910,17.173000063583057,27.548236506798208
Q9H920,13.979930625746324,23.320651556611633
Q9H930,13.653483291531437,28.14947830253468
Q9H936,16.770507324069293,25.219865885819868
Q9H944,14.984508019288294,25.248628235908544
Q9H967,14.867818217460675,24.355644202805664
Q9H974,15.930785069383273,24.71404332615378
Q9H981,16.631757878981972,24.72938471786399
Q9H993,18.83894454694756,25.659163546024427
Q9H9A5,16.281891218999114,25.53003048112819
Q9H9A6,15.326356041981649,27.15402215254922
Q9H9A7,16.559632365926213,24.404920464231044
Q9H9B1,17.502287309113587,26.39387475021872
Q9H9B4,18.47925002710942,28.93408798777701
Q9H9C1,16.10722518228088,24.747705102210723
Q9H9E3,17.03528310333494,25.387749842423702
Q9H9F9,17.054954842102056,23.99861530531668
Q9H9G7,15.383548941525698,23.70866798940065
Q9H9H4,14.730093280478442,24.57753768264395
Q9H9J2,16.77288843078738,25.72355071074434
Q9H9J4,15.36946034917378,24.669276924133893
Q9H9L3,16.231947490176708,24.794393901984183
Q9H9P8,16.294620689066495,24.568500603401134
Q9H9Q2,16.3746458809266,26.39543834701104
Q9H9Q4,16.17416023073874,24.25708817957703
Q9H9S3,15.575487543820893,26.211443959848093
Q9H9T3,14.869261998713288,25.350291871692715
Q9H9Y2,15.793797052584292,23.7191594206912
Q9H9Y6,16.167962582061254,27.831870971943435
Q9HA47,14.474211880738489,23.88740405971459
Q9HA64,16.251215295484215,26.85856117163936
Q9HA65,16.406612045985124,24.741949511519977
Q9HA77,16.32916950688587,24.16136419136196
Q9HAB8,15.914525984267398,24.832592362958557
Q9HAD4,15.033366645161697,23.594909886543135
Q9HAF1,16.02607663756317,26.70578082114369
Q9HAH7,16.019241913276975,24.115340577348043
Q9HAN9,16.07937463856721,25.55738058148325
Q9HAP2,16.979355226379017,24.354332591295037
Q9HAS0,16.520171758892882,25.193846526657467
Q9HAT2,15.579187702144093,25.176593765971674
Q9HAU0,16.623014091384032,25.050946356191012
Q9HAU4,15.5467082042289,22.502152205643224
Q9HAU5,16.975087783021813,24.910987636582863
Q9HAV4,18.321813325152913,26.99455407562737
Q9HAV7,19.440787673148897,27.113417138107515
Q9HAW4,14.296207395812754,23.819767768895034
Q9HAZ1,16.293292378530797,22.685412679193774
Q9HB07,16.334409678123343,27.48863857111706
Q9HB09,15.571906273182275,24.86918513619161
Q9HB19,17.116203709326022,25.28794433330277
Q9HB21,14.984925733979047,23.85662907641917
Q9HB40,16.415196787695514,26.314948711417934
Q9HB58,15.729879109463516,25.12574117645754
Q9HB71,18.029196264709427,29.978962360618517
Q9HB90,15.568306192012065,24.740152659034315
Q9HBD1,13.999996184273208,21.868275473389858
Q9HBE1,14.765869144393841,23.91873230089352
Q9HBF4,16.445977361734556,24.411932216156828
Q9HBG6,15.76973481243738,23.81995890524616
Q9HBH5,16.302689194970174,24.980369185607447
Q9HBI1,15.918746563165165,24.320806745084557
Q9HBK9,17.712481100498774,25.356066148562846
Q9HBL0,16.417888079789225,23.917243436172807
Q9HBL7,16.804300371242192,26.938109165398213
Q9HBL8,17.13246831760095,23.433387797038787
Q9HBM0,14.61398940934618,23.748241227897957
Q9HBM1,16.52784510107738,25.214737976529676
Q9HBM6,14.445009886811308,23.954853289840845
Q9HBR0,16.032315116235345,25.072456854314694
Q9HC07,16.174595248049805,26.568260238588834
Q9HC21,15.103078629791026,23.540485537091016
Q9HC35,19.19415631175595,28.829431671267404
Q9HC36,15.637512061121978,24.98777422221373
Q9HC38,17.968270414558233,28.04530761560707
Q9HC44,14.456741563339387,22.593750023860068
Q9HC52,18.360218110791575,26.45018434359964
Q9HC62,15.493601137653254,24.07016034348432
Q9HC77,14.755081775632481,22.515464283645876
Q9HCC0,17.116488819176286,25.794206860786222
Q9HCD5,17.606165408724976,26.822433000198686
Q9HCD6,14.49446415579148,24.26661401763525
Q9HCE0,14.93204477244607,24.205309983717502
Q9HCE1,17.64267095079363,25.97592686131092
Q9HCE3,15.73488105707334,23.927332193295783
Q9HCE5,16.160093128311555,24.20246568833655
Q9HCG7,14.683854419507913,24.4186433137084
Q9HCG8,16.92934298723715,25.462378692670956
Q9HCH0,15.552743835730057,24.324160490243578
Q9HCJ0,16.4016191735773,23.951003622766322
Q9HCJ3,15.748761095903728,24.008186108154653
Q9HCJ6,17.149477554714714,24.464873837260523
Q9HCK1,15.333382384499544,24.08900128564293
Q9HCK8,16.987002107466374,25.29174954733439
Q9HCM2,15.34503388653787,25.60642918902021
Q9HCM3,15.652019032667198,24.67060408137063
Q9HCM4,16.242300119110755,25.511804651588474
Q9HCN4,15.406413079947571,25.143087253041557
Q9HCN8,17.900936857380355,29.483268355447034
Q9HCS7,17.29484447753958,26.189212258681486
Q9HCU5,17.356993927924492,25.633570388836468
Q9HCU9,16.247074837352674,24.820127774599907
Q9HD15,15.961389023117256,25.956722109893057
Q9HD20,17.809830709441243,27.755403050119217
Q9HD26,15.979838166328282,24.765577933595182
Q9HD33,17.937460989580213,26.131205405759907
Q9HD34,15.86352843592454,25.82786357470291
Q9HD42,17.564434129248372,27.2947522150572
Q9HD45,18.045456437784235,26.94813287052188
Q9HD47,14.993870837128464,24.229737179825648
Q9HDC9,18.218822641053585,28.485077685481837
Q9NNW5,15.91320178966447,24.782300045792788
Q9NNW7,14.93275363154927,24.746436873610264
Q9NP50,16.156559885275115,25.000480138651316
Q9NP58,15.19049037531581,24.43060829872297
Q9NP61,16.511818991922098,24.45931230986036
Q9NP64,16.67568861999569,23.963636872119938
Q9NP66,16.95614631227895,26.374408380869085
Q9NP72,17.871261749890838,27.541902239974487
Q9NP77,17.711221977189478,25.444529081801768
Q9NP79,16.33751342634956,27.734362359728443
Q9NP80,15.510791772339582,24.41903279443504
Q9NP81,14.945557075934563,26.181378349672432
Q9NP90,16.746461398256418,25.8995196774028
Q9NP92,16.510992609506427,26.26128481089843
Q9NP97,18.26919190791616,26.908531477285983
Q9NPA0,16.801393029586173,26.343227522381433
Q9NPA8,19.032553839659997,27.61847034103756
Q9NPD3,16.628032161435677,26.69266499527026
Q9NPD8,17.01143911822587,27.441928457030773
Q9NPE2,15.709106210848987,23.295056401701313
Q9NPE3,14.64377578734194,26.649394088303755
Q9NPF4,15.63511970701035,25.33647876281881
Q9NPF5,15.885863324620752,25.39841059859619
Q9NPG3,16.760684867098465,22.59424941907137
Q9NPH2,17.438461993052808,27.550057596839146
Q9NPI1,16.378812785475212,25.735042174271566
Q9NPI6,17.62410932161391,25.551444433910355
Q9NPJ3,16.696424195296547,26.987148852637837
Q9NPJ6,15.41894844481022,24.80769735620019
Q9NPJ8,16.68572657446212,24.621794615245822
Q9NPL8,16.581189889587723,25.43838901396483
Q9NPQ8,17.819609790713166,26.3933069445139
Q9NQ29,16.66309632473302,26.28341763875416
Q9NQ48,17.396715564375494,25.001477104824957
Q9NQ50,17.610760292422974,26.03494131412502
Q9NQ55,17.404317787159112,24.886764848179464
Q9NQ66,15.412109669605986,24.73799618457671
Q9NQ86,15.255688203067077,26.938331118753425
Q9NQ88,17.473526077920692,25.89074816651928
Q9NQ89,14.150736569254125,26.078388133817228
Q9NQ92,15.958422516599166,24.134131336759378
Q9NQC1,14.842857738136374,23.203592803816033
Q9NQC3,17.450391043729162,30.29749318724715
Q9NQC7,16.68983510503366,24.65485576721255
Q9NQE9,14.806038358749124,24.25428279092385
Q9NQG5,16.419839482013227,26.80534897617758
Q9NQH7,15.212818442716781,24.985434993765242
Q9NQP4,17.745363751238294,27.397319929249456
Q9NQR4,16.86262424223646,26.603953378539142
Q9NQS1,15.187426116138635,24.314107246345632
Q9NQS3,15.529428622254509,25.336038414391048
Q9NQS7,16.53073008005346,25.924039224717397
Q9NQT4,18.103285417580192,26.209598077898104
Q9NQT5,16.89461292812483,25.94352431734972
Q9NQT8,16.26033311142222,25.027432566414227
Q9NQV6,15.489711189501397,23.81545923035909
Q9NQW6,17.52918548829412,25.542555710938597
Q9NQW7,19.02667697500822,27.281873394144167
Q9NQX3,16.66312813719079,25.540507027934666
Q9NQX7,16.116473014122118,24.94520394214907
Q9NQZ2,16.5452648120991,25.884647234726575
Q9NQZ5,17.557942523548117,26.079779640678048
Q9NR09,17.43408941295013,25.507655525356043
Q9NR12,17.815325750988848,27.511029091019214
Q9NR19,16.660508919812514,24.906993674505088
Q9NR28,17.480897202478474,27.891981047114104
Q9NR30,18.69050162414982,29.08504688363886
Q9NR31,16.344697968448543,28.789644085863774
Q9NR33,14.595888483658918,24.49229825632957
Q9NR45,17.521588044065762,27.076379070472104
Q9NR46,17.504163881764782,26.100642617357728
Q9NR50,16.950746488116554,26.151000707729267
Q9NR56,14.955266966220927,24.847195158674477
Q9NR77,17.291349393995155,24.423962799215126
Q9NRA8,15.830433751034347,24.144486037609663
Q9NRB3,16.51392077907698,23.553737674387477
Q9NRC1,15.073213968798754,24.541806259588995
Q9NRD5,15.110506555224084,24.21394320693168
Q9NRF2,13.348945727154513,23.6628453440413
Q9NRF8,16.357162734169883,25.599674576306082
Q9NRF9,17.255577568028357,27.177847916138038
Q9NRG0,15.753260021719159,25.596952414458826
Q9NRG4,16.104322837142902,23.414376977712113
Q9NRG7,15.167905103895333,24.831554811124597
Q9NRG9,17.311722450170087,26.66755569804523
Q9NRK6,14.333392983991471,23.65897293673717
Q9NRL2,17.805706091584284,25.697495963486787
Q9NRL3,16.864024890220534,25.804129634035483
Q9NRN7,18.50173120718239,26.64026183266454
Q9NRN9,17.042490571158726,25.44653287138151
Q9NRR3,15.766366195942911,24.332987489744525
Q9NRR4,17.40397648345669,23.582187128585865
Q9NRR5,16.93670981894025,27.178169531928088
Q9NRS6,15.688265655902208,23.70871201144044
Q9NRV9,15.096445241513068,25.86419643503588
Q9NRW1,16.521564632594416,26.053851181853148
Q9NRW7,17.621484340881086,26.929222143772428
Q9NRX1,17.795004578455078,25.951832383504733
Q9NRX2,16.537633129904673,26.059352280130657
Q9NRX4,15.717684633154363,27.261867414467982
Q9NRX5,15.535582184037212,24.270055097816595
Q9NRY2,16.095809068332983,25.35234808319535
Q9NRY4,18.19494757781406,25.253994945132412
Q9NRY5,16.335508062045438,25.55846033168823
Q9NRZ5,16.44225837909372,24.291465053079058
Q9NRZ7,16.657954001725507,26.08825198528382
Q9NRZ9,17.869480887305656,26.30826992581912
Q9NS00,15.51576902324693,23.853822658891385
Q9NS69,15.523056609850778,26.992028149833438
Q9NS73,15.19035919159368,23.88009826141816
Q9NS86,17.14432996421932,25.68169573074356
Q9NS87,17.16705366901706,24.925861702155874
Q9NS91,15.684762315441688,24.789814995920324
Q9NSA3,14.286029336021343,23.930829990945607
Q9NSC5,17.44356278511613,24.22007818574137
Q9NSD9,18.418578743874743,27.370960943094726
Q9NSE4,18.814508877787567,27.617177765608197
Q9NSI2,16.713644269463675,25.419475504066895
Q9NSK0,15.823781779483419,24.83478480263801
Q9NSK7,15.229252560866883,24.648276986009414
Q9NSV4,16.46358977370854,23.83714340431857
Q9NSY1,13.847774195414072,24.071381915908322
Q9NT62,18.783225595089455,26.114990325146323
Q9NT99,15.154932528792417,24.97776730369557
Q9NTG7,17.960638334698462,23.979069529192937
Q9NTI5,19.034665276012273,26.985023891772112
Q9NTJ3,19.003925856004177,27.895326470552895
Q9NTJ4,15.304015423842328,24.085431531003675
Q9NTJ5,18.243038668669968,26.527399026055832
Q9NTK5,19.454845604704076,28.57842941040155
Q9NTX5,16.474512675180176,27.595105547065792
Q9NTZ6,18.214917968947486,27.46802225665286
Q9NU22,18.053740316010845,25.420937269410313
Q9NUA8,15.474675590322452,22.256906048964705
Q9NUD5,16.28389841732191,24.98168673056163
Q9NUE0,14.641051809071827,25.117562771644796
Q9NUG6,17.842241885104094,25.557017075582067
Q9NUI1,15.096333569381958,24.435301844694667
Q9NUJ1,16.165199047819147,26.265233465578326
Q9NUJ3,15.042641416483363,24.786982651332874
Q9NUL3,17.02165177887422,26.620842533735377
Q9NUL7,16.160260122648854,24.066018383206146
Q9NUM4,13.424197350876932,24.25029066426372
Q9NUN5,15.24946768648057,24.816315245308978
Q9NUP1,15.097265804259331,27.553156755136122
Q9NUP9,16.94226231635156,26.567398053071706
Q9NUQ2,15.088840815315736,25.606918794950197
Q9NUQ3,17.337740066122542,25.681299142789594
Q9NUQ6,16.58856898277898,25.291591716564298
Q9NUQ7,15.819591850412293,25.68658557872395
Q9NUQ8,16.94177360216001,25.25722413289857
Q9NUQ9,16.034139202527232,26.36202855328936
Q9NUT2,15.62759824156886,23.894420720691553
Q9NUU6,16.61959916339343,24.39210349325924
Q9NUU7,17.043450642779206,26.797724857364713
Q9NUX5,14.833218056844784,24.841473698497744
Q9NUY8,17.606426419572934,25.274608244212402
Q9NV06,17.013841146931927,28.628709907243877
Q9NV31,17.474255062724758,26.77279375029652
Q9NV35,17.773651422800288,24.542775245434292
Q9NV56,14.778990546389341,25.01492177433293
Q9NV66,15.028008195364473,23.97951006418639
Q9NV70,18.189873933233283,25.695542407293875
Q9NV88,17.291009975139733,25.57025269963575
Q9NV96,17.053487555050705,25.10234765385655
Q9NVA1,16.472371444112134,23.941094835537562
Q9NVA2,16.472436920719602,27.48315354910046
Q9NVA4,17.247021558998416,25.399132093170024
Q9NVC6,17.048346732885488,25.109190924185246
Q9NVD7,16.750674823347314,24.242284415556423
Q9NVE7,16.86989883028782,24.5680741541583
Q9NVF7,16.048323918753596,24.289035487613496
Q9NVG8,17.18188826346945,24.998990782528345
Q9NVH0,16.141513991481904,24.458227592188795
Q9NVH1,16.392188045840516,25.83867910305604
Q9NVH2,15.967787412946574,25.31812770031996
Q9NVH6,14.884136009786548,23.07830638239318
Q9NVI1,17.514441689541496,27.104897061749636
Q9NVI7,15.49646445096105,26.787196397554474
Q9NVJ2,15.2281936377291,26.056962428321015
Q9NVK5,15.414903429133444,25.246920357432284
Q9NVM4,13.945258793263559,23.954127781994714
Q9NVM6,16.698128566037454,24.785687146307318
Q9NVM9,18.08900988232213,26.06109972908466
Q9NVN8,16.228411372214314,25.424884596573204
Q9NVP1,18.301874005692028,28.10137852293835
Q9NVP2,16.864247416613548,25.25177101689016
Q9NVR2,17.31714847944221,25.287195732252428
Q9NVR5,15.992675210279694,22.9639841960748
Q9NVS2,16.852022659768345,28.556148019567594
Q9NVS9,17.322881270102197,26.689109715652
Q9NVT9,16.330639596351315,26.35982020707609
Q9NVU0,16.31041888281769,27.018836043001517
Q9NVU7,17.323721542975967,25.3598695868292
Q9NVV4,15.982781948457006,24.249119096333867
Q9NVW2,13.608319480754385,24.187220437633226
Q9NVX0,15.974635251074101,24.442319827090774
Q9NVX2,15.885620754413553,24.727174544995297
Q9NVZ3,16.9890259582084,25.965651777639426
Q9NW08,16.319407400315047,23.80690641987244
Q9NW13,17.24119026613757,25.91697376555848
Q9NW15,15.733508285407074,25.069763806058436
Q9NW64,17.930254734057304,28.004542382815565
Q9NW68,15.250906630533613,24.48999813007482
Q9NW75,16.742110539465482,25.300675765309652
Q9NW81,15.195874294790626,23.284836946685534
Q9NW82,15.367584020446852,25.285709826280282
Q9NW97,17.687029308108233,23.292441422111057
Q9NWB6,19.139990686778287,26.537492805976004
Q9NWH9,17.898798081162383,26.93759949710066
Q9NWK9,16.983679846907503,24.43042709202655
Q9NWM8,16.993205432125038,25.288294165663935
Q9NWQ8,15.058245034926365,23.473461379070088
Q9NWQ9,15.577053913477453,23.540628606280197
Q9NWR8,16.769400426822884,22.675992340674064
Q9NWS0,15.853437328985143,25.654913359102387
Q9NWS8,15.92983329128883,24.143663234785
Q9NWT1,17.62711062348544,26.333025212857514
Q9NWT6,16.930193699299124,25.402667923755196
Q9NWU1,17.358723592499235,24.40610818696393
Q9NWU2,16.7043402945053,25.52926731328369
Q9NWU5,16.48168850340535,26.348300707344833
Q9NWV4,17.402681512392732,26.862922913354105
Q9NWV8,14.434119094400469,25.39656548899025
Q9NWY4,19.228826635002363,25.93986035205067
Q9NWZ3,15.6221536558515,24.287209391491974
Q9NWZ5,17.354979648706806,23.611822140096184
Q9NX00,13.1384439414292,25.06105414704193
Q9NX05,17.1680152248268,24.404407288904885
Q9NX07,16.288028896163098,23.72110805679008
Q9NX14,17.95620696805633,26.466810881536343
Q9NX20,15.349736779961068,25.888179163257718
Q9NX24,16.654250229985138,27.099958364566096
Q9NX40,15.005352029986668,26.939604138390262
Q9NX46,16.2859570550749,26.504894127456822
Q9NX47,13.390876987912835,26.34118959979995
Q9NX55,17.49812488346711,25.528517055585233
Q9NX57,14.204762930470933,25.382581185640227
Q9NX58,17.429273100988425,25.933942350882784
Q9NX62,17.298029741927234,25.949701693489644
Q9NX63,18.241003463902434,28.494191225888333
Q9NX70,16.77883090369207,25.03810998629963
Q9NX74,16.627806729345043,24.255908708349054
Q9NXA8,17.0320756356445,24.345002952691967
Q9NXC5,15.739947710513531,24.659048399279804
Q9NXE4,16.76410854152262,25.22842120141743
Q9NXE8,15.178431696051097,25.746876311413754
Q9NXF1,17.77803861744386,25.946979332184156
Q9NXG2,16.303580280676695,26.251710843433774
Q9NXH8,14.720980241232818,25.866931450578196
Q9NXH9,15.56299253953459,24.682927540971228
Q9NXK8,14.583492307639206,23.248383575548193
Q9NXN4,15.139184730076188,23.97129138205059
Q9NXR1,15.7367521327709,24.821431823755347
Q9NXR7,17.426299430254026,25.24583032395234
Q9NXR8,14.64261226844336,24.208093597266263
Q9NXV2,16.22649253680344,24.914470835069782
Q9NXV6,17.16119242056857,25.64608064492729
Q9NXW2,15.83658844551953,24.716723659622932
Q9NXX6,16.366242574643913,24.7389278366353
Q9NY12,16.909540849596247,27.50652455198586
Q9NY27,14.25970673495871,25.636977231187657
Q9NY33,18.11173714334303,27.098803721311587
Q9NY35,16.512089510903767,25.264421159004172
Q9NY47,16.889573675509684,26.04697824900169
Q9NY61,16.886284826375352,26.354334256105734
Q9NY93,18.525960929923915,26.11459914419682
Q9NY97,16.97097315276472,23.47061093628169
Q9NYB0,15.215275515160032,26.859229740466404
Q9NYB9,16.480837209068834,26.267837988452413
Q9NYF8,18.71745609415225,28.89044826147472
Q9NYG2,15.939846771847582,24.221953233648545
Q9NYH9,17.91266532026107,26.33520125438739
Q9NYI0,16.46210340371015,23.97360999453461
Q9NYJ8,14.381191427186641,23.92580242160981
Q9NYK5,17.87949989085299,26.137682998631366
Q9NYL2,15.18521117609224,24.87330596826302
Q9NYL4,18.692137560450345,24.565157351503785
Q9NYL9,17.187598223899187,27.1085509069689
Q9NYP9,16.204510584936877,25.865873722780293
Q9NYR9,17.21495495405603,24.028235322229087
Q9NYS0,16.678034756381773,24.125680921978468
Q9NYU1,15.50047665841031,23.78206001531645
Q9NYU2,19.98394305090179,27.834626936331553
Q9NYV4,15.544859916498773,24.558003286422625
Q9NYV6,13.621125158998458,23.497860240527043
Q9NYY8,17.80423208731991,25.454605550240384
Q9NYZ3,16.055084189729335,24.158273426909705
Q9NZ01,17.012486326342792,28.5639965134933
Q9NZ08,17.20936070645799,25.769161545229604
Q9NZ09,15.25370353569498,24.71576215097961
Q9NZ32,15.734614456928066,25.758717508005475
Q9NZ43,15.637937940634316,25.000828388869675
Q9NZ45,18.74840733318038,27.06429209703934
Q9NZ52,14.810626357311127,24.729716366789265
Q9NZ53,16.756518534677166,24.357405719665298
Q9NZ63,16.865648302554522,25.284068322334342
Q9NZ72,15.248140004143833,23.399819650277674
Q9NZB2,17.699384703113314,26.341258779892325
Q9NZC7,15.569820855492768,23.57728186993011
Q9NZC9,15.867818619560587,23.992635425873765
Q9NZD2,14.339777643679879,25.339328542187538
Q9NZD8,14.93874600223555,24.996361666325377
Q9NZE8,16.09375622370802,25.011754465887826
Q9NZI7,15.308450136419017,24.770220928345633
Q9NZI8,16.86118547386189,25.129951176951202
Q9NZJ0,15.19665623169512,27.427872608123423
Q9NZJ4,17.375325705845558,24.214925224781386
Q9NZJ5,16.711272264625467,24.316214608304925
Q9NZJ6,18.03919707827105,24.00622265179229
Q9NZJ7,14.018279799275977,24.046599397785695
Q9NZL4,16.232014124966476,27.162741877050898
Q9NZL9,17.12739891720972,27.879129736160184
Q9NZM1,16.98100101673767,24.956573333467823
Q9NZM3,17.544711931014668,24.48125771916474
Q9NZM4,15.361867375199758,23.684782215786008
Q9NZM5,17.186868993146938,25.44988184226512
Q9NZN3,16.67700384155642,25.32779158372517
Q9NZN4,16.34681054170745,25.52922272393713
Q9NZN5,16.515208673381327,24.860979642038096
Q9NZN8,16.35198041459392,26.396889174008738
Q9NZQ3,15.276147674361438,24.02532318184986
Q9NZQ7,16.36604291551584,28.21769473307614
Q9NZR1,16.76421469713037,28.425752940881253
Q9NZT2,15.77265771278506,25.65125420920977
Q9NZU5,17.208989375415513,26.543206341197326
Q9NZV5,14.523215206937161,23.934703938276115
Q9NZW5,18.60386427790791,27.41619386358916
Q9NZZ3,15.24384203246706,25.241540491516663
Q9P000,15.210008688205235,25.139517017259962
Q9P003,16.28874600074948,25.894492352778684
Q9P013,18.897851953978567,26.07530810921792
Q9P015,16.15895247951867,25.24524969181639
Q9P016,18.34691022878743,27.063331586253973
Q9P031,14.419810875779302,23.97619708572529
Q9P032,16.279046464646193,27.087727451071096
Q9P035,17.822608587349375,28.348513001608936
Q9P0B6,18.099128263274697,24.316608921506713
Q9P0I2,16.359407842769738,25.83438898021637
Q9P0J0,18.00737335301634,26.398381821558768
Q9P0J1,16.80994267822272,24.44299471282268
Q9P0K1,16.35842644902307,25.466772838640836
Q9P0K7,16.093643036646533,25.24280189293611
Q9P0L0,18.7156838167633,27.797863352120793
Q9P0L2,16.255707163831808,23.658026097382905
Q9P0M6,18.991759177478514,28.536964379013313
Q9P0M9,17.51140701814675,26.207097176769548
Q9P0N9,13.695571594083304,22.986964767148876
Q9P0P0,16.284645800240888,26.086509398414805
Q9P0P8,16.787643051036593,24.488645366162828
Q9P0R6,15.271558713191713,25.77454064003453
Q9P0S2,17.539234681694307,24.969272813769866
Q9P0T7,14.481006404060665,25.83758007947389
Q9P0U3,14.680020459130072,24.444029205759687
Q9P0U4,15.53323846581579,25.143952443020403
Q9P0V3,17.635201349214412,23.88749554067756
Q9P0V9,16.585147306791214,25.526463449511095
Q9P0W2,15.988891973501897,25.71443500717164
Q9P107,15.376013211485741,24.5230116861063
Q9P1Y5,16.48790086170247,24.047105518631074
Q9P1Y6,16.114091207791677,25.408804570626387
Q9P1Z0,10.003510106214852,23.942743596004824
Q9P1Z2,15.743626182052882,23.366352366137544
Q9P215,16.80102284015864,24.968043520696895
Q9P219,14.076464899384936,24.203714591320708
Q9P246,15.009028088454308,26.291537133307674
Q9P253,17.424798062357652,25.127626354751072
Q9P258,19.312356152908173,28.810421815390377
Q9P260,16.349563215236255,24.658133215467874
Q9P265,15.941362962668059,25.166712932766284
Q9P270,16.699814075073952,25.38845369452995
Q9P273,16.708019694751133,25.51306647901623
Q9P275,16.638040925173808,24.335706759553524
Q9P287,16.774141231152825,26.957660763702663
Q9P289,16.932279354317284,25.606012723807346
Q9P291,17.926936630725574,23.44078567120586
Q9P299,16.791208684439923,24.54686132111733
Q9P2B2,17.223203872582626,25.967190888277475
Q9P2B4,17.32029639172716,25.595817132871083
Q9P2C4,16.39847394063434,25.574034225636744
Q9P2D0,16.632253326533238,23.757419920326896
Q9P2D1,17.03569907677504,24.857515040633583
Q9P2D3,15.971133404380454,24.3434550300571
Q9P2E5,16.257779943540616,24.758502452573737
Q9P2E9,19.589416466159793,27.261852682438093
Q9P2F8,15.268885406031535,23.55295724112683
Q9P2G1,17.78237760238517,23.910972590681816
Q9P2I0,17.978242338365888,26.640082973209847
Q9P2J5,19.449265946651195,28.47396270767848
Q9P2K3,14.762264024142484,25.676093370196206
Q9P2K5,18.890643244675008,28.84172507635548
Q9P2K8,15.916964616623863,23.448484835499734
Q9P2L0,17.33716047564922,23.068883792689075
Q9P2M7,15.97694730703902,24.154176296828652
Q9P2N4,15.295024153181862,24.84772929902634
Q9P2N5,16.56607302139742,26.1528145781476
Q9P2N6,14.439295443329812,24.839045148786486
Q9P2N7,16.36899396735787,25.314763687783326
Q9P2P5,12.702137003334968,21.998331836119306
Q9P2Q2,16.97840843247713,23.440695707607187
Q9P2R3,16.718514726323452,25.664871230518983
Q9P2R6,17.43652855886123,25.372246782052695
Q9P2R7,18.616117679449975,26.787145986016967
Q9P2T1,19.25989984869774,25.604830931319196
Q9P2W1,16.735219351381097,24.07199231446113
Q9P2W9,16.051569760765357,24.929547388629388
Q9P2X0,16.97215300517155,27.513535128175974
Q9P2X3,16.516106329403776,23.997780426710843
Q9P2Y4,14.565572786839796,24.250112776907713
Q9UBB4,18.77382593354696,27.90702928912774
Q9UBB5,17.453341109879965,24.791378521342978
Q9UBB6,16.640126241575093,25.1013276913757
Q9UBB9,17.116876073512557,25.65142338593218
Q9UBC2,17.172287508968633,26.142283955421327
Q9UBC3,15.561817162490993,25.388829430878427
Q9UBD5,16.00697753757263,25.400801115902997
Q9UBE0,18.738794659832497,28.21813696225017
Q9UBF2,17.371361894967382,26.720520467585732
Q9UBF8,15.700017940215949,24.047308222394182
Q9UBG0,16.4283745136464,26.565309138331656
Q9UBH6,18.02704367593863,26.748404366877637
Q9UBI1,15.789903441004773,24.886260244057237
Q9UBJ2,16.970804684081934,25.79030813137675
Q9UBK7,16.883026341667957,24.004435057912332
Q9UBK8,14.555396983762334,24.72976381305981
Q9UBK9,16.04249650267555,25.41419112866625
Q9UBL3,17.29351505596669,26.59951765112868
Q9UBM7,15.808506139692227,25.410066762709274
Q9UBN7,16.473285177044293,24.43845519914365
Q9UBP0,16.88450463638536,24.934063670507104
Q9UBP6,16.590784876745946,25.266099935760728
Q9UBP9,16.757457291199465,26.092169227703252
Q9UBQ0,18.325150392882453,26.885179007189276
Q9UBQ5,16.934761660601637,28.639267630025213
Q9UBQ6,16.77820806295708,25.988913653796338
Q9UBQ7,18.419013345406352,27.107548691127736
Q9UBR2,17.011660376072104,29.564643895594497
Q9UBS4,18.822372593641475,28.11381542258977
Q9UBS9,15.135226837687565,24.344266172073628
Q9UBT2,19.24720497161255,28.300185033771807
Q9UBU6,16.979487717907368,24.58113580363182
Q9UBU8,15.301250092269028,25.584348286827716
Q9UBU9,15.83012513406892,26.84993453958328
Q9UBV2,15.378106174073327,25.572805940789948
Q9UBV7,15.705710855167302,23.623199990050356
Q9UBV8,15.17109937427713,26.851057883841168
Q9UBW7,17.010898842994287,26.456459560367712
Q9UBW8,15.160567268204998,26.36363627473621
Q9UBX1,14.648903264713544,23.78799021340637
Q9UBX3,16.884741492772175,26.442588980895643
Q9UDT6,16.856199948039613,25.78662816088325
Q9UDW1,16.81589234244293,25.098709731265167
Q9UDX5,16.858379718371197,25.31520810320695
Q9UDY2,18.44409955721867,26.47665666815979
Q9UDY4,15.034939566344988,25.246196257210496
Q9UDY8,15.369187679408734,32.327995952859844
Q9UEE9,16.922666470228688,26.613254483372067
Q9UEG4,16.37463685367074,24.58663150559032
Q9UER7,16.409142537167455,25.77651550436438
Q9UET6,14.771868732342849,24.777333132743806
Q9UEU0,15.657071744758664,25.426263144196994
Q9UEW8,16.044369997391343,26.14510193116232
Q9UEY8,17.81564597129434,27.466554089376107
Q9UFC0,17.8914976471227,26.34658027456305
Q9UFF9,14.542105564006402,23.88930778722468
Q9UFG5,16.604440128018094,24.55476477554365
Q9UFN0,17.413361001783358,26.271706981457818
Q9UFW8,18.759361151063295,26.53256769885064
Q9UG01,16.054294750244676,25.03741679240598
Q9UG56,15.700760112875534,23.235607226405822
Q9UG63,17.73193516094901,27.430406085359152
Q9UGI8,17.212551639062067,27.599490970306437
Q9UGJ1,16.086237629851627,24.20983198765222
Q9UGL1,15.639047890612721,23.064684389028404
Q9UGM6,15.50389539122724,23.146986711897565
Q9UGN5,15.734860245867575,24.031292793800816
Q9UGP4,15.45316327897896,24.852562607081044
Q9UGP8,18.66441423953814,27.292868769239732
Q9UGR2,14.310447818415716,23.70850328945784
Q9UGU0,16.282604141065576,24.777908648261576
Q9UGU5,16.903324793572224,24.264591570339192
Q9UGV2,17.089021437903,26.39346559694507
Q9UGY1,16.952054622355814,24.80841802184547
Q9UH03,16.965847964717447,24.088207151995032
Q9UH62,16.470893860522946,25.579085258855194
Q9UH65,17.42364146861193,26.357444319884614
Q9UH99,16.48817048800509,23.88343337005202
Q9UHA3,16.183640679408523,26.188932480053534
Q9UHA4,15.123660700575547,26.43276943780825
Q9UHB6,18.60349830852257,28.327300481470694
Q9UHB7,14.70120609079418,24.261636140101857
Q9UHB9,18.260738713910758,27.443949555824258
Q9UHD1,17.419324086872845,28.031217605447537
Q9UHD2,16.387525200255396,25.87971159529844
Q9UHD8,19.976286212470853,30.211582229638008
Q9UHD9,16.268004800488956,27.35627628307321
Q9UHF1,16.68974272358959,25.381851309163757
Q9UHF7,15.591650025976788,24.004825493297734
Q9UHG2,16.127256729476024,25.68085452727287
Q9UHG3,15.926134893489623,27.431376735948344
Q9UHI6,16.579516248873123,26.136440108460665
Q9UHJ6,17.6617729956393,24.648197245122564
Q9UHL4,16.790775685612726,26.174302808203436
Q9UHL9,15.119770148951487,28.959834639195808
Q9UHN1,15.648537720377343,24.924492906041728
Q9UHP3,15.096803124363646,24.05291235331537
Q9UHQ1,15.401319985007756,30.788877964979974
Q9UHQ4,17.83471361034896,25.23111953280826
Q9UHQ9,16.798360837168758,25.96216165084207
Q9UHR4,14.693964582402195,23.655630621038842
Q9UHR5,16.652155944008634,26.93080235869681
Q9UHR6,15.55690096153661,24.63848093519549
Q9UHV7,16.283899291257217,24.311049593709008
Q9UHV9,18.383092803780723,29.130495413379222
Q9UHX1,18.923871057606338,28.513881823443743
Q9UHY1,17.791870230372183,26.1138579854032
Q9UHY7,17.30043568308151,26.305297786441916
Q9UI08,15.16777224218861,26.30468891382318
Q9UI09,16.992801543242898,25.501214318602212
Q9UI10,17.155909867675465,26.03589364699124
Q9UI12,17.41420706566838,26.69941760722866
Q9UI14,16.461001240827102,25.429133493615097
Q9UI15,17.720887729643458,27.331539712526542
Q9UI26,16.55441447951804,24.77500113358516
Q9UI30,18.494895549448007,27.43646379172794
Q9UI36,15.066980464936934,24.76138114822075
Q9UI42,14.666685036660724,24.02198429895596
Q9UI43,15.691962527144183,23.489760392540013
Q9UI95,17.00872732881671,25.426520322281142
Q9UIA9,17.32359150936624,26.721419965621727
Q9UIC8,16.147348572389383,25.196032976366617
Q9UID3,15.931602270286703,25.26392542832451
Q9UIF8,16.241040329574513,23.791044814333677
Q9UIF9,16.232286786328704,24.466101756140432
Q9UIG0,18.785946277223854,27.740489431647173
Q9UII4,16.671551202102815,24.295580692943734
Q9UIJ7,17.64760551418821,26.94663381241249
Q9UIM3,14.54631652677978,24.670668187830337
Q9UIQ6,15.97580521123604,25.15667383525373
Q9UIS9,15.83113196061942,27.111836308541562
Q9UIV1,15.99934038978491,25.588752496879913
Q9UIW2,15.728307490723047,24.109176932690094
Q9UJ14,16.72500005192649,24.838997237919436
Q9UJ41,17.09885506711608,24.910930622916812
Q9UJ68,16.870978716906322,24.83280206901064
Q9UJ70,16.638343989032375,26.43776417165121
Q9UJ83,16.012525281791092,24.191319439504483
Q9UJA5,17.345180270123766,25.689340028723198
Q9UJC3,16.48520905776832,24.228464298504356
Q9UJC5,18.113072495062127,25.396222167546675
Q9UJD0,15.474007314099056,24.502545156488583
Q9UJF2,15.556137440593481,26.45249610741744
Q9UJQ1,16.851808404337262,24.93092286390032
Q9UJS0,18.21845350122551,27.871099209149822
Q9UJU6,17.81626911304133,28.06418071639631
Q9UJV9,17.52372108457239,26.400283687509663
Q9UJW0,17.72100069715729,26.53020712766763
Q9UJX2,16.83782252538514,24.882047917182476
Q9UJX3,16.70988033188145,25.677470014072018
Q9UJX4,15.881486347472032,25.026528099949736
Q9UJX5,14.526142800528527,23.89140047352889
Q9UJX6,15.876077948127453,24.71156500034955
Q9UJY4,14.969561001338363,25.102961207036532
Q9UJY5,17.286763495580264,25.781490981388824
Q9UJZ1,17.801606484346298,28.184230064709467
Q9UK08,14.886528078800728,28.371542106530235
Q9UK33,12.742839074630185,22.821296070025525
Q9UK39,16.050005272400707,23.867736855264035
Q9UK41,16.030487319746964,25.88221464985353
Q9UK45,17.012913287562487,27.632515645415108
Q9UK58,16.84109500240067,24.84508454162025
Q9UK59,16.075369394416164,24.773800273695258
Q9UK61,17.125113079555067,25.427238503749223
Q9UK73,15.836911499270364,23.738529375708932
Q9UK76,17.766696368726727,28.616551955383613
Q9UK97,15.2199392597527,24.439460928985113
Q9UK99,14.318746856973027,24.94743597994962
Q9UKA4,15.371538670765839,24.046226575066974
Q9UKA9,17.445637287783875,25.179735537616175
Q9UKD1,18.529428260024538,24.863492260326854
Q9UKD2,16.842650300729993,27.490724864405202
Q9UKE5,15.405025811048597,27.111189599005268
Q9UKF6,17.708578636314492,27.120001814803373
Q9UKF7,14.699333412113948,24.3476346477323
Q9UKG1,16.3123026273529,26.33619546742731
Q9UKG9,15.634412136727095,24.231666552175877
Q9UKI2,15.413426512339646,24.170857667567283
Q9UKI8,15.914828236533976,25.25461120241719
Q9UKJ3,16.662113036499107,25.46245233638957
Q9UKK3,15.556910339011228,22.59557437676082
Q9UKK9,18.19910428749287,28.38364353222997
Q9UKL0,17.211746053028843,26.242622910152836
Q9UKM7,16.655173471033088,24.79129670426236
Q9UKM9,19.656188371714556,29.438759253815405
Q9UKN8,18.31912852968897,26.511452084112005
Q9UKP4,15.019370936902154,23.217149227429772
Q9UKR5,15.216346611866333,25.42356884510025
Q9UKS6,16.272743250364787,24.789807783754128
Q9UKT5,16.048891113679833,27.002714480366425
Q9UKU7,15.360224341859094,24.294394774472934
Q9UKV0,15.572908956555422,23.452670327464627
Q9UKV3,19.349336848608925,28.487188557633637
Q9UKV5,14.523356938968291,24.646623289785968
Q9UKV8,16.25962025133727,25.284580007496682
Q9UKX7,17.389826388562373,27.98729242908759
Q9UKY1,14.992601898163818,24.314650796559583
Q9UKY4,14.861419101282179,24.056686123945294
Q9UKY7,16.37435004617625,27.30544730289008
Q9UKZ1,16.737346338274886,24.7474519212855
Q9UL03,16.45119667407534,24.916598847931663
Q9UL12,13.987799593132857,23.79176424127736
Q9UL15,16.15680953560532,24.634433360583753
Q9UL18,15.409445411875062,24.396594264174773
Q9UL25,16.29245480007296,27.33522430751452
Q9UL26,15.799214575529094,23.751283905290954
Q9UL33,17.057455560769835,24.922008459016947
Q9UL40,17.064973218896423,25.878095165750704
Q9UL42,16.638666926194933,25.881403161154182
Q9UL46,18.079122057487673,28.235564036330384
Q9UL54,15.953837190181414,25.19942459367063
Q9UL63,16.05207587528788,24.667925091397407
Q9ULA0,17.09647049866985,27.003507114271912
Q9ULC3,17.61892194870471,25.47551479160005
Q9ULC4,17.806957990465605,27.40179945290278
Q9ULD0,14.841322076485108,23.558118795103407
Q9ULD4,14.536953716314175,23.63649928036562
Q9ULD9,15.392035283369145,23.628014100121046
Q9ULF5,16.127700444537126,25.268430383355174
Q9ULG1,15.669208402367184,24.21684508328066
Q9ULG6,15.051730933919165,25.114200925429493
Q9ULH0,17.390482333639717,26.637676008334836
Q9ULH1,16.95589884053869,24.82141025065031
Q9ULH7,15.52368099145535,24.608816381347566
Q9ULI0,16.85845337903218,24.534465505093294
Q9ULI3,16.054446963261483,21.916115631606413
Q9ULI4,14.550202766757662,23.62034658797878
Q9ULJ3,16.199565444759017,23.59466553515118
Q9ULJ6,14.37209803917647,24.76955322504836
Q9ULJ7,16.07951169382732,23.20134543238923
Q9ULJ8,16.40321445550054,24.66472245541214
Q9ULK4,16.28677570635276,24.90418760112022
Q9ULK5,16.55410740337917,23.63781353833324
Q9ULL5,17.30303063569996,26.434927816153362
Q9ULM3,15.742981814170594,24.444296139649495
Q9ULP9,15.727211364643047,25.153823709119845
Q9ULR0,18.785526542312436,26.478647960062005
Q9ULT8,17.507608196438447,26.148598334898406
Q9ULU4,17.292575823330893,26.25848470341202
Q9ULV3,15.578689042338318,24.80408090243937
Q9ULV4,19.2272383120858,28.91130251932526
Q9ULW0,18.380503271035423,26.788230649416164
Q9ULW3,16.605738868877232,23.832168641193615
Q9ULX3,17.29574599460748,25.53425321328839
Q9ULX6,16.258512759919807,26.026336633412434
Q9ULX9,14.833561342582831,23.32648373189513
Q9UM00,16.046948763349963,26.713605547868994
Q9UM13,16.295137186642684,24.97287249502107
Q9UM22,15.740445470766563,23.93264054422492
Q9UM47,14.997409295104482,23.784301155947485
Q9UM54,18.308337474590758,26.419183342957112
Q9UM73,16.523608509663536,23.53606095375014
Q9UMN6,16.920657300740846,23.393266782168027
Q9UMS0,18.34113148709001,26.01885971257596
Q9UMS4,19.230530131754012,29.75422809049861
Q9UMS6,19.524602290264788,29.077432549907588
Q9UMX0,16.328105945305825,27.87427269058563
Q9UMX5,18.29676971156469,28.489207646793144
Q9UMY1,16.09841349330547,26.8003071953813
Q9UMY4,17.696836703640486,26.414266418643617
Q9UMZ2,15.44781485185902,27.029123406359513
Q9UN36,15.873726942609835,25.017366301308346
Q9UN37,16.995319624637254,25.99888512892998
Q9UN70,16.404970780230787,24.55760936206602
Q9UN86,17.994106078614152,27.713651422973822
Q9UNA1,15.081357216174062,23.073276662457886
Q9UNE7,17.216590517645898,26.982410885862826
Q9UNF0,17.350117049237483,26.620532380787452
Q9UNF1,18.63087007749133,27.35551281021845
Q9UNH6,16.76406922264854,26.19188781070843
Q9UNH7,18.73828669641258,26.698010518280434
Q9UNI6,17.89911604056574,24.720257985842785
Q9UNK0,17.564630948218955,24.511336804813837
Q9UNL2,18.978839659006045,26.59564688921749
Q9UNM6,17.862219828245205,28.61355080876358
Q9UNN5,17.219152918665753,26.635469481103588
Q9UNP9,16.680443407212618,26.824141309125668
Q9UNQ2,16.839250134849422,25.706408267669026
Q9UNS1,16.655825990386948,25.210120281030246
Q9UNS2,15.30569425016854,27.316768926564823
Q9UNW1,17.1329387904777,26.630337507218844
Q9UNW9,16.378623691615815,24.039717541995145
Q9UNX4,18.49085335704909,26.379377909828026
Q9UNY4,16.53504859590523,26.7346076478662
Q9UNZ2,18.030413173937095,27.563121326907105
Q9UP83,15.332784901519542,25.255560081249573
Q9UP95,16.09676908985315,24.171467854221987
Q9UPM8,14.237997256783085,23.786198723088038
Q9UPN3,18.55086831980715,26.56880127969293
Q9UPN4,17.348790673810367,25.577383022896072
Q9UPN6,16.104737050253622,25.43393349702173
Q9UPN7,15.5009705821598,24.73515370312276
Q9UPN9,16.938691718834505,25.746987928326824
Q9UPP1,15.353739784012989,23.959859321702417
Q9UPQ0,17.29611963650226,27.319844836094838
Q9UPQ3,15.418118887061507,24.746548268259044
Q9UPQ9,15.177082989288767,24.56060140647708
Q9UPR3,14.979569811889371,23.623980441673528
Q9UPT5,17.955736547142187,26.093833485936656
Q9UPT6,15.199811245596187,24.083755315174972
Q9UPT8,16.040557611163507,25.9389942061938
Q9UPT9,16.81036912644495,23.286455250247496
Q9UPU5,17.46907629900215,25.33976890972406
Q9UPV0,14.460824671583628,20.429860291354334
Q9UPW0,14.432192797984344,24.79122018287454
Q9UPW5,16.105513319763222,23.411179320871817
Q9UPY3,16.279256205063106,25.52228797435639
Q9UPY6,16.241650843330426,24.7993786172484
Q9UPY8,17.553768394376238,25.03451362962727
Q9UPZ3,12.802508049338957,26.80154039078568
Q9UPZ6,16.143771353782423,25.313759836317335
Q9UQ13,15.103030395538237,25.85745229080515
Q9UQ16,13.620283984597265,27.82267420448905
Q9UQ26,14.979758841011591,20.40739329244107
Q9UQ35,17.970229870635688,28.36555773195012
Q9UQ53,14.450063584208829,23.02435158340001
Q9UQ80,18.405999905259705,29.906184827394977
Q9UQ84,14.127228075254816,23.460357526203342
Q9UQ88,16.775637048998945,24.195080112717232
Q9UQ90,14.914081579860886,23.13720271036955
Q9UQB8,17.378620276918966,25.678733433381918
Q9UQC2,15.741232504824236,25.70383169692872
Q9UQE7,19.48752018741739,28.165104211043918
Q9UQN3,16.857451352661457,27.154658027167912
Q9UQR0,16.950281356095573,25.715998592170624
Q9UQR1,15.958283695389385,25.03686968104497
Q9Y217,17.134216560399256,24.895674820518977
Q9Y221,16.10646097766851,27.203189313927343
Q9Y223,17.690076657430026,26.50474292471236
Q9Y224,18.1376477735011,27.90503348445655
Q9Y227,15.25902821111941,23.592874782344126
Q9Y230,18.738684396392298,29.652320776070585
Q9Y232,16.095937739775444,25.325419848999044
Q9Y237,18.851569718033048,28.089739118319006
Q9Y243,16.709547933886423,26.432214720265733
Q9Y244,14.86441775511079,24.61376603161866
Q9Y248,15.927267781428734,25.44522156687007
Q9Y250,15.251087977652608,23.73914868880562
Q9Y262,18.83134028745153,29.83534695445443
Q9Y263,17.288672353979983,27.162369452477893
Q9Y265,19.64848398082763,29.706580471455766
Q9Y266,20.091896546014155,29.41543922101638
Q9Y276,16.711613876979317,24.639738751197886
Q9Y277,17.95780810505205,29.07455178967303
Q9Y281,20.086997023549397,26.215814090852447
Q9Y282,15.810317783564539,25.45739976132297
Q9Y285,15.37392422972159,29.339932636412442
Q9Y287,14.807480038760618,24.35190247682528
Q9Y289,16.256588456811087,25.852038526922748
Q9Y291,15.544303408271025,24.87352704903984
Q9Y294,17.94094421774698,25.634183479449447
Q9Y295,16.974636408625884,26.71780204690628
Q9Y296,16.634789453061895,25.27445065973578
Q9Y2A7,18.57731172380789,26.680870337876158
Q9Y2B0,16.161814284847896,28.14169763870163
Q9Y2C4,14.623176579282267,24.303821779606317
Q9Y2D4,15.178173988756395,25.72658671526973
Q9Y2D5,15.496591048184586,25.18328555405395
Q9Y2E5,13.623027551346553,22.954085704659143
Q9Y2F5,14.36798561406575,25.637602740543503
Q9Y2G0,14.209682195590412,22.499424766488968
Q9Y2G3,14.848457736260102,23.90781176157433
Q9Y2G5,17.713223380856057,25.53728850911742
Q9Y2G8,16.38981807185113,24.13099483024856
Q9Y2H0,16.809450159920768,25.080551643868542
Q9Y2H1,16.05351520183291,24.772511497169134
Q9Y2H2,16.17399376452969,24.062045890606015
Q9Y2H5,16.54355574355291,26.196846067721893
Q9Y2H6,16.963288424854856,26.182655306124452
Q9Y2H9,15.460854954317671,22.566207836008946
Q9Y2I1,15.622714771312822,23.787848270995696
Q9Y2I7,16.162873398893545,24.291837388836274
Q9Y2I8,15.569516942589253,24.742891161093446
Q9Y2J0,15.348103616452573,24.394898782830456
Q9Y2J2,15.895505465232526,23.81166004814943
Q9Y2J4,14.396063312193272,26.79273242941294
Q9Y2K2,14.317997836153674,22.82725488875338
Q9Y2K7,17.569040698456927,25.347437215972413
Q9Y2L1,18.196278333497485,27.74633388357036
Q9Y2L5,16.417722798545746,24.344384705382033
Q9Y2L9,17.156989447956114,23.987284052063483
Q9Y2P4,17.36248552768805,25.027688330504933
Q9Y2P8,18.049999531154786,26.124802374943272
Q9Y2Q0,16.131357311204248,23.556379209188094
Q9Y2Q3,18.388797076431125,27.505286193452733
Q9Y2Q5,16.234364085767126,26.052356568978194
Q9Y2Q9,17.00400827246336,25.88267181778872
Q9Y2R0,17.124885305884895,25.669583347045148
Q9Y2R4,15.305638087232351,24.792663219313454
Q9Y2R5,16.47970322731067,26.453299980184
Q9Y2R9,17.254312344951902,26.638085275938618
Q9Y2S6,18.392618735490384,28.0006912315091
Q9Y2S7,16.95870914239714,26.325178988992345
Q9Y2T2,16.600572880638136,26.318322867755402
Q9Y2T7,16.420150045608597,24.616237214659943
Q9Y2U8,17.400966411969485,25.78616474051806
Q9Y2V2,16.324109771097383,28.596376945263827
Q9Y2V7,15.34405064047158,26.306482225786077
Q9Y2W1,18.737055517652156,29.017116007749262
Q9Y2W2,18.180717270310197,27.265634738340307
Q9Y2W6,16.96871816069509,25.817492445561346
Q9Y2X0,17.540514159946742,24.735948353804012
Q9Y2X3,18.402711625068623,27.986260432997867
Q9Y2X7,16.79880084547319,27.57175479136412
Q9Y2X9,15.710672735038113,25.071006861843312
Q9Y2Y0,16.162366347319225,25.334993813635027
Q9Y2Z0,16.893127496538867,27.60599297555989
Q9Y2Z4,16.81216267856135,25.594707008244008
Q9Y2Z9,15.278868598296041,23.747777190041255
Q9Y303,16.36988510007262,24.752833918815973
Q9Y305,16.51808098688686,26.315654725173683
Q9Y312,16.65687112058148,28.227825057631698
Q9Y314,17.742596283221342,26.476355273798287
Q9Y315,17.514232135413685,25.580514188432165
Q9Y316,17.314736349029022,25.314612849204856
Q9Y320,18.02363723495781,26.13377229354956
Q9Y333,17.897413176613767,27.965908791059665
Q9Y343,17.639348717321127,23.678471515946374
Q9Y365,17.06522081961631,24.060942349542017
Q9Y371,16.652267256614376,26.526371643121834
Q9Y375,16.550480413240724,24.975643701234873
Q9Y376,17.277124516168204,25.938990244194116
Q9Y383,18.405743679454115,28.429466570447712
Q9Y388,17.865185751680535,24.841678359006732
Q9Y394,17.262053848007785,27.414722497477737
Q9Y399,16.381335483516214,26.178732220335302
Q9Y3A2,16.889185859211487,25.202339722111606
Q9Y3A3,15.489093224185918,26.902224403087448
Q9Y3A4,16.969214493987536,26.520652052999782
Q9Y3A5,17.82196285837341,27.39912875394986
Q9Y3A6,16.718373667813534,26.677339699368876
Q9Y3B2,16.296867376760577,26.55009039554033
Q9Y3B3,18.959984957487787,27.90805880767803
Q9Y3B4,17.646256570182018,27.70670276282747
Q9Y3B6,15.66790145493187,23.767982652345662
Q9Y3B7,18.688165375248932,26.15207815976941
Q9Y3B8,17.44180609072981,26.762263777919472
Q9Y3B9,17.642398669914446,26.56994077886693
Q9Y3C0,15.885008230087657,24.559757795519804
Q9Y3C1,16.92441819471507,26.161992714155204
Q9Y3C4,14.088425915019368,25.13663132635543
Q9Y3C6,17.002731340793666,27.9546292699895
Q9Y3C8,17.913940645407543,27.329181323694538
Q9Y3D0,17.17808675731425,25.497404783435623
Q9Y3D2,16.232015999318307,26.330390815827876
Q9Y3D3,17.06844276592272,25.879849143149904
Q9Y3D5,13.712980458151899,24.69027527574464
Q9Y3D6,16.42249139302612,27.031106036724996
Q9Y3D7,15.742021435064277,26.340226786775865
Q9Y3D8,15.960556174402235,25.06056567074213
Q9Y3D9,17.767728735918602,26.558914765993254
Q9Y3E1,18.816374489087924,27.059328337239922
Q9Y3E2,15.544991088764103,25.96891094533236
Q9Y3E5,15.930715395793047,26.23729012856564
Q9Y3E7,15.87918021122654,25.712661254632412
Q9Y3F4,19.364699308726234,28.90588688351014
Q9Y3I0,19.011334646814625,28.988040288646772
Q9Y3I1,14.678210134384406,24.396684407462107
Q9Y3M8,13.93266753837751,21.9526067147309
Q9Y3P9,17.554506414744576,25.528146699878207
Q9Y3Q8,16.317398834039334,24.0734353242663
Q9Y3R5,15.573743624268321,23.187244228082765
Q9Y3S2,15.16730249037074,23.811438589631344
Q9Y3T9,18.05980538777207,27.54450463155791
Q9Y3U8,17.882987070031263,29.70855461276158
Q9Y3X0,16.58703392822598,26.77248368873922
Q9Y3Y2,15.743945629199382,27.089961826109864
Q9Y3Z3,17.73433905213859,25.682696188451157
Q9Y421,17.907763544698245,24.65404065965939
Q9Y448,16.917112522701732,25.320042655869948
Q9Y450,17.564312020262886,25.98299188523002
Q9Y463,14.719782741560149,24.695669508682226
Q9Y478,16.350848331336003,25.24907094396802
Q9Y483,17.130138826524416,23.362448062088795
Q9Y484,15.934541764180308,24.258151228670673
Q9Y485,13.349881535628974,23.46453179106877
Q9Y487,16.51877116271128,24.397782440411593
Q9Y490,19.85928084176426,29.085768383138802
Q9Y496,16.746997928849034,25.70318219109153
Q9Y4A0,12.659525063534511,22.36891936892436
Q9Y4A5,17.79981144933783,27.4769161840718
Q9Y4B4,15.93331859301734,23.042292608382276
Q9Y4B6,16.39142054728614,24.80272458943526
Q9Y4C1,15.808713936634886,23.428405988754047
Q9Y4C2,18.20823864571698,26.695375170894735
Q9Y4C8,15.963574254973052,25.16402304946307
Q9Y4D8,16.013833479315714,23.22187389874932
Q9Y4E1,14.956890060608899,24.145864451375232
Q9Y4E5,16.75292982898315,24.103988156877044
Q9Y4E6,15.344891474676515,24.12798865522046
Q9Y4E8,16.106823812389454,24.831550140132332
Q9Y4F1,17.816469544909335,25.81396367390616
Q9Y4F5,15.530504387119201,26.177796517475727
Q9Y4G6,17.069558330508478,26.89390451525606
Q9Y4H2,16.480063117679823,25.279986118298506
Q9Y4I1,16.318909874003477,26.18984798602515
Q9Y4K0,16.878302423381047,23.204523981754516
Q9Y4K3,17.251914295206234,24.465740449510644
Q9Y4K4,17.15814614955071,24.547686326560488
Q9Y4L1,19.602601161112236,29.96104934052226
Q9Y4P1,16.19442766102903,24.55937621522704
Q9Y4P3,17.188973510523393,26.523563486452545
Q9Y4P8,16.848308734726377,25.455397012540633
Q9Y4R8,17.475337359431975,26.166414370371427
Q9Y4U1,15.67991099264458,24.86432336994949
Q9Y4W2,16.656772520164374,27.227508590880877
Q9Y4W6,17.34978701999985,26.102172499568503
Q9Y4X4,16.067240089170618,24.22082362742934
Q9Y4X5,15.919315599846536,25.449168286529808
Q9Y4Y9,19.339997985870408,21.96033607845234
Q9Y4Z0,18.93321350579578,28.59933039373738
Q9Y508,17.843599072822734,25.93060842939742
Q9Y512,17.9405092738634,26.912642988467805
Q9Y520,18.276927093109336,27.10796283325988
Q9Y530,16.040609585150012,25.099761069781508
Q9Y535,14.974191541614898,23.496929460147243
Q9Y546,11.776615255774535,23.567782623091375
Q9Y547,15.7977131100597,25.970088251680185
Q9Y570,17.24095060852696,27.517568142719718
Q9Y580,14.72197025124727,25.458073682255304
Q9Y5A6,16.41917625636547,23.255529575521187
Q9Y5A7,15.499949357054474,26.835578527116972
Q9Y5A9,16.851899883508704,27.018333596242726
Q9Y5B0,15.391637421134416,24.74139804596379
Q9Y5B6,16.514474334913004,24.8423900060396
Q9Y5B8,17.334858109192883,25.381490110545737
Q9Y5B9,20.08000655302554,29.151358495267324
Q9Y5E6,16.17672837956877,23.559899024651315
Q9Y5E9,15.088915054074247,23.457091382922222
Q9Y5J1,16.32579908325084,27.316736880370122
Q9Y5J6,16.59124411046495,26.460321323190826
Q9Y5J7,16.936237262535503,26.346177552719936
Q9Y5J9,18.509185305089353,26.031822607278954
Q9Y5K5,16.717411555733555,27.625729563269342
Q9Y5K6,17.18751832618181,25.2568479124843
Q9Y5K8,17.148226975403933,26.556393277151585
Q9Y5L0,19.156610970835775,25.945254682598637
Q9Y5L4,15.374012279463,28.365034115413874
Q9Y5M8,18.174547249775102,27.406276898543464
Q9Y5N5,16.35507718091852,23.993745210385388
Q9Y5N6,16.858814949765897,24.93741858795849
Q9Y5P4,16.705407623667206,25.176661986547284
Q9Y5P6,17.648258093670183,26.975024642941207
Q9Y5Q8,17.30828480716813,26.57165740641738
Q9Y5Q9,17.003553413939546,26.66125779480159
Q9Y5R8,15.772175026915006,24.879098257357914
Q9Y5S2,17.65356772626695,25.667452575444386
Q9Y5S9,15.264041551507459,29.09289716874015
Q9Y5T5,16.560642916625266,29.713753827213445
Q9Y5U2,15.768289620851853,26.87905941586675
Q9Y5U9,15.812070567140761,26.895039236838052
Q9Y5V3,16.724583129808916,27.05908871451611
Q9Y5W9,16.570014383052843,23.933860722756574
Q9Y5X1,16.714796441817505,26.155573672532505
Q9Y5X2,15.259834826615363,24.52176746522109
Q9Y5X3,15.430919870830893,25.64612268080282
Q9Y5Y0,16.30441347676843,24.58643604055359
Q9Y5Y2,16.331500206448563,28.279395337356586
Q9Y5Y5,16.906010872069643,23.47295621952512
Q9Y5Z4,14.490937345620313,25.39825004225266
Q9Y605,16.473654836102668,25.56162599408225
Q9Y606,15.6735601964615,25.043585178067616
Q9Y608,16.299487531363337,25.31196813583622
Q9Y613,16.420010224851804,26.30945918565102
Q9Y617,19.638252323410146,29.33270636075954
Q9Y618,15.652989085960687,25.206629679615418
Q9Y619,16.44766878238343,25.521414563564463
Q9Y620,14.737520938946044,24.78104102887375
Q9Y624,14.571570359824117,22.997531486140762
Q9Y639,15.884282827718902,26.153754187403152
Q9Y657,17.246095731491216,26.45705238335512
Q9Y664,15.835593027963837,23.793297787685134
Q9Y666,14.908222626203933,23.678858855036985
Q9Y672,14.613634859799406,23.841126741009433
Q9Y673,16.948770636359193,26.128883653993935
Q9Y676,18.72434286756719,29.18757530809242
Q9Y678,18.670597011478232,27.91847985359224
Q9Y679,16.9052886688616,26.29488137947861
Q9Y680,16.909012727817654,25.84405264089766
Q9Y692,16.444646697347572,24.53469851215531
Q9Y696,17.78963701233666,28.76062857258514
Q9Y697,17.350994701499463,25.970200402642593
Q9Y6A4,17.227609676480952,25.80054889539085
Q9Y6A5,17.43085787155709,25.678334328560734
Q9Y6A9,14.873596548084347,28.816718875337017
Q9Y6B6,16.87744295417912,25.60021053648887
Q9Y6C2,16.708959919887835,27.895199599045444
Q9Y6C9,17.99683342245917,27.60688489636422
Q9Y6D0,16.649211120666074,25.5851176493933
Q9Y6D5,15.096894039229792,24.496356906598578
Q9Y6D6,16.32607077017172,25.091274615571567
Q9Y6D9,17.994295054559327,26.264181054015125
Q9Y6E0,17.55290070335531,26.53245538767601
Q9Y6E2,17.836416761681345,27.57599283585145
Q9Y6G3,16.504655562300695,25.52156632545014
Q9Y6G5,16.428788458292487,25.18827989032658
Q9Y6G9,19.252193726361675,27.866891001151338
Q9Y6H1,16.247411634509266,24.231392079564092
Q9Y6I3,17.506913691096706,26.507686658771828
Q9Y6I4,15.391719977900765,24.47850660257299
Q9Y6I9,16.504672396999506,25.64390941627674
Q9Y6J0,15.918435968423838,24.17906328527533
Q9Y6J9,15.893559402825323,25.357118878903847
Q9Y6K0,16.481224677297572,25.974036848677013
Q9Y6K1,17.20385697483322,26.775039705907346
Q9Y6K8,15.910028673735647,22.901034987136047
Q9Y6K9,16.424509520243323,25.78694740805087
Q9Y6M1,17.637523711990468,25.856754130565502
Q9Y6M4,13.425486492537432,23.87413102295058
Q9Y6M5,17.107419899449482,24.49186997346176
Q9Y6M7,14.74295813803248,25.76765203337998
Q9Y6M9,16.017161353433785,25.728732840572103
Q9Y6N5,15.225499619891432,24.953856514024118
Q9Y6N7,16.840462537214577,24.879205631944327
Q9Y6Q9,13.79743085181579,24.963715311685792
Q9Y6R0,16.073856068420852,25.417699214883424
Q9Y6R4,15.679071626301512,23.03052738617585
Q9Y6V7,16.38177939302241,24.619198214725948
Q9Y6W3,15.989629400627276,24.47168271766069
Q9Y6W5,16.832538574801607,25.85484361952706
Q9Y6X2,15.058526487709798,23.402706724863204
Q9Y6X3,15.657027257091032,23.86525459820391
Q9Y6X4,16.516979479738524,24.706517992151106
Q9Y6X8,14.527517935598254,25.611452454328905
Q9Y6X9,17.47482805906079,25.45083340028417
Q9Y6Y0,16.178141366760126,25.683374525757582
Q9Y6Y8,18.434737418636438,26.521532015680965
