ProteinName,TMT,LFQ
A0A0B4J2D5,22.218501818748162,29.80986050544334
A0AVF1,17.204524758140465,23.728722799809944
A0AVT1,23.2368292877329,30.26118503698781
A0FGR8,20.728085158397786,28.159836776270343
A0JNW5,17.525246055380308,22.694401887538444
A0MZ66,20.868288305878817,27.20894823388533
A0PJW6,17.883708510789965,23.95216464196451
A0PK00,19.171668710481924,23.517632027293356
A1L020,19.328304847556048,28.073925934205143
A1L0T0,20.216802165014155,27.72093176080997
A1L390,17.997213778945845,22.930826653001066
A1X283,22.62188590726391,30.25369295431415
A2RRP1,21.144614180374024,28.108854002701342
A2RUC4,17.361628475199574,23.564071901686468
A3KMH1,21.061049243383398,30.30341096312643
A3KN83,20.412702867761315,26.40795318959061
A4D161,18.628567572804563,23.524468184449074
A4D1E9,20.090767672346516,25.607255831873676
A4D1P6,19.191192617765182,24.098800111184378
A5D8V6,16.43714705698491,25.516876704382295
A5YKK6,23.320495159700364,30.51499698828453
A6NCE7,21.856233409394967,28.667538781021126
A6NDB9,20.013073810842386,24.85443103678638
A6NDG6,21.346380895026638,28.00241642210202
A6NDU8,18.442415121181188,26.035521249214437
A6NFI3,18.769553683065592,26.131577817718924
A6NGN9,20.028580132066974,26.98072261790189
A6NHL2,15.993978495658034,26.745583278702522
A6NHQ2,21.202655943372218,29.65164451933649
A6NHR9,23.566049254529247,31.89306460105507
A6NIH7,19.535034052188767,26.20984339744299
A6NJ78,18.887002646316073,24.826235945052225
A6NKD9,18.164941657404928,24.15354801162692
A6NKG5,24.157691932408238,33.53071079647514
A6NNE9,14.188560521799278,22.33700143593863
A6ZKI3,19.939135527643376,22.587004438200026
A7E2V4,20.154484222428373,24.902745183746706
A7KAX9,17.802060465378037,25.091226775045296
A8CG34,20.188049440110913,25.50454100848287
A8MT69,20.735437565548764,25.65254798885937
A8MVW0,19.817305902756253,25.361736099931374
A8MW92,18.763132857641693,25.937856740310952
A8MWD9,21.007101152572833,30.607794258037238
A8MXV4,19.415491015114196,27.648495562717542
A9UHW6,20.34371099500699,24.74800090738294
B2RUZ4,16.36011673660903,23.92309730857464
B7ZAQ6,18.82585435557903,26.288487250173905
C4AMC7,16.911248371302914,24.571563619249712
C9J7I0,20.215139430784923,25.03178078033147
C9JH25,19.43003360371588,25.911451032940427
C9JLW8,20.72756216697053,28.693404559670732
E9PRG8,22.19466380751632,26.95415888425747
L0R6Q1,21.565926327645595,26.548520811422126
L0R819,19.803561146729418,26.884568005246773
O00115,20.21552036833561,26.246542116578283
O00116,21.728004382770685,30.238440842701475
O00139,22.004813998606767,29.605738483469842
O00148,20.53693726992748,29.69385079865679
O00151,20.34140670555262,29.835126496674704
O00154,22.549043656345287,32.42787065724455
O00159,21.73025580578525,31.122456922979428
O00161,21.409738551397652,28.942556644667974
O00165,20.156941578142423,27.54344575123451
O00170,21.109083102988123,29.731987610994647
O00178,19.94902070144535,27.146620713550988
O00186,20.94508642765032,27.83092259779025
O00189,15.738540269708228,23.3840679353659
O00192,19.23024492432853,27.559086425384262
O00193,21.943854931453,28.40992961066851
O00203,22.515477940368722,29.870101466564833
O00213,19.924927325808202,25.17067560596334
O00214,20.80197962802131,26.89711220392519
O00217,19.048459041987478,27.772630919661072
O00231,22.581639549214156,31.842541112016907
O00232,22.85452045546092,30.981659655573562
O00233,20.982476205109737,28.91998252941976
O00244,21.976961841740287,28.175836543510997
O00255,20.7317305315918,27.093529704367086
O00257,19.581129915387923,24.996657905652054
O00258,20.969251206121825,25.88565378791581
O00264,20.178514163281328,30.422990015859064
O00267,23.245282767407904,30.63187344379872
O00268,20.060825363605765,27.694093132951995
O00273,21.04197955313934,28.552025809535973
O00287,18.801805264634766,24.16476264099783
O00291,21.37752968776623,29.725136313903697
O00299,21.189537767777207,31.748700829295323
O00303,21.60142356014412,31.263767202475474
O00308,17.5253651163796,24.66589244396388
O00311,19.74470635458977,23.55275257744716
O00330,21.33935285153419,26.953224303232332
O00391,18.84342913121584,24.6730321040396
O00399,19.978333739980524,25.694011763054593
O00400,20.17617079285109,25.628623447229575
O00401,20.41059937848955,28.54087343524684
O00410,22.86618078663526,31.294370743875547
O00411,20.39774379565993,27.370255986958195
O00422,22.52322182221678,29.139223150216793
O00423,19.67610833340972,26.743182693411356
O00425,22.915423112782765,31.123609433332426
O00429,23.236411492951785,30.891180408956274
O00442,20.799393832263544,28.043175170009192
O00443,21.463254822103845,27.80012848340681
O00458,20.922100503839495,25.07018774195192
O00459,18.907014982775078,23.733799637123223
O00461,21.904168922812023,29.43511770662817
O00462,18.488600080370745,23.18164349195715
O00468,19.244965973825938,26.069547550776225
O00469,21.302718234183807,28.97907132595475
O00470,17.895018662978455,23.63908297949646
O00471,21.235902670709127,27.94406378217023
O00478,17.4934398767134,23.833562146805487
O00483,20.894781179272698,28.59493560964235
O00487,21.89570554815195,31.100267028621346
O00488,17.80691564884372,26.046962087195723
O00499,20.399172820492,29.455888805346536
O00505,21.18058414284834,29.03557062610957
O00506,16.517628115446403,23.25462563617408
O00512,19.536698490135073,26.017213658248988
O00522,20.209398377730125,24.834156819097327
O00541,22.06595691279374,29.151413535785828
O00559,17.73102920320045,23.863082482692622
O00560,21.09378464586379,29.63508008988648
O00562,18.705145186306805,23.778114637719582
O00566,21.45773508520677,29.33677829500425
O00567,21.391857543334094,30.924522332617038
O00571,22.361587708775296,30.692482931584344
O00584,19.385439334201003,28.100425586244413
O00592,21.93090001382889,27.649590930428854
O00622,17.36122296560654,24.815273735841792
O00625,19.977708185178102,29.149405882528633
O00629,20.729888762995984,28.597953367287307
O00712,19.723072810073443,28.53750619903236
O00716,18.10348181120974,23.046318873761805
O00743,23.087689240560188,27.63396978857886
O00746,20.30691033006058,28.697226300860194
O00754,20.388677962728583,28.535762056417216
O00762,18.90157408192227,28.423299592459
O00764,18.982510704089613,27.19900240697345
O00767,19.228728754066246,26.65923640764695
O14455,17.909961739498502,27.627525862362138
O14467,19.123413819082767,28.029484184183584
O14497,22.910987069528566,31.62328627937489
O14519,20.0067400673815,26.003535432954667
O14523,18.009429538405637,24.351822934294322
O14529,17.14511105603059,23.98873816019783
O14530,21.1836698217429,28.22584220722399
O14531,22.389380107919806,30.539080411703573
O14545,15.100981187864601,24.73307393767957
O14548,19.53375032965508,25.647596486320072
O14562,20.63745212782701,29.030619027655362
O14578,20.749249779038387,26.196475028163963
O14579,21.522629079037387,30.617385309765652
O14617,22.0891874918033,29.426105007972126
O14618,19.566599282073202,27.93159044064063
O14628,16.53580647494055,23.208642495246835
O14639,18.65888207804631,28.065441327547465
O14641,18.87013406815292,27.268479437692413
O14646,21.492151892655947,27.776505843002294
O14647,19.92043234091597,27.886815169060377
O14653,20.416754920410156,27.06392466235386
O14656,20.725851836808516,29.052483203534774
O14657,22.43742622016604,27.817657320651787
O14662,19.440062980882082,26.32997691859079
O14672,19.157523503596817,27.952549569074012
O14678,19.37064227718871,24.18472884171197
O14683,19.27043561462515,25.754815573403988
O14684,19.997926635854494,26.042072780123124
O14686,20.166436034106393,25.706286904938434
O14713,18.464179254906796,24.441546589502934
O14727,18.368877454887215,26.110271977987598
O14733,20.83439003314375,25.392441539775653
O14734,20.223602019424096,27.195403383083416
O14735,19.112573897925778,26.476332764549777
O14737,22.03340929915509,30.115160037866186
O14744,22.674741921593117,30.130632315682373
O14745,22.097430078154154,30.02163982659109
O14757,20.195503105547044,25.708877573145877
O14763,18.140004553904408,25.092413386657054
O14770,18.184932132802235,25.642576924879705
O14772,18.27627941940014,22.540300472012227
O14773,21.148998499274352,29.17285391252464
O14776,23.214534881951874,31.583023087167557
O14777,22.802905750868952,28.980818877890552
O14786,18.54652452446395,24.864722973124394
O14787,21.623875492431917,28.54648434713838
O14795,19.335707489728325,23.786611536164315
O14802,21.14047293953233,26.512643499469927
O14810,17.97547168619387,25.036307408196382
O14813,21.3842169434239,29.767492329441268
O14818,22.18321983473581,30.894771086605946
O14828,21.33817514175715,30.35437470389898
O14832,19.175244278874647,23.67572869591998
O14874,19.895271434808876,24.936704922233172
O14879,16.96633950269135,27.236473186491825
O14880,21.53068554065642,28.052609004765685
O14907,20.37711550718087,28.1697757653332
O14908,18.985827959785354,28.684578047014554
O14920,20.17703673906399,24.250253522111052
O14924,16.346596468457008,23.91385679597038
O14925,20.302873863318368,25.782091511071265
O14929,20.704716863036293,31.031807899509452
O14933,20.99565916935714,25.79375438410685
O14936,20.844579518782112,27.72573682326261
O14949,19.245395817451936,26.149016759308505
O14964,22.631590565802735,29.661895484531836
O14965,19.71230912845398,23.807978543760047
O14966,19.414086104388392,26.298000441712688
O14967,21.416871731619484,29.248402182141454
O14972,18.30634281520934,24.238366032458774
O14974,22.764334581898375,29.760749416763588
O14976,19.822757250240603,28.272205476839776
O14979,22.702525168371846,32.63865575472486
O14980,23.40268944774009,31.627583216776635
O14981,20.86968123534192,27.988570263666716
O15013,19.666677854148976,24.922041974686174
O15014,20.096873918376676,27.32015214989159
O15020,21.95621835374991,28.78260543375855
O15027,22.222100864362016,31.443361667887213
O15031,22.226970249005053,29.127409487261197
O15034,18.299773562416238,23.7932481678083
O15037,18.70607933018977,22.83195557426392
O15042,21.907067355427582,30.74006869197764
O15047,18.87092808706211,26.424391503923594
O15054,18.169207320516676,23.00153309839109
O15056,18.23974922163039,22.317644188417628
O15061,19.930877186655717,26.148014917188235
O15063,18.368928688280047,25.3291936129223
O15066,20.1706620301569,26.11337124181913
O15067,21.56040331857096,30.68570291084557
O15068,18.83451987393632,23.67542235965676
O15069,19.03078587612731,27.715064420558047
O15075,20.113088350134802,26.628429311315355
O15078,20.126414400524062,24.263859815378982
O15084,18.198036269634578,26.165970080355667
O15085,21.219618370601385,27.519230692432206
O15090,21.2938754614994,26.25764243548359
O15091,20.844212475667803,24.73669130736067
O15111,20.46224442716916,26.789185449438595
O15116,19.25138980747118,27.216281560983468
O15118,19.840918758816183,26.4057755186874
O15119,21.15047833020458,25.450068018157733
O15120,15.464387727008505,24.056642758636922
O15121,19.61288998123018,26.72473227000207
O15126,20.798105658942948,29.423855252580427
O15127,18.782052284874627,27.10704048553453
O15143,21.94654583688013,30.57652504450366
O15144,23.2870212842872,31.84388253901252
O15145,22.89906544302851,30.616879723238014
O15155,21.032263770918846,27.24650178810808
O15160,20.34458380587451,28.181670165564547
O15164,21.05173494007968,28.50610685126331
O15173,20.808821653568423,29.82728855471219
O15182,21.055177296555485,25.561355339846834
O15211,19.97769588202743,23.527923059162024
O15212,22.289406580643313,29.97208557021456
O15213,20.574488342387475,27.63398267201587
O15217,17.616879375298662,24.119019702533443
O15226,22.094297444194297,28.882194101882135
O15228,20.282767106892294,26.430724683308927
O15230,19.56297696282572,27.68292425570907
O15231,20.39949018529782,28.29838677117754
O15234,19.68273887124209,25.055687026786156
O15240,24.584436517430223,35.312142492103526
O15254,19.437621437563468,25.876675507319074
O15258,21.362522570497177,28.97960136840626
O15260,21.179910468532317,26.93358952982988
O15269,21.474674600213053,28.831541085008347
O15270,20.863146424932047,27.884613935431922
O15294,22.551971128854785,29.972670685244214
O15297,15.265649783476102,21.972497110719438
O15305,19.36471919048405,29.450354287534847
O15321,20.60331715464084,25.931625622276492
O15344,20.528041526964458,24.69642296701278
O15347,21.058408046401198,30.666047925005053
O15355,22.866455476494565,32.82892049385148
O15357,21.723311461676357,28.18319394524092
O15371,22.513959399590494,30.929153868326114
O15372,21.977025804452346,31.10389556775584
O15379,16.61734234059697,27.14424539623444
O15381,20.926408027811387,28.582746605628028
O15382,20.853796351504936,28.27710041723425
O15392,21.526478607227332,25.343636224287906
O15394,17.600117139566137,24.833203169634015
O15397,19.259439368272073,29.520649115896088
O15400,19.331470151933885,28.088998178092485
O15427,20.051233440113542,25.949953290001734
O15431,17.992639605690727,25.70636619547499
O15439,19.528340518172605,25.415415263453674
O15440,20.607000859683957,22.71925448624113
O15446,20.802478330331144,27.865028085426033
O15460,21.931929189528205,29.2545257974814
O15484,19.904008257197873,25.46903427669117
O15498,22.35004206197879,29.661808792739116
O15504,21.565919833240507,25.363177857465
O15511,22.89623994024242,30.238006781509625
O15514,21.880010001420924,27.654521223193548
O15525,18.998240486437652,25.988425199847757
O15533,20.570030660552405,24.5773403091814
O15541,19.850813149917204,25.72784368984945
O15550,20.03998290537804,23.25061127605624
O43143,24.048308777060534,33.025490770983346
O43148,21.322212930575244,29.628108248709182
O43149,20.61884289064421,25.062185297632265
O43150,19.662570019868145,27.903726379405303
O43156,19.252807214431282,25.894216305671492
O43157,17.397010331651696,24.072106019702044
O43159,21.192539227336884,28.270186015449855
O43164,18.181157936068153,24.906030242420623
O43166,20.75083350986039,28.112139709407675
O43169,18.531167180325028,29.776203587383037
O43172,21.945741821269582,30.618291402361454
O43173,18.691662595633172,23.293899722634304
O43175,23.71788293445509,32.628022426633926
O43181,20.484312145632273,27.505295432278896
O43237,22.783793983209634,30.60158837079226
O43242,23.8414876478495,31.86737874581212
O43251,20.557521467402918,25.23058560804778
O43252,22.187489180670855,30.646871736544856
O43264,20.93520960354583,29.1148876173265
O43281,19.47387415170415,25.601170851945184
O43290,22.80720051173186,30.868439879968626
O43292,21.23241253593086,26.33201139197714
O43293,19.972559354978358,25.448204704492074
O43294,19.117680486531295,24.418946802533423
O43299,18.313015198040834,22.59121962891485
O43301,20.145595199670282,26.60317589764797
O43303,19.651089330964897,25.088078488695814
O43306,17.242639219589435,24.01438107652191
O43310,19.189232402831145,24.4912892499619
O43314,19.654369592404883,27.023895807629327
O43318,19.608841949538125,26.09933595060643
O43324,21.73595954395997,29.164763022154244
O43347,18.934906563542818,28.147887331424148
O43353,19.669706332788262,27.583743316651844
O43379,18.08900101723168,24.300612093581048
O43390,23.49992605332383,33.16005681490901
O43395,21.968304018722332,29.997351730631483
O43396,21.03543846527959,30.51313364090242
O43399,22.146944598416415,31.287948887764546
O43402,21.957229798072643,27.512775637711993
O43414,21.238940175431082,27.16385412865786
O43426,19.593770185319563,26.22550917990975
O43427,19.70812801487559,27.338540540140897
O43432,22.560446165398783,29.223113374402935
O43439,19.006833488124496,23.92464018793175
O43447,20.48303659063278,29.73520833053736
O43463,18.35682775207016,24.502445001520776
O43464,18.68631510367732,28.191774320326644
O43488,19.32089565353509,28.984032995039314
O43491,20.910009597403953,26.90212915797123
O43493,20.363023631816667,25.67659316624959
O43504,20.074200888113854,27.533316266999442
O43505,18.174441072503395,24.565598414593598
O43513,19.987566438802094,24.27428550932086
O43516,19.531363059259323,27.92966075876771
O43524,18.305760720628054,24.698870648005542
O43542,17.571436138002195,23.088643170927455
O43572,17.19139706369469,26.264572994655733
O43583,21.307389667013037,29.06844410998387
O43592,20.976974975970066,31.019564970495086
O43597,16.527474782835448,24.128822619641564
O43598,21.592199131346906,27.17720532497241
O43602,20.807656502896936,27.64801211633594
O43609,17.530519271850537,27.68401679765696
O43615,21.32495484468415,29.351021863589565
O43617,21.11076291168169,27.649600112099655
O43633,20.783401271136732,29.473016928936804
O43639,20.534047692760232,25.774080611245626
O43657,17.452563970017533,26.24008819355421
O43660,21.802752842260205,30.33465222615052
O43663,20.707813829288085,28.25011169987682
O43665,21.3073154822513,25.325085025928953
O43670,22.63604089394908,29.937632583778523
O43674,19.997751508658173,27.326500575819356
O43676,20.547818220132758,28.210513853071056
O43678,20.708560595989365,28.011792277089707
O43681,20.20305569311599,30.086338209336336
O43683,18.05694276862583,24.642231263496157
O43684,22.245743531373975,31.060091283403803
O43688,18.997884273543516,24.39127630648275
O43707,24.313753330386778,33.48538805043967
O43708,19.507300276007864,27.131619998719977
O43709,19.0387849651876,26.579145155219333
O43716,19.724318844694082,25.28487495601121
O43719,22.36220023890078,28.896586842165625
O43741,17.96464844793,24.34007705307416
O43747,20.765362438069243,28.618016083494023
O43752,19.86560244880381,27.37397552330861
O43760,20.963916554259292,26.177727241838955
O43761,20.05303796600269,25.29397835037354
O43765,20.960051001682597,30.10759869001227
O43768,21.58359078248053,28.151068046247296
O43772,22.57836329148961,25.702358535230925
O43776,22.532833949389484,31.67090652483897
O43791,19.5541575794402,23.902876766605196
O43795,24.042620235083223,32.149732136043994
O43808,19.81452182247569,24.639925149259273
O43809,22.593765762631485,31.206305517618972
O43813,20.637291119025424,29.13769967275179
O43815,20.616367921233696,29.628816387451465
O43818,20.50470214169953,27.57508194124314
O43819,19.735068240852076,23.841287055434066
O43822,16.23554986557166,25.4002775139252
O43823,19.917068926765673,28.395377640382094
O43824,18.779423635954327,25.21355128787071
O43826,16.971790331430398,24.642328230023242
O43829,18.117692963025508,22.806573712799587
O43837,21.12191788735534,29.34479846480691
O43847,22.418725260696476,30.21453810121364
O43852,22.92160544787553,33.40581835448193
O43865,20.049935412378,30.82482155518298
O43896,19.547007499065597,24.212983889939707
O43909,19.434329409901135,24.08038442331169
O43913,19.651110384634784,28.557193518145887
O43924,18.857381534074204,26.744453870174613
O43929,21.187196374893766,27.046832845194658
O43933,19.850577005474598,25.84418490506255
O60216,21.8674796912493,30.16652919009692
O60220,20.220381002560686,27.716387917563434
O60231,20.61721979560517,28.667011752301413
O60232,19.621939345891516,28.924475222482993
O60244,20.092835762643368,28.913444192555815
O60256,19.81328043466534,28.11681996042978
O60262,20.427390253824854,24.445099803289907
O60264,24.219248058191077,32.03033338783723
O60271,22.721439261230124,30.116134615584105
O60281,19.023321009307505,26.801802873246032
O60282,22.639511163351933,29.367006899172246
O60287,20.253105101008472,27.97279479274719
O60291,19.101829442367922,25.006055980450192
O60292,18.80474481008721,24.52114460761071
O60293,19.520942102096864,24.803013844984868
O60294,18.851738581497546,24.167579009733767
O60306,21.74718811652002,30.38705446810854
O60313,22.94210107085744,30.061457727034515
O60315,19.196574128701144,26.660977511737922
O60318,20.788132018356556,28.166956873850733
O60333,18.68189095192189,26.415192850367117
O60337,17.74194335999325,24.032923740110625
O60341,21.971469317367173,30.11170642154213
O60343,19.8532395665469,24.271665127314233
O60427,20.87997437069917,25.510083647375794
O60443,21.37244528293691,29.42816128215184
O60476,19.700134295427034,26.133828592813376
O60488,21.89796540534845,27.71453953545082
O60493,21.65167956713087,29.69946350049086
O60499,20.84947290895344,26.358480227694805
O60502,20.569508481107825,26.721800420566357
O60504,18.565107267500068,27.531163396065352
O60506,23.448759588340018,32.74050487740283
O60507,21.371216279026278,25.927174988521237
O60508,19.28608244230442,28.968563050628784
O60512,20.459942247940248,24.004577358347127
O60513,19.237618233599925,26.476636702473254
O60518,20.725751614259167,26.439803830076702
O60524,20.467278561961617,28.825308500600553
O60547,20.227585344854504,25.608979585663455
O60551,19.76231160100812,24.97987303371772
O60563,19.919254912937195,27.563050730951414
O60566,18.96247737398792,30.4402897374832
O60568,22.09776304306568,31.60634034233993
O60573,18.589281407072658,27.44891238731611
O60610,22.373012127169364,29.204728685747167
O60613,19.10193439101708,26.740427245120678
O60641,20.187897700283226,25.08269781928042
O60645,21.525805623154277,28.818047265992593
O60664,22.615693628618605,31.191487857547916
O60671,18.603906833676426,25.77159945864216
O60678,20.227462687773997,26.282957925203217
O60684,19.54647433122432,28.367571293053608
O60701,20.776857032332334,30.32577436524522
O60716,22.759976213487896,31.616096510208052
O60725,20.854556219774643,25.751171385606614
O60739,20.165840720455613,29.510679876746558
O60749,21.575458464677943,29.687281212328934
O60762,20.184652192168446,30.63081601178987
O60763,23.521261697996625,30.914089256727003
O60784,19.438629639335417,26.365325596484155
O60825,19.444552660609002,24.077767664155385
O60826,19.902743055142405,27.088837288788028
O60828,21.539693095522146,29.0713498700092
O60830,18.8472151138779,25.50475314174972
O60831,21.30892510260841,28.074830857185937
O60832,22.813885420250937,30.4774631786828
O60841,23.062049652640248,31.24858465938428
O60858,19.69801610007461,23.669567952884275
O60869,22.227646118316816,29.759492206176205
O60870,20.919529996056646,27.29623520267884
O60879,20.263961793584244,25.026750400872643
O60884,23.045824028487388,28.646077152185462
O60885,21.749054488009122,29.86838648949951
O60888,21.1611380168369,28.821688572667995
O60890,18.37807551517834,28.875454847524164
O60902,17.46819540871735,26.321354780010136
O60907,17.75679130162629,20.483747889598973
O60921,20.43579344383284,24.19110553876406
O60925,19.407845850212084,28.22301756105
O60927,18.870759745221637,27.13658072938386
O60930,18.04137718730588,26.194191804840067
O60934,19.835317935960486,27.973680530208817
O60936,17.580121482578054,26.509410387120074
O60941,20.443555182220095,26.823035160658904
O60942,19.504278440067697,27.013048502869662
O75027,19.489903628814627,25.820562691424797
O75044,22.147574212207203,27.5599953060008
O75051,19.57758824048233,25.376354586026487
O75054,20.738052293380317,28.67342543856416
O75061,18.493879913944742,26.6351145176591
O75063,20.748452185499094,26.658073958188506
O75064,20.923969396456954,23.723754047585306
O75083,23.088696521019834,32.20898744837583
O75113,19.633974605335386,23.824405061773287
O75116,22.145024337645644,28.828209525590548
O75122,20.951844402120866,29.136755737524997
O75127,19.244086352788063,25.396353821868416
O75129,18.700718091905777,25.65722360319649
O75131,21.9333797069749,30.532575177798034
O75132,19.569775095900376,24.848238029966854
O75143,18.984176480779762,23.4702024542084
O75145,17.827817546350975,25.09102499595541
O75146,21.15749456852883,27.679484535812076
O75147,19.012720006888564,24.038655553213577
O75150,21.926484175178913,29.728431481881255
O75151,18.78207006336203,23.197280895412618
O75152,21.55807529966541,31.282217128464108
O75153,21.698730593797624,28.876750364490274
O75155,18.31324470016082,23.13562874277557
O75157,19.45790806129196,24.8712756988871
O75164,19.068028765432516,25.483948130578383
O75165,22.528708386794662,29.99360601710889
O75170,18.860778130883414,23.65985166639495
O75173,20.37294134596797,23.81492359637084
O75175,20.75714940095132,28.01303848450183
O75179,20.90705996142091,27.401149527560342
O75182,20.023773970594274,25.999880187610913
O75190,20.84127213830457,28.010551181221942
O75191,18.09391974820064,23.257943188047793
O75208,20.04192360687381,28.306493845082468
O75223,21.70473091912691,29.202839227399437
O75251,19.8613154676117,27.48500910837074
O75306,20.402615856915666,29.373886315976293
O75312,21.257657094539997,29.037989002409354
O75319,20.32070981139173,23.995299805234023
O75323,19.422514490851036,28.84511185190601
O75330,20.352019230983753,26.259181048643097
O75340,21.747802970765704,29.656426771069196
O75347,21.717388872492464,30.632422916868315
O75348,19.025918806902656,28.546257070963808
O75351,20.69917142960516,28.395193727466996
O75362,18.49640810876966,23.54309172245934
O75367,22.672172042509363,32.19875574214878
O75368,20.31551893175804,29.19397278791442
O75369,25.258824295418414,33.904231184487536
O75376,20.374893260943463,27.862738023934295
O75379,20.44440438698146,26.860196505300845
O75380,20.997119202645194,25.25309593608262
O75381,21.541252112228364,28.678723449272653
O75382,21.877483329376464,26.180476800965533
O75386,18.655337991313488,24.07283548329725
O75390,22.508434615001956,31.82727249233582
O75391,19.559605667937287,27.417900991052583
O75394,21.664592679386534,25.963021134349614
O75396,23.0609704396591,31.362485923744057
O75400,23.070057009108062,30.845252703588717
O75410,20.177748181820096,25.389053893274262
O75414,18.422105389046227,26.619068145986873
O75419,18.1861166098474,25.327713018826085
O75427,19.934815528290223,27.373342328215866
O75431,19.281595044743867,28.38724742321262
O75436,21.607812179245293,29.933833809162504
O75438,19.807805835301394,25.49388704981233
O75439,21.725885341217126,29.746722794696552
O75446,19.723804141689154,25.622396874909487
O75448,19.73731087082575,27.40296114223289
O75449,19.423515513440364,24.80223319033407
O75473,19.543208127460286,23.804920740169244
O75475,24.4096651043316,32.05009027547607
O75477,20.763377827546147,28.114050579308948
O75489,20.719080209992793,29.304173183154344
O75494,22.179195879850006,30.682921174932062
O75496,20.08914390945904,25.741750231700887
O75506,18.58929669741531,26.623333036205583
O75521,20.65108599721995,27.84652917566506
O75525,21.519143304710454,28.73175325545239
O75528,18.034429980247936,27.51058636438565
O75529,16.659074540004365,24.81088033393542
O75530,20.108081126865855,28.116627787118308
O75531,22.10586030284685,31.27745029301176
O75533,25.043499584455013,32.77384681763456
O75534,22.599720442162646,31.84126385796824
O75554,18.13618058967982,25.74097171995091
O75569,21.156178157247346,29.292262623168263
O75586,19.636852253824124,25.476882482107055
O75592,20.688454751424178,27.0022186643915
O75600,17.419925212472517,25.180793582979682
O75607,21.641168996865122,27.54330273988062
O75608,21.43152994390678,28.56546181349297
O75616,20.340913447111813,26.400662033831924
O75643,25.32955167012862,33.714587044303514
O75648,17.80863630954525,25.808445493987637
O75663,20.27876233899691,28.570543233831568
O75674,19.299111294286025,27.815161839988058
O75683,22.150337578748427,28.504568561053432
O75688,22.01375808819359,28.328118043282018
O75691,22.42533916110924,29.275074374293986
O75694,22.951169205172043,31.6628749470096
O75695,22.139038580659562,27.612183946752864
O75717,21.930533773065406,29.128973319116064
O75718,20.684450721567387,29.0681608505095
O75746,19.700685845065045,26.4410454412858
O75781,20.79499811533509,28.290021937122372
O75787,20.05473262847327,27.130352657065064
O75792,20.610976663248685,28.75293956384207
O75794,19.285773413737406,26.39431981058395
O75808,16.188830033945674,25.193870208092353
O75815,19.771716388027443,24.93993224344386
O75817,19.829994685583795,25.98779877187898
O75818,20.630091870810393,25.76488705090516
O75821,20.861273911581886,31.012414538259236
O75822,22.509812118918745,30.017478100881178
O75828,20.272104097686096,26.165816970726887
O75832,20.925599059812615,26.74361595903495
O75843,19.107238508830065,25.254524975280866
O75844,22.89387793134926,29.885891402299293
O75864,19.18131104768063,23.84993581579417
O75874,22.43887135599713,31.003334872087173
O75879,20.648591498883093,25.630054082580187
O75880,19.93109673811185,27.937345020133744
O75881,19.79613108816371,24.32590785142265
O75882,18.611513481238095,24.210357803776734
O75884,20.876041276848532,24.87118214934198
O75886,20.080685544594168,27.20882361366191
O75896,21.436873332054233,23.69119006061219
O75909,21.293722311653365,28.091403591094465
O75915,20.774244401326886,29.010907057523273
O75925,18.997695381332832,25.051207613033025
O75928,19.16567919956408,25.239048863023285
O75934,20.18913889894596,29.90404344005808
O75935,21.125522285792083,29.130301632357718
O75937,22.957041106149273,29.02161399079282
O75940,19.0503518452405,29.601794815312804
O75943,19.592715668007063,24.572263989952873
O75947,22.70622883272571,29.779812355041543
O75953,20.20892010525157,26.056160381554637
O75954,18.208717894165165,24.517722364387208
O75955,23.074970774059164,31.752055275319357
O75962,21.954754439699077,28.71597799661825
O75964,21.695162923164254,30.546522740940958
O75970,20.502995792092165,25.91716897839206
O75976,21.137698915036676,29.968081793534566
O76003,22.3113884385333,30.50190441171
O76021,22.597600001948525,30.7586260101767
O76024,19.920374627807426,23.662273295632147
O76031,21.49998865579674,29.338965938704735
O76054,19.03426381335137,24.388763589394177
O76062,19.499761877136446,25.806242256729337
O76080,19.344456728236896,22.318292896323687
O76094,21.55098350206135,30.72358395189627
O77932,18.618165997538213,24.623784335944332
O94760,22.34148596117628,31.595805394827646
O94761,19.861239830779315,24.215481898730566
O94762,19.377933095221515,23.299818823857827
O94763,20.360001684185832,26.942298859333135
O94766,21.234703921048258,27.899299005927585
O94776,22.343110973087505,30.749531837693013
O94782,18.93765104423965,24.510315071245294
O94804,20.356273769511148,26.90397096661921
O94805,17.50268001357679,26.27665558518516
O94806,17.785021070289176,25.770941010583073
O94818,16.95093185542397,22.232316106304307
O94819,19.235930042048366,25.544494434252123
O94822,20.85450204490063,28.00259102518002
O94826,23.10426967301689,30.915039345529856
O94829,17.254598416258446,25.742544256320702
O94830,19.712993132369554,23.38981380496762
O94832,20.386967307387035,26.14958150281759
O94842,20.044486494224035,27.077178992661214
O94854,19.21034491022357,23.011419735164544
O94855,21.690787778025683,29.718222838773247
O94864,18.88935445227944,26.127176038034108
O94874,22.876989384524595,29.93125224207529
O94876,17.81694847741919,23.301847326104017
O94880,20.410156464483766,28.189609036741384
O94887,18.387444534784834,23.16471945220738
O94888,20.455050234031653,28.836705077269155
O94900,18.774995385379146,25.25533280347686
O94901,21.596388412558515,29.16980552349167
O94903,21.295822130779467,28.258934699614592
O94905,20.426155562224626,29.242720116281376
O94906,22.692588086221196,31.210551900736316
O94913,21.607225140496595,26.447186589500607
O94915,20.672395969589758,27.0982918563129
O94916,18.36031055934971,24.764945145247733
O94919,19.819415291294913,25.591922505287066
O94921,17.719642363973843,23.519604461476494
O94923,19.18296389866255,25.728153631213257
O94925,22.49899595353995,30.44981459448161
O94927,19.02566126802758,26.967967620400014
O94953,18.971672589216126,23.39168609195412
O94955,19.267553788449106,25.884686434496437
O94964,20.95600768668248,26.89049730502219
O94966,19.429955069490486,27.667837225320888
O94967,18.85021574767326,26.622581882597746
O94973,21.058662282793385,31.904813220292663
O94979,23.23887817875578,31.292280802390913
O94992,19.50316809051055,28.130367038817464
O95067,20.2681321384959,23.335784708658075
O95070,18.331544634665494,25.481408703451017
O95071,21.895231265167393,29.19634038548951
O95072,18.438212429996288,24.53448871843999
O95104,21.760453290913727,28.70794488316298
O95139,21.30880499700609,25.677580725048987
O95140,21.036701726694382,28.22548052816508
O95149,19.39183606885655,25.141786010029872
O95155,20.892423417034173,28.49456281576347
O95159,19.940059911576462,26.4748731375894
O95163,20.67694228939709,29.630895460743734
O95164,18.628717251639586,22.947875090667043
O95167,20.127894915206763,27.236608760843726
O95168,20.706294325600204,28.44375231105641
O95169,20.837980683982742,27.249004772543
O95182,18.23977494916169,26.376285837449483
O95185,20.67704991467338,27.485097809877967
O95197,18.14833422222651,30.434561815951962
O95202,22.47963876554226,30.35825579671513
O95208,19.89779364895582,27.713305373719436
O95210,19.637782624725215,27.370240269921478
O95218,19.785048154207992,28.021659605177618
O95219,21.342089193628404,28.888498147722036
O95229,20.598003769761263,26.50265845979478
O95232,22.0741201231529,29.343775952481092
O95235,21.424669168917,28.0841459828294
O95239,21.33156347342004,28.884315293209394
O95248,19.835011597436992,26.51558788545203
O95249,18.760734921263833,26.49952561794071
O95251,19.304991769125166,28.21770314455074
O95260,21.24905053695099,26.344478289015726
O95273,18.296357025526593,25.19027350980467
O95292,22.89598614775038,30.230982959635966
O95295,20.481576870421012,27.443829839554834
O95297,21.83168605338226,28.24349109143922
O95299,20.639515576068977,28.544878839526945
O95302,20.474169575664618,28.648058345313782
O95336,21.55825870144191,30.682072024063572
O95340,21.758201755962123,27.95533645423581
O95343,18.475441375020242,23.498476978076432
O95347,23.605705899128633,31.408818235077618
O95352,20.39561352016339,26.213432979394675
O95363,20.971783292385528,24.919109370355198
O95372,21.663082506484994,28.96188373608069
O95373,22.27188896655975,31.169423038894223
O95376,19.404880110579008,26.818657322228937
O95379,18.634576945302666,24.67081268702885
O95391,19.68560595186026,26.76720216840631
O95394,20.850376982281343,30.007126524712078
O95396,18.829067252560492,24.347444909648797
O95400,19.93532945056303,29.117085783589705
O95405,19.691787198959002,23.615032714185542
O95425,20.878395961432247,27.816209168597286
O95427,18.588709439177414,26.48839157590919
O95429,16.74677790386319,25.544333321503785
O95433,22.057337795219528,31.699339168866377
O95453,21.75151999593782,30.02562742064117
O95456,19.827220838946566,29.10530516342343
O95470,21.52204376685476,28.670892624654737
O95478,20.954268350456307,26.604710286088185
O95479,20.031130107279935,28.079892667738438
O95486,19.727535486043738,27.497737873843562
O95487,19.815404342885373,27.1349104148341
O95490,21.10566465039847,30.07316183485286
O95544,18.42425071672149,23.984747780381454
O95551,20.042710737881,25.855769216756837
O95563,22.444455876908194,26.242594806754838
O95571,21.075184710138224,28.933154664492868
O95573,21.041323433773577,29.899389166698572
O95602,21.816260430354518,29.591364514262768
O95613,19.38224090647434,26.170804691977665
O95619,20.79385861973862,25.521995465587068
O95628,18.87695523600741,24.54876515352686
O95630,19.991728609751373,28.041890888620976
O95639,19.24138822697927,26.941140708410153
O95670,18.47736726356276,24.23121077815567
O95671,19.90353253163312,24.06316266289428
O95674,18.71224035938144,27.361593275475954
O95684,20.534445074664408,27.167326364595027
O95696,18.435132633754648,26.071784840655255
O95707,20.3625282235509,25.64640288867689
O95714,20.832422905553347,26.57888980011048
O95716,21.360689766511662,25.447322361817122
O95721,19.232990024274383,28.145647468688587
O95747,20.806129404923496,29.48504661902209
O95749,19.945537889751677,26.638178838092298
O95757,22.856630539047877,30.1055649380939
O95758,18.0626469949329,25.758734957034235
O95772,19.73433050347273,25.78075047864191
O95777,20.997732106186223,29.263973077751306
O95782,21.929197675282058,30.277989932700347
O95785,21.522339800617917,29.44353508381511
O95793,21.618174687217703,30.18329960860732
O95801,21.00149451159768,26.36471549807019
O95816,20.539887041935874,28.907327970042388
O95817,20.371835561613153,27.63540280870804
O95819,20.27949740289467,27.815159842314394
O95822,20.062261420949177,23.834598738720263
O95825,20.484756037187868,26.72320298251781
O95831,23.088297013732962,30.96219190476753
O95835,16.864942791510302,25.432624569159064
O95858,19.115988726962183,23.471842137393875
O95861,20.218261527739,29.323020310771604
O95864,20.52627571106915,29.479711482818026
O95865,19.699192555842377,30.12643241678886
O95870,19.919888489410358,26.426986981020935
O95872,17.51180954416817,22.99137288857085
O95873,19.73830535788704,26.014955369733475
O95881,22.944407775518727,31.02885071735621
O95900,19.079858779161352,23.192791105320225
O95905,20.258369352074986,23.844149554905528
O95926,20.05129441409092,27.183224623110142
O95983,21.18818759661433,28.517052416166486
O95985,19.37246228255284,23.767569524648096
O95989,19.903511194543963,27.604169506298145
O95997,19.862568697524672,25.840396388997647
O95999,21.271113044731795,26.053232021790897
O96000,20.534147626338488,29.543006359220968
O96004,18.989802151731773,24.01079143622653
O96005,20.43843189316931,28.743588472877335
O96006,19.876207723809113,23.59979902418905
O96007,19.36788187833471,24.17651311443865
O96008,22.027399256658978,30.23560933414275
O96011,20.30735314270584,26.325551532026243
O96013,20.09266530908925,27.020023357253148
O96018,17.59116430188201,24.286579264098442
O96019,19.880831245234997,31.019674467229517
O96028,21.04293698380616,28.71189038562344
P00156,18.051438221207647,24.069427067139863
P00167,20.202539001520012,30.092220554810197
P00330,23.82091150588399,32.50891026510678
P00331,18.90869607755321,23.794761798188112
P00338,24.804156876613874,34.619000889952126
P00352,18.822827503126696,22.95092622384208
P00358,21.728980120398447,27.99446523339012
P00359,21.586571351755616,26.66112468412953
P00360,20.66608571767109,28.020869627431427
P00367,20.62448750334028,29.48237168604001
P00374,20.100460981876218,27.217001315660426
P00387,20.46889352979071,30.632050684216214
P00390,22.062257375459897,29.596449279951305
P00403,20.0227497591104,29.33797100313996
P00431,19.609982938606404,25.075731663588495
P00441,22.3978463726328,28.677570889768713
P00445,21.606844713159333,29.074449191448583
P00447,18.259562189172538,23.716823123748476
P00491,21.12174356962371,30.29047502993921
P00492,21.488028623783965,30.503740055874193
P00498,19.139770645972458,26.32520958987429
P00505,23.53199154513526,32.737987839213346
P00519,19.26403451657992,24.951484559557695
P00533,21.393695194165737,28.878815440389104
P00549,24.113742171224015,34.106050357554224
P00558,24.670230600352255,34.28828780767682
P00560,24.499004696217924,33.76454161684015
P00568,21.089480379083128,29.532017769395626
P00729,18.19019318528902,23.536424619535012
P00750,17.29003145205367,25.433444151292754
P00812,20.577968813720773,26.065756666037704
P00813,20.621006132475603,25.535791777294257
P00815,20.823636286514972,28.670515428337975
P00817,21.152753603773768,29.899950986788454
P00830,21.57133618522077,28.24844407946518
P00846,20.160516845717144,26.50189944459952
P00890,20.185651894995555,24.801191824429576
P00899,19.170497955250394,28.188414361336115
P00924,22.968682087637696,30.673703684807027
P00925,22.691049121768746,33.386655000662486
P00927,19.102116673408684,26.789924865083584
P00931,21.945927754715782,28.011943341423414
P00937,18.61007595833667,25.382090188487105
P00942,22.47004132081025,32.052558863144284
P00950,21.45722600648433,32.65612185748808
P00958,21.925024905266067,27.19231653083038
P00966,20.268036515459666,24.24770062333157
P01008,20.986870790221683,26.32860516969229
P01023,20.532377995383047,27.857338698605506
P01034,19.53183687633083,25.880343225871215
P01040,19.675677201519825,24.181248348267925
P01097,18.00926113509541,23.691002579904627
P01111,22.06208304955805,26.407190649114433
P01112,20.21725194870963,25.953334786278695
P01116,19.197285167464454,28.616063516063416
P01120,15.418365768688155,24.40279772286529
P01123,19.64279758149902,24.2379293237333
P01130,17.718493052009286,23.991497539890645
P01137,18.760845092974073,23.80491827912325
P01282,20.765813731899208,26.49310903181104
P01303,19.323491370661593,27.38743224912432
P01889,18.313415354262155,25.92577854424461
P02293,19.011585138017097,33.190650065698755
P02309,19.260815984090716,27.845063716244997
P02400,20.65042389247055,31.021967673640983
P02406,21.39020723276633,30.48087520255136
P02407,20.054222025631905,30.31445668866269
P02461,18.240898868922667,23.02825480111043
P02533,17.56093403091139,25.982495111420878
P02538,18.78337379256299,26.12590823253372
P02545,24.928185300306797,35.19822301602651
P02557,19.430721296374188,26.453578495738544
P02649,18.89024291352237,24.859162186454387
P02748,19.17368229299704,25.86621482742644
P02751,18.893303234554782,24.012070784988982
P02768,20.82884946244939,27.84600944075715
P02786,23.524169104794282,31.636629571302066
P02792,20.614893997842167,25.050189764211424
P02794,20.431141352380205,28.636408002936292
P02829,22.447823254439086,27.76649344222054
P02992,20.573216144117442,25.281189360516937
P02994,24.446225338619993,34.05255431390792
P03965,18.928857341478786,26.888332312940612
P04004,21.580792314988866,29.85592771196863
P04035,17.804769068890014,24.298660085726322
P04040,21.5434991094981,30.299047700902364
P04046,18.092513877425535,24.52991281063097
P04049,17.460490293015653,26.351257638249237
P04050,20.0343276085545,24.3368027024258
P04062,21.38379261403478,29.934494048114576
P04066,19.896813627554593,26.24858714238187
P04075,23.8564520076783,34.46272220866148
P04080,22.143398760188827,30.99014978931907
P04083,22.67483777054623,32.10513746946142
P04147,22.181734864498953,29.689248140447095
P04150,20.15154704583403,24.201301268208574
P04156,17.412580471066793,25.631767198529683
P04179,22.887308510766434,31.35097415127945
P04181,21.844188503257605,31.1085760961374
P04183,19.36178206443067,27.04622440632363
P04216,18.40889902819785,29.55329507014372
P04264,22.368477369438317,32.04448706158702
P04350,16.49426222630164,27.204857117805695
P04406,26.003408102001423,36.45346375997731
P04424,22.008952983045383,29.234033744700017
P04439,20.54937451129834,28.43972083069816
P04449,16.262762301016114,27.223733278072142
P04456,22.31629525511144,30.336507499396525
P04629,18.909168448018335,24.604025650237443
P04632,20.606105457529093,29.005848141433955
P04637,19.07542733722045,25.366751619157085
P04650,20.9251496863097,29.63909013523521
P04792,23.629880319623318,34.15306756531442
P04801,21.99354651239587,28.666905371550197
P04802,21.75151657173798,29.092768341797736
P04806,20.03313765609858,25.396752631734564
P04807,21.076023305795413,30.41650244213226
P04818,20.219015302332096,29.205000377070043
P04840,20.378529937966853,29.64087777976448
P04843,23.151537872976974,32.806407875583524
P04844,23.16440909927189,31.505824878610184
P04899,19.492039622386937,29.585943315725235
P04911,21.067389503649956,27.540405904368864
P04920,18.52239998846243,25.231619095402092
P05023,23.29558308060712,31.878432183885327
P05026,21.58389090316818,30.267473424390353
P05030,20.183462277290744,29.178770473868553
P05060,21.394544213872344,31.986694839211463
P05067,20.784667455533068,28.26065193019205
P05091,21.640892708713977,30.75033081761866
P05109,20.020528320905633,24.633286226546552
P05114,20.849041636187014,26.998203522817576
P05121,20.325930860870592,26.570986716511616
P05141,21.615530158755718,30.920784144728863
P05161,19.740642069171827,24.700680738307163
P05165,20.211976400429595,27.634385533066286
P05166,19.324179227851953,27.12757634289966
P05198,22.488712705098173,32.25719367891883
P05204,17.50428628180493,26.551539225198297
P05317,22.169756130584673,31.4733579094246
P05318,22.59707445241038,25.14961196872295
P05319,21.896157502725206,29.235488446402357
P05362,20.140339349113756,29.049910931725726
P05373,20.13789716647232,25.134118956320577
P05387,22.774028420136357,33.52526545631748
P05388,21.01561915566558,31.232956124250894
P05412,18.216603258094988,25.93121260803898
P05423,19.236538934162375,25.79364649284694
P05453,20.523797905333286,27.78785104149655
P05455,23.88828043209461,32.395416948338436
P05556,23.03688641621442,32.55403984699132
P05626,20.75625140582287,24.372031881913596
P05694,22.6992646894277,30.56136269592566
P05738,21.1830690615458,26.323200394504987
P05739,19.540972023207356,28.409489513225292
P05740,20.534233424711214,28.090739327763508
P05743,20.475468073740036,30.01575643959417
P05744,20.33017700356581,27.493927022780422
P05748,22.367776765001697,25.354624996758613
P05749,19.44165707485942,24.965939297367896
P05750,23.385457874734396,31.41069344586415
P05755,19.672813163998697,24.009196207165854
P05756,22.028189094670974,29.730267329572047
P05759,20.867309025072576,26.996393782211538
P05783,22.923683941937828,32.076464274936
P05787,22.336630614264717,31.50596801085124
P05937,20.38371525977631,25.854309966771492
P06101,19.598260599729326,23.817493413305286
P06103,20.849185764176745,27.479430860886055
P06105,22.425751173532102,30.059107603703037
P06106,21.142080437917105,27.060158008815264
P06132,20.815535043643948,28.793002024889006
P06168,22.066771200767676,31.01806341345169
P06169,24.52568338772204,33.85759696245018
P06208,19.548801405225678,25.257378094728033
P06280,19.138720397417373,28.24628231750282
P06367,20.943192713934366,30.090397827092524
P06396,22.348454883328852,29.611663602636952
P06400,21.55843618939804,28.978050328344064
P06454,20.585097131608638,28.76960544778617
P06493,22.678316676067702,32.49608523540534
P06576,22.70792333056461,33.96576205753906
P06634,19.55174853762164,28.252128661026536
P06702,20.097693622379353,26.43798947465321
P06703,24.81662935804099,29.661842559675865
P06730,21.584767583055847,30.59861549123299
P06733,26.119723073457163,35.650086406744315
P06737,21.022665428945196,29.049802356117993
P06738,17.975129329249178,25.621933448632245
P06744,24.64435911934243,33.564384897193406
P06746,21.292005077145106,26.058929481638863
P06748,25.189750823814208,34.21528835841802
P06753,18.774980462315675,32.32917374242728
P06756,20.535302153858453,28.79416560833938
P06780,19.047418309090432,25.18956734414365
P06782,17.09245604284486,22.29332092989638
P06785,19.795522683209274,23.463915579295122
P06786,18.600527245279963,22.404144069574706
P06787,20.61302611071477,24.985681666051143
P06865,21.227640308092912,29.844174712941932
P07099,20.506704570600828,27.44139888183785
P07108,21.9089786684235,29.460953130244008
P07149,22.306464992113696,29.84177688800951
P07170,22.471268739362333,29.633409658246272
P07172,17.985103516188946,25.314742025152885
P07195,23.914994436954593,34.867346584993925
P07196,22.88383631728909,30.691611755727454
P07197,23.3612853814138,31.214119293233495
P07199,20.04916551869312,26.514511898409612
P07203,20.60970369465335,30.015256628225664
P07213,20.143313247792342,24.464304497779334
P07225,20.080031918382243,24.385577345043345
P07237,25.5984358863602,34.681339065721474
P07244,20.841389464560827,31.671455802976006
P07245,21.503633419463373,28.523581229201433
P07246,20.32416533676745,25.04811385955299
P07251,19.493494527115125,28.414131886334573
P07256,18.980258808823603,25.74089725452193
P07257,18.52055445943296,25.664095590888007
P07259,23.388711769882477,30.95670977297888
P07260,20.072529575469776,27.700225736011017
P07262,21.57390249007516,26.478532786073796
P07263,19.687320261648825,26.195233171248486
P07264,21.55023187958562,27.2823708628851
P07267,20.768405027336183,26.77025063749107
P07273,18.332440965408935,25.14200169901439
P07275,17.274665156650784,24.21478548552604
P07278,17.94628246314677,25.1106799170042
P07280,21.815492018530534,30.474680606801844
P07283,21.329614135409855,27.875240232491922
P07284,20.46756536568901,28.760833983217076
P07305,21.90144273374473,29.373503693952774
P07311,19.200847779058662,28.363210377377413
P07339,22.466138079364395,32.089522619207166
P07342,22.079627903062956,27.90532206979431
P07347,18.76544099051531,25.329941550016056
P07355,23.136182816896234,32.73957007980339
P07384,21.876762713691658,30.337745752892946
P07437,20.431910025723557,34.297774950796175
P07560,18.607877361940595,26.989485378266057
P07602,22.43155041595797,31.843140935579957
P07686,22.22309704102103,30.645357308102536
P07703,20.244904625919588,24.53521781923027
P07711,18.504935160107266,26.169507195090578
P07737,23.923542600392313,35.22785306501602
P07738,19.56164880130118,24.998394035391055
P07741,22.31005499235963,28.319422678785813
P07806,22.251568616866777,29.31223194603093
P07814,25.356135773563775,33.22512275706891
P07858,22.08412034302257,31.697557240292817
P07900,24.21556743792485,35.42820841452658
P07902,21.38532156217464,24.143936430382105
P07910,23.247070399760627,34.226158404395896
P07942,22.307926892772645,30.388736590027804
P07947,17.922486045289588,25.493205117623067
P07948,22.532494478505434,30.285784711589525
P07949,20.889274357553564,29.605414912955045
P07951,19.739610891317845,28.538569655795953
P07954,24.146746526792583,31.56602159661454
P07991,20.52055593647419,24.109390789771403
P07992,19.72623399811986,24.54938663211088
P08047,20.001989258316907,25.209487538641763
P08067,19.515231395628543,24.033251082162874
P08069,21.276446869680342,28.917523786164615
P08133,23.901127989699646,32.38756305926098
P08183,22.4699898747778,31.400997922883505
P08195,23.119466715890614,31.46911699035084
P08236,21.348096714465488,28.570604610122956
P08237,22.60091412337151,31.12201766328343
P08238,23.845851549911462,35.25864940695014
P08240,21.956250215399184,30.08796061099892
P08243,23.177193811036965,31.458649407861444
P08247,19.49273865896316,24.142305829983894
P08253,19.846160017771922,25.385773454333886
P08397,20.84920527787873,27.192698704629635
P08417,19.72653739294443,24.813198980510553
P08473,19.54815889508,25.228747914459355
P08493,17.655302558836606,22.947091472724384
P08518,19.376426576071996,25.03714109767906
P08524,19.612844871785935,26.870564393791913
P08559,21.29269601087186,29.838187030452453
P08566,18.65577443127365,25.711503718436557
P08572,18.223810183718903,26.989321548255504
P08574,19.530898781718335,28.55935730497803
P08579,22.636900885826684,29.576126209015097
P08582,18.36049480999149,25.66785145393988
P08621,23.481808154005712,32.21597452258418
P08648,17.883110829756813,26.243500865591407
P08651,20.55110450779746,26.35955708607059
P08670,26.087135576861005,37.58796411325222
P08708,22.90039563248603,29.502647123415883
P08729,21.757090480282827,30.397717598138776
P08754,17.920859934686607,29.204149371814758
P08758,22.402757470076093,33.08895467626277
P08779,17.838794292917633,25.418445445527432
P08865,21.448068561044114,33.278874665584055
P08962,20.912912670773373,28.343720899261584
P09001,20.428660423466276,27.861072591050142
P09012,21.662467038013315,30.893856599978204
P09017,16.956229856472884,26.553215073687348
P09064,20.76577544534087,26.29270931463467
P09104,21.97757673927202,30.551095065536355
P09110,19.86619095650011,26.95253530035731
P09132,20.83560197501371,26.0191847099937
P09172,22.67994089035445,32.825770566934885
P09211,22.955587156309633,33.48103799838904
P09232,19.427350443843572,25.833123505467675
P09234,20.941458886929276,29.588750873881857
P09382,24.247319196216054,33.88867171767189
P09417,21.01947940305369,29.548791630009813
P09429,20.089770340344167,32.10693950319532
P09436,21.782939470284855,29.339235065719034
P09440,19.226685381810906,25.967875859928736
P09455,23.317982967981532,33.11135318125703
P09457,17.754297799398696,25.018221958916488
P09471,20.063161784558922,28.739601788228608
P09486,21.547834506868934,26.843999654389066
P09493,21.427630344772947,31.92502942713253
P09496,23.177546864024094,30.926204365595368
P09497,20.597720511217272,26.461831952551194
P09525,21.233174037344263,29.799524137209797
P09543,23.23393170771634,30.71582286696509
P09601,18.293732969951073,26.220425989600262
P09619,19.266437663021847,25.560884705938577
P09622,23.065465577003646,30.609189774056915
P09624,21.45732691768713,25.660589026872056
P09630,19.0100018749988,23.932185369920752
P09651,19.558107249713228,29.90419402761031
P09661,22.050756969589457,31.20015830642628
P09669,22.644406110236176,29.559157900736437
P09733,20.5964315939291,26.100819173645526
P09734,20.301698570799733,24.47174038610889
P09874,25.680466085153533,34.3722271004732
P09884,20.994863947031217,27.771995363983134
P09936,23.722362542968177,34.185093267473306
P09938,20.201982145309803,27.485741826606493
P09950,18.018104323188712,25.241145183007706
P09960,23.573847457960888,30.87704632253707
P09972,20.406392710251048,30.28232453132731
P0C0S5,21.417901646666664,33.4773046400997
P0C0T4,20.514891034670164,28.078589881191487
P0C0V8,14.206657478617196,26.143451336366955
P0C0W1,21.4972613351799,29.741217392268382
P0C0W9,20.346382783447254,29.881151578243514
P0C0X0,19.396566653073556,29.897268296594675
P0C1Z6,21.70409234113011,23.934497961084794
P0C2H6,21.365497168763255,30.333247403154118
P0C2H8,21.6539907876626,29.147873310029222
P0C7T5,19.256291387408,23.521901233397855
P0CAP2,19.149556163686743,24.205862364671027
P0CG12,17.696997604700062,25.295290576434386
P0CG29,19.146159986182376,24.844315712270625
P0CS90,21.7086955076355,29.935039201299865
P0CW19,19.690376409538604,25.375497768964845
P0CX23,21.91493027248711,30.78304877522827
P0CX25,17.747127586283153,26.860713226960762
P0CX27,21.783198114227343,26.476504511019176
P0CX29,22.142697233653216,25.364847905503613
P0CX31,19.9252780407551,30.65960389135507
P0CX33,21.503901541029443,27.54233853687856
P0CX35,22.77633394343988,30.870927815376813
P0CX37,22.21078766702873,30.451119339953777
P0CX39,22.568849197542498,30.511885786697796
P0CX41,21.59339252599135,28.728277443130164
P0CX43,21.43501378626712,30.297887407441053
P0CX45,21.996634360460565,30.249447083652427
P0CX47,22.853717342414978,30.02921281136528
P0CX49,20.588467277596102,29.77465285191969
P0CX51,22.0159437830436,29.72288151804052
P0CX53,22.790890249822507,29.66685434141298
P0CX55,22.948370564841337,31.16507239505772
P0CX82,21.138125941647083,30.134845379237124
P0CX84,20.05188067907685,29.239193063221354
P0DI81,19.05345282789103,24.63631279872218
P0DJD0,16.78449817949778,23.382923185077843
P0DMV8,24.415487986073067,33.461139979585596
P0DP23,21.473208478572488,31.743969953390902
P0DPB5,20.36818584664332,24.586146802975556
P0DPB6,16.677888986225476,27.550238625210614
P10080,20.590269029678655,26.268525759804035
P10081,22.33167545403852,30.792522648959995
P10109,20.48454069702149,25.726779414512364
P10114,19.033736072483986,25.59229902556971
P10155,22.783127716108826,29.968140902798126
P10253,21.23793502216063,30.243245078100333
P10301,20.31551306659304,27.48255894570278
P10321,19.354378489590438,25.52258461407855
P10398,18.587931432353155,24.01000471685455
P10412,21.70842010094717,26.279985864518345
P10515,23.12707179371411,30.220937778386528
P10586,20.201127216013976,24.892327734909617
P10588,18.242481885401304,24.767169870127763
P10589,19.41917526858285,23.51720669422294
P10591,22.540707547203507,29.530060626134958
P10592,22.301763288188237,31.165424414743203
P10599,22.08163650853212,32.10305026549418
P10606,22.69083868263411,30.294412760866923
P10614,17.999301994368324,24.493142832874806
P10619,21.661947664568807,29.50717781447773
P10622,21.164576147241423,26.11511207189111
P10636,20.79352254435348,28.10366955188228
P10643,20.783384802494147,28.320672681711763
P10644,21.361154064556047,29.711598802420237
P10645,21.345460918677627,28.63857958679647
P10659,19.78630524016868,27.784769885786467
P10664,19.57872902351554,28.611560210572296
P10746,19.07762229552092,25.145277101772027
P10768,21.31845270795544,30.467309982683485
P10809,25.501684721743906,35.39433044737071
P10869,19.0818219201257,24.27874209482263
P10909,17.819916736940783,25.03699023935805
P10964,19.829226444633072,25.27372578646088
P11021,25.35007639129284,35.300021030077346
P11047,21.85624118053676,29.54837536780564
P11075,18.0573772348295,24.90487267697325
P11076,17.886779286764344,26.56127913088477
P11117,19.759639852513672,28.223360016682193
P11137,23.30243805374539,30.88687088713286
P11142,25.68839180232549,36.380064422656545
P11154,19.565888373518412,24.457741384033838
P11166,21.263951152959287,29.62876173106108
P11171,22.311362497210244,31.004031059958898
P11172,22.644048937254855,29.768345919461122
P11177,21.942609052828335,30.662004807446962
P11182,20.080634426391043,27.185157135259338
P11216,22.576454433119657,30.29974182037827
P11233,20.8079618243506,28.101075338981612
P11234,19.36411839612028,25.690427922272633
P11274,18.389400228414825,25.394259976965486
P11279,21.26713220138567,29.966200217710757
P11310,22.592936105304645,30.384410736465615
P11353,19.46401411010686,25.333027733006205
P11387,23.612316271802218,31.469500854925
P11388,24.48367602326397,31.74489189310418
P11412,19.268939436416613,24.22994432944206
P11413,22.41380208299261,31.73419529356772
P11441,21.591384533444838,27.967779999228007
P11474,19.241600455465807,23.355449365277504
P11484,21.80562369896769,28.955215211231856
P11498,21.16012717886346,29.768875767563664
P11532,18.105886723155162,23.412158261250095
P11586,23.85216779190131,32.395410775855545
P11632,19.027338334605794,24.942484705891196
P11633,17.17098145920522,25.097419061806
P11717,23.725893327293246,30.456328974671674
P11745,22.101015869861534,24.88738611612166
P11766,22.11392087825788,31.377394708688712
P11802,20.330852667550534,28.99990454647108
P11908,21.873184463613843,28.801466991859847
P11940,21.071919914728092,31.491547054662956
P11972,16.29274763204897,26.00095079368058
P12004,23.793858180396718,31.90595202146227
P12035,18.935699575894784,25.0813815636252
P12036,20.636729473866,28.215978506323175
P12074,19.987789845590978,27.625384625870602
P12081,22.948456864988067,30.672615698189194
P12109,20.51295404544292,26.330802754032177
P12110,19.84634382570589,26.146735395966363
P12235,20.492972986816955,28.696084254703663
P12236,19.06123629761613,30.190518412675303
P12259,19.595639750522892,24.628353171089184
P12268,23.77183833010379,31.889548359818495
P12270,25.671562202096855,33.54721011158055
P12277,23.598558879014043,33.92203318792507
P12385,21.019197036963984,27.48811003760546
P12429,21.85409353171821,28.20673997390882
P12532,21.72325203994476,30.873674377074455
P12612,19.802455243911762,24.922332464144972
P12694,19.498045170137104,27.726051116537842
P12695,20.32596117735035,26.196735216050318
P12709,23.449928946564157,30.87239727595025
P12754,16.83938207931289,21.897544154206553
P12814,24.814966186929418,33.386214984456835
P12821,18.856968066497203,24.821551686485925
P12931,19.531490368686192,27.454014443598627
P12945,18.947142924362243,24.727777513674564
P12955,22.064202116855554,30.237603810240568
P12956,23.948523846749776,33.335599711740976
P12962,18.43802421378478,23.77781725327331
P13010,24.08981860001407,33.092573417417334
P13051,19.208877001167615,24.44570604558553
P13073,21.775836881690044,31.42004676462261
P13188,21.67948930121051,29.0547391240675
P13298,19.1900810780232,26.66281754816649
P13473,18.182667422700895,28.612735076513925
P13489,21.97929811821956,29.774138586407535
P13517,20.308580534937835,24.12247897002427
P13521,21.506987391665643,29.748622343919628
P13591,22.972615979021985,31.59873484182781
P13612,19.969340241816788,25.16277438681169
P13637,20.942680060937032,31.98481617760585
P13639,25.4885801111348,35.14716582160115
P13645,21.53682226686499,31.40650400220193
P13646,19.75631273418887,28.011826766353238
P13647,17.663179271987566,27.145662097160333
P13663,21.92244676341408,28.344501853288264
P13667,25.482997741606017,34.62987685310365
P13674,22.845493746383205,30.68884282589907
P13693,20.99400187800002,30.62297335644653
P13716,19.024511810762593,26.567354312473494
P13726,19.960969428805303,26.218918424469113
P13796,17.444754310585697,22.5786707464347
P13797,22.704468430396087,30.7805823551839
P13798,22.152993146877737,30.54851355860583
P13804,22.064523735069102,29.684873350305736
P13807,20.27270842167648,27.240310960653726
P13861,20.87586214378833,28.662837329189014
P13929,19.447900428788913,28.574474723822977
P13984,22.194725553944615,29.053180049662508
P13987,23.07539245625316,27.820624070075453
P13994,17.142896875767043,23.898978005652104
P13995,21.334701211994005,28.908599723844812
P14020,19.304685572884907,24.646858549789503
P14120,22.536214021195388,29.15711185116679
P14126,22.554296575870335,30.999809014733327
P14174,20.77762421846234,33.10793290042025
P14209,19.942977772682376,28.47370506459131
P14314,22.562942065253182,33.98704704777803
P14316,21.11500880881634,23.874324301256063
P14324,21.624872768300715,31.42374883529564
P14373,19.87898620701179,26.31492624507539
P14406,22.566601595257552,28.9595574797833
P14540,23.588853219095935,32.963552974039565
P14543,18.88834838098425,25.700732059026272
P14550,22.330751658280445,30.48801620611777
P14618,25.374236218169873,36.02257305480274
P14625,25.49730599870391,35.406049320306835
P14635,21.776302018152876,27.341584659485314
P14649,21.416258970377157,28.703240331799048
P14678,16.63751436073729,25.243725675512444
P14735,21.870722037992497,30.1767938643061
P14741,16.538199685750936,24.6863797134961
P14742,19.915978965816343,26.684269948619797
P14743,18.20055954776122,24.03688726949606
P14747,18.565975004796098,22.64369371893533
P14832,20.266189477801312,29.977177266679224
P14843,19.500740298417274,25.17112971450727
P14854,21.632426734850096,24.306674119781675
P14859,18.779564344767298,24.770207315125937
P14866,23.84620337278823,33.92534121046011
P14868,23.873636129745773,32.568867379195986
P14904,18.663520388772966,23.817812977272677
P14906,18.795078840424548,24.158363066584865
P14907,20.404851314428967,26.610992240756158
P14923,20.617216544130944,28.605974418222736
P14927,21.09644049162134,28.492283909688958
P15019,21.017548644623044,28.13946937899149
P15056,21.25318148748195,24.02460225841684
P15104,19.37809666734478,26.813594318818048
P15108,21.36742744285968,28.80770812811121
P15121,23.074663865743076,32.35727370670266
P15144,18.64392284595861,23.206460628850774
P15151,18.902146318660794,28.637060001086095
P15170,22.543615693972605,29.552767483808037
P15180,22.253833614744195,29.129170784072294
P15274,18.18146477393248,23.393082853693798
P15289,18.49684617233088,27.03309333483665
P15291,18.205405247704338,26.018957406907365
P15303,18.787762588793587,25.925655190424113
P15311,23.254679231900614,32.088545675410856
P15336,19.476165687148402,26.25684957373046
P15374,19.869595786005505,27.88288325123327
P15407,19.56134516645275,23.571505813500018
P15408,19.596006735512884,26.04376494260808
P15454,20.724461094025447,26.66455406709299
P15496,20.61362196234031,26.122188584828482
P15502,15.53119702380523,22.79872056873171
P15531,22.284163872488406,32.428517184819434
P15559,19.65490660985598,27.144276325166867
P15565,19.500717379198612,24.306070522734544
P15586,20.40460971484909,29.34724154075465
P15624,19.382013234070367,26.90378343527137
P15625,20.90668317420764,26.72659700909124
P15646,21.073715394753528,28.38086705319198
P15700,20.232585427886303,23.97157995077617
P15703,18.919073127784184,27.08618171000332
P15705,21.41891985096407,27.92502035691389
P15735,19.606008050354504,25.60431271167356
P15848,19.71391274835475,27.996048747763968
P15873,19.665936891795,25.586010153848417
P15880,24.266115127175283,32.45982327989671
P15882,18.872286352262723,26.550994815326483
P15884,20.04085832005444,28.751124424242654
P15891,20.914656764001023,27.412801069863583
P15923,20.061403299251623,25.68498299597329
P15924,21.213333491903892,26.881077262794705
P15927,20.810140213913485,29.696431298237304
P15954,20.504703402328563,27.31028479973686
P15992,22.985528958296488,26.254458819265192
P16035,18.865584613319694,25.95568810414433
P16070,22.343035037749686,29.321108732539166
P16083,19.56721667123662,27.383147241270674
P16120,21.96212060138988,28.46553427507606
P16140,22.009116698465697,29.634799560386906
P16152,21.782365138500264,30.560411639749905
P16219,19.19015525840791,24.037917181991894
P16220,19.41838103713476,28.292774279370207
P16278,20.403796819499213,30.107669595593077
P16298,18.284213836560035,24.497677847573403
P16333,18.821892525558575,27.509560097296504
P16383,21.065482862722906,27.377986191693715
P16387,20.8612268519279,25.18204478073936
P16401,20.234301714265783,32.56430166615858
P16403,22.35240922249141,23.70111299215861
P16435,21.675001839788518,29.990301345175475
P16455,20.762126227322657,26.08703915542416
P16474,21.829198078915088,30.55633754751295
P16521,23.295000740229188,31.90145796787814
P16550,19.579671189904687,26.051275644651195
P16591,20.705899092730434,23.681994029225166
P16603,20.644078247690086,25.97131484686117
P16615,21.939117595359015,31.32006972825876
P16622,18.946775772119384,23.555881640357025
P16649,17.95031580247092,25.726830854362085
P16861,22.464456246666344,29.872092868257482
P16862,22.123550685952576,30.058085106638885
P16870,21.300644787130594,27.364124775497395
P16930,18.78290228662276,26.17623228257674
P16949,21.882012385484924,33.33737798086768
P16989,17.311960862044792,26.578346012544436
P17028,19.852059076470404,26.566728306689235
P17029,18.023108900889145,26.155274552415193
P17036,19.62054909392873,24.18307415755942
P17050,19.8702214008801,26.580485661084843
P17076,20.587749658830223,26.470328815781617
P17096,21.80148268337957,31.02608888921348
P17106,16.230343597339846,23.61392904222026
P17152,20.341746364896984,26.98414380369931
P17174,21.534372612347145,30.869716955872573
P17252,22.16757390615982,28.287282082485714
P17255,22.418528896388345,31.816030201407205
P17275,18.798250666433375,23.00065519109308
P17301,22.22939038806022,30.144105029634378
P17302,18.981626367331593,23.190652551984932
P17405,18.867298349281302,24.955548680496452
P17423,20.58632741544626,27.331582649841412
P17480,23.520842776311788,30.921681733347704
P17505,19.686906669120837,25.236125935795414
P17535,19.070140032013267,25.943893219911615
P17544,18.30463010322614,23.588132553897445
P17555,19.80451862751721,26.40603837565842
P17568,18.8296402589511,24.642898602853187
P17600,19.866350766525503,26.27941770407577
P17612,21.189670469274162,27.531797661706204
P17655,21.659334449572853,30.05601053232113
P17661,21.01406461642168,24.99612730395827
P17677,22.449069392333385,30.986590924077433
P17706,19.98410126557015,26.371666305395287
P17709,18.946575955906486,24.433927242974672
P17812,21.35589870166785,30.49511531664983
P17844,24.645759561863187,33.76200783583851
P17858,21.075276215567456,30.142745242674472
P17891,21.141919339633546,23.503779283928434
P17900,21.13955141484923,25.91708450578504
P17931,22.583210577230783,29.874338955867593
P17967,21.50091327961241,27.454567733194576
P17980,23.020060403792215,31.45716974329924
P17987,23.90449884888283,33.16113969593221
P18031,22.37014838622922,30.29495038663538
P18065,20.589784714401716,27.7116896631996
P18074,20.48408090210948,27.049796535767396
P18077,22.32088440465801,30.8153473710346
P18084,19.32591411079718,27.72622552106429
P18085,22.82817589050047,31.199318086696593
P18124,22.837153262069393,33.013005036011215
P18206,24.141328725246005,32.8838862656626
P18239,20.304165508874075,27.61333385340912
P18440,20.216735877594218,22.848195876760816
P18562,21.25146983291402,26.441152009028936
P18583,22.793912457600037,31.570610437749323
P18615,21.700546110141975,28.725593168567574
P18621,21.967438101606863,32.004616348212195
P18669,19.752546119076428,31.84038318460503
P18754,21.032359567146006,31.381425380910464
P18759,18.028313651031738,25.287771234389304
P18827,19.372028264646747,28.183104904249838
P18858,21.61477470917792,29.033360343352417
P18859,20.12753337677931,25.203355060815408
P18887,21.603292398618294,28.45168885359564
P19013,21.134933503742108,29.435615922832902
P19021,19.912157745232324,25.18917406339104
P19022,21.139350597013152,31.050300007250097
P19086,20.020901804186206,23.616149567944042
P19097,23.07399935864661,29.81848213381824
P19146,18.655398266456764,25.236442466091276
P19174,21.605292826398767,30.077768626622543
P19256,21.23951174207079,26.194587777938757
P19262,18.47447654448855,26.21563791778703
P19338,26.00040227968515,34.65372490705461
P19358,18.277908809109935,25.013517472102883
P19367,23.1978248434187,32.44185924273189
P19387,20.12661928212155,29.127696418114475
P19388,21.14072441900091,29.16118660637532
P19404,19.72003963437583,28.424381864354313
P19414,21.939229885531542,29.702024294489117
P19447,20.118869880684002,27.349536166187537
P19454,20.020427833627277,23.01091100732938
P19474,18.834837158501415,23.535694586233753
P19484,10.586723932459398,23.998129766829965
P19524,18.931225963416036,24.93289528363024
P19525,22.38918084157145,30.26101888939864
P19532,18.85819428529079,31.387118239855248
P19623,20.383529790424276,29.308411319635084
P19784,21.26364413318358,28.852391708351508
P19793,18.409342473930995,23.17183297596574
P19838,20.43433634375227,27.723889649578346
P19881,17.456782411043648,24.623958438535908
P19882,22.01019704620578,29.195288376589463
P20020,19.766712957327734,28.293504015746986
P20042,23.15261357664296,31.244551091515667
P20051,21.240721757859696,26.818022155759692
P20073,21.15151231046079,29.594744693036134
P20081,20.104155828322885,28.892792829712974
P20248,19.04439115750147,24.87395456351819
P20264,19.843010785930826,25.600217343453426
P20290,19.45231778086202,29.020897501407624
P20309,20.88393079545951,26.642564241901038
P20336,18.08185538177009,27.722850848166047
P20337,18.21121198941313,24.85105982646187
P20338,19.475305281058002,27.033031142963555
P20339,18.89211759988429,28.40819081158026
P20340,19.69435453719065,29.62202442943146
P20393,15.942934915115124,25.29159710276535
P20424,19.572425075500878,24.306628233023538
P20434,19.53617324986545,24.366604229888907
P20435,19.010362718396802,25.004296558680082
P20436,20.015403765533918,24.175952271396074
P20447,19.85001757108933,25.09913407830067
P20449,19.88352075153816,25.103812081363703
P20459,21.360964517472038,26.472263281002316
P20486,15.473722747506718,23.871267284377296
P20585,20.141873849802476,27.351606427363777
P20606,19.54432022061017,27.61125239817164
P20618,21.678386530261193,31.28986016195713
P20645,21.445724044561413,28.49504626262995
P20674,23.33478707941427,29.84483078953989
P20700,24.188162026819658,34.255046427967265
P20711,22.512896653896227,29.71868766807303
P20810,22.13081011410471,28.735561030262335
P20839,20.906506683469157,28.99844204160263
P20933,17.486104065470087,24.964827292507113
P20936,19.479130887771802,26.73973260348739
P20962,19.673031776129026,30.718232720117744
P20967,19.45946850125245,24.309077656794038
P21242,19.030575434787572,25.62537946260923
P21243,18.536164331205804,24.34253210218317
P21264,20.313360323327778,27.864686818101735
P21266,21.326706507708856,28.764370630195142
P21281,21.851036839445268,30.64875990401777
P21283,20.802985250947856,29.374087356987722
P21291,19.950573056963677,28.812992151450793
P21304,18.57202894251262,25.159310068670003
P21306,16.878687328602837,24.4279312715892
P21333,26.248641212146524,35.51265074354532
P21359,20.204854564338124,28.081540360926557
P21397,20.74722465570022,26.402447212439952
P21399,22.061292782329943,28.31158630718248
P21524,19.706016131717057,25.740750846519866
P21538,17.415641758287375,24.868169810409007
P21576,20.557329276598768,26.997528019058496
P21579,21.081227189981544,27.32053049766884
P21589,20.465812930212103,27.645013107103164
P21675,19.931871936193364,25.826002839997038
P21796,23.23958928640503,32.68754080132086
P21827,19.19370352312666,24.16276908646157
P21912,20.94070692987078,29.15627899478541
P21926,21.289806261153892,27.733203028032552
P21954,18.410250802225995,25.51617849842293
P21964,21.40310885233982,27.221797223248327
P21965,18.14551004126238,25.242575745798117
P21980,21.916262048800053,28.34175357961614
P22033,20.496636968789804,28.493393746264935
P22059,21.347832974567265,28.338103513369003
P22061,21.768722645020233,29.69802106937897
P22087,21.47038819622857,31.327443503108775
P22102,23.47535054322574,31.988631119614386
P22137,19.86924237062261,26.755327494077928
P22138,19.643295317297305,24.665264939978368
P22139,21.55640574085305,23.498660182957686
P22141,17.972744420510683,25.983974268405927
P22146,18.861754425210407,24.591421276528482
P22147,20.044901042059863,25.560918223647274
P22203,21.70376155487814,28.48092639433569
P22214,18.691616765342545,24.32403994005965
P22217,20.136449066209046,25.91123157322513
P22234,23.52501240851818,32.103046535666024
P22304,19.038309626347598,25.70261772846157
P22307,22.177993842629878,31.226579057990687
P22314,24.420620435498577,33.30078731673692
P22336,21.129287566944768,24.67573564022361
P22392,18.144593907002005,26.879240347757925
P22466,18.776148818357854,28.202850529973315
P22515,21.549016034281788,28.799126871301677
P22570,20.946148905174734,29.596871419631135
P22626,25.013462946415153,36.15999762563554
P22670,19.366270298149256,26.047520916984162
P22681,21.14975195461671,28.66525032997957
P22694,20.833053463009975,26.085890467943795
P22695,21.47411017677184,30.474482726812305
P22803,20.78366556230963,28.731219580349343
P22830,21.253673464311234,27.258365451954287
P22943,17.550413190220034,24.431098846296305
P23025,19.461786990403958,23.899706888038374
P23142,20.4609240810734,26.694794097972995
P23193,21.53248599365978,29.86219045857942
P23201,18.326620839025328,25.559881437390437
P23229,20.21037048938684,26.664535608234207
P23246,24.738702833292308,34.31410267213013
P23248,19.632176269534906,28.562813668417117
P23254,22.55411791317661,30.565259627207407
P23258,21.053620169489392,26.306274247585844
P23284,23.96183569586854,34.444113923746414
P23292,15.244612022361645,23.504264370150555
P23301,19.53021721636712,30.273015651871397
P23368,22.267711623273627,30.776007109158705
P23378,18.594258116673863,31.137723797531855
P23381,22.293093053221014,31.017862805930708
P23396,23.853574762558587,34.176640542671755
P23434,19.365513524253032,23.683682470777764
P23443,19.999859834210135,26.600152803629378
P23458,18.723076077407924,26.242549743267077
P23469,17.85556079054303,24.253589787170913
P23508,19.04823384891037,25.160037546631724
P23526,23.973887028581018,32.817879299461154
P23528,23.50675433139643,33.542071681449016
P23542,20.500240300630143,27.599540843629025
P23585,16.694438915573716,25.98648097660592
P23588,22.359211138117153,30.687402196681756
P23610,21.08206969208827,25.16457311467769
P23615,18.89780482743294,23.617623164795194
P23634,21.780745198098902,27.674655796590606
P23638,19.534850931247405,25.473845504031328
P23639,20.68315429953887,25.54052239945589
P23641,17.81876021920724,26.298106926813148
P23644,19.64390160512091,29.691491897633448
P23677,18.229158926351033,23.419393300050142
P23724,20.164092369737347,26.470885230557037
P23743,19.097554886715717,26.546058621246058
P23769,19.321076901194285,23.429547597283474
P23771,18.500088762543932,26.18546012141435
P23786,21.729313306807928,28.46653815162976
P23919,22.022948473845577,30.09492551457979
P23921,22.127402138566946,30.064529978739213
P23975,17.443090692204304,26.585432151883523
P24000,21.17415340613184,26.155527801608432
P24031,18.84105838212921,21.1997777675194
P24276,20.32169360156443,24.02991830507809
P24279,18.409004353461818,24.490294535282736
P24280,20.436124134326672,28.518330727323058
P24534,22.673099729536485,32.34158055302603
P24539,20.892477232855306,30.717065062305377
P24588,19.38409783989331,23.24007739968325
P24666,19.896020302078803,30.182925760652537
P24752,22.808498109412906,31.757445141718552
P24783,20.397327605054844,28.121566344965537
P24821,20.099911394331606,23.45511848196362
P24844,19.870989384305126,26.951769114670732
P24928,23.89982068769484,31.120645667984263
P24941,20.340218808842643,28.794991248929225
P25037,18.349612626298576,24.18163507609237
P25040,18.591514421017738,23.17014466389144
P25043,18.562164747266777,26.18497211329565
P25045,18.828118704629198,24.02870619899897
P25087,19.940151708169573,26.47965437301707
P25098,20.013980724037918,25.758306971421067
P25205,21.784096958526685,31.79600133686227
P25293,19.506713779770653,25.537160713209882
P25294,21.107371405683764,26.430510727487597
P25297,17.0482216523657,24.96027190713533
P25325,21.00900472261947,29.22895849644438
P25343,19.955851216034425,24.141495295211868
P25349,19.911984214468713,27.63288380700108
P25373,19.312796138079886,23.98608115962237
P25375,18.96566180079236,23.597287183451787
P25379,20.62501309786266,25.396749855797932
P25382,18.955097585386298,26.005535527691958
P25386,15.097909159053303,25.977409816421478
P25398,21.125761645002157,31.29888975586951
P25440,21.36652521503839,28.329094844099505
P25443,22.222379393837517,28.333565836093353
P25490,18.247424445645258,26.412055233414513
P25491,21.18587108111038,28.60016350019512
P25555,16.03231270465996,23.86923555420478
P25567,19.834963087119448,24.229295796952627
P25574,18.284648179726958,28.007459481957735
P25586,18.801449290821463,22.959713337037552
P25605,19.334997875367772,25.86709516988011
P25617,17.463536171367398,22.377891241070046
P25623,18.508492583927808,21.405147697113478
P25631,18.26355195815158,24.919169169077605
P25635,18.947410728691683,24.692159511634358
P25644,18.005618850603543,24.0967675041153
P25685,23.783062465736204,29.75599036037219
P25686,20.16407822198736,25.346386751016333
P25694,21.998297259912555,29.30704263615714
P25705,24.673853996393724,33.86140100097965
P25719,20.199197141262953,26.30067312983058
P25786,23.632729437516154,31.833501292775075
P25787,22.401727522464594,30.23039680207236
P25788,22.684657737830573,31.609278685887634
P25789,22.891789838329696,30.57899181032054
P25847,17.973721410275047,23.934510559005226
P25963,17.665380889659367,23.842697438333843
P26006,20.51857951668942,27.820412139869177
P26038,23.45649425391872,31.947533936608433
P26196,22.045642351230665,30.889551818943545
P26232,20.410066088367497,26.38154834735578
P26321,22.415275271496228,30.460277616061493
P26358,22.548467711794085,29.83837515705968
P26368,24.010089944175974,31.497963406797943
P26373,23.82556083233823,32.89705166013863
P26374,19.77335865357142,24.278358209814836
P26378,20.0316636206757,29.41209058190332
P26440,21.13319923147084,27.369694058904138
P26447,20.80880482660538,24.076679105162633
P26572,20.619100444662216,24.58395754279249
P26583,21.735407413228774,33.13546246621937
P26599,22.019352595783175,33.35909717662186
P26637,21.896854909470743,29.478554334645914
P26639,23.81934678484974,31.628917012792538
P26640,23.26767843010983,32.38170878888051
P26641,24.40696497004829,33.343634086093665
P26754,19.12652260472252,23.753104405657684
P26783,21.470319148573417,30.583504914846035
P26784,21.28907827093025,28.186612916615164
P26785,20.807159111927177,29.449044471796647
P26786,23.573330970923415,28.714625274166792
P26885,21.769950606256952,29.6696715578933
P26992,19.304432052959726,28.455803342581365
P27144,20.873260180123843,28.92348638226162
P27348,20.774977974985394,32.564040263236365
P27361,21.17789014092132,30.842877132375566
P27448,18.58516638532338,27.53408419765266
P27449,19.32062768337001,26.998307601351822
P27476,20.45157113845175,27.748306120115863
P27540,19.21759872715368,25.210012303216743
P27614,19.030974812663757,25.325593235531258
P27616,21.04299871839865,27.167465436397336
P27635,21.189170390254358,30.788105136839917
P27692,19.000525018924083,24.939520457399702
P27694,23.604121274871094,31.086889624290375
P27695,22.48976379737723,31.01322597982486
P27707,21.238068749521315,28.219638789810407
P27708,23.152730282011163,32.07178023746483
P27797,25.196302422776938,34.41116962400377
P27809,20.029464061140533,25.4739797347783
P27816,24.944675618561156,32.759800952452125
P27824,24.69766818872282,33.99342235043108
P27986,16.717129595747167,25.951809414697372
P27987,18.042630534219278,24.054857324865345
P28000,18.393506997121637,24.176276117406616
P28007,19.657593133586676,24.652424380149036
P28062,20.02697816413381,27.914801001469502
P28066,23.22844460000468,31.51819615904344
P28070,21.749735904706412,30.35677857697265
P28072,20.140925069936145,30.214009533870286
P28074,21.17330413082924,31.380655950974138
P28161,20.466660548538897,25.38478037475301
P28241,20.045639281599684,27.59144594546274
P28272,22.331685298898236,27.84826399596758
P28274,20.87824557158674,27.696113384135433
P28288,22.377105869270878,30.27785662938533
P28289,22.557837142517563,30.80099071392754
P28290,18.801381382341646,25.005172424969558
P28321,16.838195236041322,22.05342546275994
P28331,21.37161949766885,29.792930555524432
P28340,20.818403372581937,27.957638915093113
P28347,18.87520609106877,27.106562650921227
P28370,21.91883648625984,30.461288025947365
P28482,22.455885772965594,30.11657225060831
P28495,17.939554135425443,25.47557849139939
P28676,17.592912078143588,27.23829407392607
P28702,19.337334627325557,25.965569216022203
P28707,19.991336008400317,26.53428778594034
P28715,17.536471632641202,23.5969711190036
P28777,18.920218212948996,25.622708591285228
P28789,17.652341025208333,24.332702443841523
P28799,21.52283306800995,25.228930626221132
P28817,18.17940559409704,25.435343466327794
P28827,18.482323440548036,24.47379819833803
P28834,20.65579108950506,27.48756429101943
P28838,22.982595202174334,31.058847902890736
P29083,19.31887064364676,27.385027305333466
P29084,20.97956652346187,27.040572391651526
P29144,23.131105344395845,31.190107599832213
P29218,21.21575992563309,29.798190951301507
P29295,19.51059712028493,22.467088444536223
P29311,16.658555677523143,26.700797225772416
P29317,19.471395653237312,27.965234776630634
P29323,18.768925694950926,28.839299533444333
P29353,19.227491018712758,27.100401628596227
P29372,18.43429938319198,27.253259330373652
P29373,20.68929530811937,22.919491130090904
P29374,20.036708271358094,22.928717874751314
P29375,19.850504724524914,24.456778709435184
P29401,24.196282047193918,32.955673540660705
P29453,20.754387596780244,27.961693288205772
P29509,20.92838918461988,27.304374658343743
P29547,21.11314636129624,27.716567386114207
P29590,19.853540803416674,27.19035414938322
P29692,22.663955540691475,32.99628235208074
P29704,18.33065244788326,25.41337997833568
P29762,20.49481037849477,31.223148410406026
P29952,20.111295708300805,27.943235338024355
P29966,21.67052451264862,33.06555870694711
P29992,20.9250657757225,27.952665374290056
P30038,19.049858810327358,26.243471574715205
P30040,22.21085484046613,32.735896312326005
P30041,23.90269832106982,33.087316997491136
P30043,20.046510412046707,28.487011124884177
P30044,23.00275118882521,32.35866571364072
P30046,19.295320914400964,25.06774153619001
P30048,22.353545238735553,31.398382534637367
P30049,23.05574286380221,29.643493107632352
P30050,22.052722427572462,31.45365396798181
P30084,23.017172307170313,29.934209707202932
P30085,19.760865132136697,30.15436886991401
P30086,22.22986883293837,32.47343140830606
P30101,24.869843212790208,35.03621425356981
P30153,22.844429944251832,32.51977646788952
P30154,20.480725690807404,28.503027984174
P30260,20.415194459305635,28.401653061198154
P30291,18.009083899553776,23.456207878937715
P30405,21.54288110357099,28.70062248774033
P30414,18.7872675303035,27.3361846170607
P30419,21.640241932634893,29.57144248092463
P30519,20.180755181134263,28.91811745569382
P30520,21.862432349545678,29.340359830734663
P30530,19.11738151514101,25.328338450442562
P30533,21.659547187823627,29.09589377910327
P30566,21.258030812532933,28.82019465688819
P30622,21.472251603927557,29.172496059241865
P30624,19.964398526435502,25.732097487187826
P30626,21.552739155325416,31.592883773157453
P30656,18.72337859051763,24.68442637546151
P30665,16.535477964242883,27.657639562849845
P30740,19.5917130854278,27.797581327921407
P30771,22.83776977673685,23.5423029978028
P30793,20.73153697687559,27.22072874339508
P30822,20.862152793032084,24.86400733066618
P30825,19.17220066571399,26.106520629440446
P30837,19.461729826833473,27.749574710516995
P30876,22.214199403750175,30.848317619892246
P30902,18.3613241823247,24.67005221584261
P31040,22.02936701870791,30.231386067452707
P31116,21.883721885422393,28.277752466031544
P31146,20.94441382046241,28.028118659517332
P31150,22.528924700233258,32.087432721525765
P31151,21.327708413054506,25.267411975247636
P31153,20.651515237177755,30.73136004000881
P31321,16.085340329934,23.34615754615259
P31323,19.746684131434804,28.24421174056273
P31350,20.83853889777894,29.84466047026022
P31373,21.065225416921905,28.54811686543029
P31382,18.987999163910573,25.431866021013995
P31383,18.337135091465942,23.59475501874055
P31412,20.120942614486,26.02008018681116
P31431,19.46198379878179,23.403542337864774
P31483,19.36539189221287,28.23458869347194
P31539,20.706254401212668,29.658229098094978
P31689,21.71428237455154,31.713676069425315
P31749,19.66748489078288,26.690179173952792
P31751,17.623822084648577,25.028763477818085
P31787,20.131181367902084,24.755521227310314
P31930,21.07965010963667,30.10192049397875
P31937,20.233220407112704,29.39691263708404
P31939,22.11830408925638,32.26937923600332
P31942,20.291946332489832,32.54058869950445
P31943,22.371208793578298,32.01862660721947
P31944,19.540835731137502,25.296119326014715
P31946,20.996554510655145,31.90508428558851
P31947,19.248900449243767,28.785749713980465
P31948,25.050858121027765,33.53387524794636
P31949,20.514626732987484,29.93251897110685
P32004,20.773086586034687,29.613646176382733
P32074,18.666916538258672,27.52504328943598
P32119,25.008727102741386,32.85600687565855
P32121,19.41400903081073,25.184716055722287
P32178,19.536600303738158,24.147067866155176
P32189,17.821889463769516,23.758187829557446
P32263,20.591645442715382,27.242826180145066
P32264,18.686346431047774,23.872906012308057
P32266,20.784961630802897,26.27188151397778
P32288,19.83316540527107,27.742514619986945
P32297,18.124483712532903,24.331976431901108
P32321,20.5094734836948,27.130253468661746
P32322,22.66862579618909,30.83507624544965
P32324,24.34632518397524,32.85729945799783
P32327,20.03063790097834,24.415664927517756
P32332,16.254101590863602,23.944174873972887
P32337,17.991467607632284,23.32297350813281
P32352,18.88766490274106,22.94850429872742
P32353,20.02895449024619,23.866764553278852
P32366,19.439792633700726,25.915880290379143
P32368,19.138326716767466,26.014819196074583
P32377,20.98569590940946,26.357056710245875
P32379,19.030181084416842,25.49618781733095
P32381,19.39254424552719,26.970049241878478
P32386,18.225519922995144,24.647250213779845
P32419,21.099127943220125,26.3631972282733
P32449,20.872847685250367,26.17855462594915
P32454,19.787967193722604,26.143949047888977
P32455,19.662437973210135,28.56552064633826
P32456,20.29470936214803,25.991392374159457
P32457,20.253329048827474,23.912882942172008
P32458,19.32464257928778,24.606711509191936
P32463,19.78999450655974,23.711655106815186
P32466,18.897618215295058,26.14971388529133
P32468,19.987597691097825,24.279284959981062
P32469,19.626782911753548,25.96063811377404
P32471,21.779749283487067,29.329129645191077
P32472,17.42329112598535,24.01399619959974
P32473,21.26850716331915,27.14099650235489
P32476,19.74922697496067,23.88898092240516
P32481,22.792581709037396,27.202473189537965
P32485,18.372903819781087,26.002725509438392
P32486,17.595703193760542,23.9658697836474
P32495,20.935725557686954,26.44095644406283
P32496,18.754880359897392,25.571626659016133
P32497,20.509898546368408,27.412793883813496
P32499,19.814693607620082,26.059728340787025
P32501,16.29649053268973,24.237767511095747
P32505,18.910125574481608,24.093698104490326
P32519,20.051556179874513,25.238150574416068
P32521,17.981962300036386,24.259669068523483
P32527,21.186715316857942,27.818069705397523
P32558,19.409887688656077,27.161818578284944
P32563,19.629335059756468,29.688822688920826
P32565,18.585309322812684,24.055704856146747
P32566,19.529111218806605,23.78787815476904
P32582,22.059260605488188,29.069146815672084
P32583,18.3950442174245,24.15423991908621
P32588,21.364422560669247,25.868906628481298
P32589,22.842577790486192,30.59688125662244
P32598,17.809379586047257,29.758960708637915
P32599,19.63256698610892,27.0048575570193
P32610,17.459067024386126,24.829798257306017
P32614,20.107534343985133,24.45065883765691
P32623,16.592900720078838,23.900787316704875
P32628,14.399103478591949,28.310381449427588
P32769,18.976833456910285,23.09119371895175
P32771,19.61889483247968,23.19236972894167
P32780,20.792353141137866,25.813928211311666
P32795,20.995871412338403,23.11734284261735
P32802,18.162739056921847,23.735424942362883
P32803,17.80409589610764,25.046678865513968
P32835,19.904032285299227,27.19798221884635
P32856,18.975400988009337,23.277654829124966
P32860,15.59459307300032,25.191421068900606
P32861,20.73722478588498,25.927224867225757
P32892,20.36735001161876,23.237577819367417
P32895,20.64840950341987,26.242918032422264
P32897,20.564362811871856,25.822290629473454
P32899,18.171520216027062,23.638736176103084
P32905,19.484407307658117,24.888701310645843
P32911,18.68145765182501,27.489914742699053
P32915,18.339247949892467,24.651420675975984
P32916,17.6650987474764,25.996297992788016
P32939,18.187717804473305,24.4297195937935
P32969,22.926750381953145,30.966604801340992
P33121,21.093857120148975,28.553277180608628
P33176,23.26581008150644,32.02367787830297
P33201,19.478572342779707,25.06181626177918
P33204,18.856048227233305,23.743757788658154
P33240,21.839703589259468,29.170159979877127
P33297,20.236757050822188,25.80772156704486
P33298,20.090887064375035,27.039174855860423
P33299,18.372442843775836,24.371404571799843
P33302,19.493258592502944,26.95188653287313
P33316,21.55621728918622,31.03446643080471
P33322,17.228992334091718,26.652674609107184
P33330,20.141544030570017,26.42639473573382
P33331,19.753076956183204,24.31160330428674
P33333,19.140149628425718,24.152540860347298
P33338,18.965809559781537,24.236892577246593
P33399,18.545994189831124,25.049591048324665
P33401,19.1870883972837,23.639920872445654
P33442,20.592946526984132,28.16645544448229
P33527,20.609939798240777,28.34633692310975
P33734,19.08086357896789,23.55794368865928
P33754,17.66800899103104,23.305823378410537
P33775,19.429772922592672,23.49109109606617
P33892,20.399454114627453,27.12847487511409
P33897,19.261505771195765,26.10967985699026
P33908,18.61474254993089,24.73368737437698
P33981,20.180060791896654,28.116008311221876
P33991,22.755194778343895,31.431561066826536
P33992,23.19680999178921,32.041980718459
P33993,23.191315549128024,31.856802636360634
P34059,19.891515079402197,26.410348735499063
P34167,20.84344117745635,27.317967242302828
P34216,17.618602217835967,29.72987649331934
P34223,17.99517328361803,24.30842118016931
P34227,18.88439248269392,24.288454035634413
P34730,18.99565264190841,25.74729899248301
P34741,19.045186637846218,24.606065152221365
P34760,20.986404994297164,30.7192898918238
P34896,18.79708972311466,26.565918623839856
P34897,22.976558522532915,32.6183438555991
P34913,21.260265696484137,24.29766839903548
P34931,20.679703956903378,24.08226235506662
P34932,24.553414142897427,32.906239128386574
P34949,19.961607050997582,27.41211411544238
P35080,20.180050060970803,30.87348308127758
P35176,20.25584466655001,25.958533710445103
P35180,18.721129469333988,26.43708188517173
P35189,18.693082630419337,23.637612910834633
P35191,21.638891868004713,23.344418570252895
P35194,16.902564559731122,22.391437389460403
P35197,19.914638723952844,23.695934471505208
P35221,23.24532223658112,31.490089880755445
P35222,23.05278576557466,30.828181298884793
P35226,19.050462425499035,24.374354587243854
P35227,19.87016567118342,26.193879586584906
P35232,23.240061378231005,33.35855082489428
P35237,22.014563089724902,30.270862861739573
P35240,19.789576436137807,25.339084855159467
P35241,22.58252093650256,30.127320282953942
P35244,21.31113484432808,29.358787726390243
P35249,22.46877730163771,31.522783195871135
P35250,20.75641779753958,29.974816330469935
P35251,21.900846006957668,28.399352737632906
P35268,21.673227887861202,31.054818960274698
P35269,19.590560396899257,29.169931343288624
P35270,21.25408718590138,27.020312517020898
P35354,18.266985417194313,24.615803604084547
P35475,18.588413030148,22.953496315450238
P35520,21.750386783718177,30.832724076816614
P35527,21.344034794292686,30.79094139516829
P35573,20.81797081477992,28.406449991329534
P35579,25.830650778771993,34.81746114618862
P35580,25.110522265843144,33.551551112708786
P35606,22.59543276821799,31.185080184524754
P35610,21.346091347635394,27.17849240576069
P35611,21.714133866733498,30.948233700721048
P35612,21.319718552081238,29.45016632326413
P35613,21.260183110231914,29.881118502614857
P35626,19.192039073003116,24.558347312673117
P35637,20.699863189082745,32.22965943805349
P35658,23.157648236628937,31.7952970938491
P35659,22.761069962654094,32.00021464155785
P35691,21.109978891636306,29.960608019409285
P35716,16.809025821498242,23.63081085317907
P35719,21.174791152993873,24.535571731160747
P35732,19.887825671497176,26.966721887997636
P35754,20.07512152467888,27.398816914432583
P35813,21.157014317008535,28.53240790050574
P35844,19.87821511822305,24.80470090297974
P35908,22.15250403646992,30.348813833865535
P35914,21.47360671827156,25.977078181935337
P35997,22.434604112102402,30.021670388449902
P35998,23.506643217672767,32.057336874284836
P36008,23.099501059455907,30.21158220256361
P36010,19.525726603155523,25.468298693222586
P36013,18.29752147352531,25.21251527257755
P36015,20.043659666167454,25.059621102322286
P36021,18.84027945897282,27.087414938228488
P36022,20.41762540749846,28.5952173985956
P36036,17.540091962148438,23.195827844145384
P36049,19.65888615045048,24.620280522961384
P36060,17.4506759953707,28.076350256708935
P36069,17.397250236574994,24.064749095496428
P36105,20.717756369041336,25.941465158276593
P36136,18.996612260026918,28.105588119572406
P36152,18.646372546440016,24.023835639162808
P36160,19.919708304295753,23.934529455679613
P36404,20.87152907204397,28.15697640763843
P36405,20.810320963779734,29.633477678113866
P36421,21.33407550991643,26.47788222370465
P36507,21.348123094115707,28.47375533782385
P36542,22.29438985887447,30.88313254334845
P36543,21.477967481593808,29.653354090246655
P36551,20.215357524626977,29.545475179192326
P36578,24.874199030077413,33.88670151395369
P36639,20.112450490163944,28.208897591942943
P36775,17.44765958193242,22.844627044149703
P36776,23.60815940735203,31.500237705368573
P36871,23.34464074337314,31.22519584322602
P36873,21.58171833586475,28.95168513506736
P36894,16.077865027971384,24.683203993974505
P36915,21.183853149524776,28.93957659429148
P36955,17.480696496069903,24.25370302697739
P36957,21.469940722465765,31.08327872994165
P36969,20.67611608314878,27.878857529637212
P37012,18.34807170797001,26.08178877458781
P37108,21.678251142895952,30.76462147148958
P37198,20.747620662777923,30.087098853492304
P37235,19.96398307461487,30.059448116057087
P37268,21.168735961497447,28.76134660454642
P37275,19.589168854438817,26.26899585713742
P37291,22.64661765369409,29.802682666803697
P37292,20.32960098631463,27.380705912512216
P37302,18.45100714360449,27.075492533150893
P37303,19.28450494947475,27.857835045640023
P37802,23.101675145572376,33.47202578265205
P37837,24.020403198225683,31.73709562640377
P37838,19.8934846294408,25.765511391941622
P37840,21.194846595723586,28.130851878741787
P37898,18.78146357436067,25.35215313681769
P38009,21.09533005427525,28.69265481005412
P38011,21.23552908015383,31.01734725566178
P38013,20.754016275537534,30.419059049846105
P38061,22.958378276105538,29.869866714466898
P38071,19.37595864605041,23.269382044930428
P38075,19.66822769674438,26.300891980367542
P38077,19.285673290264455,24.698807605993583
P38088,21.502178803166025,29.269362206469506
P38112,18.13752140983475,21.87367878190742
P38115,19.98431681545017,26.933498021523313
P38116,18.243765127756074,25.639364475057082
P38117,21.84362864225853,30.323376107898987
P38143,19.25524703373172,25.2778373027623
P38144,18.19906711751483,22.08538849438042
P38159,19.72141083146097,31.067614131531577
P38174,20.676342212204307,23.45654505280885
P38197,19.702270982394474,24.874209299092897
P38199,18.84446397862956,24.890737553630558
P38203,18.337255067007664,28.15415387865165
P38205,19.666516000259268,25.451640976894655
P38219,21.555829866810548,29.154770945207286
P38248,19.95501844697438,27.812758294742785
P38249,21.736096768819387,27.73343518441871
P38264,17.850199445786018,27.26294417840568
P38272,16.521965789553587,22.561834704033757
P38295,18.260472664041757,24.381817849702763
P38328,18.296446216353697,24.215230699816253
P38333,17.50317634019557,23.322198082384766
P38340,17.6307345176082,22.919172306736805
P38353,19.041226717829492,24.629981042532297
P38398,18.14065076053895,23.656059066284286
P38426,17.553958641924613,23.66641267226179
P38431,20.813965985547917,28.310487111307058
P38432,20.121942793848223,27.71722197742076
P38435,18.50030113317861,25.10388049771507
P38523,20.34542650432538,24.928688918316258
P38555,18.62345015139892,23.26585093765877
P38571,20.395985806460715,25.459211370224267
P38606,22.688605285441596,31.475031045671436
P38616,17.836294915969173,25.460417117789717
P38620,18.96150531377804,23.732689863893228
P38623,18.55592446699455,25.40091183785681
P38625,22.051959550192127,29.244658230305618
P38626,20.45086651352278,24.199457357524807
P38627,19.246739508493583,23.717360875153382
P38631,18.878615971801484,26.458585106251295
P38646,24.04534017801944,33.46373933203752
P38682,18.648687547420757,26.12978258426634
P38688,17.891719812718133,24.12171688797692
P38689,20.144270623788984,26.197529183676643
P38697,18.713841456085348,24.954114422129784
P38698,19.174355167551468,23.14185066165712
P38701,19.293322229938994,30.12081267378251
P38707,21.023030701180677,28.707465059630337
P38708,20.476985468097947,28.277072288538577
P38715,20.19679012526776,23.89904440866657
P38719,17.41933478671144,23.30080484553092
P38720,20.546709062303275,29.173172997009544
P38764,20.188045016801016,26.254962977353465
P38777,19.987495008564412,27.01186808308561
P38779,19.22793871633632,24.764562959964827
P38787,17.868306284256434,26.644319450408496
P38788,23.200665309692166,29.98460930515523
P38791,18.651045628067568,26.867179662516097
P38795,19.87352171158205,24.094689832902986
P38810,20.004088925265226,23.522846450471118
P38817,19.477687464934345,25.39737349087906
P38821,20.30777901313735,23.792715142711543
P38828,18.306470874855627,21.453448491871423
P38840,19.807187159443504,25.605398327602607
P38845,19.895767794538358,25.72968315347143
P38853,18.66854020465126,23.32810642845278
P38858,20.19092107964525,24.204419912852604
P38861,20.53880859944516,26.009009433816146
P38879,20.84773110986855,29.097163605483985
P38886,18.009909349096844,25.32023348366642
P38891,19.41456870480963,26.69156345811258
P38910,21.001248353044065,27.514161986487107
P38911,21.301879630829653,26.34602364890632
P38912,20.037413754185245,25.81961845188264
P38919,22.886615868084597,32.58048262114058
P38934,21.20818837863989,27.29903216824047
P38935,20.72327255396689,22.985381441198868
P38936,18.751358212004078,25.60957851048125
P38961,20.360578043011323,22.264176262606153
P38968,19.999235784593772,26.251008594124414
P38972,22.460233051532164,28.71026146019026
P38985,17.676767067582876,24.780242632201716
P38986,18.89976129648497,26.445120441818958
P38993,20.003947704599625,23.82694060899066
P38996,16.75313045616515,23.33598003987959
P38999,18.55298880886005,25.59002089062375
P39013,20.116464244272986,23.948755227969627
P39015,21.668735064009084,29.15238467221221
P39019,23.963151162619752,32.75616324010831
P39023,23.29912702078043,32.40180950481167
P39060,17.146284327189527,22.392293836393836
P39076,19.58635980186758,25.319317479818164
P39077,21.13224340331904,28.611168481436927
P39078,20.91571804846547,24.98896156581127
P39079,18.21168585751781,27.47959591768169
P39101,18.434895795324813,24.190792162108618
P39109,18.08237842553557,23.5773590968402
P39111,18.66354076670111,25.39812133417059
P39517,17.79147713357666,26.284995524000493
P39522,21.009876164976582,28.813911528305155
P39533,16.814322439449583,24.318532673330203
P39656,22.527650949770486,31.25170041453721
P39676,20.55713773813806,28.28446508978569
P39683,19.051464668153834,25.437805240890142
P39687,20.264138380408617,30.87380477262169
P39704,21.89324212622954,23.39183795375879
P39721,20.80454406465491,22.9050336394403
P39726,20.168044423262092,24.594772613015458
P39729,18.45351601182552,29.02148508946795
P39730,20.087469782048768,27.26539524066307
P39742,18.503769168144693,24.082272102067062
P39743,19.44190711937838,25.299909179029825
P39744,20.577264602810708,24.616688547394947
P39748,23.83872851532422,31.97020089769606
P39880,20.948629804447425,28.76433170300504
P39931,19.961699194705485,28.293359738196123
P39935,21.030421121420122,25.78976125198069
P39938,18.43905038156806,28.14433900285203
P39940,17.844044476718505,24.452218739375997
P39954,22.460880939299066,28.65966874051107
P39958,19.35727443248341,25.121900986037655
P39966,16.997461602365945,24.988938949516587
P39968,19.611281209034935,24.428324323985482
P39976,20.75808994640457,27.01393927891294
P39985,18.904012727572614,22.60919767945131
P39986,20.578528977560964,25.281414724093658
P39990,19.1781169241001,26.709171089153667
P40007,17.738341409661114,26.24593285625781
P40010,17.274684075903867,25.338597527591247
P40016,19.561490451893587,26.006295577827686
P40024,21.80217893654829,28.113598060984252
P40032,18.66816646909991,24.740443754396097
P40037,18.411156572417013,25.465076195792754
P40040,18.44448830905574,23.780817372188842
P40046,19.59060928947853,26.364863497761807
P40047,19.663566020676754,28.029090622097012
P40053,17.78984105093813,24.751285846529726
P40055,20.969699505105805,22.215845343126777
P40056,18.50386043566106,24.811968122716113
P40069,21.442309117718214,29.912224198091167
P40075,22.24502219052106,26.06846129803567
P40078,20.011526079445883,23.877801698030286
P40093,19.36751316698118,24.479522735324338
P40106,20.36165236483829,25.61420003959216
P40121,19.70132323674235,28.15539349531568
P40123,20.516322806793745,28.963313906073527
P40150,19.67657616221811,28.33354788023641
P40159,19.54008928198252,25.383735862788175
P40160,16.099611571390678,22.801988726790317
P40185,21.30443258216599,29.037763677059832
P40202,18.799771958739797,25.038737175826277
P40212,21.293001224513457,30.17093459830468
P40217,19.767718882449092,27.35154922697791
P40222,21.3997437505193,30.43122080643724
P40227,22.844810259403488,32.92946945401316
P40261,19.962734511331135,25.909152400017692
P40302,19.810002808150458,28.22824929722932
P40303,17.91238487056678,25.694746164942877
P40319,19.905367127746914,24.014570071400254
P40327,18.55039397701082,23.212988118712218
P40348,17.637588002337864,21.90537451748135
P40413,19.864371392184722,27.626850745952616
P40422,19.57007535862871,23.794133130156755
P40424,19.484725439211022,26.71271725359266
P40425,20.24950642745145,25.774033091717342
P40426,17.75804213113076,26.38277986252387
P40429,23.081712127591615,28.067010328034634
P40462,19.624279912857435,22.968833754314943
P40471,17.392703388006964,23.35511030272038
P40477,18.980580211382875,21.622564638186024
P40482,20.031611895641362,27.213976875268532
P40495,18.873282187153333,28.110602678105806
P40506,18.180010234471595,23.14013904742648
P40509,20.84437052036564,25.321477120295203
P40510,21.155644345384577,23.5475922574033
P40518,19.25725639861551,25.27846204253219
P40529,15.626677674345416,24.016667783635665
P40531,19.918000250108683,27.08736556660701
P40580,16.811495598244004,25.34698487283985
P40581,19.435699425005225,25.779610584440732
P40582,17.486150324521912,25.131239579421653
P40616,18.98340846759131,27.22190146554079
P40692,21.006621061864873,27.660955206842768
P40693,19.17340882034841,24.538956648906414
P40763,22.4786159883323,29.759285739695674
P40818,20.30032654996681,28.562093084593172
P40825,22.803401001427215,29.002852034649138
P40855,20.73195090046667,28.20954230580695
P40893,20.155880323816792,24.826246226804916
P40925,24.063800403360062,32.16034105106069
P40926,23.89475343913233,33.68349059083681
P40937,21.454462992791154,29.744603567628257
P40938,19.590754735486986,29.566721677323397
P40939,23.973836580551666,32.092630477067026
P40961,18.103013690807032,24.83378259949917
P40991,18.394693540172145,24.913480161894064
P41056,20.108967841865567,26.090407071273713
P41057,22.029042067433906,26.332482254267905
P41058,21.569948109583336,25.066123894599166
P41091,23.932785270179476,29.269538083263118
P41134,15.961739117860159,24.120005181038838
P41162,18.41866091240055,23.303085753477376
P41208,20.089800868025915,25.265977057094034
P41212,19.564180477609654,23.481561047385473
P41214,20.345049582035852,26.342149322967774
P41217,19.24034766410012,25.877346463590126
P41223,21.2748664867653,25.822215187394452
P41226,17.978184790368886,23.767011766126796
P41227,21.820203994227004,29.577527506685207
P41229,19.386146991980198,24.68139193698312
P41236,18.585561371341754,26.304933172388086
P41240,21.932197787964693,28.183482852748178
P41250,24.02278662762387,31.90338874466408
P41252,23.40294673576371,32.0759720141098
P41277,19.676439124122293,30.09454843913865
P41338,21.44027913752771,28.219104264466083
P41440,17.70708723944722,24.571664585698965
P41543,16.65421595143413,25.142054885650385
P41743,19.13313078322453,26.192302805305246
P41805,22.719193352498714,29.41550386972733
P41807,19.613262962756135,26.174469243330954
P41810,20.07282749390694,26.610442694117026
P41811,19.83360526149095,27.19799589981558
P41895,18.512376557014587,22.67382297139601
P41911,20.067129849947186,25.78314849948309
P41920,18.804834893880756,26.81638326899258
P41921,20.328925798235023,25.274895406541162
P41940,22.42427202563237,29.930033721726396
P42025,17.224774422265092,27.885814041033875
P42126,20.79831859980664,29.16160952454807
P42166,20.477613656145095,30.26418151085396
P42167,22.442538670177864,31.413215753823817
P42224,22.07366173814839,30.39322349290735
P42285,23.280119315390177,30.872572723912363
P42330,16.78678336845117,24.92469087914292
P42336,18.033986893284926,24.188881804838317
P42345,21.24716374599409,28.509962701861234
P42356,18.142110448589452,25.884296877326985
P42566,21.136396995915106,28.336734634669718
P42568,18.652811987472877,23.919590372895794
P42574,21.180474293138648,29.884942703430905
P42575,19.308305085464596,23.233389135309334
P42677,21.16951437379631,30.88422516014672
P42684,20.37191251263463,25.426467376031393
P42694,20.257277126433014,26.475966643779106
P42695,21.225564047324642,27.095439107936873
P42696,20.44240573311437,27.11932989413053
P42704,25.340024253951544,33.57031987897018
P42765,22.553607879663353,31.467490073686378
P42766,21.262316142170313,31.098995434652938
P42771,21.276806273601746,28.516449995068626
P42773,20.777241105885935,26.319533847805626
P42785,22.493020376701914,28.47000165806374
P42842,18.49174735064299,24.043837288437807
P42858,21.397439534861928,28.296677058444114
P42892,20.94811564651806,27.231234614182025
P42898,18.62807311293197,23.89816293637794
P42935,19.910859660011884,23.34119262614484
P42942,18.770781195507666,23.526292787351647
P42943,18.05899396183201,25.357110486962796
P42945,18.60728889564045,24.143161385239754
P43007,19.240917008266095,26.43026878871346
P43034,20.961841474987214,31.231144949461882
P43121,19.021988990823775,25.447357173982045
P43123,18.692373954002978,24.528277810906026
P43155,20.698052636077886,26.403146587499645
P43243,24.06036949006704,34.03497064760936
P43246,23.27847188657782,31.581577032914364
P43250,18.860539008748262,26.36747382562225
P43304,20.711760048335513,29.210197159188667
P43307,19.82944199967144,29.626764790518706
P43357,20.450057380182493,24.97106851311337
P43363,19.332495755461,26.65325115892026
P43378,19.957276008141296,25.684291233727297
P43487,22.624113760491035,31.83406577293046
P43490,22.641649196006313,31.026241221562664
P43535,19.853457396653955,24.66737319259437
P43555,18.164498145754187,27.01030542193804
P43577,18.328637678026098,24.171285163236085
P43582,16.595060891399164,23.775201844111322
P43585,20.438060652507748,24.99158096635022
P43588,18.387435783600285,24.971858772618237
P43590,19.950885063716026,22.692243653681395
P43593,17.306614926978995,24.288772244199137
P43609,18.606381318441674,24.397771007327883
P43616,20.703218895438056,26.47125132486262
P43621,16.844803745029957,22.727431084177223
P43636,19.60337468007382,23.896846875596637
P43686,22.06142776768442,31.5499427332584
P43694,17.329004344582426,25.23506889607694
P43897,19.437430481503714,28.808380872858784
P45877,21.09480862380684,28.018598383265065
P45880,22.931716315180974,32.56262351405462
P45954,19.942597532482587,27.173970480589293
P45973,21.929274664874722,32.10887478371464
P45974,22.536100535823397,31.71847119819988
P45978,19.475843159299657,23.398236274788264
P45983,20.340805323702735,26.004699652641296
P45984,21.049196594925814,24.680643729494932
P45985,20.17119976969721,27.514146000355133
P46013,24.4536717975909,32.142532896851456
P46019,17.737774945848585,23.416493070842172
P46020,19.311503878239535,25.784347514663594
P46060,23.00706265869085,31.54475830733328
P46063,22.514966085111382,31.221223770372937
P46087,22.417143571794778,30.874210199232103
P46100,21.903076337075046,30.00705765452112
P46108,20.708658265785722,29.922154260402696
P46109,22.015895241238564,30.541703760393712
P46199,20.01647581581393,25.62244798514894
P46367,20.470125425790307,26.770809287421503
P46379,21.286774170030103,31.447961040917132
P46459,22.98644481402589,31.413955840479588
P46531,19.560537005002814,23.836369206514366
P46654,19.870865363578194,25.35477912892963
P46655,21.646526385423112,29.48354233736981
P46669,20.407816350948845,24.348962116073093
P46672,22.372347342595507,28.50855961651435
P46680,17.258809291746736,26.86533045447924
P46681,17.583834440658883,25.010714789436705
P46682,18.79509851871944,24.62098688707603
P46734,19.466450959226442,25.16248998399671
P46736,20.01183539013946,27.443989775100576
P46776,20.39046004676034,31.705150834259303
P46777,24.02524280574436,33.07524271517632
P46778,22.569965302298765,31.642190557392173
P46779,20.597003237950357,29.943031642775786
P46781,23.946385398208292,32.599848877628794
P46782,18.426892594400442,28.21622682699257
P46783,21.18994553912597,28.465927722597748
P46821,25.458088373488504,34.12770351173272
P46926,22.68326662906075,29.58188031992812
P46934,20.638393978374346,25.78439719197893
P46937,21.384609155368402,27.502944743533
P46939,19.90492361561458,25.74558413776825
P46940,24.36627787086446,32.70833728356569
P46956,20.090764545787216,24.789988226292582
P46969,20.017924503446686,23.326670589865813
P46976,19.688062445985455,27.573585817722574
P46977,22.055737471326083,30.076263504828066
P46988,18.31129784587764,23.797908949409145
P46990,21.847860785419936,26.68199822331471
P46992,16.799771813517783,23.690262006004318
P47006,18.780747392404617,25.09525249730598
P47008,19.860788480010747,26.641825724038032
P47018,19.127202737797884,25.03916526312141
P47035,18.541599148788826,24.847821435362086
P47039,18.471521340410874,23.288329619529215
P47044,18.846276727880337,24.69895990866374
P47047,18.858519258116875,25.50286043231582
P47068,18.944002837629498,23.158441272009934
P47075,20.927243001988355,26.861502989265496
P47079,20.353241135639497,26.34848616806444
P47083,18.93113765853036,24.292601429944355
P47089,18.72489573279783,23.954187700132984
P47096,17.77710882969932,24.288229416982194
P47117,18.72350281770647,26.52225053833977
P47119,20.50904001248864,24.219955335413367
P47120,20.213190874550577,27.904163361407477
P47143,21.554390356465994,28.052318119903408
P47154,21.073857825513212,24.286715674072347
P47176,20.201204779915727,24.130035298924327
P47224,19.43577165617868,25.59373834303029
P47736,20.175045666643026,29.475411630998913
P47755,20.432461157575613,28.983298774227578
P47756,21.631728834579175,31.730124208336793
P47895,19.729509837552005,25.95177696137201
P47897,23.577742214878356,31.91592082392289
P47912,17.876028766325504,25.409760946789838
P47914,21.915219093313762,30.998744284651366
P47929,17.583593181049626,23.70844435072497
P47972,19.9082163824905,27.970741467055536
P47974,19.408125683548217,23.584146957834765
P47985,18.17119307362812,27.50126517630693
P48047,22.40689719784238,31.59186374133589
P48059,22.359099789738302,26.574665571946937
P48147,23.680994149854083,30.86532797266262
P48163,20.84501046135548,28.336466204906795
P48164,21.2562724266404,27.31649415192021
P48200,19.317755209622607,22.35501792730024
P48307,18.029860076301073,28.351925911725065
P48357,16.99072102465207,25.408185534396804
P48362,19.01719369322878,26.103499645465867
P48363,19.845181296667096,28.38103315302045
P48378,17.751260685829365,24.79767146912206
P48380,18.203373001752862,23.798890904333216
P48382,19.63331116729175,25.489379349063277
P48415,17.0061445971582,25.49348312101817
P48426,18.371814284917384,25.267860206238154
P48439,20.068209392091642,24.837204484707843
P48444,22.735858111267632,31.564327568960778
P48449,20.898782280211606,31.694603357092497
P48454,18.61447545470072,28.962345009716575
P48506,19.61470129441061,27.843606410371745
P48507,21.025529820581024,28.097986573373692
P48509,20.695051953799315,26.137437281547726
P48510,18.74380503625437,24.770785511715932
P48553,18.76279774901851,25.890251147562957
P48556,21.45911589813376,30.597026139482182
P48570,19.874300152265853,24.372919645283847
P48589,22.229358807522875,30.715185277701792
P48606,21.18715990389753,24.666339472308174
P48634,21.515778856424742,29.859497950153575
P48637,22.833406627540036,29.484829298291373
P48643,24.750616230827344,33.27577359582635
P48681,25.248027876811356,34.17853178075008
P48723,20.240741938945217,28.250195118434643
P48728,19.806737146056708,24.466818187192246
P48729,20.526247624324327,27.813674915783146
P48730,18.99279941839254,26.316822382291004
P48735,22.774191043601007,32.18626055200904
P48739,22.139795620657274,30.44350374408873
P48836,21.86290844348498,26.949842658975182
P48837,16.958473680147016,24.60079499590864
P49005,20.265548892756208,26.161845395162576
P49006,21.73546719011046,29.240187944303422
P49017,19.224020898946446,22.93818903140186
P49023,18.82322450983095,27.599732103695487
P49069,19.437551422215215,25.386282147938886
P49089,20.478975798109808,26.273776448166057
P49090,19.81084248176086,27.634512732621438
P49095,17.28986912858535,23.0781156993005
P49116,19.098947103174172,26.734300511583143
P49137,20.00175686770116,25.21338375086578
P49167,20.192144645472585,28.819986843480848
P49189,21.363135651935224,30.231530163530167
P49207,21.574038880208022,24.586092099051722
P49247,21.008248318379042,26.286267217442166
P49257,21.27161649496643,31.221916640991378
P49321,24.66628682226276,33.09719742442474
P49327,25.305183951066486,34.30411871796911
P49334,18.90361395683174,24.095402254577056
P49354,18.807910348571436,27.467726799558157
P49356,20.028575842643598,25.7079718855641
P49366,20.820808512634628,28.54733903367186
P49367,19.121752502994134,23.50417549030529
P49368,23.474791149531658,33.56023812002985
P49406,20.0470796075585,27.84333240995538
P49407,19.475713112948966,25.485728262837423
P49411,24.40127011146507,33.06702294732864
P49419,22.390360561122172,31.29721516869654
P49427,20.968682365333496,25.690999969916017
P49435,20.22538443673299,26.004220016182423
P49447,20.680261817123263,28.54718886782302
P49454,23.978538758428353,30.64259006562246
P49458,19.649889611601044,31.381620835306265
P49459,21.746364504850675,27.389346132939412
P49573,19.150187613085752,24.00548569295435
P49585,19.126276905834956,27.060507678919357
P49588,24.054314218295797,31.962538702120668
P49589,22.13443703770536,30.656507716897195
P49590,21.126509169441544,27.418678961516143
P49591,22.31257328494478,30.853392698903534
P49593,19.178152894796366,29.124224381849867
P49626,19.017582067625074,27.225373100890998
P49641,18.79422755890243,23.238181085318043
P49642,21.418243691764427,34.04689352011318
P49643,19.95430134779649,26.606873483731633
P49674,16.724374768564886,24.198415139872893
P49711,21.056599456517795,25.688634525161735
P49720,20.644738689967255,30.371987152358074
P49721,20.701529648814933,30.83661340217439
P49723,21.803489214699358,29.011696371813603
P49736,23.175412656313586,31.797970482210783
P49746,18.250162057607188,24.179223539525864
P49748,23.115671032287768,31.402157200015104
P49750,23.144333361803266,31.297726416814058
P49754,19.987874740653933,25.952317236369026
P49755,21.85557559395288,31.10379772502083
P49756,22.556107999255147,31.12015727966296
P49757,19.591145414584744,28.81532399360239
P49759,20.951038555900066,25.128242530068
P49760,20.330075679205425,24.856307974529376
P49768,19.84637842960978,23.893323475028883
P49770,20.477451139989956,28.744405547555598
P49773,22.185128869440216,31.426069000667912
P49789,18.961577350123054,25.537815967168783
P49790,22.67213347139453,31.142308437061935
P49792,24.321205850501634,31.89884166742726
P49815,19.811311374758024,27.428185913052918
P49821,19.2369666493701,28.65567500309421
P49840,20.645849247479102,27.74590032255411
P49841,19.0419382752289,28.21657325706625
P49848,20.24136440038007,27.403315242086197
P49902,19.714069916689734,28.593215789127502
P49903,20.557359363905054,28.58380820388161
P49914,16.57100626263642,25.465156709753394
P49915,23.39501990261394,31.515527752800462
P49916,22.60577322036668,29.93387212638432
P49917,19.32101750478273,25.81144121107589
P49959,21.931818815281353,29.741191779875855
P50085,18.73177049873167,23.75024951770762
P50094,17.606165997836005,26.76230433570774
P50095,20.433073640443236,27.08992080627565
P50106,18.413473104376767,24.945050526473455
P50109,17.82069791112649,24.81320573411199
P50148,20.28221399338093,28.44104511270295
P50150,13.955507664478572,24.8154232670056
P50151,19.661841391706343,23.864905239669156
P50213,21.55871716201248,29.708647809077583
P50281,18.738394263247308,24.451897212508317
P50336,20.844445492337094,26.73913267987718
P50395,22.369100678976864,32.246603558190166
P50402,21.437035618457237,30.15980750574934
P50416,20.251732312368766,29.70664009013061
P50440,19.098097242275802,24.342030097039444
P50443,20.19199858103296,25.201717763830946
P50452,20.082000314768653,26.54526376850336
P50454,24.07275658163411,33.55303165847964
P50479,20.355586231856137,29.119042687383104
P50502,22.266088544093243,24.28318212938273
P50542,19.269095669714257,27.366370335231302
P50548,19.321114588507776,26.167140764691077
P50552,19.2232250487757,28.646768838553307
P50570,21.813429706733974,29.9782244446178
P50579,20.223226428462453,26.725515561586015
P50583,20.098087752097186,26.981486812872113
P50607,18.444206326681204,23.887798204630503
P50613,19.950240414845755,27.531949772608478
P50747,19.610711350099248,27.381139030906734
P50748,21.206818836493408,28.421767886553685
P50749,16.607234443103092,23.911674413216385
P50750,19.98827933362069,28.201590989183483
P50851,20.72397507928636,26.816949943244236
P50861,21.77042319960155,26.988630615496824
P50897,19.79850822400695,29.854442538920008
P50914,22.762674116912365,30.480186820936645
P50990,25.595047892255057,34.36315690858166
P50991,23.598146428716266,33.24108183988343
P50995,20.645932799694723,29.312578609078013
P51003,21.552460273350924,28.349689619851365
P51114,22.562845560709043,31.37232549712238
P51116,20.711651265991744,29.792244932941873
P51148,19.881479836791527,29.96010427400124
P51149,21.470319998481703,31.875222251606203
P51151,17.900573801537117,26.055974896444045
P51153,20.009095443565382,28.503424343826907
P51159,19.761213061163275,26.442061868811898
P51397,19.79148530737927,26.98165697818868
P51398,19.81891017719609,29.09384510987725
P51401,21.34412420105704,24.235300155460486
P51452,20.65374114164009,28.62186944346296
P51513,20.389299980293355,25.553299503579012
P51531,21.242831219455038,27.9806028878425
P51532,23.386350490745897,31.282991845720677
P51553,19.50163654617219,27.112804139733345
P51570,20.446073019181565,28.759419346217744
P51571,19.591861077608165,30.29073972906277
P51572,23.61330663934946,32.00708436099586
P51580,20.809191981142337,26.296711506207807
P51601,19.468494125631782,25.915966747649716
P51608,21.130048911999527,26.59386909170363
P51610,23.69302572599083,31.746634321597103
P51617,18.71160160608893,24.147659727036768
P51648,21.473289184715117,28.472225380322048
P51649,20.471004649081216,28.041588685980926
P51659,23.573154238331842,32.43309871654934
P51665,20.225144943629235,30.850698652184136
P51668,19.356681843601258,26.44362239475745
P51687,19.328524346588775,25.003352300651333
P51688,18.382714465908528,27.91521395235278
P51692,17.837631351438137,24.045156228523616
P51784,19.454158237866082,28.514080356760758
P51790,17.90990333547284,24.18659948145439
P51798,18.8960042730456,23.456912219468535
P51805,20.126698663399072,23.581311738606583
P51809,20.039104743497848,27.22911225106364
P51812,19.460946321817815,28.577209033673768
P51858,22.430998531424844,32.9462752677003
P51884,17.503711470433647,23.574994541005406
P51946,19.244691322467265,25.658649866326673
P51948,19.769243368289793,27.16688618529035
P51956,18.73839853518511,25.13957153155537
P51970,19.91936506415505,29.252427639226944
P51991,23.363901239369028,33.349555986630826
P52209,23.13619670349892,32.28127330742259
P52272,25.336257937269504,35.04136792367628
P52292,22.71906964361009,32.03264296392378
P52294,19.494150194188727,27.477844088299374
P52298,20.48181881597672,28.185582886852174
P52306,22.05538528087434,29.967105182092766
P52434,18.907693473966344,28.242061481901754
P52435,23.81818446604991,27.16677166687636
P52564,20.491748204081674,28.408368596427454
P52565,23.646005443888455,32.52870785263503
P52566,20.94397837673072,26.694258894887664
P52569,18.14981825636386,23.253517871672763
P52594,19.666550297946365,28.30160740650698
P52597,23.279974350170328,31.441609681320255
P52630,19.368302310953798,27.49908618890583
P52655,21.48879767710313,27.269263884118867
P52657,22.368095354724808,26.078814428567185
P52701,23.259067097966167,31.658850549617302
P52732,23.019846626237953,29.87401659919854
P52735,20.908462025961907,27.198576284445064
P52747,19.400158287868777,25.15536101344472
P52756,20.65160038486675,27.697814019303564
P52758,20.13984383792765,25.72434483672274
P52788,22.146959778547462,29.703651358019926
P52789,20.973690006978792,30.744636941211855
P52799,17.586123993696305,24.126557890644442
P52803,20.732568499533514,25.87047701841372
P52815,21.162290330766144,31.08365611212892
P52888,20.460629956800513,29.099940370070303
P52893,18.63425187146779,24.538039876114496
P52907,21.16782925973467,31.496879766648465
P52910,18.97002267568755,27.729473471890906
P52917,18.68548125749639,26.841705193052988
P52926,18.66535394451428,24.154875343742987
P52943,23.56381522833021,30.959215549173432
P52948,23.17927448373704,31.20160661287843
P53004,20.840935112140713,30.93991112506503
P53007,20.480649320818742,28.791910110652033
P53041,21.121418051435075,29.84765260816097
P53081,18.74252993844335,23.369519472304578
P53090,20.45298141242124,27.673972874858027
P53111,20.238403783362838,25.812165233391415
P53131,19.23496118836591,25.14680357384182
P53141,20.461646365151815,24.689389559250866
P53145,17.389173199087008,24.155011276688185
P53163,20.658738505334085,22.85917067186392
P53184,19.7671715859841,25.001149203195155
P53192,19.821782715454987,24.583224831182946
P53221,19.242242494218075,27.71472922212818
P53235,19.711586465929184,26.24238210563793
P53250,18.327837248478527,23.53936887354697
P53252,19.14774174074644,27.873265615018195
P53254,18.297595222201323,23.951755510656906
P53261,20.925232740193838,26.224417924896258
P53276,18.536596765792133,23.31370242426949
P53278,17.530163825189238,22.55536919300858
P53281,18.14592165066934,24.56844870550464
P53295,19.710512202934837,24.182250214678554
P53297,18.02024013372795,23.36747327571679
P53299,19.21766096226817,22.734274653331795
P53303,18.822405956677347,25.759037697967475
P53312,18.537214211173904,23.556074367997937
P53327,20.00377438404488,23.794029978641728
P53337,18.13225818844098,23.393844279090104
P53350,20.49550938500554,27.6884630332785
P53355,19.73627411876402,23.110308144770496
P53365,19.058153483991845,27.42905935609928
P53367,20.35360502710301,28.807179375442537
P53384,19.38256216108701,26.687011816131566
P53396,24.103380178527214,33.02115658340474
P53549,18.3911965490006,24.724057528469913
P53551,18.55852535495975,22.618463808691878
P53582,22.062286678645695,29.143075511362795
P53597,21.768767070779113,29.028017086495804
P53598,20.25741258999701,26.051010471279714
P53600,18.041309268070783,24.42497579704051
P53602,19.268312677555173,25.959382385238456
P53611,21.78439569918805,27.190403293981227
P53618,23.486780377656252,31.77724799331822
P53621,24.118609327135296,32.762344232329305
P53622,18.86083349709319,24.938012695731707
P53634,17.96948551210002,29.62254558356951
P53677,18.93040208288587,24.111156131360072
P53680,20.828016406503036,29.09899442038137
P53691,20.619521942451428,25.76605810085617
P53701,21.319731936554064,28.31872498075611
P53723,18.54498412305217,24.760467229984624
P53731,18.834725151008993,24.92301880606374
P53738,19.825212332510535,25.049758040903793
P53742,18.84546766270963,29.279991780387903
P53803,22.22039760669183,25.436428257659642
P53814,18.739063698038677,25.43725574844175
P53834,21.12631987142778,23.988453003476785
P53852,20.18861839423444,27.17367781291726
P53860,20.0607088727636,24.114606047530824
P53883,18.914343157084787,23.556965435119753
P53903,18.212292940893935,24.126711088776005
P53909,20.39559348090661,23.098948015283277
P53912,18.742443836989903,24.856808047472942
P53914,19.04094075048452,24.670556954103017
P53920,18.198020251994635,25.469477620498314
P53927,16.7656631690808,24.15034206647512
P53981,20.81624951370626,29.214792040737013
P53985,20.70897237696815,29.09438745909598
P53990,20.40995028643447,29.130197603438457
P53992,22.56850200432853,30.343752061899117
P53999,21.20199222252039,31.648256065169424
P54098,18.398500324845408,24.788211914450457
P54105,18.902124725787342,29.732644764863757
P54113,19.93881528908194,27.107223262587713
P54115,22.691625806256987,31.17482637487201
P54132,20.61993681747104,26.653325914416655
P54136,23.721199785113786,31.9017744835648
P54198,19.826736445683856,25.773995276117198
P54219,21.167255931529596,25.480208667490654
P54252,19.034912941029184,22.69444928734462
P54259,19.24043471289453,25.736940768256954
P54274,18.208805943874882,24.632049126254554
P54277,19.627299574268296,25.219717172364025
P54278,19.630577833420357,27.277441266645862
P54284,19.67842353238268,23.501430981085168
P54289,21.638371204086667,30.0218424969373
P54577,24.200274678190276,32.24823586914166
P54578,21.913717851073788,31.16556796041571
P54619,19.61746048812838,27.70056534599764
P54652,21.17619049822057,28.796257127076228
P54687,22.239998742143285,30.081620490724713
P54709,21.52886262151267,29.826639950371806
P54725,21.92222798633946,29.101976507232234
P54727,19.658601616632023,31.271239994806628
P54753,18.015606293723906,24.699013674288217
P54760,17.90205361215936,25.805216453505853
P54783,20.281520741946302,25.334930411490433
P54802,20.15007003480735,25.420645013390203
P54803,20.12923805781743,24.986415787650287
P54819,21.408074621435528,31.390753619736635
P54837,18.698402749907764,26.203915637680574
P54838,20.71618280428189,25.78732116891549
P54839,21.269867179608806,27.629545316136863
P54885,20.62746735506598,26.668101199848348
P54886,23.22148639788045,31.950022936748166
P54920,21.5201246241457,30.28485896340948
P55010,22.500744382414624,30.153362028346862
P55011,20.6881470130471,27.89376593874703
P55036,21.889970975107225,30.37496783194945
P55039,20.68103933127068,28.099210809761846
P55058,17.49769622934969,24.57668143378653
P55060,23.5942122989365,32.82105417476175
P55072,24.193775986005083,33.69463331703951
P55081,20.37473429617179,28.85174290363255
P55084,23.554650264432812,31.90540311821405
P55145,23.82852741356274,30.995923667823682
P55196,22.163464728504167,29.111374032802516
P55197,17.95640400845546,22.49631120710318
P55199,16.438364514544933,24.650249717713265
P55201,18.93033351602876,24.714274921485988
P55209,22.07696296898922,31.051067113256714
P55210,20.49429583835596,26.091918055042047
P55212,21.70322976279614,26.548726869873978
P55263,21.285777239758662,29.46385558455286
P55265,23.485240381048282,32.727885257722114
P55268,18.03734096841133,22.64715360497129
P55283,17.566311405664788,23.981403268835862
P55287,19.00938175319558,27.45840424288095
P55327,20.43268412126847,29.697198087229317
P55347,21.835896915192226,24.147286455154415
P55735,18.343753538182327,28.54047096703332
P55769,20.50550444021583,31.30786539518796
P55786,23.412327722077116,31.643587885220672
P55789,18.634144775062765,25.054466163754892
P55795,22.03534945203086,29.29479145731521
P55809,22.35061308185411,29.199378781534108
P55884,22.957993860193742,32.125778687380446
P55899,19.391446567436063,23.55706246038188
P55957,18.46899537519505,27.766779524196167
P56134,18.126521961949265,26.985308351550533
P56182,20.03298298150001,28.96464619403475
P56192,22.490984620336747,31.46197418214918
P56199,22.326315189507056,30.338402962785107
P56211,19.36568141494253,27.35553829382776
P56282,17.583750646993128,22.70774953418129
P56377,19.64099322386824,27.04562685407446
P56378,21.5169743998162,28.577800727246526
P56381,22.430051781413642,28.298980703840908
P56385,20.25635299090367,29.895249460435586
P56524,17.88124032123776,24.565582785017934
P56537,20.770003170831107,31.067019766903066
P56545,21.3452745970593,29.88443603006404
P56556,22.10151257574398,27.168300159721518
P56589,18.855302941129047,24.141824240184846
P56628,19.487465277517163,23.102498298372147
P56730,20.904152000747075,30.16022130548066
P56937,18.225130458386353,27.222742133308206
P56945,19.13614822691615,25.67391010312081
P56962,19.200918235884295,25.413730215231848
P57060,20.408736947606428,26.58103237218858
P57076,20.852956990128764,26.342302131439407
P57081,20.232054430803824,25.773569128372014
P57087,19.409983808538982,24.892447949310633
P57088,20.266843906891452,30.417674067324096
P57103,19.42273313194143,24.386070940625824
P57105,21.19583362224896,28.37692486504598
P57678,20.801141537673075,28.25881751266051
P57721,17.69190339849321,27.201918574654336
P57723,18.508252531547583,22.799381927736306
P57737,20.49822729505829,26.75880383205002
P57740,22.606056976089945,30.893850374092995
P57764,18.656091424287396,25.59850736095106
P57772,21.34542262210102,28.45502954103484
P58107,18.673448222359212,23.343120367445184
P58317,17.43389811180729,23.2576553644407
P58335,20.333150872462046,25.174930367086247
P58546,22.055805252657045,30.738964308930065
P58557,19.79497045938088,24.265563686046132
P59190,19.659126477526605,29.843086395735572
P59768,18.44004878270328,27.396780611244665
P59780,19.483616591694123,25.727780603175148
P59998,22.36700329116539,30.972386949430497
P60010,21.806735260318302,29.916384321253698
P60033,21.251838834507005,25.71137959752103
P60174,24.33442674061203,34.17790590803288
P60228,22.431716825801765,31.514645689708903
P60468,19.96455019189917,30.484497972967056
P60484,19.603106377505277,25.00640582677454
P60520,21.17446150557087,28.66902414912654
P60602,19.744233985623676,26.84453693434362
P60660,20.5886409995055,32.27615409167087
P60709,23.62081299666171,36.019237419231224
P60842,22.62147622613199,33.555572567904
P60866,21.55166381686093,31.640292064302358
P60880,19.31119884948419,28.226304917564992
P60891,19.214239851228623,27.35495320551681
P60900,22.042374292695694,31.04912058781218
P60903,21.198826138625034,29.54954510502394
P60953,20.015782975466664,29.132153721250738
P60981,21.813809212040002,30.174508156520165
P60983,20.790598112159604,28.358855434237405
P61006,20.69531190425769,27.951754827118513
P61009,18.8734679791975,29.032976767525803
P61011,23.094073121682563,29.901388684521606
P61018,18.585130859619337,24.93990803849068
P61019,21.979642582196007,29.659199317629426
P61020,19.130390099012516,26.383442360746987
P61024,19.25211743501222,28.78200860195756
P61026,22.20081154679866,29.72665170813101
P61081,21.400911831344004,30.2740273131964
P61086,20.3284639082808,30.486798664811495
P61088,21.130039199613126,30.214112788246727
P61106,21.263134605179292,30.658778518150875
P61129,17.681518993948735,23.49811536927554
P61158,21.39414690984117,31.461985188149335
P61160,22.18838964293716,31.89342767380632
P61163,20.722588982186195,30.60864505633349
P61201,21.521083766021803,30.424973238010846
P61204,20.67626791366663,31.186234106321947
P61221,21.477318341218837,30.84978758514628
P61244,20.001316696640615,26.3570693489616
P61247,23.18106150414953,32.28076653830049
P61254,21.255804775811526,25.777243800246023
P61266,18.34115223936048,24.698824585226685
P61289,22.07118888458111,30.19340269684886
P61296,18.38847433268148,27.7153185588782
P61313,22.132520023487537,32.54862647080737
P61353,22.65817697192569,32.53712260950318
P61371,19.821277916170587,27.43716036440643
P61421,22.214556781849975,29.274933329996973
P61457,21.65338332138392,29.416064012174644
P61513,19.86219450571631,27.693846956182476
P61586,20.99211731483497,24.01118143531777
P61599,19.12518444908922,25.809983246775644
P61601,18.418722628357582,23.822740901985675
P61604,24.396899729799852,34.21559804337636
P61619,19.16100030341303,28.569456303499415
P61758,21.11626928221894,29.36920269780741
P61764,21.31349716754225,29.927309142434126
P61769,19.20162647935629,27.704650403455503
P61803,20.559758810598822,29.203196449567667
P61830,15.842687596819841,25.298358001203017
P61916,20.928065134214318,28.169751159504568
P61923,18.48992512356107,29.240108745825957
P61952,18.839445538738335,27.0168700035692
P61956,21.71847848467833,28.881174996263855
P61960,22.982406740284677,26.747328434650502
P61962,20.29140289315366,28.947605201535346
P61964,21.7217237242307,29.60345853144465
P61966,20.193700269019775,27.124403251991748
P61970,21.152609985830235,30.37417437179272
P61978,24.916529589899792,35.08070847906248
P61981,22.402348343267356,31.4589553997279
P62070,20.2095370631598,27.582891124395445
P62072,20.468304598025494,27.609459428800825
P62081,22.161952836773114,32.277529130388245
P62136,20.75492675953578,29.869785837742405
P62140,20.668630670789895,29.60939360136106
P62166,20.778450166221667,27.549246801467184
P62191,23.694032867712103,30.895655882484316
P62195,22.624751587126507,31.60564269365542
P62241,22.448837992781684,32.81467127478451
P62244,22.128240146141934,32.81004926200373
P62249,22.228374392828158,33.01089126269129
P62253,20.25062590528523,26.111617763098497
P62256,21.58266308881772,28.39073490851566
P62258,23.609322773137443,34.251791554615316
P62263,20.029760311500187,32.64732039948624
P62266,22.37666189434353,29.985828011429657
P62269,24.172750995193994,32.78496037569133
P62273,19.293889302208395,29.74330915037024
P62277,22.946764700397114,31.182391083658377
P62280,23.27836722572622,31.307949963234076
P62304,20.57743107781919,29.97959351759881
P62306,20.79313136809309,31.27337229031445
P62310,20.60610486999625,29.434258584599046
P62312,22.543954758092596,29.87910347189167
P62314,23.382770243426876,31.437308716506035
P62316,21.763751761127644,32.39384774092183
P62318,20.42388622841966,30.940418173511258
P62330,20.42413396825466,28.014415956240395
P62333,24.164155147811744,31.43074112364927
P62341,19.65308868201702,24.828910706155163
P62380,18.839208986800177,25.26284566402669
P62424,22.53869921802046,33.102363207228
P62487,19.826283971848742,28.348703105742885
P62491,19.53261007747484,27.367397995013942
P62495,22.801814015268494,31.31535684234694
P62508,20.310541514882235,24.62711185951348
P62699,18.766689813022918,25.04073231197397
P62701,23.113182135697148,31.006201669757125
P62750,23.47943714495407,32.6369460417002
P62753,22.242749600015546,31.950181679969095
P62760,18.952050829407494,24.100573238589682
P62805,21.433330431878346,33.615970958474534
P62820,20.565627667037127,27.86350178961628
P62826,20.797558440865103,32.13902763086056
P62829,21.56510038112907,31.484384493928776
P62834,20.488835096044593,27.329093479333707
P62841,22.406668259281954,30.909676124751368
P62847,21.21149882428272,31.05238426899679
P62851,22.722009675034112,32.47984062265511
P62854,19.073644033863925,25.19226011328952
P62857,19.51365829695862,31.930204303283737
P62861,23.000607727462285,31.368646443390478
P62873,20.27605567519786,24.944830758568614
P62875,21.17031006888803,27.739960706005157
P62879,18.382090051241835,25.651325933802553
P62888,21.794618535558296,30.275243641891933
P62899,22.495886364932517,31.286924016404075
P62906,23.9783898675188,32.78173904780176
P62910,22.034668319466967,31.635672536749738
P62913,22.960560505303352,32.29965387074474
P62917,23.251747620679634,32.32801342804802
P62937,22.569464467778854,35.158377924369226
P62942,20.7121849378504,30.920859757008806
P62993,21.371815018579937,29.850419035412276
P62995,21.042873707296195,31.528212880330823
P63000,21.799487331676215,29.77402601236794
P63010,22.689341993039644,31.193432865824715
P63027,19.241312826926578,26.49459214261082
P63092,22.43318388831952,32.56503201694374
P63096,18.30978444239178,26.453604554758883
P63098,20.391781282402146,28.516971479403626
P63104,21.77231475439385,33.684478042412785
P63146,19.449838570476633,24.55784461969651
P63151,18.894230323494227,29.376984134836675
P63165,21.900132326110068,28.438005093528407
P63167,20.051040256953478,30.017684589843302
P63172,20.752429405292986,27.38835009037069
P63173,21.601645443246273,30.839989113708135
P63208,21.123629634325855,30.24623929139674
P63220,21.355743155945888,31.681195483347764
P63241,20.204438088409976,30.84204841295178
P63244,23.706263846922756,32.66588700254801
P63279,21.36002964758437,30.82165747830932
P67809,19.98585854428627,32.295349540633886
P67812,22.41637480111745,28.637168650321627
P67870,20.946967374670844,30.315445068921136
P67936,21.341267618640437,32.05991060397482
P68036,20.8298249141091,29.938658437169245
P68106,17.27949675460272,24.28846459677917
P68366,19.60784798495189,24.55346811416956
P68371,18.575694307832748,31.665710821570766
P68400,19.548908714790503,28.309635138351304
P68402,20.265574954024768,27.83869190696935
P69849,20.219475037901038,26.093200352131145
P69905,21.016961475058572,30.177358660193022
P78310,19.482588898839023,26.48612413119706
P78312,19.3986180976975,24.115001964314608
P78316,22.243892929814038,29.33480073946288
P78318,19.772805102016417,26.776195743548577
P78330,20.96317315645949,29.618265091873695
P78332,22.245381290331416,28.385345564221456
P78344,23.125799007356484,31.06181142360608
P78345,19.9858031158108,25.865020136031582
P78346,20.62530047703955,28.276323540782553
P78347,24.345573778029646,33.28697321255675
P78356,20.58524683569434,26.30538487650341
P78357,19.936320776333357,28.90186641622389
P78362,20.351637822082573,27.319706097213334
P78364,19.245922008857406,26.08531516301457
P78368,19.84234375940832,24.18754893771902
P78371,24.017994093914727,33.66888282581898
P78383,19.117658902084,23.944926397456197
P78395,19.388552981551037,25.488118183915443
P78406,22.176323572474324,30.418633675863123
P78417,21.21389553426249,31.871401570232006
P78524,17.135933187022008,24.351708076709503
P78527,26.373671270580907,34.79489593380145
P78536,20.15081840204767,27.352523598285934
P78537,19.70786753761901,26.326816853626607
P78540,19.631643989830472,26.453585089029133
P78549,18.37217447898773,23.90043263829766
P78559,22.374066239094994,29.504930847535366
P78560,17.18947486606584,25.96229464797627
P78563,17.640410362290897,25.96336009497112
P79522,20.799158161186178,23.76715223650355
P80210,21.119803561090247,27.4924504862204
P80303,21.05666410660272,30.23028357237084
P80370,19.59276630113912,27.26084926547518
P80404,20.266605387366567,28.78040703104188
P80723,20.68035223439894,28.991000619495424
P80967,18.683379678148036,24.816659725644804
P81274,16.760149614170434,28.071138344104785
P81605,19.350457254830754,27.730199137528572
P81877,17.80101765994892,24.13492252417349
P82094,20.52967327987933,27.82816042912663
P82650,20.707680105726535,29.933234780374562
P82663,19.396593252970302,27.49602662201907
P82664,22.421890468125167,27.044536170034537
P82673,21.12120680693087,27.13574627856327
P82675,21.6756109563549,26.662436472067178
P82909,21.486943840084177,27.28235866615317
P82912,21.298344643838238,26.63909254578112
P82914,19.680610198570392,26.84446821390262
P82921,17.642293704075396,25.130410821508157
P82930,20.56669300487465,28.12671219635108
P82932,17.943602084282848,25.50140385829135
P82933,20.526801602229128,28.090465409840093
P82970,20.41869380869288,22.55177818777397
P82979,22.149774093883494,30.92963618265413
P83111,21.12542337172304,26.936335341351864
P83436,18.823906184415534,27.063048178545145
P83731,22.067345674082368,31.192953953008715
P83876,20.090069802315014,28.51528692685866
P83916,21.337940936353114,31.17314527745217
P84022,17.545560708214175,23.830432903800293
P84085,19.776872658692877,31.007328543021654
P84090,23.119659240403923,28.46604032768669
P84095,18.73488082559442,28.6480742930929
P84098,21.5488534316112,31.298789434339366
P84103,21.795691502489372,32.420059477715185
P84157,20.637635876359994,29.188314413698443
P85037,20.24292246683537,29.292471036570866
P86452,17.75858220209156,23.641062248982756
P86790,20.724644918145085,27.89938505072661
P89886,20.29188350962988,25.708980683382116
P98082,18.779171871013958,23.62785912853207
P98160,17.4559786108521,23.332801857862368
P98170,18.138505896695015,26.338894567129515
P98172,20.009286747996484,24.8090861413167
P98174,18.864580895020705,24.93686080007239
P98175,21.04807839009359,31.020253751024036
P98179,18.166070552066703,30.08935654695887
P98194,20.161796722016863,27.029089942631646
P99999,21.638916860028804,31.325930963667084
Q00013,18.66756324934194,24.43138263705868
Q00055,20.380793197444454,27.11183382175246
Q00059,20.73650835330589,29.048110155848132
Q00169,21.886999893594027,28.454049749851876
Q00245,17.854569839819927,24.480845966204964
Q00325,21.71784304468125,31.524765807487686
Q00341,23.883882058955596,32.28670014575155
Q00402,18.94446331583743,25.369068685775957
Q00403,20.784446423256774,27.382388872215717
Q00534,21.98865495301462,29.967809191445077
Q00535,20.845901826355234,29.666227831502333
Q00536,20.48446232095565,23.926490010687843
Q00537,19.79320934799641,24.20432643474284
Q00577,21.195670961561618,26.227397753655133
Q00587,18.348954019114856,25.86692249203852
Q00610,25.095262624097675,34.37844666654616
Q00613,18.83993412998941,25.893979724535047
Q00653,20.611908355870742,30.901234328386728
Q00688,22.5501241682956,30.92587084688549
Q00764,19.56735662850976,25.420184925848268
Q00765,21.69071090097001,28.57170430856311
Q00796,19.89673188413891,29.762877509202493
Q00839,25.088974369213584,35.18051378588918
Q00955,21.291340477588157,28.033702447592233
Q00973,21.416532500519505,23.689959273554734
Q01080,20.306152089849704,25.19888341438762
Q01081,20.084868504034464,30.606813030386327
Q01082,26.181156047880652,34.961980841058605
Q01085,21.788782869823997,29.896533642420167
Q01105,20.525005779935555,31.319588320706746
Q01130,22.49305429465216,30.098395160434297
Q01167,20.47979851623486,28.0239351837886
Q01201,18.914295019300404,24.5032114652494
Q01415,18.688802177870507,23.573786196945708
Q01433,20.726240398535854,28.60303116049081
Q01459,19.517719226709573,25.438782558546396
Q01469,21.866311425119527,28.66788119962224
Q01484,21.99867280635373,29.67394060168684
Q01518,22.575199329043425,32.39579943344026
Q01532,18.075467502335968,26.739802520397745
Q01560,21.042171351006086,25.970073253662928
Q01581,21.38463560967581,27.689366716139205
Q01650,21.419331787678146,27.066585000539522
Q01658,21.159896767857337,27.68678705855806
Q01662,20.076424109591077,26.19167048054603
Q01664,19.73282994884081,24.495842586913927
Q01780,22.968248276728996,30.586483315360784
Q01804,19.08519588332909,25.792201708952813
Q01813,21.319427160856414,31.649205969275066
Q01826,17.159526759973147,22.959001151593075
Q01831,20.975355754755828,26.61240333553482
Q01844,21.130341239943288,31.171813082622656
Q01852,17.340429327438283,22.4542721801715
Q01855,21.390973563747004,28.804387145636493
Q01939,18.218322754362294,27.110553152839238
Q01968,19.907833695136336,28.66110608277597
Q01970,20.66052134085612,29.294998673436613
Q01973,19.14369370760828,23.73904261185439
Q01974,19.640260366750848,24.49329372900392
Q01976,20.5492131351989,24.27915989232033
Q01995,19.98995312597672,29.15798950737142
Q02040,21.540840677293303,28.583865253464317
Q02046,16.31176525651606,24.02855319144404
Q02086,17.70888955219809,25.432701658696182
Q02127,19.096113893414223,26.217549618174907
Q02153,17.509180252428603,23.42861639162022
Q02156,19.175766525274618,24.52560025962505
Q02218,21.373251122837498,29.834412671901216
Q02224,18.609727917139946,23.36006026626771
Q02241,21.253648325791715,28.66101636602811
Q02252,21.486993259282553,28.857508075046876
Q02326,19.49985456608081,28.978250499070054
Q02410,18.814350846221583,23.843378629459103
Q02446,17.730414627706182,24.807860609828644
Q02447,20.482053279008248,27.06499719570372
Q02486,20.554294211652547,27.01255554436873
Q02543,23.86260662610604,30.771967583108992
Q02642,21.410850307004285,28.53708509324282
Q02725,20.115152881143196,26.474381315369662
Q02750,20.08248388487686,28.38781549605389
Q02753,22.812500849749707,27.21616118140062
Q02776,20.04392372713809,26.121101417397877
Q02784,21.41326373254173,24.14371383046548
Q02790,24.835588608344953,33.44764544361494
Q02809,21.564102374945325,30.80516183541529
Q02818,22.383141543914565,30.791619433741893
Q02821,19.122737343116174,23.843113717408098
Q02833,18.874164505110915,24.00695024870067
Q02875,15.192932398762794,24.034687189526295
Q02878,24.232195596810488,33.36759319375779
Q02880,23.351747313224845,32.04108948453059
Q02892,19.38912591216595,24.690480434912732
Q02908,18.590940104305883,24.866060585459625
Q02931,20.034180681509117,25.416246675380133
Q02952,22.64418044746689,29.753614613142865
Q02978,22.009269722836358,29.503474405257734
Q03001,24.56369555285385,31.056441745579008
Q03048,20.149456409112908,28.300707630663133
Q03111,18.802542807051626,28.29321356023668
Q03113,22.739169873700575,26.7322715376354
Q03135,20.669470918585677,26.779637746578306
Q03154,20.430852649262178,26.97289776324052
Q03161,20.617297587028457,26.362585376204947
Q03164,20.81788906175157,26.59146017021458
Q03188,19.26158234814424,26.471799005584206
Q03195,20.999129636005136,25.132014893963422
Q03219,20.3575158156587,23.88848862824882
Q03252,23.366102400223756,32.55587911296621
Q03393,19.21282095554027,24.183568676097686
Q03426,21.249362899904625,27.269193387921327
Q03518,18.424655213069542,25.206702554989548
Q03519,18.983799210651625,24.254956473790813
Q03532,20.143159095324513,25.043426230787475
Q03558,22.349309538517875,28.5345836273095
Q03629,18.179707994549183,23.465069249890448
Q03640,18.726667434529002,24.72003509264856
Q03655,20.217351644914146,24.598615999659277
Q03690,21.67258319371534,27.049706190115483
Q03701,22.62425671419395,31.246205704360296
Q03768,20.227431643078155,22.802549003322923
Q03774,19.63441792743272,24.844819001051217
Q03862,20.439322420311083,24.820816295860393
Q03940,20.335924082606223,26.158142527568515
Q03973,18.922697878205735,26.00605818544978
Q04013,20.003137964941477,26.27874673768182
Q04062,19.195036007214384,26.127168321930014
Q04067,16.168789069672876,26.416872472352114
Q04175,19.039749602065974,26.811534942962975
Q04177,18.827561439087766,25.642138119908232
Q04178,20.597129805654905,25.928435445646272
Q04206,21.028541624593384,28.65168300829366
Q04225,18.900222203698377,25.127353595446394
Q04323,19.812641850585948,29.544191476169694
Q04344,19.16722961286729,24.715447440934266
Q04371,19.722094327296094,23.97515376579495
Q04439,19.229146838448884,24.627323666787355
Q04446,22.018367309123082,29.016448986463466
Q04491,20.629825575216646,26.947559124109887
Q04500,20.388242089629088,23.68912024482298
Q04636,20.106505414746866,23.990016771937537
Q04637,24.563987330814395,32.59943373843501
Q04656,21.255319747060515,28.155696852550435
Q04660,18.763571335733488,24.658205325419196
Q04697,19.916549565061107,25.63512006838355
Q04721,19.366247232030798,26.942507379926614
Q04724,19.580753348953873,24.419316074802325
Q04726,18.81966392728497,27.927930711316954
Q04727,19.048520562372662,23.07404735996642
Q04728,19.024269782056216,24.394962219511097
Q04760,22.39781795005634,31.88366928406554
Q04837,22.574961478048145,31.510677239444167
Q04864,18.833968703091053,23.749973944319127
Q04869,19.599953946093418,23.323813305921764
Q04894,18.832605490840212,27.338126165870502
Q04917,22.210469600980186,30.905465934108317
Q04941,20.588448547362518,27.81004748043711
Q04947,18.975063431535904,27.35707135469714
Q05016,18.860167515601457,27.72713950040406
Q05022,21.208038804668387,32.40102479068049
Q05048,21.56092023368383,29.913099349581994
Q05050,19.3466903195333,23.732485134540266
Q05084,19.843610711296183,24.309922111706047
Q05086,19.93092775029232,28.362783979489468
Q05193,21.128267714535927,28.952250304699408
Q05209,20.746296794626186,28.37939854209618
Q05359,20.591786097470216,25.438506882390108
Q05397,21.607047303939837,28.782911853476072
Q05506,20.792601556113436,28.545718344006897
Q05515,19.2798197899419,24.50566644341644
Q05518,18.47488068673628,21.806862672880296
Q05519,20.12540828649503,29.914144031185884
Q05639,22.536817915297835,31.818712558817023
Q05655,19.192154174314542,25.024436175235124
Q05682,22.794119239846385,31.333970318380832
Q05775,20.875734527717135,26.892057470725067
Q05788,19.41867231708246,23.420658151086297
Q05905,20.927908831002693,26.219242556516516
Q05911,20.894886188984604,26.480685966938015
Q05932,19.787416317587223,23.78272702164855
Q05946,19.11459995565467,23.605315041169494
Q05D32,20.986650636366953,28.406281301343572
Q06010,18.352483880681817,23.39014756560329
Q06033,19.380325328313265,26.143542323381816
Q06103,18.185646894933086,24.130194021095903
Q06106,19.906187561055965,23.36511508743525
Q06124,20.308063038449102,30.96805088627314
Q06136,19.535929560871747,25.532179120470868
Q06142,18.73699938492172,24.585889017652534
Q06144,20.030123334671583,21.68119207752506
Q06151,20.430823968830005,26.302877221132604
Q06190,18.70204701371762,22.252545326045063
Q06203,21.949780591933372,29.739517757718346
Q06205,19.27862107750338,24.71502789533942
Q06210,21.329596899779155,30.302661531090727
Q06218,18.4995919546441,25.154859857387407
Q06252,20.6449105462116,24.846069997447735
Q06265,20.486508909552228,27.678043461857754
Q06323,23.09304730011956,32.438740637020025
Q06330,19.28511074956146,26.768598752902495
Q06338,18.0665123993465,25.461818544533852
Q06385,18.52968904841913,26.43813673048183
Q06440,18.27820296224108,23.62340765559022
Q06481,20.822322310322953,26.11875653714777
Q06489,17.959792338592305,23.266294291517596
Q06505,18.400942975670226,26.37690977095355
Q06523,19.91310345416837,24.135013365450835
Q06546,20.376906624806626,26.970190223089485
Q06587,18.822288554170242,28.29849073687837
Q06609,22.00660626949531,24.80807033988535
Q06631,19.896427703564097,24.453069198578444
Q06705,18.801742645817658,24.85724078171151
Q06709,17.879611619368987,24.57822410149687
Q06787,21.172251998169692,27.74960066678866
Q06830,23.810905535568438,34.087820734403415
Q07020,22.80797604876955,32.242396237753525
Q07021,19.9072323924199,32.01286477812528
Q07065,23.41615034998938,31.84187800286454
Q07157,22.48458014236582,30.662299569568408
Q07343,21.10681451631953,27.188797433351272
Q07381,17.542642191033238,23.832405533128952
Q07478,21.683664739554075,27.689966369573554
Q07505,16.602633757963115,24.800134891050753
Q07551,21.63175395582094,25.87258895939905
Q07617,18.36528947582852,23.09869170278519
Q07623,18.925240177906456,23.679490945277898
Q07657,18.1811907973399,24.699366941410446
Q07666,21.720299618683327,32.55904823338937
Q07688,19.825575650719376,22.903220269619414
Q07807,17.83046204302422,25.372432456038783
Q07812,21.371747764628683,29.51748904894751
Q07820,20.2123157306474,25.39745069186241
Q07864,19.077342744178942,25.51344012336871
Q07866,22.475502204162414,30.677537046248506
Q07889,20.192823780926012,25.64931931154529
Q07938,19.465946752774556,23.75636401361902
Q07954,23.318278656484754,30.269239000353437
Q07955,21.990644371890735,32.840887698551526
Q07960,21.591658608140264,30.25607788353398
Q08170,19.787175574896253,28.587722033814643
Q08193,18.30988200772514,27.312919445431113
Q08208,18.68811195883816,24.96539265040397
Q08209,21.533481460970982,28.568729935682946
Q08211,24.88118214398494,34.72553770735052
Q08220,18.74983278945753,22.69113072986427
Q08225,18.129107600487462,24.680303019032152
Q08235,20.82471306622248,24.028183883226205
Q08245,21.91635361897716,27.67410080836735
Q08257,22.23292592234945,30.569093686053975
Q08357,19.37434052881639,25.60334514672878
Q08378,21.06266663160084,27.881379414726823
Q08379,21.54615696722736,28.84781503000659
Q08380,21.3727961749702,29.331339887005715
Q08412,19.058911313177635,24.14273624143478
Q08421,17.496993328482766,23.127426533108082
Q08426,20.120373942585083,27.37628668212786
Q08431,20.004619027429655,27.256728834534545
Q08446,16.036579922572844,23.39163496526394
Q08495,18.98414329030883,25.31990729437809
Q08601,19.149444608264897,23.71448057423112
Q08623,19.911000754285393,27.443816682012393
Q08641,19.602544550223623,23.535650689436906
Q08647,18.383870269458534,24.37519981801015
Q08686,18.785097466075293,24.10463450301917
Q08722,20.572682765682085,28.63156442053318
Q08723,18.21298537066792,23.731104523172576
Q08752,22.827210162105107,30.55908335118439
Q08945,22.82527793267709,32.14082792907984
Q08962,16.866366908856417,24.475263706602252
Q08965,18.00910614881443,22.520282485432368
Q08971,20.397653421234956,27.029081409783558
Q08972,21.350201781734192,27.592835228335904
Q08977,17.611898903999844,22.888919534132306
Q08985,17.82743091106578,24.37899905879831
Q08999,15.275024069035801,22.181505344253846
Q08AD1,20.476343692035407,27.626677904056407
Q08AM6,20.695335908042534,27.23961649158006
Q08J23,22.507862516983685,31.251651151426685
Q09028,21.27297552894219,31.83798097129438
Q09161,20.65260175848842,30.324595680372052
Q09328,20.533293635197822,25.91819930540404
Q09472,19.16049101317765,25.056057633607395
Q09666,26.640891280843707,34.58665228790724
Q0JRZ9,19.58396485827724,24.991686918351892
Q0PNE2,18.975402093631132,24.846268984846613
Q0VDF9,20.913097447085548,27.990503506242668
Q0VDG4,20.700503709084995,25.063072491924437
Q0ZGT2,19.385096304655594,25.875104235104832
Q10469,20.342954169528323,26.93492839893231
Q10471,22.495439653851477,29.49988651052372
Q10472,20.619726005778315,26.82195568758623
Q10567,22.080343682373623,30.816567880910295
Q10570,21.536806838826774,30.076300169804462
Q10713,20.724932478279662,29.794212421320463
Q10740,17.914474685537822,23.503156922026154
Q12009,19.24493907291489,25.000713508537643
Q12019,18.333254003395055,26.359952293989807
Q12024,19.29030599768857,24.254930855594
Q12040,18.69867199593863,24.6837509416642
Q12063,12.232574512356186,25.211035073311347
Q12068,20.246094513394112,25.03322440173345
Q12074,20.42770613151756,27.368743706246683
Q12109,20.172594666336344,26.226359141912845
Q12114,18.50529554344736,24.19694800247759
Q12117,20.245318771119816,25.711071284013457
Q12118,21.18197617413624,27.510868295824128
Q12122,18.873755863001307,25.40809100352772
Q12154,19.363937290983923,26.858650208229943
Q12159,20.789012316233197,27.39405825330426
Q12160,18.432191681769297,23.388071300234234
Q12166,19.28491146735754,25.70646632352545
Q12176,19.567392431137147,25.59162659081836
Q12178,18.09675838528468,24.762372051998742
Q12189,20.057199385836736,24.774144244733975
Q12211,18.77398796931612,23.50338994489794
Q12230,20.336169658236276,26.36782522233606
Q12250,19.149623154897718,24.029652125040624
Q12265,17.25662818784487,28.03962841917744
Q12285,21.319689131055906,25.467968420873557
Q12305,19.864269239081764,25.694327197800163
Q12306,19.402700799020995,26.49360901736854
Q12314,20.543419838540313,25.00765647986627
Q12335,20.580714283910595,25.248912999438858
Q12339,18.594593888476105,23.091620120749884
Q12349,18.610721297274438,24.04281030113861
Q12363,20.103350303777614,25.984596274847565
Q12377,19.963198542036782,24.183628870074102
Q12389,19.133477456734106,23.076449061834023
Q12402,20.76981668603857,25.159593790218114
Q12447,19.763256073415697,26.049467640020147
Q12449,19.81921972336302,25.88266326738401
Q12452,19.111452568343143,23.09132335584861
Q12458,20.180294482421676,25.112804765983263
Q12460,20.59241028061189,27.78756867208293
Q12464,19.53283847937193,25.676601505178052
Q12466,18.115560298534373,23.75542526174326
Q12480,20.592694401561676,24.38661896291523
Q12496,18.534639408358196,24.575437512466692
Q12499,19.99507250563997,27.96514255586419
Q12515,16.294692127506888,23.619471442654284
Q12517,17.606742003693185,22.386517071524004
Q12522,19.958298365053132,26.394582653271726
Q12680,19.153239348505796,25.544404667337496
Q12746,17.90557439323589,23.667280385734163
Q12754,17.311512005185023,26.79537202087333
Q12756,20.9815552972992,28.853041173547638
Q12765,21.47777040639004,30.645087495936036
Q12767,21.183290436748795,23.631586070924453
Q12768,20.39434223332112,27.37578564303517
Q12769,21.44158441087142,29.920743647876073
Q12772,17.737894738677948,24.28664398113594
Q12788,21.462194452490447,30.021553220111038
Q12789,22.77970737002862,30.298479933141287
Q12792,21.69383839811631,29.60583165316378
Q12797,22.337376753139406,28.795277802778557
Q12800,21.04499590392431,26.771655608555577
Q12802,20.49028854105018,28.64039338711208
Q12809,18.850833761359368,25.777204337653615
Q12816,18.871129422333425,22.586846200283812
Q12824,22.084731930321013,29.454099965319646
Q12830,21.895383963242168,29.630771716553987
Q12834,17.6643545634116,24.65637221474084
Q12840,18.892495202844376,23.050443712491614
Q12841,21.45488387620832,26.53505087497461
Q12846,20.996630524739217,27.146542495905095
Q12849,22.031424152512535,30.09323125634346
Q12851,18.62601551870112,23.6204310528154
Q12857,19.467495760576373,21.640966410512252
Q12860,20.597876352127127,30.262059202505856
Q12872,21.21985313723229,27.490321722353002
Q12873,20.248614000069704,28.03826414525023
Q12874,22.152914390322078,31.366945246324907
Q12888,23.682244177796886,31.794929260570974
Q12893,19.075300933646542,26.34816481901672
Q12899,19.643320175314734,24.31051647249391
Q12904,22.75268597115965,30.752364256563016
Q12905,23.532754539676297,33.30710586874316
Q12906,24.372695050737537,34.38325646144485
Q12907,22.404638763383087,31.051942738615303
Q12923,18.779118523848723,23.419651116276018
Q12926,18.21951320620247,26.799102720678043
Q12929,19.77859750359875,26.15101710036936
Q12931,23.167766467434127,34.0862123747045
Q12933,19.276361168896045,25.578880660944634
Q12948,16.95226766262856,24.181228250753342
Q12955,17.983910754761883,22.666804453727195
Q12959,20.958187467404457,28.937518676160416
Q12962,18.702170317494904,26.568096576813275
Q12965,17.51113821531514,24.985931986615604
Q12968,20.274951386586416,23.81503210763876
Q12972,20.936709136097694,28.781129585511582
Q12974,21.289006505036653,25.39074461157149
Q12979,19.961567713456745,27.633160048473783
Q12981,21.142433930736793,26.94814156155715
Q12982,17.67934999542495,24.424610981930222
Q12986,18.859595007622296,25.383266191299434
Q12996,21.87141880385046,30.576108996914385
Q13011,20.873230401973945,30.457706542714988
Q13015,20.35418404881593,26.762598979156365
Q13017,20.306540940485032,25.383347480127885
Q13029,18.8245438762362,23.42057913037642
Q13033,19.820971427801528,29.191223155144858
Q13042,21.01507009712858,28.112428733511933
Q13043,21.004169364293514,26.785335360077642
Q13045,21.778647195134663,28.953530042790188
Q13049,19.835773184105516,25.239320608106063
Q13057,18.973271458212942,26.4373529915903
Q13084,20.23915800287328,26.76258022515158
Q13085,21.460729714834038,29.36390522704667
Q13098,21.68447609672847,30.223458008814
Q13099,18.851370804639732,24.280259974192663
Q13107,19.75039470888257,26.995617714639636
Q13111,20.51040721989737,28.240725885167063
Q13112,21.424767746090573,27.654396595154385
Q13114,17.885705845283702,25.624853005618643
Q13115,17.68521636869289,23.06605658012509
Q13123,22.436459798824924,29.665993467941682
Q13126,22.195455998894865,29.137168748530453
Q13129,19.27785871836216,25.93548856416611
Q13131,20.00711554864702,28.256324967175587
Q13136,19.10122966738971,27.389951401992725
Q13137,19.51545420189317,24.094104190582662
Q13144,20.107630586556812,26.88694392896496
Q13148,19.959861145048905,30.71086168463333
Q13151,20.995515754548137,32.153643336657964
Q13153,20.17182525077096,29.037063088086978
Q13155,20.58609205780819,29.33127420953409
Q13162,21.513507670268382,31.308336162854822
Q13164,19.371479780993862,25.388305768435007
Q13177,21.013737153686648,31.10518963991001
Q13185,22.038231545588186,32.19587959122921
Q13188,20.195610441973287,26.03994939761631
Q13190,20.911146180658008,27.506231064350487
Q13191,18.517382816549716,23.33700837988294
Q13200,24.09835476790992,32.65073094403324
Q13206,21.74659150210067,28.537215722884287
Q13207,20.35328296790382,25.778481569767028
Q13216,19.187139057735084,26.32261828532508
Q13217,21.61952093050264,29.008013722897545
Q13227,19.567771628179695,25.007917555408795
Q13232,19.570330416071762,26.812057963366623
Q13233,17.922256453811087,25.88540171697219
Q13242,21.433687741906866,31.58284655701526
Q13243,21.810236717747717,29.621371363738945
Q13247,21.630168115455582,30.43018555106287
Q13257,21.193016581424917,28.427067666218072
Q13263,24.8928128212005,34.03496879036738
Q13283,22.58373258813726,32.13756034604077
Q13308,22.504886964824255,30.592100638959714
Q13309,19.388442810051394,25.81292707285525
Q13310,22.84959129042684,31.12164908566997
Q13315,19.864434762165647,25.896614120438553
Q13325,19.989491614483605,26.655921936716652
Q13330,21.664168306777604,30.078383584416212
Q13332,18.34234695377037,24.054056260168863
Q13347,23.10404045454916,31.616045322609324
Q13352,17.491910937598284,25.36864316692782
Q13356,21.46818659685789,26.751990867059117
Q13362,20.325763186719524,27.281158728518854
Q13363,20.934882849877013,29.448385021432905
Q13367,21.445732499734525,26.870407158985643
Q13370,18.3446526577199,25.38172205368051
Q13371,19.642538945154328,26.520627177340565
Q13394,19.57480864063308,27.177399301519092
Q13404,19.172164448615185,29.550561125733164
Q13405,20.789929304499662,27.84505641602314
Q13409,22.02905458658184,31.128412762470827
Q13415,18.576666115245583,23.288456218277336
Q13416,21.800503518471466,29.773346154422338
Q13418,21.34614932291634,28.83170074684831
Q13423,23.855289416286652,31.150221059141497
Q13425,20.515834291701438,27.889121352187367
Q13426,20.398278122252883,26.03112386038865
Q13427,20.819806798533865,28.448489691622058
Q13428,24.22155214183852,31.93269529496114
Q13432,17.45562999778608,23.499749193486295
Q13433,18.998038422567245,25.71522325325178
Q13435,24.695156928989785,32.854901563458085
Q13438,21.580751543160137,28.110907587661313
Q13439,21.95215878616842,27.211778397796856
Q13442,22.05533859768317,31.10176146575753
Q13444,18.139934297615,24.654190931934444
Q13445,19.237510708760723,26.031590640645927
Q13449,21.732517739996986,27.289694028001467
Q13451,21.26239803861902,29.479313006411164
Q13454,21.006660274265688,25.09841337710772
Q13459,21.09024099702535,27.227870282043387
Q13464,20.958544545862605,26.64664897343897
Q13472,20.380388769563925,25.782655692828435
Q13480,20.28573348815666,27.95830944265999
Q13485,19.607616053658102,25.96890765041031
Q13490,20.599606386910875,24.554453806043483
Q13492,21.351509555367223,29.486696951359136
Q13496,14.264970440750227,23.78503393361708
Q13501,19.178987070918136,29.637897810487598
Q13503,19.7605108331278,25.300106145565177
Q13505,21.16450250064728,28.822533363886475
Q13506,19.439657202717576,23.361441718691065
Q13509,20.884737024377976,31.20608701944306
Q13510,22.337250424893412,30.343169633987426
Q13523,23.314794096497717,29.081149035226687
Q13526,20.51401286150918,30.094605606333875
Q13535,20.07936803201501,25.87200658676085
Q13541,18.948239171657892,30.206471927542452
Q13542,20.25768102493056,25.63613337520808
Q13546,19.7727078060586,27.62640100339231
Q13547,21.31226499724076,28.918940178270987
Q13555,18.92486555312081,24.403819836391182
Q13557,20.620957643865324,30.68160819537298
Q13561,24.285133553066384,31.487261183158047
Q13563,17.910794135242874,23.243143033075
Q13564,20.20182940272922,29.449657244474924
Q13569,20.67438675661069,24.448257678316423
Q13572,18.641305886043092,23.715999892197743
Q13573,22.52106816636844,30.520062241113965
Q13574,19.989496589925565,23.968717147188887
Q13576,21.286161124889826,30.371701131983563
Q13586,21.887229861690983,27.817996907905076
Q13595,19.422903546363997,29.459113487970953
Q13596,21.291313778629803,29.242741623555524
Q13601,20.292354719800013,26.473899386669938
Q13608,18.30927514392914,25.87410116101958
Q13610,20.895174588444952,27.762860363062355
Q13613,20.556280480288407,27.262061456820984
Q13614,20.677422928820267,25.5261081915742
Q13615,19.82403062873043,23.83284782047073
Q13616,22.288893552975694,30.05416662162342
Q13617,21.08841531161335,28.187565242779048
Q13618,21.696181308643485,30.052082308172203
Q13619,21.391166326810264,27.68569037835114
Q13620,22.034540723120827,28.992985886981767
Q13625,20.87313225480122,26.92923916056307
Q13627,19.62570360879129,23.927348923415273
Q13630,21.147147587031608,28.66821307288681
Q13637,21.0723736513741,29.41299919091147
Q13641,19.45733903287025,27.250126481490767
Q13642,21.114597712694046,28.886373245868946
Q13643,19.39666711345182,24.75314925228133
Q13671,15.832389319007222,24.34730057034567
Q13683,18.781100968378798,24.32483051070407
Q13685,21.17654379755228,25.530691758667086
Q13686,15.459651692670692,23.36206407502695
Q13724,22.059585106034454,30.614112662581075
Q13740,23.250203731024268,31.819575610164264
Q13753,16.431817902244543,24.28255766327881
Q13769,21.81569577261178,29.65598467228035
Q13797,20.88462214664563,26.752135105021164
Q13813,26.465185642900003,35.27795099377907
Q13823,20.057806779003982,29.00069079907242
Q13825,19.485133139359966,25.5134795808288
Q13838,21.679328759184273,30.61968940694371
Q13867,21.446147535662945,29.258092302702458
Q13868,20.315332462013977,29.000826969931346
Q13885,18.433403854086404,28.58073024452629
Q13889,18.570688906637503,26.51797380988511
Q13895,21.66889247434056,30.148054538365155
Q13907,19.688608769532912,27.873230113556883
Q13948,18.298613974120304,26.40835269387787
Q13951,21.500999847500932,28.538235797546655
Q13952,21.252039799455147,27.700604633462408
Q13976,19.77197704721991,24.739035501998384
Q14004,20.35633663092476,27.98692901672165
Q14008,23.670604821180355,31.94999598635956
Q14011,21.48131847874568,30.99614307786806
Q14012,18.515438594074688,25.25210815968913
Q14019,22.118539384114722,29.308026621569404
Q14061,17.126379511289915,25.69795783286088
Q14088,18.875951034621018,24.34628400734528
Q14103,22.15508136580532,33.19901255906606
Q14108,22.01662782820934,30.5335258200501
Q14118,20.167148393242027,28.239267670095145
Q14119,20.380961400901093,27.16313452495219
Q14123,19.685624349644957,24.30314666774178
Q14126,18.00369226981922,23.581383980110264
Q14135,20.6551557485146,24.09333301287789
Q14137,22.083552715550496,30.116098810283926
Q14139,20.07541564598851,27.991982423855355
Q14141,21.88830039001789,31.340450383500908
Q14145,20.697321426202794,23.92790316849443
Q14146,20.509781947813998,26.766097781026538
Q14149,20.60928300245676,27.25377364408615
Q14151,20.025703451005317,29.410741219674026
Q14152,24.61770786539547,32.69917771803211
Q14155,21.47412024018804,27.675158065447686
Q14157,22.704525874679504,31.241807770129384
Q14160,22.314156918371467,30.18433788508505
Q14161,20.49559432128207,26.955983567242953
Q14165,21.396343849157752,29.858906443783702
Q14166,21.486317201372795,28.833952882657716
Q14168,18.5723255244113,22.566813691069125
Q14181,19.998144249260395,26.8081755249736
Q14185,20.995734722771843,27.238964314728292
Q14186,17.76800749280199,24.29428328165534
Q14192,21.15511576952196,25.023375903505613
Q14194,22.124380321265818,31.572954749649867
Q14195,23.801338299156843,34.23001388538568
Q14197,19.531372864873823,27.692157003529967
Q14203,23.67803039972749,31.606125610872905
Q14204,26.43779620945705,34.888055345122815
Q14207,18.585162338427022,24.063091464924366
Q14232,20.920166228289066,29.474745698009503
Q14240,22.169469213645403,30.33215126330035
Q14241,21.290485958560016,28.052857356855963
Q14244,18.373451528756785,25.046794167111077
Q14247,23.14813754009542,31.766079431532592
Q14249,19.59066727942381,27.00084185662872
Q14254,22.278614788691353,30.846460485047455
Q14257,20.715199899695897,30.567882968927268
Q14258,21.49343625123348,29.518406389291034
Q14315,24.350608073992472,32.92435947282296
Q14318,21.145134445497494,29.44416187367838
Q14320,20.20397548352901,29.61064861913157
Q14331,20.27991133408114,28.51563572398269
Q14344,21.737656529276236,29.778989317575537
Q14376,20.53651001226153,28.483479086263966
Q14432,19.69973080863329,27.87234160599335
Q14444,21.083447896587803,31.41180707942496
Q14457,18.520390370011793,24.456479817693285
Q14493,21.456938624459003,23.342676953234513
Q14498,22.25134515946451,31.346846161368067
Q14517,21.074576941482622,27.22587412383921
Q14527,20.26272241850446,28.149011073725372
Q14534,20.126766510198735,25.741190630426285
Q14554,20.238322490002187,28.779248414441636
Q14558,20.819768629560627,28.16331872604581
Q14562,21.321515696973492,29.22807629347849
Q14566,22.419582398932327,31.802604152178837
Q14571,20.617503426757658,25.902411826654003
Q14573,18.250444665850043,24.173799379072804
Q14576,20.502869428781285,28.970016990503918
Q14596,18.473001275419065,23.366694532611774
Q14642,19.553209483530388,23.250652185484068
Q14643,21.588825365788765,28.378093736675314
Q14644,18.458771014011827,24.33560693221589
Q14651,21.145913566571654,28.094455621617207
Q14653,19.982691559277963,24.12330578251182
Q14667,17.599725030722084,22.481808052420703
Q14669,21.84103500170567,29.157751504714245
Q14671,21.422085178513345,29.108054017505125
Q14674,19.995030115216064,21.61531487153201
Q14676,22.948943620748913,30.533683498786246
Q14677,20.44224729773832,30.070922434207095
Q14680,19.388396813430816,24.299026026333227
Q14681,18.826291886601368,23.128236825947912
Q14683,24.570176642422044,32.07274104839834
Q14684,22.109677055665458,30.043915139832645
Q14686,19.96654680949454,26.052523877469035
Q14687,20.790174431455647,27.54724543838007
Q14689,16.475199274696518,21.766676906393982
Q14690,23.64577484548593,31.398139058212152
Q14691,17.38971653130182,25.84791015780874
Q14692,21.78963568182072,29.46725677763844
Q14693,19.76254528781802,26.95678828894598
Q14694,21.94644152311065,29.467317987810148
Q14696,22.086916650465717,30.212580044174526
Q14697,24.146250012229018,34.262806469332006
Q14699,21.069968557663014,29.683345919447298
Q14728,19.470496868370788,24.956203448979927
Q14738,21.72874999013604,28.63900304746488
Q14739,21.6944483903762,29.009107285622957
Q14746,19.999749778465727,27.88768541604829
Q14764,22.364059246322793,30.34734620493289
Q14781,20.310690379011405,27.30387272766222
Q14789,23.555982661514644,30.54310955800763
Q14790,17.917256100671104,23.537290573116078
Q147X3,18.16029750985534,24.488258909332323
Q14807,20.912864169054117,29.150744959230607
Q14814,18.0387265864941,26.042529769872697
Q14839,23.396311917045498,32.31504470977652
Q14847,21.466769789358484,30.570138710159505
Q14865,19.944296770692716,24.46344504665044
Q14894,19.451261981634637,24.788999295232287
Q14914,19.794000102642386,25.161979155031286
Q14919,19.44858639397562,28.430627817760733
Q14964,18.90078980375207,24.289368344335024
Q14966,22.98972171485861,30.25838547703008
Q14974,23.8771126197559,33.57723996555487
Q14978,24.04317274456684,30.475172414010892
Q14980,25.388369963558997,33.96567603119466
Q14997,20.938306534660057,28.838719253391606
Q14999,18.791309239470085,25.12453982853543
Q149N8,19.77354073852711,23.622617027048143
Q14BN4,20.02655478668742,26.30325829656171
Q14C86,22.310205888859738,29.294639769828336
Q14CX7,19.755720067615556,28.93965779878853
Q15003,21.70411494675575,29.986156141886692
Q15004,22.483676677908466,26.11043677247384
Q15005,21.946221880863117,29.24321665497288
Q15006,20.461816989882568,28.698825336837885
Q15007,19.936296402863917,28.78635855571457
Q15008,22.841367769404165,31.127033236058494
Q15013,19.811966020448924,23.643021736330734
Q15014,19.264247519896852,27.07206310520671
Q15018,17.898386223510563,27.904153310068377
Q15019,24.0211657589209,32.1369249852211
Q15020,21.655591378918274,30.465830413671465
Q15021,22.83321151017363,30.35728524640138
Q15022,21.461718362877285,28.10005843260149
Q15024,21.487811581192624,27.745610133881005
Q15025,17.15586228684915,23.517510147343252
Q15029,24.010978736814398,32.692850083792365
Q15031,20.38584650061638,29.20909722229887
Q15032,18.767299883411276,25.15261702255517
Q15036,18.378146275263305,26.90854676626165
Q15042,22.816357937015557,28.684208730445345
Q15043,18.119169161790158,28.51939805923461
Q15046,23.33268387585992,31.983625894145543
Q15047,19.287180236102518,24.927840611847536
Q15050,21.826176614027904,28.763561369027773
Q15052,20.516091461985845,26.37568864201282
Q15054,19.470586104816835,26.2802745253528
Q15056,21.82086733073801,30.887563731447035
Q15057,20.302144782337166,26.474818069262774
Q15058,21.32077035014477,27.739275820179294
Q15059,22.25460222061923,29.78180962502545
Q15061,22.4925851133468,29.421791142403556
Q15067,22.2193941071264,29.958791142846007
Q15070,21.530454092069768,27.99548374145102
Q15075,22.971111887736186,29.742952861501077
Q15084,24.252712275803244,34.659490417935444
Q15102,21.645138538724346,30.8867120288891
Q15113,19.292891027779177,29.33175107748563
Q15118,17.92718257587239,26.270401933394705
Q15120,18.83043737208388,23.81111515992715
Q15121,22.720276287888314,28.999491564637015
Q15125,20.656144019773556,25.580603701122907
Q15126,20.95748836222305,29.6459897261371
Q15147,21.194581154230452,26.042525803932936
Q15149,25.92443206285981,33.96185765364892
Q15154,22.138128240361226,29.313759508415586
Q15155,20.109826803754864,25.280938482729482
Q15165,20.85628867669363,29.349920050174287
Q15170,19.40162261759287,23.639811105755197
Q15172,17.905692196195822,24.77652163706812
Q15173,20.187841594717632,23.921269464206116
Q15181,22.852979488505405,31.857220312173556
Q15185,19.456236705997174,30.615024602082613
Q15208,20.111423271297795,25.863982739056603
Q15223,16.67435556030892,27.267037542055867
Q15233,24.893918858932448,34.21185175973348
Q15257,20.4615679643191,29.563454519983935
Q15269,21.939548981143197,28.944147804339742
Q15274,22.368871717449046,28.99630990889039
Q15276,21.08561021185774,27.855199782136165
Q15283,19.48283697093448,23.720001734006658
Q15286,21.05203485566195,30.34607767038071
Q15287,21.686486451119354,30.992338228544174
Q15291,21.273351414402796,27.450990571942352
Q15293,20.939229892706813,31.63261343395894
Q15311,20.027749342470287,26.919809258021946
Q15326,20.837863497465587,25.700314800410897
Q15334,20.849359840384803,28.08290589645893
Q15345,20.06445748980275,27.753769532212395
Q15361,19.561322835781834,26.948300776514873
Q15363,21.12275376440852,29.404489898505535
Q15365,21.422069379953474,31.87672119333938
Q15366,21.27201772400066,32.56187991227631
Q15369,21.23865552882346,30.749317426484772
Q15370,22.447105996730045,29.68169028878526
Q15382,21.340138001338218,29.625255854120415
Q15386,21.376460031464717,27.378090581364706
Q15388,21.376942269700173,28.43320316970045
Q15390,18.33733388644242,23.087601877465396
Q15392,18.88923397790502,26.484801594659686
Q15393,23.718885095759685,32.90271755347964
Q15397,22.645943907214953,29.439506225433696
Q15398,20.227984814146488,27.610406287266393
Q15404,20.505041986798872,28.24783154845864
Q15417,23.575750161766692,31.623343472004713
Q15418,20.29753347417385,27.18190897402003
Q15424,22.67585601804658,31.07279097253701
Q15427,21.537112209032866,26.819720265041806
Q15428,21.762823528277067,29.666979522744256
Q15434,19.412138062751808,24.903781056791768
Q15435,22.093194608915308,29.78379164085489
Q15436,19.93249827420274,29.334692788442794
Q15437,21.447547731131877,29.93357014670524
Q15438,20.251982575216,24.323797435389455
Q15459,23.017516718304925,32.41286956742403
Q15464,18.184574217450493,23.28405606932173
Q15477,21.217229683584684,28.51749279032625
Q15506,19.318756983567475,25.322356646393086
Q15526,18.987084635684248,26.489236604103876
Q15542,20.402651863789757,26.05256968836308
Q15545,20.17683952904042,28.940066273823085
Q15554,19.1418394945523,27.657004368046383
Q15555,19.793705157922187,25.392552577603546
Q15572,18.733963017330424,25.226572380997148
Q15573,17.63741874939355,23.63531725058956
Q15596,20.145603900967632,25.41170822574958
Q15599,19.770321433545003,27.253021136683127
Q15628,17.913629072603104,23.79024696378935
Q15631,22.377404021512113,29.690589911693
Q15637,22.3835324398975,30.588085712970734
Q15642,20.839884681816155,28.280592228925773
Q15643,22.54588435749323,27.880961420231447
Q15645,20.81046767259254,28.623891077414957
Q15648,20.325938182106345,27.701628752639067
Q15650,21.41814203837368,27.944204649703394
Q15652,20.196215931950768,24.53156089140749
Q15653,19.216040913555116,24.82944286684414
Q15654,17.712550467824762,24.532097682478486
Q15691,23.40519393061391,31.325486533547835
Q15700,18.79649583057861,21.9673677030794
Q15714,18.651632772961158,25.026574180961635
Q15717,22.34651473409903,32.598237610632744
Q15738,22.455916391922916,28.766879228881812
Q15742,19.628082024179665,27.12238282330857
Q15746,19.608310469193594,23.882501911746107
Q15750,19.926697202447652,27.40204866419353
Q15751,19.885835497822285,24.952983356229034
Q15758,20.214823087534324,28.547568683999767
Q15768,18.816961162192094,26.01826320435146
Q15771,18.298743817771165,23.294137837192693
Q15773,19.3129687926249,27.450338795884267
Q15776,18.318128051170287,25.584639223111708
Q15785,21.428318212361013,29.270187907261853
Q15796,16.699586167947544,26.673463999493972
Q15800,19.8831427949837,26.155324742525185
Q15811,20.330338464299032,27.232309710301024
Q15813,21.20091527631198,29.105308111143344
Q15814,20.005463536187808,26.92017874522127
Q15819,18.213208000771065,29.595049806623187
Q15836,20.182092400361608,27.948487951391872
Q15843,21.698429688197972,28.80185548300583
Q15853,19.003909395016308,26.601581186878974
Q15904,20.22044228691651,28.089105902601982
Q15906,17.988745339525977,26.973136184942977
Q15907,20.40031710259516,28.139135943518774
Q15910,20.2218862121656,27.61608515487235
Q15911,19.068795593748128,25.989230269652882
Q15942,22.7643236479803,31.271215991246258
Q16134,18.979178455919126,24.27483502900998
Q16181,22.872583549899602,31.934985883150198
Q16186,20.461815231688576,28.82613411476371
Q16204,20.325391349189083,29.344188165493403
Q16222,23.123909118585914,30.63637082355993
Q16254,19.69440768772252,25.049525824580805
Q16342,18.736785829452064,25.91029369265763
Q16352,22.72593531562098,32.27870509235107
Q16401,19.636646797873073,29.558007324539577
Q16512,20.72619279258191,28.6817275824014
Q16513,20.392362015716813,28.23229144630723
Q16527,20.69012546447867,30.437265954318818
Q16531,23.83155757905979,32.30641666277536
Q16537,21.83294017381305,28.857789539046955
Q16539,20.1173159779845,27.445275331899307
Q16540,19.37670407028843,28.177819285532095
Q16543,22.662348080081816,30.90808888211557
Q16555,23.637712970694594,33.653014072350196
Q16563,21.654114202134256,28.028459213367512
Q16566,22.23456315522276,26.87024428554287
Q16576,22.239099921491135,31.30421051179989
Q16585,15.137047650828425,22.97835505315526
Q16594,19.296707032114156,24.267171230227056
Q16595,20.62203680084044,25.292249269904087
Q16611,18.084502137550434,23.276099621806594
Q16623,18.731163644045036,26.441455359385316
Q16625,17.004240368603263,24.16515227891266
Q16626,18.507940862341325,25.11281947780788
Q16629,22.295184303730053,32.443629408380744
Q16630,21.085408773351208,30.731152356854892
Q16637,19.560123987347357,27.65953299139031
Q16643,22.444886539669575,33.1952658442769
Q16644,19.900667664405248,24.890476002029686
Q16649,18.621797590426958,24.291749231221768
Q16656,18.879734090799083,26.116425687557314
Q16658,24.857498275440346,33.67218399756366
Q16666,18.966910865649446,27.105332449587017
Q16698,21.90063061626364,29.333502880853487
Q16706,18.533547797809913,25.484314229458718
Q16718,19.213539518642126,28.242048712365207
Q16740,19.626922579210177,29.073778478179793
Q16762,19.018529197406775,28.477642006311793
Q16763,21.60943578882951,28.219918645322903
Q16773,19.519380760012595,25.556556132958093
Q16774,19.823833254174435,27.588764029940844
Q16775,20.814494500215805,27.801862354657587
Q16795,19.917021287895036,28.350394579062094
Q16799,22.388116606784187,30.817938857045988
Q16822,20.514437451496526,28.77950301722815
Q16832,19.590625365797194,26.713020625491506
Q16836,21.87686543412057,30.00490466973901
Q16850,21.97938744322313,29.421304526933195
Q16851,21.944350365881117,29.9669841707969
Q16854,19.502077141253192,25.740145297240723
Q16864,21.292724579658046,29.277905669016747
Q16875,17.87629876321026,25.12514305207763
Q16877,17.911426163431006,28.07006596529529
Q16881,22.714426228766833,31.00732482669472
Q16891,23.488533211832426,31.948754001094965
Q17R31,19.908045973665065,23.576486307420264
Q17R98,18.806435585364806,24.034303787921022
Q17RN3,18.53310151722176,22.505752445559903
Q17RS7,19.42073424843593,23.97935484547159
Q17RY0,19.776905163550193,23.747648136108417
Q1ED39,20.75772355185436,28.539265617626913
Q1KMD3,23.8706947930244,32.53595360552161
Q24JP5,18.718542673989152,23.670041461013287
Q27J81,18.943352403509138,27.236656199734437
Q29RF7,23.413034285717885,30.43359264674546
Q2KHR2,16.656221848934788,22.59083554723516
Q2KHR3,20.973766827904143,26.86218761286944
Q2KHT3,20.814904610947952,23.664580202046068
Q2KJY2,19.777019005075157,25.29671141870024
Q2M1P5,17.399059246965816,24.921199944079454
Q2M1Z3,19.334643120365946,23.003584648880853
Q2M2I8,20.98666338861531,29.831883683944493
Q2M389,20.363553743084953,27.089486921087992
Q2NKX8,21.282577407189365,27.547281407582606
Q2NL82,21.816857368950817,30.02653308934562
Q2PPJ7,17.63077043027367,23.72698243537449
Q2PZI1,19.39274524431197,26.959594409628423
Q2TAA2,21.608448081271984,26.076786876936215
Q2TAA5,19.833452908675433,26.243724023293666
Q2TAK8,17.85695858629622,24.858938893217456
Q2TAL8,20.399176578956705,28.28435472451346
Q2TAY7,21.375399608124603,31.393152731494602
Q2TB10,19.707230186662713,24.20949393437143
Q2TBE0,18.356899776849062,25.60923620959137
Q2V2M9,17.739460436738604,24.940368759373477
Q2VPK5,18.40645648500703,23.599258180895923
Q2Y0W8,21.03935917762896,24.421041243801767
Q32MZ4,21.221903657220967,28.32828255881523
Q32NB8,17.44641416939158,25.90108934644089
Q32P28,20.3536304923127,29.30208022904441
Q32P41,20.45932142545741,27.857960469741748
Q32P44,19.860939621708276,27.691378681828663
Q3B726,19.405027933418914,27.005028094475406
Q3B7T1,18.75244601719089,24.864273984517947
Q3E764,22.031740494093633,25.949288107338127
Q3E834,19.450882704345194,23.466092273257132
Q3KNV8,19.100353070401546,23.992971604889323
Q3KQU3,20.027835631730383,28.584199079177537
Q3KQV9,19.82533435203938,25.69195110455636
Q3L8U1,17.895210744775703,23.870862013571497
Q3LXA3,20.39670814425758,28.42905675739834
Q3MHD2,21.091456500026734,27.13906615777078
Q3SXM5,19.803111885266116,27.43741092951433
Q3SY69,18.131071590319607,23.093899872661737
Q3T8J9,18.760086209347065,25.016100039381808
Q3T906,17.67867089950935,28.996331811846943
Q3V6T2,21.69936350247018,27.813013140071376
Q3YEC7,20.614978278021294,29.29067764829163
Q3ZAQ7,17.93325792791199,27.53501392446803
Q3ZCQ8,19.41155342969569,29.055695080534186
Q3ZCW2,19.481599553640393,26.63690334724595
Q495W5,17.176355305912093,26.12529184760209
Q49A26,21.491821875560845,28.946268651213817
Q49A88,16.677516277307927,23.513199529992775
Q49AR2,20.538508192751483,26.39755251576336
Q49MG5,18.886330703332494,22.979132957074494
Q4ADV7,18.145560143100493,22.863573596961555
Q4G0F5,20.599778828783545,28.596672822967037
Q4G0I0,17.55930826001009,24.01541683901115
Q4G0J3,21.457185766803224,29.441847500741805
Q4G0N4,20.364372092994753,27.234104373855054
Q4G148,18.910689175251285,25.070696300641757
Q4G176,20.280555118073877,27.565828720581845
Q4J6C6,21.62526373715835,26.164723191962832
Q4KMG0,16.826910170534678,26.34319939137991
Q4KMP7,20.77414468520571,25.9507662306616
Q4KMQ1,16.86298672004215,22.87441633391152
Q4KMQ2,19.17381952526659,28.15636915470368
Q4KWH8,19.47332796723885,26.03896793354743
Q4L180,18.943657365918845,23.856952908021007
Q4LE39,21.442762946258,27.789082173708
Q4V328,21.086853257310956,29.858939481422457
Q4V9L6,19.791807618010644,25.413428080420807
Q4VC05,21.444450020288834,23.94066272816683
Q4VC31,21.797705046180408,28.46049559946571
Q504Q3,18.967661826416464,23.104975557861177
Q52LA3,17.10352783760033,21.951496031771423
Q52LJ0,21.153192323558187,29.49146266390628
Q52LW3,19.751923214231653,26.086943339888848
Q53EL6,20.337245785741725,28.391566420702098
Q53EP0,19.23468149391912,26.254083198870813
Q53ET0,17.84841810319138,25.542590444340913
Q53EZ4,20.581413346225084,24.539423248107582
Q53F19,20.724751195219785,28.513612414267495
Q53FA7,21.40102543105276,29.26452951400487
Q53FP2,19.724967471738317,26.148858640365788
Q53FT3,20.17303166914209,27.309268630466264
Q53GG5,19.391238879159424,26.933212541342026
Q53GL0,17.522553349273444,24.486803174099446
Q53GQ0,20.989310006038348,28.623962815243388
Q53GS7,20.164120788390793,27.15376434565414
Q53GS9,20.16165457178211,29.50243111395448
Q53GT1,19.4251917420537,25.37949081145375
Q53H12,21.064159467098385,28.66917989887401
Q53H47,19.22894374682348,26.293526462984335
Q53H80,19.3843932146157,25.202161833539524
Q53H82,20.284450582419453,26.755702380574874
Q53H96,18.273612637814892,24.912716641040408
Q53HC9,21.46662302792204,28.090645403043077
Q53HL2,19.762938354611848,26.6484859557213
Q53HV7,20.592077081876173,24.34359542876882
Q53LP3,19.635085552220538,24.69312099847372
Q53QV2,16.87935706319594,25.020182179706016
Q53R41,18.425839529171206,24.428284704044298
Q53S33,21.219409599957217,24.58095818008056
Q53SF7,18.56476673480239,23.022946997822434
Q53T59,20.066665455235754,27.89094091445297
Q562E7,19.28335852548821,24.812122894457676
Q562F6,18.757251474873033,23.87478581265755
Q562R1,17.978138253066696,24.09110661514147
Q567U6,21.002028192536336,27.79822234153816
Q56A73,17.87611017200543,21.610827053850873
Q56NI9,18.081384455382626,22.921417484145103
Q56P03,18.309256178431124,25.11119669448418
Q56VL3,21.071725937527376,26.605675382186973
Q587I9,19.8036795944786,26.95978685069544
Q58FF6,17.66897543372424,24.67717814620711
Q58FG1,17.010912550015547,26.710241070554368
Q58WW2,15.944518011778218,23.263593441769945
Q59EK9,17.554861459551464,23.258865174628024
Q5BJD5,18.25936049348874,25.560004222910862
Q5BJF2,20.329074310869185,26.562890767766117
Q5BJF6,20.206688571846826,24.0786864515843
Q5BJH2,19.151168323369863,24.271688277536626
Q5BJH7,18.241116851941367,27.51005373556174
Q5BKZ1,21.330444149791294,30.709085585388337
Q5C9Z4,20.392596506345278,26.588992582801232
Q5EBL4,18.808088140486717,27.27148207610951
Q5EBL8,19.50874309805967,25.291448682150833
Q5F1R6,18.112449713821004,25.05666396604782
Q5FBB7,19.1822542101374,24.617539039829786
Q5GLZ8,19.631641982866487,27.728860205596117
Q5H8A4,19.558077360007875,26.627721295557198
Q5H9F3,19.573835192562985,26.66721341651577
Q5H9R7,22.550556576139808,29.6523292336857
Q5HYI7,22.551918558988543,24.94530469186616
Q5HYI8,19.730822585688262,26.858595909604713
Q5HYK3,19.34889938156074,23.85238425162799
Q5HYK7,17.70979311189198,24.158821451777285
Q5HYW2,18.611122798965635,25.120927319433594
Q5J8M3,18.839955375349632,27.14693499794565
Q5JPH6,19.22634736865382,26.091907162732895
Q5JPI3,18.949063775460868,24.599470399512008
Q5JRA6,22.464014133044166,29.80753172320886
Q5JRX3,21.41139168843769,28.217274281727185
Q5JS54,18.026647201562287,23.39141732882461
Q5JSH3,20.833472943741594,29.05321164185366
Q5JSJ4,19.652164436333138,23.2439165938982
Q5JSL3,20.5434639338284,26.55991248474014
Q5JSZ5,19.598136558110866,27.96424443033335
Q5JTD0,19.290929887482267,24.809070877676092
Q5JTH9,23.306980010892563,30.57707573686413
Q5JTJ3,19.964633248141254,27.09800887390341
Q5JTV8,21.83973109188532,30.81110406677866
Q5JTW2,18.775734462766472,22.800684286975123
Q5JTZ9,21.082699080397248,28.35514157640983
Q5JVF3,21.428640010029987,27.688123297377484
Q5JVS0,20.117835329309333,24.577063364539036
Q5K4L6,18.266986504600165,25.36123544536904
Q5K651,17.984218447687788,23.196984310891974
Q5M775,19.809796133399793,25.966103427146518
Q5MIZ7,19.132528270971005,24.91156237312014
Q5MNZ6,20.690982726827716,26.507544317578983
Q5MNZ9,19.285592631131628,23.67532813067796
Q5NDL2,20.106381288673894,25.09000339684712
Q5PRF9,20.051506163689933,25.476038839825545
Q5PSV4,18.82781844465954,25.61433457830713
Q5QJ74,20.10810478120523,25.8455721456486
Q5QJE6,21.763277690275636,29.68735566531067
Q5R372,18.788364595465694,24.925891499932423
Q5RI15,20.294384349207846,27.268917256536543
Q5RKV6,18.905749830947624,27.76216921681036
Q5SGD2,21.64010955892122,24.757300323637544
Q5SNT2,19.420162878056598,25.288241124068897
Q5SQI0,19.531032205929332,26.681998812898204
Q5SQN1,18.84082192551609,22.45532747117382
Q5SRE5,21.328457531212308,29.320116453532126
Q5SRI9,16.69918759287724,23.672177881553825
Q5SSJ5,21.800698671616985,29.784652127955493
Q5ST30,19.815358104598022,23.96438273523365
Q5SVZ6,18.604046775199524,23.44750880521743
Q5SW79,22.596294188318264,31.134411573704316
Q5SW96,19.124876002399702,22.781513401542938
Q5SWX8,19.164154549599594,26.32945144866639
Q5SXM2,18.481062891540617,22.221720304013147
Q5SXM8,19.55821417851506,24.185137441934778
Q5SY16,22.554755046138492,28.84103031278283
Q5SZQ8,19.866617394152765,24.476699611216297
Q5T0B9,21.08550092181554,24.66615442403581
Q5T0D9,16.46025968269715,23.478344646212054
Q5T0F9,19.839238502159578,25.38667483896703
Q5T0N5,21.395456974366986,29.19499170608371
Q5T160,18.90779900638956,25.093291460724984
Q5T1M5,21.807288675023255,27.817854350751908
Q5T1V6,19.93682434503392,25.9737836892641
Q5T200,20.86708124892236,28.450072750929937
Q5T280,20.502864870174566,26.90682502286633
Q5T2E6,20.692832708538155,24.0445948143635
Q5T3F8,20.13564039326663,24.047314408197774
Q5T3I0,20.84828567092136,28.33595474352442
Q5T3J3,20.066387344501557,28.263923308214814
Q5T440,18.455592715919646,23.908363482573897
Q5T447,19.66484304820145,27.56821311197134
Q5T481,17.74749072727855,26.877356867276333
Q5T4S7,23.38148652278637,30.760432448680437
Q5T5C0,18.336814759297113,23.37796787040736
Q5T5P2,18.64036288553366,25.10909048270316
Q5T5X7,19.622217123586516,28.415105476507318
Q5T5Y3,21.24147262763896,27.96524743932036
Q5T653,20.98559428461219,25.964444586645826
Q5T6F2,20.681880071146228,27.653116776551514
Q5T6V5,20.48542778535898,28.17188924860125
Q5T7V8,18.341258560422975,24.404153881870368
Q5T7W0,18.381731458669762,25.63107830955923
Q5T8D3,19.06490163999165,27.19019328967701
Q5T8P6,22.728840829092043,28.980960939984545
Q5T9A4,19.209685384104272,27.213783176598614
Q5TA45,19.894734857516912,26.647615410196437
Q5TAQ9,19.556859083260594,25.20423160704667
Q5TAX3,20.64796197870222,23.90161517445224
Q5TBB1,20.60216375309121,27.92927128381814
Q5TC12,18.538164335626544,26.75467439355036
Q5TC82,17.490033239042504,23.303683563821142
Q5TCQ9,20.609428103113387,25.863035064063183
Q5TCZ1,19.12781620414588,24.037411806905272
Q5TDH0,20.492503716052955,27.283363313552236
Q5TF21,21.281457923367068,26.799231626399287
Q5TFE4,19.368950073859516,27.942843695706088
Q5TGY3,18.496855734326566,25.634061999590383
Q5THK1,19.442809402928336,22.52062395546176
Q5TZA2,18.46223944376072,29.98258726999292
Q5U5X0,20.85351304071239,25.721545316075527
Q5U5X8,19.42752509187211,23.163243352297947
Q5UCC4,21.62975272478063,26.195262575555116
Q5UIP0,22.959453742626025,30.20368557111648
Q5VIR6,21.322874321992227,27.689954176392916
Q5VSG8,20.332945515406845,24.327581150358967
Q5VSL9,21.090336207716522,26.60729177500968
Q5VT06,18.772456069639297,26.86072932713729
Q5VT25,21.41345459241781,28.030252492591828
Q5VT52,21.352895483892514,29.901500421293388
Q5VT66,19.88814715238558,24.377247671956145
Q5VTB9,17.908078442949858,24.17787031280077
Q5VTE6,20.991775553981086,26.222142834495266
Q5VTL8,21.34948587747972,25.982838882621902
Q5VTR2,22.544642988731102,29.991638793592763
Q5VU43,20.59807897390353,24.43006620596868
Q5VU97,18.98565371255677,24.17043611976716
Q5VUA4,21.224686386131136,27.602501584000873
Q5VUB5,19.17876926737715,24.490715391553433
Q5VUG0,18.004925119257724,23.749617512542667
Q5VUJ6,21.458231939360882,26.943138239650615
Q5VV42,19.448328196977616,25.817454060572263
Q5VVJ2,18.009910691894582,23.650605322875947
Q5VVQ6,16.84470778648314,23.29583450141881
Q5VW32,21.461696835225084,28.380224926099753
Q5VW36,19.366238511426268,27.315504201428283
Q5VW38,20.629368271770293,24.498788534245673
Q5VWG9,18.07680886571061,22.78928010355298
Q5VWJ9,18.407617431662505,27.071681552817903
Q5VWN6,21.57937462598521,27.231084119194495
Q5VWQ0,19.91249760254049,23.963255857071044
Q5VWQ8,18.43557470440235,25.557052319793872
Q5VWZ2,20.837701608883314,26.347907586884418
Q5VYK3,22.884486362592742,29.453561041033606
Q5VYS8,18.81544352777468,23.579430001856608
Q5VYV7,19.1023950952595,21.868501188439325
Q5VZ89,20.01413974344961,27.924311892042027
Q5VZE5,19.51872330763982,28.989671267063382
Q5VZK9,18.207219606598684,24.437774768399162
Q5VZL5,21.798654014925457,28.995275700114604
Q5W0B1,19.731494575313963,24.052767280405675
Q5W0V3,19.720546731137603,25.714704091386672
Q5W111,18.402783754166776,26.379107780450664
Q5XPI4,18.396568973398416,25.839791383455886
Q5XUX1,18.579364906904583,23.627364332229796
Q5ZPR3,22.336938707460426,29.023788539278605
Q63HK5,19.761474098969256,24.58552746774786
Q63HM9,21.368984783925725,27.8483714612239
Q63HN8,21.553570209656186,27.713382771671903
Q63ZY3,20.031316712163484,26.39863917977377
Q641Q2,19.433716635399712,24.57504816654576
Q643R3,19.49660598790057,23.79931789068221
Q658P3,21.44233163608661,25.994239500260914
Q658Y4,18.71301435468139,27.100071725564547
Q659A1,19.269333361244126,23.83368663506701
Q66GS9,19.37323496636716,24.314713022068705
Q66K14,19.86989102571219,26.363527444665685
Q66K64,18.62484613545808,22.60845968647452
Q66K74,21.852535803454046,28.150103283097053
Q66LE6,19.372158512430584,24.91944334745099
Q66PJ3,20.431671740117824,27.47193471335709
Q676U5,19.51783440358478,28.94041076818479
Q684P5,20.272591857423286,27.21511870536947
Q68CP9,21.799692515641777,29.01663682341127
Q68CQ4,20.558283181904372,27.998040104046563
Q68CQ7,19.396086840517725,25.344098481608597
Q68CZ2,19.175043896984253,26.42507227024842
Q68CZ6,18.38556241871498,26.234579023198812
Q68D10,17.13621032077734,24.059768829021092
Q68D91,19.922420391473807,26.46103146758873
Q68DH5,19.974347113149257,23.865836328465537
Q68DK7,19.295858754849164,25.309878652037703
Q68DQ2,19.777818421734406,25.051058177033298
Q68E01,20.5673693396584,28.647366384923235
Q68EM7,21.278631918734426,29.287140601431016
Q69YH5,17.579312585726427,24.666334053955243
Q69YN2,20.684313179401222,27.474230973678587
Q69YN4,21.11353927533626,28.04884093226533
Q69YQ0,21.427184988970264,28.045510829028075
Q69YU5,21.009846928616728,24.514351917382402
Q6AI08,19.503401706351106,26.18830210990402
Q6AI12,19.4331409280029,24.51255102036367
Q6AWC2,18.77165670408048,23.69562177728694
Q6BDS2,19.954488889641482,22.98411036338304
Q6DCA0,19.84996371944566,24.26016674233676
Q6DD87,16.612791013458285,26.41422555034836
Q6DD88,22.329027246786353,30.078937078212842
Q6DHV7,18.022165217846652,23.475545374039193
Q6DKI1,19.795032207758634,27.452964080764108
Q6DKJ4,21.104820705765874,27.769955088086697
Q6DKK2,19.454402781972302,25.74345046281605
Q6DN90,19.669830765068856,24.398275032148568
Q6EEV4,20.79624328802566,22.493304052899056
Q6EKJ0,16.54139052109035,23.752465483249683
Q6EMK4,19.311591456135336,25.503381300488368
Q6F5E8,18.311365874829896,24.039248153997065
Q6FI81,20.306833029641265,29.211504122904994
Q6FIF0,19.355139522779083,24.501231056202137
Q6GMV2,20.30147743953931,24.13786764324211
Q6GMV3,19.962218623077977,28.642519613041618
Q6GQQ9,18.999161647752832,25.761593661604877
Q6GYQ0,20.009114488736284,26.46256358536433
Q6I9Y2,21.729160246557598,26.753533847944638
Q6IA69,18.97230140067385,23.370985991825748
Q6IA86,20.405833000187364,28.01717455493916
Q6IAA8,17.705208861324817,29.476713756422498
Q6IAN0,16.85741671086562,25.51907761252976
Q6IBS0,20.508334191368853,30.507434778321596
Q6IBW4,19.922833349025346,23.19421414650763
Q6IC98,20.049568281003246,23.239260981564563
Q6ICG6,17.630227044047295,23.61014093517648
Q6IE81,17.583328373302887,23.760513980218693
Q6IEG0,18.315672412604357,23.69577468207866
Q6IN84,20.80188351531669,25.601114022015448
Q6IN85,21.71200611759977,28.179416167588005
Q6IPU0,20.50005061997373,25.47213250143105
Q6IQ22,18.583413844305383,25.775854810142544
Q6IQ23,17.602181846168243,23.018938565917967
Q6IQ32,20.3620433941681,23.257011257204184
Q6IQ49,20.310042238101424,27.11154243986683
Q6KC79,21.7742727780367,28.779378022925922
Q6KCM7,17.567668775981982,23.564741792045517
Q6L8Q7,21.510452640063136,28.376897565606768
Q6MZP7,19.6725210598883,24.593982253311747
Q6N022,21.55515314844097,27.56117221156458
Q6N043,19.125383665449636,23.619175317431896
Q6N069,18.648138710311827,24.06805988422932
Q6NS38,19.095593583194724,24.53115303459909
Q6NSJ0,19.684602923038117,22.927097137214787
Q6NSJ2,15.214588625450242,24.553769249652607
Q6NT76,17.2806485410526,27.381607580146756
Q6NTF9,16.872092556188036,23.54659712550852
Q6NUK1,21.17337797024851,30.360452782765673
Q6NUK4,20.244924177872,25.434330135997058
Q6NUM9,20.34303999347742,25.972879833474572
Q6NUQ1,22.038884237235365,25.902749300204622
Q6NUQ4,20.88600314485555,28.36340210586278
Q6NVV7,18.128794033896515,23.477834710586283
Q6NVY1,21.82913556859921,29.267229736676978
Q6NW29,21.596084222663475,26.381938402415706
Q6NW34,18.16403644638157,25.245090197694992
Q6NXE6,21.003522496285893,27.12569632080366
Q6NXR4,20.19898182749234,26.24072530750645
Q6NXT1,18.119767616444832,26.364220135421384
Q6NXT4,18.359076056244838,25.471776210696405
Q6NXT6,20.01739219592181,23.73781641657874
Q6NYC1,19.499307969508276,28.167080821800802
Q6NYC8,21.211534343804573,28.729386893018813
Q6NZ67,19.081144070249735,25.7220278764403
Q6NZI2,21.241810618244166,27.927305939051617
Q6NZY4,20.943983204114925,28.06760601391339
Q6P158,20.571883596675775,27.418106793466055
Q6P1A2,18.844819757528263,25.625404045420986
Q6P1J9,22.32365287252339,30.855020809783017
Q6P1K2,18.621410641819878,24.994726371137613
Q6P1L5,20.386984994254036,24.06502137350694
Q6P1L8,18.361374284650296,26.858865130113465
Q6P1M0,19.949847399550357,26.867770348078867
Q6P1M3,16.670051734453406,23.427677552127612
Q6P1N0,21.13899479399655,31.035745381652102
Q6P1N9,21.836478435945246,27.34518279902658
Q6P1Q9,17.226303476544647,25.48557150646276
Q6P1R3,19.860970577655223,24.73956591439333
Q6P1R4,18.82973282945715,23.620267712374968
Q6P1X5,19.16843229450906,23.99454257030585
Q6P1X6,19.455644153807544,26.21396168615466
Q6P2C8,21.38981989551119,25.623337515989526
Q6P2E9,21.7861397592274,31.024193879282755
Q6P2H3,18.875893366600412,26.124590310563576
Q6P2P2,19.707019544844183,23.89057647239605
Q6P2Q9,24.67963549952893,33.2794708124358
Q6P3W7,22.048666837781724,28.2146445517062
Q6P3X3,19.947875778943637,26.497261104290864
Q6P4E1,21.2851264275832,27.205354388944077
Q6P4F2,20.78237582410103,24.075426103261453
Q6P4F7,18.2458409063825,23.884617807031105
Q6P4Q7,18.217976464950038,24.979461611921334
Q6P4R8,20.832640491502723,25.568300945738457
Q6P587,18.50746610882561,28.6769548935773
Q6P5R6,20.738471527287384,24.4810831749028
Q6P5Z2,19.59325643834056,24.188673578348993
Q6P6C2,20.36481851681065,26.110011753561274
Q6P996,19.234982769422754,30.511848019471522
Q6P9B6,20.30630101256681,27.023581034600472
Q6P9B9,19.190338395627677,27.328964184380776
Q6P9H4,16.79113316965719,23.161077587715667
Q6PCB5,20.715408650918214,26.28332410734374
Q6PCE3,19.336090416555134,24.68177798362483
Q6PD62,22.38895812916708,29.376676578822174
Q6PGP7,21.535781853844362,28.784947818472112
Q6PHR2,19.07860494099991,23.7195171897731
Q6PI47,17.462864801946168,25.014359749193922
Q6PI48,21.958812319267103,28.907267380454968
Q6PI98,19.155929313518964,22.60652156050232
Q6PID6,19.471416453007755,23.31131386282587
Q6PIJ6,18.692336201072486,23.756387430049553
Q6PIU2,20.44268446909679,28.46334894225038
Q6PIW4,20.148570260471764,22.62564575409472
Q6PJ69,18.862052333552025,25.89070441587104
Q6PJF5,18.662921308915443,24.390804558366238
Q6PJG2,20.356913065351243,27.171761342663256
Q6PJG6,19.409716692931784,26.115328213217385
Q6PJI9,17.581585011990462,23.265880474982453
Q6PJT7,21.85075876770398,29.941200136915832
Q6PJW8,18.660280444572937,23.11459957441515
Q6PK04,20.435091943987445,26.901686323645
Q6PK18,19.862163192049593,25.826655715625204
Q6PKG0,22.832593698542972,30.242307547200856
Q6PL18,21.413814426394687,29.514788002667142
Q6PL24,20.330078470153172,26.525127688607228
Q6PML9,20.866668745176305,25.543873616431377
Q6Q547,20.98497216966971,25.59203534903867
Q6QNY0,19.363842683334177,23.788697724957895
Q6QNY1,21.267526928522912,23.950499654582774
Q6R327,19.200770799943268,24.751760860647902
Q6RFH5,19.22577289159941,27.510190420625353
Q6RI45,18.80358769563995,23.602666134191526
Q6RW13,20.188666422669847,25.766428945896788
Q6SJ93,18.851895624773793,23.78576135139932
Q6SPF0,19.594282177989225,28.051064469551367
Q6STE5,17.22377255956204,25.895732917850985
Q6SZW1,19.80207419559971,28.948642369233085
Q6UB35,21.446503269788813,28.471999613741577
Q6UB99,20.085351935645015,25.350044969737162
Q6ULP2,19.016282281769776,24.429905644880378
Q6UN15,18.878018213122925,29.32932756056975
Q6UUV7,18.835132902881554,22.764989397600157
Q6UUV9,17.058070594367667,26.11637749715473
Q6UW02,19.455583826720986,26.425290684170818
Q6UW63,21.400460243449913,28.093651440575833
Q6UW68,21.022748194852035,28.33461984986586
Q6UWE0,21.15510417022086,29.317201157730256
Q6UWP7,20.599921361721513,28.698603313068325
Q6UX04,20.45235637952976,26.899510100728612
Q6UXD5,18.206624565496544,26.876085985892214
Q6UXF1,18.116229766682164,24.03432545221893
Q6UXH1,20.4774329815894,27.82788765738507
Q6UXK2,19.629791643178965,24.94860905095337
Q6UXN9,21.130605331982434,29.307990372126266
Q6UXV4,19.36829988886366,27.787009124759205
Q6V1X1,20.753690287586213,24.52768442180184
Q6VMQ6,20.060552404601097,25.896575228029608
Q6VN20,17.47928142572083,30.901924314375098
Q6VY07,20.01318042243901,29.382158005354185
Q6W2J9,18.92205677113994,26.659022318223126
Q6WCQ1,22.26091515888859,30.125614672150963
Q6WKZ4,20.12302230001768,27.714932832452966
Q6XE24,17.743428803735487,23.23758277894581
Q6XZF7,19.557752862684232,24.7843450432349
Q6Y1H2,19.93065565330279,32.065532790856075
Q6Y288,21.17010036111129,26.823910423758043
Q6Y2X3,15.528206057139487,23.23691680300093
Q6Y7W6,21.171744631068208,29.126084357824325
Q6YHU6,20.58170040009886,23.485732653613073
Q6YN16,20.821803806860665,28.405254924609007
Q6YP21,21.606109565732815,29.672404611168705
Q6ZMG9,22.08581115404438,25.997790417028252
Q6ZMI0,19.833156163239906,26.36450954204587
Q6ZMK1,16.698176809588432,23.597375282602673
Q6ZMP0,17.411150302269874,23.52905755259322
Q6ZMZ3,20.309435964800176,28.21424287198585
Q6ZN17,17.12696374429836,23.824997864818574
Q6ZN18,19.820909401171292,25.032499597740987
Q6ZNB6,18.100335272000994,24.635085434836046
Q6ZNJ1,17.813621571724937,24.32174619456896
Q6ZPD9,19.945154808032655,24.26925690065383
Q6ZRI8,19.907894060209067,29.703554166321933
Q6ZRP7,21.825711278589164,26.989784945246313
Q6ZRQ5,18.441779443775776,24.40305527008557
Q6ZRS2,20.064558966967418,27.906057850365702
Q6ZRY4,18.734465955688126,25.36194688510191
Q6ZS17,18.978052312100115,27.71092286166635
Q6ZSJ8,17.368547939655667,24.739415005979918
Q6ZSR9,20.062281094779294,28.61854591595604
Q6ZSY5,18.255970138077533,22.00636546092754
Q6ZSZ5,20.070966469989216,25.853083540672497
Q6ZT12,20.351586949160072,27.893045571930127
Q6ZT21,18.52121000202165,23.14192454568365
Q6ZTW0,17.67204289035416,23.68380613357856
Q6ZU35,21.813118950241495,29.028487507551382
Q6ZU65,20.6847322718212,25.067126606894064
Q6ZU80,18.844595286682,25.993314444079665
Q6ZUJ8,19.177663163950037,23.925353506287543
Q6ZUT1,16.301560862345553,25.590516095846528
Q6ZUT6,17.918811480313664,23.783688391924073
Q6ZUX7,18.891764482975425,24.52004881724772
Q6ZVM7,18.649703449009785,25.021079050475272
Q6ZW49,17.543943716913596,26.181237863467416
Q6ZWJ1,19.382291566022325,24.993220737319948
Q6ZWT7,19.467878952726394,25.105398026197197
Q6ZXV5,21.732475615678123,27.915938155112883
Q709C8,22.95214706479932,28.692943133941505
Q709F0,21.063115098101374,27.660002797229893
Q70CQ2,20.25643103972263,28.362604579408554
Q70CQ3,17.53863583936464,22.94641872180833
Q70E73,20.7651280101514,27.91775153961219
Q70IA6,20.071407917934152,25.10119502222921
Q70J99,20.758939215932458,28.595790021978818
Q70UQ0,22.170099638107498,28.97292321994906
Q70Z53,19.783110315420352,23.545959336453954
Q712K3,20.2398548670404,25.702735288021582
Q719H9,20.695934344105407,25.44277411264677
Q71F23,19.463579470276578,26.11557230084832
Q71RC2,19.568869554644273,30.78154665515299
Q71RG4,18.055214546223596,24.49040349472797
Q71SY5,17.741189923586692,25.340055620030988
Q75N03,19.504268584835064,26.887830561097235
Q75QN2,19.616732839197482,26.301414016006287
Q765P7,18.453914395602183,23.940122776033608
Q76FK4,20.750331985208664,26.312859054906173
Q76I76,19.269884764371085,24.57439436467352
Q76L83,18.42185588328684,25.442687594599054
Q7KYR7,20.519101152801753,23.231653992394595
Q7KZ85,22.158810861641367,30.548588967740844
Q7KZF4,24.01187126280347,33.489814752575285
Q7KZI7,19.483967107544814,28.220830844706448
Q7KZN9,20.267337522603373,26.482722960420922
Q7L014,23.46019003529799,31.532921317595978
Q7L099,20.56493173952075,28.19504994882594
Q7L0J3,20.564362946784446,27.69124002250596
Q7L0Y3,22.392530490148943,30.48680654526958
Q7L1Q6,23.20538084198798,30.340995615878988
Q7L1T6,18.767232159053613,25.69437768221611
Q7L1V2,17.959455476646074,27.413296901612163
Q7L1W4,19.648625314946468,23.2347138804293
Q7L266,19.521523783012086,24.160982758358347
Q7L2E3,22.422908844550477,30.916321652551407
Q7L2H7,21.564891886100675,29.755439217323797
Q7L2J0,19.596397779573653,27.964392237871852
Q7L2Z9,19.594309358215042,24.80172123414506
Q7L311,20.439077743082763,24.422288929897128
Q7L3B6,18.530016369909706,23.927404990509267
Q7L3T8,21.135810640637054,24.05760607901901
Q7L4I2,19.336106482134593,26.848341425490773
Q7L576,20.890455858873796,29.109025634338305
Q7L590,19.035977026593905,24.87559141529008
Q7L592,20.351026214594786,26.814938419393577
Q7L5D6,19.811507037661823,27.781395366651115
Q7L5N1,21.425546978165215,29.383865660846364
Q7L5N7,21.904739479474753,29.321232840156316
Q7L5Y9,19.608524154111453,25.158975844719684
Q7L775,19.648083662348075,27.086393370440913
Q7L7V1,19.028452320033256,22.91808572307054
Q7L7X3,19.31048197898617,27.23035893345813
Q7L804,18.68120010890215,23.61618266750025
Q7L8J4,20.249877988172948,24.537468263442246
Q7L8L6,19.96920986976655,26.858676657322263
Q7L9L4,21.599818743579018,28.46768886501254
Q7LBC6,22.04068262661099,28.82194981087864
Q7LBR1,21.295981713691653,26.58925145749032
Q7LGA3,18.63534774318809,27.418511530599133
Q7RTN6,20.353415974381765,25.610938217499402
Q7RTP6,20.82871627422375,27.31764963059594
Q7RTV0,21.3481807230032,27.809549574808457
Q7Z2D5,19.121307699156056,24.285073315266665
Q7Z2E3,20.52502884001798,25.948348136510063
Q7Z2K6,19.109210919164887,24.312660031240274
Q7Z2K8,22.484815502332943,29.11168290790637
Q7Z2T5,20.636617310622935,28.71642893203663
Q7Z2W4,21.978983335515615,30.123422017491336
Q7Z2W9,20.139488475927916,26.4512576702243
Q7Z2Z2,21.567747320034975,28.706505299125006
Q7Z333,19.554909870537504,24.617286803669252
Q7Z392,19.279757061060614,25.286363484415862
Q7Z3B3,17.72060926868588,26.47595814261531
Q7Z3B4,21.846896566331388,30.032568426636434
Q7Z3C6,17.12312182100035,26.28756745115822
Q7Z3D6,20.06874554144341,22.80230888327442
Q7Z3E5,21.321542527059265,27.403355057947692
Q7Z3J2,20.770776308762123,27.03981461136817
Q7Z3K3,22.213574292096983,30.266799422584647
Q7Z3K6,20.275851124480713,22.891082150489442
Q7Z3T8,20.05900759747245,26.32554432685594
Q7Z3U7,21.266988284305377,26.42949065962283
Q7Z3V4,19.834093426397093,23.242578689451346
Q7Z406,21.23844300488908,25.53246927470562
Q7Z417,19.331605884318293,28.584831239740712
Q7Z422,20.26305057784509,25.86497103412394
Q7Z434,20.695251948388854,29.33592248694119
Q7Z449,18.765260389739442,24.510427056684513
Q7Z460,22.369261732720602,29.503299962778037
Q7Z478,20.45385613572837,26.69451960038808
Q7Z4G1,22.219194463984913,24.8671106332628
Q7Z4G4,20.835183724949985,23.714518148285453
Q7Z4H3,19.006000731051646,24.66142534498572
Q7Z4H7,20.777411293750536,27.143242764691447
Q7Z4H8,18.829261817752773,29.448281732155124
Q7Z4K8,19.090158640589816,24.4953728994513
Q7Z4L5,17.52426913329265,25.86947119150908
Q7Z4Q2,19.53136735258963,24.753852126392058
Q7Z4S6,23.863408425613382,31.905171072262863
Q7Z4V5,23.247247327922686,30.179388032015474
Q7Z4W1,22.413323462470373,28.535863335477185
Q7Z569,18.705953407982218,27.255776133024217
Q7Z589,20.107260852273257,25.641270446873488
Q7Z5G4,19.809739542645637,28.935435893164772
Q7Z5J4,20.76948009578876,27.992828916620287
Q7Z5K2,21.992938941058544,28.665380652313743
Q7Z5L9,19.4306706031768,28.00371270428428
Q7Z5Q1,19.237820424877278,22.86012119578396
Q7Z6B0,19.66729134093639,24.49973423276597
Q7Z6B7,17.871727199337784,25.291429535657894
Q7Z6E9,21.093170144233326,28.04697955130242
Q7Z6I8,19.806766483817427,24.681882486088654
Q7Z6J6,17.533921151321344,25.78572037529733
Q7Z6J8,17.675561212878076,21.636115448228477
Q7Z6J9,18.990610682981792,26.233495834793956
Q7Z6K3,18.57086894287928,26.43477307548657
Q7Z6K5,20.887040614745008,25.573545175153523
Q7Z6L1,18.522375940532044,22.571478385337095
Q7Z6M1,19.15593429019674,25.410408908442566
Q7Z6Z7,23.05907158831168,31.190152080917017
Q7Z739,21.08573023624776,29.277654707202164
Q7Z7A1,18.729670659258215,21.968909671296725
Q7Z7A3,17.02399984928235,25.654881136327372
Q7Z7A4,19.930472201734144,22.616022436148175
Q7Z7C8,18.13781878665854,23.837072646024716
Q7Z7E8,22.26311205391105,26.26175658586977
Q7Z7F0,18.490396712548744,25.810743518288362
Q7Z7F7,18.820991552246937,26.994353231828544
Q7Z7H5,21.55619000626127,29.546392869452962
Q7Z7H8,20.23831063974164,28.281907000712163
Q7Z7K6,19.90108223587215,28.428067633756136
Q7Z7L8,20.111394430348913,27.83238183964914
Q7Z7N9,21.43234686614726,24.7520794921452
Q86SF2,21.518103197377147,27.138504898863804
Q86SK9,22.107368653355053,25.475142431650173
Q86SQ0,17.222110648894866,26.893944775440815
Q86SX6,20.34873813197581,26.12251761649297
Q86SZ2,17.83516436804548,23.85521609250429
Q86T03,18.10107796344117,25.357110486962796
Q86T24,18.401159726526515,24.10971040024276
Q86TB9,20.93168073450324,27.401519493082564
Q86TG7,18.850945572081592,26.632514806449862
Q86TI0,17.08421740599335,24.137306152340354
Q86TI2,20.579269535815687,28.031659240827775
Q86TM6,18.738989276775747,26.72811520365775
Q86TN4,19.62713786485251,23.46036627603984
Q86TP1,20.04042381947556,27.36377086401161
Q86TU7,18.867891977907664,27.6423741146812
Q86U06,19.86105333482806,24.027724223837836
Q86U28,18.586895299404684,26.630715261520752
Q86U38,20.102503417966794,27.517252695416087
Q86U42,21.548591058614424,29.489793703796266
Q86U44,20.69215693354248,28.474465477747877
Q86U70,18.471568263458767,26.69890106876415
Q86U86,22.914889657234948,30.674828961915598
Q86U90,19.441009815818003,26.252061930202558
Q86UA1,18.701882389285327,24.801919034516928
Q86UA6,20.580598862979365,25.74978390094565
Q86UD0,19.49392570598759,23.842851345663696
Q86UE4,22.66225305954424,30.3067890019166
Q86UE8,20.70095584893083,24.53363795170603
Q86UK7,20.061244785483908,28.4203652508398
Q86UL3,18.431610631544324,26.491503692287157
Q86UP2,24.94360330544498,32.230681398472164
Q86UP3,21.081942155487745,27.308979648586686
Q86US8,19.353520680086042,24.76970908375182
Q86UU1,19.463565029698618,26.687614317631613
Q86UV5,20.43482146768244,28.054121874725197
Q86UW6,18.177250948974518,24.931981977468784
Q86UX6,17.395431797012524,22.62876946649986
Q86UY8,18.01786048552773,24.60014561345046
Q86V21,21.07750689236199,25.363383753005316
Q86V48,21.531686413625053,29.24119084740124
Q86V59,19.032290975329342,23.59583760646686
Q86V81,22.82134513237475,32.12484915942163
Q86V85,17.12542285458991,25.193232177105322
Q86V87,17.531414740207047,24.28371979474047
Q86V88,20.57737852970717,25.416601532073688
Q86VI3,21.097600034008426,28.296147834270595
Q86VM9,22.223219467955722,29.061520895588874
Q86VN1,18.656630192762428,27.499610268715433
Q86VP1,21.118857750538336,25.453228081783998
Q86VP3,19.799652705852985,23.919865243915005
Q86VP6,24.081753438090217,32.30875631118831
Q86VQ1,17.52101115757713,23.297501955466277
Q86VR2,19.069984414086463,26.698769951645907
Q86VS8,20.66958395851783,27.60000473118681
Q86VV8,17.100791057333698,24.926926044038485
Q86VW0,19.323376908490978,24.07667788205866
Q86VX2,19.20619842796017,26.41258507709451
Q86VY4,20.354517458970523,26.409022708690316
Q86W42,20.822794243178485,28.759156950670924
Q86W50,20.506543294079734,26.342697686224902
Q86W56,19.06151366927005,26.2435311909185
Q86W74,19.462150578408853,25.456444378937263
Q86W92,19.291355201294387,27.640211618617126
Q86WA6,21.516501783038738,26.064202760861008
Q86WA8,19.604240146443573,25.515209226520355
Q86WB0,20.09500410502765,28.32075121496938
Q86WC4,18.502859903752764,27.986280327776818
Q86WG5,19.618031338302927,24.743944134694317
Q86WJ1,19.536771888448488,28.252686187505585
Q86WQ0,20.3797626910065,24.91680261382213
Q86WR0,21.628292012349398,28.167956239304456
Q86WX3,19.792379484009764,26.306570472730076
Q86X02,17.974136105924682,26.158515832889915
Q86X10,20.736971764962618,26.53833191830497
Q86X52,18.490772314016315,24.138365009011093
Q86X53,19.860091149517526,23.263375665040034
Q86X55,21.711550418956076,28.28454482465502
Q86X76,20.60842674767013,28.550409755416645
Q86X83,19.81326823572494,26.832759989421543
Q86XA9,18.762942854478062,23.74516929054629
Q86XI2,20.030102617768183,26.97180459314543
Q86XK2,17.723910872235706,25.728956222971647
Q86XL3,20.384379500896998,27.182103304538227
Q86XN8,20.14307207645932,24.385382821997993
Q86XP3,21.695030456848823,31.23685259553921
Q86XX4,19.62083380264195,21.341516380095413
Q86XZ4,20.025130029984805,27.893793105535337
Q86Y13,18.665509327629252,22.920782071616266
Q86Y37,17.590445752792792,23.941479217875212
Q86Y39,18.80824380449671,26.80415605117499
Q86Y56,19.68346994300328,27.234367850661947
Q86Y82,20.32858657370582,28.389349083185493
Q86Y91,17.91201053431969,23.77365848749413
Q86YD1,18.101905648205303,23.529981538116683
Q86YL5,17.178925425035104,24.357181682641006
Q86YM7,18.308344607878638,23.103833646867894
Q86YP4,21.9588254321928,29.476400123201554
Q86YR5,18.986250232657447,27.457782965933525
Q86YS6,21.245314586729233,24.163139295979928
Q86YS7,20.420427999887497,24.84418255799225
Q86YT6,18.779610711674437,22.614053549459044
Q86YV9,17.15610658627321,24.367176229479337
Q86ZR7,17.981595263193515,24.775348000349886
Q8IU60,17.85952580833458,23.37788316762134
Q8IU81,21.429511706546897,27.68978579335559
Q8IU85,15.973246686650496,24.370740278812853
Q8IUC8,22.358995480132997,23.836379801576562
Q8IUD2,21.36050444832284,28.8912795894004
Q8IUE6,19.511693151405776,30.792189239627085
Q8IUF8,20.47040447845673,26.91103230460631
Q8IUH3,19.444869361878133,26.145789194895293
Q8IUH4,19.05382329325796,26.29132903875132
Q8IUI8,20.370623643916296,28.11913572415574
Q8IUR0,21.274422660031295,26.510779361721205
Q8IUR7,20.5767586236582,24.742784536774657
Q8IUW5,18.903715855394545,23.02609365602817
Q8IUX1,20.281073268616897,24.398574811907075
Q8IUX7,15.453666270386043,23.154946323963905
Q8IV08,21.302712305368782,31.065179049110505
Q8IV32,18.821472631903944,25.5802628811013
Q8IV36,19.050144331156446,27.081625134045783
Q8IV38,19.976020863968614,25.76958825689381
Q8IV48,20.057182928738072,27.381105604443334
Q8IV50,20.11776219835052,25.42113786807666
Q8IV63,17.17594394843544,23.016060645443034
Q8IVB5,20.23836613451214,27.222016943566032
Q8IVD9,20.951920733809143,29.81231795636213
Q8IVF2,21.942485811458134,31.591829660098266
Q8IVF7,18.881123701797915,26.68327973035319
Q8IVH2,19.145794384667756,23.296213694810564
Q8IVH8,19.45852557724104,23.768828235574606
Q8IVL1,18.524583875664263,25.385895898051288
Q8IVL6,19.84694261173472,27.0738433371988
Q8IVM0,21.172357184924582,27.25116122471075
Q8IVS2,18.242443737491467,25.922180658196908
Q8IVV7,18.958592729953285,24.153204485238287
Q8IVW6,18.56739407311755,25.582937618503998
Q8IW35,19.910871404979268,27.21888756810408
Q8IW45,20.147972399878334,27.661531379667135
Q8IWA0,21.273377027748634,29.05212874217799
Q8IWA4,20.626775146373262,27.557619097071413
Q8IWA5,19.16581746668268,22.054483428578862
Q8IWB1,20.714106415422307,24.098568428522274
Q8IWB7,19.723039802912197,26.205627437526072
Q8IWB9,19.29322603463834,28.972402663207305
Q8IWC1,20.737062492816836,26.61361509974656
Q8IWE2,21.24133128114664,27.579024412597132
Q8IWE5,18.384532721775905,23.117652612261494
Q8IWF2,18.20747548244562,22.998967820936898
Q8IWI9,21.609239323069698,27.747304038290785
Q8IWJ2,20.551200300495058,26.239153341586235
Q8IWL3,18.590868652617623,23.3570911181765
Q8IWQ3,19.618867461896485,22.695416285950525
Q8IWR0,20.002548347022774,26.57242199925984
Q8IWS0,20.165615206827088,28.24611221286025
Q8IWT0,18.652484236644007,25.247328998306653
Q8IWT3,18.322978232159787,26.88052912302324
Q8IWT6,20.534691312948922,27.527367387891253
Q8IWU2,19.63566076326437,23.71127489912113
Q8IWV2,18.49517946403877,22.40129203794361
Q8IWV7,19.32718576360779,25.970251068900655
Q8IWV8,18.512904389095073,26.156752479419872
Q8IWW6,19.688282072665803,25.87110079391417
Q8IWX8,21.981161619140813,29.43725985660124
Q8IWY9,16.704387247667306,24.136872005970567
Q8IWZ3,19.41161697093044,25.48219627166779
Q8IWZ8,20.383325890578195,28.46291680068176
Q8IX01,21.875012407613283,30.156581405280978
Q8IX04,18.63268112780291,25.995441435232337
Q8IX07,19.282623347073223,25.3730674863517
Q8IX12,22.705174743484918,30.465746043734313
Q8IX18,20.64652070587837,25.90777044274365
Q8IX90,18.97563534688805,24.990297550910192
Q8IXB1,22.185799292414885,29.24782799315535
Q8IXH7,20.201817221905806,27.342611938205014
Q8IXI1,21.189169834611594,30.140107582199427
Q8IXI2,18.166765649237682,27.908155580932668
Q8IXJ6,19.95214293833818,24.824906556976703
Q8IXK0,21.317950709592008,28.79705636321
Q8IXM2,19.98626863033113,28.30057153367857
Q8IXM3,19.192205328682945,27.694342057672902
Q8IXM6,20.288683392224304,26.042651038872243
Q8IXQ4,21.813482727856464,26.88511320448888
Q8IXQ5,18.74179079538405,25.582750298168563
Q8IXQ6,17.29275690489156,23.807237674263384
Q8IXT5,21.958307655369634,29.833171372973336
Q8IXU6,18.278521148335024,25.51397918157437
Q8IXW5,19.372538600335886,24.84886621754266
Q8IY17,19.554686503030265,27.615826772396186
Q8IY18,20.92834822231657,28.343966417152153
Q8IY31,15.186185059811285,22.849953658774
Q8IY37,20.156255530950293,28.891363529335745
Q8IY47,20.64281535514377,25.290380798080953
Q8IY57,18.041793884712924,24.34298674732555
Q8IY67,20.77263125369578,28.902744220746825
Q8IY81,23.828022739847913,30.877537278552122
Q8IY92,15.959262236400122,22.847920811779765
Q8IY95,18.54085006832257,26.81554001026206
Q8IYA6,19.475846077755577,23.57012102374864
Q8IYB1,20.105976624228408,24.52101151833108
Q8IYB3,21.777053849046663,29.717439809459904
Q8IYB5,20.269691571276397,27.473863235526835
Q8IYB7,20.57124309740116,27.34465859013943
Q8IYB8,20.697191232541382,27.229498251720116
Q8IYD1,21.68021856473654,26.87683556083549
Q8IYI6,20.99477476223111,27.539508466789588
Q8IYL3,19.818264051830262,25.023081221733246
Q8IYQ7,17.43450687952795,26.47269215604108
Q8IYS1,20.827821663943023,26.824652857343093
Q8IYS2,20.806939831850165,26.01130338440139
Q8IYU8,17.989179346916217,31.047233869534214
Q8IZ07,18.70670933280621,24.75342289362121
Q8IZ21,20.08595614894717,27.55927628898792
Q8IZ40,20.543231372871603,27.215277504344744
Q8IZ52,19.36617481846034,26.71028193494467
Q8IZ69,20.885776048919745,24.35314810458561
Q8IZ73,19.618557551250298,24.694476015472418
Q8IZ81,21.339891763234895,28.855855851184156
Q8IZ83,18.65566865247391,28.562450229813653
Q8IZA0,21.89044179412326,24.875839559403747
Q8IZD4,19.552953603566156,24.483295254263968
Q8IZE3,17.04427734821074,24.111930574581855
Q8IZH2,21.075756303072733,26.46526040573722
Q8IZJ1,18.481298097896033,26.977374254264877
Q8IZL8,20.777819457640515,30.189289172974018
Q8IZP0,18.784252641840542,28.01404673651705
Q8IZQ1,18.123453630128076,24.724279280615207
Q8IZQ5,21.584429975078287,28.70230579586101
Q8IZT6,19.158911031735105,24.53466853501212
Q8N0U8,18.145020897208695,26.25003493337022
Q8N0X4,19.748591540830446,25.207609984669656
Q8N0X7,20.578504483522163,26.77578209856107
Q8N0Z3,17.983366118399058,24.98474964884314
Q8N0Z6,20.019260012392525,27.173744615059206
Q8N108,20.791547926248388,29.68955137204421
Q8N111,21.010110308163892,27.801393231474645
Q8N122,20.409529041388808,27.214604206280875
Q8N128,20.53701831311245,26.924761963884613
Q8N129,18.984846080776258,26.755214143043712
Q8N131,22.94275941021769,27.54132870908206
Q8N137,16.886859834020832,23.587426511911033
Q8N138,22.02110390569109,23.38781237836476
Q8N142,15.244571578655384,23.340060477309564
Q8N158,19.363078825951806,25.206161788664957
Q8N163,24.026631316193946,32.49047014392448
Q8N183,20.500617257714453,26.795333125376967
Q8N1B4,19.712147697507298,27.5633998234786
Q8N1F7,24.035312685398043,31.882937898424153
Q8N1F8,18.813083500779427,24.022953683924367
Q8N1G0,20.654886590219178,27.652052744865216
Q8N1G2,20.747008214520637,28.0335513605269
Q8N1G4,22.6222277546976,31.16180498529573
Q8N1I0,19.651332096628444,24.6305467631984
Q8N1S5,16.987580087453576,24.558213932422515
Q8N201,21.999705784359495,29.049150795749284
Q8N2F6,20.08925502835194,26.736743388368655
Q8N2G8,19.631925594254703,27.428351665903097
Q8N2K0,20.218094137658987,28.78069483488721
Q8N2M8,21.032043621506357,26.34230535328378
Q8N2Z9,19.944550934859585,25.787886547017393
Q8N335,21.49651462599701,26.820136017860307
Q8N3C0,22.67038808934319,31.140212903946715
Q8N3D4,20.061482507193272,28.733477391538923
Q8N3F8,19.388368737533302,28.338959703154334
Q8N3P4,20.35970792586827,25.043968498541183
Q8N3R9,19.78229353194518,25.877269457595677
Q8N3U4,21.670528807899533,28.84829580651752
Q8N3V7,20.021254969634715,29.469016794429074
Q8N3X1,21.85349835275085,27.09470407632926
Q8N3Y1,18.836660916019298,23.69367294599339
Q8N3Z6,18.314890676337743,24.236933658632182
Q8N428,20.126353501371494,22.920167827844995
Q8N442,17.8957894756903,23.787697846603518
Q8N465,18.78045685010809,23.531449404148745
Q8N488,19.725910168501052,26.772695227406313
Q8N490,16.393279615189826,24.78257401274938
Q8N4B1,18.94120611475925,23.355777327771175
Q8N4C8,19.09500351246611,24.513371778084775
Q8N4Q0,20.268323712748018,26.069909617196426
Q8N4Q1,21.3649716172565,26.44484486863406
Q8N4S0,17.799513538675498,22.977403090578818
Q8N4T8,17.821377510170766,25.74195437040544
Q8N4V1,18.838561451631982,26.69211848994175
Q8N511,19.584883313149284,25.646985931190308
Q8N543,21.58017753841233,27.6577393148204
Q8N556,21.446509530207344,26.8503642129642
Q8N567,19.015099278554846,23.929195278510164
Q8N584,19.049644516016674,23.838646799265454
Q8N5A5,19.648523415261828,26.321901110557086
Q8N5C6,20.886784182890704,28.530762789025147
Q8N5C7,18.580242187199488,23.55031008332062
Q8N5F7,18.712306565756947,27.212747698880012
Q8N5G0,20.146598816921724,27.45363696304645
Q8N5G2,19.259210168878287,24.795021415661807
Q8N5I4,18.076799055639164,24.11787665442817
Q8N5K1,19.81112044996368,29.827667142316663
Q8N5M1,19.115089574660526,25.53105660170579
Q8N5M4,21.04346700472926,27.665409371392837
Q8N5M9,19.607316658368344,27.222074080112428
Q8N5N7,20.381674666121953,27.472446273466478
Q8N5P1,19.59008468053751,24.513406719225014
Q8N5W9,20.66056125005219,25.052326335013106
Q8N5Y2,17.802357072213077,24.40359037902665
Q8N612,18.08260810263808,24.92611552932818
Q8N653,17.913603111432813,25.173694327914355
Q8N668,18.389820326048646,25.657184888594355
Q8N680,18.530789970632622,23.608974314021264
Q8N684,21.39089136792829,30.375171264529744
Q8N6C5,20.01490733679367,28.023572093705052
Q8N6G5,18.760120800602788,23.327813154065876
Q8N6H7,19.694872084226034,28.927170135656315
Q8N6L1,22.77686304279988,26.169654562041675
Q8N6M0,19.34850041383882,25.907358564753956
Q8N6N3,22.1554224206,25.710266443403672
Q8N6R0,21.09950643895579,27.823719375015816
Q8N6S5,19.666252454381446,26.579990883293473
Q8N6T3,19.336780791725193,28.1389224126021
Q8N6T7,19.45475568710021,25.3829379897023
Q8N720,18.59581316784451,23.4947915096982
Q8N766,20.471882090855917,29.65474127124345
Q8N7H5,21.885132049238074,29.164444589602724
Q8N7R7,20.03868661220843,24.129789323636437
Q8N806,19.400852415091975,27.763656722128182
Q8N8A2,18.69861774071749,26.277361812235632
Q8N8A6,18.5480004847983,25.331105008458547
Q8N8E2,17.004808372928334,23.808416597895334
Q8N8E3,18.78502717060299,24.030463989059758
Q8N8L6,20.83133053424089,25.38315888698822
Q8N8N7,20.081621433001402,26.19147790519125
Q8N8R7,17.746330154253663,23.53661492494318
Q8N8S7,21.12526374536538,30.132348727547086
Q8N954,20.51002132020683,26.129238222139684
Q8N983,20.476742768240975,28.251607530685327
Q8N999,19.054806197204282,28.119338053041808
Q8N9B5,18.42333168997345,23.973757703159762
Q8N9F7,17.861162815317318,26.14495650648653
Q8N9M1,19.316716142248026,25.69810068464462
Q8N9M5,16.233696729447438,27.00766264914952
Q8N9N2,21.29786049260179,26.45148599057535
Q8N9N5,17.599564356017158,23.352382536251614
Q8N9N7,20.684920748812686,26.85609144806328
Q8N9N8,18.924590689121896,26.69522493233251
Q8N9R8,19.79897210623953,23.14205305434826
Q8N9T8,20.792846600826277,26.06821074788724
Q8N9Z2,20.370829671323435,26.487955233646613
Q8NAF0,19.973400216459762,25.944917173337174
Q8NAT1,18.629746393652365,23.289963565264735
Q8NAV1,20.88785960345788,29.306698059836215
Q8NB15,18.507523230734552,23.37977423024592
Q8NB37,19.098419679081903,24.51955161427712
Q8NB46,19.67500721491359,23.054188531917315
Q8NB49,20.100885455438295,25.639728513093708
Q8NB78,19.990431848354095,24.287460238105524
Q8NB90,20.724004209174083,27.21797715155556
Q8NBF2,22.367174534753755,27.954198157812232
Q8NBF6,19.33272777321795,26.6117062612018
Q8NBI6,18.818239948661706,28.707199757077014
Q8NBJ4,21.56156539268866,27.149450300208066
Q8NBJ5,21.253614383324,30.249035940015037
Q8NBJ7,20.16466257297584,28.982718852139147
Q8NBK3,19.64098003341811,25.097477735389294
Q8NBL1,21.17412190236865,28.304491601546925
Q8NBM4,20.32780998053974,27.729830137997364
Q8NBN3,20.005599825023815,24.4692504839905
Q8NBN7,21.07402137202664,26.68300150648983
Q8NBP0,18.97540150583231,26.60137928949882
Q8NBQ5,21.046864717154126,29.32838252826228
Q8NBS9,22.587760011619956,30.863423659253346
Q8NBT2,19.707728635992527,27.948119828299564
Q8NBU5,20.54356091323186,28.64715863941361
Q8NBX0,22.409198299480092,29.201681744924972
Q8NBZ0,19.109933836842448,24.63959358961781
Q8NBZ7,18.32968200298073,23.98257177079214
Q8NC44,19.48482369062921,24.992500111154946
Q8NC51,22.24484508746894,32.476522529741366
Q8NC54,18.892881145785104,25.394383632556035
Q8NC56,19.586297495543665,29.123924493540713
Q8NC60,19.13210649444987,24.99439664364929
Q8NC96,19.861582580613184,26.159840875082107
Q8NCA5,21.136575936057504,28.384085928135878
Q8NCB2,17.186534448407542,23.403631463027306
Q8NCC3,20.49002210904242,26.417800746173437
Q8NCD3,17.388283088248546,24.3760992176533
Q8NCE2,17.99524230556847,25.146203435770044
Q8NCF5,19.196654566950855,25.891388351093443
Q8NCG7,19.05506417471498,24.634811936260675
Q8NCH0,19.54337023327044,26.667136926744817
Q8NCL4,19.73981843487209,23.58176225502653
Q8NCM8,19.09764361043245,23.80261782708036
Q8NCN4,18.642075179979077,23.361136733000432
Q8NCN5,20.964361105343087,27.116968947763045
Q8NCW5,21.668665587022353,29.16037766827064
Q8ND04,19.780109349530417,25.523084064245936
Q8ND24,19.280350535961755,28.095063935381788
Q8ND25,20.32366965406694,23.67489621397889
Q8ND30,19.030804892995132,25.84056254698039
Q8ND56,20.24706450639689,28.2000551344497
Q8ND76,19.68040432163102,25.002282510014723
Q8ND82,21.09028913949992,26.9811422836915
Q8ND90,20.37189626142499,24.5482433208861
Q8NDD1,20.043806358484826,26.97847975414415
Q8NDF8,19.919543793728593,26.330806343514794
Q8NDI1,20.64979077547346,27.70320605108283
Q8NDT2,20.410626762678667,27.468608095656652
Q8NDV7,17.61230281839532,23.585340698322014
Q8NDX5,19.99548990844789,25.93411855466487
Q8NE01,19.305708413005654,25.556963009404594
Q8NE71,22.310746059554223,30.859901462331084
Q8NE86,20.757212199307546,26.133729643108683
Q8NEB9,19.949384376558054,26.61401717040902
Q8NEC7,19.871932843661064,24.811255762748445
Q8NEF9,20.127071894706038,23.87069225496259
Q8NEJ9,19.19435153959312,29.579298961331205
Q8NEL9,18.8848304106904,25.028573804151367
Q8NEM2,18.921218701675244,24.219770634179543
Q8NEM7,20.438447924633593,24.874015090456286
Q8NEN9,19.80392866539471,27.275892718273884
Q8NEU8,19.499547539120865,27.580278690340602
Q8NEW0,21.6200223984686,26.632055465596114
Q8NEY1,19.841151495496774,26.45320167050877
Q8NEY8,20.12402843120537,27.332465684914776
Q8NEZ2,20.316042167722248,26.318187839096723
Q8NEZ3,19.59463958130956,23.614851354327506
Q8NEZ4,19.926864445527585,25.606450580985666
Q8NEZ5,20.718617615525975,26.41063404945125
Q8NF37,21.040150230962865,26.21847652719243
Q8NF91,20.63809585280379,24.406828005218046
Q8NFA0,18.806117342792174,24.11964272986125
Q8NFC6,21.61824603070851,29.140395601130717
Q8NFD5,21.58093029177156,29.24059605126565
Q8NFF5,20.507027207763723,26.38377143623395
Q8NFG4,17.18117473255272,22.43142669933655
Q8NFH3,21.669469058715897,29.764860411425108
Q8NFH4,21.54293039277567,27.732815457130904
Q8NFH5,20.353710730413333,29.672468396005435
Q8NFI3,17.59888404898545,23.92115866633824
Q8NFJ5,20.690486733104056,24.36663644339943
Q8NFM7,18.83801654745314,25.69578973276799
Q8NFP9,19.83716824110089,25.51166010245809
Q8NFQ8,21.191898627512852,29.11400012192968
Q8NFU3,18.60991726499404,24.967167011743875
Q8NFV4,20.192324929395053,27.887070573415993
Q8NFW8,21.568938640040027,28.018065760066193
Q8NFW9,19.74554781448416,23.747268076920122
Q8NFZ4,19.576363271985198,25.335028581370103
Q8NFZ8,19.797783175300278,24.280766877013253
Q8NG31,19.366432358987783,27.16504282851568
Q8NG68,17.947340036374683,24.526581680250114
Q8NHG8,19.573699178365363,25.176740410862546
Q8NHH9,21.518935384632577,28.365816062869502
Q8NHM5,17.94536787478331,23.30065684560479
Q8NHP6,18.72531645934484,26.189185546596846
Q8NHP8,20.1826973039452,28.174535565966778
Q8NHQ8,19.986214117251404,24.670053161615222
Q8NHQ9,19.437621061692116,25.21102578710849
Q8NHU6,20.054764141358056,25.718667983395864
Q8NHV4,20.71680761625554,26.826629036564
Q8NI08,22.42817891858282,28.173725837394468
Q8NI22,18.67538656413876,28.959124852373993
Q8NI27,22.304364729648693,29.453564883245356
Q8NI36,21.486679457375896,30.888873677692494
Q8NI60,19.105291396292607,26.1352979317967
Q8NI77,18.218600601486195,24.7828659702606
Q8TA86,20.205380725641444,24.626334957404385
Q8TAA5,20.81826939676453,25.32938799068278
Q8TAD4,20.48561576476574,22.927689904277763
Q8TAD8,20.27807574984713,26.903187198941517
Q8TAE8,17.659951239413495,27.671331353688586
Q8TAF3,22.085259000704017,28.56914665202288
Q8TAG9,19.86757719871304,25.642652800088857
Q8TAM2,16.874612223066112,25.001483833903308
Q8TAP8,19.407045023368184,24.3847355396051
Q8TAP9,17.821484205804644,25.777568892797348
Q8TAQ2,23.62229003748924,30.727864722184215
Q8TAT6,20.87340658440077,29.683865614086187
Q8TAV0,18.845050535368383,22.520809044478654
Q8TB03,18.40204512759257,23.62511139358454
Q8TB36,22.854910466221764,30.605414267383924
Q8TB52,21.67972873713915,23.902205159019527
Q8TB61,19.32900392836706,28.386308731715264
Q8TB72,20.087621927356803,27.35843377119374
Q8TB96,21.672348647810654,25.52037106797974
Q8TBA6,19.749299887809382,26.71208150028631
Q8TBB5,17.48373163544049,24.750584531776358
Q8TBC3,18.67165791884042,23.508575676000643
Q8TBC4,20.647853921975205,28.96332636512095
Q8TBC5,17.512880432159722,24.238610939759635
Q8TBF2,18.875972865698664,26.079140782602288
Q8TBK6,17.28686310359392,24.307300397639533
Q8TBM8,20.761799656336144,25.24249755508196
Q8TBP5,18.229686455901078,23.631925163640975
Q8TBP6,20.659799153652767,26.078626336956212
Q8TBQ9,20.993724413555704,26.693090561966404
Q8TBX8,21.39921281506653,28.074561608470518
Q8TBZ3,18.604121645405474,25.989523501537334
Q8TC07,20.273972939002117,27.536482981046802
Q8TC12,19.81497055635697,29.165906086244025
Q8TCA0,19.911831965908284,27.55163367536579
Q8TCC3,21.21979224725448,25.169048388019327
Q8TCD5,21.636281686967262,28.223304035947177
Q8TCG1,22.243015780729646,27.8110484006444
Q8TCJ2,19.79647140057474,29.264928859479895
Q8TCS8,22.637373180211796,29.555778278091083
Q8TCT9,21.014195445091847,29.868597912861425
Q8TCU4,19.08642630092076,23.753408457837683
Q8TCX1,18.061190644061444,24.79812656000486
Q8TCY9,19.34075120670894,26.112685356083386
Q8TCZ2,23.05067798954682,28.81485851929936
Q8TD16,20.777293390625303,29.15034983638069
Q8TD19,21.067390042009155,28.08115592182659
Q8TD26,18.176904141099868,23.94203969917025
Q8TD30,19.85669030420763,26.838666188839046
Q8TD43,17.619422611368034,23.747651925951924
Q8TD55,19.14488507004613,26.05814380806783
Q8TDB6,19.23308015443813,23.90626499348218
Q8TDC3,18.28425501429983,23.775540457841775
Q8TDD1,21.17658663990554,28.47169953786287
Q8TDJ6,19.52185368057987,25.544257225220026
Q8TDM6,18.70649901643188,25.342786700772486
Q8TDN6,21.360283742875232,29.883351862027755
Q8TDP1,19.293674289073213,27.12343340464081
Q8TDQ7,20.33595107230133,25.884309141020594
Q8TDR2,17.76174508675999,23.942467523947695
Q8TDW0,20.512178970537782,25.880248393799782
Q8TDX7,20.265849238350274,26.227902461294608
Q8TDY2,20.130013041851168,25.114250578862723
Q8TDY4,18.594593669855882,23.919637968832117
Q8TDZ2,20.940554612394227,27.88640656175982
Q8TE77,19.98605130194344,23.226694705919225
Q8TEA1,19.21470834899413,23.832493421976203
Q8TEA8,18.3886646519538,27.3662901187992
Q8TEB1,17.018550223789877,24.22403973765552
Q8TEB9,19.358312299783417,24.845139271371565
Q8TED0,20.248575291449978,29.44200561083476
Q8TED1,19.788700938588896,25.408298120923302
Q8TEM1,23.062997156175218,30.846148486545598
Q8TEP8,18.460768341415,24.798086625973948
Q8TEQ6,22.769580531758688,29.68771889703559
Q8TEQ8,18.896013485325376,24.989359805798006
Q8TER5,19.749646941139943,26.110357115858072
Q8TEU7,19.56085939110006,24.43321763840837
Q8TEV9,19.646943108789856,25.802215881488195
Q8TEW0,20.40847677948841,28.559081956803233
Q8TEX9,20.548532597818493,28.773520721107126
Q8TEY7,18.480608149057304,23.84466152070561
Q8TF01,22.275454633267966,26.693222063283102
Q8TF05,20.51558464026926,26.18603980648276
Q8TF42,18.424323943724225,24.606129837671308
Q8TF68,18.814801174131954,27.31189794378849
Q8TF72,18.577085123188333,30.88458137428947
Q8TF74,18.716579722211566,27.810399773618197
Q8WTS6,19.845370582003213,26.53817455714576
Q8WTT2,23.094533091569446,28.503474236550463
Q8WTV0,20.474177677575177,23.90388680916849
Q8WTW3,19.531377824073374,29.149555850006973
Q8WU20,17.754491848309105,25.06325077066174
Q8WU76,19.198299025939203,25.723722987825834
Q8WU79,19.933433575932185,29.98991889256717
Q8WU90,22.084103783510386,28.455852989617224
Q8WUA2,22.51765545301385,28.137400180950547
Q8WUA4,21.568050308715502,29.382233932131946
Q8WUA7,17.239213667596083,23.10999798914073
Q8WUB8,19.912326806483403,26.689518692351417
Q8WUD1,20.712122616502935,27.42178367000065
Q8WUD4,19.64858364375363,27.743726302838546
Q8WUF5,19.202488388739432,27.866255655503355
Q8WUF8,19.029374237967538,25.062135878662005
Q8WUH2,18.92999713827823,23.98917142118513
Q8WUH6,21.760878159878985,28.535302415192387
Q8WUI4,18.24465046126018,24.8428951894666
Q8WUM0,22.378617367905665,30.36936706198025
Q8WUM4,23.91627084694216,31.720096587058197
Q8WUM9,20.273390454652038,25.087766186753047
Q8WUN7,15.768624356583931,24.08277455196237
Q8WUP2,19.228059596604606,26.813624652524005
Q8WUQ7,19.556569847576924,26.548715259659485
Q8WUW1,20.91413270121962,27.09881730521255
Q8WUX2,18.821712238930928,24.05637484870891
Q8WUX9,20.678289747688005,27.620383681796234
Q8WUY1,21.841888395697538,27.214063892185695
Q8WUY8,19.34490356073204,27.66633102644168
Q8WUZ0,19.57445847160474,27.200425493062614
Q8WV22,18.54008251738823,25.189970901625582
Q8WV41,18.52742761970353,23.84225432369092
Q8WV92,17.978512448045645,23.381682618058058
Q8WV99,19.77411300307839,23.840590950396546
Q8WVB6,18.566184876421236,25.64560088212993
Q8WVC0,21.0159533160438,29.020778879658735
Q8WVC6,20.043024719560798,28.20573922515459
Q8WVD3,19.62420111365331,24.185218369097893
Q8WVJ2,21.61832357887198,27.434947129740582
Q8WVK2,21.130390828052217,27.54804603744636
Q8WVM0,20.806293585528817,27.49142086593942
Q8WVM7,20.424295353646055,26.891772707872956
Q8WVM8,21.931317413558048,29.57673462190197
Q8WVQ1,21.954359419720138,27.12844066540014
Q8WVS4,19.112435434127203,24.87937337900004
Q8WVT3,19.59759252234941,26.570593373679962
Q8WVV9,21.673034623770988,29.74203797634247
Q8WVX9,20.446236690003587,27.81877054389439
Q8WVY7,21.795320703866896,28.991876004419286
Q8WW01,17.393398995984512,24.826255926504434
Q8WW12,20.995245400000204,29.072274539028037
Q8WW35,19.041226544006378,23.918497871436312
Q8WW59,20.126858698099305,26.010950755485176
Q8WWC4,20.855678958658952,25.665971763804226
Q8WWH5,19.302256596184886,26.631788412309998
Q8WWI1,21.57222234612988,28.385827133741092
Q8WWI5,18.304858764140427,24.893357686895502
Q8WWK9,20.20575079144305,28.03338303274088
Q8WWM7,22.107382209304678,30.20930692542822
Q8WWM9,20.31338461608085,30.044701510808572
Q8WWN8,20.53624832097214,26.52379222992562
Q8WWQ0,22.446818323772135,31.69018135948033
Q8WWV3,19.14433203486579,24.475927275241244
Q8WWX9,20.220838313927658,25.610287259812317
Q8WWY3,21.982666846254016,30.199302294842568
Q8WX77,18.352186958602097,26.26152203280335
Q8WX92,22.114500299392535,28.394037349740504
Q8WX93,20.89568767423527,28.80793448850922
Q8WXA3,18.61018628697906,24.828450963614888
Q8WXA9,20.932631332480348,28.685499939203144
Q8WXD2,20.10354649435494,28.194638999817755
Q8WXD5,17.095031170387607,27.1634668752162
Q8WXE0,18.285167080102028,26.012922706322165
Q8WXE1,18.846231452948672,26.511231933924858
Q8WXF0,20.249917981211116,27.104008689619533
Q8WXF1,22.630350376945803,30.861310880292713
Q8WXF7,20.738140818134394,28.185424519042908
Q8WXG6,19.758617278627028,25.780688161997336
Q8WXH0,24.87657486626408,32.57501766013882
Q8WXI9,21.119181630016573,30.057333075708275
Q8WXW3,20.186655269656562,25.370120956229123
Q8WXX5,20.965178350637178,29.951038555177266
Q8WY21,20.64222090752663,27.645190989863828
Q8WY22,22.190156525568643,26.268892732558054
Q8WY36,19.634563349247053,26.283708262826334
Q8WY54,18.939377049991574,25.24779654723651
Q8WYA0,19.11824393856192,25.68001480101272
Q8WYA6,22.466799836644064,29.907088191575255
Q8WYH8,16.489110221470447,25.192094526309383
Q8WYN0,16.188176193397304,23.23467127414193
Q8WYP5,22.37004475794184,30.818983690999016
Q8WYQ5,19.798425633969746,24.134264537291514
Q8WZ42,21.06918337303159,24.29001343139208
Q8WZ82,18.308606518939946,25.737365647732553
Q8WZA0,20.718345871461555,29.093321070786754
Q8WZA1,19.227853776911303,25.627181648838274
Q8WZA9,21.277489698431957,29.730721202314236
Q92466,20.351796122655443,28.449957436823794
Q92481,19.77948721708283,28.508234232692008
Q92499,23.029917632951115,31.88936375111922
Q92503,19.205383231564802,24.214384271221988
Q92504,23.910899471771078,24.84445555892793
Q92506,19.27138047600743,24.137820359173528
Q92508,18.224791444913695,23.392993205435847
Q92520,22.214922761684935,26.364640866409914
Q92522,22.873414459825554,30.755393872734537
Q92530,20.617335870981066,27.97277311006476
Q92536,18.072165427535083,24.814520224605737
Q92538,21.064186165497183,29.736208392893534
Q92540,18.005733692295465,24.407097155472854
Q92541,21.098759639668256,28.508841547664332
Q92542,21.42627677007998,29.128916846442177
Q92543,18.06422026569097,24.124734805604668
Q92544,21.03873797947212,30.32931797771039
Q92547,21.090421180569038,26.801930218553327
Q92551,20.138258623878713,24.29754246619886
Q92552,19.573152829323725,27.69349099202389
Q92556,20.14134793160119,26.634181941968965
Q92558,19.756067691671415,28.172976389533048
Q92560,19.451720554068864,26.02576284855463
Q92562,19.227018919302754,24.673223282630207
Q92567,17.655769156490816,22.496906914168804
Q92572,20.666743010879078,26.354006806366588
Q92574,19.43719846955677,23.907646112446713
Q92575,20.883493279492377,27.48116151451965
Q92576,22.184774734159394,28.928812224765913
Q92581,17.80485286888856,24.41977640732638
Q92585,18.427144064593335,22.06339244786204
Q92597,17.245572110165526,24.33057767563548
Q92598,23.270139612379836,32.89127981885109
Q92599,19.67712746288801,27.80293894683469
Q92600,20.572268831575954,27.5351507871944
Q92604,19.091036143583967,26.22293547104065
Q92609,20.989129275803247,29.111023738463917
Q92610,18.4424485676944,25.882916446720444
Q92613,19.09719123940116,24.823098627495764
Q92614,21.17434059897708,27.128784259674802
Q92615,20.59709995887082,28.729891608827952
Q92616,24.599032410420847,32.413466116553884
Q92618,17.080873170765962,25.193823446281797
Q92620,20.414962662853448,28.566794322915463
Q92621,23.42809564283869,31.55228236960349
Q92625,19.599880470221045,26.365863871262853
Q92626,21.416373074292192,30.053852210889747
Q92636,18.899171406528783,23.250158014491845
Q92643,21.220880912728305,27.40364833995675
Q92665,19.796515491519937,27.717332469056025
Q92667,20.480251318993744,27.40664372994167
Q92685,19.05665774358601,23.580171027359665
Q92686,17.435719494668874,25.766770003785012
Q92688,21.321196281355512,31.424433742359064
Q92692,18.963472741057316,27.521161377726706
Q92696,20.51201498109132,26.82228301857398
Q92733,21.282596331778006,28.113589516851853
Q92734,22.02507910044135,30.18368519317733
Q92738,19.10381427553845,25.174821437014835
Q92747,23.06781318600683,29.99843883496123
Q92759,21.225584731367647,26.235692072081235
Q92766,18.01643708931762,24.121414472027734
Q92769,22.65612348580368,31.240380767363572
Q92777,19.25718195168446,26.364433789250594
Q92782,18.909268207474696,24.68939089236556
Q92783,20.858943632268502,28.45595321891576
Q92784,18.151628139055667,23.226671336744587
Q92785,20.983217207352954,29.37347174957904
Q92786,20.76748726650348,28.99516114069767
Q92791,20.023840818972488,27.420790203984232
Q92793,19.802479746349285,26.15039353254295
Q92794,18.38602657131676,24.79812156522061
Q92797,22.631880335017787,30.427122787914975
Q92804,22.610902496852898,30.0133659455085
Q92805,19.07355030394302,25.573042967633892
Q92820,22.639919276501118,31.061692716260207
Q92823,23.881638000268776,32.36571599423789
Q92828,19.193990445144436,23.361398879992766
Q92830,18.006723496961072,24.900779441027144
Q92841,22.470045023519834,32.671865548511256
Q92844,19.80721931080362,24.483495558073056
Q92845,21.115699812473398,27.13395133000182
Q92854,19.717292828245863,23.80698506281457
Q92859,21.02240401000102,26.551349015375454
Q92871,18.56211940271599,23.899777405504608
Q92878,23.088402073840292,31.646361932704146
Q92879,21.318754132022743,29.932480758727745
Q92888,21.965175033001756,30.079400066691203
Q92889,20.857409205830056,24.811637952819556
Q92890,21.713591690272274,29.426376945021886
Q92896,22.600296514033555,29.28756118319201
Q92900,22.727590154485775,31.728685095653894
Q92905,21.17263276471451,29.791183821370502
Q92917,21.951481678150145,27.92590345470282
Q92922,22.976303559197593,31.344578530278344
Q92925,22.65172935926006,29.788682399632595
Q92930,19.001324909888563,23.111480047246165
Q92934,20.120274191482373,25.73522160811386
Q92945,23.15765642354179,33.08278249888404
Q92947,19.95584838589351,27.240354092266575
Q92966,16.99114801491838,23.395799453099105
Q92968,17.75702656810939,23.616960568889834
Q92973,21.857884093289574,30.78830023819161
Q92974,22.359349105260968,31.153486295089248
Q92979,20.81842443025492,28.86205037054917
Q92989,20.282855642602335,26.08685193071368
Q92990,18.791455925304646,26.777913458583697
Q92993,19.330512469888394,25.29871713243215
Q92995,19.008626207642415,26.28689554280519
Q92997,18.959878822893014,24.95518015943073
Q93008,20.494614428518542,29.694578680687766
Q93009,23.027023475859963,30.915007928494095
Q93034,20.419033744228845,29.180284535030978
Q93045,21.46666279830944,30.245047863872543
Q93050,21.250730384143456,29.311213920749136
Q93052,18.85860541367146,26.79158085377203
Q93062,19.170279632621835,24.826156016475835
Q93063,20.004154746723717,24.321993515604436
Q93074,20.842210634040473,26.23669206067594
Q93100,19.79935125750439,26.291120855610163
Q969E2,19.425271273856136,28.80098727680046
Q969E4,18.414101954352446,25.04782023671813
Q969F1,18.527840024280195,24.154119755666187
Q969F9,16.871211108506724,24.49495254559963
Q969G3,22.725738722975727,30.91793413591092
Q969H8,21.336113321395842,30.31674044712666
Q969J3,18.887091846547257,26.851208995234288
Q969M1,19.778058138388722,23.60674440247776
Q969M3,23.370740897304096,26.201950450229504
Q969N2,21.126417895797758,27.191849375642263
Q969P0,20.4739745614298,26.8198889431216
Q969Q5,19.80664013843024,31.124226031901486
Q969R5,18.953415362620618,24.12610883582151
Q969S2,17.584149743232036,25.44532430051595
Q969S3,18.93702735854876,27.461376728271972
Q969S9,19.208543588464483,25.83683331768182
Q969T9,21.55271027529835,29.298978211608585
Q969U7,19.304871973619587,27.042580585120252
Q969V3,21.298955476571972,29.571318491262353
Q969V5,18.99440782972394,24.664489005685404
Q969X5,20.728523041057432,29.470988924702784
Q969X6,20.73923755251555,29.162185806556394
Q969Y2,19.69205752766244,28.994272612191143
Q969Z0,22.539646109141405,29.40557374347293
Q969Z3,19.898150880783206,23.995059517883668
Q96A19,18.74488638225365,22.807425580627815
Q96A26,20.754534300838632,28.978170892449747
Q96A33,22.5023665942027,30.536038913794528
Q96A35,20.225548650123525,28.370744539247816
Q96A49,23.15066630071668,29.78463066337017
Q96A57,20.739992667985696,24.657515319757113
Q96A65,21.866258608477168,29.12314340889895
Q96A73,18.508204318935817,25.206343507569567
Q96AA3,19.658751194256293,26.27216094165589
Q96AB6,19.993152984573896,23.23819712424312
Q96AC1,22.271949186909648,31.45052097253961
Q96AE4,23.995902383541736,32.93917609073645
Q96AE7,18.9933909600571,23.174235777874586
Q96AG3,21.20656350588488,24.210637235957282
Q96AG4,22.927271521924688,31.819212455808593
Q96AJ9,19.27204797144136,24.76950883502306
Q96AP0,16.75868885557133,24.12458021429926
Q96AQ6,20.381921223607208,27.543104978805587
Q96AT1,19.4384425254411,26.17523538465489
Q96AT9,19.610084593840316,26.017376900331097
Q96AX1,20.752898420967522,27.56062591572559
Q96AX9,18.85787398900993,23.31055037904577
Q96AY2,16.99061230773337,25.151857347985132
Q96AY3,21.678149732888752,30.211869785265755
Q96AY4,19.90006875159911,26.72985075494931
Q96B01,18.176257898717193,24.44845745501346
Q96B23,17.05785743658606,26.42953423700811
Q96B26,20.95106153935549,27.103234183850283
Q96B36,20.308521839868828,26.523217336443018
Q96B45,19.49461282240993,25.641208420718293
Q96B49,19.620346959411137,27.216022422448408
Q96B54,18.179060936772643,25.676932602384163
Q96B97,19.258274877761814,25.133365155748848
Q96BD0,18.371474314460404,24.48725106034996
Q96BD5,19.911326977379616,27.017740480372183
Q96BH1,19.909851329296504,24.91684952752573
Q96BJ3,20.134763597698345,28.513478387331762
Q96BK5,19.6434726499562,24.472671753278313
Q96BM9,16.093274079807472,28.144852323440993
Q96BN2,19.867520748422088,24.99653594057037
Q96BN8,18.60495122628735,26.314022462404015
Q96BP2,20.055702509798937,24.98047785271274
Q96BP3,21.195262178244214,27.62782459152683
Q96BR5,20.903178042011533,25.702623276431456
Q96BT3,20.078798572006686,23.71181367212688
Q96BW1,20.130356814186946,23.653234441262452
Q96BW9,15.626221108929277,23.93122778254283
Q96BY6,20.124076305178363,25.74914593612519
Q96BY7,18.950793628945565,26.465493137853226
Q96BY9,20.81908194363139,26.098577905354023
Q96BZ8,19.307377092081964,25.567699138100878
Q96BZ9,20.131793239316746,24.842338209405995
Q96C01,20.95153185294933,27.717434780687096
Q96C19,21.521563128712916,28.410559705855935
Q96C23,19.69255698296086,27.334624073410293
Q96C34,18.19164824561959,26.446985848219022
Q96C36,21.363263132534136,29.488720820045817
Q96C57,20.19961558111485,27.107632293905823
Q96C86,20.907659596098398,28.581054449442473
Q96C90,18.838595189750585,28.353055094293875
Q96CB8,19.74777815278118,27.19938449906181
Q96CB9,18.970769991129657,25.802410680318758
Q96CG3,20.251080881202572,23.699554450324754
Q96CM8,21.099294459413894,27.880480773851367
Q96CN7,23.090247562271244,33.314078665906855
Q96CN9,20.096813850042867,24.64092847039436
Q96CP2,19.086088760351128,24.532701148036594
Q96CP6,19.02869421525741,27.052595795776167
Q96CS2,20.35994029359325,25.444498013787406
Q96CS3,20.418700797514447,29.74377949614185
Q96CT7,22.918798314372783,28.86945799205992
Q96CU9,20.050929062821265,24.88118525274393
Q96CV9,21.552483797011973,26.873134208299646
Q96CW1,21.72055058662748,29.767004876473525
Q96CW5,20.454466298117133,28.826536446939848
Q96CW6,19.709887173311554,25.144130943691817
Q96CX2,19.565669518310102,26.59704123046198
Q96CX6,19.878199369199283,24.1657016582934
Q96D05,18.06676035601472,26.43683979131972
Q96D09,18.667150844665066,23.758796780802147
Q96D15,19.877665781871677,27.778414436224946
Q96D46,20.58471428002689,28.186223222528717
Q96D71,21.879243651548066,28.2535064519625
Q96DA2,19.739338746418422,25.316214228441652
Q96DA6,21.17565374809359,25.76417535718411
Q96DB5,19.78433859852779,28.666127684223408
Q96DE0,18.764140033655632,26.078721403638397
Q96DF8,18.83856014235728,25.472160087159523
Q96DG6,20.947687870807655,26.873492398861817
Q96DH6,19.808556452549855,29.504357232296133
Q96DI7,22.80163888972648,31.030930716520295
Q96DR4,16.385132849359653,23.306675023597105
Q96DT6,18.41883234367034,22.978348419009453
Q96DT7,19.38185819049103,25.657045643757936
Q96DU7,17.368985103535714,23.886590330470405
Q96DV4,20.73257263143023,28.893558980564883
Q96DX4,18.160982400357025,24.467705168322844
Q96DZ1,19.1646908106806,27.16875492084505
Q96E11,18.22459957116811,27.48584506673611
Q96E17,19.928356008569292,27.86064619028693
Q96E29,19.847266490994862,23.24394636588429
Q96E39,20.687744107274234,26.85020287684869
Q96EA4,19.37457170860119,26.004290171362882
Q96EB6,19.960932300340534,25.41407746298692
Q96EC8,18.060774658069796,26.17639800700062
Q96EE3,20.664760368711207,28.811379725309653
Q96EI5,17.72558057842919,25.263211845187545
Q96EK5,21.547218485164095,28.2192257376092
Q96EK6,19.27265740426372,27.391556731365885
Q96EK7,17.900611241290136,28.18148182152653
Q96EK9,20.16690529519228,26.21614934646275
Q96EL2,22.195553217841823,25.632624658211498
Q96EL3,20.369835707696144,26.928322248407444
Q96EM0,19.184137670046987,23.868793453913344
Q96EN8,18.200011586705664,26.146847321718525
Q96EP0,18.99986218715947,25.229654604997222
Q96EP1,18.643757740794662,25.35748807599197
Q96EP5,20.752683637613018,28.114783118671127
Q96EQ0,20.15669139113236,25.703712378757444
Q96ER3,20.94289731533283,26.80923603297585
Q96ER9,19.83385841894837,27.915008802821852
Q96ES7,19.92042683072162,26.24339590235237
Q96EU6,20.394841546163107,24.448840545541746
Q96EU7,20.387278184824154,24.010963833946484
Q96EV2,19.39249627888986,27.552599529656234
Q96EX2,19.08381378438661,23.525788772848358
Q96EX3,18.38228942318226,23.446621052052397
Q96EY1,19.643869696024527,27.883814416842494
Q96EY4,21.682316189843338,26.267362089777425
Q96EY5,21.87148724891998,26.10069668249802
Q96EY7,20.833312014519787,28.797316192832696
Q96EY8,19.144940340112004,25.007270660143035
Q96EZ8,19.339328535390706,25.46427143225399
Q96F07,19.613846933480783,27.323194199982414
Q96F24,18.220241424647366,26.555167139031592
Q96F44,19.93050709114739,23.672911613459316
Q96F63,18.70964257763966,26.625468496665953
Q96F85,20.82526879713843,28.139458351917394
Q96F86,21.51191754142313,27.746224031670042
Q96FC7,20.343353925486557,28.73613236960338
Q96FF9,19.46163764305749,27.03105168423682
Q96FK6,18.607230579983337,25.998203318333697
Q96FL9,18.188028902693453,28.443509199937452
Q96FN4,18.94511126763316,27.554450914997762
Q96FQ6,18.85641060382339,27.15369555866157
Q96FS4,19.10993001209227,25.97364495263554
Q96FV2,18.674971839975168,26.246196782840457
Q96FV9,21.862901753120425,29.51650963797504
Q96FW1,21.77099331753178,30.86303890166757
Q96FX7,19.097112468795373,26.705318623934655
Q96FZ2,19.2865593543001,24.029259504086024
Q96FZ7,21.112478132791058,28.120501449975713
Q96G01,19.100885151969955,25.718367103440567
Q96G03,21.738223464027598,29.77839136990274
Q96G21,20.69710437649194,29.17083155957212
Q96G23,22.56616157525052,28.772459264156023
Q96G25,21.40902434460119,25.202876618245135
Q96G28,15.126043327147507,24.87060144236473
Q96G46,20.399787473147168,25.13387602748307
Q96G61,17.91376982327336,25.209090724849275
Q96G74,18.657816994207234,23.73698805492557
Q96G97,17.856067959644168,25.483111456512592
Q96GA3,20.653544431403624,27.908931222142666
Q96GC5,19.748506087020036,27.31019975617688
Q96GC9,20.54347073949698,28.129083852202296
Q96GD0,19.002304978233802,27.310843136601974
Q96GD4,19.648216096070545,28.671321981930355
Q96GE9,19.335148894445304,23.5467118634574
Q96GG9,20.390967068549344,26.95998147634801
Q96GK7,21.38428502298525,25.15393068086517
Q96GM5,21.358484253382805,30.222239536398856
Q96GM8,21.23390862072917,26.71528507135775
Q96GN5,20.635667440427856,24.856525501440885
Q96GP6,19.298261207506915,25.002085458450008
Q96GQ5,20.733942385902065,26.90125106534914
Q96GQ7,23.006398961001654,30.711118895210003
Q96GS4,19.206322109456842,25.954588799072138
Q96GX2,20.42313930581084,26.491195452965087
Q96GX5,19.694327549602942,23.548054602123496
Q96GX9,20.10336829174619,25.684742816047724
Q96GY0,20.80714255207785,25.10789577058476
Q96H20,21.31259982199427,27.18150781806326
Q96H22,18.06702166872689,24.508789573879014
Q96H55,19.196916524443303,25.224134671052028
Q96H79,17.487756597347197,27.909622079449974
Q96HA1,19.31117817607215,25.26416113644726
Q96HA4,18.11534287631051,25.678720585305676
Q96HA7,17.5533407770541,25.616712353426433
Q96HA8,18.95664402118427,24.159449857589014
Q96HC4,21.30482422790916,29.915633931949774
Q96HD1,21.383592004647987,25.93240578828054
Q96HE7,21.016486785815758,30.833827398958867
Q96HE9,20.3495187157574,23.88424794962568
Q96HI0,18.49779984573983,24.517303786940428
Q96HJ9,21.503145200120994,25.194395986169816
Q96HN2,18.121676270228846,24.21808981145758
Q96HP0,20.862336633599146,27.13818780549021
Q96HP4,19.20085824708495,23.952853821839177
Q96HQ2,20.46055388852541,26.77594067565401
Q96HR3,19.286805135092813,25.590970312863696
Q96HR8,18.50451107578612,24.24888501227447
Q96HS1,21.113293930013757,31.194413116420066
Q96HU1,18.806315402911874,23.01056156900393
Q96HW7,20.307688736838156,28.409012852547104
Q96HY6,17.918214219702033,27.390343128484623
Q96HY7,19.427773005486852,24.28330013618364
Q96I15,20.665036628875608,27.21204716180533
Q96I24,22.203603104069423,31.75752551817779
Q96I25,22.76956972971853,29.843468483664957
Q96I51,19.768900011098005,25.16589134302788
Q96I59,19.70090355856696,25.936783739228336
Q96I99,22.157961370619844,29.015640439396464
Q96II8,21.27191824947823,27.119007755908658
Q96IJ6,20.356726305344463,28.539439980889362
Q96IK1,18.37192443645121,25.4055157137755
Q96IU4,20.054322143059483,26.796671320449576
Q96IV0,20.364211510780958,25.91054172657099
Q96IW2,19.953087185014752,26.555285352308978
Q96IX5,21.53289086350123,29.295756204638145
Q96IY1,21.036475584841718,26.040609606608516
Q96IZ0,21.116218679544694,25.61059540841647
Q96IZ5,17.677405086353,22.827854467141783
Q96IZ7,20.376521814731998,26.75466445527282
Q96J01,19.89392259897209,28.100051813653046
Q96J02,19.587364816950675,27.736769208859904
Q96J42,19.347107797572065,24.691806604438852
Q96JB2,20.710897742359123,26.869162739389473
Q96JB5,22.579009302832787,28.079280948687373
Q96JC1,20.21549873708528,26.00924324383417
Q96JG6,20.628485925679083,27.564876844560036
Q96JH7,20.14184385291338,27.858807455240967
Q96JJ3,19.760477437041637,26.958951021350796
Q96JJ7,22.998939284749852,29.60211540844496
Q96JK9,17.18316142514675,22.727462245983755
Q96JM2,21.36488308967945,28.410350826227425
Q96JM3,23.43256397763688,31.07995073832263
Q96JM7,18.473707756713914,23.835975689323053
Q96JN0,17.013044838315793,23.831871324203394
Q96JN8,17.436969083512494,24.63168758510584
Q96JP5,18.907388241319474,24.882716527806952
Q96JQ0,20.73599023933122,28.698957872549297
Q96JQ2,18.74829907526726,23.586935397307197
Q96JY6,20.78904053164816,24.89072948376343
Q96K17,20.68802177466236,30.02887725819675
Q96K19,16.869416509767774,24.022900363515546
Q96K21,17.695921247345737,24.164747298769182
Q96K37,18.69454357219463,27.157042035434625
Q96K76,21.200384437022485,28.574674420295448
Q96K80,21.28352074147575,25.20907919441946
Q96KA5,18.492614536884176,26.418656131902658
Q96KB5,20.404813933654033,29.44445924036191
Q96KC2,18.651364853030756,26.226404897719934
Q96KC8,20.359917351183753,25.175801131064162
Q96KG9,20.451803153452932,27.33469671132524
Q96KP1,21.490118361253966,27.73683123291309
Q96KP4,21.28786521259534,30.66000484910557
Q96KQ4,18.318602212239785,25.26756949698802
Q96KQ7,20.98815668240163,28.134074379984188
Q96KR1,22.49176620924838,30.976848438454404
Q96L14,18.180681387773543,23.353723646221045
Q96L58,18.651962200371507,26.333677545505665
Q96L73,19.399919225188725,24.284781466095023
Q96L91,20.326284389132493,28.853871692670545
Q96L92,20.695666439903647,28.213957733622603
Q96L93,18.48092185505056,25.645055057243596
Q96LA8,19.73085988624233,30.024175053043834
Q96LB3,20.19724185835304,27.447492055305116
Q96LD4,17.893454470140593,25.81189437989606
Q96LI5,19.98061501087461,22.66665873991745
Q96LJ7,16.909876612692837,24.531185167547047
Q96LT7,18.619123309552972,23.74076494638178
Q96LT9,21.36374440181233,24.472661218709263
Q96LW7,19.976183136626133,25.247632143739313
Q96LZ7,19.47594983244743,28.67714945878199
Q96M27,20.654595142406336,26.84331204654405
Q96M96,19.339113260922186,24.120897467439864
Q96ME1,17.64450184150822,26.67034014794092
Q96ME7,20.974442003921524,27.993828890196568
Q96MG7,21.046116263024736,27.485999299099557
Q96MH6,19.192034737212932,25.66336496177041
Q96MM7,20.051992848347915,23.529883865493414
Q96MU7,20.110898981594406,28.312597773374783
Q96MV1,17.40938256569757,23.93465947608555
Q96MW1,20.69723705580473,25.618042791594895
Q96MW5,19.122317522832894,23.41898301365974
Q96MX3,18.12594110556768,24.075872038885727
Q96MX6,20.287266523529908,26.928568038121732
Q96MY1,20.908615077945186,25.670440714067976
Q96MZ0,21.286401185614157,24.438678226551232
Q96N06,21.42912355809443,23.07984379569432
Q96N46,19.453856959418843,24.61133695383158
Q96N64,17.759062703078076,24.701098129135296
Q96N66,18.601212240865355,28.26696245705333
Q96N67,23.037713434869666,30.763744655647084
Q96NB2,17.65706816159774,24.0908785380848
Q96NB3,20.706446900280916,26.44431046988464
Q96NC0,21.838393372691478,26.551095016017307
Q96NE9,20.23276915887123,26.64653205442131
Q96NL6,19.123355414089197,21.301471076029955
Q96NT0,19.638901247243574,24.540296805946596
Q96NT1,20.03091677363435,27.14766932346227
Q96NY9,20.4110206675726,24.597315830475623
Q96P11,18.00051415025691,27.51567753111595
Q96P16,19.96317579936745,28.220686215576094
Q96P47,19.67723763407572,27.118161243608274
Q96P48,19.921965392621598,27.081712080869263
Q96P70,22.561713059951202,30.454044737821096
Q96PC5,19.01595687330052,24.273985424453944
Q96PD2,19.385754098328537,23.33113153067636
Q96PE2,19.145307302604618,24.08935656337683
Q96PE3,19.784015827067627,24.061646168723772
Q96PK6,23.29232992931223,32.61985244936177
Q96PM9,18.031423077494225,25.22472974897291
Q96PU4,18.73939315642977,25.612359616538747
Q96PU5,19.6054545151436,27.830491379674626
Q96PU8,18.706890774131665,29.23479807073628
Q96PV6,19.8472621930686,26.388993463263315
Q96PY5,20.49929283387414,27.065399626815722
Q96PY6,19.826607168820534,24.9919441979656
Q96PZ0,21.850392539959245,28.685265493877047
Q96Q05,18.216298119468675,24.602552816373404
Q96Q11,22.048324790256512,29.03782407108757
Q96Q15,20.527970984665206,24.370930203016833
Q96Q42,18.89305457762149,24.067584448764137
Q96Q45,20.229106261586928,26.390205519607257
Q96Q89,20.689929934977638,25.54435351686018
Q96QC0,21.70862527428438,29.14914322017667
Q96QD8,19.8310613257877,24.73262740278466
Q96QD9,18.851597744261536,24.874986223967255
Q96QE5,18.840577931473252,24.087480929665162
Q96QG7,20.048000375173896,27.077849272978657
Q96QK1,21.875603070670916,31.39453156217972
Q96QR8,19.213101465969565,26.011053587822254
Q96QT4,18.807773374758725,23.656522298921388
Q96QT6,20.355645103338873,23.496376067850445
Q96QU8,20.476561949972158,24.718418478268713
Q96QZ7,19.181703763277902,26.69807326827018
Q96R06,18.921733743264724,26.341585007278628
Q96RD7,20.320940124981018,25.318982673453654
Q96RE7,20.618997429468315,27.57608205268789
Q96RF0,19.062610779290612,24.562781195300165
Q96RG2,17.88210094589136,23.324170518466012
Q96RK0,17.213337882827776,25.31722362102703
Q96RL1,18.21312914488522,24.85964949517604
Q96RL7,21.193079364214274,27.234768296621336
Q96RN5,20.92112727811682,26.499579705599256
Q96RP9,22.439275679485885,30.452073215504143
Q96RQ1,17.864276056331,26.44004778819168
Q96RQ3,20.813333097199813,27.400943701409197
Q96RR4,19.171429175106823,28.546909421380988
Q96RS0,18.71955542037843,24.2681263645404
Q96RS6,20.393242338893987,29.15518840232931
Q96RT1,20.268484493573467,27.559366572307503
Q96RT7,17.559904843858323,26.98592109976855
Q96RU2,19.722929133581143,25.739678596115603
Q96RU3,21.26451292806297,26.863829285976124
Q96RY7,19.44377981749547,23.66061182022017
Q96S19,18.204481784939816,24.772930425509742
Q96S38,18.159440576540774,22.721182442209678
Q96S44,20.197810401439625,26.318795144498107
Q96S52,20.080060578672835,28.52658423593889
Q96S55,21.148884364958512,28.53295364798277
Q96S59,19.980145366597625,27.415797518801117
Q96S66,20.778139224106095,26.976986103536383
Q96S82,20.940336153419416,25.697922051442003
Q96S90,19.184037226321397,24.598252797446058
Q96S94,19.457799274351395,24.221218260344628
Q96S97,17.988711803710526,27.637000458249
Q96S99,18.05637364134786,23.810867638224803
Q96SB3,21.582148583515718,29.642562374216286
Q96SB4,21.10122384179089,28.50827387057338
Q96SB8,22.054476138459687,27.841532382409167
Q96SI1,19.635406184426746,27.455636171937876
Q96SI9,20.954591481712903,28.91193459231689
Q96SK2,19.225878153600604,26.649414624164113
Q96SL4,21.21108598292778,28.56387874526052
Q96SM3,19.155010964674958,24.62906640925597
Q96SN8,21.064125562874327,25.665803607069396
Q96ST2,21.66822705230177,28.009107582028303
Q96ST3,21.812563355942718,30.676347960032434
Q96SU4,19.273953480939703,27.097920392852703
Q96SW2,17.061039826729655,23.325440654195663
Q96SY0,19.77330161348079,27.33000044300162
Q96SZ5,21.25649867247442,28.684852623755532
Q96SZ6,18.038555982442347,28.613618426093833
Q96T21,17.72778992771512,22.676435120992103
Q96T23,22.69385553805982,30.226696378904283
Q96T37,21.454871158189494,28.854380636770983
Q96T51,21.91911134579897,26.645234501817104
Q96T58,22.19746635319419,29.281577206372553
Q96T60,19.648966748710016,28.546343300133927
Q96T76,19.155091151207447,27.505784202977853
Q96T88,21.390428200766316,29.413845833246768
Q96TA1,21.451670882511795,29.01390257255486
Q96TA2,22.17739348317247,28.246618434964216
Q96TC7,19.523923798065912,25.190702279751815
Q99081,20.022129638144573,27.86808076461356
Q99207,20.962698614259622,24.259787936965612
Q99216,19.012106964949552,23.442826716879395
Q99258,18.997649408491437,24.671099211793187
Q99260,17.83099778241925,23.506303101149264
Q99321,19.158455504170846,29.263720172784137
Q99383,18.189432958523877,24.42442101093766
Q99417,20.792975565460445,28.3517919086547
Q99426,21.760933850222546,30.52997634849434
Q99436,20.134004183028047,30.09958019433526
Q99439,21.816520371161324,28.555119576668908
Q99442,20.350107421035432,28.135692169066456
Q99447,20.531800513449895,26.275988605820245
Q99453,22.473136090228632,26.88014968941643
Q99459,23.168685699589062,31.328056790914715
Q99460,24.216120359985755,31.8297696545921
Q99470,20.157238995181974,28.573703430592
Q99471,21.606722402175997,29.45194809230723
Q99496,18.63754611724235,28.004292448723348
Q99497,23.8945234997154,31.94034036527518
Q99501,17.397633204834637,24.68939089236556
Q99504,18.670032758808222,24.164890742238445
Q99519,20.733566848966635,27.45538439384848
Q99523,19.12849275745459,27.37053013438954
Q99536,22.170498391477143,31.715877349404337
Q99541,20.523600144673075,24.72102339045693
Q99543,21.15369829319796,27.639310834471257
Q99547,23.0760192106344,27.03255095666434
Q99549,20.40604664546498,26.07977750484055
Q99567,21.43694676862216,29.763856893751644
Q99569,16.69083018373974,26.519363889093032
Q99570,20.813052259035047,28.787262358640074
Q99574,18.30600687481604,23.07119244346364
Q99575,20.23729867556417,27.817563827133473
Q99583,19.23429965304548,23.577189653278953
Q99584,20.078966816086872,28.587725323845955
Q99590,21.199126084059483,28.10104261300912
Q99594,17.9855168015706,25.60522734075643
Q99598,21.164880707016245,28.78957475231921
Q99611,20.624464236913596,24.713792748978754
Q99613,21.650767009323825,27.382774536909015
Q99614,20.265615859080597,27.886559428776046
Q99615,22.442799730569927,29.93253842890067
Q99618,19.35580616877472,23.756733541649478
Q99622,19.16869378365956,26.456052316825275
Q99623,24.041683881629748,33.54349844426047
Q99627,19.1444048964161,29.208583217346746
Q99633,19.686047476594354,26.35458496475647
Q99640,18.49766750133474,23.806224995916065
Q99653,19.848255309048575,28.34408018215119
Q99661,20.69867695132827,29.310380103683933
Q99674,19.89724390492968,26.131459578751155
Q99689,19.218320057938314,27.787656035051658
Q99700,20.682422256987994,28.614246711763375
Q99704,20.68509091414156,25.10806043777718
Q99707,20.13063196914215,26.531052867442213
Q99708,18.82961290004775,22.903476349170592
Q99714,20.36108841639846,32.07874757609352
Q99717,20.029461641393997,24.776460894541746
Q99719,21.707247853928116,27.402762542313276
Q99720,21.645947081404508,26.873071085629228
Q99728,19.700745118535195,24.00643112441259
Q99729,22.408093775225304,31.635314579844167
Q99733,21.292592727210277,30.765556022894312
Q99735,17.66009711811423,26.757509357011603
Q99747,21.85185396743523,28.80920047545047
Q99755,19.28789586065696,26.473411567855337
Q99757,20.87700001099631,27.60477318750972
Q99758,17.51648248827234,25.07750095962609
Q99766,20.5065303067271,23.518145503947434
Q99767,20.19130130737479,25.161593271845135
Q99797,19.679348242754234,26.296772935209674
Q99798,21.965476130989405,31.22922559049638
Q99805,21.715994266563282,28.80534231383828
Q99808,19.239802874734583,24.487062658296544
Q99816,20.679117471235287,29.134260411687528
Q99829,21.561367848745945,30.405370537001055
Q99832,23.680578365476684,33.08840245785133
Q99836,18.72115844733208,25.2233158077344
Q99848,22.55352306846754,30.421197942899724
Q99856,20.964328111643365,24.09281060196477
Q99871,18.772947714888645,23.43019997727203
Q99873,20.90662972341514,30.8571850407839
Q99933,20.092406322807424,24.66042407716247
Q99943,18.520284658622845,26.80130614748838
Q99959,17.770480718580284,23.836697135780494
Q99961,21.570937631584922,28.143704027690976
Q99985,18.580147780375906,25.471029290950327
Q99986,21.84087833558285,28.630476657378175
Q99996,23.45727590218038,29.565254274183523
Q9BPU6,22.693434454212053,31.49091093579975
Q9BPW8,19.66343697177232,30.73466804261902
Q9BPX3,22.025925560327536,29.646133730471217
Q9BPX5,22.234213900079904,28.88344065052974
Q9BPX6,21.092449657100882,28.216789519738494
Q9BPY3,19.3984224311038,25.753929865270106
Q9BPZ3,22.040844923366638,25.589128006566828
Q9BQ04,20.62978962616916,25.975517592327645
Q9BQ39,22.199447527338634,29.96226643630329
Q9BQ48,19.580913746630287,25.101786528337982
Q9BQ52,21.013377494042935,28.82060978615459
Q9BQ61,19.79456924862394,28.11757041544832
Q9BQ67,19.29215639992029,27.446540467120126
Q9BQ69,18.76809004617188,27.748357693941433
Q9BQ70,20.109984220604893,25.514596502087723
Q9BQ75,22.063242349421387,27.040988170608866
Q9BQ95,20.077864460896734,26.16582406126877
Q9BQA1,19.646865485075033,28.725319736295646
Q9BQA9,22.196161259829097,27.805996891592248
Q9BQB6,18.179500407809147,24.70025052482039
Q9BQC3,17.64835996964551,24.640050550835408
Q9BQC6,21.580153065444726,26.535065711289963
Q9BQD3,17.23460696038163,24.01250425720982
Q9BQE3,18.381127788806914,23.163851106266794
Q9BQE5,18.846129480335822,25.98881178041544
Q9BQF6,19.806660863519777,25.874215069356644
Q9BQG0,23.67523039358079,31.140009451810517
Q9BQG2,20.130448804383256,24.56370071132203
Q9BQP7,19.306521728404565,27.858827607035913
Q9BQS8,20.003078614470077,26.33442495244467
Q9BR61,20.713333166919565,27.07419205475804
Q9BR76,22.235106076875123,30.471615461052686
Q9BRA0,18.67432680405608,23.01579989124787
Q9BRA2,22.666516998804056,30.642789676068418
Q9BRC7,21.57890979093443,23.31808308461388
Q9BRD0,20.50027693275343,27.936667146274825
Q9BRG1,20.436730937004096,27.20234034804632
Q9BRJ2,19.996483426040086,28.543485934209862
Q9BRJ6,22.431763772681926,29.128338859906766
Q9BRJ7,19.576208467439194,27.165322645319605
Q9BRK0,17.352090251224265,24.597844050119235
Q9BRK4,18.821454009045432,24.138145063993306
Q9BRK5,21.606838805925918,29.66807623971777
Q9BRL6,18.129371103035247,24.352533338676505
Q9BRP1,19.089350672704196,24.277677386883095
Q9BRP4,19.075470583878616,27.446272848998078
Q9BRP8,19.000281982712245,28.47894513667846
Q9BRQ6,18.301935761674198,26.044409858290955
Q9BRR6,19.738877885009696,27.11177027786317
Q9BRR8,20.204723665559243,23.44775218905835
Q9BRS2,19.957388573160163,27.727898252405623
Q9BRS8,20.87519123927994,25.257194633663122
Q9BRT2,19.375384990380503,26.002935700138707
Q9BRT3,20.977078955685094,26.73847259160796
Q9BRT6,21.35798169254911,27.961887436125846
Q9BRT9,20.718202566246898,27.149239017513363
Q9BRU9,19.681969009150777,24.168233458933575
Q9BRV8,20.296196355226083,24.33605446590321
Q9BRX2,17.963066924488366,27.619147080201195
Q9BRX5,20.95177687868178,27.381606590065765
Q9BRX8,19.107807688761465,29.347612999337468
Q9BRY0,19.61850408723839,22.788530164205387
Q9BS26,22.27489673560024,30.714455305686045
Q9BS40,19.02564394034644,24.395454903292514
Q9BSB4,18.694136530391535,25.51842099441374
Q9BSC4,20.348749588300475,28.266349473281135
Q9BSD7,21.826373960802304,29.014433965125733
Q9BSF4,19.365135129260782,25.24180891947063
Q9BSH4,18.683301796912662,27.975125469554634
Q9BSI4,19.792155887968953,23.282877245576664
Q9BSJ2,21.437563666511224,31.5289214492089
Q9BSJ5,19.567118707880816,26.383527396958176
Q9BSJ6,19.623564706806434,24.74367428714442
Q9BSJ8,22.702078037660463,31.040079773894366
Q9BSK2,18.880934455267937,22.412154513149822
Q9BSL1,17.523986527791205,26.509381677114074
Q9BSM1,19.517265522615432,24.203075745822638
Q9BSQ5,21.048363252282723,25.72923255910444
Q9BSR8,19.11901549321533,27.091116938307497
Q9BST9,19.347255320015094,22.586046615885536
Q9BSU1,19.5408577097192,24.768674754863152
Q9BSV6,18.706613143149042,24.964836103834884
Q9BSY9,21.356768799519195,25.349499409456723
Q9BT09,21.291380925610927,29.108642967896913
Q9BT17,18.928012505936948,25.492744409578048
Q9BT22,20.096004079358554,24.91137356290117
Q9BT23,21.029586913550247,26.2500743407173
Q9BT25,19.344756842099727,23.501172185163448
Q9BT40,19.74930059170981,27.19173126915801
Q9BT67,17.660975060802787,24.236200877113525
Q9BT73,18.21434079939268,25.83393816025247
Q9BT78,21.845705196571295,30.230812449687456
Q9BT88,17.078079071577044,25.463104148228688
Q9BTA9,20.016646216369946,29.481491508008865
Q9BTC0,22.64261209887792,29.8247686012737
Q9BTC8,20.1259681215208,27.71302012713776
Q9BTD8,20.15240853131562,27.236118543661973
Q9BTE3,21.376337177758963,27.4337890502613
Q9BTE6,19.77758802983646,27.395341171047036
Q9BTE7,20.931811282347144,26.97451151501424
Q9BTK6,19.166338083372732,23.043178847284985
Q9BTL3,19.120107970812327,28.097825623729268
Q9BTM9,18.498064030524304,26.578035419270044
Q9BTT0,19.358879297120374,30.144231916896725
Q9BTT4,18.83287624969391,25.007663750422612
Q9BTU6,21.23275755350053,26.919109563625025
Q9BTV4,21.071516811671138,30.062965905636187
Q9BTV5,20.396554560148903,28.662888316604715
Q9BTW9,22.34911688388743,29.939943545953337
Q9BTX1,20.43360499523895,28.47018301328243
Q9BTX7,18.969657956776828,24.07059153255929
Q9BTY2,22.59320042555025,26.804239399270855
Q9BTY7,19.590513205072387,27.06675157715006
Q9BTZ2,21.001809429386732,26.854369504238818
Q9BU02,19.317783372622756,24.21209965589121
Q9BU23,20.59314387703369,24.55732889559483
Q9BU61,19.88732463391564,27.010856973257255
Q9BU64,19.26843140997058,23.367891809781266
Q9BU76,19.526754983450513,27.33027140356026
Q9BU89,19.68986197208943,25.272790118953974
Q9BUA3,19.40800332842715,24.854302142411974
Q9BUB4,19.387964337619046,24.14123387857998
Q9BUB7,18.04928422177587,26.656023226394865
Q9BUE0,20.950774723446777,24.336939551664695
Q9BUE6,19.579159515587058,24.08619114704489
Q9BUF5,18.50840719504638,29.72740762473565
Q9BUH6,20.603012775369482,26.265595464638857
Q9BUI4,19.60612726838665,23.84933217324052
Q9BUJ2,22.650400834337635,31.27604148006897
Q9BUK6,19.913930327424925,27.94520167006358
Q9BUL5,21.122689835636535,27.02422001442795
Q9BUL8,22.53017670472269,29.72113137926186
Q9BUL9,17.268268497472846,25.13203372709788
Q9BUN8,20.363868487539182,28.36985086100908
Q9BUP0,16.053633429002577,23.714789574727156
Q9BUQ8,23.163134279025847,30.991541608740434
Q9BUR4,18.89837225350837,26.25718112497042
Q9BUR5,20.531367657215686,27.46892359030335
Q9BUT1,21.16073734211547,28.4490681739497
Q9BUV8,18.128908983441036,25.712055739391886
Q9BV19,19.329202394707814,26.625043622797914
Q9BV20,20.765974267061235,27.493547628046425
Q9BV23,18.628086438396124,23.71837515211029
Q9BV38,22.391533907375372,29.49114187024233
Q9BV44,20.629156829305867,28.153679513689053
Q9BV57,20.848760028666124,28.866663769576572
Q9BV73,19.58512243113536,22.988025162687077
Q9BV79,17.10585184534886,25.057503991746547
Q9BV81,18.498762158957728,25.45896271773884
Q9BVA0,20.464770774991525,25.815235593140898
Q9BVA1,19.153486917383617,30.861272295819255
Q9BVC3,19.42310073354656,25.14092332142727
Q9BVC5,19.79625853151128,25.79657133303352
Q9BVC6,19.43064147239683,28.55365781414794
Q9BVG4,21.140901554576043,28.613217663720295
Q9BVG9,18.672449404102377,24.89864266985673
Q9BVI0,19.29100880937422,22.721748814073763
Q9BVI4,20.95217923412736,28.718033073447728
Q9BVJ6,21.87405882029276,29.176676707281096
Q9BVJ7,20.341326572712042,27.38649787152534
Q9BVK2,20.07961797040261,26.016138475604222
Q9BVK6,21.753119352646316,29.32697424030109
Q9BVL2,22.47297727436584,28.323995783029055
Q9BVM2,21.114473442143815,27.660671079880057
Q9BVN2,16.46832359921987,25.31994087761219
Q9BVP2,22.18432430677974,29.984761314452932
Q9BVQ7,20.08771246885939,26.522801427810997
Q9BVS4,19.763221113528644,26.584859522433792
Q9BVS5,20.797945332229315,24.2738261123369
Q9BVT8,19.554497440075952,27.145101241012984
Q9BVV7,18.710986718964552,22.919836245607158
Q9BVW5,17.457198468430843,23.89057090635384
Q9BW19,20.082165671563214,28.37044261991711
Q9BW27,20.529821046591326,29.901788635453222
Q9BW30,20.842336530780276,26.945775779821606
Q9BW60,19.32683508713399,26.084551436145627
Q9BW61,17.744750878573186,29.481669028767126
Q9BW62,20.00451515592476,23.6935368332676
Q9BW66,21.685817647767028,23.68184158656451
Q9BW71,19.693728386980847,26.8754153804887
Q9BW83,20.746879190162563,26.248385367220866
Q9BW85,19.226601179914375,24.6863759729728
Q9BW91,20.726861011809817,27.727428883349187
Q9BW92,20.95255206918161,28.014247482858774
Q9BWC9,19.533174737467284,23.721738072808606
Q9BWD1,22.46996921099286,29.030096877722706
Q9BWE0,21.58890619420507,26.25685767002913
Q9BWF3,19.5154806470001,28.48422475744557
Q9BWH2,20.538616095418735,26.546296240917954
Q9BWH6,19.51153156782195,27.534043020751877
Q9BWJ5,21.92328900908208,28.82664957318175
Q9BWM7,20.119584037924128,29.483003490753948
Q9BWP8,19.404169204513828,28.54940615091186
Q9BWS9,22.300000386260294,28.984631653997745
Q9BWT3,18.706216760934023,24.586002849873164
Q9BWT6,19.955065294656496,25.068211178493563
Q9BWU0,20.67581307592758,28.04305978746035
Q9BWW4,19.303995965580985,24.843427944605864
Q9BX10,19.279129236688537,23.313246621383765
Q9BX40,19.899895278760415,28.711806515405062
Q9BX63,18.74768821780863,23.926625281527873
Q9BX66,18.530113290391327,22.248588933801752
Q9BX67,20.72389179581633,27.064354120899374
Q9BX68,22.62474749597452,28.043118627453847
Q9BX79,20.56143796323759,29.28185876995163
Q9BX95,17.561308190843675,24.865545775827975
Q9BXB4,20.51570341822535,27.587150938785655
Q9BXF6,19.68728233024513,24.109736539812275
Q9BXI3,17.760031769395084,23.27903779031479
Q9BXJ8,19.902685594518,24.764459140318472
Q9BXJ9,22.728685350481147,30.33151445600456
Q9BXK1,18.96447313942254,22.506293172559534
Q9BXK5,19.398016630077272,26.272146433044878
Q9BXP2,19.345423006533743,25.027408660911195
Q9BXP5,23.28434402951351,31.23711780645827
Q9BXR0,20.861341133750578,26.589248170937484
Q9BXS5,21.17859554388859,29.528033177425524
Q9BXS6,20.644534530175775,27.845835237150453
Q9BXS9,20.39433090432226,24.04654444635133
Q9BXW6,19.435264262730577,23.6681291782225
Q9BXW7,20.930948791482265,29.07471647089572
Q9BXW9,21.179649531800397,27.02632096697178
Q9BXY0,20.117369846269643,28.436486173161295
Q9BY32,21.547986824362248,29.61540946308329
Q9BY41,19.251218871319207,24.641526462620945
Q9BY42,18.787677694520784,24.901742856156105
Q9BY43,19.794088510096913,27.319271743613168
Q9BY44,23.29906437892963,31.11916659363922
Q9BY67,21.254671537804686,28.981464362180684
Q9BY77,22.45236248867768,29.265671137165413
Q9BY89,17.979014991199566,24.244461759540815
Q9BYC5,19.045957184562347,26.13481203859226
Q9BYC8,19.730926313912658,25.3194170623954
Q9BYC9,19.298012601344816,26.693794466260872
Q9BYD1,20.668789379636124,28.32428568777504
Q9BYD2,20.708352843571088,28.208527918411423
Q9BYD3,20.170402658061462,28.313508157368666
Q9BYD6,22.289978518250564,28.086074116277633
Q9BYG3,20.97016555264639,28.350165854099114
Q9BYG5,20.3752513474748,22.98641209844023
Q9BYJ9,20.595280322093988,27.129092359122055
Q9BYK8,17.493054554839954,25.588097789132046
Q9BYM8,19.86513084431449,25.782528996751253
Q9BYN0,19.10919806152285,25.1392282132603
Q9BYN8,19.43910058595233,27.133787730347063
Q9BYP7,16.864845040194954,23.480931673899583
Q9BYT8,21.029091534160248,29.263044497686703
Q9BYV8,19.206863056872265,26.745114178061456
Q9BYV9,17.93596727037702,24.597626761870572
Q9BYW2,19.631373113256515,26.073874607788856
Q9BYX2,19.79191467890143,23.23923052991832
Q9BZ23,19.15834182787913,23.36783183623779
Q9BZ29,19.442619851932957,24.04894703201931
Q9BZ67,18.20078751814654,25.224373541338856
Q9BZ95,21.205693132996227,29.923001540947315
Q9BZC7,20.657398079931088,27.102215448983284
Q9BZD4,21.53745450640668,27.61890520410398
Q9BZE1,21.71548544228187,28.22139063859284
Q9BZE2,17.566190931099882,24.275553780495276
Q9BZE4,22.854002134452063,30.15792841590009
Q9BZE9,21.51513538599971,29.84820880646226
Q9BZF1,20.48930834985673,28.97521486464349
Q9BZF3,18.290942336691035,25.255251392585976
Q9BZF9,22.258066428324078,27.547829764334804
Q9BZG1,19.073102293056603,24.498267511699687
Q9BZG8,17.618921745633553,24.6045403911853
Q9BZH6,20.795542674484995,27.63417715637733
Q9BZI7,19.707733406252967,23.48344149446951
Q9BZJ0,22.080220756383138,29.758588240446397
Q9BZK7,20.29391088817798,28.90000313327982
Q9BZL1,19.844127723595427,27.925403680051467
Q9BZL4,19.517452225228343,26.17705143509026
Q9BZL6,20.397337584648888,25.990799037863884
Q9BZQ6,18.84142442016402,26.92278643672658
Q9BZQ8,20.762648468790744,26.790430185324343
Q9BZV1,18.838540661435474,25.243324185187532
Q9BZX2,20.12081840846859,28.454239652775485
Q9BZZ5,22.363913245540825,31.29344344121503
Q9C004,18.613377210558284,27.194406760925446
Q9C005,19.822031745406054,28.242596564747455
Q9C037,21.412474348742073,24.945004074259447
Q9C040,20.533954999644937,28.537673814632818
Q9C0A1,16.586085454538637,25.40884553879671
Q9C0B0,21.49108104754987,26.034361747585855
Q9C0B1,22.140288867457773,29.420345269166738
Q9C0B5,19.968512877937467,26.061963084280375
Q9C0B7,19.58850452218449,24.689852609190527
Q9C0C2,21.215426296933334,29.421630672818882
Q9C0C4,16.768727228321083,27.79042352934549
Q9C0C7,18.846916726402366,23.845565661509323
Q9C0C9,22.913065278016692,30.066044793865142
Q9C0D3,19.470935341877922,25.653794534506932
Q9C0D5,20.1407548822028,28.143905202307682
Q9C0E2,18.663925565382772,26.339696356868547
Q9C0E8,21.484780887734242,29.523793413051685
Q9C0F1,21.112420626113625,26.95639860293157
Q9C0H9,19.749386515977342,25.4783695055961
Q9C0I1,17.348815369715197,23.70429364499714
Q9C0J8,21.143561176742406,29.41573029803408
Q9GZL7,21.554721647046787,30.399211287683883
Q9GZM5,20.0762932825617,26.422756927048766
Q9GZN1,18.498408695743983,24.62265584272863
Q9GZN7,19.153893017513003,24.217579624975652
Q9GZN8,19.303636375146105,26.76606718984788
Q9GZP4,19.174772440176966,27.141348025160262
Q9GZP9,17.768271310916187,26.278045195275634
Q9GZQ3,19.205721694079138,25.532560827659335
Q9GZR1,18.8599088119564,24.132025919224056
Q9GZR2,20.9933921763737,26.736341088904386
Q9GZR7,21.486367383026835,28.653433349009713
Q9GZS1,20.86906241600114,27.651591085362092
Q9GZS3,22.242820622174087,29.521657590181547
Q9GZT3,21.481793535039696,30.912851587328294
Q9GZT4,20.90719263365518,26.495617093805425
Q9GZT8,20.882217613262657,29.002296716327983
Q9GZT9,20.09510830265708,27.47827566727935
Q9GZU1,17.763938532046687,23.925268379519895
Q9GZU8,20.64113050326691,27.7072042702616
Q9GZY4,20.63740950465604,22.471958451217695
Q9GZY8,18.78699863154767,27.477389334097627
Q9GZZ1,21.147583577477096,29.644845595105604
Q9GZZ9,21.607594784501075,28.54992863513987
Q9H000,19.93889529976544,25.62256583901813
Q9H008,19.396284465386373,25.143784233348455
Q9H019,20.886940827841187,26.360567842080798
Q9H061,21.034290318945455,24.663248792391514
Q9H074,20.884109051992837,28.91141155265718
Q9H078,21.92915280026958,29.687970008137157
Q9H081,18.767120339811907,25.470334572627635
Q9H082,21.234483294504297,25.22499022532646
Q9H089,20.36283989111051,28.149151098319777
Q9H098,18.868246832561727,26.85509051276879
Q9H0A0,21.45526756199658,30.340718609380247
Q9H0A8,18.9201686857879,25.93553303078654
Q9H0B6,21.509147898480983,29.439912284330003
Q9H0C8,21.639939937555283,28.583011461330127
Q9H0D6,23.97022147522319,31.35941565702678
Q9H0E2,19.853228112116888,28.30012702366391
Q9H0E3,21.039270323256257,28.220296991592136
Q9H0E9,20.968251885226973,27.329608516129664
Q9H0F6,19.239819075254808,25.080182057401267
Q9H0F7,20.912291387507207,26.072827695849707
Q9H0G5,20.73008092149424,25.20351407702287
Q9H0H0,19.56180937964468,26.573404192107997
Q9H0H5,20.805630047321795,27.900879800887697
Q9H0K1,19.41259211172189,25.742289311262724
Q9H0K6,17.73845457020959,23.17309852485223
Q9H0L4,18.84676166476171,26.961774852278293
Q9H0P0,21.163410502485142,28.220260960691746
Q9H0Q0,16.649031193156304,24.053897634034456
Q9H0Q3,19.814178988956638,27.008550451440005
Q9H0R3,19.243155849235826,23.855644790010274
Q9H0R4,21.412310012359278,26.681511064609733
Q9H0R6,20.202246515719896,30.701377233201093
Q9H0S4,20.966319644963857,29.974431787968104
Q9H0U3,19.206498376917786,27.517130798436003
Q9H0U4,21.173418229503582,27.696299671205082
Q9H0U6,19.944651387066674,27.674128158662008
Q9H0U9,17.451931233000675,25.341931757913134
Q9H0V1,16.366003726774107,24.53872077692633
Q9H0V9,20.069032995508728,27.262653999930247
Q9H0W8,19.10146667868029,26.17994241393737
Q9H0W9,21.13006822342406,26.46241997210252
Q9H0X4,23.438755432319056,28.189545114196726
Q9H115,20.06517130506357,24.719171904931155
Q9H147,19.286777232692057,24.409587492847344
Q9H160,18.330450931147222,24.26509112713737
Q9H173,20.6412465982702,27.060000928634576
Q9H1A3,20.795422524491208,25.46242747685402
Q9H1A4,20.28035100043905,27.571810620153553
Q9H1B7,19.752250059753525,28.58650367010996
Q9H1D9,18.737918065077224,27.015035567876684
Q9H1E3,21.425662091225302,29.06457994660486
Q9H1E5,19.675714925778205,27.766135949564877
Q9H1I8,19.929597656402873,28.029485842889297
Q9H1K0,17.531945886097002,24.30330361118142
Q9H1K1,21.508637497498565,25.225432706570388
Q9H1P3,20.395652494465633,23.30765484355715
Q9H1Y0,17.928389755741552,26.219612975204388
Q9H1Z4,17.63255805814733,31.794321427353182
Q9H223,19.1222800442017,28.98768590193441
Q9H246,19.712415175552923,23.69446650392902
Q9H267,21.711704395256884,27.6515861997932
Q9H269,19.729707796218946,27.632641879857477
Q9H270,20.48962309007055,25.979058775840272
Q9H299,19.02095812073213,29.941525317789402
Q9H2B2,19.6831277100207,23.49890786818153
Q9H2D1,18.69187883022273,23.238186188631726
Q9H2D6,20.59437304436361,26.548298846784554
Q9H2G2,21.71936909241687,31.162610197745256
Q9H2H8,20.83152158747747,28.57962136082421
Q9H2J4,20.647545631323677,28.479171164652485
Q9H2K0,19.598154899515947,23.82691637112536
Q9H2K8,18.93200519260868,25.83403656806944
Q9H2M9,23.091441021517262,30.356895593634526
Q9H2P0,22.58959026170663,30.691494567466968
Q9H2P9,19.17127007654634,28.5598437137427
Q9H2U1,22.509779006100697,28.979263940020218
Q9H2U2,21.638502531617497,30.057162592707165
Q9H2V7,19.702641396480857,25.910316569469337
Q9H2W6,20.253257503259352,27.603834576631776
Q9H2Y7,19.071853460413138,25.264458743574444
Q9H307,22.828579886920288,32.4682509132033
Q9H330,19.555282980530865,24.96084081979765
Q9H334,20.491685292653354,26.15362106712369
Q9H336,17.035926662650333,24.90309423604467
Q9H3E2,19.02338236906663,26.76751033618498
Q9H3F6,19.09100953380658,24.898800639283735
Q9H3G5,21.14116441939675,28.0324316155563
Q9H3H3,20.433633080538137,24.584060857956317
Q9H3K2,19.44392101162633,26.78780871139865
Q9H3K6,23.061618187339853,30.579543366596273
Q9H3L0,19.120411717574886,23.555131248851264
Q9H3N1,22.010228653465816,30.599570626161434
Q9H3P2,20.932511826736057,28.60674828115377
Q9H3P7,20.28646016306264,29.91053686174877
Q9H3Q1,19.198951226849665,26.143034591169656
Q9H3R5,21.204988572566997,26.341789257747536
Q9H3S7,21.85085237151421,28.77667614875488
Q9H3U1,21.97350865066467,29.797292594836932
Q9H3Z4,20.867580320532163,27.81353569834723
Q9H410,20.269212802190037,25.96614000549143
Q9H425,18.08162542455441,26.421110557683935
Q9H444,21.880221517350513,29.211611710652015
Q9H446,19.775526798275493,26.95563632897522
Q9H467,20.026417077271564,26.585962877855636
Q9H479,19.6436095671917,25.297163866886603
Q9H488,21.640070777406066,29.49786649560262
Q9H490,19.76598325595197,24.705395251788342
Q9H492,21.494846601986964,27.064162078151206
Q9H497,18.567784289261056,30.06339681847297
Q9H4A3,21.789124856100692,28.44423501335725
Q9H4A4,22.210524561442405,30.16864623473522
Q9H4A5,20.125123769230484,25.7181764570478
Q9H4A6,19.88817727043202,26.07282418024282
Q9H4B0,20.456777819744527,24.285473409103602
Q9H4E7,17.110637558523667,24.38416835266283
Q9H4G0,20.92184587541488,25.171745149055354
Q9H4G4,20.875889032426784,26.35008197399254
Q9H4H8,19.672126545198623,27.48494075457109
Q9H4I2,18.692741169427755,29.55025506235742
Q9H4L4,21.299318348628017,29.388868324789804
Q9H4L5,20.392625729502416,27.676595963830962
Q9H4L7,19.60200175764293,27.315863390639507
Q9H4M9,20.263856594223252,30.558982305674352
Q9H4Z3,18.8058569245894,24.60345073338024
Q9H501,22.00162638964039,29.503665335121422
Q9H553,20.448677731895188,26.10206873074914
Q9H582,19.61825573947776,24.266276917471785
Q9H583,23.265355431684387,30.78136957825944
Q9H5H4,18.88950051732834,25.686318234093694
Q9H5I1,19.574912915528053,24.439087390598907
Q9H5J8,18.055544061268705,23.995757405273633
Q9H5K3,20.06149712946748,26.466111306399185
Q9H5N1,19.838733970436365,26.726531529260324
Q9H5Q4,21.27744684132724,29.428989411089542
Q9H5V9,19.523124188715133,26.557276988711045
Q9H5X1,18.04677029003075,25.391602747963844
Q9H5Z1,19.41701619176306,26.886881616907235
Q9H6D7,18.4562915806166,27.403388704297942
Q9H6E4,19.98621653423373,24.837331065461367
Q9H6E5,19.276653455557778,24.20932358261286
Q9H6F5,19.80220142277171,28.047827167279937
Q9H6H4,20.339444713050984,26.126610015279354
Q9H6K1,16.73137994574704,23.828147624237438
Q9H6K5,20.309953940140062,28.05610515725187
Q9H6Q4,8.765926448535085,21.431601659847438
Q9H6R0,19.808352304591327,25.885699049430592
Q9H6R4,21.856190967582005,29.187250527293845
Q9H6R7,19.255487202102255,24.064700586472505
Q9H6S0,19.294656011599585,26.632550181238724
Q9H6S3,19.38299989051094,24.375067743972018
Q9H6T3,21.33431266914194,29.043271133405998
Q9H6U6,18.8596789431319,24.429824926743038
Q9H6U8,19.729638366781213,27.137132444959622
Q9H6V9,21.27900358005752,28.90326650350131
Q9H6W3,19.698885690799887,28.25293996958075
Q9H6X2,18.395027936970568,27.487650842418844
Q9H6Y2,19.788594122811084,26.414100332901377
Q9H6Z4,20.67273704629211,30.424293712571767
Q9H706,20.283564433570064,25.504432202319915
Q9H773,19.753068017133803,29.22483318404155
Q9H777,19.181450578903487,23.89991750841284
Q9H788,20.579459608591083,26.978010637385538
Q9H792,18.301738765739078,24.4860810482301
Q9H7B2,21.28272315085504,27.360918840619476
Q9H7B4,19.677484775927088,26.80692386914529
Q9H7C4,17.289856523806137,23.546393942187873
Q9H7C9,20.75644621379657,26.50242856633697
Q9H7D0,18.832819135778426,24.285503746791083
Q9H7D7,20.913945026694194,28.42041577104987
Q9H7E2,19.357155058351513,24.562461817362692
Q9H7E9,19.28583770986217,24.901280451143776
Q9H7F0,20.839721786024064,21.496734090589445
Q9H7H0,20.207129749709644,23.426044472105477
Q9H7L9,20.284486832646326,26.510847709224922
Q9H7N4,21.52626545564934,27.90967326676088
Q9H7P6,20.437510977965054,24.93460746932931
Q9H7P9,18.334491880068317,22.77664206035042
Q9H7X7,18.069178168987825,25.98147419392803
Q9H7Z3,19.022081578781812,24.18303628544656
Q9H7Z6,21.055344536194664,28.286889318174424
Q9H7Z7,20.976635996471543,28.08758387655107
Q9H813,18.526266520840725,26.706004214129216
Q9H814,21.102905300713353,27.58649583533721
Q9H832,20.51490698716534,29.124702713003717
Q9H845,21.27341682713986,29.447085073174016
Q9H857,22.14791678750318,29.172766328925764
Q9H869,18.616404466544665,22.243684496572655
Q9H871,18.64879894658759,25.320989486680727
Q9H875,19.827839363965815,26.75117597085948
Q9H8G2,21.47035063457209,26.670259689991646
Q9H8H0,21.664521418215884,29.89040012713283
Q9H8H2,20.041892046142145,25.589814647773927
Q9H8H3,19.564935755615124,27.76789109138179
Q9H8J5,17.43246499092243,23.78793991260579
Q9H8K7,19.314392614996322,25.273819675473128
Q9H8M2,20.065966420629714,24.842057611985027
Q9H8V3,19.799533190154204,24.425360690666576
Q9H8W3,18.887831559055147,22.91209260110168
Q9H8Y5,19.85393822143077,25.961318996843612
Q9H8Y8,21.783830033143598,28.526414916435307
Q9H900,19.76591779192096,26.622625167257606
Q9H910,21.202959677695127,29.823943566721628
Q9H920,17.276965803823334,23.320651556611633
Q9H930,16.892780298104665,28.14947830253468
Q9H936,19.482785922472882,25.892475488347955
Q9H944,18.298476473173817,26.2486282178139
Q9H967,18.495777126495277,26.01168919352129
Q9H974,19.228436057885926,25.068203591601474
Q9H981,19.942226457603564,25.813625398627284
Q9H993,22.559068900879865,27.222696905984222
Q9H9A5,20.39507489449011,27.45482079098587
Q9H9A6,19.10430976825059,29.482424554894756
Q9H9A7,19.875757179353467,24.41392001778645
Q9H9B1,21.260228388022202,28.93422024179522
Q9H9B4,22.059799924317623,31.505762964099166
Q9H9C1,19.68435692205739,26.73673469328033
Q9H9E3,20.86887019981169,27.593221065229447
Q9H9F9,20.439522466754575,25.05904300354329
Q9H9G7,18.72165031680515,24.562325002648844
Q9H9H4,18.43679556434836,24.760779884602954
Q9H9J2,20.398751877576068,28.048243251935286
Q9H9J4,18.696491296491256,25.90932738808545
Q9H9L3,19.558673897394733,25.338256436359256
Q9H9P8,19.57453018631344,24.93198603388034
Q9H9Q2,20.16751462687439,28.277520676774778
Q9H9Q4,19.602391922627724,24.25708817957703
Q9H9S3,18.855669412959724,26.211443959848093
Q9H9T3,18.26455009516431,27.882825391917397
Q9H9Y2,20.043923161085914,23.777074778362522
Q9H9Y6,20.378655914535024,30.01778121800209
Q9HA47,17.750590476883467,23.88740405971459
Q9HA64,19.655934770228523,28.763365679321108
Q9HA65,19.737066876009575,25.472283751527023
Q9HA77,20.010859752567526,24.444023727514686
Q9HAB8,19.88372121710253,26.51282566762618
Q9HAD4,18.88752649042344,23.594909886543135
Q9HAF1,19.395739104323727,27.705780814553417
Q9HAH7,19.361470157529368,24.115340577348043
Q9HAN9,19.42699614347912,27.11226466859898
Q9HAP2,20.312271645741852,24.354332591295037
Q9HAS0,19.82914933008435,25.62073858050602
Q9HAT2,19.05434338295405,25.396115332505232
Q9HAU0,20.6745512296945,26.80661531767073
Q9HAU4,18.865093680953173,22.502152205643224
Q9HAU5,20.41884819303517,26.621558729908646
Q9HAV4,22.586726890929988,30.08794260950345
Q9HAV7,23.12760951050448,28.978754336002975
Q9HAW4,17.547419493038824,24.838062898368136
Q9HAZ1,19.60998151428249,22.685412679193774
Q9HB07,19.814137602130323,30.300198386896973
Q9HB09,18.899266191027813,25.005969147884056
Q9HB19,20.6234661270265,25.656706868507463
Q9HB21,18.297128710643555,23.85662907641917
Q9HB40,20.05045754964473,28.233744207393503
Q9HB58,19.048374944029863,25.12574117645754
Q9HB71,22.29312018823205,32.54384108744887
Q9HB90,18.883626808577574,25.740152633293842
Q9HBD1,17.327587728650762,21.868275473389858
Q9HBE1,18.103565305835986,25.404157748286423
Q9HBF4,20.48090648092531,25.424449812533307
Q9HBG6,19.086975062943484,23.81995890524616
Q9HBH5,19.631136352123765,26.565331657272132
Q9HBI1,19.222516980450642,25.09285257112552
Q9HBK9,21.619525018592274,27.700799269212187
Q9HBL0,20.01898245994998,25.502205876181815
Q9HBL7,21.211267112398122,28.712952287127305
Q9HBL8,20.855412222885086,23.54478088454401
Q9HBM0,17.91311170028152,24.541606004045843
Q9HBM1,20.277075484645994,27.137071550064206
Q9HBM6,17.124705887840978,23.954853289840845
Q9HBR0,19.893169555110806,27.319836396742623
Q9HC07,20.432557701798885,28.636817100365324
Q9HC21,18.427647294590273,23.540485537091016
Q9HC35,23.581582430073794,32.399922629162795
Q9HC36,19.230938931324538,26.864732571023932
Q9HC38,22.03064785490963,30.251937227530227
Q9HC44,17.761843107660063,22.593750023860068
Q9HC52,22.18390894422303,28.759277866842083
Q9HC62,18.786160869994678,24.07016034348432
Q9HC77,18.88850449202848,22.515464283645876
Q9HCC0,21.005138868956216,28.563253884458735
Q9HCD5,21.573180745850077,29.065258210808935
Q9HCD6,18.410994035221698,25.77066507740125
Q9HCE0,18.170071997079678,25.432070327038883
Q9HCE1,21.769143330114915,28.96346267991727
Q9HCE3,19.011490222739102,24.972817291129502
Q9HCE5,19.470292538123278,24.20246568833655
Q9HCG7,18.063750126028026,24.4186433137084
Q9HCG8,21.37598661674032,27.839400342615683
Q9HCH0,18.844652441959138,24.324160490243578
Q9HCJ0,19.69859526658998,24.717963488697645
Q9HCJ3,19.341538390011515,24.537022366811605
Q9HCJ6,20.697770085554648,25.511345190535916
Q9HCK1,19.491003251163857,24.354584678929697
Q9HCK8,20.811173050473574,28.27548919899154
Q9HCM2,18.496627226995493,25.60642918902021
Q9HCM3,18.937684100061926,27.04976031510961
Q9HCM4,19.77944146289551,27.976708276424123
Q9HCN4,18.680832507467127,26.18203509760251
Q9HCN8,21.246136176840725,31.12077889542433
Q9HCS7,21.658754475011193,29.494979591643855
Q9HCU5,20.69346760225918,27.776205992775218
Q9HCU9,20.359622186495304,25.476095407099876
Q9HD15,20.055940461000464,28.030432336817455
Q9HD20,21.95557325069435,30.43347114264861
Q9HD26,19.319355716205845,26.36424076153088
Q9HD33,21.1988268278956,28.039877395033013
Q9HD34,19.180628921916966,25.82786357470291
Q9HD42,21.220633084895653,28.5436563666148
Q9HD45,22.39713494801406,29.04812442480619
Q9HD47,18.256666347020637,24.305920279612483
Q9HDC9,21.968026548500635,31.096992242031025
Q9NNW5,19.768671825398044,27.29502555459028
Q9NNW7,18.181510827953776,24.746436873610264
Q9NP50,19.774674441154414,25.083657901796137
Q9NP58,18.624423798667785,26.288273375281072
Q9NP61,20.283174029773992,26.24158017399903
Q9NP64,20.063834499921246,25.185613825856194
Q9NP66,20.299851169354536,28.424729560964
Q9NP72,22.33168863063449,30.032856125950367
Q9NP77,21.293115042586052,27.14487395979625
Q9NP79,20.039780025179617,29.93577601480432
Q9NP80,18.82357168448793,25.2099927882918
Q9NP81,18.657927429085913,28.57599667791322
Q9NP90,20.093709305619804,25.8995196774028
Q9NP92,19.843543639279204,27.24100968868876
Q9NP97,21.94616810346599,28.258625339589464
Q9NPA0,20.136449529337025,28.06716408193517
Q9NPA8,22.712859871251087,28.618470337536845
Q9NPD3,19.90897697581306,28.4028360773891
Q9NPD8,20.534973071432372,29.60981104648714
Q9NPE2,19.284025330506847,23.4143505230279
Q9NPE3,18.087215784519746,28.14406155478775
Q9NPF4,19.518588059444372,27.255925055491325
Q9NPF5,19.28185913978366,27.54990116445255
Q9NPG3,20.05713815839673,22.59424941907137
Q9NPH2,21.01191401741682,29.891451316243103
Q9NPI1,19.66179991336366,27.79565682410858
Q9NPI6,20.896527460989194,28.124506116994297
Q9NPJ3,20.006684001075843,28.66142875999068
Q9NPJ6,19.52727696151041,26.87149200310426
Q9NPJ8,20.003555010586414,24.84524218321125
Q9NPL8,20.374044840226954,27.187452807267622
Q9NPQ8,21.574563231439896,29.122132075569723
Q9NQ29,20.36747849614415,27.359676120552386
Q9NQ48,20.750088311108644,26.586439576911673
Q9NQ50,20.98932144954423,27.916173133750654
Q9NQ55,20.941258063322483,26.544971225512377
Q9NQ66,18.732142975019404,25.618283551892212
Q9NQ86,18.6259576765116,27.17768779410178
Q9NQ88,21.580540960400842,27.475315224494153
Q9NQ89,17.480529657663975,26.078388133817228
Q9NQ92,19.30115550007039,24.134131336759378
Q9NQC1,18.145805567058723,23.203592803816033
Q9NQC3,22.027607824518928,32.13807120073983
Q9NQC7,20.25371775506085,24.911447215541102
Q9NQE9,18.192643330597605,24.25428279092385
Q9NQG5,20.310046682822,29.070378050187358
Q9NQH7,18.527819526052745,25.595154025783945
Q9NQP4,21.05122338154975,28.960662616847756
Q9NQR4,20.443950499923382,29.057976242301528
Q9NQS1,18.514725899098114,24.314107246345632
Q9NQS3,18.781362627345597,25.836434268599948
Q9NQS7,20.139612393043038,28.260864242493877
Q9NQT4,21.808779170741875,27.794560566225357
Q9NQT5,20.422908790670714,28.01529647619388
Q9NQT8,20.35600226693487,27.524550270943035
Q9NQV6,18.811958429017082,23.81545923035909
Q9NQW6,21.70639818563578,28.423644829308234
Q9NQW7,22.655254944072716,29.91435889930519
Q9NQX3,20.92771401936565,28.38300955011446
Q9NQX7,19.455483531619507,26.205169515103243
Q9NQZ2,19.903016373888185,27.302671734926356
Q9NQZ5,20.910040386419748,26.079779640678048
Q9NR09,21.638123878106047,28.304702098054133
Q9NR12,21.480686680550107,30.210880925052116
Q9NR19,21.127497034697434,26.9115411960614
Q9NR28,21.017058359544023,30.185563094189593
Q9NR30,23.33577377041947,32.25248008837534
Q9NR31,19.576159686170147,28.789644085863774
Q9NR33,17.91221247572638,24.49229825632957
Q9NR45,21.12378613954028,28.84742065019987
Q9NR46,21.491896536200183,28.52081147556199
Q9NR50,20.993027021102293,28.604480388776818
Q9NR56,18.774151302572974,24.847195158674477
Q9NR77,20.64806936884908,24.423962799215126
Q9NRA8,19.839657073841856,25.316591970327764
Q9NRB3,20.32350955652685,23.553737674387477
Q9NRC1,18.500912862222822,25.579389343753032
Q9NRD5,18.394536130447378,24.3157234651633
Q9NRF2,16.376284051681964,23.6628453440413
Q9NRF8,20.481891094746555,27.37703425214379
Q9NRF9,20.560897302859217,27.177847916138038
Q9NRG0,19.072112370570817,26.596952400245556
Q9NRG4,19.452352025981675,23.544554393670847
Q9NRG7,18.77118354527685,24.831554811124597
Q9NRG9,21.434984931463053,29.381019738213062
Q9NRK6,17.65420637794429,23.65897293673717
Q9NRL2,22.42361007626555,28.56120306723801
Q9NRL3,21.02916718201998,28.16708479477565
Q9NRN7,22.73800605789066,29.111552555654253
Q9NRN9,20.38151541752567,25.44653287138151
Q9NRR3,19.095923338619496,24.332987489744525
Q9NRR4,21.562741703512085,24.76261384279914
Q9NRR5,20.753778848453774,29.66389141940681
Q9NRS6,18.982239625919174,25.29367444200802
Q9NRV9,18.390332785766898,27.42997966445366
Q9NRW1,20.382753838382197,26.373999585263757
Q9NRW7,22.086330591770043,29.558042186824032
Q9NRX1,21.716172610427506,27.730143476099226
Q9NRX2,19.936499092763114,27.966233796537246
Q9NRX4,19.28202649536056,29.273153996286958
Q9NRX5,18.816958491207895,24.270055097816595
Q9NRY2,19.41897191501396,25.35234808319535
Q9NRY4,22.363978846493612,28.24317940063248
Q9NRY5,20.020323608662864,27.591336501495253
Q9NRZ5,19.751426342369395,24.57913987415513
Q9NRZ7,19.944713118955416,27.692158267561904
Q9NRZ9,22.21594902642332,29.149462019192164
Q9NS00,19.264224814177602,24.85382261131095
Q9NS69,19.215817355821024,27.9920281444292
Q9NS73,18.54107719345119,24.66242836326034
Q9NS86,20.567365505042556,27.657030340184303
Q9NS87,21.297221710388147,26.960205799296947
Q9NS91,19.471839944949455,25.456595089464766
Q9NSA3,17.627488226031634,23.930829990945607
Q9NSC5,20.81994813646041,25.559240479002913
Q9NSD9,22.103432515737136,30.427792375459905
Q9NSE4,23.051335846104806,31.239162730238426
Q9NSI2,20.52800104165973,27.725774586268106
Q9NSK0,19.27648863479139,26.8843070330237
Q9NSK7,18.542801583787345,24.648276986009414
Q9NSV4,19.799275628622482,24.028453706752646
Q9NSY1,17.427946953605858,24.071381915908322
Q9NT62,22.346568269497777,27.92424201992071
Q9NT99,19.00124683059491,26.772518422974702
Q9NTG7,21.246013304600584,24.97906948556895
Q9NTI5,23.617665322788437,30.547484837367588
Q9NTJ3,23.58281756192239,31.690077437291816
Q9NTJ4,18.63857640643623,24.132582173534026
Q9NTJ5,21.68545670863101,29.388832142054685
Q9NTK5,23.526780509310466,31.381982583753505
Q9NTX5,19.791977504281725,29.304030229891218
Q9NTZ6,22.744749750409856,30.53673461255525
Q9NU22,22.95317159796973,29.495846009441774
Q9NUA8,18.821360474264605,22.256906048964705
Q9NUD5,20.123509525241868,26.809317615980856
Q9NUE0,17.744719198558485,25.117562771644796
Q9NUG6,21.072141176530327,26.548828859388344
Q9NUI1,18.364587072453446,25.80566371025223
Q9NUJ1,19.48525281937209,28.625210186592934
Q9NUJ3,18.667315587187986,26.928670283797576
Q9NUL3,20.861982801622307,28.98007642831442
Q9NUL7,19.491950618967753,24.066018383206146
Q9NUM4,16.745130591720994,24.990104634877166
Q9NUN5,18.52511533058842,24.816315245308978
Q9NUP1,18.3311678297792,27.553156755136122
Q9NUP9,20.264582994774006,27.68684281553693
Q9NUQ2,18.249214629343317,26.386390980009505
Q9NUQ3,21.316298957576024,27.148965854850026
Q9NUQ6,19.87619916374119,26.883784830405194
Q9NUQ7,19.4263910570717,28.141255920138356
Q9NUQ8,20.4390756311311,27.44981820174082
Q9NUQ9,19.86497645386455,28.994395936855312
Q9NUT2,18.9076617082935,23.93361673357865
Q9NUU6,19.92484149990073,25.03689468759502
Q9NUU7,20.858455352033882,26.797724857364713
Q9NUX5,18.12092501511891,24.841473698497744
Q9NUY8,21.42264372919011,26.986852642771435
Q9NV06,21.21555795415751,30.5182089279656
Q9NV31,21.0023685603006,28.62565736403773
Q9NV35,21.043026882964575,25.75742976333892
Q9NV56,17.925189518619725,26.05477207659532
Q9NV66,18.327770451072265,23.97951006418639
Q9NV70,21.79929604628136,27.90289835291269
Q9NV88,21.11249770311993,27.741640482353574
Q9NV96,20.396092768716706,25.35182343966097
Q9NVA1,19.8354769155888,24.676769564661495
Q9NVA2,20.330539630207706,29.816699696578173
Q9NVA4,20.49518446185131,25.399132093170024
Q9NVC6,20.732718950078826,27.769359847321358
Q9NVD7,20.099648306324923,25.41992196656288
Q9NVE7,20.940978998754865,26.73799795043547
Q9NVF7,19.354062932526766,24.30448383348025
Q9NVG8,20.45290359469935,26.696461929666704
Q9NVH0,19.559243459968236,25.57653581227844
Q9NVH1,19.74554060121179,28.64019058006002
Q9NVH2,20.173941640300374,27.53486376110601
Q9NVH6,18.186921707975667,23.250936929220526
Q9NVI1,21.898495466467875,29.805921822290173
Q9NVI7,18.754375876449625,28.833879826935615
Q9NVJ2,18.975249537806782,27.056962417988235
Q9NVK5,18.776468374544642,25.246920357432284
Q9NVM4,17.226989742258766,23.954127781994714
Q9NVM6,20.032410402272898,26.41411897544526
Q9NVM9,21.707050434210345,28.039502660104645
Q9NVN8,19.890911623589478,26.087945586592117
Q9NVP1,22.849747603542735,31.375238106840012
Q9NVP2,20.118691342001807,26.023507126469116
Q9NVR2,21.556188923167863,27.50610647662122
Q9NVR5,19.313465419205077,22.998790282942398
Q9NVS2,21.157551455476895,28.556148019567594
Q9NVS9,20.923283415472387,29.059316672544615
Q9NVT9,19.642162089322635,27.466167867431462
Q9NVU0,19.635019868568357,28.603798536649684
Q9NVU7,21.40643521987776,27.48318171950884
Q9NVV4,19.526031609378034,24.321106884825177
Q9NVW2,16.86394084155386,24.187220437633226
Q9NVX0,19.28195487738077,25.655875887400814
Q9NVX2,19.457618485570475,24.905506319818112
Q9NVZ3,20.279593012426545,27.916577321390964
Q9NW08,19.674420033772556,24.36067772717392
Q9NW13,21.681643087047124,28.51301665203843
Q9NW15,19.024312844517652,26.780819161479812
Q9NW64,21.82263842045562,29.773037579672984
Q9NW68,18.52518063011536,25.96094726440008
Q9NW75,20.05316272313164,25.300675765309652
Q9NW81,18.562634845082783,23.284836946685534
Q9NW82,19.185403431702714,27.64236089277725
Q9NW97,21.089457633568603,23.292441422111057
Q9NWB6,22.592782051786205,27.537492798570355
Q9NWH9,21.9929100866267,30.02475121742373
Q9NWK9,20.29986361446563,26.22594819340123
Q9NWM8,20.333431967029874,26.873256642913194
Q9NWQ8,18.374438154841883,23.473461379070088
Q9NWQ9,18.865809858838908,23.540628606280197
Q9NWR8,20.10121427003238,22.675992340674064
Q9NWS0,19.30943176631512,27.301877173191837
Q9NWS8,19.261999295233274,25.839589578461027
Q9NWT1,21.049575253647845,28.705953597891178
Q9NWT6,20.26768933772333,26.92540934536063
Q9NWU1,20.67598260960483,25.547545691195026
Q9NWU2,20.957381580215735,27.500272682986036
Q9NWU5,20.006871377809688,28.191293230836948
Q9NWV4,21.566478949567845,28.456152402996757
Q9NWV8,17.913541144738215,27.55393394680672
Q9NWY4,22.53241201548653,28.12572670910986
Q9NWZ3,19.44550659725589,24.547004936576723
Q9NWZ5,20.675340946180675,23.79662046746078
Q9NX00,16.387642706764048,26.061054126434893
Q9NX05,20.64040879315874,25.989369746312402
Q9NX07,19.6305243630338,23.72110805679008
Q9NX14,21.55960016491627,27.97283329390358
Q9NX20,18.61767866553097,27.855815805717825
Q9NX24,19.96442343098487,28.684920858600996
Q9NX40,18.36361996857125,28.945257910105738
Q9NX46,20.562522440271664,29.05869304272077
Q9NX47,16.684587076500343,27.917331232752247
Q9NX55,20.952731706777683,27.373568126091595
Q9NX57,17.536702691741564,25.382581185640227
Q9NX58,21.83015997509137,27.98082261138621
Q9NX62,21.012711844619528,27.57185885390949
Q9NX63,22.122551607941542,30.079153724065723
Q9NX70,20.114713954459855,26.611948503179843
Q9NX74,20.351676768092776,24.54595898306269
Q9NXA8,20.288097178400893,25.929965408278775
Q9NXC5,19.70100619526464,27.021494543682103
Q9NXE4,20.090145437531888,27.583947775942956
Q9NXE8,18.475494534474443,27.60454430053398
Q9NXF1,21.437176510036693,29.139783776156523
Q9NXG2,20.439186359150188,28.43365021957928
Q9NXH8,18.04302007223801,25.866931450578196
Q9NXH9,19.52242914864831,26.485969704956506
Q9NXK8,17.861198551776663,23.248383575548193
Q9NXN4,18.67035506097612,24.39383145124511
Q9NXR1,19.18397189902651,26.348045413612347
Q9NXR7,21.236532896612058,26.83079280050047
Q9NXR8,18.172790466239505,25.074816707059284
Q9NXV2,19.560437880726006,25.549244252555713
Q9NXV6,20.76839777073673,27.58736130432195
Q9NXW2,19.37975219036752,25.71672363346103
Q9NXX6,19.704138528441554,26.323890303006674
Q9NY12,20.673477898564308,29.091487047662792
Q9NY27,17.889155748580077,27.37808573466184
Q9NY33,21.90215942313358,30.05923973812541
Q9NY35,19.82416439870631,25.94668096690981
Q9NY47,20.566076249264515,28.605275116662654
Q9NY61,20.242032738924607,28.800056250376684
Q9NY93,22.91529287818681,28.734274633947624
Q9NY97,20.3473098239049,23.719901496826672
Q9NYB0,18.91911152690228,29.21107554884999
Q9NYB9,20.355678592022485,28.256131102718985
Q9NYF8,23.315575583823172,31.919584792302953
Q9NYG2,19.284797582508816,24.221953233648545
Q9NYH9,21.597232186392468,28.667234007140078
Q9NYI0,20.033622005820064,25.49489476024846
Q9NYJ8,17.706064942046275,24.790847505454135
Q9NYK5,21.608724405932477,28.16667403658046
Q9NYL2,18.331266912165944,24.87330596826302
Q9NYL4,21.870927376125202,24.565157351503785
Q9NYL9,20.979160246782303,29.290288312535534
Q9NYP9,19.549775353695384,25.929272203872717
Q9NYR9,20.55181282108343,24.028235322229087
Q9NYS0,20.337129792751774,24.996255769713073
Q9NYU1,19.386578751866946,25.367022449361556
Q9NYU2,24.30075684568214,31.957364425507553
Q9NYV4,18.919115609063713,26.360095121866276
Q9NYV6,16.959832820306275,23.63421403480282
Q9NYY8,21.1564351303213,27.447275707784325
Q9NYZ3,19.625189674777165,25.743235876259824
Q9NZ01,20.33727965771214,30.53558984066926
Q9NZ08,20.518790291849253,28.41788282776684
Q9NZ09,18.624215070982327,24.71576215097961
Q9NZ32,19.906432790466184,27.479020411292844
Q9NZ43,18.92775484697686,26.399565321997702
Q9NZ45,22.150083732928163,28.819188120883293
Q9NZ52,18.43460037548339,25.739237784326768
Q9NZ53,21.46183121835249,24.796383468148328
Q9NZ63,21.06708526902475,26.869030799514746
Q9NZ72,18.526663424230637,23.399819650277674
Q9NZB2,21.741019504562313,29.464825446611346
Q9NZC7,18.885442752310176,23.60904760785326
Q9NZC9,19.53574814800794,25.769794798862115
Q9NZD2,17.638054245668197,25.339328542187538
Q9NZD8,18.554306223274605,26.750996126063175
Q9NZE8,19.384261958482497,25.011754465887826
Q9NZI7,18.753078365116014,25.770220903136085
Q9NZI8,20.96189879920595,26.96203234571787
Q9NZJ0,18.476852919087058,27.427872608123423
Q9NZJ4,21.488712194709546,26.99981518205509
Q9NZJ5,20.581427148572843,25.336846618148247
Q9NZJ6,21.37810576649215,24.00622265179229
Q9NZJ7,17.275311890433503,24.046599397785695
Q9NZL4,20.12134959214934,29.31266995581402
Q9NZL9,20.957327558426414,30.31405710696443
Q9NZM1,21.31812067640872,27.073052462291376
Q9NZM3,21.34596173976488,26.759593836330644
Q9NZM4,18.677586419601933,23.684782215786008
Q9NZM5,20.707468872389978,27.149770169840338
Q9NZN3,20.04233727395794,27.486307982929127
Q9NZN4,20.07654737579964,27.67339224831317
Q9NZN5,20.584815420898636,27.765786371709268
Q9NZN8,19.922916579816516,28.6189109750288
Q9NZQ3,18.198720124891203,25.0253231396023
Q9NZQ7,19.797508126734026,28.21769473307614
Q9NZR1,20.073056575308506,29.709961152854873
Q9NZT2,19.09956092496928,28.113392143243452
Q9NZU5,21.391785104780432,28.800659829185086
Q9NZV5,17.796307160639955,24.99986816927508
Q9NZW5,22.29803932209984,29.958474657048715
Q9NZZ3,18.5249104066451,26.826502967992802
Q9P000,18.498016957031513,26.72447949195948
Q9P003,20.7120897442003,27.47945483808055
Q9P013,22.969083123972727,27.6809628579456
Q9P015,19.547730137697744,27.117048636611027
Q9P016,22.396812228825976,29.211555434628085
Q9P031,17.708336873296766,23.97619708572529
Q9P032,19.631621788746045,28.774947200329184
Q9P035,21.64637179927567,30.517928615198173
Q9P0B6,21.442161330155063,24.316608921506713
Q9P0I2,19.677218360748146,27.856469775168485
Q9P0J0,21.798969870749783,28.366718828848207
Q9P0J1,20.535060230772842,26.383634673864993
Q9P0K1,20.850854764717415,27.051735318621418
Q9P0K7,19.96207494332659,28.116722464298558
Q9P0L0,22.34975087326025,29.784525767775023
Q9P0L2,19.646630661060755,23.872216545161738
Q9P0M6,23.03671748175662,31.525745481216127
Q9P0M9,20.828823324953042,27.11212564205716
Q9P0N9,17.01174408050766,22.986964767148876
Q9P0P0,19.55362106369803,26.616043293600022
Q9P0P8,20.11981386564687,24.488645366162828
Q9P0R6,18.59802003188618,25.77454064003453
Q9P0S2,21.43108536325169,25.17548174698332
Q9P0T7,17.679430203606437,26.88690184537026
Q9P0U3,17.944556882694318,26.028991664340577
Q9P0U4,18.844556180748096,26.143952423564087
Q9P0V3,21.3716321017665,24.89808684897407
Q9P0V9,19.902928756233447,27.88177398377315
Q9P0W2,19.632090674097324,26.033461084032805
Q9P107,18.677508517544467,24.5230116861063
Q9P1Y5,19.85230849780869,25.37202919089118
Q9P1Y6,19.550444849189,27.819270693402178
Q9P1Z0,13.011522992795852,24.942743551268475
Q9P1Z2,19.016988792784147,23.867051701800733
Q9P215,20.763034338231375,26.39690430405895
Q9P219,17.787301886630694,25.20371455398706
Q9P246,18.647726861989163,27.74028008804507
Q9P253,21.08887583513176,26.77799208062828
Q9P258,23.565379888635174,31.590467070632027
Q9P260,20.22079156807862,26.857004336901387
Q9P265,19.485261550286182,27.238102765414745
Q9P270,20.32910608984454,27.837744890166167
Q9P273,20.50149622882955,28.401000539550164
Q9P275,20.300205832511846,25.758696585833533
Q9P287,20.875336041449756,28.9903239901712
Q9P289,21.095239841480396,25.783973506893943
Q9P291,21.38675089137977,23.44078567120586
Q9P299,20.103702318754433,24.54686132111733
Q9P2B2,20.9459222267698,28.53931424916069
Q9P2B4,21.425691320029348,27.750262521783746
Q9P2C4,19.705568032926408,25.574034225636744
Q9P2D0,19.916445584264412,23.795941051085794
Q9P2D1,21.109766516852638,26.472759698436203
Q9P2D3,19.45664246197624,26.181202426932114
Q9P2E5,19.56554589622385,25.8971310312275
Q9P2E9,24.27441438407723,30.95234087503056
Q9P2F8,18.559237334626395,23.919220598543728
Q9P2G1,20.761696094099566,23.910972590681816
Q9P2I0,21.412953444778076,29.627139889088035
Q9P2J5,23.738650423406707,32.17391600444996
Q9P2K3,18.140523328020258,27.47087258115657
Q9P2K5,22.79328223699935,31.49347968953987
Q9P2K8,19.409589968410625,24.016451985947242
Q9P2L0,20.588002141805624,23.326528854311494
Q9P2M7,20.19387553139205,25.762445987512077
Q9P2N4,18.872223907717988,27.10528408705056
Q9P2N5,21.004210333111665,29.146365670040023
Q9P2N6,18.797518915647736,26.246878490565106
Q9P2N7,19.702703142641703,26.95113740413223
Q9P2P5,15.928847866081727,21.998331836119306
Q9P2Q2,20.320898880858905,23.440695707607187
Q9P2R3,20.301028138463696,28.213384358120578
Q9P2R6,20.795784275921086,27.530171988158042
Q9P2R7,22.496836992897684,29.393945975403128
Q9P2T1,22.809763321236392,27.03555018391817
Q9P2W1,20.04976669242051,25.05763495630134
Q9P2W9,19.691912506954708,26.572739635383897
Q9P2X0,20.31826619220179,27.513535128175974
Q9P2X3,19.777898031560603,24.4322754166609
Q9P2Y4,18.271398739536256,25.71937059352212
Q9UBB4,22.31574840075081,30.586645844695006
Q9UBB5,21.245422053818267,26.33589424933093
Q9UBB6,19.98902267482602,26.814042409978104
Q9UBB9,20.87305440758736,28.843426461941082
Q9UBC2,21.912576522751724,29.424768175625115
Q9UBC3,18.844804191257364,25.388829430878427
Q9UBD5,19.770918743346986,27.70021250455331
Q9UBE0,22.491969453056633,30.88511039999918
Q9UBF2,21.170315317152358,29.39219188840889
Q9UBF8,19.33130120043161,25.105674568229443
Q9UBG0,20.49499252170099,28.525094187978336
Q9UBH6,21.546081222816316,28.93148945843784
Q9UBI1,19.130815544174613,25.70789528915826
Q9UBJ2,20.640822497477366,28.20185497559104
Q9UBK7,20.80333434173378,24.004435057912332
Q9UBK8,17.862379892067825,24.72976381305981
Q9UBK9,19.343103436135454,27.047758957248913
Q9UBL3,20.898851540036112,29.002280119476872
Q9UBM7,19.066567513293208,27.104470074186647
Q9UBN7,19.812226027870274,24.94988142141994
Q9UBP0,20.575503410380264,26.725377869369837
Q9UBP6,19.83923065811568,27.151686351550996
Q9UBP9,20.731555977210128,27.97297015363667
Q9UBQ0,21.631950800471387,28.699350905248696
Q9UBQ5,20.250516061014757,28.73801669482855
Q9UBQ6,20.153264054230934,27.86378708971931
Q9UBQ7,21.75519040442626,29.39767228510907
Q9UBR2,20.30011592474186,29.564643895594497
Q9UBS4,22.44141898287389,30.774932672868577
Q9UBS9,19.17495773542604,24.344266172073628
Q9UBT2,23.062142998675867,31.47512320941914
Q9UBU6,20.555809743721362,25.933016646294178
Q9UBU8,18.93717232379973,27.5952254209475
Q9UBU9,20.00538093201099,29.36544435831807
Q9UBV2,19.060037299143506,27.77582585025311
Q9UBV7,19.048005645281293,23.623199990050356
Q9UBV8,18.578695348773817,27.851057877882205
Q9UBW7,21.04674404305963,29.04107417194825
Q9UBW8,18.473353307764746,28.55213024188909
Q9UBX1,17.9304857955758,23.78799021340637
Q9UBX3,20.16950873420687,28.618274284274698
Q9UDT6,20.68552954446511,28.056645729966927
Q9UDW1,19.94674229526829,25.40831104756216
Q9UDX5,20.115389972481207,26.315208085928386
Q9UDY2,22.684797635493744,29.47502382031445
Q9UDY4,18.817339798354606,25.607760393241257
Q9UDY8,18.796718945141905,33.25080663299059
Q9UEE9,20.212636316653697,28.31544019176043
Q9UEG4,19.93861486968463,26.11400763813263
Q9UER7,20.17356400658211,27.782294027184626
Q9UET6,17.977976313307362,26.303515426391897
Q9UEU0,19.762736997584284,26.328432258924963
Q9UEW8,19.542824155762872,27.895883852520022
Q9UEY8,21.828774567330566,30.66025204773176
Q9UFC0,21.30145575325411,28.467799933738497
Q9UFF9,17.819788973597014,24.05822191978867
Q9UFG5,19.91281304413609,25.354727719745576
Q9UFN0,20.930204769260936,28.436769065092314
Q9UFW8,22.350456078571227,28.411233942567687
Q9UG01,19.54809323972693,25.03741679240598
Q9UG56,19.031090169797224,23.235607226405822
Q9UG63,21.899615619492767,30.461001389026862
Q9UGI8,21.005372679294947,29.90774012747872
Q9UGJ1,19.550311055743094,25.748323928011175
Q9UGL1,18.88295001564514,23.064684389028404
Q9UGM6,18.8170973602112,23.146986711897565
Q9UGN5,19.073235782420998,25.491189809351088
Q9UGP4,18.50910840477135,26.681132213505077
Q9UGP8,22.625407984206266,30.527131501416736
Q9UGR2,17.61683816500347,24.53732665805092
Q9UGU0,20.16875868037132,27.362085534839846
Q9UGU5,20.462005568722255,25.264591534548124
Q9UGV2,20.63606437503415,28.489830198516714
Q9UGY1,20.322452208297122,24.80841802184547
Q9UH03,20.6104980962191,24.088207151995032
Q9UH62,20.714964899540405,27.595707270804134
Q9UH65,21.6720047138798,29.05548274129725
Q9UH99,20.04926329905406,25.66527404954783
Q9UHA3,20.544201596031687,26.81507173421258
Q9UHA4,19.19674687332025,28.254507373319285
Q9UHB6,23.2519318000169,31.426494087837213
Q9UHB7,18.525227057726806,26.072361557932933
Q9UHB9,22.588676621572976,30.00401124388225
Q9UHD1,21.713130384496797,30.560515612628723
Q9UHD2,19.849269987049013,28.45406889545299
Q9UHD8,24.580563749928405,33.28854975404744
Q9UHD9,20.19067383567897,29.089277045248945
Q9UHF1,20.033894542185823,25.381851309163757
Q9UHF7,18.963701666417823,25.15216242657227
Q9UHG2,19.435400028728765,26.795243562651265
Q9UHG3,20.082956268777654,29.70495306446017
Q9UHI6,21.18966713669163,28.69155875596576
Q9UHJ6,20.912695236541634,26.32130935782875
Q9UHL4,20.604779691101566,28.217688447546625
Q9UHL9,18.487748234689782,29.6260200084113
Q9UHN1,19.017843528875307,25.22500585976961
Q9UHP3,18.494085279287322,24.05291235331537
Q9UHQ1,18.68924175291807,31.788877964591137
Q9UHQ4,21.207688038751893,25.967649868425607
Q9UHQ9,20.977868270274218,28.470465852740126
Q9UHR4,17.971273062566457,23.655630621038842
Q9UHR5,19.9985660529908,29.18910246806685
Q9UHR6,18.81411033109198,24.87887802874024
Q9UHV7,19.98494533136303,24.34015687222474
Q9UHV9,22.21914377315274,31.124818375247234
Q9UHX1,23.104238109901004,31.562475836298372
Q9UHY1,21.106059182599726,28.42842436748226
Q9UHY7,20.579337300859436,27.59223540678752
Q9UI08,19.39569348615867,27.29733983993099
Q9UI09,20.29728964663257,27.8160497672171
Q9UI10,21.235607863418064,28.796554231508736
Q9UI12,20.78842418168959,29.238552607213855
Q9UI14,19.888996290425073,25.96443048466908
Q9UI15,21.045745999029226,29.35487640083586
Q9UI26,20.146008295554886,26.720343675718308
Q9UI30,21.933781049971778,28.932091454326567
Q9UI36,18.6745695219927,24.76138114822075
Q9UI42,17.880995209306985,24.234891307834513
Q9UI43,19.063572760507967,23.74516929054629
Q9UI95,20.92688769793112,26.42652030628559
Q9UIA9,21.304663013551036,29.53149630502975
Q9UIC8,19.471279978813847,26.23186696293054
Q9UID3,19.317025605166698,27.334013470329754
Q9UIF8,19.742713055867103,24.309318484375066
Q9UIF9,20.22072695726113,26.54921279847055
Q9UIG0,23.356428887812715,31.16233487112053
Q9UII4,20.714081591656146,26.30856736162753
Q9UIJ7,22.52384941541052,29.188808294794878
Q9UIM3,17.838491604046883,24.670668187830337
Q9UIQ6,19.983271885549087,27.655866431759403
Q9UIS9,19.385923008666403,28.111836303567987
Q9UIV1,19.324587174821097,27.383517146734828
Q9UIW2,19.196749862464078,25.647508189913225
Q9UJ14,20.37943936444375,26.72493759516728
Q9UJ41,20.81916887474463,27.155542750028392
Q9UJ68,21.10327197761609,26.463747284541004
Q9UJ70,20.95689957499908,28.948331210865796
Q9UJ83,19.332101099720905,25.787181378090335
Q9UJA5,20.971535765787905,28.198251124495005
Q9UJC3,20.084757039243566,24.488065488814517
Q9UJC5,21.56223644438101,25.79131307633091
Q9UJD0,18.794705042679187,24.502545156488583
Q9UJF2,18.85666907593072,28.10282745186141
Q9UJQ1,20.150681800779942,24.93092286390032
Q9UJS0,22.174697741898008,31.11332043337716
Q9UJU6,22.18645673362715,30.651124994140762
Q9UJV9,21.505583195726395,29.337665037892577
Q9UJW0,21.79472915138697,28.75197869871481
Q9UJX2,20.943075175035748,26.436348968071997
Q9UJX3,20.222114104942808,27.975059251449338
Q9UJX4,19.14693423023142,26.782605018232122
Q9UJX5,17.826189022470594,24.891400427171778
Q9UJX6,19.32206175636347,26.009400128444902
Q9UJY4,19.339799473581866,26.493370957890225
Q9UJY5,20.575159408075695,27.881823683768907
Q9UJZ1,21.155782329583225,30.617233090064044
Q9UK08,18.130850653003275,29.956504604481914
Q9UK33,16.03950792600888,22.821296070025525
Q9UK39,19.321901656096152,23.867736855264035
Q9UK41,19.346305069379493,27.0104559483982
Q9UK45,20.26972342384174,28.50765676778222
Q9UK58,20.16022813139945,26.39115653156481
Q9UK59,19.634601570705154,26.277504062598805
Q9UK61,20.883868654553304,28.394172794221664
Q9UK73,19.922683289621723,23.738529375708932
Q9UK76,21.837547830623876,30.97433812832738
Q9UK97,18.55922893091387,24.439460928985113
Q9UK99,17.67839203249546,25.43872898188475
Q9UKA4,18.678675816163004,25.395581365440655
Q9UKA9,21.107929464358225,26.90215875594946
Q9UKD1,21.8638465199333,24.863492260326854
Q9UKD2,21.140014391794864,29.876498081042612
Q9UKE5,19.102206201498486,27.183068978606666
Q9UKF6,22.127093959404604,30.328468303327735
Q9UKF7,18.00025143048346,25.342828400613897
Q9UKG1,19.89973846554065,29.00490077442454
Q9UKG9,18.88894395601891,24.336396844274308
Q9UKI2,18.765002562223273,25.01593497307734
Q9UKI8,19.207859520869672,25.25461120241719
Q9UKJ3,20.587283457981993,27.144066238534375
Q9UKK3,19.112511030899636,22.59557437676082
Q9UKK9,22.53391856712897,30.81882380524955
Q9UKL0,21.683139231062874,28.516301167290138
Q9UKM7,20.103327448680208,26.554071010470135
Q9UKM9,23.780263534920174,32.377515993805076
Q9UKN8,22.20807845621079,29.428252446138416
Q9UKP4,18.33455005875595,23.217149227429772
Q9UKR5,18.510813531049727,25.42356884510025
Q9UKS6,19.59639699615605,26.80855264016328
Q9UKT5,19.353755984430293,27.002714480366425
Q9UKU7,18.62970342660958,24.294394774472934
Q9UKV0,19.049759235537284,23.452670327464627
Q9UKV3,23.607003090615898,32.114488038293835
Q9UKV5,17.78423589473009,26.303330335860828
Q9UKV8,20.516260346966693,26.869542484685436
Q9UKX7,21.430198366377066,30.703870432790815
Q9UKY1,18.274490176904372,25.38619592513676
Q9UKY4,18.149931775390407,24.056686123945294
Q9UKY7,20.428082592182992,29.691805604612114
Q9UKZ1,20.549493627885873,25.74745189567493
Q9UL03,20.287723171544254,27.156195349911727
Q9UL12,18.14129612135731,24.288501208149107
Q9UL15,19.788802401225063,25.839840869418513
Q9UL18,18.714774975589645,24.61726774403401
Q9UL25,19.826752551259858,29.736129222112474
Q9UL26,19.171218293697233,24.693350614510667
Q9UL33,20.507929812985562,24.95783220928644
Q9UL40,20.37054864016652,27.57739140556626
Q9UL42,19.971522546863884,27.75706134855708
Q9UL46,21.463355836409665,30.343839992958568
Q9UL54,19.253646304321936,25.229072597095815
Q9UL63,20.36404665599955,26.647163763064547
Q9ULA0,20.412237796227082,28.934747309147948
Q9ULC3,20.974660983044352,27.54210107642642
Q9ULC4,21.109637159109262,29.276683985980732
Q9ULD0,18.32652077614105,23.74549651042885
Q9ULD4,17.811700463600516,24.434870168050345
Q9ULD9,19.680645667290303,24.91997050560154
Q9ULF5,19.706203251201757,26.982936004902456
Q9ULG1,19.053997889226824,24.21684508328066
Q9ULG6,18.41410083918152,25.114200925429493
Q9ULH0,21.825525079995362,29.938758534723203
Q9ULH1,20.99624898459324,27.316829967706056
Q9ULH7,18.838282799111195,26.45970180934888
Q9ULI0,20.416340734396016,26.49967411464868
Q9ULI3,19.325687263162404,21.916115631606413
Q9ULI4,18.109962927420217,23.62034658797878
Q9ULJ3,19.93508894063192,24.119211310105744
Q9ULJ6,18.661147929060718,26.63103040538916
Q9ULJ7,19.85728641467083,23.768611207756766
Q9ULJ8,20.40168434809458,27.021886805858262
Q9ULK4,19.882962206394534,27.17260971171483
Q9ULK5,19.9133279009671,25.122045434605145
Q9ULL5,20.900310465022258,28.39020218563377
Q9ULM3,19.057358247685038,25.843396961088054
Q9ULP9,19.547157204261868,26.02963268607734
Q9ULR0,22.680739811396155,27.581467517410548
Q9ULT8,21.68192844530899,28.919242987522995
Q9ULU4,21.393362441054364,29.178955685159284
Q9ULV3,19.797537348943106,26.58730407803143
Q9ULV4,22.85536060173484,30.78531302860534
Q9ULW0,22.61561850909303,30.276534310403264
Q9ULW3,20.091695716433502,24.832168592893638
Q9ULX3,21.45150574938812,27.694356804467265
Q9ULX6,20.11049523842757,28.299961623123558
Q9ULX9,18.145828882150575,23.32648373189513
Q9UM00,19.39355888493968,28.18152345225108
Q9UM13,19.899659291870233,24.97287249502107
Q9UM22,19.0545405161257,24.869734484550964
Q9UM47,18.52079923641917,23.784301155947485
Q9UM54,22.347437150637944,29.84061255420547
Q9UM73,20.039643029108696,24.586477273663768
Q9UMN6,20.15337990035727,24.880535650416803
Q9UMS0,21.68197333999162,27.80042791466809
Q9UMS4,22.967561413281384,32.53521190968634
Q9UMS6,23.98809680723881,32.10352395128325
Q9UMX0,20.75910113161072,29.99463082292766
Q9UMX5,22.20667605053761,30.48847734505476
Q9UMY1,19.426283061859156,26.880068978293426
Q9UMY4,21.06816330248548,28.205325856202457
Q9UMZ2,19.51712706851142,28.461065384404794
Q9UN36,19.13458023611557,26.265159230239878
Q9UN37,20.39460393176823,28.15003610377107
Q9UN70,19.892760785871904,25.409253375832268
Q9UN86,21.89015717055779,30.367334437670117
Q9UNA1,18.415030963923307,23.073276662457886
Q9UNE7,21.754452379047365,29.300894299150333
Q9UNF0,21.014997896068337,29.115444663548104
Q9UNF1,22.547956357506937,30.17852194786273
Q9UNH6,20.768251305699508,28.783340066020106
Q9UNH7,22.47567624594949,28.507148169457466
Q9UNI6,21.407228399568833,25.903604302952882
Q9UNK0,21.158865237203784,25.118538156385437
Q9UNL2,23.25421050006181,27.59564688210442
Q9UNM6,21.79190194876393,31.260494580024563
Q9UNN5,21.732093146375604,29.267368651520997
Q9UNP9,20.58254081705832,29.045800520107107
Q9UNQ2,20.550055939142695,27.779916908399137
Q9UNS1,20.769578166993192,27.10212842727303
Q9UNS2,18.626204220743563,29.65191601210722
Q9UNW1,20.467757374985343,28.704453545832504
Q9UNW9,20.984449271678365,24.039717541995145
Q9UNX4,22.629384266008476,29.320156977786535
Q9UNY4,19.939601724685545,26.85648379153485
Q9UNZ2,22.240114572488483,30.49872493533513
Q9UP83,18.990620018264888,26.892535347461592
Q9UP95,19.42309523340039,24.69940983602585
Q9UPM8,17.525416779933753,23.786198723088038
Q9UPN3,24.317739017274498,31.320963108643127
Q9UPN4,21.423564409739583,27.887745079198787
Q9UPN6,19.5493684115038,26.44566716847081
Q9UPN7,18.812357559059503,26.752706043700847
Q9UPN9,20.267373302995455,28.0196440068703
Q9UPP1,18.683430619855454,23.959859321702417
Q9UPQ0,21.932101154303776,30.30545503641543
Q9UPQ3,18.714386482828676,26.147399386298964
Q9UPQ9,18.665828708114073,24.834042549504655
Q9UPR3,18.276254993624164,24.67095317498982
Q9UPT5,21.741081508606715,29.264073153208344
Q9UPT6,18.440082330746502,25.09030592598302
Q9UPT8,19.915127168113905,28.21073943163427
Q9UPT9,20.112486036041503,23.286455250247496
Q9UPU5,21.354038113101463,28.109822790058825
Q9UPV0,17.66628843711873,20.429860291354334
Q9UPW0,17.72113150582522,24.79122018287454
Q9UPW5,19.45858071529709,23.729353649422837
Q9UPY3,20.020398722479136,27.519905514119106
Q9UPY6,19.51966437262296,24.7993786172484
Q9UPY8,20.993240726705395,26.477636845924785
Q9UPZ3,16.05139753956857,27.15929040435271
Q9UPZ6,19.726594142072287,27.04644830752954
Q9UQ13,18.42573477034079,27.83748959459632
Q9UQ16,17.018956999537224,27.82267420448905
Q9UQ26,18.280253241664628,20.40739329244107
Q9UQ35,22.87069238675362,32.366197930841615
Q9UQ53,18.081976478647412,23.02435158340001
Q9UQ80,22.57382342101056,32.9605283123935
Q9UQ84,17.666917017052008,23.460357526203342
Q9UQ88,20.109052021025512,24.972961868271963
Q9UQ90,19.070508816744365,23.13720271036955
Q9UQB8,21.742010957477262,28.143115739295514
Q9UQC2,19.19400264080602,27.7169708226475
Q9UQE7,24.63405460930802,31.950003603112037
Q9UQN3,20.360262370795642,27.154658027167912
Q9UQR0,21.023556270669413,28.5059345813245
Q9UQR1,19.25135513177198,27.271506119768127
Q9Y217,20.445711462727612,26.08690344523259
Q9Y221,20.131166317635852,29.025656632331504
Q9Y223,21.07342011266786,29.171805874147783
Q9Y224,21.41631670648805,29.88897242914272
Q9Y227,18.576545830678707,23.592874782344126
Q9Y230,22.55658073014853,32.99126394821849
Q9Y232,19.622702568021907,27.327307996287225
Q9Y237,22.178531797311795,29.96415338178164
Q9Y243,20.49307087368929,27.876849170009272
Q9Y244,18.154623521927753,24.71018670992349
Q9Y248,19.273434547974237,27.0301840465385
Q9Y250,18.759219373165497,24.73914863728884
Q9Y262,22.9919846338245,32.177917078788354
Q9Y263,21.321428627731255,30.347954929358735
Q9Y265,23.65364187070123,32.71794940111018
Q9Y266,24.406638540059905,32.676631719309675
Q9Y276,20.40015401322944,25.750099901693147
Q9Y277,21.440176672830294,31.37289310572271
Q9Y281,23.483413540516178,27.800776579232984
Q9Y282,19.133626119170028,25.45739976132297
Q9Y285,19.449246105987935,31.530037474490893
Q9Y287,18.068068362705432,25.351902443136023
Q9Y289,19.570171311629483,26.95834806126606
Q9Y291,19.358735988839882,26.14156130458141
Q9Y294,21.273213999576317,27.469178762728365
Q9Y295,21.99134034077922,29.22569511282447
Q9Y296,19.888509025566634,27.011148082570706
Q9Y2A7,22.684003849887702,29.975255350192807
Q9Y2B0,19.61277368781718,30.12734305229364
Q9Y2C4,17.91394999213631,24.303821779606317
Q9Y2D4,18.887830919280027,27.311549198668448
Q9Y2D5,19.460782741876425,27.275905209494812
Q9Y2E5,16.913623754108645,22.954085704659143
Q9Y2F5,18.393878068135088,25.637602740543503
Q9Y2G0,17.73369637495,22.499424766488968
Q9Y2G3,18.142067333767564,23.98985873938715
Q9Y2G5,21.346446474260674,27.583816490733515
Q9Y2G8,19.720227004183467,24.593876398693528
Q9Y2H0,20.721931294905502,26.664760882390112
Q9Y2H1,19.87660587574549,26.834070563033496
Q9Y2H2,19.49312057222169,24.08600441985688
Q9Y2H5,20.757857412208082,28.857124344339052
Q9Y2H6,20.863374785307265,28.34243929509616
Q9Y2H9,19.015971932434184,22.566207836008946
Q9Y2I1,18.930801212197018,23.787848270995696
Q9Y2I7,19.67008879895631,24.76842703657056
Q9Y2I8,19.622318695641983,26.531801163559823
Q9Y2J0,18.726306515310398,24.44841586340721
Q9Y2J2,19.18652555022491,24.452948273560953
Q9Y2J4,18.57162388911163,26.79273242941294
Q9Y2K2,17.619894331708185,22.82725488875338
Q9Y2K7,21.249804605903503,27.442486756245305
Q9Y2L1,22.464817439285707,30.658718874304217
Q9Y2L5,20.128553855843787,26.914621458664026
Q9Y2L9,20.62117777979535,24.893738499540156
Q9Y2P4,20.6969951095013,26.027688309415755
Q9Y2P8,21.6741056697517,28.48404417136097
Q9Y2Q0,19.76641104944099,24.594367605621308
Q9Y2Q3,22.546194640478017,29.998163934466735
Q9Y2Q5,19.775699231266625,27.58275046323818
Q9Y2Q9,20.320278209692344,27.46763430296373
Q9Y2R0,20.509225150110684,26.090222201638014
Q9Y2R4,18.667717286085317,26.001272475744436
Q9Y2R5,19.77969656281288,27.453299972333312
Q9Y2R9,20.59628770907073,29.200047365682394
Q9Y2S6,21.71889897167681,28.0006912315091
Q9Y2S7,20.427980762458983,28.867962969682175
Q9Y2T2,20.535732644862,28.077753023372058
Q9Y2T7,19.73116552103409,25.883846705502695
Q9Y2U8,21.256049732713073,28.000226649954893
Q9Y2V2,20.14285957796933,29.854411163844
Q9Y2V7,18.66830196323609,27.653717746725686
Q9Y2W1,22.99654905980563,32.293847944666624
Q9Y2W2,22.23123858712799,29.71955230414001
Q9Y2W6,20.667131810035407,27.734391412387005
Q9Y2X0,21.09553109214977,26.1183696109211
Q9Y2X3,22.198381455677442,31.19664085060491
Q9Y2X7,21.08046264763867,29.38850064708133
Q9Y2X9,19.02711105486275,27.481235745717434
Q9Y2Y0,20.295046028328084,26.919956291631898
Q9Y2Z0,21.19699496018665,30.345685504947998
Q9Y2Z4,20.12668483909633,27.477701833804236
Q9Y2Z9,18.590121846355586,24.514009019639666
Q9Y303,20.05251609900788,25.089100076993486
Q9Y305,20.21659949872696,28.460883082392503
Q9Y312,20.711609365359788,29.81278755529328
Q9Y314,21.145224173758475,28.890016304934807
Q9Y315,21.163226166977694,27.433058598044905
Q9Y316,20.618352341171768,26.899575326878423
Q9Y320,21.349173277102615,27.962777654361265
Q9Y333,22.121552424562676,29.74207202145769
Q9Y343,20.987960164867317,23.678471515946374
Q9Y365,20.35932694108598,24.060942349542017
Q9Y371,19.98210942535362,28.437802872153174
Q9Y375,20.17574613504333,26.360733093499015
Q9Y376,20.643477767309705,27.85429163653728
Q9Y383,22.900519805142856,30.22559680828867
Q9Y388,21.766580948133488,25.64486217136503
Q9Y394,20.91101435661878,29.208494822685882
Q9Y399,19.407312395438243,28.107320549616094
Q9Y3A2,20.608759192036555,26.301834717420395
Q9Y3A3,19.371554438579967,26.94622180028703
Q9Y3A4,21.256663681010767,28.782445831561642
Q9Y3A5,21.859812348461567,29.66689609793994
Q9Y3A6,20.582282605662588,26.978324708235704
Q9Y3B2,19.855545248489683,28.430415227457985
Q9Y3B3,22.265468557106768,29.04258866540416
Q9Y3B4,20.84690512986761,29.609631054269613
Q9Y3B6,18.912516416632947,24.557695477703522
Q9Y3B7,22.667005222163528,27.98906065414694
Q9Y3B8,21.11362058128649,28.762789727114384
Q9Y3B9,21.016489644546994,28.28466536729106
Q9Y3C0,19.220407237236522,25.657624865203992
Q9Y3C1,20.577927143149413,28.16749323479307
Q9Y3C4,17.356159584508163,26.72159380100285
Q9Y3C6,20.883814796760696,29.623035596624636
Q9Y3C8,21.16064493676608,28.929687506267797
Q9Y3D0,20.525375434450094,27.36915088667971
Q9Y3D2,20.38954698242066,28.033843465411895
Q9Y3D3,20.40005784092238,27.047272622301577
Q9Y3D5,17.091030769998568,24.69027527574464
Q9Y3D6,19.689911389107102,28.620774136876353
Q9Y3D7,19.03057191908976,26.861589596556776
Q9Y3D8,19.497418155128763,26.37308460014323
Q9Y3D9,21.542562955627858,28.801248465870916
Q9Y3E1,22.25780732548745,28.644290831083843
Q9Y3E2,18.848629755611903,26.850222075957486
Q9Y3E5,19.15003928408281,27.82828320498993
Q9Y3E7,19.07594592440988,27.851528916611155
Q9Y3F4,22.886684520677655,32.037947641454736
Q9Y3I0,23.225500439179,32.24922906027435
Q9Y3I1,18.748559846390588,24.396684407462107
Q9Y3M8,17.49773329312884,21.9526067147309
Q9Y3P9,21.199940759922224,28.25762875565768
Q9Y3Q8,19.773114027737567,25.56389004139352
Q9Y3R5,18.929878703496147,23.211617718713086
Q9Y3S2,18.481880277545056,23.811438589631344
Q9Y3T9,22.184341662185915,30.22331108775186
Q9Y3U8,21.335227457161658,31.4800167930452
Q9Y3X0,19.844160066159233,28.645181673557946
Q9Y3Y2,19.070254303726593,29.03186648589228
Q9Y3Z3,21.622940775271847,28.300729534140277
Q9Y421,21.869345130809307,25.332710944827497
Q9Y448,20.25308230886439,25.320042655869948
Q9Y450,21.95899584514662,28.936858433393223
Q9Y463,17.91315612222013,24.695669508682226
Q9Y478,20.16736394574043,26.954938718228462
Q9Y483,20.392220663732658,23.362448062088795
Q9Y484,19.545094300579716,25.272505206877373
Q9Y485,16.645672527195174,24.148493727610237
Q9Y487,19.868107720494216,25.648546874377157
Q9Y490,25.576996015811538,33.542856723222606
Q9Y496,20.639894718213323,27.805318359301538
Q9Y4A0,15.92530080071474,22.36891936892436
Q9Y4A5,22.798097785243613,30.24535301122801
Q9Y4B4,19.278796544366774,23.042292608382276
Q9Y4B6,20.47991286351544,27.147398017901256
Q9Y4C1,19.106522634998093,23.428405988754047
Q9Y4C2,21.88369562912939,29.626903363980585
Q9Y4C8,20.121995573036696,28.000910011731214
Q9Y4D8,19.438648196317374,23.472356054628627
Q9Y4E1,18.229362369481773,24.145864451375232
Q9Y4E5,20.43182902579745,25.103988116871417
Q9Y4E6,18.659722693250096,26.14528631557331
Q9Y4E8,19.969257882232686,27.39737744895806
Q9Y4F1,21.558946598420164,28.347583350794086
Q9Y4F5,19.18961706470459,26.177796517475727
Q9Y4G6,21.504425404541653,29.520415269161333
Q9Y4H2,20.12328834995944,27.99495831667611
Q9Y4I1,20.000953665614475,27.84156867250199
Q9Y4K0,20.178327360621406,23.204523981754516
Q9Y4K3,20.52682392895234,24.641569403104352
Q9Y4K4,20.766695950909323,26.4320205957429
Q9Y4L1,25.155428619949138,33.780785853362936
Q9Y4P1,19.4933112563684,25.810820751360076
Q9Y4P3,20.536941907049915,28.27497488585267
Q9Y4P8,20.949777869168855,27.428661712393353
Q9Y4R8,20.85186385157192,27.73106514448887
Q9Y4U1,18.993177895324852,24.86432336994949
Q9Y4W2,20.22709604401393,29.642326868198285
Q9Y4W6,21.70107705033046,28.589578707076818
Q9Y4X4,19.364165483323056,24.22082362742934
Q9Y4X5,19.22828800798998,27.06837589648815
Q9Y4Y9,22.681773357359774,21.96033607845234
Q9Y4Z0,22.374782676115142,30.326719564294113
Q9Y508,21.233649296324817,25.93060842939742
Q9Y512,21.63964433401276,29.87486322535338
Q9Y520,23.424441483065156,30.993856637108603
Q9Y530,19.33127222698909,26.53211176126257
Q9Y535,18.248303668303983,23.748617806521345
Q9Y546,15.06975025646592,23.567782623091375
Q9Y547,19.093145408510175,27.555050737769204
Q9Y570,21.715094576150292,30.068145495447023
Q9Y580,18.294124280622302,27.405425609341226
Q9Y5A6,19.719296062391834,23.255529575521187
Q9Y5A7,18.814312866855328,28.613384115874272
Q9Y5A9,20.5232141594599,29.039271844074868
Q9Y5B0,18.94966892048624,26.615198781637254
Q9Y5B6,20.28097628915918,26.61815875091536
Q9Y5B8,20.94709347088049,27.573526373876327
Q9Y5B9,24.58101618151465,32.58834940251084
Q9Y5E6,19.51381583628624,23.559899024651315
Q9Y5E9,18.349872611176977,23.457091382922222
Q9Y5J1,20.714738569482208,29.64670903768961
Q9Y5J6,19.8947324805162,26.460321323190826
Q9Y5J7,20.160179552182335,27.981505697530906
Q9Y5J9,21.859756338414314,26.031822607278954
Q9Y5K5,20.28981701498771,30.56315529861547
Q9Y5K6,21.09317932693131,27.512728777824037
Q9Y5K8,20.378175672919667,28.74334343999506
Q9Y5L0,23.38811500744449,28.87663848853697
Q9Y5L4,19.03103901427233,29.97576448347057
Q9Y5M8,21.496382992660198,29.751785898299424
Q9Y5N5,19.622594798317675,24.99374516720291
Q9Y5N6,20.15461037671013,24.93741858795849
Q9Y5P4,20.20748361486401,26.80489850446627
Q9Y5P6,20.987630483020304,28.99420844077925
Q9Y5Q8,21.023485761455085,29.382226476742584
Q9Y5Q9,21.185016351294458,29.101508476033565
Q9Y5R8,19.45718009442369,25.726520628658648
Q9Y5S2,21.892538403232244,28.511494605826545
Q9Y5S9,18.799338794199162,30.979326085625665
Q9Y5T5,20.56132548738481,29.713753827213445
Q9Y5U2,19.07226334352824,26.87905941586675
Q9Y5U9,19.462099182215198,26.895039236838052
Q9Y5V3,20.60953614577949,28.83449636982775
Q9Y5W9,19.87364413584283,24.638195316742777
Q9Y5X1,20.03521470413739,28.546092363709697
Q9Y5X2,19.575725473118826,25.283011002374344
Q9Y5X3,18.69830413562831,27.905599695473363
Q9Y5Y0,19.61532886456119,25.790202136850667
Q9Y5Y2,20.219039203658564,29.279395335142482
Q9Y5Y5,20.225083821978103,24.35342658206275
Q9Y5Z4,18.97890827720116,26.01837315811251
Q9Y605,19.764834041097714,26.537744131853813
Q9Y606,19.63213632207841,26.670707447128606
Q9Y608,20.267474728364164,27.208452014095762
Q9Y613,19.909771327587546,29.063123635627193
Q9Y617,23.933361118311723,32.00763680407354
Q9Y618,19.607342081512115,27.84314435948858
Q9Y619,19.782401925581855,26.58206864361021
Q9Y620,18.0454401017144,24.78104102887375
Q9Y624,17.868447607862826,22.997531486140762
Q9Y639,20.07666812002102,27.65867742259128
Q9Y657,20.531006439770863,28.370998230664302
Q9Y664,19.196519091947454,23.793297787685134
Q9Y666,18.215755133336774,23.678858855036985
Q9Y672,17.933088080868174,23.841126741009433
Q9Y673,20.762904317331365,27.889294991441975
Q9Y676,22.00955091382644,30.8241159629743
Q9Y678,22.36711320994916,30.90375089241811
Q9Y679,20.201733888793665,28.18615244191852
Q9Y680,20.19553305581107,27.540383658154745
Q9Y692,19.726755546838355,25.534698482475275
Q9Y696,21.330433312639084,31.659794824535375
Q9Y697,20.786148599140226,28.017938107185756
Q9Y6A4,20.52718450933377,27.019599476581806
Q9Y6A5,21.338114654294632,28.352647284575486
Q9Y6A9,18.162593500204345,28.816718875337017
Q9Y6B6,20.24532060505139,26.600210522307663
Q9Y6C2,20.498733132195188,29.831778132845372
Q9Y6C9,21.391015881775076,30.27705270302266
Q9Y6D0,20.078224879654936,25.5851176493933
Q9Y6D5,18.410910609085494,26.042632880479907
Q9Y6D6,19.960546172697473,27.126761622869047
Q9Y6D9,21.788649575009963,29.44783678251854
Q9Y6E0,20.82909355537467,28.514037189850153
Q9Y6E2,21.76087847653813,29.86909274419925
Q9Y6G3,19.78236917636304,26.057711360571634
Q9Y6G5,20.180619459165236,26.77324236589093
Q9Y6G9,23.29113406076595,30.891699781209365
Q9Y6H1,19.56077856916299,24.231392079564092
Q9Y6I3,21.37489911156631,28.270193190506955
Q9Y6I4,18.806176987148174,25.545620689022854
Q9Y6I9,20.36514424976995,27.334796925528607
Q9Y6J0,19.519338893203077,25.17906324729828
Q9Y6J9,20.16369302274161,26.477258856247715
Q9Y6K0,19.848003730218778,25.974036848677013
Q9Y6K1,21.853651342023703,30.106296832458554
Q9Y6K8,19.23207275197669,22.901034987136047
Q9Y6K9,19.670548755205875,27.73082694561954
Q9Y6M1,21.838497366991582,28.290659130857243
Q9Y6M4,16.649798689929735,24.17843348833849
Q9Y6M5,20.49741585562384,25.491869942887426
Q9Y6M7,18.064681146228914,25.88356800778989
Q9Y6M9,19.32299563228406,27.61561766192755
Q9Y6N5,19.21635153072504,26.504205296886827
Q9Y6N7,20.70029481786259,27.176268535826654
Q9Y6Q9,17.024101162072363,24.963715311685792
Q9Y6R0,19.395199091251925,27.029198747821535
Q9Y6R4,18.968520413909904,23.385738012490357
Q9Y6V7,19.71406837343998,26.402048997711898
Q9Y6W3,19.370249373848754,24.698626940935956
Q9Y6W5,20.50059024239407,28.128079378413823
Q9Y6X2,18.411640140080465,23.402706724863204
Q9Y6X3,19.204178968081056,25.0661984338085
Q9Y6X4,20.541500832170858,26.400081492955238
Q9Y6X8,17.817940033801946,25.611452454328905
Q9Y6X9,21.505688554936004,27.674961353088957
Q9Y6Y0,19.63788284395221,26.753366794744284
Q9Y6Y8,22.474366612270526,29.521360535100772
