ProteinName,TMT,LFQ
A0AVT1,19.173700809074656,26.66500151027006
A0FGR8,17.33387615241045,25.415519421655326
A0MZ66,17.482897297445025,24.60198866749107
A1L020,16.86299106461761,25.313334836165744
A1L0T0,17.37136641863232,25.416496292261467
A1X283,18.89577687226632,26.522351288559143
A2RRP1,17.665563693887602,24.639664295618786
A3KMH1,17.827611429044826,26.907567727287248
A3KN83,16.909143656902806,24.21580131702312
A4D1E9,16.764519476286047,24.287499270426686
A4D1P6,16.467101512161573,23.705447828904088
A5YKK6,19.51441386654886,26.297788794541116
A6NDB9,15.799976338171316,23.700948379599442
A6NDG6,18.100763210394522,26.002416416736555
A6NDU8,14.952812131600783,25.0926748489693
A6NGN9,16.852837236360617,25.02012418816387
A6NHQ2,17.92469687982553,27.87493684174014
A6NHR9,19.31739615763347,28.052109502637023
A6NIH7,15.616861896513546,24.815204943043625
A6NJ78,15.8324562852453,24.116582721572133
A6NKD9,15.27537806041514,23.444090033951493
A6NKG5,20.40118595959166,29.570245145320946
A7E2V4,17.17702101931649,23.33852181584927
A8CG34,16.71935492715789,25.320812183951855
A8MVW0,15.797932814431823,24.361736066470968
A8MW92,15.827277991915524,24.352894217145725
A8MWD9,18.412080276355567,29.607794257155557
A8MXV4,16.260964165776226,25.32656746097296
B7ZAQ6,16.203280800010003,24.94266653558483
C9J7I0,16.984875718936586,24.430266858272603
C9JH25,16.509839629779233,24.486232009476815
C9JLW8,18.850319783149903,26.3896092252118
L0R6Q1,18.54866993285507,25.016258419229864
L0R819,16.16934456886101,25.299605492881323
O00115,16.73462144666098,26.06827342026003
O00116,19.208197893891146,26.806552596485737
O00139,18.762668757017718,26.245430899997135
O00148,19.460783351882128,28.089561178867857
O00151,17.1037325253719,26.848242958706766
O00154,19.087651852528495,29.142850507195266
O00159,18.918347918830325,27.336307485667877
O00161,18.675154529555204,26.357594141150436
O00165,16.866913148379535,25.543445743859355
O00170,18.215653256639186,26.643838676920783
O00178,16.657220607248757,24.609731428983547
O00186,17.660532219711868,25.093030403840523
O00192,15.286628383609811,24.52274383778897
O00193,19.98356303787253,26.436071340743247
O00203,19.26702439288213,26.460425882888817
O00213,15.917624111819451,24.13057849638472
O00214,17.447634929359833,24.904475620672688
O00217,18.307906893502658,26.248350842442974
O00231,19.28412408259124,28.11518869759705
O00232,19.13022164577007,27.6597315600058
O00233,17.67451142695216,26.96581114122287
O00244,18.514804959305245,27.927130252232512
O00255,17.806495119079607,25.09352969429291
O00257,15.74518854312275,23.979989178634398
O00258,16.560039351428962,25.391186742598883
O00264,17.019518564499837,28.019129393821295
O00267,19.07912008960597,26.67028496529422
O00268,16.916427122789408,24.95202649342755
O00273,17.731544813363854,25.993557384622363
O00291,17.609910954400274,26.49470753689909
O00299,19.257603916158622,28.748700828895505
O00303,18.59985649923731,27.935954680675803
O00308,16.60987557502725,23.968242778896133
O00330,17.599705031668858,24.631296197241838
O00399,17.71025775180761,25.53953323347253
O00400,16.739813763431314,24.58592132927123
O00401,16.66021757611575,25.817894881586128
O00410,19.935408113777758,27.757219455447043
O00411,17.423785705165855,24.76266886946799
O00422,19.358118505013902,26.944850145945605
O00423,15.742686217828401,24.35028016841467
O00425,19.29416118727655,27.708422965105022
O00429,19.86101573601119,27.20559777765431
O00442,17.026434606818814,25.499177798676303
O00443,17.74246066295011,24.462125602144877
O00459,15.50359252081352,23.690663668007538
O00461,18.147805738267092,26.226800748897492
O00462,16.106062667638653,23.18164334032038
O00468,16.1052499231367,24.044215830084145
O00469,17.72431379265994,25.859414188695485
O00470,14.433648029599382,23.63908286906279
O00471,17.87600501173638,25.630003861577624
O00487,19.04282874445565,28.2261472669479
O00488,14.37946575698641,25.046962066386413
O00499,17.218267828974945,26.648533881329776
O00505,18.360496985532915,26.92558368564691
O00512,16.09205760757488,24.21965320203371
O00522,16.80355083603506,23.723282342784863
O00541,19.381229921160635,26.151413533366334
O00560,17.673725178803995,27.512750392324815
O00566,18.324177636538423,26.184439010728532
O00567,19.450646092448345,27.43080496039356
O00571,18.70277500968076,27.706684166956787
O00584,17.226568567849824,25.91848158430076
O00592,18.40319108821589,26.64959092357684
O00625,18.562460362033754,27.041932439144208
O00629,16.892638137084838,27.483821857174433
O00712,17.28918604660367,26.167327471734804
O00743,19.89226620762546,26.633969781652247
O00746,17.553973186957794,26.112263796824305
O00754,17.662297481628535,25.236368867476287
O00762,17.414483031767315,26.10137149356381
O00764,16.690973132376975,25.614039896888347
O00767,16.47298534611269,25.435158263632292
O14497,19.04747444674284,27.380472749024303
O14523,14.77092109375062,24.111102310812747
O14530,18.03261663893094,26.225842202628318
O14531,19.067771659903226,27.050830538539213
O14548,17.313549273403403,24.647596458874094
O14562,18.538828712889433,26.992158753533445
O14578,16.488760246405725,24.232288271130408
O14579,18.648335970214283,27.76537212760184
O14617,19.006883570216672,25.967943672458002
O14618,16.324524762138434,26.931590435005187
O14639,16.399364615459323,25.404884770581425
O14641,15.56240441014404,25.268479428768725
O14646,17.92537809648333,24.787261754932015
O14647,16.567211057909955,25.45163628201319
O14653,16.149001897706587,26.160184017863283
O14656,17.53873385485795,25.93264420334095
O14657,18.646601933967833,25.38255279471255
O14662,15.821025135911366,24.605386147226607
O14672,16.32746235672174,25.38875045357643
O14686,16.53098279086949,23.706286878586585
O14733,16.90746545162867,24.34649652951433
O14734,17.2745687520783,25.610440872974923
O14737,18.874215325499524,28.12793795259981
O14744,19.452272229465507,26.92340769405582
O14745,18.813585355868675,26.856003591571078
O14757,16.819682558347896,24.12391504612015
O14773,18.235920668239633,27.178637210058042
O14776,19.924017199632196,27.65769075473289
O14777,18.307937367341037,25.65439617857138
O14786,14.903994711041271,24.19186150571293
O14787,18.130942021562706,25.610383433067142
O14795,16.314442072603082,23.786611436465275
O14802,17.48932782049704,24.648336185280453
O14813,18.365529537421917,27.76947958982541
O14818,19.189985886737176,28.834735516599164
O14828,17.914869654097657,27.54701978079039
O14832,15.246718829267929,23.521425936274888
O14874,16.377249907923034,24.498075672014206
O14880,18.995128113866063,26.578437757000568
O14907,17.948507401106635,27.16977576055541
O14908,17.467280144693884,25.949377194596696
O14920,16.1451836830476,23.85394721909389
O14929,18.56422934956256,28.933504499331725
O14936,17.463539371998,24.82320737963428
O14964,19.03372100887667,26.856679775719236
O14966,15.826618915725756,25.083392892761225
O14967,17.969245550377632,25.903314753093618
O14974,18.72995367496831,26.20790513755311
O14976,17.307859788490468,25.062764874095375
O14979,19.606890038106823,29.65046336661344
O14980,19.47017319504192,27.91414656632859
O14981,17.31294398781953,25.097781388307006
O15013,16.26364517570543,24.12946422614024
O15014,16.58821093643179,24.72228188357729
O15020,18.034655225290532,25.178213336436567
O15027,18.018430439937752,27.97016064967203
O15031,18.998815318241558,25.57450249568384
O15042,19.174879812672625,27.19317582074573
O15047,16.26578131014394,24.629613535808414
O15061,16.370893318148397,24.03375216240938
O15066,16.992257144869203,24.378946078613016
O15067,18.690003432823374,27.158043603480547
O15069,16.106024729910196,25.15970383760153
O15075,16.544070149609222,25.316940240811352
O15078,16.287023364227913,24.263859743760527
O15084,14.607570442411149,24.58697237982155
O15085,17.065301210569697,24.27772515248113
O15090,16.834220929395308,24.29484500560134
O15091,16.813008281277792,23.64941897343451
O15111,16.863051404151527,24.61958224540711
O15116,17.617094417608765,26.216281551731004
O15118,16.332334718126013,24.820831013837875
O15119,17.706213808327906,24.64572903417559
O15126,17.67155318189973,27.101927155689925
O15127,16.035714682394246,26.10704047555426
O15143,18.47133444681175,27.68440365715479
O15144,20.063267060914573,28.480670545312396
O15145,19.530267760525206,28.61687972236187
O15155,17.4427058556641,27.025023108488796
O15160,17.680600886599308,25.88273353355113
O15164,17.297946589344416,25.336181846036734
O15173,17.527448779749946,26.9101034636384
O15182,16.845265152324163,25.35707017139743
O15212,18.9253971580702,28.16867576876195
O15213,16.70957855892275,25.032791556632958
O15226,18.66519164879633,25.934194419180287
O15228,16.999870014048575,25.43072466735992
O15230,16.393635299289112,24.235925923152724
O15231,16.97383962903747,25.29838676680724
O15240,20.908339279575774,31.607374054007405
O15254,16.489740680252574,24.874154152034023
O15258,18.406669125869907,26.994817953528745
O15260,17.42092857388713,25.25502931441991
O15269,17.569926604411414,26.246578581267126
O15270,17.092949320789884,25.129389838785286
O15294,18.42304346210538,26.3368357244503
O15305,17.446173935053686,26.57249112895665
O15321,16.37862768200338,25.53833767653926
O15347,19.144044654639625,28.666047924158264
O15355,19.982192737674758,29.46046071757704
O15357,17.84637397599155,24.78797323085693
O15371,19.173183221955593,27.56775514580776
O15372,19.063976063545127,27.90462556693708
O15379,14.179912821545496,25.108832643355658
O15381,17.75477199531625,25.260818507152187
O15382,16.903697877997207,25.28043209029979
O15394,14.129390818331052,23.957417951213184
O15397,16.222631779315595,26.440755956517073
O15400,16.271833205370527,26.17852978631783
O15427,16.28276317448469,24.769066827552983
O15439,16.4297432319427,23.397508521887023
O15446,17.40675261033032,25.113176402328122
O15460,18.07446232620816,26.21591007914933
O15484,17.804529203869066,25.225137329536903
O15498,19.205628204461412,27.10497772667999
O15504,17.132983707423342,24.43593980521138
O15511,19.682089204306095,28.491840942837822
O15514,17.785085234078874,26.100081911237588
O15525,15.876438392611927,24.988425178176755
O15541,16.51454358323539,25.28518721570901
O43143,20.121740070896454,28.938592067540462
O43148,18.335719540659078,26.45818324552817
O43149,17.41336791111103,23.564675863514132
O43150,15.900500497142273,24.75640299554381
O43156,17.018286702815832,24.41571250223686
O43159,17.56002284275143,26.27018601099329
O43164,14.689399089394108,24.017175788827732
O43166,16.736169171203038,24.653612817085595
O43169,15.18521227324725,27.782898043996816
O43172,18.42029449528364,27.16598334014969
O43175,20.10754017023613,29.21214648555509
O43181,17.862992233095387,25.925259308091235
O43237,18.767569040615275,27.175217716378672
O43242,19.663699180831625,28.199640152132826
O43252,18.881609368754134,27.087401391552184
O43264,18.164643889646953,25.792959519957606
O43281,15.525070967291091,24.227749158266736
O43290,19.27167446517041,27.101825693030417
O43292,17.90924072411202,25.10662323996795
O43293,16.6096265429921,24.472812041617566
O43294,15.27099872274073,23.643130653339608
O43301,15.680964365948784,24.505744620788153
O43310,15.740616813285369,24.13226751214586
O43314,15.716536261149004,24.368511923312493
O43318,16.82187827221994,24.82771203290753
O43324,19.436752960907857,26.727644226146598
O43347,16.87321078834104,25.894734469272116
O43353,16.419183598861753,25.583743309479843
O43390,19.6872113268155,29.75221037268366
O43395,18.709415923693907,26.613454625115452
O43396,18.475966680998635,27.166938031566136
O43399,19.313238200096492,28.35982008861243
O43402,18.1567556105382,25.927813129457213
O43414,17.739933321190325,25.856019582072626
O43426,15.914999419853551,24.65556883619696
O43427,16.703526223055196,24.850911869935608
O43432,18.18592910179385,25.782430099094334
O43439,15.82864165359436,23.92464009732924
O43447,17.615177569137032,27.20487391076812
O43464,16.65461547320949,26.191774315621153
O43488,17.941808643342007,26.856531449723768
O43491,17.130959495367453,24.580201051580453
O43493,17.164316959848403,24.676593139349745
O43516,15.915426616791217,25.811604343753213
O43524,15.227405257013675,23.73076262259056
O43572,14.012266225133208,24.73430268687717
O43583,18.406125539511738,27.069724104329328
O43592,17.839134462060223,27.824591283678963
O43597,12.9916178558834,23.183270319192594
O43598,18.54390855518568,26.177205315465912
O43602,17.32661592760836,26.393618542539194
O43615,18.306265754562588,26.445146322464524
O43617,18.152531218189182,26.064637604526528
O43633,18.517574966991482,27.43734594267465
O43639,16.547727546802736,24.446845154982803
O43660,18.727661531373776,26.81069368593371
O43663,17.221221152592868,25.78932740713525
O43665,17.307981671111218,24.217531480674783
O43670,19.269215805886308,27.93763258237555
O43674,18.09723460517166,26.326500567247436
O43676,17.936696463918715,26.625551347705137
O43678,17.20170053823695,26.42682977103784
O43681,17.574111193250314,27.45092520762486
O43683,14.831961403569007,23.683884447870227
O43684,19.164470858920215,28.48018174381215
O43707,20.295214360206906,29.450637755171282
O43708,18.48088584020212,25.67240881355722
O43709,16.640413886223463,25.57914514082954
O43716,17.415424347655204,24.526165255179908
O43719,19.33888362844222,26.06890208334486
O43747,17.716281156717972,25.969892280626173
O43752,16.734291303573517,25.32750176308709
O43765,17.98214979110805,27.60618032702786
O43768,17.472792613570427,27.15106804140715
O43772,18.53380710139524,25.702358508807222
O43776,18.926554311069022,28.201997271752045
O43795,20.037613162270805,28.329067501476537
O43809,19.025583056631476,27.910944233736927
O43813,17.30000570603295,27.321175173384997
O43815,16.726121942991696,26.142530809018567
O43818,17.588830781324425,26.50129987273265
O43819,15.65666056168142,23.841286959442733
O43823,17.946263252286176,25.722291084429123
O43826,15.671342431249599,24.61347710753289
O43837,17.951636789619442,26.003260607810393
O43847,18.222375810569893,26.672469641324458
O43852,20.006677649644224,30.05803290378824
O43865,16.80206560656753,30.221480731236507
O43913,17.194139949642437,26.42037137520433
O43924,15.820703602778975,25.282028098397852
O43929,17.709148722479522,25.675425415264904
O43933,17.05937971974269,24.079579346389615
O60216,18.303841073501196,26.811166055908217
O60220,17.22806740433072,27.307520260253707
O60231,17.46116754108187,25.32786330471784
O60232,17.604845737171186,27.339512718930184
O60244,16.832869127957675,25.418591943290284
O60256,16.575404839767135,25.724750989167227
O60264,20.31032863434448,28.05078703318002
O60271,19.12298699889789,26.31813229861371
O60281,15.933935577927025,24.541700464327445
O60282,18.663048628424832,26.197708750288346
O60287,16.654473781320775,24.367134360774198
O60291,15.763969883708429,24.114422128253125
O60292,15.18189169189627,23.743660130094568
O60306,18.284968479957847,26.326347670351556
O60313,19.17554628577869,26.45478950881205
O60315,16.79876914658028,24.293858600934726
O60318,16.274345370601143,24.776610130837874
O60333,16.723553684852053,24.830230333524323
O60341,19.21998380536682,26.6575415007578
O60427,16.391144890886192,24.913883404500563
O60443,18.107380588589372,26.10623318526731
O60476,16.48459264548848,24.21017060596607
O60488,18.214968393324497,25.062647865354318
O60493,18.458919560647782,27.77436495819203
O60499,16.737159588559795,25.3635519349322
O60502,18.043620478507783,25.367673260842068
O60504,17.43762576225384,25.53116338862714
O60506,19.816913758807907,29.373309274525347
O60507,18.1737593589902,24.980439674881683
O60508,17.57583804724569,25.56457856400889
O60513,16.30179899814745,24.99481709052094
O60518,16.932913505421375,24.727080238888064
O60524,16.520795661325238,26.503380402680055
O60547,17.101756643059336,24.607440660653964
O60563,16.965683220870066,25.242776021658138
O60566,16.399533358983668,27.596209187704126
O60568,18.98203639812777,27.98875816888948
O60573,14.557110835155669,25.10457250740891
O60610,18.914650506052954,25.777460386252688
O60641,16.934919690454553,24.155292485928054
O60645,17.66123626878132,25.803754657126444
O60664,19.146790259000575,27.827360380572724
O60671,15.124336647321822,25.569477559039377
O60678,16.96965212187789,24.567286254398326
O60684,16.84086161289848,27.36757128888794
O60701,17.72442115703897,26.9622824668904
O60716,19.21457266441312,27.692332380704407
O60739,18.36324232662411,27.925717374139257
O60749,17.97390207471828,26.365353115772738
O60762,17.328741933995826,27.644949963071387
O60763,19.887774611376905,27.199367217689016
O60784,16.019178430215234,24.91061071007165
O60826,16.701156279551462,24.755726940899244
O60828,17.70220555462202,26.427649827157527
O60830,15.34427440605065,24.52194632907428
O60831,18.62877110314239,27.32535859259474
O60832,19.417683851155807,27.06868639212713
O60841,19.47840317715703,27.692371580371923
O60869,18.553538672687917,28.17452970386769
O60870,16.907809635550738,24.514899103327547
O60879,16.136956188514922,24.448342066863813
O60884,19.009783784574378,26.39306451030616
O60885,18.35598219337566,26.334783331647337
O60888,19.15361984706697,26.821688569627238
O60925,17.10590408503326,26.638055055724163
O60927,16.09223822193264,25.5639841493712
O60934,17.610204343082618,24.692496470149134
O60936,14.830476226608841,25.088977893792535
O60942,16.256352931110698,24.42808599149637
O75027,16.43757744074339,24.058597589848507
O75044,17.345160913908646,25.007767690933203
O75051,16.107445973274483,24.024070758748117
O75054,17.715502376973753,25.309806297283487
O75061,16.582562526281162,24.64612141699697
O75063,17.21886313013614,24.616678957575157
O75083,19.94178052664042,28.688698633467688
O75113,16.13583705246581,23.731841051618577
O75116,18.621193525396546,25.466549182959717
O75122,17.700613298201834,25.55121240440102
O75127,15.336418979558747,24.20078254018418
O75129,15.358735734817401,24.31822236473757
O75131,18.645809961041458,27.545636839336215
O75132,16.275533371898103,24.270015287587036
O75145,15.819015121176507,23.84741860410152
O75146,17.861093062644564,24.801613229943932
O75150,18.170813874349108,25.969805501844462
O75152,17.900834014261278,27.926140566412005
O75153,17.46792272855064,25.34229550120019
O75155,14.789704037976541,22.84341888684814
O75165,17.87038192710643,25.861763943035626
O75170,16.967971659881492,23.659851557539668
O75175,17.820310549721608,25.42807597845457
O75179,17.581911388178394,24.542147294593537
O75182,16.34359939189683,23.798307283733546
O75190,17.2526171254703,25.978872902488675
O75208,16.83864738780836,26.671587786186603
O75223,17.715396617987565,27.139268189939806
O75251,17.52266164134114,26.05723909302124
O75306,17.226252875871502,26.03945024592484
O75312,17.67312446140035,25.81673252825969
O75323,17.897053887365573,26.56036289509988
O75330,17.138041690284624,24.645759126132337
O75340,17.910462410300557,27.67851526468621
O75347,19.617614313299477,28.54821738748654
O75348,16.74987448910837,27.54625706728341
O75351,18.655026861644785,26.395193723380327
O75367,19.21006477321515,29.1987557418561
O75368,17.007449566850493,26.872044690677892
O75369,20.464694374232124,28.825535752633638
O75376,17.07466553434515,24.258048694603147
O75379,17.681542476231513,25.978770859376187
O75381,19.006211098867265,26.41076420115672
O75382,17.313870571212444,24.550425054816895
O75390,19.646870586982466,28.48007726146524
O75391,16.906031700709093,25.797229760320846
O75396,19.171800949966833,28.36248592322151
O75400,19.511257937548255,27.47128962718044
O75410,15.886419731741748,24.444866647937758
O75419,14.733415514450932,24.253321065516474
O75427,16.385344636666787,24.78996674858968
O75431,18.885825421303313,27.38724741910338
O75436,17.92355236103588,26.61190571286847
O75438,18.48617565164064,24.727315779640204
O75439,17.851458996503627,26.485133426329092
O75446,17.274581263653698,25.231066563170735
O75448,17.028806374328845,24.81307010371227
O75449,15.466437490667477,23.9873189261892
O75475,20.610290555114467,28.719987994224375
O75477,18.082826434122673,26.14613864218231
O75489,17.969301364743693,26.769978278654197
O75494,18.69949065724089,29.097958673373967
O75496,16.675142302547428,24.57324266370251
O75506,15.222342051659593,26.27117739043473
O75521,17.872353356227606,26.653415395393168
O75525,18.308061390094075,26.76636768846441
O75528,15.84249581105354,25.92562385611943
O75529,13.19679308134398,24.59433064132646
O75530,16.557764692107973,25.36529681943597
O75531,20.264131958200245,29.67501654678512
O75533,21.051843040725593,28.62560983966148
O75534,19.313906669683057,27.865544702132894
O75554,15.383964920514392,24.943101777856175
O75569,17.943734207307845,26.799449428739845
O75586,16.5828303835187,24.476882451213438
O75592,16.691607755856186,24.518141661058287
O75608,17.80228062556723,27.565461809861237
O75616,16.902137185261715,24.81569951682593
O75643,20.894511862180213,28.730469175133802
O75663,19.02512964238193,26.570543230212607
O75674,16.91666497662541,25.007806911821366
O75683,18.20760885546735,26.6976247397935
O75688,18.020532677728127,26.114979532860335
O75691,18.22306305360066,25.52755256086106
O75694,19.107013122011463,27.75880938917136
O75695,18.154822045444334,26.027221438999707
O75717,18.743945643439275,25.55541269872071
O75718,18.082066337212897,26.27017961262033
O75746,15.578927365039062,24.522876973509316
O75781,17.237901868847587,25.656753295846897
O75787,16.97639900279933,26.05053496683188
O75792,17.469496184827083,26.30806671412923
O75794,16.655421058544942,24.842929715423736
O75818,16.995403638399253,24.35574997801107
O75821,18.57215984731234,28.33358705320626
O75822,19.456725617876163,27.416517411171284
O75828,17.475869902876106,24.841042640810336
O75832,19.433747285591114,26.296000752239138
O75843,16.532939253772422,24.25452493923919
O75844,18.813634032653137,26.644539652015354
O75874,18.833194273001677,27.681406776529556
O75879,16.761122902165972,24.49073485226795
O75880,17.406581274199002,26.35238251379958
O75886,16.63943905414081,24.989601578375062
O75909,17.410182333892017,26.15913585254543
O75915,19.69541254244464,27.432540594215524
O75925,15.200123660297566,24.453996937277314
O75928,15.712414419836412,24.242388902382466
O75934,17.343090517163496,27.167384236009195
O75935,18.473896198076417,27.130301629902554
O75937,19.3433113401595,26.464885607415365
O75940,16.756506370813682,27.279866718654738
O75943,16.169136085877227,23.572263932118503
O75947,19.51862105657215,27.447991655075235
O75953,16.691391511302875,24.471197860156423
O75955,19.125924225242066,27.98212207052092
O75962,17.594462591199687,25.033336582262088
O75964,18.203983508906376,28.54652274002103
O75970,15.767854351588735,23.822279456270174
O75976,17.557973559814542,26.167193511225662
O76003,18.96527267725529,27.35067933599398
O76021,19.25477711437327,27.463904760652575
O76024,16.510314848322647,23.633924134570233
O76031,17.774080889016552,25.988835741924277
O76054,14.557320507068706,23.71090580751682
O76094,18.333305994511946,27.303177899244073
O94760,19.70733945330919,28.622477687779796
O94761,15.782564545921792,23.475334221397507
O94763,17.02919854782443,25.68977472483085
O94766,17.337843831602743,25.397295028902704
O94776,18.926959252219486,27.11185889833744
O94804,17.228822393777527,24.59466856263239
O94805,15.04800913205894,24.54495917245889
O94806,16.487935552067228,24.224381490733098
O94819,15.924543126085753,24.166438870354895
O94822,17.357410465181935,24.793874592749958
O94826,19.03041161572058,27.53932905279186
O94829,14.718186153318719,25.05104033165552
O94830,15.474996389593143,23.00700347726868
O94832,16.090271330334932,23.870426314516386
O94842,17.087233871582313,25.49221648175106
O94855,18.288705333299983,26.548297835697515
O94864,15.354515764105763,24.584039575981823
O94874,18.82644949908183,26.510436775765513
O94880,17.27421916742416,25.607918773033205
O94888,17.13247950685445,25.546037420712125
O94901,18.398167342833375,25.862031177404404
O94903,17.885271607997097,26.12521728421781
O94905,18.888300280250593,26.73705487189741
O94906,18.627162757560402,27.391888974951048
O94913,18.044662048867806,24.58867503882544
O94915,16.67844994223842,24.316965190483867
O94916,14.851562316906552,23.97824973248852
O94919,17.00992006197251,24.387191367972626
O94925,19.316002751732427,27.27988959205559
O94927,16.04362594876907,24.646039514522407
O94955,15.671154894770135,24.884686411209763
O94964,16.744688889109053,24.225076131214813
O94966,15.776867307526597,24.51638833636296
O94967,16.90601192745302,25.1733917866344
O94973,17.88972190491375,28.582885125046488
O94979,19.714437778654236,27.491287514168736
O94992,17.441013719839077,26.077841930104935
O95070,15.60980983464289,25.481408672654172
O95071,18.12978525125302,25.49704553589192
O95072,15.307252226297118,23.887852948791465
O95104,18.130091770188244,26.01790655404055
O95140,17.43400512299173,25.014074332812022
O95155,17.545645024572153,25.70165824289101
O95159,16.44924877530775,25.670755915424987
O95163,17.58011823987089,25.785608065382636
O95167,18.085007157051553,26.236608751720713
O95168,18.649454284638978,26.443752307105004
O95169,16.371395419653386,25.24900476349804
O95182,16.741024407312928,25.507050636653336
O95185,16.59030421206239,25.362246080241743
O95197,15.21072850677142,28.465497781369884
O95202,18.868081561097753,26.783034839783937
O95208,16.995171424466676,25.39137727227608
O95210,17.168472870309884,24.97575610619381
O95218,17.34074449597078,27.4174425465534
O95219,17.688779111587664,25.56657004993152
O95229,16.49104673105169,25.502658444621503
O95232,19.634447146780772,27.313771959261132
O95235,17.407842256885008,24.691144524214565
O95239,18.34085079859798,25.442636598716085
O95248,16.170614219993567,23.856417169539483
O95249,15.41683037817006,25.475169774304543
O95251,16.69489936240005,25.311777885794907
O95260,17.91439305253181,24.775133810340982
O95292,18.986280795335006,27.90905486360377
O95295,17.944630929832723,25.858356587970675
O95297,17.897834163246348,26.77983545500063
O95299,17.672978873069088,26.08329959442498
O95302,17.478749015718225,26.809494175250464
O95336,18.57870717745331,27.682072023226137
O95340,17.224123049684618,25.240609570584237
O95347,19.452495902766813,27.401152482256283
O95352,17.27586072009235,24.32409436633773
O95363,16.939844782755323,24.61748167399076
O95372,18.74302311768831,27.017154389474367
O95373,19.079401943881805,27.759516370315996
O95376,15.707665278613923,25.193162316190346
O95391,16.460788662026427,25.123660658480812
O95394,18.495540032107616,26.652195447667008
O95396,15.392077221968782,24.10272334475
O95400,17.14316065181961,26.828121808266587
O95425,17.054901584591846,24.494281067605268
O95427,15.344109073342077,26.45135906829041
O95429,17.373025637212947,24.519566250925713
O95433,18.977496330471176,28.352170458404846
O95453,18.809233550157884,27.025627419321214
O95456,16.582392006369957,27.37957098304489
O95470,18.550986677357326,25.855504205999726
O95478,17.703655882912614,25.677798555790464
O95479,16.903815135548886,25.137364052479917
O95486,16.304694423299505,24.912775365509845
O95487,16.823759371040925,24.812982310157416
O95490,17.993647546491097,26.523850738365848
O95551,17.10693062638216,24.271807513105703
O95563,18.989044322830047,25.942031553158156
O95571,17.45873262791248,27.348192160957044
O95573,17.361275136674582,26.44293138189345
O95602,17.95748148830717,25.55146551765075
O95613,17.08012911093127,24.183199507161934
O95619,17.869794870426624,25.483882308996094
O95628,16.321372942012356,23.568757977781814
O95630,16.679794316710325,25.272105152005874
O95639,16.53749479057232,25.82363483086337
O95674,18.13535216236095,26.361593267110024
O95684,17.423922195415475,25.025653857833717
O95696,15.779899715008508,24.39480094099657
O95707,16.92191564945299,24.57444252656241
O95714,17.279455416616784,23.993927284996985
O95716,18.094856716489836,25.447322330283985
O95721,16.689106740714866,26.328646536805223
O95747,17.204251691374427,26.317937724330985
O95749,18.72606323056225,25.441298451619115
O95757,19.13351845648964,26.71758643043973
O95758,14.16995161341008,25.6665043972345
O95777,18.4858088650326,27.679010574792247
O95782,18.339872301311868,26.832626355756307
O95785,18.284363196311478,25.86305721343751
O95793,18.23189744489481,26.814613915565797
O95801,18.14559848533788,25.3647154813745
O95816,17.70343461144092,26.989618756588925
O95817,17.049133095251612,24.828047879730704
O95819,17.022388924427023,25.175166350402762
O95822,16.904477365123828,23.834598642282884
O95825,17.16797104438476,24.834729148303868
O95831,19.65313054172001,27.45740575004481
O95858,15.897316619802865,23.31631937768452
O95861,18.418157054204194,26.975270766907208
O95864,17.45404372385542,26.760137067264328
O95865,17.742531591508087,27.620304033214907
O95870,16.152515172391805,24.547475843967376
O95873,15.80612011261106,25.968777033638478
O95881,19.965199769398115,28.47011624509813
O95926,17.31175397775836,25.536607692610854
O95983,18.39508278650407,26.32107589032246
O95985,16.083532724844755,23.73348278653942
O95989,16.64449411710415,26.019206998505815
O95999,17.06293785372696,25.029403365167443
O96000,18.22624495859561,27.087623808031385
O96005,17.05099484872389,25.786324267157497
O96007,16.116028208368725,24.063251881748222
O96008,19.56229326099153,27.24565333894652
O96011,17.218834321451375,25.32555151487112
O96013,16.894749300679774,25.14335020267518
O96019,17.935660721420287,28.21608216717338
O96028,18.36433531128739,25.422679733738054
P00167,18.806607977263834,27.817951489920265
P00338,21.85826915187387,31.295037396660437
P00352,15.401337541932206,21.950926045908734
P00367,17.97004259488938,27.219513340247648
P00374,17.332268794168872,25.290473257923342
P00387,17.944225109157152,27.462125681906922
P00390,18.779804747847777,26.910225868404524
P00403,17.437739598840142,27.768171378159405
P00441,19.194349108752498,27.67757088640851
P00491,17.965529122707707,27.202164817215692
P00492,19.678565536981164,27.777153981349898
P00505,20.460607294671107,29.31750033518899
P00519,15.861122213456092,23.737978732104516
P00533,18.091004588984163,25.46924076296736
P00558,21.106679164763953,30.960888573537233
P00568,17.72744505427394,27.532017767537177
P00813,16.58776470806936,24.327948666435976
P01023,18.00089201603183,26.287471792909912
P01034,16.568751347879996,24.90570227950601
P01040,16.229294720100803,23.967055240560292
P01130,14.285009340783237,23.991497453391034
P01282,17.286752668207857,24.878724596962225
P01303,15.873288976967704,26.458179229120145
P01889,14.282046693512315,24.92577852161185
P02533,14.804664039473275,24.982495089660617
P02545,20.897718717392543,30.985707198756742
P02748,15.703615417027446,25.866214803839696
P02751,15.358460693701858,23.29932341722447
P02768,18.767898517195686,26.102997117191034
P02786,19.796379318555996,27.773481367196354
P02794,17.362477458893416,26.66425469520675
P04040,18.068204074539103,26.786623325527486
P04049,14.629597390708051,24.78781131387321
P04062,18.111003535330795,27.112813772023436
P04066,16.938738300088882,25.263796718143826
P04075,21.19762207267519,31.044806449419998
P04080,19.633017464178316,28.6682216937553
P04083,19.910160698509156,28.691557442490026
P04179,19.564102860732458,28.612911417698495
P04181,18.877151990679998,27.778871707154742
P04183,17.618433068522307,25.654549281797113
P04216,16.626304991977392,28.553295068312472
P04264,19.305006920461086,28.572143584612103
P04350,14.317189118003512,26.919243356975183
P04406,22.52130915597185,33.101149935802816
P04424,18.64506113566153,26.289367695987487
P04439,18.05399130094098,27.102853571302433
P04632,17.51640293379958,28.00537648739629
P04792,21.08915712073335,30.818599771027355
P04818,16.93837901321604,26.397645452681164
P04843,21.15713291625391,29.013839680937846
P04844,19.31563924142914,28.159782850794997
P04899,17.035119344562332,27.585943313934965
P04920,15.141181951112241,24.05236423275577
P05023,19.570306545037734,28.426399542807722
P05026,19.59494470115356,27.6881447436402
P05060,18.264552387858252,28.63389580009731
P05067,18.776599971271942,25.480617798306426
P05091,18.232059072985106,27.30975668570071
P05114,19.07496782932036,26.075713111079743
P05121,16.65705040853278,24.553685125521806
P05141,20.51494293996295,28.90122734937934
P05161,15.705795977112167,24.700680685398265
P05165,16.91212540320232,25.099579026859423
P05166,15.508201657475334,24.37350323553527
P05198,19.107652713238004,28.647315871956543
P05362,17.368928300799567,26.049910929129876
P05387,21.33615682067922,30.940302955479627
P05388,18.828711809482414,29.647993622958104
P05412,15.427016733209868,25.032646470782133
P05423,15.902333724438181,24.76238264703577
P05455,20.42981240129465,29.02007985025023
P05556,19.630135034245072,29.18008691148883
P05783,20.14724129852286,28.369316327078216
P05787,18.828525612217966,28.088113208895543
P05937,16.2323248411041,24.442184801502588
P06132,17.65464143087156,26.90353512726555
P06280,17.06212637190528,25.846140076669776
P06396,18.733047383144623,26.218419192555203
P06400,18.20648121140262,25.6715118586796
P06454,18.10598510914722,28.09087000467924
P06493,19.023937834623442,29.052964923100593
P06576,20.24387232142388,30.549983670388855
P06702,16.56747162829482,25.610675631156003
P06703,22.078077523814493,28.740054339953794
P06730,18.873536326744837,28.46361445234057
P06733,22.67916913512673,32.27132544635528
P06737,17.579585293914615,25.63247108251143
P06744,20.847565575329757,29.985629419995295
P06746,17.67529524062312,24.920740509373974
P06748,22.125593923012023,31.63032585762453
P06753,18.20462826781953,30.63831498102222
P06756,17.27156029400527,25.7347966392079
P06865,17.86632765572579,26.631423131696792
P07099,17.091117016856114,25.021505691836943
P07108,19.168526783600047,28.207047849517757
P07195,21.16912034445682,31.53211468720171
P07196,19.16798107174523,27.32428469619661
P07197,19.35948937254775,27.567653992406438
P07199,16.99779273804468,24.50925914345384
P07203,17.705695940079718,27.004610180286267
P07237,21.991437669155793,30.70998889703939
P07305,18.869626174980244,27.822667857684284
P07311,16.481214542412083,26.418443724395914
P07339,20.041587332964877,28.764589046576894
P07355,20.693992209539,30.151620143406348
P07384,18.067702992318235,26.940965707382293
P07437,21.16059527429914,32.224657419956394
P07602,20.433789082318466,29.03578601314787
P07686,19.14440328749999,27.288657033700233
P07711,14.087247728731748,25.332059706193434
P07737,21.62487834662761,32.22785306498017
P07741,19.629035865155853,27.357473486109274
P07814,21.374820055819225,28.79741753875102
P07858,20.114389953671573,28.971052641936513
P07900,21.0724799343144,32.09372046888916
P07910,20.028662884705582,32.21181395175214
P07942,18.872739082575254,26.853869560543178
P07947,14.456359228362183,24.92403157314898
P07948,18.563687176106335,26.952130376557474
P07949,18.97412358853875,26.20948839388633
P07951,16.781972767068275,27.53856965209589
P07954,20.375679520052106,28.396096594718436
P08069,17.422531678953757,25.456474678970952
P08133,20.382480442230445,28.440705868389713
P08183,19.349486955111466,27.601795436830354
P08195,19.75608151961784,27.925248347963343
P08236,18.28084417055608,25.79437968623598
P08237,19.35754758827715,27.461423053438676
P08238,21.401644277578338,32.08872440547273
P08240,18.661036680392446,26.776385163603678
P08243,19.815989453640412,27.73741452586659
P08253,16.088345815614343,24.468443322862058
P08397,17.615894749989156,25.703578503637285
P08473,16.515750523647,24.22874787776792
P08559,18.16348740289601,27.026856065213277
P08572,15.273680471215172,25.014183031000158
P08574,16.547616427349556,26.524174876693447
P08579,19.134502721568346,27.473975969769896
P08582,15.525209202907517,24.308815430583014
P08621,20.694161378280114,28.894046427407623
P08648,15.345116962847973,24.658538346711182
P08651,18.23171750533662,24.893485870017376
P08670,22.8344094545276,33.83284471129973
P08708,21.258677323983818,27.917684620798052
P08729,18.441068639331043,26.993444391498322
P08754,16.96898450073559,27.56977418884314
P08758,19.841470742535467,29.696412070348536
P08865,19.526898134223824,29.95270403320119
P09001,17.529491735307808,25.539144490245036
P09012,19.194306670855518,28.571928504367744
P09104,18.999074602449536,27.70666034136754
P09110,16.45410785618726,25.20607617607292
P09172,19.11942906048377,29.377279650758382
P09211,20.450078159618545,30.358675451800096
P09382,21.777506671039074,31.303709216860018
P09417,18.368634062249416,27.246203271635927
P09429,18.018404850011887,30.558101503703735
P09455,20.238745182706275,29.997104862994277
P09471,16.084434160181925,26.660893776522236
P09486,18.165860592976838,26.296031088232724
P09493,18.771052204425988,29.92502942677871
P09496,20.115422026079887,29.231641029706832
P09525,17.652611201560788,26.74339859127125
P09543,19.281439697398596,27.83344428721495
P09601,15.545076082829008,24.35943486633541
P09619,15.809363035963731,23.97592217607125
P09622,19.96114789900186,27.801834851118485
P09630,14.546614426856445,23.669007650430757
P09651,19.041520455097686,27.83923353402974
P09661,19.499769680907214,28.21548101793633
P09669,19.61652089619754,27.974195398191466
P09874,21.24552526179428,30.109629451987182
P09884,17.158045512397187,24.712395646451654
P09936,20.29149329102145,31.146949758077564
P09960,20.299584295080653,27.21244769987446
P09972,17.733828676382217,26.960396435335138
P0C0S5,21.377196447614864,31.892342139257906
P0CG12,15.3233673127546,24.295290541396867
P0DMV8,20.732569729995376,30.381168186352312
P0DP23,19.13913216129023,29.422041858102407
P0DPB5,16.919288400786577,24.159940917116174
P10109,17.363638098504083,24.834159785452083
P10155,19.34141093414943,26.717370328473944
P10253,18.115749135405338,26.921316982077826
P10515,19.105261640767083,27.1177431847683
P10586,16.398032204583153,23.62501752838414
P10588,14.167468231727396,23.839123853753748
P10599,19.293184753633962,30.518087764460276
P10606,20.202595201985012,28.624406400361003
P10619,19.212932907892956,27.92192350529627
P10636,17.01139220530985,26.103669546880475
P10643,17.63613572304481,25.612025605528896
P10644,18.34661590534209,26.647800326905962
P10645,17.584639023839777,25.577460983930937
P10746,15.597718401952374,24.234390245753563
P10768,19.18416397875306,28.05732617904044
P10809,21.819614359091446,31.577284815092327
P11021,21.621410266932557,31.53093201332777
P11047,18.26450111230975,25.987935330348705
P11117,17.2809844890736,25.41975480841407
P11137,18.85306720736701,26.85994591273124
P11142,22.259358131821866,32.92197637095551
P11166,19.737336358654673,27.628761729323163
P11171,19.188366112562893,27.187613260228368
P11172,18.83972378096592,26.44035506219256
P11177,18.43511009426083,27.37392270337989
P11182,17.560863528640752,25.243675799459286
P11216,19.24130996362057,26.83258451649587
P11233,18.989539259493796,26.807337637697653
P11274,15.612560907209371,24.04478220594093
P11279,18.191953207478683,27.96620021633529
P11310,18.945856119750804,27.094234140174965
P11387,20.25411172133431,28.03149986802755
P11388,20.162381810059042,27.7547887934846
P11413,19.014143815403692,28.222422517986416
P11441,18.86722224541411,26.207002596209357
P11498,18.38126256278305,26.01126371208493
P11586,20.174876334775234,28.42050941349181
P11717,19.49007411822043,26.772791133172632
P11766,20.339120021907952,28.428657801286725
P11802,18.001905838965435,26.476179656285435
P11908,19.56377844323957,27.216504488055012
P11940,19.49998140452933,29.518396936686752
P12004,20.76053674221209,29.139551403627667
P12035,16.145293596530585,24.95252792063349
P12036,16.841271000219173,25.873365630553415
P12074,17.845736186112887,27.075029337249333
P12081,19.338157739495696,27.754082758843627
P12109,17.261298844663976,24.330802736939383
P12110,15.963641569501606,24.6145842140936
P12235,17.79748459743389,27.11112175066515
P12236,19.665890145000343,29.19051841149791
P12268,20.0804148854041,28.507676757339862
P12270,21.35372350697816,28.486154359108554
P12277,20.25052532397773,30.521348491267286
P12429,18.361727847500454,25.319422067186075
P12532,18.538533389282918,27.87367437634117
P12694,16.19750877318501,25.141088609318363
P12814,20.79065118434352,29.72633151154784
P12821,15.486217376934036,23.86524128636152
P12931,16.617894313578788,26.454014435751823
P12955,18.559076451302666,26.915675714213613
P12956,20.763871445693486,29.63887108659385
P13010,20.54809605391297,29.491650119592627
P13051,15.369066392971895,24.216635600095877
P13073,18.15070340665503,28.83508426339935
P13473,14.969154335790735,27.569008299749346
P13489,19.08548983939266,27.508845249214247
P13521,18.338995854609877,26.588389967281334
P13591,20.013228495627306,28.056577744921366
P13612,17.214245449103156,24.511193757399706
P13637,17.26749119351859,30.682457321161493
P13639,21.6120967391061,31.377315139633776
P13645,18.44210619916946,28.084575906807725
P13646,16.897695824168935,26.38093966291321
P13647,15.392196686479311,25.230925215811016
P13667,21.71360924019912,30.648054111748998
P13674,19.930637310699815,27.82084808107925
P13693,20.153973066998066,29.606166465580475
P13716,15.601178392442552,24.56735429796561
P13726,17.394680060543653,25.864667155291894
P13797,18.880989987295106,27.216759566795012
P13798,18.87481134334232,27.143949096529884
P13804,18.535436002997585,26.9096041395115
P13807,16.286082168144254,24.91838285666673
P13861,18.057027020751942,26.791155575456298
P13929,17.249550888336266,26.481955028366585
P13984,18.896659214718106,26.245825125014928
P13995,19.4923053696484,26.306591512633556
P14174,18.67844067821126,31.522970399543254
P14314,20.158169781233266,30.52869464006372
P14316,17.65332443820737,23.510906895848795
P14324,18.596259622130535,29.423748834794818
P14373,17.3176074815285,24.51522223264704
P14543,16.39540284714473,24.000358023451344
P14550,18.784284866056485,27.166088110272405
P14618,21.78873742781445,32.42098690259857
P14625,21.85679847456011,31.585560646574383
P14635,18.239628693455995,25.957525888500562
P14649,18.403352861967797,26.81862135318744
P14735,18.23045348515986,26.27671031439196
P14866,21.073056404462207,30.561850647147644
P14868,20.412859195534075,28.676245554814887
P14923,17.46903707947879,25.436998836233847
P14927,16.929424354276147,26.492283905868263
P15056,17.15641837837284,23.519980274596815
P15104,16.532621860130543,25.962125140689686
P15121,20.50832421946878,29.02057376299299
P15144,15.195940032560724,22.840958727734797
P15151,15.869111303078427,26.355927943756967
P15170,19.29357748024441,27.16263985559586
P15289,15.051961006948458,25.081599221659985
P15291,16.503597625371334,24.355162874736244
P15311,19.79013721582481,28.702506490465435
P15336,15.562080172475044,25.134542769197097
P15374,17.480831737205275,25.992881701960535
P15408,16.181522134986068,26.043764921752608
P15531,20.51289403930519,30.385388506244517
P15559,16.771408029315985,26.14427631544089
P15586,19.22777835170224,26.733003051517073
P15735,16.138084770544133,23.908327769150485
P15848,16.657252549044046,25.67412064748741
P15880,20.492580748021886,29.459823279652483
P15882,16.471301847693187,24.853753927315278
P15884,18.362453907694288,25.78620161518469
P15923,15.819313314041262,24.100020468508266
P15924,17.72795043951114,24.49866982948026
P15927,19.468521230648594,27.16985592964536
P16070,19.40120075217741,27.542236338454657
P16083,16.374176996481374,25.3831472330288
P16152,18.954831048606973,27.76617276617356
P16220,16.45157125759128,26.707811774261717
P16278,17.267554552965453,27.09122566763806
P16298,15.784178025757274,24.136491003722217
P16333,16.439014917769963,24.87355156454525
P16383,17.09519643764347,24.761796000847628
P16401,18.146598101059613,30.56430166593141
P16435,18.696045680446435,26.621736985268537
P16615,18.712280581853946,27.976323306439365
P16870,17.924281644620343,25.31803764208167
P16930,18.195789969005794,24.93741007156296
P16949,20.71713054723393,31.10532167932052
P16989,15.382341527832374,25.04532879064958
P17028,16.36449617283905,24.9817657914539
P17029,15.942854077183744,24.57031203238981
P17050,16.802383453949535,25.580485646708414
P17096,19.58991556419881,29.32684427464561
P17152,16.589458187535016,26.00780564723927
P17174,18.46527587677589,27.53880494207212
P17252,18.50238579715331,26.287282078081645
P17301,18.457084714932286,26.56597046761086
P17405,15.370897489424125,24.469855294740004
P17480,19.39626525504916,27.366936309665324
P17535,14.998987983263435,24.943893197561255
P17600,16.92157104363896,24.317734744973407
P17612,18.177021037861056,26.05365087981794
P17655,18.05899435918933,26.891403497039516
P17677,19.60053827340941,27.66466282851199
P17706,16.400725833328025,24.323056753781643
P17812,18.367109939824186,27.13676675838948
P17844,21.079444548750494,30.29580109440731
P17858,18.759269653881155,27.025391912295227
P17931,19.458593804874546,27.552410859514335
P17980,20.001202162981873,28.123653472759713
P17987,20.566231580595776,29.618425965489187
P18031,19.112938334531986,26.88026542198802
P18065,18.10965057136111,27.671405198448827
P18074,17.30793346404639,25.816167161846135
P18077,19.68319842317679,29.57781061381624
P18084,17.42631094951594,25.200574403088826
P18085,19.973046874811768,29.165112904041283
P18124,20.55005949634369,29.743356323475677
P18206,20.32685673750501,28.344644043462015
P18583,19.602360702183333,27.589792236369764
P18615,17.930387304013983,25.77285923616469
P18621,19.68865841302444,29.68268825299
P18669,17.14986170235994,29.840383184229832
P18754,18.16841127413844,28.21150037895242
P18827,17.639201053903125,26.59814239879483
P18858,18.266757429608152,25.578552533735802
P18859,16.655188148625758,24.20335502347245
P18887,17.80129838155455,25.84971603870359
P19013,17.389547467888036,27.322740157556275
P19021,16.602579384471394,24.090471058313582
P19022,18.592795914974666,27.67171460880672
P19174,18.272716415512768,26.40486201043162
P19338,22.32178015023019,31.240589418929126
P19367,20.15989206135828,28.609341982501334
P19387,17.757910322702642,26.108800690727737
P19388,18.032702696695946,27.28812538698195
P19404,18.100160164683544,26.10245376546213
P19447,16.326225156148798,25.147548019559647
P19525,18.41475838020996,26.856774584090143
P19623,18.332030589059546,26.747342743574528
P19784,17.40921345421487,26.045036783317176
P19838,17.73414555373759,24.98807442647071
P20020,16.703699853156053,25.63167309937472
P20042,19.26494108417624,27.867647170094294
P20073,17.943603343800078,26.787389769199148
P20248,16.371629475132483,24.560126677205737
P20290,19.10525251507056,28.23947395209963
P20309,17.594828688828034,25.057601727408944
P20336,18.03596524400431,26.680052925696227
P20338,18.718063487369392,25.642509556467594
P20339,17.220367057208946,26.82322830680908
P20340,16.852003552891258,28.37820713718317
P20585,16.678689575827747,24.523895424277246
P20618,18.84911140190732,28.221781598352447
P20645,18.028426907982475,27.49504625881656
P20674,20.379572922821172,28.25986828732255
P20700,20.346844093287626,30.394005957016653
P20711,18.469805807829914,26.75982427329126
P20810,18.779937406010145,26.53374901010372
P20839,17.195862589135146,25.85397502454625
P20933,16.395174021683275,24.706263398897086
P20936,16.715990183695713,24.054426651233968
P21266,18.49684953096258,26.57380019970106
P21281,18.355868446903834,27.47883490171846
P21283,17.80988233388457,26.188105984999154
P21291,17.919504518740265,27.228029647670496
P21333,21.981020172490602,30.352103943470876
P21359,18.520728034033986,26.49657785512628
P21397,16.837839480906254,24.482802172521488
P21399,17.870838419789788,25.332846685570324
P21579,17.45256926243848,25.320530489061376
P21589,16.982483895757326,24.884562365516196
P21675,16.465959429977357,24.38785792306666
P21796,20.20988244787042,29.343164692898075
P21912,17.170841388570423,26.738612350952362
P21926,17.600158770363404,26.710373763912468
P21964,18.59408670563347,26.221797214031167
P21980,17.68983450457057,26.029838666801037
P22033,17.942992760013563,25.483198284243098
P22059,17.407367606733665,25.300222741273515
P22061,18.465572717470735,27.113058567001364
P22087,18.765827887048463,28.578267313743815
P22102,20.143857152027486,28.218432611799173
P22234,20.556852455923696,28.923827793350043
P22304,15.6017310417975,24.765301933886246
P22307,19.091355091273144,28.71602094705199
P22314,20.72222073184041,29.314173461421344
P22392,20.380803719758347,26.09818495613923
P22466,15.948603128712206,26.590259240064356
P22570,17.99778655095587,26.19594700455519
P22626,21.97879085759921,32.788274277680195
P22670,16.331500008872535,24.204380843097937
P22681,18.24093335063472,25.35611787957678
P22694,16.373549491077057,25.01179600324925
P22695,17.855268663860354,27.261376894456205
P22830,17.83265734223345,25.277960942576875
P23142,16.463163167375033,25.141770772244353
P23193,17.857116321095972,26.983418535385447
P23229,17.165517221954566,24.34260749978404
P23246,21.120658334464007,30.6844800701181
P23258,17.55953225525565,25.306274230199953
P23284,21.014159068948924,31.44411392368469
P23368,19.08522432940219,27.395105669316436
P23378,16.720151848830625,28.431596449959642
P23381,18.836467884394185,27.66530134402207
P23396,20.963873254581475,30.74782843152503
P23443,16.8309782713005,24.661554735743383
P23458,17.57569477864036,26.1346046521474
P23508,15.529957836897916,23.74491732323996
P23526,20.922506796377935,29.462167485066065
P23528,21.14819512467004,30.748473055821396
P23588,19.457958750330064,27.85424757286446
P23610,18.4708547870135,25.164573076317286
P23634,18.23172998151016,24.93949834967901
P23743,16.879708292015625,24.290389868548164
P23771,16.84023959034652,24.936579983195
P23786,18.444296801940222,25.802159733154394
P23919,18.39741259228155,26.893741420448524
P23921,18.77075919763861,26.743162430928134
P23975,17.180673457075983,25.000469636835145
P24534,20.042683683332946,29.741715531890716
P24539,17.810403934049994,27.6081762732366
P24666,18.016375315856678,28.182925759468926
P24752,19.776082769526194,28.346182258366333
P24844,17.196122438662755,26.250345399751613
P24928,19.85549332434728,27.17597707615681
P24941,17.575189854347478,26.17685045765058
P25098,16.695473153467862,24.837897526654746
P25205,19.184695762019775,28.077136493725845
P25325,18.82378400900492,26.589063791497143
P25398,18.833136092559947,29.305983660990318
P25440,17.750280467804203,25.14317081588354
P25490,16.010991840087616,24.996648237889335
P25685,19.844668445030976,26.94863543672337
P25686,17.45425276261251,24.712642338587134
P25705,21.087431164460764,30.360770806091956
P25786,20.16004016985272,28.7032252431027
P25787,19.313506839846806,28.034762185036772
P25788,19.526710790454967,29.024316184726093
P25789,20.22883166741366,28.578991809421083
P26006,17.83292037932857,25.297733681556494
P26038,19.658792583533195,28.526056194176892
P26196,19.47233709481576,27.387719657921508
P26232,16.237661769765115,24.6822186169544
P26358,18.53971038895297,26.197270845240787
P26368,20.06527720070143,28.413155025611054
P26373,20.603866352920786,30.3120891592371
P26378,17.204826491519828,27.41476147565476
P26440,18.34447149930338,25.67282500126731
P26572,17.116247697123697,23.69087037005357
P26583,19.02139499838793,30.846847754788655
P26599,18.77469878165178,29.981509090374008
P26639,20.09763375014799,27.89559820888521
P26640,20.02230143585053,28.279351466405526
P26641,20.91229868483778,29.983568650260803
P26885,18.267424955308257,27.70860803132644
P26992,16.93077169308481,26.72790141303763
P27144,17.354381031645527,25.87078449608651
P27348,19.93819281481395,30.502460974617595
P27361,17.906293055647534,28.723871446394128
P27448,15.676039946750434,24.726729268171887
P27540,15.148455369400281,25.083423936759296
P27635,17.978573739247306,29.788105136061823
P27694,19.842588200771424,27.502255279847688
P27695,19.23108482736551,28.013225979159184
P27707,17.59082667609793,26.27519822742393
P27708,19.259545765384868,27.578797096059983
P27797,21.35456819337331,31.06503900837973
P27816,20.71052148593001,28.809802301785375
P27824,21.16155878791259,30.555457733577153
P27987,14.91065281537625,23.58899249704978
P28062,16.990978230811145,25.59287290088073
P28066,19.99851645132525,28.71084123651675
P28070,18.45027579234598,27.598366245246545
P28072,17.384496082515174,28.629047031990748
P28074,18.78589900604323,28.380655950458127
P28161,17.44495828970527,24.329306541147627
P28288,18.930027308707242,26.906294357619757
P28289,19.23285354509583,27.560266929056557
P28290,15.20185266946719,23.420209881406613
P28331,18.67856112655548,26.40702735958152
P28340,17.537134593335406,24.975379709623017
P28347,15.97026172166834,25.19343359903754
P28370,18.557225052609525,26.709428312047727
P28482,18.787047468549265,27.012185576954096
P28676,15.951670257361505,25.542431598609497
P28702,16.269236902326508,24.950913323617662
P28838,19.405269000790568,27.33361727561404
P29083,16.76599950195591,25.38502729710233
P29084,17.12160734585936,25.548600362486813
P29144,19.118835235459386,27.257435808193833
P29218,18.027842841656017,27.213228449035004
P29317,15.879672382942493,25.289609700359794
P29323,15.307594661463378,27.348000553809033
P29353,15.589266121793713,24.437666672022413
P29372,14.727017256228535,25.503780577708607
P29375,16.250518344028794,23.54347745667979
P29401,20.436505648476935,29.59964860476716
P29590,17.381833713411723,25.208864618623693
P29692,19.754537839901992,29.66525793661884
P29762,19.81423185939648,28.73267370982269
P29966,18.575782792046986,29.743630611899256
P29992,17.242792636013604,26.367702868015183
P30038,16.452646536774914,24.77032309902239
P30040,19.179034240757037,29.41396821723695
P30041,20.566592754998247,29.751335288170637
P30043,17.713108122634896,26.259890685036066
P30044,20.522012834938995,29.517445616759726
P30048,20.161316162984534,28.65828533463907
P30050,19.681867156732416,29.1317258726039
P30084,19.34676341705258,27.579624720927143
P30085,16.28595200741162,27.307615821746236
P30086,18.860420185038336,29.16133443158356
P30101,22.04898233525055,31.365254274817428
P30153,19.82982766202064,29.079536101774156
P30154,17.867223905999353,25.660438338277498
P30260,17.94001713507315,25.707051568457157
P30405,18.317967876396814,27.70062248443339
P30414,15.80299429675057,24.85168811310394
P30419,18.63973161752505,27.27753295438156
P30519,17.271686212176412,26.51275810184532
P30520,18.622593400688764,26.709986069008412
P30530,16.38167824256256,24.440020041105033
P30533,18.38580554724154,26.31975569509685
P30566,17.335444586176138,26.235232153123125
P30622,17.64362340257583,25.58345107100036
P30626,18.36925774615103,28.78552885065443
P30740,16.922243738559697,25.321678411801138
P30793,18.679140719509242,25.68826516279871
P30825,17.2042769683785,25.106520609472714
P30837,17.336429423088504,25.460299666573846
P30876,18.805733745408766,26.926424587530544
P31040,18.851531605892493,27.001270986541435
P31146,17.677416968839616,26.163744061565268
P31150,19.155670519907094,28.76550462632225
P31153,19.160038914990064,28.09598947222676
P31321,15.630412002864848,23.346157410857867
P31323,18.087767016374553,25.922283641137835
P31350,18.346641835914163,26.806725631346954
P31483,16.308829761726265,26.634953694255586
P31689,18.447354634488246,28.454841688524265
P31749,17.35778913753024,25.065726964927293
P31751,14.159964733756446,24.101647450030768
P31930,17.77267324689416,27.170737473908915
P31937,18.273676908677867,26.551632741926284
P31939,18.978922532827575,28.459168187523375
P31942,19.742872536723684,29.15766800539867
P31943,18.7569542378208,28.844031139939236
P31946,18.311442206354286,29.32012178450861
P31947,17.03845495997714,26.37124299809966
P31948,21.482322700717763,29.876364838553922
P31949,20.61725983820573,28.347556468977736
P32004,17.44278512559493,26.113083851556567
P32119,20.655262867710565,30.048651953415366
P32121,16.654026311827597,24.74513378895886
P32297,14.914683287908089,23.951808058785378
P32321,17.253271601619765,25.582195715532315
P32322,18.728393154527343,27.693138202846114
P32455,16.306928670401913,27.742674366627703
P32456,17.480558546148774,24.6210055621624
P32519,16.509567812306965,24.23815053796299
P32780,17.04101201695084,24.8139281868544
P32969,19.699072640541996,28.57733027410849
P33121,17.643705121550905,25.537985479001684
P33176,19.841265480195812,28.03582613561882
P33240,18.27082847249751,26.585197476767714
P33316,18.205706347805705,28.132514143924244
P33527,17.236901621964968,24.875243097986033
P33897,15.906076178812544,24.036690759806103
P33908,15.204995535967507,24.73368732266481
P33981,16.90351458378624,25.531045805541506
P33991,19.05349398354077,27.862797421485197
P33992,19.532143102788854,28.22286224135536
P33993,19.841707651282125,28.263293081274494
P34059,16.234612487971482,25.268255426853575
P34896,16.723708671026273,24.980956108596374
P34897,19.69315109065259,28.992718270162932
P34932,20.73230294362992,29.13895289942994
P34949,16.51073315482147,25.20266618026493
P35080,18.8640805298497,29.28852057982304
P35221,19.723907813380837,28.1079744960156
P35222,19.573426983899303,27.331873715765536
P35226,16.03844346954906,24.192072848061436
P35227,15.768527383984047,25.223906400716434
P35232,20.618155332315123,29.884994693860055
P35237,18.88848158689903,27.048338351289665
P35240,16.268063476724194,24.14944990287057
P35241,18.880301014503548,27.43642236391315
P35244,18.98161241140442,27.679848470071764
P35249,19.33995597386971,28.352858193961225
P35250,19.300445713725527,27.303074225974886
P35251,18.354386078986746,25.07742463867064
P35268,20.592538191152453,31.01397045942144
P35269,17.51539334881148,26.296267957199415
P35270,17.998750032092847,25.634357134943972
P35520,18.299560298713207,27.976321756397272
P35527,18.749403001600673,27.290045651800664
P35573,18.091986374731846,25.013133638612487
P35579,21.373319601808365,30.038920928836788
P35580,20.73304523834353,28.94887969063546
P35606,19.152442410287698,27.49683524456137
P35610,17.795609268551235,25.614705894358583
P35611,18.838249545736126,27.538370151662164
P35612,17.652846324127818,25.892109892011863
P35613,18.857867228136552,27.632105821450697
P35626,16.802029679747054,23.650291029606777
P35637,19.749107325493444,30.229659437767015
P35658,19.176299237597885,27.858259597910674
P35659,19.26540043560613,28.703182388422594
P35754,16.614509280152493,26.398816906279745
P35813,18.343168834796764,26.295736173155007
P35908,19.063106195218634,26.916737569775325
P35914,18.56793935064698,25.977078160093214
P35998,20.415635318489702,28.528020685714207
P36404,18.057997832034726,26.28200278552382
P36405,18.643084338735516,27.417565824513073
P36507,18.710227825408126,26.022672745728684
P36542,19.179283586518956,28.364971679019582
P36543,18.188291817002693,27.33142599365075
P36551,17.074765229075382,26.255227977098546
P36578,21.147372488180537,30.52095642852522
P36639,18.546233241420502,27.208897587292974
P36776,20.384710828866087,27.762026879279624
P36871,19.21383777689875,27.47569703975146
P36873,18.553758846489455,27.721920541791178
P36915,17.570419859644876,25.935485356881312
P36957,19.07575597409213,27.75353539724066
P36969,18.27677203310122,26.347040868556157
P37108,19.58337790143351,28.17965896997756
P37198,17.62205377404702,27.11246598969169
P37235,18.269296317430673,28.05944811476771
P37268,17.45150393632505,25.844972017989324
P37275,15.635419774502163,24.502599722844998
P37802,20.142166050347324,30.45024972549922
P37837,20.519984271868154,28.737095626000723
P37840,18.38595326106987,26.54588937311218
P38117,18.98781415951469,27.194165417443557
P38159,19.153695888227322,29.673311512173605
P38398,15.373725087659233,23.147489096009114
P38432,17.065852959980706,25.71722197088254
P38435,16.600676604271012,24.084958057523387
P38571,17.331976708806913,24.461585192818575
P38606,19.633299002150874,27.89991435739913
P38646,20.299271004487636,29.795071006491295
P38919,19.983971857082242,29.165209967827078
P38935,17.090216337116853,22.985381267464682
P39019,20.67546611405742,29.948808317851825
P39023,20.833156587095978,29.220404326739985
P39656,18.790381342179764,27.929772319085593
P39687,18.806483888635988,28.698111200852505
P39748,20.6018616078171,28.65204678692319
P39880,17.56236073185884,25.594406698398643
P40121,17.389631196893905,26.48976501601306
P40123,18.367070563331897,25.75000319133875
P40222,18.395189687053147,26.95550950465997
P40227,19.53400326016542,29.5671745504422
P40261,16.92250496310646,24.981339733803825
P40425,15.837470745743163,24.80427619647696
P40426,14.20436863311616,24.637137925949325
P40429,19.846371888840572,27.65071252206146
P40616,16.149328794147557,26.221901456324296
P40692,17.42869545989572,25.225600284355508
P40763,18.40157828620586,26.323787473277818
P40818,17.13236684920035,25.462924357438695
P40855,17.07954599499465,25.758713077951473
P40925,20.343055815897085,29.316018677459663
P40926,21.67314045318852,30.35304767488174
P40937,18.21356473537611,26.463510871839105
P40938,16.796735693711558,26.396796674066806
P40939,19.976213133923377,28.54524384369401
P41091,20.432530969253914,28.011325706132222
P41162,16.02733318948255,23.303085614082516
P41208,17.58047865142231,24.973744042206167
P41214,17.385090994827973,24.075741373217596
P41217,16.1739859594304,25.089763186348435
P41223,17.98785125331159,25.82221516307727
P41226,13.879572303917117,23.762794221742777
P41227,19.23566212473852,26.912343543774963
P41229,15.91141733564739,23.68139188336208
P41240,18.285110051293977,25.641785629530776
P41250,20.1178925304187,28.453134749050307
P41252,19.98090307644369,28.060683517965057
P41743,16.78560325188144,25.34440597261379
P42025,13.785163798098305,26.49021222871794
P42126,18.204564732628455,27.161609522145614
P42166,17.902655657609106,26.89062701803387
P42167,19.335084319015987,28.458540250401168
P42224,18.31285542984543,26.900885666942482
P42285,19.77421667916639,27.112772913374897
P42345,17.13531348253158,24.90521800091383
P42356,15.853039338286495,23.697700428952018
P42566,17.69906245466183,24.8960537513915
P42574,19.055526710852927,27.397127818457257
P42575,15.84989312533077,23.23338898901499
P42684,16.369524760212084,24.389659498244225
P42694,16.381622522300578,24.644017211584078
P42695,17.38805407330272,24.6030636860717
P42696,17.04510524630969,25.03007852290546
P42704,20.936229341343726,28.971572200083372
P42765,19.135400178875607,28.14556197831315
P42766,18.690797586792385,29.514032933304527
P42773,17.29885208644985,25.3195338305788
P42785,19.672142745856153,25.941416142638378
P42858,17.18705228699233,24.73838371942391
P42892,17.159707319154872,24.915357364893296
P43007,17.067659384074158,24.879548382356276
P43034,18.654305417317996,27.895037028860294
P43121,15.50058419664316,23.895467362676616
P43155,16.845562379901644,24.699816071289604
P43243,21.134683570650786,30.23012154593238
P43246,20.114250971996313,27.671798892378636
P43304,17.853342722386454,25.850819565219133
P43307,16.289356415363873,28.03620123434072
P43363,15.91611528163092,25.468844754175816
P43378,16.443478537917954,24.296079137156774
P43487,20.454434968690286,29.512137677666253
P43490,18.90978582831566,27.627951591815798
P43686,18.37965728436563,28.182575993538276
P43694,16.63175764743819,24.47336742225458
P43897,17.49301331075879,26.563791728986704
P45877,18.329429347332262,26.995510261054157
P45880,19.78336474095936,29.244009132385514
P45954,17.1891872782014,24.93525377657204
P45973,18.698908182660478,29.708893822703523
P45974,19.365328377608304,27.92477323157608
P45985,16.880960330798953,25.798208365680978
P46013,19.77675216083788,27.946899170701613
P46020,15.773059745165126,24.238485016922496
P46060,19.16065992212697,28.084702541427465
P46063,19.715711974737637,27.721661936585203
P46087,18.599350948393788,27.337319861399568
P46100,17.96238910280407,26.192147798467182
P46108,17.12392988387405,26.847654722949226
P46109,18.535891025358037,27.22389976207756
P46199,16.860632040706236,24.06155274701406
P46379,17.839315766500466,27.973318605148666
P46459,19.185414563076936,27.452151304818308
P46734,16.46113955347626,24.300151809557235
P46736,17.03281140643146,25.313031488728978
P46776,20.37373379758412,30.158495488418282
P46777,20.68449834705063,29.76544255818761
P46778,20.182594763840836,30.014048128319686
P46779,18.82633486494538,28.835800504727086
P46781,20.35139311866907,29.56088183503776
P46782,18.487361503151725,26.453974651917303
P46783,19.827857222669536,27.158001234267953
P46821,20.82741196729852,29.30553373596983
P46926,19.350370637632402,26.996917817411646
P46934,16.086051308929907,24.545034411531034
P46937,17.237160158570806,24.704614513453347
P46939,16.608708235589656,24.160621611403347
P46940,20.452605793710298,28.03624892916098
P46976,18.36910677349823,25.98297678147639
P46977,18.195847376560383,27.22596625821896
P47224,16.812060160353713,24.944922176256505
P47755,18.087061055417237,26.605934586115833
P47756,18.36149999281578,28.678853726711655
P47895,15.89987278142335,24.44055048692015
P47897,19.726891228273047,28.02072401926445
P47914,21.03559703936415,29.998744283978976
P47972,16.46805435838925,26.970741461570967
P47974,15.341730235615978,23.456750452090763
P47985,14.656352235072937,26.613884400162306
P48047,19.231282192679934,28.477177802552024
P48147,19.834295068248725,27.22629855458111
P48163,17.65339862809554,25.53993849177853
P48380,14.69247220575822,23.76821936463315
P48382,15.777298885912543,23.92952751610043
P48426,15.752181674209512,25.12004980846815
P48444,19.14814084105371,27.934343965112866
P48449,17.86230327313843,28.359477507855715
P48506,16.68535355612943,25.015473488747784
P48507,17.358883176195526,26.059261220754276
P48553,15.538183220430469,24.305288623644774
P48556,18.5696323818108,27.592627143922794
P48634,17.826353967794176,26.0706603143388
P48637,19.669698866831222,26.591283169177814
P48643,21.108613423613836,29.632167405178834
P48681,21.24639233768153,29.335093419253436
P48723,16.56257954740723,25.537563942898686
P48728,17.17105905783117,24.37310915002896
P48729,17.598508331409775,25.813674909667757
P48730,15.511994015725616,25.208792726641928
P48735,19.65028687918469,28.823165460294103
P48739,18.599146929771628,27.33729448898234
P49005,15.972923476801704,24.916861324032524
P49006,18.821498947667717,27.240187942028317
P49023,18.471279686299027,25.069059387465245
P49069,17.243976249563108,25.198081908910048
P49116,16.32439987216243,24.542799830666723
P49137,16.90258381118106,23.98961312677666
P49189,18.464405369812898,27.514041100140503
P49247,17.704164122112036,25.56580264388556
P49257,19.077468990749512,28.149580667031064
P49321,20.922658658599442,29.325095459580215
P49327,20.72880722347518,29.422310176074028
P49354,15.882194923730472,24.87770866431075
P49356,17.10834425157397,24.70797185924301
P49366,17.783488922712323,26.52041536470771
P49368,20.230325179075145,29.915239857603048
P49406,18.008898977020202,25.656369050311607
P49407,16.014061275665973,25.18514379525945
P49411,20.783826111612385,29.548191069534397
P49419,18.446868321404455,27.801094432345078
P49447,19.498840248858265,27.547188864144996
P49454,19.305562761050073,26.11557553324402
P49458,18.136255583810357,29.79665833406945
P49585,16.21007169417009,25.110355403192536
P49588,19.92345152578541,28.11657218740307
P49589,18.6128386819476,27.040072671413505
P49590,17.400089329092207,25.82259308361786
P49591,19.493789861465252,27.569658054446663
P49593,16.28957810016921,25.856595098377227
P49642,17.350803807257996,32.02846010967248
P49643,17.4128841231687,24.771936627501944
P49720,18.39850296525679,28.050059056432477
P49721,19.672229616316827,28.52252300748558
P49736,19.532022835155303,28.295226430073367
P49748,19.593573422290966,27.58088524174676
P49750,19.276471429778788,27.07655584164675
P49754,17.083508953800802,24.667943439285903
P49755,18.319071645366616,28.32904036431084
P49756,19.377098260553996,27.70305614384194
P49757,17.84835847425799,25.529650711548523
P49759,16.48132628505157,25.119367190220373
P49760,16.58855370912063,23.856307927030834
P49770,17.989082242003956,26.176996857772266
P49773,20.177888110991614,29.383804043082346
P49790,18.896186753948477,27.011589530717362
P49792,20.077997211220012,27.275456585232593
P49815,16.06046567688582,24.4026681514261
P49821,17.008752179118392,25.87110003161559
P49840,16.76971499579474,25.761798029421758
P49841,15.59735324089968,25.631610751719798
P49848,16.257519461247664,24.797405111442984
P49902,17.17910564448312,25.423290784122656
P49903,17.427542924159127,26.22869531633255
P49915,19.936883964866993,27.88731465854606
P49916,18.717228396000216,26.260581895717298
P49917,15.732375338785742,24.189209160105026
P49959,18.430703237542954,26.648526001592955
P50148,17.14205573074301,26.44104510874412
P50213,18.810244573437434,27.186000827903378
P50336,16.774619506582702,24.725616566528092
P50395,19.107992200540746,28.871021329255758
P50402,18.480798512727613,27.57484500382546
P50416,18.254429353902204,26.274050264426812
P50440,16.576604162903816,24.04767319489741
P50443,16.590046566651697,24.516178197787973
P50452,16.21354815683515,24.92878275734145
P50454,20.836952032985764,30.090090930824264
P50479,17.24749081447155,26.00376633117735
P50542,15.573990833603085,24.832193032475622
P50548,16.297679474069362,24.74626099948773
P50552,17.428356933703714,26.265058466799523
P50570,18.198722190126325,26.50927630151149
P50579,17.255466551436125,24.83907977501461
P50583,16.616531833617863,26.222101716800875
P50607,13.991943954992143,23.559331807661636
P50613,16.902201011299148,25.39522725002572
P50747,16.123714698692417,27.306154984581717
P50748,17.50609595336197,24.809079662878034
P50750,16.948550643503616,26.153667655787302
P50851,17.066730173409624,24.231987430320036
P50897,17.99040759722165,28.269480036712604
P50914,19.311341218427028,28.895224319252275
P50990,22.032866756236295,30.336504393332667
P50991,19.722659965934326,29.755105333593498
P50995,17.751537775175894,26.307799513554265
P51003,17.80659353500934,25.381262794045735
P51114,19.302454783832157,27.730968321845896
P51116,16.94446424810438,26.42707799538836
P51148,16.702642616035146,27.46586326189133
P51149,18.465339507680625,28.82236421209567
P51151,14.955475553181568,24.96775537217202
P51153,17.849493026751688,26.918461839314446
P51159,16.67606171354538,25.442061852987734
P51398,17.502175144821447,26.508882606638103
P51452,17.662197131886494,26.365834893634904
P51513,15.915733641167492,24.35344417161567
P51531,17.53796894400497,25.34781500249439
P51532,20.252691556594947,27.51577270445928
P51553,16.94434635617023,25.112804129792867
P51570,17.162967994486333,25.84457252983467
P51571,17.718550780324435,28.705777227243235
P51572,20.308419633001844,29.68515626577424
P51580,17.944974084987578,24.891821242016754
P51608,16.99103433743668,24.658972827815564
P51610,19.83943445099235,27.836204455325454
P51617,15.468412606200156,23.517464912785336
P51648,17.78400745322321,26.03190972708758
P51649,16.55819033060133,27.041588680759187
P51659,20.11501881475246,28.746233265703204
P51665,19.034157315460664,27.709443970356567
P51688,16.270941894175184,25.626184763769622
P51784,16.181154450884943,25.392103394968863
P51805,17.865188022657367,23.311728777860036
P51809,17.270403043923718,26.08908487876448
P51812,16.092890515678395,25.434870186225478
P51858,19.707271318488335,29.62039097458727
P51946,16.709090724176335,24.658649839090174
P51948,16.412781773381038,25.309382605749224
P51956,15.304992947220128,25.139571492524393
P51970,18.423537712657936,27.85005663723959
P51991,20.605105599470054,30.144744673442815
P52209,20.505730311850083,28.946190300502344
P52272,21.09477104657099,31.10296113510023
P52292,19.802663250539315,28.67015943210812
P52294,16.53318787248767,26.443623564479154
P52298,17.333439081234676,27.185582882126447
P52306,18.154447036000246,26.72894569088126
P52434,16.04588490043445,26.974494108562347
P52435,20.32641017521656,26.166771657300863
P52564,17.202169159294407,25.77970677459351
P52565,20.924780488918312,30.169628933984118
P52594,17.07663087773427,26.740349808993578
P52597,20.787907121880906,28.366280078923378
P52630,15.992917679051512,25.54015210717429
P52655,18.017065780027036,26.269263875200032
P52701,19.434664904926272,27.668545691479384
P52732,19.27842674804564,26.0488695594978
P52735,17.194501453945026,24.72913464720712
P52756,17.23472416129147,25.327417642760366
P52788,18.482958954181942,26.834728849475443
P52789,17.77211907683051,27.22081976282778
P52799,14.952135321188697,23.848430199543543
P52815,18.908160972320882,29.531152039110918
P52888,17.910926901560817,25.976156114343212
P52907,18.496347605613554,28.676499327885224
P52943,19.981368697212485,28.030650863899922
P52948,19.63551391275931,27.209378041769007
P53004,18.258945703470285,27.93991112436465
P53007,17.885864702563545,26.28245649635931
P53041,17.60821054576403,26.525724511780346
P53350,17.31022201362714,25.145173387373116
P53365,16.441180615062965,25.453327493969155
P53367,17.380644677720486,25.77635337776554
P53384,16.950407526112144,25.766670285232358
P53396,20.276432409139392,28.84538790159754
P53582,18.423063858564888,26.050881235198474
P53597,18.910144639174852,27.430236811132854
P53602,15.852254637721412,25.2036649367125
P53611,18.0688716756973,25.72399969032264
P53618,19.763636851215104,28.175911585717394
P53621,20.301515809562694,28.851073916342628
P53634,18.59725498229566,27.459190756373026
P53680,17.93061514268064,27.14463469742482
P53701,17.624611423984962,25.99237335932239
P53814,15.521777119766348,24.575168080818916
P53985,18.31818347564852,27.440224421038902
P53990,17.755842318535873,26.553335190314108
P53992,18.917909647682116,26.846978228167856
P53999,18.864004238272663,29.677727418567724
P54098,15.033720764991505,23.788211864656205
P54105,16.59341863180842,27.217523770781508
P54132,16.797803572146073,24.54455282151207
P54136,20.327368353850957,28.111557453092612
P54198,16.458010228071423,24.293903089476345
P54219,17.49019537748431,25.052624182776537
P54252,14.928769851868568,22.694449074792914
P54277,16.843850380607428,23.825125448261392
P54278,16.241478735596463,24.961786596153626
P54289,18.395248067473645,26.358429537130363
P54577,20.053508735202563,28.29020043599616
P54578,19.288342566261814,27.816962232268395
P54619,16.82958264517248,25.702475032628726
P54652,17.695091914239175,26.116334322739736
P54687,18.782034941091,27.304294382906086
P54709,18.111688068508784,26.609598880513403
P54725,19.123618314563426,27.101976504728395
P54727,17.902246975920107,28.412772207793584
P54802,16.085400621804222,24.138754147499096
P54803,15.640376284643393,23.813897125796377
P54819,19.227325706973183,28.142681955320466
P54886,19.23738585209575,28.09802909522963
P54920,18.342125315077404,27.399032113499835
P55010,19.052775444004205,27.488117846721963
P55011,17.264945974369684,25.029758855656176
P55036,18.720930557051474,28.02220744219989
P55039,16.815314210473232,25.777282709857193
P55060,19.729413083059846,29.118825931311946
P55072,21.18875875868669,29.826848558989276
P55081,17.6534590587827,26.266780399933328
P55084,20.33662509606047,28.39497674987875
P55145,20.434759916692773,28.410961166428816
P55196,17.708035297572728,25.450136250406008
P55199,14.13341686803591,24.07452026240057
P55209,19.62164993452116,28.72913901772091
P55210,16.86287122287435,24.898874229450442
P55212,17.84636490081696,24.96376435445641
P55263,18.71061988433352,26.99398093505127
P55265,20.249399901939043,28.685218292735364
P55287,16.17322506417408,25.593287490450376
P55327,17.23362991871886,27.375269990684554
P55735,16.950623875493854,26.92940805694424
P55769,18.061198471994814,29.30786539464525
P55786,19.998434527096308,27.928594918831404
P55789,15.198808695851188,24.095181416525723
P55795,18.813192801128988,27.196091958211003
P55809,19.332160894043184,27.063023782440414
P55884,19.087515010333536,28.305941499793956
P55957,16.041182031228864,26.134113627997756
P56134,15.791730333426846,26.6966273002927
P56182,16.884001323859344,25.846862101013432
P56192,19.38055414250308,27.845414878509818
P56199,18.730321393384337,26.86045191728329
P56377,16.476429155852212,25.6577834583168
P56378,19.24521411708613,27.577800723645723
P56385,17.592135823893646,27.895980352234997
P56524,14.846311877224656,24.014053171264457
P56537,18.1353695676442,29.06701976626175
P56545,17.979285002796374,27.299473527887216
P56556,18.730983917096367,25.984512595603444
P56589,15.25485835923705,23.871478713439583
P56730,17.95431890455289,27.3610635960516
P56937,16.935997455247687,25.637779623375923
P56945,15.919734873851242,24.538989437089764
P57060,16.936409969655106,25.63941930743476
P57076,16.818091160352107,25.342302114482315
P57081,16.53376521736743,24.773569103220904
P57088,18.55461111954759,27.624651366258696
P57103,16.74552894360582,23.943160813970387
P57105,17.73796948824812,26.434229785248565
P57678,17.272708351029856,25.328310776105308
P57721,15.51276340914975,24.929823442490243
P57737,18.253780641744168,24.838743708467323
P57740,18.828041185454506,27.040251285249468
P57764,16.113367432795467,25.35972050988272
P57772,18.028298767436155,25.593744249933266
P58335,16.968147871396948,24.999896075740224
P58546,19.164544274018745,29.612410405119384
P59780,17.199033606184933,25.241879603049544
P59998,18.75931581690275,28.591713003546793
P60174,21.30875366190972,30.855222349962244
P60228,19.228418721263473,27.9358965749269
P60468,17.789082849923627,28.899535471285557
P60484,15.870691374611042,24.4213311293208
P60520,18.33782290428874,27.146927804249252
P60660,19.560786367460697,30.014965760426083
P60709,22.245683660686403,33.693217923384886
P60842,19.44794112328061,30.232025391205944
P60866,18.786183650849104,30.145011594125773
P60880,16.432502449691597,25.721678525121074
P60891,17.772316700534237,26.340916987763862
P60900,19.00985056019373,28.617188684734806
P60903,19.222063525503902,28.54954510318793
P60953,17.85495946282239,27.132153718798726
P60981,19.27092683276302,28.443208306375983
P60983,18.14755343459288,27.358855430046496
P61006,17.578723978620253,26.95175482156129
P61009,17.297928783015728,27.448014264178145
P61011,19.71813338645746,26.579460588195577
P61018,15.568597751248737,24.272824959430537
P61019,19.776839457932486,27.457263391790203
P61020,18.30475697803976,25.59503758303775
P61024,15.763546179695103,27.78200859883201
P61026,19.210223047468855,27.291674828676754
P61081,17.759421990632365,27.95209921719786
P61086,17.822110696577976,27.679860103548005
P61088,19.230245025980565,28.629150286367274
P61106,18.1307653427235,27.769877467257658
P61158,19.275597382657804,28.550731069905197
P61160,19.223426601501693,28.5714995785573
P61163,19.080523883456852,28.267375682086893
P61201,18.928042853379594,26.981281444620226
P61204,19.850681993214234,29.601271605010343
P61221,19.19310796067962,27.516653310729016
P61244,16.68409576497312,24.772106831456032
P61247,19.927274247114863,29.37711954999067
P61266,15.867408660724863,23.70742726083706
P61289,19.36443265367146,27.45187768331347
P61296,13.892345959964352,26.71531855233135
P61313,19.354582937407482,29.525829599015402
P61353,20.70354097788924,30.441804901068775
P61371,16.521686380348736,25.11523226158006
P61421,19.141123601079755,27.098844556273512
P61457,18.535806970183263,27.09413591527329
P61599,17.011205794388545,24.87886255068767
P61604,21.151071298102487,31.68341082291008
P61619,15.752590109620824,26.984493799156567
P61758,18.380469555265204,27.436616622459795
P61764,17.75070009015901,26.548551045948876
P61769,15.741411683435786,26.704650396860064
P61803,17.488804305027763,27.73997374308446
P61916,18.59570658530344,27.24318793273102
P61923,17.46672946903479,27.747285775968844
P61952,15.394360028896225,26.83697964413177
P61962,18.71821922570754,26.140250276691127
P61964,18.459282415523287,27.20290163988042
P61966,16.999535911585426,26.12440324213087
P61970,20.201220211517178,28.7892118700349
P61978,21.41631346552304,31.69301925006592
P61981,18.9924980316467,28.873992898517994
P62070,17.529469201215925,26.167248342602385
P62072,17.652712145115338,26.76542145087242
P62081,20.806576355881507,29.880113918944012
P62136,19.505663600816753,27.86978583627188
P62140,17.86162060020126,27.679765025646727
P62166,17.649416281378652,25.924829595135662
P62191,19.580031989355685,27.687601317042567
P62195,19.51653277447579,28.211685655170523
P62241,19.797432221290833,29.84923361333343
P62244,19.98820542786911,30.225086761090992
P62249,20.30368587848724,30.033424379367265
P62253,17.07741725546686,25.703884067098272
P62256,18.845326634314386,26.805772403695187
P62258,20.63625737668658,30.92197776991123
P62263,21.063002073429885,30.325392304384415
P62266,19.48946674209876,28.938150621099563
P62269,20.103777466867697,29.841644940204898
P62273,17.759400582202325,28.89256884559441
P62277,20.2593023691403,29.208617833043416
P62280,20.289008066084886,28.575466452383115
P62304,20.46031516875127,28.3946310155149
P62310,17.44508801693092,28.434258582610298
P62312,20.40032406372143,27.87910347043061
P62314,19.852300873684694,29.142694822351203
P62316,20.40335179429568,29.987247137680026
P62318,19.320190095203635,29.360475194502538
P62330,17.896946228173103,26.591923931577625
P62333,20.331509829884087,28.079815023925867
P62380,17.20084018972198,25.203299007951966
P62424,20.3088596081755,29.78119901197688
P62487,16.865662507910887,25.969535394881465
P62491,17.68207358031637,25.80723312863104
P62495,19.321980887366976,27.956484543620977
P62701,19.954848507775836,29.035588143450216
P62750,20.382952408867844,29.83348354384114
P62753,20.55021523350472,29.59228665210388
P62805,19.76107856009651,31.648741390870654
P62820,19.226042097996544,26.27853928298734
P62826,21.406084917880992,31.139027630555518
P62829,19.949169779033078,29.49648458040106
P62841,19.98159824846403,29.089694984208187
P62847,19.982812408967625,29.44923175759558
P62851,19.963990455512473,30.479840622414248
P62857,20.576033691424005,30.930204302931184
P62861,20.763425782851858,30.36864644287016
P62875,18.105689463228966,26.73996069956918
P62879,15.544706699434917,24.651325906427438
P62888,20.089505348461344,28.037747158639593
P62899,20.105423733673334,29.31602705591388
P62906,20.84927806845918,30.196776546885214
P62910,20.204352348430568,29.625193739273886
P62913,20.339374280145613,30.185959683076664
P62917,20.34491212418455,29.747637532069117
P62937,21.139750681713164,32.60069492849013
P62942,19.27160339607562,29.920859756299116
P62993,19.274945817107728,27.075833276341253
P62995,19.02880801696511,29.512880221307746
P63000,18.966504522508103,28.248389330610088
P63010,19.982134345258437,27.772898443311465
P63092,19.139295531903766,29.23377139747561
P63096,16.530575124838666,25.637431769427604
P63098,17.529538136091574,26.612221244004168
P63104,19.975036819961904,30.60846608880466
P63151,18.119393248262355,27.055056037880025
P63167,20.121376441838983,28.922426381964637
P63173,19.44981699390513,29.25502661223637
P63208,19.358756434295593,27.92431119537659
P63220,18.988100471866908,30.681195482928793
P63241,19.59815414709807,29.410860160574064
P63244,21.238379939637372,29.526560628291097
P63279,19.127261827046016,29.236694976827955
P67809,19.284047157210644,28.971753487969938
P67812,18.51970316358338,27.08743109492703
P67870,19.144232491933302,28.315445067841402
P67936,19.979316351220728,30.05991060365258
P68036,17.73085536637692,28.93865843576727
P68400,16.52173146937199,27.309635134014947
P68402,16.482542656910308,27.42172309496722
P69905,18.119384465434752,28.177358659004835
P78310,16.362442133476026,25.486124115848888
P78316,18.81373948229111,25.85398190181977
P78318,16.61985250198775,24.776195730995898
P78330,18.185358715208167,26.89167139546917
P78332,18.478004714753574,25.381000304645507
P78344,19.2429557832932,27.180714019402494
P78345,16.98847358310485,24.214418661156685
P78346,19.20584235065981,26.339564339023827
P78347,20.453080007336705,29.072379445652036
P78356,16.545319184561816,24.88551517878407
P78357,16.703545422978863,25.579938318460147
P78362,16.72362100526366,25.14297377615916
P78364,16.690546841853006,24.500352642030016
P78371,20.52290577437088,30.01036325188919
P78395,17.021923242305764,24.483797760287683
P78406,18.78542003533576,27.431170625323265
P78417,18.534828900498457,28.764913593427703
P78527,21.141382243672247,29.28988959370808
P78536,16.69397898853864,25.347309746172545
P78537,16.201130710727867,25.326816836486522
P78540,16.74336617260552,24.443125287847838
P78559,17.768820056804447,25.44634952036112
P80303,19.05750407126899,26.698654028891116
P80370,16.89124600336585,25.537168164989936
P80404,17.046796089202687,25.43744578322622
P80723,17.114876515838436,26.50578872239148
P81877,15.315741179957492,24.088246060170388
P82094,17.079321979772736,24.903343451958044
P82650,17.5015712334507,26.655453420374165
P82663,16.442721242458685,25.960580907938578
P82664,19.137381035633332,25.459573658891216
P82673,17.420804022888845,25.81117754830061
P82675,17.5530998172534,25.420638749654348
P82909,18.536261845355117,26.28235865731492
P82912,18.508109551015227,25.639092531977003
P82914,16.58299732411998,25.467168587092605
P82930,16.4166441213831,25.340160766833417
P82932,17.772238883805205,24.692591825048833
P82933,16.87599185966698,25.136208458275465
P82979,19.442928653930554,28.18559705923834
P83111,17.52706034449148,24.910467295712728
P83436,16.593681266742774,24.542340433747505
P83731,19.245835529312902,29.239937788034496
P83876,18.923258479242445,26.55107387306235
P83916,17.781359149463746,28.851217181968977
P84085,18.640653942397503,29.422366041632095
P84090,20.019426558820353,27.46604032379586
P84095,18.537392864646517,26.648074289663292
P84098,19.50253593408101,29.29878943379323
P84103,19.2004237905678,30.835096976742975
P84157,17.604213160716444,27.169510998914497
P85037,16.78376088634253,25.970542939489373
P86790,16.777473282855926,25.515510904381006
P98082,15.617872047326074,23.432657985749334
P98170,14.10770317821117,26.33889455013232
P98172,15.944480559818832,24.055654718265075
P98175,17.87402799841226,27.659547152438194
P98179,14.92747958914678,28.391455398450976
P98194,16.962455402017497,24.707161837209934
P99999,19.6186515386176,29.004002868243763
Q00059,17.460932833471983,26.731598941446457
Q00169,18.480391080347786,26.058360753983028
Q00325,18.770038213078493,28.54781992076943
Q00341,19.85895535267333,27.998228835545845
Q00403,17.646212134564244,25.46811762158564
Q00534,18.058996305039035,26.967809190071147
Q00535,17.744837064323452,26.858872907751365
Q00537,16.385984077415724,23.662822151428482
Q00577,16.7176715538821,25.270906360174692
Q00587,15.139866233063369,24.677785475405642
Q00610,21.311840930719647,30.254300726810122
Q00613,17.73345803006396,24.89915636460634
Q00653,17.494718825666368,27.544849224217703
Q00688,18.687485185965656,28.34090834545711
Q00765,18.62928011462677,27.57170430494706
Q00796,17.10621641388595,27.232261143061972
Q00839,21.526594103820905,31.699542052060174
Q01081,19.467036962038687,28.421127472206216
Q01082,21.346194600143228,29.624609536190317
Q01085,18.669580314255917,27.385703957444424
Q01105,17.70005983493875,29.80202792926966
Q01130,19.932863687150743,29.098395159179265
Q01167,17.414552809283354,25.258904505778727
Q01201,15.885397485219677,24.18905749142244
Q01415,16.305806688208357,23.44527658712078
Q01433,17.72802720664399,25.93207158931327
Q01459,17.60050938757294,24.391581520641505
Q01469,19.047658142959232,27.667881196239392
Q01484,17.543488724209798,25.65965402609918
Q01518,19.822966559759656,29.02460414465521
Q01581,17.038565811145954,25.604464690533092
Q01650,17.862972378308875,26.06658499027543
Q01658,17.998480166408644,26.348414783988154
Q01664,16.14829846865388,23.571854001681057
Q01780,19.299397417822846,26.812010453947234
Q01804,16.513710203576675,24.207239183403292
Q01813,18.33056722467978,28.29860236383914
Q01831,17.01162251823636,24.579284398539688
Q01844,19.242966742174563,28.74458612486969
Q01968,18.01451469880576,25.711459494856392
Q01970,17.205484775077228,25.78580222658254
Q01974,16.532767855765012,23.730528753025578
Q01995,18.270752304755355,26.338056988864764
Q02040,17.598000048808288,25.588729073118532
Q02086,14.777599849360334,23.965381816643347
Q02127,16.67129116348802,24.916137413768052
Q02218,17.921468851323876,26.313501354547604
Q02241,17.772718548268987,25.582347732536704
Q02252,17.942474477648062,25.523205371186762
Q02447,16.927811395517793,25.345164174848087
Q02543,21.265505618922,28.178315145532533
Q02750,18.644634442410613,26.089145509042538
Q02790,21.222194633945886,29.57034997917007
Q02809,18.512996580817152,27.152514856356856
Q02818,19.422926259713993,27.17250578515571
Q02878,21.283682706258485,30.08145729712883
Q02880,19.570754325427195,27.8148563226182
Q02952,18.554462778846435,26.069366524462918
Q02978,18.33312336908853,26.729746057003567
Q03001,19.056857031585228,25.803321011790707
Q03111,16.616189186341483,25.73955882428317
Q03113,18.281197728963093,24.7946041239394
Q03154,17.0075696871228,25.203860185206636
Q03164,17.441082223469817,24.197078028388397
Q03188,15.999061749367,25.467442746201012
Q03252,20.489139424918424,28.849449330665372
Q03426,17.638142671386987,25.317908856322017
Q03518,15.169173336834431,24.206702517733138
Q03701,19.829079000314348,27.61825557029812
Q04206,17.60386760941454,26.329754909985255
Q04323,17.06813549283902,26.768686367248154
Q04446,17.64806550220499,25.886181897917112
Q04637,20.09406144830856,28.572266704551108
Q04656,18.022407125715937,25.00123035504912
Q04721,16.54753280715441,24.36814098426171
Q04726,16.220869900279073,25.668003893656806
Q04760,19.351064411710944,29.183318640728245
Q04837,20.25143586692765,28.92571473825147
Q04917,18.671778282274875,28.32050343266986
Q05048,18.194332824775024,27.07781385021536
Q05086,17.38093216280683,25.135169505108415
Q05193,17.525256649191245,25.78232530047944
Q05209,17.99386164222068,25.349201732892976
Q05397,17.920917995679893,25.27111696398736
Q05519,18.337754618222277,27.4548737498588
Q05639,20.186948825927182,29.203428527206555
Q05655,16.596686654953125,24.268722073138676
Q05682,18.962260976556077,28.01204222296049
Q05932,16.273636220606647,23.782726921680705
Q05D32,17.557259834046885,25.565916928875996
Q06124,17.33581515508863,27.64612279069893
Q06136,18.336066532208303,24.55153613029045
Q06203,18.94386028744609,26.731158629064957
Q06210,18.095339252709934,26.757101550423933
Q06265,16.741924960199228,26.796200456455026
Q06323,20.24678108757028,29.090800574894537
Q06330,17.343333236507135,25.15316187700671
Q06481,16.98661260904038,24.240498064261566
Q06546,17.181789573648665,24.960937302808365
Q06587,16.277992099803434,26.71352823178723
Q06609,17.52898746043937,23.847800125873547
Q06787,17.63638550143837,25.749600660395547
Q06830,20.685376479387646,30.954623534937678
Q07020,20.590032278255034,29.657433736748413
Q07021,18.493632313366806,29.4279022770712
Q07065,19.579981061236083,28.134003149017627
Q07157,18.17826793663299,26.268200554467693
Q07343,16.989687633473185,24.726837738849273
Q07666,19.068136095394973,29.669441698771045
Q07812,18.18833564247248,26.95202317347528
Q07820,16.75223512826062,24.801181411908484
Q07864,15.17276653808383,23.739680707526393
Q07866,19.07055663572795,27.309074767660082
Q07889,16.933203889149777,24.192492994267596
Q07954,19.01242184760771,26.09711436286473
Q07955,19.700276645697993,29.618672400307336
Q07960,18.223810979288405,26.792338208861363
Q08170,17.75675657477474,27.421911656385113
Q08209,18.132866954677638,27.223948184876537
Q08211,20.526416745123036,30.586111609938186
Q08257,18.477102866988528,27.21559793615601
Q08357,16.022130306570524,24.44084271915876
Q08378,16.96610316391993,24.590071189982265
Q08379,18.013204357940047,25.54179465261507
Q08380,17.94307661240751,26.569658870902543
Q08426,17.14709919376837,24.46501609030805
Q08431,16.610706934192567,25.28784973899312
Q08495,15.73789044874835,24.52183194021576
Q08623,17.794603467082233,26.44381667410993
Q08722,18.07465953504152,26.997676277838252
Q08752,19.26249875472479,27.087990519026285
Q08945,20.019110945170237,28.687328784914907
Q08AD1,17.20159024451367,24.86702531993077
Q08AM6,17.52461488704242,25.514682635634244
Q08J23,19.72537222794742,27.523615254739227
Q09028,18.079243456814698,28.929884814067762
Q09161,17.653587565380374,27.039486316139843
Q09328,16.42637999991289,24.0419552003257
Q09472,14.469563208276847,24.28221036155247
Q09666,21.280686196219477,29.715869964945608
Q0JRZ9,15.801120610872415,23.80198359739594
Q0PNE2,15.828235180045665,24.652639861099242
Q0VDF9,16.530410218991506,25.605389199395447
Q0VDG4,17.23552621101772,24.19113596883245
Q0ZGT2,16.90403457324417,25.276297398353165
Q10469,16.50222769353494,24.3936168689918
Q10471,19.053950177326946,26.272655606890616
Q10472,16.93336190472916,24.78759787045914
Q10567,18.81634785227332,27.456590639656515
Q10570,18.73224423045849,26.588307380367485
Q10713,17.753860459976032,26.517429994701434
Q12756,17.52645413892882,25.34844370275989
Q12765,18.74076710841978,27.361182458185844
Q12768,17.20068723572776,25.016942234040442
Q12769,18.503493125909934,26.502906597394677
Q12788,18.8270544918478,26.59468258956274
Q12789,19.265536062244202,26.107473693916862
Q12792,18.670324180421527,26.43590664995571
Q12797,18.34513866727048,25.688728342530098
Q12802,17.276285508738496,25.3184652887768
Q12809,15.766127678058695,24.48816229427392
Q12824,18.00508154829598,27.1321718684707
Q12830,17.459056762241097,25.648908411101484
Q12841,17.076979973606438,25.664065173484055
Q12846,16.974967114327548,25.56157998547323
Q12849,19.20040080680569,26.707412788353544
Q12851,15.438240429130124,23.62043094094471
Q12860,16.633896727562234,26.911274381920624
Q12872,17.735861354557628,25.27170114652525
Q12873,16.857342460313873,24.716336045129083
Q12874,18.83773808043279,27.795991668014405
Q12888,19.479901744464428,27.541810778309312
Q12893,16.3231837712999,24.937571096266844
Q12904,19.090581491003338,27.569731976674476
Q12905,20.569139016431564,29.914575564441353
Q12906,21.03698444914915,30.604039157462974
Q12907,18.929892799042506,28.10209287854593
Q12926,15.230487233269438,25.93135027004389
Q12929,16.203114461123683,24.151017081008085
Q12931,19.338310582840034,30.677582464781114
Q12933,16.503190889758006,25.567540422074483
Q12959,17.656547588696487,25.594361779108898
Q12962,16.203461856218404,25.27456644453385
Q12972,17.932228353310467,25.741168805179317
Q12979,16.52256714162406,24.82580511948568
Q12981,16.98109023489796,25.01159043706467
Q12986,15.360155741467796,24.884938816696724
Q12996,18.40921741434492,27.144478416774884
Q13011,19.21067061636938,27.479521873811823
Q13015,18.577880340235666,26.40051353292183
Q13017,17.07492605962793,24.17543920151453
Q13033,17.158819188405605,25.95166810403112
Q13042,17.708848627449264,25.527466227819243
Q13043,16.946000720524157,25.060472313723245
Q13045,19.1122637511075,25.46238372719177
Q13049,17.177279651102268,24.2445484269078
Q13057,16.263898591379064,24.69859333085408
Q13084,16.69709480659013,24.98559688806671
Q13085,17.49433315272145,25.877250615077504
Q13098,18.59440036077674,27.431653787433483
Q13107,17.55856275296084,24.67368960897066
Q13111,16.837045337257305,25.372711719184167
Q13112,17.592194494157695,25.13480183738801
Q13123,19.0178574602796,26.684044924018586
Q13126,18.4601819332665,26.799552951042898
Q13129,15.28045825714843,23.966718181080957
Q13131,16.940506356592042,25.47420343083563
Q13136,16.713701033405677,24.398264089218703
Q13137,16.895406973603112,23.33228416078086
Q13144,17.26024952653938,25.581925015457188
Q13148,19.18086741512687,28.443496440609536
Q13151,19.43978870383385,29.56868083563484
Q13153,17.095115394310678,27.45210058474675
Q13155,18.126757056699653,27.442766469373705
Q13162,18.596382339612685,28.500981240254685
Q13164,15.874689158877876,24.276120499598427
Q13177,18.936333990012066,27.71759519594741
Q13185,20.564047259341198,30.19587959093595
Q13188,16.37006795026452,24.454986875984453
Q13190,17.088854652578462,25.578727114301334
Q13200,20.161724880678605,28.653568402293427
Q13206,18.267788328648958,25.02948978164951
Q13207,16.568727438963993,25.141258985364882
Q13217,17.787523125022915,26.14108853621219
Q13232,17.216500620870622,25.676522794533636
Q13233,15.214821204046459,24.234849340087706
Q13242,18.839280625622642,28.366991940577925
Q13243,18.250917907585364,27.38047766202892
Q13247,18.444995311468087,28.564346437344337
Q13257,19.639377065350335,26.79592931285553
Q13263,20.927511543937598,30.334139797148563
Q13283,19.36392389953409,28.754028530755683
Q13308,18.920669791396698,26.881225169161475
Q13309,15.948538614451673,24.743737401588138
Q13310,18.925596394244625,27.787695605061856
Q13315,16.752547317860145,23.700193087169417
Q13325,16.338835164114307,25.07095942235147
Q13330,18.358992468330865,26.704735620613846
Q13332,14.740959963184123,23.964179027688946
Q13347,19.54004298871432,28.255441570803868
Q13356,17.584302897847348,24.716365772730384
Q13362,17.177300852856426,26.343816520567493
Q13363,18.026363002071925,26.529597144749765
Q13367,17.624814414521037,24.457169806915218
Q13370,14.557611335478008,23.840225865078754
Q13371,16.70661039577271,24.933232569574233
Q13394,18.090950190282143,25.592436791292716
Q13404,18.219991441501474,28.550561123898447
Q13405,17.58865847486941,26.052232028614124
Q13409,18.946134683207195,27.80648466696887
Q13416,17.868331637239393,26.773346152850152
Q13418,17.898129579120504,26.246182463886857
Q13423,19.70767922284364,27.214181870958864
Q13425,17.64484919097543,25.873740012605733
Q13426,16.98350789271356,25.575800748562607
Q13427,18.280495552536962,26.581542119096547
Q13428,19.798385137628692,27.958830515852682
Q13435,21.084658266928308,28.901912969060295
Q13438,17.808669250630803,25.1031178520253
Q13439,17.454892745630072,24.366888791024113
Q13442,19.68452811289528,28.71551344540432
Q13445,15.737429173897263,25.57402466575413
Q13449,18.691234780536043,26.284611887666866
Q13451,18.193126817335354,26.19008096269753
Q13459,17.297208669174378,24.625262541419108
Q13464,17.117843186783656,24.53783341086755
Q13472,17.00658361311669,24.197693167114082
Q13480,15.964178543757695,27.59269912575489
Q13485,16.889388178432274,24.96890762844414
Q13490,16.731073327624525,23.557191973093186
Q13492,18.297536492231693,26.90594810953218
Q13501,17.497419680321595,26.405444494164605
Q13505,18.312428181179882,26.822533360847498
Q13509,20.061481075837705,28.61495904417182
Q13510,18.868917216476795,27.08248453196231
Q13523,19.639960485298253,26.062303191646524
Q13526,17.48380257385553,27.7759852950761
Q13535,16.329104530699407,25.35248065391296
Q13541,16.913027762463543,29.206471926378
Q13546,17.52860634712368,25.304472901541903
Q13547,17.980177993570123,26.62403755898778
Q13555,15.722746105946767,24.17542045065232
Q13557,18.026172246438424,29.09664569381412
Q13561,20.709073085987463,27.99827240533069
Q13563,15.10130662932823,23.2431428877664
Q13564,17.108220101923994,26.2788892546716
Q13569,18.090466793945293,24.4196529163271
Q13572,15.261366632231399,23.220590995020956
Q13573,19.2142856218511,27.198134145289643
Q13576,17.463258052586607,27.035981073481928
Q13586,17.594880717357054,25.241262338015886
Q13595,17.796672834106452,28.45911348601617
Q13596,17.936993501573994,25.96499879533168
Q13601,17.78940960345157,24.93575966636162
Q13608,14.5533917905286,24.95334786470854
Q13610,17.393273225328986,25.832277215455427
Q13613,16.35543986294989,24.763533950006387
Q13614,17.353963544703713,24.19817260692158
Q13616,18.546026736450962,26.31055665063046
Q13617,17.94343071263112,25.363238200269365
Q13618,18.194798418243092,26.20747789462102
Q13619,18.09226772692057,25.100727870947292
Q13620,17.996233687177785,26.22878094554302
Q13625,17.29475444289464,24.104011342174736
Q13630,16.93249974960882,25.975542796040987
Q13637,17.945336557957827,26.605644266835597
Q13641,17.208110114141927,25.289072248713648
Q13642,18.892087580380924,27.886373242961515
Q13683,16.7241100358474,23.926017956356542
Q13685,18.24535327495233,25.437188333262682
Q13724,18.644246439534655,27.051091781770477
Q13740,20.304609344288032,28.50503510191232
Q13769,19.269563791025202,26.527782482020516
Q13797,16.755644772705974,24.75213509225738
Q13813,21.643764486262885,29.781127787223195
Q13823,16.515919200383024,25.638094894886713
Q13825,15.774899815750466,24.959082276395346
Q13838,19.028309152100324,28.297761311181908
Q13867,18.15934598928596,26.936164205568055
Q13868,18.56895889948891,26.678898872358296
Q13889,16.12854834960622,25.112961644620917
Q13895,18.241640132856322,26.826126442265227
Q13907,18.1219661724968,25.8732301076888
Q13948,15.883378489252125,24.96733747434925
Q13951,17.936031359736873,26.451174985195745
Q13952,18.28497053745209,26.11564212612729
Q13976,16.06785885942074,24.171204901699927
Q14004,17.590457631640312,25.17957408924067
Q14008,19.21879768393534,27.303847693591937
Q14011,18.882542201923496,29.4111805764733
Q14019,18.86200479372767,27.066092968937333
Q14103,19.97979311075446,30.580749557353894
Q14108,19.208374946203595,27.822961915406868
Q14118,17.202071472479616,25.58488989355168
Q14119,17.743668034093627,26.109642877470858
Q14123,16.055197661753326,24.209726578355866
Q14126,13.919394240471245,23.39164073349402
Q14137,18.96790976351441,26.78753994638162
Q14139,16.384896733819282,25.32605231469518
Q14141,20.189403967331934,29.018522288082956
Q14146,17.274825180038498,24.444169673498326
Q14149,16.439012624946958,24.66881113434988
Q14151,18.44962727138181,26.60338629559499
Q14152,20.239305530659617,28.41143002206614
Q14155,17.539406987784563,26.04129553732309
Q14157,19.33822609748205,27.773130281676988
Q14160,18.367561301647154,26.10298528735592
Q14161,16.48848974484637,24.955983556161037
Q14165,18.211501811332745,26.813399767361307
Q14166,17.761822742677094,25.59208847529204
Q14168,14.967376856606602,22.566813458856007
Q14181,16.563510643036462,24.89568020513539
Q14185,17.12950852105461,24.06903930417785
Q14194,19.096324991823046,28.056566378369467
Q14195,20.211012459993665,30.77861836121893
Q14197,17.525161318391138,26.11227519946284
Q14203,19.586595827408868,27.661278046938712
Q14204,21.135341118334477,29.0607434110005
Q14207,15.759085165813234,23.589538344699797
Q14232,17.005498160923377,26.63234466570629
Q14240,19.783633070346013,27.550932337380072
Q14241,17.775863089010787,25.544894992358113
Q14247,19.478141425500876,28.208228305933414
Q14249,16.17768006300012,25.219551273055224
Q14254,19.161687719452946,27.481023352698593
Q14257,18.725958784350954,27.982920467299703
Q14258,18.84898507541394,26.289620680179002
Q14315,19.99945462821575,28.566323217183477
Q14318,17.584059976791156,27.158259120004885
Q14320,17.677530828497332,27.16320745499611
Q14331,16.675201047501027,26.238974051286604
Q14344,18.128424300249577,26.609064314567174
Q14376,17.12408709091134,26.489763025778135
Q14432,16.917738745166734,24.804218694428254
Q14444,19.240996784023807,28.37007702090671
Q14457,14.237538658524837,24.377730160609342
Q14498,19.7118540244545,28.09954467792929
Q14517,16.967264958233088,24.640911613926903
Q14527,16.924732282076544,24.925738364067918
Q14534,16.651366457324944,24.65594298929204
Q14554,18.129890938780395,26.385194231387764
Q14558,17.164147638503916,25.77721711147592
Q14562,17.850634258450597,25.513668268952536
Q14566,19.45439382401456,28.121342548998626
Q14571,16.84985592157513,23.646304640805806
Q14576,17.329562773856804,26.648088892872895
Q14643,17.550084722003223,25.044397428717787
Q14644,15.037100975934102,23.887478713821974
Q14651,17.14227202419778,24.770719083820648
Q14653,17.705591891984675,24.10134688931423
Q14669,18.181368210031355,25.55816799981018
Q14671,17.211956368491844,25.487327800601342
Q14676,19.248093451763516,26.297317421334213
Q14677,18.30688761561949,26.641892132420104
Q14680,15.89180142041704,23.486313346422328
Q14683,20.32497349619103,27.777721655978322
Q14684,18.296545132695414,26.502850859286742
Q14686,15.672942229183485,24.264906425788656
Q14687,17.44047343444064,24.89636160132388
Q14690,19.25122851678163,27.04870033365472
Q14691,15.40471435416175,24.849173848245083
Q14692,17.89113013415096,25.934716170761543
Q14693,15.82897380148511,24.88254559312138
Q14694,18.168981572170296,26.197257851164853
Q14696,19.640016294634496,27.637370496095105
Q14697,20.404659065880875,30.05047764551922
Q14699,18.091932533940266,26.61087365226823
Q14738,17.996422351552418,26.317074949126273
Q14739,17.87819463181672,26.991162282521902
Q14746,17.339230013840954,25.565757315351345
Q14764,18.24983218581878,26.56146592382339
Q14781,17.049060423674852,25.303872718954793
Q14789,18.601835867491058,25.88874074099717
Q147X3,15.185338195283467,24.19895567075531
Q14807,18.282799819461147,25.626327269830956
Q14814,16.192094124046765,24.726586862510437
Q14839,20.15415347460202,28.201970195725067
Q14847,18.665523187949194,27.726836497417217
Q14894,15.938838371198464,24.449299049280537
Q14919,17.068064327185386,26.84566531305206
Q14966,18.93557138643948,26.22436159876379
Q14974,20.03874568775244,29.93587009400261
Q14978,20.59413623159344,27.959575320713284
Q14980,20.555069812856523,29.042265311747183
Q14997,17.138167736678867,25.420044403001253
Q14999,15.29306756696284,23.883885360072597
Q149N8,15.628303559154233,23.153816713942575
Q14BN4,17.16296693155472,24.51373644962037
Q14C86,18.87472335066282,25.642002539922586
Q14CX7,17.722597610370038,25.76973279454421
Q15003,18.202185850595026,26.617829928270492
Q15005,18.09261932400659,27.514614895934123
Q15006,16.78467935299661,26.37291317087331
Q15007,17.493412589829518,25.82624127993305
Q15008,19.66089285708708,27.70048136380038
Q15014,16.80262657352627,25.450543415696664
Q15018,16.137429733535793,25.23391577192894
Q15019,20.860272213616852,28.808092889269815
Q15020,18.424532108754736,26.748146005554382
Q15021,19.48613855361965,26.57078002986686
Q15022,17.389746834595037,25.100058427587147
Q15024,19.027824303486288,25.961331958930977
Q15029,20.050336906195454,28.77538277873142
Q15031,16.78330456741905,26.153294371140106
Q15032,15.75912528585277,24.304562095383904
Q15036,17.023729823965184,25.32358425408814
Q15042,18.869627842751676,25.51945197314515
Q15043,17.97092171574655,27.51939805548505
Q15046,19.542633257763804,28.455221255501048
Q15047,16.39382483435554,24.523443028891005
Q15050,18.59387555789318,26.72448275767104
Q15052,16.706805893022345,25.591616676026568
Q15054,17.01041597634649,24.809945863188865
Q15056,19.25097123870684,28.134445505208355
Q15057,16.31179620067526,24.17330384104915
Q15058,17.169333394368188,24.580337446854355
Q15059,18.707246237448647,26.467492360545908
Q15061,19.68801378568163,26.718290078834876
Q15067,18.764208211147412,26.6368630465761
Q15070,17.85593001485746,25.94709856438197
Q15075,18.5292370839625,25.890848254664668
Q15084,21.00935752920411,31.3220847464538
Q15102,19.24985698169362,27.564783933275052
Q15113,16.228285769244323,26.20895899349978
Q15118,15.089823288298248,25.189848909533133
Q15120,15.361169665991545,23.486483985639616
Q15121,19.69767311069407,27.17791349452353
Q15126,17.827541538081196,27.119819178986937
Q15147,17.489385396812914,24.251682236388525
Q15149,20.226422825470458,28.125510346582175
Q15154,18.554341913911895,25.783884834358872
Q15165,17.990740540106213,26.693833659447893
Q15172,16.85492230317451,24.208341762232017
Q15181,19.49495129352937,28.527888300099363
Q15185,19.92990555913589,28.14914783010322
Q15208,17.31274203968964,24.559645335120624
Q15223,15.347046013220382,25.55670453046723
Q15233,21.563966289216694,30.83916081958195
Q15257,19.2669240095495,26.793844297955633
Q15269,19.052966364460758,25.768282449375874
Q15274,19.81934440663561,27.165702060762662
Q15276,17.606937943269187,24.951251163417083
Q15286,18.166158781187228,28.671172967182212
Q15287,19.526347450158198,28.992338227868792
Q15291,17.598033608295385,25.8981825305033
Q15293,19.37973884715763,28.2923763984994
Q15311,16.044672175958155,25.919809246658644
Q15326,16.62519053641096,24.136914941611035
Q15334,16.886563281110988,25.24315212521249
Q15345,16.85329112862199,25.75376952583773
Q15361,16.20875878469327,24.161003668651958
Q15363,18.937950903323234,27.819527395754168
Q15365,18.300632790656802,28.886377727670062
Q15366,18.67470625880631,29.97691741132761
Q15369,19.718740107215616,29.12974068845262
Q15370,19.75228251448807,28.09672778638879
Q15382,19.093513194672944,27.30332775749091
Q15386,17.4945131631058,24.630937965695015
Q15388,20.311035201330515,28.26694865092086
Q15392,16.798259401072965,25.66595049800568
Q15393,19.92066223462364,28.857326313253918
Q15397,18.89028545240484,26.169492202701978
Q15398,17.265626592173728,24.725262647681706
Q15404,17.047750001597503,26.486154607232145
Q15417,20.091296817637886,28.29578862759941
Q15418,17.005173541283405,24.859980869657115
Q15424,19.019758294656224,28.230193398601454
Q15427,18.792369944434366,25.780963536183368
Q15428,18.508921891307875,27.496720744042893
Q15434,15.336701225894,24.29017335710299
Q15435,18.20592430166897,26.452680286449297
Q15436,17.736246543895827,26.164767784869635
Q15437,18.262362369472882,26.517777035402684
Q15459,19.28033828216827,28.613473851116936
Q15477,17.72656594988348,25.134062077417237
Q15526,17.247331396194287,25.68622976435001
Q15542,15.975993776725659,24.222030333995164
Q15545,16.907344212739073,26.23460854389879
Q15554,16.043879444133474,25.160319932480498
Q15572,16.134596819949262,23.370258207287673
Q15596,15.741051194982674,24.43988327867748
Q15599,16.021668811171033,25.037903235763576
Q15631,19.154444312792844,27.36866181514063
Q15637,18.82373192872023,27.246580486924962
Q15642,17.238301238120762,25.444885789447348
Q15643,18.1188514944492,24.88096141439473
Q15645,17.995376423117186,25.816536151869766
Q15648,17.030588624639567,24.890019210832634
Q15650,16.957908508076592,25.541206945965456
Q15652,17.25501419038966,24.438926530019504
Q15653,16.110465110847358,24.507513150846677
Q15654,14.206962918750234,24.211264943495355
Q15691,20.40173557873315,28.9680261917203
Q15714,15.172368905782783,24.917380798455124
Q15717,19.294159468360608,29.316391458329047
Q15738,18.7967963552436,26.352125555459065
Q15742,15.545527322472937,26.071371024304025
Q15746,15.636910374905302,23.354011005773078
Q15750,15.944920111661006,25.230039816010645
Q15751,15.972592435948009,23.243645451751583
Q15758,17.647937658376428,27.018079589777052
Q15768,15.492638103063877,24.88791591594937
Q15773,16.450825686880382,26.47835023228104
Q15776,15.514605006481528,25.086994810664322
Q15785,17.88222797895297,26.54634106205764
Q15796,14.54949414983063,25.673463986014845
Q15800,16.388922470773313,25.168395609278196
Q15811,16.71154718758843,24.373035272256118
Q15813,17.511926831201787,25.957066050331303
Q15814,16.93343282779766,25.256589010579635
Q15819,17.220098864543132,28.23118979577762
Q15843,18.637689902372735,27.801855479922985
Q15904,17.096848110784716,25.535921147606498
Q15906,15.992926982542985,24.834871775311438
Q15910,16.228073085716275,24.94947275521795
Q15911,16.47276937756007,25.326016258113086
Q15942,19.555936263681126,27.885938109061794
Q16181,19.85731011473259,28.600914660227495
Q16186,17.188213675669708,26.84088505974459
Q16204,18.042085515835275,25.96227968641073
Q16222,19.290137120643653,27.285267457546787
Q16342,15.777063148567546,24.67974585114362
Q16352,19.62071997779648,28.876382211260474
Q16401,17.056078568314778,26.382989109943534
Q16512,17.549788837592317,25.398260524359614
Q16513,16.754622447124525,24.688405597982158
Q16527,18.121749904861662,28.260752620568493
Q16531,20.121770678177292,28.139069598576683
Q16537,18.748391794020147,26.857789536081345
Q16539,16.64069140147319,25.819353842920705
Q16540,16.287649116688186,25.88720667953973
Q16543,19.36141600493794,28.40400500884915
Q16555,20.58164279624569,30.117317428874145
Q16563,18.418548487056107,27.96185387876951
Q16566,18.47597208214825,25.044173797971943
Q16576,20.1893992784446,28.4968555891982
Q16623,16.61736341813783,24.85649284283334
Q16625,13.735832479807941,24.165152202222636
Q16629,19.717846945718595,30.121701313246398
Q16630,17.96392167532206,27.747183018883998
Q16637,19.790029394501264,26.659532984585354
Q16643,19.6547846556568,29.79684347743031
Q16644,15.819405241424217,24.413127464507063
Q16649,15.589436095434259,23.85773834871609
Q16656,16.877371686770637,25.702988708564288
Q16658,21.320993402663415,30.276611090664442
Q16666,14.905480868658385,26.675852127279622
Q16698,18.559344003983984,26.21551283463375
Q16706,14.98974059717105,24.036399798634097
Q16718,16.09073402056575,26.828559406433584
Q16740,16.716383577151316,26.841472402781875
Q16762,17.134544581230273,26.714806399651707
Q16763,17.350619236495074,26.155694001183246
Q16773,15.871694332023676,24.27319929021743
Q16774,16.298191460303574,26.099174579453607
Q16775,17.42689631975809,25.679378550663017
Q16795,16.393342355634115,25.89457282766028
Q16799,19.755563843968343,27.434728836961657
Q16822,17.506068966229208,25.779503014097166
Q16832,16.500793070012246,25.204621762616448
Q16836,19.011214229577707,27.234591286078178
Q16850,18.631139199279726,26.51504308725482
Q16851,19.29732329166389,26.710284562840126
Q16854,16.48761538012491,24.15518277077896
Q16864,18.69287297635509,27.46519877664043
Q16881,19.288958099830694,27.68539673113895
Q16891,19.798268384588923,28.241725237307914
Q17R98,15.369000870873938,23.187743359428218
Q17RS7,15.671858252264176,23.431686071980913
Q17RY0,16.764269046469472,23.687688781787372
Q1ED39,18.039865003053684,26.14324522990537
Q1KMD3,20.214788444474653,28.873787931235114
Q27J81,15.693614363799616,24.303917300293296
Q29RF7,19.35526346234822,26.339347743111848
Q2KHR3,17.606295751346597,24.40703838771909
Q2KHT3,17.4275829558323,23.508745999064896
Q2KJY2,16.106850326277726,23.711748882976057
Q2M1Z3,15.072263256831159,22.52298673141232
Q2M2I8,17.757774033612726,26.1770509597146
Q2M389,17.34932425619598,24.60328760992945
Q2NKX8,17.367914985023003,24.805403769247505
Q2NL82,18.816417913447598,26.57544828926313
Q2TAA2,17.714072821089687,25.3448243111774
Q2TAA5,16.01354815563026,24.577715166039532
Q2TAK8,14.755035954539887,23.811049975162454
Q2TAL8,16.464295950781942,25.962426625213084
Q2TAY7,18.324593512362693,28.031477477656928
Q2TB10,17.45900993857849,23.93721691998309
Q2TBE0,15.620693590309154,24.05977531913328
Q2V2M9,14.536606179241282,23.82894478580991
Q32MZ4,17.73859000727111,25.406638690358843
Q32NB8,13.97185089056129,24.50350529983893
Q32P28,17.571121714645727,26.178597036905717
Q32P41,16.951535980687098,25.171673221920212
Q32P44,15.875375817922201,25.602126194916963
Q3B726,16.866468766418457,25.829180876651396
Q3B7T1,15.342672727801748,24.048720421494014
Q3KQU3,17.419463926780846,25.373172271646023
Q3KQV9,15.857394149359886,24.129812298822863
Q3L8U1,15.125611876907714,23.29900778392825
Q3LXA3,16.797159550238934,25.48446571373425
Q3SXM5,16.340630764372154,25.16602741467593
Q3T8J9,14.789368552437377,23.538592831566838
Q3V6T2,17.74183358486893,25.1073736982227
Q3YEC7,17.706189204993915,26.26645276257363
Q3ZCQ8,17.039751885494837,26.531291964786313
Q3ZCW2,16.962276190060276,24.867217717354215
Q49A26,17.49352651892183,25.953296016586275
Q49AR2,16.52431891367989,24.4764470945016
Q4G0F5,16.58373647282433,25.70192592570081
Q4G0J3,18.318192114720105,26.098707623269675
Q4G0N4,17.20639450788289,24.490948588124102
Q4G148,14.799538475824031,24.5815402036411
Q4G176,16.75167055871377,26.56582871332023
Q4J6C6,17.88231124489907,24.725004456660418
Q4KMP7,16.945419393351727,24.226770836831363
Q4KMQ2,17.001074300047947,25.34901422782368
Q4LE39,18.01012354944274,24.94395456395311
Q4V328,17.302716781369853,26.512773294753742
Q4V9L6,17.03735774118574,25.257469780544323
Q4VC31,18.115474451155276,26.875533094838737
Q504Q3,14.954440900026526,23.10497539794814
Q52LJ0,19.472289351195435,27.491462661994845
Q52LW3,16.915055348182523,24.032054338981517
Q53EL6,16.794727779385145,25.52952043101584
Q53EP0,15.594951084320513,25.368308673625926
Q53ET0,14.803509812262241,24.798208921998093
Q53EZ4,16.40304398466153,24.451014861366488
Q53F19,16.949869661017416,25.778682664332315
Q53FA7,18.0250527011496,26.819610753789707
Q53FT3,17.736818688737646,26.327825263689647
Q53GG5,16.124616178286836,25.55670606508053
Q53GL0,14.402603110901076,24.092520614518325
Q53GQ0,18.85594461160018,26.623962811755977
Q53GS7,17.86658373109552,24.872465763564
Q53GS9,17.567337043385034,26.502431112057522
Q53GT1,15.773837971692506,24.329564174232253
Q53H12,17.515329086763526,25.986403994545693
Q53H47,15.918500575109018,24.708563944722986
Q53H82,16.74695088271703,25.119631569984843
Q53H96,15.987113154706135,24.177067654813847
Q53HC9,18.207270674418623,25.76871730310855
Q53HL2,16.32604128582469,24.359565028151916
Q53LP3,16.278683935188678,23.69312094528685
Q53T59,16.667273704745195,25.688838184058365
Q562F6,15.83302012574372,22.93350913114389
Q567U6,17.706838115735277,25.476294240469553
Q56NI9,14.992620927219896,22.92141730253485
Q56VL3,17.915851414836155,26.60567536805938
Q587I9,16.346858259750174,25.55580557555493
Q5BJF6,16.27473704543377,23.949413887773968
Q5BJH7,15.274209054760195,25.694664143393823
Q5BKZ1,18.08906513994676,27.179111296962
Q5C9Z4,16.21458607059833,25.094599208535897
Q5EBL4,16.454372082510286,25.35537603395623
Q5F1R6,14.725932741299202,23.97511091932978
Q5FBB7,15.976356967248497,23.84412790370413
Q5GLZ8,16.276659801093917,24.679030626244966
Q5H8A4,17.278918652356662,24.627721281643847
Q5H9F3,15.514549955810596,24.865550762796865
Q5H9R7,19.078851564723323,26.22476676302753
Q5HYI7,18.767738616257308,24.2558873919734
Q5HYI8,16.849727304490983,25.858595897748895
Q5HYK7,14.575755165373959,24.158821374749994
Q5HYW2,15.389153834656227,23.814067635426785
Q5J8M3,15.883467459575753,26.146934988237582
Q5JPH6,17.397041008733268,25.036987263938087
Q5JPI3,20.202709347770018,23.939639694896822
Q5JRA6,18.460648707257995,25.93705980060026
Q5JRX3,17.648939109409067,24.895346182216773
Q5JS54,14.566765316777454,23.026972006424845
Q5JSH3,17.199562131560732,25.608704053123812
Q5JSL3,17.046290891975094,24.49039272157639
Q5JSZ5,16.34063149043495,25.283679565090118
Q5JTD0,15.554319158113909,24.047550974477065
Q5JTH9,19.102017259927408,26.946346710398544
Q5JTV8,18.387015666901075,27.473047113285478
Q5JTZ9,17.021018220930582,25.26703849784476
Q5JVF3,18.075091501610377,25.688123290706056
Q5K4L6,15.200016952602823,24.36781587619149
Q5M775,16.225685575517442,24.10703049525039
Q5MIZ7,16.811629233491857,23.911562327406372
Q5MNZ6,17.758750814460768,24.92258180173585
Q5NDL2,16.808465707978204,24.922716683471258
Q5PRF9,16.39510934203633,24.47603880891386
Q5PSV4,15.594747329577919,24.677922455197404
Q5QJ74,17.0892504065711,24.47433518780086
Q5QJE6,18.68377609214795,26.20562678505274
Q5R372,15.256910490194599,23.573843969170316
Q5RKV6,16.566308639507167,26.013373221516456
Q5SNT2,15.462687540773336,24.25231425188748
Q5SQI0,16.63662332594953,24.76156079369713
Q5SRE5,18.63183579652525,25.80193374021211
Q5SSJ5,18.71618051610693,26.52113028657128
Q5SW79,18.466916187459834,27.16639806874456
Q5SWX8,15.162063783916066,24.767542315346816
Q5SY16,18.416877441047944,25.7449624571496
Q5T0D9,14.33987277336689,23.418433510161943
Q5T0F9,16.20176777530223,24.02205817575296
Q5T0N5,18.53023462047324,25.875112006059695
Q5T160,15.682004030567853,24.129837186012207
Q5T1M5,18.061419498632933,24.435566937113197
Q5T1V6,16.73674720975309,23.856702965806754
Q5T200,17.784651458127982,25.41900406365823
Q5T280,17.301653213132603,25.675455455003355
Q5T3I0,17.031531095882944,25.52859981720885
Q5T3J3,16.05308287740152,26.267796873040474
Q5T447,16.014878307659433,25.097926599759464
Q5T481,14.197585258604084,24.923200838283528
Q5T4S7,18.684194548282576,26.244054084510708
Q5T5P2,14.720539365798277,24.40272833659534
Q5T5X7,16.210968599498713,26.55515614504587
Q5T5Y3,17.248499582159848,24.795322432372558
Q5T653,17.644264355553894,24.820606171028206
Q5T6F2,16.861158451477518,25.125776051183454
Q5T6V5,17.62809626196065,25.932620687977597
Q5T7V8,15.241788697414647,24.4041538168885
Q5T7W0,14.783578132636954,24.07003862083242
Q5T8D3,15.945206559588264,24.975270830693255
Q5T8P6,18.79319150776117,25.972759061878563
Q5TA45,17.05634640167802,24.672731581566783
Q5TAQ9,16.348563326627428,24.204231569726396
Q5TAX3,16.176821094116477,23.529966798312135
Q5TBB1,17.674708641455236,25.167934324460397
Q5TC12,15.665669536149075,25.158270139159573
Q5TCQ9,16.401186956582727,24.266634556609297
Q5TCZ1,15.451825976419002,23.887789746518838
Q5TDH0,17.242660076075992,24.96143520983278
Q5TF21,17.372758397649225,24.68732243020134
Q5TFE4,16.778140602396558,25.65527270350384
Q5TGY3,15.153437884364138,24.056638252538697
Q5TZA2,14.904332669055416,28.515386566539284
Q5U5X0,18.05453028849274,25.00399186501145
Q5UCC4,17.93449657530683,25.19526255677861
Q5UIP0,18.48724061256368,26.08246211480766
Q5VIR6,17.59894562564514,25.158714798049303
Q5VSG8,16.86538525166633,24.25833815081417
Q5VSL9,17.203336435523248,24.814664761602398
Q5VT25,17.696341507389388,24.963644389980935
Q5VT52,18.233708639524423,26.086547348197325
Q5VT66,16.40593038747929,24.08009518101103
Q5VTB9,14.447263567706942,24.177870236783836
Q5VTE6,17.08649866091253,26.126328771976763
Q5VTL8,17.851654650403752,24.500751370561048
Q5VTR2,18.70015985860961,26.09946925232217
Q5VU43,16.395624083542664,24.172779914982677
Q5VU97,15.638288208940912,23.62800781254934
Q5VUA4,16.983471869269636,24.982021943949093
Q5VUB5,15.89619293520133,24.24181297368927
Q5VUJ6,17.710646108156226,24.35817572774843
Q5VV42,15.957370889621027,24.179765234181648
Q5VW32,18.151742521427106,26.466818397183935
Q5VW36,16.724206490951985,25.19957108110674
Q5VW38,18.326151282937793,24.26560689188516
Q5VWJ9,14.7331485033042,26.64319259690857
Q5VWN6,17.32200516052468,24.274773425382985
Q5VWQ8,15.419911739006151,24.06479464316294
Q5VWZ2,17.428327373397796,25.333734247741265
Q5VYK3,18.845628417948582,25.948383006554863
Q5VZ89,16.47547116513883,25.416049744148697
Q5VZE5,16.58165695803273,27.127656677834818
Q5VZL5,18.158354339058782,25.53299039500094
Q5W0V3,16.988054804975185,24.71470406518812
Q5W111,16.31973659169789,24.794145263199546
Q5XPI4,15.451014740588752,24.963587839713657
Q5ZPR3,19.683213213755693,27.19145117226952
Q63HK5,16.08787570887062,23.987994294290413
Q63HM9,17.59760593972568,25.51080744041427
Q63HN8,17.191911995222316,24.30072035479127
Q63ZY3,16.20251441155881,24.18616336816969
Q641Q2,16.339260935228392,24.472860990610357
Q658Y4,15.435609526644344,24.544907987608333
Q659A1,17.292777307957078,23.71848997142457
Q66K14,16.30370915189589,24.10174313542184
Q66K74,18.381271452901483,25.20736530600083
Q66PJ3,18.053608896229726,26.471934705607154
Q676U5,16.496346914479,28.00701981395891
Q684P5,17.378211840636787,25.34595665333726
Q68CP9,18.150539040988726,25.553464715784045
Q68CQ4,16.846851376684814,24.82951297724882
Q68CQ7,16.627081688991364,24.495065973892892
Q68CZ2,15.983122896458019,25.130477163230513
Q68CZ6,15.213896872778454,24.611615501424605
Q68D10,14.678721437687738,23.92976881223745
Q68D91,16.141981836004017,24.763438465315236
Q68DK7,15.389983332995637,24.069485715648838
Q68DQ2,17.27532280151762,24.418728165784366
Q68E01,17.368372984557094,25.181158627764376
Q68EM7,17.86874036537206,25.806105836577107
Q69YH5,14.878464014742693,23.71204294844916
Q69YN2,17.31452292715948,25.085282315675965
Q69YN4,17.164546355130433,24.971353447837217
Q69YQ0,17.85079302208588,25.295737083848845
Q6AI08,16.137882813893537,24.320763618960278
Q6AI12,15.496685707853635,24.313920068301435
Q6AWC2,15.622083798546416,23.695621671097427
Q6DD88,19.22514400954993,26.76524262702048
Q6DKI1,17.125195331665772,25.322617305492503
Q6DKJ4,18.186427895713873,25.316938802658314
Q6DKK2,16.298472111122507,24.638594393448415
Q6DN90,15.646230131336194,24.290980802605397
Q6EMK4,15.729375715866304,24.400052347365385
Q6FI81,17.131035063082585,26.90180087073081
Q6GMV3,17.331127057478756,27.152162071897184
Q6GQQ9,15.403227206799025,24.14640573673615
Q6GYQ0,16.69067920450692,23.910178593914207
Q6I9Y2,18.015567578899585,25.813209025257756
Q6IA86,16.934504312114807,25.632072999209754
Q6IAA8,16.545499387415642,26.891751253770266
Q6IAN0,14.852264296460177,24.51907758252662
Q6IBS0,18.344823426885817,27.701777495042737
Q6IBW4,16.607789026370174,23.19421399618638
Q6IC98,16.59530221525953,23.18497996130321
Q6IE81,14.479656750556384,23.320647976201407
Q6IN84,16.744465269837868,25.024508968435924
Q6IN85,17.30331759755361,25.31479245940181
Q6IPU0,16.023618602570604,25.34902736879249
Q6IQ22,16.296540866052997,24.21150112676382
Q6IQ32,16.519391002096175,23.180564041034383
Q6IQ49,16.768363471932968,25.229194221151488
Q6KC79,17.95993445127205,25.16379418818341
Q6L8Q7,17.65315780153568,26.376897561467942
Q6MZP7,15.565303767788482,23.642671251895848
Q6N022,17.169861081795116,24.97109654359318
Q6N069,14.847313818004148,24.009467383892712
Q6NT76,14.371674903529515,24.95103409189339
Q6NUK1,18.34371509621766,26.978467054317665
Q6NUK4,18.07784307122334,24.297523674444637
Q6NUM9,16.540565529221617,25.049755091700042
Q6NUQ1,17.213070774300224,25.331650973913987
Q6NUQ4,17.90312900457044,25.537965169628166
Q6NVY1,19.42912514812296,26.427680820591572
Q6NW29,17.551177275450513,25.10412422293664
Q6NW34,15.94907514935382,24.646253698493933
Q6NXE6,17.681474027601514,25.24001190664021
Q6NXR4,16.499787442357853,24.892676506624518
Q6NXT4,14.777895670433132,25.030754978233112
Q6NYC1,16.57294442434513,25.845152722126716
Q6NYC8,17.552290950631072,25.65239235096723
Q6NZI2,18.043030222932064,25.68669115151341
Q6NZY4,17.11134903131273,25.000626302241912
Q6P158,17.234110689161852,24.535373683684696
Q6P1A2,14.6362462771348,24.23133157504123
Q6P1J9,18.848826033910516,27.37925653416873
Q6P1K2,15.793034504143685,24.068636213107823
Q6P1L5,16.671217203485647,23.44591349876149
Q6P1L8,16.62508171273213,25.053832936070993
Q6P1M0,16.18989824645884,24.555903254040388
Q6P1M3,13.250653252298536,23.42767742426579
Q6P1N0,17.24666261738286,27.763294479167634
Q6P1N9,18.181782979392967,25.76022028984379
Q6P1R3,16.643148264304497,24.503799175670405
Q6P1X5,16.152611939611692,23.994542483988617
Q6P1X6,15.986528041027256,25.224063591225274
Q6P2C8,17.03165262239664,24.09665202683616
Q6P2E9,17.736407467734452,27.435681094536292
Q6P2H3,15.448777609237565,24.793813262048815
Q6P2Q9,20.75696041387274,28.24104896134149
Q6P3W7,18.33713906031536,25.214644547074716
Q6P3X3,16.950391782519375,24.91229858833956
Q6P4E1,18.423029107041035,25.56059435170096
Q6P4Q7,16.464088947824752,23.752192272874158
Q6P4R8,17.21724596955873,23.779710589675638
Q6P587,16.165064589069843,26.106705997958446
Q6P6C2,16.618390616765595,25.087286032251313
Q6P996,16.286807745879212,27.18991992364185
Q6P9B6,16.253078503668355,26.02358102402582
Q6P9B9,15.985686729339761,24.768664104987348
Q6PCB5,17.986836986881404,24.768300818070795
Q6PCE3,16.34750688638804,23.38036085184644
Q6PD62,19.016754896059172,26.112171458650103
Q6PGP7,17.725398153363816,25.272339134662303
Q6PHR2,15.400348020443205,23.48908661556007
Q6PI48,17.930955634222226,25.968495471978272
Q6PIU2,17.691117597946327,25.932756500152244
Q6PIW4,16.428025811521014,22.298263562777464
Q6PJ69,16.038734555044776,24.579633783456153
Q6PJF5,15.311168112693084,23.390804492780298
Q6PJG2,16.89641108626478,25.586798832399662
Q6PJG6,15.741659342828441,24.336892506947784
Q6PJT7,18.02745177928927,26.4638315512759
Q6PK04,16.64130398068611,24.939982736358434
Q6PK18,17.590091304977303,25.310259824671036
Q6PKG0,19.13694278887481,26.592779980617863
Q6PL18,17.98545227713856,25.9409784953028
Q6PL24,17.127018576459562,24.791736573822096
Q6PML9,16.420703781785257,24.408389609229612
Q6RFH5,16.04959839986725,25.153410665008845
Q6RI45,14.54705565708075,23.46134454803391
Q6RW13,16.156712182052146,25.62778973370295
Q6SPF0,16.328204531767934,25.383928387205856
Q6STE5,15.297695179533576,24.696129963863672
Q6SZW1,16.44463460383518,25.536253145313466
Q6UB35,18.150856911303652,25.512954504936943
Q6UB99,16.378959473665827,24.08743057559535
Q6ULP2,15.765680011656599,23.660385285128218
Q6UN15,17.371370868757257,26.495842835191752
Q6UUV9,16.591219762671333,24.58020628562395
Q6UW02,16.710058199265692,24.84032816744047
Q6UW63,18.159624076526338,25.330256811854056
Q6UW68,19.326662316455607,28.20027729740776
Q6UWE0,16.43249635873519,27.317201155573418
Q6UWP7,17.561545993759974,26.60515205772546
Q6UX04,16.4817072798117,25.065968602477824
Q6UXD5,15.163844289957405,25.428889045463702
Q6UXF1,15.639823599201153,24.03432536824941
Q6UXN9,17.980115815911944,26.703238920094414
Q6UXV4,18.03966305396758,25.21895965761564
Q6V1X1,16.305648625370626,24.09262251191109
Q6VMQ6,16.0235943978111,24.311612704212887
Q6VN20,13.785615944572012,29.253596146627032
Q6VY07,17.132428169421658,25.765762645840528
Q6W2J9,16.11880860213063,24.194312904183302
Q6WCQ1,18.428736366681875,26.035873206405654
Q6WKZ4,16.177248379104995,25.263837541868767
Q6XZF7,16.595657022828114,23.443369791689523
Q6Y1H2,16.421345030032047,30.506045071215556
Q6Y288,17.308780723282485,24.85607837206864
Q6Y7W6,17.74676361428575,25.797059453233697
Q6YHU6,17.09485768339991,23.26667761125909
Q6YN16,18.326361677889658,25.761129567645167
Q6YP21,18.14048048552067,26.72835572843866
Q6ZMG9,19.446862672913824,25.87637829993124
Q6ZMI0,16.68516178158588,25.03275501859379
Q6ZMZ3,16.568099532923597,24.827621623475554
Q6ZN17,14.006090840732767,23.814291820519987
Q6ZNB6,16.261752446123147,23.91843984198957
Q6ZNJ1,14.881726268532976,23.910552919078423
Q6ZPD9,17.132819065944926,24.228253926528456
Q6ZRI8,18.25893847593929,26.331580215432336
Q6ZRP7,17.637623667387142,24.979637314501655
Q6ZRQ5,16.126746128770684,23.580539657945618
Q6ZRS2,16.78131265610256,25.136264401749592
Q6ZRY4,15.674653907460327,24.09865333630566
Q6ZS17,15.807390590007428,25.147731153703266
Q6ZSR9,17.078201839148456,25.870311995752957
Q6ZSZ5,16.449545727428237,23.853083516870086
Q6ZT12,16.09432090971454,26.893045566142092
Q6ZU35,17.89422876598566,25.579614258190574
Q6ZU65,16.520807830722774,23.319827736308433
Q6ZU80,15.508123383131265,25.788753499554286
Q6ZUT1,12.861230201544469,24.59051606729288
Q6ZVM7,15.8362462842488,24.021079008103246
Q6ZW49,15.51592216272958,24.62475817555217
Q6ZWJ1,16.395477259084288,23.74348960119499
Q6ZWT7,15.970158255680108,24.39901239808561
Q6ZXV5,18.15113443902468,25.23893063637327
Q709C8,18.309870822360068,24.850136989765375
Q709F0,17.739617005417983,25.112788344228868
Q70CQ2,16.681277413768605,25.95482794537164
Q70CQ3,15.224925229294719,22.90643970130002
Q70E73,16.675349163550344,25.253361886154444
Q70J99,17.314634436509284,25.595790018422637
Q70UQ0,18.31424899382864,26.075486565603136
Q712K3,17.48896219918325,25.505507749947885
Q719H9,17.733304088735654,24.950880850128303
Q71F23,16.13167241290514,25.0004035868256
Q71RC2,16.085803817956304,28.13786699986539
Q71SY5,16.183466166940676,24.57689229128024
Q75N03,16.41887624217209,25.891327482411267
Q75QN2,16.17217557270957,24.735817454200404
Q76FK4,17.929823381135435,24.096790099911058
Q76I76,16.212296176227166,23.819177669909593
Q7KZ85,18.200569375102862,26.30996499779688
Q7KZF4,20.117951305443345,29.360846163450958
Q7KZI7,17.51233503754081,25.22083084009478
Q7KZN9,16.79717897435415,25.31641101875456
Q7L014,19.621212727578506,27.434117501868176
Q7L099,17.289368548282702,25.599407661388838
Q7L0J3,17.07167749049539,26.21015741163644
Q7L0Y3,18.83810603262614,26.955371360885422
Q7L1Q6,19.4893214226226,27.82039837732814
Q7L1T6,15.536180555929624,23.788154185159176
Q7L1V2,14.479833043725158,26.413296893540746
Q7L2E3,18.78573611005862,26.974955401559917
Q7L2H7,18.41390048620525,27.243432240836228
Q7L2J0,17.285313557229006,25.31639266108131
Q7L2Z9,15.88406895971832,24.217053216740556
Q7L311,16.204903312675626,24.10368800343395
Q7L4I2,17.49630578751088,25.354497403840007
Q7L576,17.44338384996981,25.818893506001096
Q7L590,15.50764970859149,24.242489032528404
Q7L592,16.23176513048601,24.569227064928292
Q7L5D6,16.40292961099623,25.736107592808054
Q7L5N1,19.37176222050533,26.667733696559857
Q7L5N7,18.433981662887014,26.61292771023704
Q7L5Y9,16.219913853346384,24.2112604868356
Q7L775,16.49647007218107,24.804717217172232
Q7L7X3,15.775721073902659,24.752332457904238
Q7L8J4,16.79737560531318,24.184987979464434
Q7L8L6,17.047027423116944,24.830632222211307
Q7L9L4,18.451302852605323,26.882726360404998
Q7LBC6,17.94227742716725,25.20794232521345
Q7LGA3,16.505245215667877,25.79992463386806
Q7RTP6,17.296767328092862,24.510294699913665
Q7Z2E3,17.284085216048922,24.417390795321744
Q7Z2K6,16.816978000212547,24.056390478154547
Q7Z2K8,18.803420145539214,25.684302474170874
Q7Z2T5,17.555733337890665,25.79936380642777
Q7Z2W4,18.172960665803206,26.359350777703067
Q7Z2Z2,17.97588915098094,25.38457720094416
Q7Z333,16.075485418198188,24.323537418919543
Q7Z392,16.374004497469624,24.28636344916087
Q7Z3B3,14.328247074872335,24.890995626437444
Q7Z3B4,18.55227434036925,26.470026077280142
Q7Z3C6,15.426044536669973,24.343791930134735
Q7Z3E5,17.998564846375928,24.672568019816534
Q7Z3J2,17.024464503978532,24.53961371618161
Q7Z3K3,18.499095884494967,26.720793871710534
Q7Z3T8,16.17481090037456,24.740581808979574
Q7Z3U7,17.50759942718223,24.385585342637665
Q7Z417,17.394493742324045,25.2879760277006
Q7Z422,16.926251731064713,25.49143140968491
Q7Z434,17.627574808162624,26.2145185487274
Q7Z449,15.293496435965293,23.40032262337779
Q7Z460,18.589450566535813,25.6903349081312
Q7Z478,17.576758568309906,23.922444746902634
Q7Z4G4,17.750815397097416,23.71451804347774
Q7Z4H3,15.372938073621324,24.179264853375358
Q7Z4H7,16.144506898639417,24.842912856057033
Q7Z4H8,17.062122884692467,26.431644578466532
Q7Z4K8,15.77159031225776,23.49537283845092
Q7Z4Q2,15.764905607082358,23.75385207539765
Q7Z4S6,19.796441495325773,28.066734797198155
Q7Z4V5,19.887662572181497,27.749022581618146
Q7Z4W1,19.007484393206433,26.225552664384065
Q7Z589,16.57663125423431,23.641270419306903
Q7Z5G4,16.49606981659941,28.1298647906424
Q7Z5J4,17.641133359880694,24.566185127465655
Q7Z5K2,18.297829704978213,25.249083714812183
Q7Z5L9,16.08732561806443,25.70014975271267
Q7Z6B0,16.96336393894934,24.17779763878241
Q7Z6B7,15.1888750303094,24.17649101056626
Q7Z6E9,17.61287490292111,25.046979546100157
Q7Z6K3,15.383698929955955,25.620746241994006
Q7Z6M1,15.084154809190306,24.231585369384785
Q7Z6Z7,18.64657578538543,26.7471541933323
Q7Z739,17.9933982860276,26.35881092188782
Q7Z7E8,17.923800667340245,25.358651737405307
Q7Z7F0,16.42116707437208,24.47699551741237
Q7Z7F7,16.151302536610967,25.994353221037475
Q7Z7H5,18.855540671003695,27.582711341210405
Q7Z7H8,17.02102829298097,26.358915777899057
Q7Z7K6,17.482029302994643,26.718917367013667
Q7Z7L8,17.63459821605438,26.832381833612537
Q86SF2,17.412874819405754,25.36802941964886
Q86SQ0,15.599477184925325,25.73736273343191
Q86SZ2,15.083985211212314,23.85521599743528
Q86T24,15.427448544523669,23.400946778638875
Q86TB9,17.414276315178896,24.945480986942957
Q86TG7,16.46149296661828,24.826337474149216
Q86TI2,16.597428218311588,24.909150570044066
Q86TM6,16.088383831649686,25.72811519067968
Q86TP1,15.743550115371363,25.02581147252781
Q86TU7,15.834604310379044,24.835019185737217
Q86U28,16.37128162818997,24.755687216371115
Q86U38,16.391787808103793,24.93229018718465
Q86U42,19.152632914321043,27.90483120116146
Q86U44,17.713653712876106,25.628333930269978
Q86U70,16.1221823411932,25.698901055520597
Q86U86,18.629856227674157,26.568277530689432
Q86U90,16.220537763845925,25.00275845667944
Q86UA1,14.799083802420736,24.04245287044437
Q86UE4,18.57824738849797,26.851789781818425
Q86UE8,17.244885716311565,24.533637892302313
Q86UK7,17.146241213278525,25.617415113307104
Q86UL3,17.007867439239238,25.060046200274844
Q86UP2,20.629571970812886,27.944994543554184
Q86UP3,17.934427463431756,24.52810897927539
Q86US8,15.221071596908963,23.769709033314832
Q86UU1,16.86316915405701,24.314172261860744
Q86UV5,17.42565879576142,24.905619919743533
Q86UW6,15.196128994122045,23.56078994862089
Q86UY8,14.911523536008131,23.925721033252778
Q86V21,17.288021752031955,24.06556602192868
Q86V48,17.75603338762516,25.542037641223853
Q86V81,19.231116130367198,29.292709524687787
Q86V88,17.089430075137724,25.164915018826225
Q86VI3,17.654010734045073,24.769415510629432
Q86VM9,18.66645378917604,26.261304053323773
Q86VN1,16.26698811167744,24.74249268718444
Q86VP1,17.453461139104135,24.2873568513674
Q86VP3,15.33086297206185,23.31936189656427
Q86VP6,20.185451211309754,28.500596273598482
Q86VR2,15.692865056376831,25.139862504169866
Q86VS8,17.05991805087885,25.05760989630665
Q86VW0,15.519115333185013,23.90856381871828
Q86VX2,15.933743943700525,25.412585060943705
Q86VY4,16.613030239071623,24.926318589082708
Q86W42,16.60901726047029,26.34278717541161
Q86W50,16.73364630440982,24.661907728648316
Q86W56,15.468940016416461,24.136713938622
Q86W92,16.15979419104386,24.708850540561116
Q86WA6,17.77113160566183,24.232047919546645
Q86WA8,15.942550020970026,23.9302466957155
Q86WB0,16.727557973903018,25.46667293820941
Q86WJ1,16.422570712298864,25.019750626910774
Q86WR0,17.922184001968255,25.846028139633276
Q86WX3,16.74299389323582,25.306570455347757
Q86X02,14.596590140478797,24.462461770419182
Q86X10,17.20105319311278,24.187417471144915
Q86X52,16.448330370668675,23.8592972360151
Q86X55,18.216404365853798,25.883440362108153
Q86X76,17.329843960492713,27.072852332110322
Q86X83,17.908600595451333,25.832759977351497
Q86XA9,15.369326292979336,23.410434982605356
Q86XI2,16.744215345411973,24.755433310056212
Q86XK2,14.788272887887729,24.12695370452903
Q86XL3,16.61801685151203,24.972794756235412
Q86XN8,16.687161556375077,23.502907659340988
Q86XP3,19.094800355142866,27.430426087031588
Q86XZ4,16.988062822926896,25.292608169682982
Q86Y39,17.91053155986169,25.458881773933605
Q86Y56,17.780610417433415,24.4649186833431
Q86Y82,17.305151408552142,26.31614314044906
Q86YP4,18.5092452250228,26.018625765300413
Q86YR5,15.97568133629987,25.13585486321983
Q86YS7,16.062089760999303,23.844182510092818
Q86YV9,14.465067463576885,23.861125725471044
Q8IU60,15.247865224689688,23.37788303526935
Q8IU81,17.986858913462648,25.196128698330142
Q8IUD2,17.45390594203952,25.47021775536362
Q8IUF8,17.657169691902112,24.9458979721208
Q8IUH3,17.274158377983582,25.077264567514867
Q8IUH4,17.499532629835013,24.58268614924961
Q8IUI8,16.728030059637376,26.46333921906235
Q8IUR0,17.82134362502609,24.953484563101558
Q8IUR7,16.632588454022994,23.883344474757628
Q8IUW5,17.34606098984816,22.753798020312306
Q8IV08,18.692739123867145,27.89525404702606
Q8IV36,16.803174366402654,24.419950858115598
Q8IV38,16.900058824688102,25.49428570713657
Q8IV48,17.30810633951752,25.684302177173848
Q8IV50,17.510069428661357,24.78141874927036
Q8IV63,13.757501478463876,22.932648563233155
Q8IVB5,16.75923062018152,24.96233818569064
Q8IVD9,18.70351357921518,26.47786640160867
Q8IVF2,17.774747887006615,28.252607640611036
Q8IVF7,14.905714548906175,25.836652140207562
Q8IVH8,16.698366902481766,23.768828134639023
Q8IVL1,15.646348247028241,24.006411120338434
Q8IVL6,15.680808168137391,25.48888082626506
Q8IVM0,17.78168433461666,25.2511612156793
Q8IVS2,15.498757991291926,24.6572281198324
Q8IVW6,14.815646774587675,24.197417053341038
Q8IW35,16.174025762060673,24.589449498966285
Q8IW45,16.374418880646605,25.90719225985565
Q8IWA0,18.57531405928518,25.856586431592735
Q8IWA4,16.788206828406548,24.840662400642763
Q8IWB7,15.968398490142421,25.20562741888398
Q8IWB9,16.29414269930074,27.38744015974702
Q8IWC1,16.849056714023064,24.53106351477912
Q8IWE2,17.16352517126374,25.495452441754164
Q8IWE5,15.966668152980384,23.00127236835004
Q8IWI9,17.98606203369166,24.31235155694258
Q8IWJ2,17.505698877728353,24.25437139351898
Q8IWR0,16.561889608988924,24.411568342303173
Q8IWS0,19.58166640729053,26.349578405322863
Q8IWT0,15.206887491395095,24.301621225040087
Q8IWT6,16.313273844893292,24.757807352380258
Q8IWU2,15.652469128874023,23.711274794077536
Q8IWV7,15.328452949526719,23.970251046954928
Q8IWV8,16.221395613896572,24.885512618718508
Q8IWW6,16.494945855553475,24.014149673065685
Q8IWX8,18.62678700515692,26.60211175864666
Q8IWZ3,15.317525052180383,23.847809801184823
Q8IWZ8,16.9285306929822,24.99374182919366
Q8IX01,18.681470669368966,26.391035418799966
Q8IX04,15.619468586260577,24.53628980962224
Q8IX07,16.29387714240658,24.568806676035493
Q8IX12,19.049034953397456,26.898540204174953
Q8IX18,17.148487545347837,24.294596397987565
Q8IX90,15.376708871799584,23.844401393903006
Q8IXB1,18.161801026652093,25.93601896970288
Q8IXH7,17.977166610562726,24.84797730858929
Q8IXI1,17.921394123230257,27.14010758098016
Q8IXJ6,16.254252380499892,24.41251286503913
Q8IXK0,17.79124951195113,26.260621392869393
Q8IXM2,16.41428498214663,26.155231484048056
Q8IXM3,16.831530791754894,25.73560056723481
Q8IXM6,17.3343978202881,25.23185486255019
Q8IXQ4,17.318240149689487,25.481910984360386
Q8IXQ5,16.703113707687837,24.190466082710593
Q8IXT5,18.626415867855812,26.117997834298627
Q8IY17,16.281137439720137,25.020639331338618
Q8IY18,17.331740278941812,25.292798448997576
Q8IY37,17.020691223476188,26.137097475508575
Q8IY67,18.231115798449334,26.266909510388167
Q8IY81,19.772710925183116,27.29684475744691
Q8IYB1,17.015357225815148,23.964849937510913
Q8IYB3,18.037943794790813,28.103954238373337
Q8IYB5,17.765126203423733,26.08650094204792
Q8IYB7,17.377816108074974,24.588238585650128
Q8IYB8,16.99868207245617,24.64453574183087
Q8IYD1,17.36623340112154,25.10152182326773
Q8IYI6,17.03795478839259,25.47199523134291
Q8IYQ7,14.539993937043109,24.724253723596366
Q8IYS1,17.20678226272298,25.239690344483872
Q8IYS2,17.554098619890205,24.809374402389953
Q8IYU8,16.309131705264356,28.790006670893963
Q8IZ07,15.20469282830445,23.775371720243182
Q8IZ21,16.45314216077334,24.463945691651148
Q8IZ40,17.199574774071078,25.161140342403083
Q8IZ52,15.37676594730344,25.91956446040786
Q8IZ69,17.331409126148827,24.353148037265242
Q8IZ73,16.199688031655377,24.48081078206109
Q8IZ81,18.85119335074824,26.663619896196785
Q8IZ83,15.407842087187685,26.139168116024305
Q8IZA0,17.135497074101995,23.821317093305456
Q8IZD4,15.352399129668612,24.330495432719598
Q8IZH2,17.180844498028563,24.355821543239983
Q8IZJ1,17.40421795517014,24.731132462973587
Q8IZL8,17.711048891163188,26.867361076908253
Q8IZP0,15.124415419474108,25.76354306757739
Q8IZQ5,18.264537345063843,27.00067881703311
Q8IZT6,15.661519563917219,23.92679075616334
Q8N0U8,17.843925987732863,25.41872382358928
Q8N0X4,16.40130709497784,24.571303590880188
Q8N0X7,17.268242066316,25.343549278294297
Q8N0Z6,16.01773381893427,24.65640944172914
Q8N108,16.938972370869458,27.82340741281182
Q8N111,17.606461861211468,26.216430724585816
Q8N122,16.218651964050075,25.039391266583184
Q8N128,17.83691308401572,25.299002075848662
Q8N129,16.790607565043377,25.630580700495916
Q8N158,18.4306433506588,23.990815098434165
Q8N163,20.914233014532858,28.621923792334997
Q8N183,17.019373308019613,25.327724632540676
Q8N1B4,16.821483807189992,25.28982056863103
Q8N1F7,20.27128770150771,27.970183803679326
Q8N1G0,17.55089005592033,25.062063529766302
Q8N1G2,17.68312396191321,24.669602757780144
Q8N1G4,19.52810281476412,27.57824405115144
Q8N1I0,15.645936235055652,23.817105767713713
Q8N201,18.023360516090936,25.3409276639823
Q8N2F6,17.047964289997125,25.811685180563394
Q8N2G8,16.671599459408025,26.208709804603853
Q8N2K0,16.570905095627268,26.317976718699782
Q8N2M8,16.22647115734807,25.160672885162175
Q8N335,17.422671046715006,24.946340124512627
Q8N3C0,18.69646127878544,27.709892138760548
Q8N3D4,17.077916484221344,26.227285870329947
Q8N3F8,17.175206736901043,26.501809211949467
Q8N3P4,16.764445352345472,24.043968456836115
Q8N3R9,15.812580262420811,24.781029218826205
Q8N3U4,18.871271549705558,25.799069614344628
Q8N3V7,16.97178559497029,25.902570073928374
Q8N3X1,17.56041073674561,25.229120125480733
Q8N442,13.827912285614392,23.787697746979518
Q8N488,17.145605848522887,25.772695214823138
Q8N4Q0,16.80515479090596,24.484130238728707
Q8N4V1,16.39366879562292,25.692118476635788
Q8N543,18.358857629929158,25.338160679639994
Q8N556,18.065923813346647,24.85587776361656
Q8N584,16.038418220117,23.20619462349187
Q8N5A5,15.755279126040499,24.115335020448494
Q8N5C6,17.651125841319942,25.016270974930514
Q8N5G0,16.66191543112774,26.453636955197595
Q8N5G2,16.259874722698523,23.795021366102027
Q8N5I4,14.610612715580436,24.07549824565212
Q8N5K1,18.961016161584933,27.492377891918558
Q8N5M1,15.06075770306359,24.389137472185904
Q8N5M4,17.025881436704495,26.147551383589605
Q8N5N7,16.9418657010929,26.03184704958097
Q8N5Y2,14.476264495861281,24.403590314019393
Q8N612,14.537043938937142,24.886272944663748
Q8N668,14.750770655705303,25.046571006472618
Q8N680,15.03793983238966,23.510753545739902
Q8N684,18.19239839245613,27.205246262051485
Q8N6C5,16.229403836452704,25.193791049181545
Q8N6G5,15.224779401597639,22.804072907575335
Q8N6H7,16.663164369636732,26.225289736022333
Q8N6N3,17.6942307166358,24.394909868101035
Q8N6R0,17.24873730978644,24.882006339876924
Q8N6S5,15.885035325256652,26.45882332849421
Q8N6T3,16.694433342160732,25.564424069030355
Q8N6T7,15.95921119499303,24.33391317610444
Q8N766,17.93944437546493,26.273786779450198
Q8N7H5,18.36663954492895,26.26426406279882
Q8N806,16.835088978751852,25.441728620909693
Q8N8A2,14.889055659450941,24.319061393537048
Q8N8A6,15.811500402896709,24.3177043875995
Q8N8L6,17.34370054333159,24.55448779552379
Q8N8N7,16.47597756373387,25.191477886365423
Q8N8S7,17.546039711161637,26.96022291492128
Q8N954,16.910165427943983,24.805525439571458
Q8N983,17.129778435628065,26.057668046725354
Q8N999,17.174203086138892,26.578865520025932
Q8N9F7,16.82176877077642,24.96239282112553
Q8N9M1,16.59491431703044,24.320351873065455
Q8N9N2,17.36691306581871,24.45148597485422
Q8N9N7,16.591821776396948,25.271128935465708
Q8N9N8,17.00998843666703,25.02393826553958
Q8N9T8,17.480608653468632,24.992593635681505
Q8N9Z2,16.54483745985663,25.419194634400803
Q8NAF0,15.925512870619366,24.373820068928058
Q8NAV1,17.437131207679663,26.389365204799166
Q8NB49,16.94025354096167,24.50503580630816
Q8NB90,17.99149066211743,24.916419914104633
Q8NBF2,19.014426073169787,25.553716760519734
Q8NBF6,15.98256141574093,24.940976061650073
Q8NBI6,16.59375810634389,26.944333506915452
Q8NBJ4,17.628152851730395,25.07272661289381
Q8NBJ5,17.699747106791133,26.8560325042004
Q8NBJ7,17.065468553158805,26.44836927848436
Q8NBL1,17.565198579666458,25.89725059213756
Q8NBM4,16.906610792168188,25.200017922275002
Q8NBN3,16.49929938131264,24.469250421875543
Q8NBN7,17.59829238808726,25.098038992378363
Q8NBP0,15.366184848229956,24.130170685317122
Q8NBQ5,17.92367595224571,26.7581956930034
Q8NBS9,19.34476984922636,27.963205583169
Q8NBT2,18.32295688731627,26.363157322007165
Q8NBU5,17.41668593957127,25.968261901287796
Q8NBX0,19.13397985155596,26.89188447646313
Q8NBZ0,15.649361023994963,24.639593534420516
Q8NBZ7,15.655339364454706,23.81801661561789
Q8NC44,16.310756103310656,24.41166885793236
Q8NC51,19.712219783480236,29.123688851813363
Q8NC56,16.640440318148734,25.811850392015327
Q8NC60,17.29355691125587,24.994396600486308
Q8NC96,16.380831330492935,24.574878355117733
Q8NCA5,17.100950970473736,26.04312526766767
Q8NCC3,17.46624010404385,24.646576910660773
Q8NCE2,14.597470941957322,24.27443670142373
Q8NCG7,16.4215563290082,23.672662294371193
Q8NCH0,16.077578320587108,24.71202618531832
Q8NCM8,15.881028594549472,23.6657337911989
Q8NCN5,16.676109868291515,25.116968937851222
Q8NCW5,18.01296889936283,27.216013760560095
Q8ND04,15.891709108583074,23.674964797917802
Q8ND24,17.094595813662256,25.217265863128695
Q8ND30,15.57314759505939,23.89422447172447
Q8ND56,17.77694001306484,26.305242443421275
Q8ND76,16.412432222732384,24.990989611290452
Q8ND82,17.713412258897897,25.525767230864336
Q8NDD1,16.345477670741456,26.06946370907919
Q8NDF8,15.846526987707662,25.330806326422042
Q8NDI1,16.709905961281898,24.601329822137927
Q8NDT2,17.7109328576552,24.986581965929123
Q8NDX5,16.52880563022787,25.149208637428035
Q8NE01,15.365937743120798,24.14940679594802
Q8NE71,19.38708686271218,27.38050739567126
Q8NE86,17.527153925218407,24.72338246687648
Q8NEB9,17.437132400930235,24.590203576595226
Q8NEJ9,17.521350784127687,27.25737086464531
Q8NEL9,16.205574137553278,24.027061522432977
Q8NEM2,15.282550519305163,23.31643187370871
Q8NEM7,15.737297039578937,23.87003621590184
Q8NEN9,16.515851419851348,26.416009647567467
Q8NEU8,16.475225417789666,24.791783939557696
Q8NEW0,18.350197235443495,25.75741473173539
Q8NEY1,16.066966783060675,24.13127355991896
Q8NEY8,16.841113267540088,25.885889946642216
Q8NEZ2,16.95203103005536,24.318187821853815
Q8NEZ4,15.358393126468346,24.32095308821831
Q8NEZ5,16.87101921992611,24.670242790009976
Q8NF37,18.407693484598788,24.28570808624465
Q8NF91,17.608099979265354,24.40682794035651
Q8NFA0,15.283851374712649,24.11075951598109
Q8NFC6,18.611408455808714,25.29803969698703
Q8NFD5,17.667978154800952,25.54142320967717
Q8NFF5,16.877087760524564,24.79880891903618
Q8NFH3,17.663380649136098,26.710289060910075
Q8NFH4,17.979344795876184,26.000397660444534
Q8NFH5,17.706212861194974,26.865113472261775
Q8NFI3,14.647366079593972,23.87704798979001
Q8NFM7,16.17588613241696,24.819689316258007
Q8NFP9,16.212739283766243,24.125469597630964
Q8NFQ8,18.17906435869619,26.217655055211875
Q8NFV4,17.30740307977465,25.55415254988728
Q8NFW8,18.258691316577412,25.85857671490746
Q8NG31,16.583092833533893,24.371493090072782
Q8NG68,14.058630316645642,24.369124579904025
Q8NHG8,15.078644314200044,25.085611970966884
Q8NHH9,17.256310133671644,26.08688749515771
Q8NHP6,15.53429904020647,24.18918552774108
Q8NHP8,16.512992319782825,25.852607466317362
Q8NHQ8,16.271013346691458,23.92506507376002
Q8NHQ9,16.076000233046337,24.784681967254333
Q8NHU6,16.12184124539594,25.116551391488215
Q8NHV4,17.688934570600512,24.762066080400924
Q8NI08,18.584234490158774,24.90448082706907
Q8NI22,19.342134161046076,27.55828093554337
Q8NI27,17.93419342580057,25.908230955898727
Q8NI36,18.06082883536604,27.504886109917575
Q8NI60,15.61825342698087,24.09873494666772
Q8NI77,14.230744960735347,24.645293936021286
Q8TAA5,16.509371805392288,25.134090708149483
Q8TAD8,16.221463587488138,24.91269302573024
Q8TAE8,16.951861422963095,25.161608147940417
Q8TAF3,17.712990302083718,25.208577457091433
Q8TAG9,15.99923210915104,24.476646507683732
Q8TAM2,16.421373803260966,24.109697569366137
Q8TAP8,16.219506675516204,24.343255805347454
Q8TAQ2,19.756678542309714,27.276303957302897
Q8TAT6,17.78296803558444,26.569444656098486
Q8TB03,15.329994246823606,23.625111282076194
Q8TB36,18.30292214709212,28.389605274070377
Q8TB61,16.096324289292813,26.8726514769874
Q8TB72,16.28052887518665,25.33560115701008
Q8TB96,17.61234793879117,24.216487219353517
Q8TBA6,16.513087409112675,24.39015339227584
Q8TBB5,16.210426123811047,23.930748554923216
Q8TBC4,17.786745815159847,26.526330581342094
Q8TBC5,14.024048388515315,23.238610866876744
Q8TBF2,15.389368506076382,25.604320036663896
Q8TBM8,16.291889061445662,24.49496041692031
Q8TBP6,16.578845816252258,24.5600753520697
Q8TBX8,17.834900268051268,25.489599102645613
Q8TBZ3,14.57841673342083,24.756925970926233
Q8TC07,16.712887964887244,25.3420337152306
Q8TC12,16.80981608882673,26.6180066250589
Q8TCA0,17.315725238460843,25.294172674370362
Q8TCD5,17.680758969072414,26.09457697771854
Q8TCG1,18.639480593682514,24.737144273075234
Q8TCJ2,16.687522643947737,26.943000762356114
Q8TCS8,18.554120247417547,26.090375813713784
Q8TCT9,17.87723382051762,27.339108783853266
Q8TCU4,15.353080300612142,23.07244691810542
Q8TCX1,14.221072231692025,24.409003085386814
Q8TCY9,15.111552358098473,24.070116302804262
Q8TD16,17.401273589042624,25.760973838525423
Q8TD19,18.10813791705286,25.70919255354118
Q8TD26,14.58530463992707,23.429916464406073
Q8TD30,17.94333622426295,24.67686388780738
Q8TD55,14.849388588538975,25.05814378741918
Q8TDB6,15.434033254733611,23.906264901718313
Q8TDC3,14.83359557440557,23.60226107123183
Q8TDD1,17.481382137357606,25.301774532544957
Q8TDJ6,15.560658601537488,23.755273099429008
Q8TDM6,15.981758610525008,23.738711554218828
Q8TDN6,17.53786672451042,27.080875469058213
Q8TDP1,18.910009162960506,26.1228419137669
Q8TDW0,16.586518585767564,24.744396882484107
Q8TDX7,16.71945492155821,25.227902442938138
Q8TDY2,16.6177953289265,23.99791469452557
Q8TDZ2,17.41142610503689,25.00225345993955
Q8TEA1,15.47364218268153,23.42943445402583
Q8TEA8,17.398091200194337,26.36629011046046
Q8TEB1,15.089811650743693,24.061564101642528
Q8TED0,17.473053418654416,26.37943152680722
Q8TED1,16.387538673978543,24.47375804300817
Q8TEM1,19.84250518659209,26.969562324419968
Q8TEP8,14.793562568901189,24.408646624472965
Q8TEQ6,18.681367079341836,26.02657348448096
Q8TEQ8,16.190482993760046,23.92746046765839
Q8TER5,16.056313813192354,24.297692814740994
Q8TEU7,15.351430926975809,23.758908986841167
Q8TEV9,15.648390299798656,24.066068429178834
Q8TEW0,16.946781830704005,25.40580748775409
Q8TEX9,17.951875395069194,25.779519832393685
Q8TEY7,16.135148013418053,23.601258685921536
Q8TF01,18.05199238384191,25.382437570732723
Q8TF05,15.888222771980816,24.762529837339873
Q8TF68,16.761355079380035,26.26814582280669
Q8TF74,15.080329277809955,25.10076843430264
Q8WTS6,16.533920771212134,24.698022917428325
Q8WTT2,19.022845233895985,25.541648118434132
Q8WTW3,16.50403370967703,26.564593346863205
Q8WU76,16.493605588491448,24.138760461069396
Q8WU79,18.296270033645975,29.30484000020938
Q8WU90,18.661786282573583,26.08067116818918
Q8WUA2,18.319811407588624,25.71450511713431
Q8WUA4,17.959892063389137,26.378508659857317
Q8WUB8,17.368076989150655,25.622588151972455
Q8WUD1,18.46986169733523,25.836821161255415
Q8WUD4,16.78625436122365,26.743726296419347
Q8WUF5,16.63250904680885,25.089409746461822
Q8WUF8,16.833932654812187,24.09630738961324
Q8WUH2,15.72893210229578,23.493025465095208
Q8WUH6,19.02223541269775,26.030384093219492
Q8WUI4,15.367280767487722,24.015011239769226
Q8WUM0,19.19572103242177,26.759262911000835
Q8WUM4,19.866559653665114,27.541180974413212
Q8WUN7,15.577003446580948,23.18043444049066
Q8WUP2,17.306972211900426,25.75254564475002
Q8WUQ7,16.799478758317886,24.470932755946052
Q8WUW1,17.091270619091773,26.09881729517523
Q8WUX9,16.920802196940986,25.197270151476346
Q8WUY1,18.436762114150042,25.92617378635755
Q8WUY8,16.263922851606,26.563048759259367
Q8WUZ0,16.919341518017124,25.7050229031655
Q8WV22,15.929528169959594,24.786024837589707
Q8WV41,14.920577163339491,23.7383576378715
Q8WVB6,15.72621092750178,24.006404842255122
Q8WVC0,17.279445048923023,26.435816376288777
Q8WVC6,17.12991596698534,25.33039907683178
Q8WVD3,16.158285522683432,24.119534214210166
Q8WVJ2,17.845422840841508,25.84998462106823
Q8WVK2,18.20902882922099,25.963083529373527
Q8WVM0,16.86036552269,24.956865407249083
Q8WVM7,17.059581027949733,24.82533179389465
Q8WVM8,18.75445959744524,26.10361979804033
Q8WVQ1,17.27883077625484,24.44059155612014
Q8WVT3,16.69655142399991,24.208065086079586
Q8WVV9,18.42600839676133,26.572112973293482
Q8WVX9,16.518144231846197,25.648188758676948
Q8WVY7,18.533341741024987,26.531267569419438
Q8WW12,18.493404056158514,27.346220680895755
Q8WW59,16.023506246048772,24.803792550405092
Q8WWC4,17.766120685961788,25.06524767782697
Q8WWH5,15.867661832307213,24.631788398435816
Q8WWI1,17.368851657640537,24.90149512309138
Q8WWK9,16.976785019181566,25.2262633348429
Q8WWM7,18.897712193845283,26.573539339055284
Q8WWM9,17.920348732640534,26.994092368904074
Q8WWN8,16.33164199874639,24.25626369492729
Q8WWQ0,18.673947360986,28.265539900822592
Q8WWX9,16.78337422423045,24.81621142121368
Q8WWY3,18.62905738309688,27.22186215403278
Q8WX77,15.584570161830674,25.22291648012471
Q8WX92,18.659809346529354,25.9775414007887
Q8WX93,17.058019739626307,25.437341703783115
Q8WXA9,17.81930113600855,26.363571840973997
Q8WXD2,17.255576698280414,25.502465622739695
Q8WXD5,13.628798685552367,26.16346686561874
Q8WXE0,16.128634040642762,24.412245111053533
Q8WXE1,15.22735897682467,26.51123191884148
Q8WXF0,16.227860144604527,26.15036252140615
Q8WXF1,18.942546147808798,27.538327558166518
Q8WXF7,16.96277146035016,25.194748129651423
Q8WXG6,16.018224916230068,24.325062339341294
Q8WXH0,19.738526685788138,28.29132883233988
Q8WXI9,18.170095994986557,26.69660439905428
Q8WXW3,16.831464906235112,24.201700529077726
Q8WXX5,18.19384643973136,26.95103855378727
Q8WY21,16.981028065739352,25.456821799253554
Q8WY22,18.14108721110584,25.268892714715793
Q8WY36,16.175480594979632,24.323418528983833
Q8WY54,15.76805790763522,25.195852769360776
Q8WYA0,16.903518636734216,24.056929273487658
Q8WYA6,18.820234824123457,26.509620552336276
Q8WYP5,18.545431060180988,27.190098545986892
Q8WZ42,18.33031345953231,23.95308427482613
Q8WZA0,17.35153795073674,27.093321068267848
Q8WZA1,15.665225423301472,24.06353854090421
Q8WZA9,17.800985230455648,27.025205908424645
Q92466,18.13385642665389,25.82308375441515
Q92481,16.341856218924047,26.22026528352461
Q92499,20.301952027983262,28.3205303642531
Q92503,15.226918631912554,23.01688534802193
Q92520,18.03024719337848,25.36464084971336
Q92522,19.696713673701357,28.170431371217443
Q92530,18.25055515549293,27.038896609140604
Q92538,17.84697402231925,25.8963839609692
Q92540,15.56731628478309,24.268787263101668
Q92541,17.47342101245391,25.514891778503017
Q92542,17.589027092963853,26.86478917726297
Q92544,17.938563792572594,28.007389881753625
Q92547,17.11648621321568,24.61610457377021
Q92551,16.746478340162554,23.582526948851044
Q92552,17.363317831591342,25.56534994820444
Q92556,17.033360675989147,24.87267941999395
Q92558,16.623228299917212,25.613384037415557
Q92560,16.216734439421288,24.417339444675388
Q92572,18.27514747922034,25.479721251094432
Q92574,15.886258358437317,22.959527983314608
Q92575,18.08734355910488,25.896199006097962
Q92576,17.797970946450523,25.10421277099255
Q92598,19.65387582040419,29.164484724797877
Q92599,16.690902445600564,25.393453742261652
Q92600,16.425252828259794,25.699156986526877
Q92604,15.560513906544529,25.2074924725943
Q92609,16.89992583039717,25.59031763434846
Q92610,15.199390161133465,24.031834299260577
Q92613,15.89797957031212,24.06755913430369
Q92614,17.52219254696937,24.342716147320438
Q92615,17.20686204800791,25.723129677932196
Q92616,19.828072129870478,27.60151337846756
Q92618,15.295789528851799,24.026897522734664
Q92620,17.252692093863264,25.337831567720887
Q92621,19.813020624372584,27.499713547490096
Q92625,15.699268938138921,24.653646270770835
Q92626,18.654013198557998,26.117155803242067
Q92643,17.67176027322963,25.9185209824751
Q92665,15.908429494596943,25.56878244306235
Q92667,17.728205658493774,25.285576131347465
Q92688,21.031899049253447,30.070247077918246
Q92692,15.57514625745171,25.414862393115733
Q92696,16.414180088516165,24.945107316739577
Q92733,17.906253166987398,26.415925322954017
Q92734,19.03014493540307,27.193963482852226
Q92738,15.468520953227216,24.17590764014777
Q92747,18.87622603708684,26.938101646060193
Q92759,17.492863641162117,25.59308275444369
Q92766,14.547415426084479,23.121414392977115
Q92769,20.958963482056536,28.536658493897075
Q92777,16.278375586451826,25.079701134706315
Q92783,17.447315120024484,25.852101822301307
Q92784,14.71296517008374,23.226671189767448
Q92785,18.13906902457288,27.177390347574647
Q92786,17.42271325647459,26.569750905838667
Q92791,16.658695781819702,25.395581169333216
Q92793,15.760478525304833,24.034997933274912
Q92794,14.614871656534596,24.763120559593894
Q92797,18.4266582910148,26.475047501602283
Q92804,20.859132292369388,28.48838267259683
Q92805,15.334990540388892,25.04908950783836
Q92820,19.953735347747383,27.73976462072916
Q92823,19.899334981080717,28.32543578175761
Q92830,16.974486004534732,24.096331520920668
Q92841,20.43115648699592,28.991479783033746
Q92845,16.650788619836835,24.548988819484833
Q92859,16.516602272021114,24.048369795016054
Q92878,18.999828659333176,28.066791740480834
Q92879,18.96164748584018,27.61055266243239
Q92888,18.11833821900974,26.40134933439838
Q92889,16.960066582317342,23.818555653436494
Q92890,18.577969538218408,26.58555359147604
Q92896,19.556014931387843,26.675192822485208
Q92900,18.70995340452845,27.517886461302517
Q92905,18.2042208406818,26.62125881837532
Q92917,18.567613678348263,25.121813317579395
Q92922,19.49316887617265,27.620172153838823
Q92925,19.00920094490867,26.3860772262992
Q92934,15.82883864955676,24.527003303926136
Q92945,20.01048393388519,29.352036905440748
Q92947,17.09031960015132,25.24035408316721
Q92973,18.413417391581767,27.37852304682535
Q92974,18.613454927587227,27.626680952585158
Q92979,18.001246398947632,26.477312683619076
Q92989,17.08413892279691,25.104863134622242
Q92990,15.99326410364044,25.119874701191193
Q92993,15.482379608805399,24.241360303436508
Q92995,15.667877974442538,24.522643030846417
Q92997,15.48401510749655,24.92846705027455
Q93008,17.370336607908012,26.190884732068792
Q93009,19.627114056745576,26.91326303110458
Q93034,17.504727846677444,25.889995632869972
Q93045,17.355286766806433,28.66008536201766
Q93050,18.266334598498098,26.141288917141015
Q93052,16.464409134499267,24.46704066791625
Q93062,14.694510047023913,24.826155967974138
Q93063,16.279627760856762,23.99476240354009
Q93074,17.92883062313268,24.302849668979693
Q93100,16.53676678985703,24.706158337319543
Q969E2,16.609282887839903,27.800987273715755
Q969F9,15.453066575405046,23.64494216095531
Q969G3,19.021877281613097,27.51827371697631
Q969H8,20.450493705881556,27.994812351160533
Q969J3,15.03292334843418,24.529280888430247
Q969M1,16.31895943435357,23.60674428954072
Q969M3,20.771532549370132,25.534723680602426
Q969N2,17.56449487595245,26.058405898197854
Q969P0,17.088335036545907,24.91662476818613
Q969Q5,16.786233835541697,29.94479687470469
Q969S2,15.347400646738128,24.139829594308093
Q969S3,16.709299769569775,25.876414219743953
Q969S9,16.305555055110332,24.082157692499507
Q969T9,18.21991389858958,26.903962545350645
Q969U7,16.634688385700574,25.28519436065077
Q969V3,17.565079892339533,26.12489292906211
Q969X5,17.161909671392227,26.802764181684978
Q969X6,17.26246570922443,25.88689976440928
Q969Z0,19.15559480684159,26.21604533753986
Q969Z3,16.398711548201014,23.54654985011271
Q96A19,15.199278692246601,22.703804534433818
Q96A26,19.78860122952318,26.976553209346488
Q96A33,19.15204077281362,27.355323356875697
Q96A35,17.12582114742075,25.837064567164305
Q96A49,19.108992886717502,27.106005000408643
Q96A65,18.689573178953065,25.574091901288472
Q96A73,16.0433087654216,24.880598704218695
Q96AA3,15.564135461682552,25.272160923854006
Q96AC1,19.430822867853806,27.844589657703263
Q96AE4,20.22154415649188,29.422033766844418
Q96AE7,15.000207559850926,23.174235625457214
Q96AG3,17.166157196965695,24.1425845409208
Q96AG4,20.160219135964365,29.044997935250183
Q96AP0,13.243599218323583,23.857210591850478
Q96AQ6,17.262112528045535,25.874355870713277
Q96AT9,17.295199216718874,25.883448169864117
Q96AX1,17.316832839780673,24.97240059425131
Q96AY2,14.891237568847933,25.098782766387917
Q96AY3,18.263913943669987,26.85753832690442
Q96AY4,16.869920913745744,24.063812212957668
Q96B23,14.34440204294713,25.429534221045937
Q96B26,18.645670618042185,26.103234173843646
Q96B36,17.14187929086748,25.523217321484434
Q96B45,15.756118617788418,24.913985635111633
Q96B97,15.84081796785633,23.778881361039165
Q96BD5,16.78824498542189,25.22602224997043
Q96BH1,16.91297201276178,24.46033115137513
Q96BJ3,17.257355097040588,25.699136374241085
Q96BK5,15.77171896902603,24.30828698084848
Q96BN2,16.918924039143388,24.446569122334775
Q96BN8,16.219830117720342,25.122160385206495
Q96BP3,17.70604396101242,25.260301939201536
Q96BT3,16.610805413035465,23.54430911618591
Q96BY6,15.812913058837372,24.254728800595384
Q96BY7,15.898917296604067,24.692588193708687
Q96BZ8,15.43719461489426,24.56769910909205
Q96BZ9,16.619362932631127,24.118712364687305
Q96C01,19.035372033572326,26.613085629218087
Q96C19,17.93796193923791,26.43160889627751
Q96C23,17.16475528963591,25.541501744969523
Q96C36,19.23017643546942,27.05454042104239
Q96C57,16.501679847941592,24.785704189042285
Q96C86,18.042996972761248,25.836544090761628
Q96C90,14.379496203406665,26.358455855196166
Q96CB8,16.514304250441516,25.199384489700343
Q96CB9,16.731502671233105,24.783557415439137
Q96CM8,16.828040212036946,25.359793665388633
Q96CN7,20.332248489596967,29.992150570884398
Q96CN9,16.7984836606582,23.973610052920453
Q96CP6,15.367618245156875,24.72732815887217
Q96CS2,17.19925554632145,24.914745520002246
Q96CS3,17.275450284160502,26.74549721246885
Q96CT7,18.764063528658642,26.901262610250928
Q96CV9,17.54143218143913,24.874930501726297
Q96CW1,18.694087822568378,26.913658580066127
Q96CW5,16.867376004055952,25.085962210492788
Q96CX2,16.22556821624673,24.644448307704646
Q96CX6,17.52274619667546,23.826696902957195
Q96D05,15.019319965984607,25.47691226324356
Q96D15,16.723192513453007,25.619971862471562
Q96D46,17.50036966400845,25.842516244551238
Q96D71,18.20516020882156,25.43166267424835
Q96DA2,16.373921547840318,24.24304407453048
Q96DA6,17.936121790814287,24.862318993569605
Q96DB5,17.865802459940284,26.040890093519895
Q96DE0,15.73865966016614,25.11052078552366
Q96DF8,16.134036343491648,24.53026970826297
Q96DG6,17.650517528942842,25.514675412892867
Q96DH6,17.754296996243482,26.74869831003455
Q96DI7,19.533207291282423,27.743167178702212
Q96DT7,14.913193289385111,23.70462282765895
Q96DV4,17.22836135757656,25.893558977671898
Q96DZ1,16.787804723533444,24.710108426315532
Q96E11,16.867598904813846,25.48584505906054
Q96E17,17.075491527748337,26.067513089156456
Q96EA4,15.854394545211798,24.34096326212172
Q96EB6,16.450709473720156,24.48137202394571
Q96EE3,17.503249147861816,27.011975236682954
Q96EK5,18.080041193484412,25.39294061880338
Q96EK6,18.112731816973973,27.177259279674395
Q96EK7,14.216425888635118,26.802101981883972
Q96EK9,17.308371637016023,24.63118682723497
Q96EN8,14.859972021922447,24.146847302301207
Q96EP0,15.340169600761671,23.63094862731046
Q96EP5,18.986311524434427,27.21018231350963
Q96EQ0,17.490922660374245,24.69077550210847
Q96ER3,17.92749646720117,24.925619932681542
Q96ER9,16.84553668111809,25.113803256115464
Q96ES7,16.7794693606331,24.971858947988505
Q96EU7,16.867771854589318,24.010963748606173
Q96EV2,15.538693771357433,25.039169928736356
Q96EY1,16.43262929867909,25.533024047064195
Q96EY4,18.521589373089856,26.234591246924836
Q96EY5,18.50502935756401,25.10069666244952
Q96EY7,18.479670397783426,25.791467961173545
Q96EY8,17.221572143459017,24.927329389851376
Q96EZ8,16.475022130875008,24.30816388149088
Q96F07,15.934889537859076,24.65141646047845
Q96F44,16.25196290840888,23.621122695289618
Q96F63,15.790759923870157,24.995474840373102
Q96F85,18.200532584486883,26.554495846316982
Q96F86,18.596702836468932,25.203466780385348
Q96FC7,18.143681020795988,26.728620165548463
Q96FF9,16.434927014725854,25.44608917299563
Q96FK6,16.224892347801138,24.928548223630898
Q96FN4,16.014240642402584,25.84436611290803
Q96FQ6,15.65107795268499,25.669759482937316
Q96FS4,16.06951515799508,24.08803417587141
Q96FV2,15.339439833653497,25.24619676471529
Q96FV9,18.541014581365147,26.14584735239059
Q96FW1,19.238574505304186,27.7744946500398
Q96FX7,17.263114891469275,24.96256768032761
Q96FZ2,15.912733663996168,23.491986395834903
Q96FZ7,18.400987461160916,26.234814553794752
Q96G01,15.352326707068558,24.17862425441777
Q96G03,18.79984745728758,26.340339794267155
Q96G21,16.91999049617288,26.000906555742663
Q96G23,19.72837904360743,27.187496760288557
Q96G46,16.880169727781816,24.83626604506903
Q96GA3,17.106651304299152,25.76966959105173
Q96GC5,16.908178882985563,25.7252372467864
Q96GC9,18.14265227186719,26.54412134656667
Q96GD0,16.218371705456928,25.995910664524963
Q96GD4,16.30437434072054,25.501396977113256
Q96GG9,18.718353770554664,26.306293093767017
Q96GM5,17.67248829107715,26.82096352566828
Q96GM8,17.202153101486118,24.96418740221378
Q96GN5,16.664843418505527,24.85551186938721
Q96GQ5,17.10907637499519,24.714859807172143
Q96GQ7,19.30356815185599,26.879284116308792
Q96GS4,15.660144680370964,24.369626276165707
Q96GX5,15.189734184962006,23.476064465384727
Q96GX9,18.052563416433227,24.394125481299916
Q96H20,18.3408812633291,25.68713447733613
Q96H22,14.634619075028693,24.30935103118629
Q96H55,15.540716483254046,24.125809703509553
Q96H79,16.297219975679493,26.404438084572607
Q96HA1,15.865300484410529,24.9001750041948
Q96HA7,14.870066535648636,23.931536724485305
Q96HC4,18.29510771805814,26.57059568973334
Q96HD1,17.893485814469194,24.948270127051387
Q96HE7,18.65489031103344,27.703947943461422
Q96HI0,15.027782484703224,23.86459915095335
Q96HP0,17.26172275161244,24.24305360093788
Q96HQ2,17.546979198060598,25.882391081521295
Q96HR3,16.425937616745227,24.600563955119274
Q96HS1,18.44756857860666,27.7526851383651
Q96HW7,16.76061348241377,25.409012848499394
Q96HY6,17.143062187398364,26.39034312028376
Q96HY7,15.922821142222357,24.1032934519335
Q96I15,16.788025429147996,24.89011905763831
Q96I24,18.581587523541092,28.190647758062276
Q96I25,18.90752480525322,26.893842227098887
Q96I51,16.136680934539505,24.24727209258303
Q96I59,16.32372060614617,24.816699466205723
Q96I99,18.48263162430119,26.148467771098105
Q96II8,17.547134186675088,24.330856578241573
Q96IJ6,17.15468028001118,25.73208505513393
Q96IK1,16.02553251739381,25.405515681315222
Q96IU4,17.785438632047335,25.37917520458747
Q96IV0,16.26419406580249,24.779780862184914
Q96IW2,15.735553820140954,24.712999497764518
Q96IX5,18.9567659259714,28.295756202449006
Q96IY1,17.41575934310776,24.73655535722305
Q96IZ0,17.112166735639786,24.710767081561933
Q96IZ7,16.750976036041443,25.492600148386963
Q96J01,17.180121232722374,26.452833610531158
Q96J02,16.30494705305331,24.566844200967367
Q96J42,15.885122460037351,24.441867202640445
Q96JB2,17.283638612061118,24.284200226899017
Q96JB5,18.46892422184481,25.55539313824006
Q96JC1,15.955384346048081,24.009243222473636
Q96JG6,17.90473514045499,24.724843717278322
Q96JH7,17.046889587240518,24.6113698262595
Q96JJ3,16.11584382406127,24.637022915404284
Q96JJ7,19.852214533157124,26.275327481682794
Q96JM2,18.055261079659957,25.306665707318608
Q96JM3,19.437136990715928,27.28992095965864
Q96JN8,13.90854110286685,23.79926986102623
Q96JP5,14.604098441071496,24.387312261463013
Q96JQ0,17.598318886948682,25.069826298350677
Q96K17,19.33332081563605,27.7069491619924
Q96K37,16.13663347248428,25.014353746835184
Q96K76,17.775321055658864,25.173916542495224
Q96KA5,16.494800704422808,24.785065439369742
Q96KB5,18.879309989534534,26.896155420440525
Q96KC8,17.46072696811238,24.826738355765055
Q96KG9,17.715938000533143,24.635054011993244
Q96KP1,17.914365060194022,24.87814855609242
Q96KP4,18.806212826082582,27.338076753367865
Q96KQ4,15.966712651112948,24.267569461270753
Q96KQ7,17.707491675486555,25.433542548396236
Q96KR1,19.4629675219985,27.4745694389908
Q96L58,16.34643505871028,24.908713132672837
Q96L73,15.164652065745457,24.040808759810346
Q96L91,17.60708161382605,24.889605383373773
Q96L92,18.026124215796028,25.628995228267758
Q96LA8,16.60263290428145,28.43921255100139
Q96LB3,16.52042392138086,24.91665717164539
Q96LJ7,14.831314988633304,24.477364619955445
Q96LT7,15.391179973284032,23.65532479159454
Q96LZ7,17.113831409428414,28.057100343699613
Q96M27,17.62563326220704,25.697113923699924
Q96M96,15.665923040024555,23.529522776720462
Q96ME1,14.08952889101648,24.81156147390987
Q96ME7,17.401374728338613,25.244669137381486
Q96MG7,17.87184407705619,25.693151669242635
Q96MM7,16.316547168266055,23.52988374637642
Q96MU7,17.580968455574226,26.04448279714173
Q96MX3,15.33129690166157,24.075871957299867
Q96MX6,16.99689647593311,25.343605526106053
Q96MY1,16.911077563725282,24.430155388215752
Q96N46,15.522486287313072,23.805611045469327
Q96N64,15.24402362959818,23.642335336972575
Q96N66,16.802277882030182,27.266962452586792
Q96N67,18.91134296749036,26.8927110773396
Q96NB3,16.77867611694597,24.747346683626244
Q96NE9,17.3586376023181,24.5690462784212
Q96NT0,16.11306445508707,23.98447287288196
Q96P11,15.29675382728143,25.515677523597468
Q96P16,17.758757986379784,26.13933431104449
Q96P47,15.654073399447661,25.222595690509245
Q96P48,16.727761933352106,24.311322188828328
Q96P70,19.72977691521508,26.999781780508805
Q96PD2,15.324838563314945,23.067923053633663
Q96PE3,16.411128487081168,23.90303579061759
Q96PK6,19.76403071413687,28.924640431425964
Q96PM9,14.963316437475063,24.997487425581074
Q96PU4,15.55264448408166,24.112412222959684
Q96PU5,16.118623758059343,25.098877689887736
Q96PU8,17.465861246435605,26.244304485218553
Q96PV6,14.988983821038396,24.389112082744415
Q96PY5,16.909460125941028,24.99292375817432
Q96PZ0,17.71429686714217,25.199775221891965
Q96Q11,18.017513850713588,25.676611861522105
Q96Q15,16.42943286331651,23.367192363273873
Q96Q45,16.721569602026534,24.68552211400974
Q96Q89,16.743800786868643,24.106805454336772
Q96QC0,18.251830694105887,26.011601123626587
Q96QD9,15.295843732309013,23.956795853655258
Q96QE5,15.518220457453276,23.848477957365862
Q96QG7,15.976079248923472,25.563211432981785
Q96QK1,18.708854830790173,27.79792106722576
Q96QZ7,17.154127265284462,24.274570532140874
Q96R06,16.223210186848952,24.686300038253123
Q96RD7,17.01326021868707,25.00552865329892
Q96RE7,17.07087099333507,25.5760820454777
Q96RF0,15.588583329135073,24.350825635870468
Q96RG2,14.41248036633478,23.324170381093573
Q96RK0,14.727359930938071,23.685596931277182
Q96RL1,15.431432185664116,24.422815606455334
Q96RL7,17.15485884246533,24.491925495387214
Q96RN5,18.375848915214615,24.862114007800947
Q96RP9,19.22019128030123,26.954649940390055
Q96RQ1,17.08228196921343,26.047090662185184
Q96RQ3,16.910784758314435,24.521882505145296
Q96RR4,17.074443723909933,28.1675014129418
Q96RS6,18.200582994276832,26.1196391632612
Q96RT1,17.68767970331896,24.425658800579036
Q96RT7,14.322055500895182,25.997166169217095
Q96RU2,16.669330112726467,24.46594087068728
Q96RU3,17.48376617364836,24.434742745642836
Q96S19,15.36986771897339,23.772930375185247
Q96S44,16.074807994798604,25.318795127262455
Q96S52,17.07605646702099,25.87276614162113
Q96S55,17.371992190352213,25.258160384213742
Q96S59,15.917694836495231,25.093869415856314
Q96S66,16.67252352977402,25.17029334125536
Q96S82,17.56804124953165,24.57375488343319
Q96S90,15.80543146009401,24.129198497280818
Q96S94,16.061087902894712,23.28311170934878
Q96S97,17.62924848017666,25.5451095926574
Q96SB3,18.284432474761275,26.2646355747852
Q96SB4,17.215632454640282,25.92331136607364
Q96SB8,17.750897888127035,24.671607374968417
Q96SI1,16.284049600254072,25.17760491327755
Q96SI9,18.648974952726874,25.590006494573153
Q96SK2,17.55910363509196,24.710295823317956
Q96SL4,18.397833027161006,27.573785648098482
Q96SM3,15.145413405604579,23.884465403727148
Q96SN8,17.557568682382755,24.234653490699536
Q96ST2,18.107680050027884,26.211646555820312
Q96ST3,18.310529679130088,27.137005452246193
Q96SU4,17.231338740692514,24.755532483999392
Q96SW2,14.124888751571032,23.325440516944113
Q96SY0,17.317979344257257,24.97096783577257
Q96SZ5,17.54092528682168,26.679132870892808
Q96SZ6,15.094792927918512,28.418467128391622
Q96T23,19.225136506177634,26.525710509401367
Q96T37,17.761804416774808,25.735897719931
Q96T51,18.483826698025172,25.082404952532293
Q96T58,18.400630693000938,25.543579345991432
Q96T60,17.010712935651874,25.44685051737984
Q96T76,16.326735231755833,24.759595971401165
Q96T88,18.115330342475097,25.956761567372805
Q96TA1,17.577100899819506,25.796265655382335
Q96TA2,18.571773619213943,25.32849247188751
Q99081,16.239560455141554,25.19323323477082
Q99417,18.94101823020943,26.409478761969204
Q99426,18.743847095624584,27.722621425506194
Q99436,18.382940185763434,28.09958019308126
Q99439,19.008046220003877,27.429145050730167
Q99442,17.540307685180338,26.805413381646694
Q99447,16.646760246988958,24.54760743595623
Q99453,19.002956858047053,25.981209791322787
Q99459,19.339425204657946,27.566945698175463
Q99460,20.552446186176503,28.23391529207577
Q99470,17.768584136824646,26.251775332093597
Q99471,19.169649171985764,26.938958712269113
Q99496,16.620010536152314,26.354099801576055
Q99497,21.019365727097835,28.9791335204125
Q99519,17.334574036596084,25.845538444555164
Q99523,15.407062595108552,25.077646255741474
Q99536,19.159555756134623,28.393949254107955
Q99541,17.32267651423419,23.916787233690172
Q99543,17.030393641773497,25.059214291003116
Q99547,18.758174398072846,26.254542028900435
Q99549,17.56811890086892,24.58510624812466
Q99567,18.454812509306546,26.88695182240857
Q99569,15.333775918937548,25.17805152578776
Q99570,17.119273397000814,26.20229985480473
Q99575,16.723119303827964,25.01020889897694
Q99584,17.568675842520317,26.58772532026984
Q99590,18.231585587343076,25.39671434199954
Q99598,18.66320814228846,26.547666118975528
Q99611,16.1340019888406,23.79830744855697
Q99614,16.982688455465155,25.848520500294473
Q99615,18.986550462510777,26.668854640629718
Q99623,20.61282641672311,30.064261311568487
Q99627,19.052160719802355,27.22956149639256
Q99633,16.30256041564906,24.511601730861774
Q99653,17.42912450351171,26.022152083029773
Q99661,18.072929393743074,26.059424834210905
Q99674,15.82276657264038,24.62490497687736
Q99700,17.18082223038817,25.444321706810083
Q99704,17.23773653200541,24.44535205629186
Q99707,16.56948463911814,24.49394105923495
Q99714,17.666594422587686,28.756819480888094
Q99719,17.515316213419197,25.419729014646464
Q99720,17.59810546102862,25.87307107389177
Q99728,16.487139425747714,23.802284425273267
Q99729,19.099081291306835,29.488571545890007
Q99733,19.306115597875266,27.88233467858212
Q99747,18.455188364500433,25.666875301072494
Q99755,16.117935111531885,25.473411552371324
Q99757,18.244835739168277,26.634498877623518
Q99766,17.011685669880972,23.518145383857302
Q99767,15.697730089917762,24.51432085221738
Q99797,16.2219464603689,24.968238933038926
Q99798,18.50380973952938,27.433763426618675
Q99805,18.12914363686176,26.406978787430724
Q99808,15.456167965120772,23.62417151820971
Q99816,18.205569434290002,26.074881442881352
Q99829,18.227654080249742,27.390348478172346
Q99832,20.639002737746846,29.68759084858013
Q99836,16.171692505309686,24.489311324528355
Q99848,18.668749001717902,27.0787257191507
Q99856,16.573614899595366,24.092810521331202
Q99873,17.586014312671914,27.88383289131049
Q99961,18.4521789674153,26.34598033301531
Q99985,15.056744014390402,23.96448268332817
Q99986,18.6875952511198,26.04551415318532
Q99996,18.359172575380295,25.36558296226892
Q9BPU6,19.202274110782405,28.012763311701036
Q9BPW8,17.420974124828703,27.85007673558699
Q9BPX3,18.29474656546146,26.312460158780336
Q9BPX5,18.260763633706077,26.476175339368368
Q9BPX6,17.36099922345855,28.078239751047075
Q9BPY3,15.782818833193938,24.16896733905312
Q9BQ39,18.730946212603452,26.58204822260103
Q9BQ52,18.699245938677237,25.67803237543368
Q9BQ61,18.361195188671125,26.916052690855437
Q9BQ67,16.38961701406917,25.230090984385804
Q9BQ69,17.044614756157753,26.74835768754281
Q9BQ70,16.494077918554698,24.2496304758544
Q9BQ75,18.663458445400614,25.744662232706535
Q9BQ95,16.025084684249112,24.184247435331276
Q9BQA1,18.331943558516176,26.582580099907847
Q9BQA9,18.03434149366617,26.22103438472307
Q9BQC3,15.46065639889782,24.069408218253926
Q9BQE5,15.72900468264215,25.02106756761077
Q9BQF6,15.81101395434368,24.637377133260234
Q9BQG0,20.270561282883442,27.430407494498418
Q9BQG2,16.672150721995795,24.30051497481998
Q9BQP7,15.914014529645836,25.378268128190708
Q9BQS8,15.835387446981361,24.363979063648408
Q9BR61,17.147738148131733,24.772858241607455
Q9BR76,18.790297967400047,27.34204771207995
Q9BRA2,20.476856313990087,29.05782717448671
Q9BRD0,16.283586150048787,25.628779977314938
Q9BRG1,18.61887031992929,25.63166949179454
Q9BRJ2,17.042903525666595,25.958523429801232
Q9BRJ6,18.617831215103077,26.800182877102756
Q9BRJ7,16.944318778576086,25.494888414092078
Q9BRK5,18.682250949904887,26.706119557693935
Q9BRP4,16.744317552428893,25.8613103403879
Q9BRP8,17.65959315723254,25.937905271057875
Q9BRQ6,15.480346704865298,25.871096539141174
Q9BRR6,17.6839721922249,24.932077142386035
Q9BRS8,16.648488780706312,24.70080766117236
Q9BRT3,17.511001024812806,26.70363236142057
Q9BRT6,17.636979935969503,26.96188743060752
Q9BRT9,18.8062935514348,24.827310912933424
Q9BRV8,16.81097606416576,23.76262055863184
Q9BRX2,17.333681009929396,25.619147073203052
Q9BRX5,17.879371572764978,25.123301677259406
Q9BRX8,17.894573625255408,27.04118366233251
Q9BS26,18.847181446983985,27.367196955038818
Q9BSB4,15.673547107397416,24.430774905852417
Q9BSC4,17.720757925170393,25.57117926216689
Q9BSD7,18.326778239897592,26.650972067003785
Q9BSF4,15.969666382548686,25.173490817179403
Q9BSH4,15.78938828423371,26.390635697481457
Q9BSJ2,17.91476557061557,28.231695511575555
Q9BSJ5,16.006182804265396,25.383527380478775
Q9BSJ8,18.894280305847268,27.438963638645333
Q9BSL1,15.044682245361384,24.747273609497032
Q9BSQ5,17.82064295644354,24.406497108592827
Q9BSR8,18.94201621346591,26.09111692821646
Q9BSU1,15.11003545674099,23.799950872931383
Q9BSV6,15.206314062640041,24.20224663231947
Q9BT09,17.724416685423293,27.0697027500518
Q9BT40,16.422501254009436,24.91009210938887
Q9BT73,16.193201976493206,25.36196040106848
Q9BT78,18.279759753479205,26.94106370788585
Q9BT88,14.284172643161423,25.463104117038615
Q9BTA9,17.81751112339271,26.26028793705781
Q9BTC0,18.702126883292525,25.946884104380647
Q9BTC8,16.680812415783453,25.14167489910914
Q9BTD8,17.354284260274532,26.22185795382507
Q9BTE3,17.612706137460826,25.111860947416357
Q9BTE6,16.673874934200732,25.073413067987172
Q9BTE7,18.129517551553867,25.317675926981302
Q9BTK6,15.707099996624915,22.724725180331284
Q9BTL3,15.975924915808891,26.14522360613447
Q9BTT0,18.972866375318727,28.71530490208689
Q9BTT4,16.58257810237617,24.698135110074393
Q9BTU6,17.203358375372233,24.890223233535785
Q9BTV4,17.926807497628836,26.7162878542346
Q9BTV5,16.883749958010775,25.722352110876056
Q9BTW9,18.6741934718166,26.43407809639694
Q9BTX1,17.156893556812204,25.911654339760734
Q9BTY2,18.30289893778347,25.18422075730014
Q9BTY7,16.30464166486784,25.04683606051731
Q9BU02,15.182267797427876,24.18393881036184
Q9BU23,16.981967194703195,24.18577029229346
Q9BU61,16.474860361431674,25.43977165106551
Q9BU76,16.285349597075385,25.410190117082553
Q9BU89,17.78177062157559,24.93729415976854
Q9BUA3,16.43768149445254,24.25845137797727
Q9BUB4,15.551920607951294,23.860325454393422
Q9BUB7,14.590598452493715,25.052825919250694
Q9BUE6,16.554781535880508,24.086191066040502
Q9BUF5,16.403777007013293,27.435143025987365
Q9BUH6,16.59061495110118,25.337005180226477
Q9BUJ2,19.315281276746052,27.857439836225545
Q9BUK6,16.33896825465423,25.792907084213436
Q9BUL5,17.33913923390184,25.31258969224792
Q9BUL8,18.427338614027377,26.913776455574123
Q9BUL9,14.458210516321978,24.975158927406763
Q9BUN8,16.523042628369907,26.857158216955575
Q9BUQ8,19.294903217757387,27.04961607767276
Q9BUR4,15.730756383175082,25.22346860666925
Q9BUR5,17.67613924600961,26.201948375675236
Q9BUT1,18.703293615083897,26.51295239578284
Q9BV20,16.48454364710393,25.493547620411725
Q9BV38,18.999209581468314,26.93097759141708
Q9BV44,16.924237902978973,25.585328225630054
Q9BV57,17.595079229771777,26.289498334643092
Q9BV73,16.066194116799686,22.988024989270965
Q9BVA0,16.777680769565695,24.447368052611317
Q9BVC3,16.040214792788408,24.33435690455211
Q9BVC5,17.745367603170184,24.796571308280235
Q9BVC6,18.03072671213264,27.347472974886198
Q9BVG4,17.734535986083536,26.748727582925625
Q9BVG9,15.90769923086539,24.237482417100043
Q9BVI4,17.86066527057328,25.61194190607126
Q9BVJ6,17.80817939178834,25.841972438672073
Q9BVJ7,17.136964565798806,25.365832908387507
Q9BVK2,17.457837541042903,24.941054145515547
Q9BVK6,18.371539118959017,27.4227924934047
Q9BVL2,18.359453414553204,26.158684490753647
Q9BVM2,17.971766159357287,25.680690483715175
Q9BVP2,18.54348146300667,26.832480371786684
Q9BVQ7,16.577271924647857,24.23894623497659
Q9BVS4,16.65761121358893,24.637613537263263
Q9BVS5,17.245004136097897,23.87191905200312
Q9BVT8,16.817095079937356,25.463972395319594
Q9BW19,17.372373308414254,25.259048189856617
Q9BW27,18.429501741364973,26.579860539127594
Q9BW30,18.468385053425852,26.050588313488312
Q9BW61,15.362091053794755,28.49886386646283
Q9BW66,18.224959607813688,23.071692302297915
Q9BW71,16.41560814638553,24.937247457136724
Q9BW85,15.758210850352429,24.511799243821983
Q9BW91,17.083400583618914,25.480845519476464
Q9BW92,17.48187964309101,24.7850383750716
Q9BWD1,19.892115134267453,27.302485830135524
Q9BWF3,16.02523972192001,27.48422475360347
Q9BWH6,16.476477570658254,24.494213103738296
Q9BWJ5,18.428883102312604,27.82664957015143
Q9BWM7,17.745270111487706,26.606971295301587
Q9BWP8,17.872230413103708,26.96444364651833
Q9BWS9,18.474945290621996,26.446251882456128
Q9BWT3,15.522385523000187,23.79230968348377
Q9BWT6,16.205131779245303,24.06821113748344
Q9BWU0,17.711088229520943,25.500191437707755
Q9BWW4,15.81351830121684,24.79602069022722
Q9BX40,16.411747568208344,25.904451590066056
Q9BX67,18.503864466870198,26.020287705400545
Q9BX68,19.903799266423626,26.81681083402749
Q9BX79,17.463778993985663,26.95993067285394
Q9BXB4,16.816746751616705,25.121763306559128
Q9BXF6,16.11512292224734,23.69844990961936
Q9BXJ9,19.11063673278137,26.87058559307586
Q9BXK5,15.811974479133191,24.917594658721995
Q9BXP5,19.592337505479044,27.764287367190377
Q9BXR0,17.36711199652084,25.00428565592695
Q9BXS5,17.601526728603265,26.434095081447698
Q9BXS6,16.98016624850299,25.84583523116988
Q9BXW7,17.733591527171473,25.904791466901806
Q9BXW9,17.389989688268923,24.572459225578445
Q9BXY0,18.410712003194266,26.82974922395095
Q9BY32,18.72735891084858,27.53591029881872
Q9BY41,15.942202381662266,23.897368781251593
Q9BY43,17.225292727456782,26.31927173499819
Q9BY44,19.45629228859787,27.402240700257696
Q9BY67,17.994195710817568,26.791082384452327
Q9BY77,18.668100259072855,26.38448390438676
Q9BY89,15.009752747901368,23.583892429213297
Q9BYC5,16.925216651144495,24.79659804157713
Q9BYC9,16.074389812351072,25.737155235569773
Q9BYD1,17.21263651441587,25.537597989882133
Q9BYD2,17.048429888629755,25.947076620271954
Q9BYD3,17.91428959155641,25.991580058156572
Q9BYD6,18.92223723216944,26.501111610493293
Q9BYG3,17.37136158790848,25.62425753763035
Q9BYJ9,16.58771023235238,25.10683197266159
Q9BYK8,14.867713131406491,24.33395880013915
Q9BYM8,15.974347951974334,24.629577102361356
Q9BYN0,16.442321875002875,23.875483568253955
Q9BYN8,16.600851207311667,25.948263442240034
Q9BYP7,14.170433569203169,22.896208015689776
Q9BYT8,18.19635678853434,25.884540525745876
Q9BYV8,15.749349791356662,24.84178938658151
Q9BYV9,15.113930242062988,23.9291468678434
Q9BYW2,16.480272933374362,24.239318003821722
Q9BZ29,16.258932292461598,23.090303947026587
Q9BZ95,17.530180972149466,26.607819880471347
Q9BZC7,16.24991875081139,26.10221543896958
Q9BZD4,17.47654184721676,25.37157842363651
Q9BZE1,17.66052192072924,25.90220101800303
Q9BZE4,19.363025757463795,26.558890911107586
Q9BZE9,17.64299300641966,26.848208804969577
Q9BZF1,17.764427206688485,25.613700563714737
Q9BZF3,15.1721751432796,24.537503455261795
Q9BZF9,18.497941531026967,24.69391313236059
Q9BZG8,14.154031689229294,24.331379674352025
Q9BZH6,18.55411152472494,24.935742449092015
Q9BZJ0,19.06884002084681,26.11797471641359
Q9BZK7,17.813095993051043,26.624705697076184
Q9BZL1,17.09984295318402,26.925403674391806
Q9BZL4,15.330652001143953,24.002156941049993
Q9BZL6,16.67104027130383,24.803509281140332
Q9BZQ6,17.241986976015117,24.697266002204092
Q9BZQ8,17.5397852000175,24.790430172894904
Q9BZV1,16.045668127286266,25.105694507578537
Q9BZX2,16.541723962229035,26.138449934104546
Q9BZZ5,18.95197690475004,27.83827333384365
Q9C004,16.726562585000107,26.052300170892146
Q9C037,17.88099889989048,24.033377250801216
Q9C040,17.571941914558597,25.21181631177541
Q9C0B0,17.469136632724975,24.309340621838253
Q9C0B1,18.2793677186251,26.043562317437296
Q9C0B5,16.023860961310444,24.25786127707965
Q9C0B7,15.92883062313268,23.713222038112185
Q9C0C2,17.740990462045684,25.443613906343167
Q9C0C4,16.011471863661995,25.790423523130745
Q9C0C7,15.28513830685078,22.84556556580225
Q9C0C9,18.8648014287565,26.401038766865565
Q9C0D3,16.28396624249708,23.65482057558842
Q9C0D5,16.57113495819179,24.810676895008417
Q9C0E2,16.132441399720527,24.414171166833366
Q9C0E8,18.98814435983043,26.450692672809655
Q9C0F1,17.819197059810783,25.327094993255628
Q9C0H9,16.190908411697112,24.09861907798504
Q9C0J8,17.52564548524379,25.847532512103886
Q9GZL7,18.406105033976498,27.06094773868937
Q9GZM5,17.67208040875468,25.422756911011433
Q9GZN1,16.34572805138887,23.943690242036393
Q9GZN8,16.954101150912233,25.042778120349865
Q9GZP4,16.528266574040646,25.141348015414525
Q9GZP9,14.925028899733556,24.69308267682505
Q9GZQ3,16.34010241168449,24.57986603329353
Q9GZR2,17.6885092400922,25.386676121558466
Q9GZR7,17.92198588485589,25.496243094954593
Q9GZS1,17.904259300223856,25.674213500373895
Q9GZS3,18.55702606974069,26.622283268835137
Q9GZT3,19.529305322467934,28.3278890858935
Q9GZT4,17.406794852486488,24.910654577836755
Q9GZT8,17.538086585255154,26.002296713645027
Q9GZT9,16.584557009460937,26.281721927214406
Q9GZU1,14.255180961781374,23.460530263157644
Q9GZU8,17.14959197212172,26.09328772594328
Q9GZY8,15.648617415449275,25.223466028850837
Q9GZZ1,18.032034699393943,26.80905751879059
Q9GZZ9,18.46326335837044,26.26963215825707
Q9H000,16.878834982196935,24.622565811091814
Q9H074,18.459904185669345,26.72699490405476
Q9H078,19.019572855263988,26.51804500502681
Q9H081,15.665967762958466,24.71090867068423
Q9H082,18.29505242732914,25.224990188539337
Q9H089,17.311465544322665,25.098437499988467
Q9H098,17.778852009688983,25.331893357760368
Q9H0A0,18.31413786632955,26.778766788256476
Q9H0A8,16.851406726565248,24.93553300830629
Q9H0B6,18.116524997545703,26.025371110908164
Q9H0C8,17.810571138599876,26.355738386125832
Q9H0D6,20.153816667222657,27.64921403408454
Q9H0E2,16.274934829723588,26.36414921387058
Q9H0E3,17.134880387071046,25.635334486257605
Q9H0E9,17.2182921691312,25.007680412688824
Q9H0F7,17.183491942172424,24.768724419596495
Q9H0H0,16.358247656764906,24.327337526866753
Q9H0H5,17.911345123838025,25.172435880288692
Q9H0K1,15.364207171050833,24.147180905004234
Q9H0L4,16.63388671416762,25.01558638811193
Q9H0P0,17.63029209890852,25.44812767205961
Q9H0R4,18.567710465423442,25.681511051205582
Q9H0R6,16.2932020164151,28.78530886553475
Q9H0S4,17.896391230204618,26.734029853139
Q9H0U3,17.491979348517713,25.932168290203933
Q9H0U4,18.72111042299404,26.696299664571356
Q9H0U6,16.578091919678943,26.54836446955493
Q9H0U9,13.95830121871617,24.341931723990236
Q9H0V9,17.18310713416231,25.232902185593105
Q9H0W8,15.51843228571345,24.594979894239255
Q9H0W9,17.064428172251073,25.462419956500085
Q9H0X4,19.353573943581015,25.981658164811716
Q9H115,15.9805434962798,24.4844586454365
Q9H147,16.930311515243133,24.152233617770122
Q9H173,16.61064816951937,26.060000918323535
Q9H1A3,16.729573667212474,24.539574054309277
Q9H1A4,17.039602493981416,24.459726648158373
Q9H1B7,17.11834735519032,25.4840895860916
Q9H1D9,15.267978657388193,24.876060673973456
Q9H1E3,19.26666102800125,28.064579944035266
Q9H1E5,16.67546876758983,26.29387795487566
Q9H1I8,17.385812341294372,25.32829654002768
Q9H1K0,14.868894594377544,23.573226726601458
Q9H1Y0,16.031809547197202,24.740346368816617
Q9H1Z4,16.378461583372182,30.317174169318736
Q9H223,16.518550839981646,25.8899059112839
Q9H267,18.06878630098131,24.74446437948034
Q9H269,16.177376563208647,24.832616940217815
Q9H270,16.257504669261678,24.39409625330696
Q9H299,18.927484286210575,28.356562815669054
Q9H2D1,15.25318269961005,23.238186042823013
Q9H2D6,16.560525487986627,24.688315148262454
Q9H2G2,18.09614472500167,27.82212022568054
Q9H2H8,16.81127736212658,26.263176757449852
Q9H2J4,17.4507583970959,26.16158135548245
Q9H2K8,16.451480841580267,24.70907245055499
Q9H2M9,19.15599394477856,26.55842242123329
Q9H2P0,19.130789663118065,26.66720435979703
Q9H2P9,15.792961675290845,27.21743988682183
Q9H2U1,18.53723113166127,25.53593815952767
Q9H2U2,19.21109208169299,27.24980766935814
Q9H2V7,16.021800518177,25.206343842960656
Q9H2W6,18.618240815740748,25.738758774295164
Q9H2Y7,15.325038703863575,23.620611153369698
Q9H307,19.629531068312875,29.0503820357366
Q9H330,16.455380791608412,24.805756170299933
Q9H334,17.19064175951431,24.402449440701677
Q9H336,13.63422222674627,24.742340175371293
Q9H3F6,15.652127927738269,24.110765488713678
Q9H3G5,17.98925464993263,25.83641100839856
Q9H3H3,16.659267868899498,24.480500804101
Q9H3K2,17.069019980239315,25.676261157038144
Q9H3K6,20.43566796705124,29.01109178183943
Q9H3L0,15.529128842670135,23.54453788591822
Q9H3N1,18.69286922162353,27.710160803477955
Q9H3P2,17.4979036289792,25.95972487664172
Q9H3P7,18.1678069210096,26.567193396591204
Q9H3Q1,16.21806653341359,24.609679133637513
Q9H3R5,16.97907592011481,24.928426386579403
Q9H3S7,18.047600008989274,25.38366530646687
Q9H3U1,18.153832652694433,26.375551724354718
Q9H3Z4,19.23299624662319,26.228573191510094
Q9H410,16.664335305777833,24.207220810293805
Q9H425,15.420041976163809,24.836148040907137
Q9H444,19.047804404008133,27.06841570196761
Q9H446,16.29297078578815,26.041783751766275
Q9H467,16.94082098806534,24.68852334310335
Q9H479,15.974144161114234,24.29716383189455
Q9H488,18.356657329361564,26.9088150585516
Q9H490,16.314062389465374,24.32405910512127
Q9H497,15.22057381796891,28.455376742618377
Q9H4A3,17.647758785666742,26.48444712096374
Q9H4A4,19.086243696851515,26.696082473280995
Q9H4A5,16.78576706551531,24.506370662177133
Q9H4G0,17.173353713480676,24.170287418908586
Q9H4H8,16.002033807659796,25.075617985352533
Q9H4I2,14.874866602492839,29.214929920185426
Q9H4L4,17.842350852943984,26.262309198480914
Q9H4L5,17.033046684207523,24.76892345954312
Q9H4L7,16.798510670212963,24.842585713382547
Q9H4M9,17.976146178029936,27.123778805020077
Q9H4Z3,15.680070128525987,24.248795131270867
Q9H501,17.92870654738838,25.94047945835768
Q9H553,16.546392546595122,24.873165885966078
Q9H582,16.140169739740593,23.82406402897741
Q9H583,19.62744297633675,26.672617652968004
Q9H5H4,14.956399663475862,24.68631820737457
Q9H5I1,16.091084401617376,24.382943232283445
Q9H5K3,17.593316695432996,26.07671755086883
Q9H5N1,16.690421473637166,24.68726161844904
Q9H5Q4,17.59581143450277,27.31167029301305
Q9H5V9,17.39333032155073,25.610207297139148
Q9H5Z1,16.171705492136375,25.435436805919775
Q9H6D7,14.494584789447078,25.798590949933505
Q9H6E4,16.648117309458286,24.5169858480449
Q9H6E5,15.856504244957446,23.613466428428293
Q9H6F5,17.660066855945946,25.515930165484846
Q9H6H4,16.88473652512907,24.93291460685314
Q9H6K5,16.20409582861003,25.828082913914784
Q9H6R0,15.803664041530135,24.299853262174846
Q9H6R4,18.18647900183643,25.865322430046348
Q9H6S0,16.304758057482363,24.533659128975334
Q9H6S3,16.397537881025894,23.782030602544545
Q9H6T3,17.62670480340016,25.53544044085429
Q9H6U6,15.76897819346663,23.84221369803811
Q9H6U8,15.694624969976855,25.183794314855113
Q9H6V9,17.796644410030822,26.512954291510777
Q9H6W3,16.799337562835305,25.25650853435937
Q9H6X2,15.241468254106943,25.902688334031716
Q9H6Y2,16.36399112186803,24.706405022268918
Q9H6Z4,17.446404962664673,27.07089014088157
Q9H706,16.558160143595465,24.574724737930698
Q9H773,17.533226078059098,26.63987068102095
Q9H788,16.374082195614946,25.978010626471534
Q9H792,14.521854853447076,24.016131013784953
Q9H7B2,18.427794665151055,25.46808257634656
Q9H7B4,17.265560858629232,24.50510043758146
Q9H7C9,17.300388330512956,25.502428551161277
Q9H7D0,16.090457190024857,23.93151897582975
Q9H7D7,17.65596774364702,25.83545326631287
Q9H7E2,16.450143326642337,23.991375700048273
Q9H7L9,16.952271793400666,24.78730208581219
Q9H7N4,18.376285876271574,25.380774728720283
Q9H7X7,15.071922859569193,25.488106504713546
Q9H7Z3,14.916185154196604,24.064705642997758
Q9H7Z6,17.842094634697748,26.398900986763877
Q9H7Z7,17.29952602739512,25.79068660667872
Q9H813,15.585192599743706,25.250716799779052
Q9H814,17.399236553593937,25.532298013468736
Q9H832,18.019980202555256,26.634473766110425
Q9H845,18.169178903436883,26.391071890582285
Q9H857,18.392100166060704,25.907105374485713
Q9H871,17.042978096085672,24.320989452261813
Q9H875,18.283987824165827,25.89765359570016
Q9H8G2,17.955700756910623,25.08529717576139
Q9H8H0,18.527661183654786,26.264895869689234
Q9H8H2,16.92750606565525,23.984520135843365
Q9H8H3,15.941619645149673,25.767891085069216
Q9H8K7,15.983300773425821,24.302682009496078
Q9H8M2,17.564932625287923,24.56124400435113
Q9H8Y5,15.8866309052537,24.1936700877309
Q9H8Y8,18.903328158246456,26.67186791608612
Q9H900,16.76277734746071,24.70758246512399
Q9H910,17.23436052401919,27.0439147456679
Q9H944,17.05490004975818,25.248628199719253
Q9H967,15.181259049131183,24.346802171631563
Q9H974,15.477508206119307,24.714043273732674
Q9H981,17.2965747735707,24.72717760981438
Q9H993,19.167849090805767,25.659163518797627
Q9H9A5,16.681054568175135,24.925214297263796
Q9H9A6,17.36200315516787,26.14972459202383
Q9H9B1,17.905328715209407,25.70416172100639
Q9H9B4,18.33007281128124,28.24390264714523
Q9H9C1,17.58558263646648,24.54049591304037
Q9H9E3,17.34429669688945,25.120666696616016
Q9H9F9,15.985051626061393,23.998615219242776
Q9H9G7,15.724042416850848,23.70866788416707
Q9H9H4,14.701489494988614,24.5775376250206
Q9H9J2,17.160039229670303,25.44076437399221
Q9H9J4,15.538635293358741,24.4810448390744
Q9H9L3,17.05053560119126,24.96999553217166
Q9H9P8,16.164123602432156,24.5685005454157
Q9H9Q2,18.1503866951619,26.505558984003095
Q9H9S3,16.04839406307537,26.211443941281008
Q9H9T3,16.01378222885275,25.12987278704515
Q9H9Y6,17.05950758024776,26.61119221336356
Q9HA64,17.469765898627067,26.778530202504477
Q9HA65,16.293337198196074,24.74194946010311
Q9HA77,16.202708881521236,24.16136411447031
Q9HAB8,16.414204604210003,24.67285514014913
Q9HAF1,16.493325314238913,26.705780807963144
Q9HAN9,15.297987216227801,25.527302157933626
Q9HAS0,15.880739369139162,25.193846489067578
Q9HAT2,16.132591702522046,25.17659372792956
Q9HAU0,17.107205264611647,24.806615305379957
Q9HAU5,17.108840950854653,24.79470357857885
Q9HAV4,18.875561891219473,26.486058608355485
Q9HAV7,19.708635654404308,26.65682623838852
Q9HAW4,14.99397924939666,23.809778589816638
Q9HB07,17.432123097383148,27.300198385805768
Q9HB09,15.62851440371412,24.869185089115142
Q9HB19,16.807318894485505,25.287944298086387
Q9HB40,17.855021445922834,25.735415111627436
Q9HB58,15.246658104433363,25.125741137050596
Q9HB71,19.85641712000081,29.272477824948854
Q9HB90,16.590684586932113,24.740152607553373
Q9HBE1,15.736973328627396,23.91873220991923
Q9HBF4,16.382781013968415,24.411932151524365
Q9HBH5,17.484717612631997,24.98036914202274
Q9HBI1,17.46895030718121,24.320806676238004
Q9HBK9,17.98986156039827,25.077707450118414
Q9HBL0,15.899719876288783,23.817276654981686
Q9HBL7,17.14912614866737,26.890033705433183
Q9HBL8,16.374681442467637,23.433387669682045
Q9HBM0,15.401747302911938,23.748241125511715
Q9HBM1,17.560416095795606,24.939777226103097
Q9HBM6,18.449693898493972,23.954853201116013
Q9HBR0,16.705683085970715,24.510717514246746
Q9HC07,17.098087659585676,26.636817096908846
Q9HC35,19.930325556170303,28.70024108434993
Q9HC36,16.495494589101284,24.87261558860663
Q9HC38,19.336022276454973,27.251937226401903
Q9HC52,18.514785311177945,25.927145373637696
Q9HCC0,17.521499963670482,25.485118876918722
Q9HCD5,17.923473618679616,26.214886147419428
Q9HCD6,16.540044859154147,24.185702551478307
Q9HCE0,15.77036923689151,24.093780146720245
Q9HCE1,18.689975285854953,25.379707709823315
Q9HCE3,15.533362840234773,23.927332102862177
Q9HCG8,17.81403153442087,25.032045414550772
Q9HCJ0,15.756034279239586,23.951003533804425
Q9HCJ3,15.731519597661718,24.008186022649877
Q9HCJ6,16.218688513044224,24.464873774956846
Q9HCK1,15.767253464518953,24.089001204796173
Q9HCK8,17.449753938504326,24.75046544047785
Q9HCM3,16.387684161979255,24.20584226417339
Q9HCM4,17.22228109650425,25.04085571045567
Q9HCN4,15.268317296024406,25.14308721410558
Q9HCN8,18.540597807450844,28.804802445244555
Q9HCS7,17.974000767342584,25.954832594626712
Q9HCU5,18.272989096222812,25.45427789161156
Q9HCU9,16.382081429177724,24.820127725895127
Q9HD15,18.170772594775393,25.722975295070285
Q9HD20,18.418911712248775,26.990657578850396
Q9HD26,16.677736665099843,24.765577883013563
Q9HD33,17.79521182818702,25.925184289265317
Q9HD34,17.09837459598718,25.82786355048075
Q9HD42,18.142912114610333,27.294752206294554
Q9HD45,19.29005202123751,26.532167941230437
Q9HD47,14.796827226595372,24.229737106493083
Q9HDC9,18.905565421015265,27.838213338143426
Q9NNW5,16.125931159329173,24.366694257510513
Q9NP50,17.819940866668095,25.000480095669957
Q9NP58,15.682567584643953,24.4183352782462
Q9NP61,16.305638722491317,24.222420282256866
Q9NP64,16.634112524634055,23.963636783933655
Q9NP66,16.857075370713588,26.58256147486572
Q9NP72,18.65971083259281,27.231183298408432
Q9NP77,17.54510817307286,25.511096614629093
Q9NP79,18.815970208662403,27.615548145800943
Q9NP80,15.7304622648936,24.4190327301199
Q9NP81,17.36365558907758,25.215166091331877
Q9NP92,16.74431648476991,26.261284792961835
Q9NP97,19.30667596171057,27.44167046832913
Q9NPA0,17.915147799917488,26.213947148691513
Q9NPA8,20.15589904144664,27.618470334036132
Q9NPD3,17.773518810035583,26.817873572602867
Q9NPD8,18.13303356256553,27.287882949838885
Q9NPE3,17.863062043055436,27.234356575319012
Q9NPF4,15.997636231677346,24.933996951602285
Q9NPF5,18.08663494262341,24.881307452854458
Q9NPG3,16.19064094859269,22.594249191232528
Q9NPH2,17.861381380055498,26.945227837907662
Q9NPI1,17.228268238667503,25.39867275690545
Q9NPI6,17.456682897203937,25.12450611206421
Q9NPJ3,18.460877460878883,26.66142875659267
Q9NPJ6,16.35258813177207,24.60773000603205
Q9NPL8,16.922162870023474,25.167749745305517
Q9NPQ8,17.47627322770822,25.981859495570625
Q9NQ29,18.219355595477005,26.28341762109063
Q9NQ48,18.457977946688715,25.001477061873295
Q9NQ50,18.299865634489453,26.3194889826993
Q9NQ55,17.148999213711033,24.8327539020823
Q9NQ66,15.793414750301443,24.737996133018754
Q9NQ88,17.75235930217489,25.890748143330242
Q9NQC3,18.174691337442443,28.801083778530263
Q9NQC7,16.22170523955899,24.654855712596103
Q9NQG5,17.428384807247745,26.728940775014724
Q9NQH7,15.435360253274013,24.98543495033331
Q9NQP4,18.41216343113651,27.954338893601857
Q9NQR4,17.729964097201957,26.218152597214424
Q9NQS3,16.407904392266396,25.336038380329295
Q9NQS7,16.74521834011815,25.349182905368973
Q9NQT4,18.565579382512404,26.20959805930725
Q9NQT5,18.131428183506635,25.69336837598874
Q9NQT8,16.681365339522383,24.4798365614755
Q9NQW6,17.880561353557578,25.091508508151744
Q9NQW7,18.861619208053515,26.83335925134572
Q9NQX3,16.70821769744461,25.145389296208553
Q9NQX7,16.562911241714342,25.205169496455234
Q9NQZ2,17.668076586779925,25.81481766781501
Q9NR09,17.819014980979443,24.76363905184244
Q9NR12,18.279710277385487,26.966163752307917
Q9NR19,17.07100667647259,24.589613089745427
Q9NR28,18.461222571997656,27.60060059228699
Q9NR30,19.36445637226549,28.546529449977147
Q9NR45,18.523157011939265,26.590161358832027
Q9NR46,17.984428528168547,26.048751943492277
Q9NR50,17.509075339475235,25.719103194566582
Q9NRA8,15.486874135913602,24.14448595981317
Q9NRF8,17.126789077015694,25.458882217088018
Q9NRG0,16.91060045607512,25.59695238603228
Q9NRG9,17.651420783461596,25.99904761125421
Q9NRL2,18.38237084407013,25.158032399555577
Q9NRL3,17.444011518707324,25.359729867931335
Q9NRN7,19.071218458726502,25.96611869810519
Q9NRR4,16.580726879522693,23.44213144598226
Q9NRR5,17.995220473872887,27.078928916989543
Q9NRS6,15.935638072376483,23.708711906210073
Q9NRV9,16.153132179301924,26.16879096086941
Q9NRW1,17.5452464259058,26.05385116114297
Q9NRW7,18.313009797076507,26.195496455520534
Q9NRX1,18.289029313915677,26.145180968898153
Q9NRX2,17.344460993415936,25.966233791035513
Q9NRX4,18.797951884600568,27.688191493342096
Q9NRY4,18.546334818061947,24.791736617975648
Q9NRY5,16.628952010677356,25.269408399473534
Q9NRZ5,16.813628606459282,24.291464982817963
Q9NRZ7,16.948343566231227,26.10719576018795
Q9NRZ9,18.752783803225903,25.70986555014595
Q9NS00,16.59776364044784,23.85382256373051
Q9NS69,16.964728282743565,27.02728458498724
Q9NS73,15.542365752649658,23.88009816797475
Q9NS86,17.603419595156957,25.481697271797373
Q9NS87,17.713031988592256,24.399026092932335
Q9NS91,16.175613892578227,24.78981494618137
Q9NSC5,16.894164425635136,24.175832253590468
Q9NSD9,18.883726072912612,26.87105946801897
Q9NSE4,19.168241535814108,27.395814372090356
Q9NSI2,17.159881369690197,25.40384648488117
Q9NSK0,17.002075572363772,24.658734051888533
Q9NSV4,16.384471802357318,23.83714330805114
Q9NT62,18.353143602991715,25.83571673788392
Q9NT99,15.267385392454376,24.728103899713904
Q9NTI5,19.70847946923788,26.651779789773578
Q9NTJ3,19.838990175947423,27.500750106980433
Q9NTJ5,18.831489783753582,25.89888433992645
Q9NTK5,19.647713339527407,27.9977651504344
Q9NTX5,16.718706620458295,27.136168625870386
Q9NTZ6,19.15550194180792,27.016544618838196
Q9NU22,18.284760380087658,25.184736172799322
Q9NUD5,16.968615841819798,24.91792079434054
Q9NUG6,17.18769783211431,25.557017046357654
Q9NUI1,15.39900398742992,24.339312535557983
Q9NUJ1,17.71453348573846,26.04024768238738
Q9NUJ3,15.385857298963764,24.615434825018983
Q9NUL3,17.469717910006416,25.814768978153992
Q9NUM4,14.161386410840423,24.250290591968486
Q9NUP9,17.79326258077207,26.567398038564264
Q9NUQ2,15.965801593554998,25.60691876671935
Q9NUQ3,17.196617080883367,25.564003344434457
Q9NUQ6,16.74499284793317,25.18908866871548
Q9NUQ7,16.266727110271702,25.530773531151574
Q9NUQ8,17.003051128182843,24.742638281638566
Q9NUQ9,16.123901536720552,26.139836381215538
Q9NUT2,16.07420226361218,23.894420628171222
Q9NUU6,16.215523852056368,24.392103427732323
Q9NUY8,17.529466600194098,24.95188701075069
Q9NV06,18.245988367943134,27.710854004969832
Q9NV31,18.225610171461867,26.303729265667048
Q9NV35,17.56600831383946,24.71546309951279
Q9NV56,14.676106701247365,25.014921731779676
Q9NV70,18.514890543595836,25.351446386942573
Q9NV88,17.457044383610224,25.251301521500697
Q9NV96,17.263590523105144,25.351823405969864
Q9NVA1,17.376568587164382,23.941094745962552
Q9NVA2,17.982720625042155,27.231737194331373
Q9NVC6,16.91861876973572,24.864955351063173
Q9NVD7,17.834041171364554,24.24228434285887
Q9NVE7,17.28563272422816,24.237929250815963
Q9NVG8,16.662866092151784,24.781847269696954
Q9NVH0,16.5786878974527,24.458227529597433
Q9NVH1,17.55479668425384,25.557223881930934
Q9NVH2,16.414629353636816,24.820541089089044
Q9NVH6,15.39208338837228,23.07830621949655
Q9NVI1,18.084103276416144,26.133730250543415
Q9NVI7,16.3882571511265,26.511951729033083
Q9NVJ2,15.49009718755434,25.730293666320797
Q9NVM6,16.613091457153654,24.477000846133418
Q9NVM9,17.889895812557732,25.560911709614416
Q9NVN8,16.693342705597438,25.424884564545806
Q9NVP1,19.74754505610756,27.808791882880666
Q9NVP2,16.46417521962552,25.632424250803783
Q9NVR2,17.31312526768006,24.941451687031275
Q9NVR5,16.151762232749874,22.96398401974468
Q9NVS9,17.57073042552897,26.347985726507304
Q9NVT9,17.85394091945065,26.296328037942313
Q9NVU0,16.438069176409147,27.01883603239203
Q9NVU7,18.077393269057445,25.092826715149105
Q9NVV4,16.552091600338343,24.249119023979905
Q9NVX0,16.081746128061376,24.442319763805436
Q9NVX2,15.777998930574956,24.727174493049155
Q9NVZ3,17.627611807609473,25.91657731569657
Q9NW08,16.847207105062147,23.806906321566082
Q9NW13,18.119576908207556,25.592138796331053
Q9NW15,16.460204398331218,24.90037069881992
Q9NW64,18.27020702243644,27.520927919281824
Q9NW68,15.480251762825695,24.401252384860197
Q9NW82,16.165185600840857,24.76352353789495
Q9NWH9,18.725640744884334,26.525659381719482
Q9NWK9,16.545893631284326,24.32582248321009
Q9NWM8,19.41128331459806,25.873256631177245
Q9NWS0,16.603835712687307,25.588600330937737
Q9NWS8,16.50236668738935,24.143663156944122
Q9NWT1,17.944279412177895,26.23583908106844
Q9NWT6,18.420273876318298,25.40266789123078
Q9NWU1,17.235169113758467,24.406108122070023
Q9NWU2,17.149946267209916,25.266805207020127
Q9NWU5,16.576622930408274,26.2075702937654
Q9NWV4,18.271746585008614,26.934821032983056
Q9NWV8,15.906762576555092,25.553933939484985
Q9NWY4,19.23922353614804,25.574900503894675
Q9NWZ3,15.290235988153063,24.287209321023315
Q9NWZ5,17.224063870987024,23.611822027555945
Q9NX05,16.906007106062784,24.404407223934427
Q9NX14,18.72300152699579,26.466810865981323
Q9NX20,17.446569307610204,25.719720477983152
Q9NX24,16.939129275149707,27.700879675277648
Q9NX40,17.79952751590085,26.542516078908335
Q9NX46,17.69729428160699,26.399120214314227
Q9NX47,17.002539995772963,26.50526503227904
Q9NX55,17.581191097216383,26.19962449776751
Q9NX58,18.38620007108651,25.502935937166672
Q9NX62,17.892563220128146,25.73889970389244
Q9NX63,18.8965136607732,28.3821181568875
Q9NX70,16.817671884279015,25.038109944424864
Q9NX74,16.315414191226928,24.2559086363348
Q9NXA8,16.783357085334305,24.345002884990446
Q9NXC5,15.884799032729218,24.43344778081332
Q9NXE4,16.98652818545925,25.07718985069557
Q9NXE8,15.223732600231891,25.49942815771837
Q9NXF1,17.970626900210355,25.665789703790068
Q9NXG2,17.725211096455048,25.912978149809113
Q9NXH9,15.559448117053146,24.496816604852736
Q9NXN4,17.543570042400397,23.971291294330957
Q9NXR1,15.37072672913211,24.788499746307355
Q9NXR7,18.02721730717494,25.245830287692794
Q9NXR8,15.462356102833073,24.208093522825255
Q9NXV2,16.097867738327402,24.914470789448078
Q9NXV6,18.050484725440988,25.50599149852985
Q9NXW2,15.111437645275343,24.716723607299127
Q9NXX6,17.017729791009803,24.71039916508452
Q9NY12,17.468470392041407,27.506524544419523
Q9NY27,16.48296634694137,25.303719198845137
Q9NY33,18.76233301744921,26.68024068982196
Q9NY35,17.02686448373249,25.264421123208876
Q9NY47,17.61624652595545,25.75384614728552
Q9NY61,17.829043110009046,25.66812018888356
Q9NY93,18.80422049659114,25.794522789114854
Q9NYB0,17.474865528261812,26.18227742177619
Q9NYB9,16.827287643562105,25.88266423902346
Q9NYF8,19.83740877765386,28.41507974055544
Q9NYH9,19.28745533856749,25.59575161114454
Q9NYI0,16.388843318089236,23.97360990695584
Q9NYJ8,15.263408523498546,23.925802331080263
Q9NYK5,18.31121680978224,25.99988463802472
Q9NYL9,17.76527596991456,26.48293338828048
Q9NYS0,16.27776764938148,24.12568084316128
Q9NYU1,15.640286573554029,23.782059915302373
Q9NYU2,20.21303160876677,27.772297311440834
Q9NYV4,16.85388210687391,24.118566869135563
Q9NYV6,16.652527297654004,23.497860118736437
Q9NYY8,17.728810958104166,24.890010256140975
Q9NYZ3,16.336868075466597,24.158273349853147
Q9NZ01,18.784631075755286,28.359203212761493
Q9NZ08,17.241075605906854,25.388881478005025
Q9NZ32,16.21134617198385,25.65588995931807
Q9NZ43,15.478744661709866,25.000828345898693
Q9NZ45,20.14774311515722,27.819188117837264
Q9NZ52,15.559977326251865,24.729716314934564
Q9NZ53,17.008955584425298,24.492810072519273
Q9NZ63,17.830287173522184,25.284068287023214
Q9NZB2,18.23870280834279,26.030534386629494
Q9NZC9,16.549977765695527,23.95065351523408
Q9NZD8,16.301477830180676,24.90569011599943
Q9NZI7,15.752229626418497,24.770220877926537
Q9NZI8,17.29111780625056,24.962032334682316
Q9NZJ4,17.420485091376467,23.711077718827156
Q9NZJ5,17.002178247245645,24.31621453923888
Q9NZL4,17.842102280798223,26.675746307829066
Q9NZL9,18.142617657783745,27.144132104441347
Q9NZM1,17.0202760802306,24.51270104539529
Q9NZM3,17.483895239807396,24.174631322911523
Q9NZM5,17.640749037177397,25.365614931626336
Q9NZN3,16.690371623544372,25.013495947424595
Q9NZN4,16.286689260539937,24.978643733651758
Q9NZN5,16.94409320402304,24.352228349900965
Q9NZN8,16.661873599824425,25.700405102909983
Q9NZQ3,15.279914374875746,24.025323097354743
Q9NZR1,17.939495444146978,28.42575293688024
Q9NZT2,15.677894443035942,25.20029032045024
Q9NZU5,17.476909320082424,25.83305809392323
Q9NZV5,14.097209289334472,23.934703848303418
Q9NZW5,18.68598858821008,26.68775851754108
Q9P000,16.79612805685733,25.148609757779894
Q9P013,18.890716438928735,25.98804733087533
Q9P015,17.679505118978,25.046211071082897
Q9P016,18.499296501481606,26.592680166165344
Q9P032,16.6458055161655,26.774947197188297
Q9P035,18.03710345516262,27.991862201375824
Q9P0I2,17.229243238184615,25.856469769231833
Q9P0J0,18.079917373307318,26.152618995215107
Q9P0J1,16.5395283409797,24.331237318486224
Q9P0K1,16.88761467366376,25.288018954891466
Q9P0K7,16.58650759868991,24.833226264421086
Q9P0L0,19.020222435185108,27.638312275220223
Q9P0L2,16.193512074532354,23.65802598838979
Q9P0M6,19.52063477218246,28.173606328340583
Q9P0M9,18.89582013340702,26.20709715814644
Q9P0P0,16.556811224002857,26.086509378168177
Q9P0S2,17.968867284807793,24.96927276984864
Q9P0T7,14.287600227435592,25.886901833744787
Q9P0U3,15.30966967176197,24.444029142549287
Q9P0U4,15.441088510487003,25.143952404107768
Q9P0V3,17.110953864611375,23.81532624454712
Q9P0V9,17.931944847251675,25.098820667710157
Q9P0W2,17.158562536548292,25.714434980968203
Q9P1Y5,15.717793294999352,24.04710543540211
Q9P1Y6,15.87718918962035,25.01191576525286
Q9P1Z2,16.108944175758918,23.366352232723482
Q9P215,16.477180472138656,24.968043476738227
Q9P219,14.970762907206407,24.20371451665341
Q9P246,15.390639048365454,26.214134524316698
Q9P253,17.119925676921984,24.88116634458172
Q9P258,20.373441706677244,28.259000650707677
Q9P260,16.5204162631587,24.019303045419942
Q9P265,16.30742144518767,24.637707682709376
Q9P270,16.40361432824894,25.030389962094354
Q9P273,16.660211558883578,24.902834961258502
Q9P275,16.070469220179486,24.158277587957723
Q9P287,17.63086094117892,26.561081764323287
Q9P289,16.83876611836633,25.606012695558764
Q9P291,17.145134396191704,23.44078554450051
Q9P2B2,17.515659981259734,25.488483839186628
Q9P2B4,18.006831954440823,25.16530001467241
Q9P2D0,16.362524064960198,23.757419818589987
Q9P2D1,17.211566577445833,24.734438763305423
Q9P2D3,16.61342973846938,24.14105795508937
Q9P2E5,15.789640160513276,24.75850240174344
Q9P2E9,19.89777048057077,26.954996429156076
Q9P2I0,18.47524348430241,26.153919126134614
Q9P2J5,19.703041737506823,28.184072136501264
Q9P2K3,16.919394340476682,25.547638125953288
Q9P2K5,19.309556906255825,28.269833103687848
Q9P2K8,15.94520698760889,23.44848470946877
Q9P2M7,16.477998416355224,24.127981258227834
Q9P2N4,15.285701129215592,24.688429076628356
Q9P2N5,17.00967815022982,25.772942729795588
Q9P2N6,15.755757172519463,24.748594331881364
Q9P2N7,16.211201794313194,25.184562047518163
Q9P2R3,17.32399471244163,24.8816722089391
Q9P2R6,16.78275455786168,24.967503856452858
Q9P2R7,18.90873195860507,26.281544800697386
Q9P2T1,18.14848070330704,25.604830903047464
Q9P2W1,17.45729949030033,24.07199223265557
Q9P2W9,16.49658078165626,24.70023386006592
Q9P2X3,16.335057942410675,23.997780340587116
Q9P2Y4,15.114651149965265,24.13440806668702
Q9UBB4,19.128225071283328,27.36347863555553
Q9UBB5,17.79844331203166,24.750931731577193
Q9UBB6,16.068975315593594,24.93263982341301
Q9UBB9,17.09291028289613,25.440179100260043
Q9UBC2,18.24373090508106,25.755620242414434
Q9UBD5,16.925464219427198,25.076089891641963
Q9UBE0,19.815418054404166,27.65699346930424
Q9UBF2,17.630263295255862,26.328050737622316
Q9UBF8,15.495986203126467,24.167601454730434
Q9UBG0,17.441020857517817,26.567890917217834
Q9UBH6,18.456032155299273,25.961633935978895
Q9UBI1,18.72775244848516,24.88626019753466
Q9UBJ2,17.000180743819467,25.18785705147852
Q9UBK9,16.57619153045451,25.255527750679523
Q9UBL3,18.172449685183114,25.907272965555094
Q9UBM7,15.696221542629988,25.425111994519163
Q9UBN7,17.26944038956064,24.438455135688557
Q9UBP0,17.005451646550867,24.695271468660444
Q9UBP6,16.441985948173183,25.151686341874846
Q9UBP9,17.11019468033205,25.97297014816057
Q9UBQ0,19.960066375501086,26.31321225906686
Q9UBQ5,17.646171378245384,28.639267626574604
Q9UBQ6,16.46684349133394,25.597115061975565
Q9UBQ7,18.260915400018227,26.674724905963377
Q9UBS4,19.984436618381473,28.073318194022
Q9UBT2,19.928676212311025,27.97695656534086
Q9UBU6,16.103123241623294,24.365390163349204
Q9UBU8,16.263269778994943,25.270927752743873
Q9UBU9,17.64787213571177,26.19551935478985
Q9UBV2,16.82436651181931,25.000846987000006
Q9UBV8,16.931976345405474,26.851057871923242
Q9UBW7,17.157398542449116,25.697340810417188
Q9UBW8,16.543171956077437,25.763296691998402
Q9UBX3,17.99445888994305,26.172610233061338
Q9UDT6,17.027630288463005,25.056645724799402
Q9UDW1,18.647464364124424,25.0987096911129
Q9UDX5,16.968270620838446,25.315208068649827
Q9UDY2,19.059341265418695,25.97709563368437
Q9UDY4,16.617817392339663,25.246196220960147
Q9UDY8,15.068315219943957,32.32799595259225
Q9UEE9,17.92613170574376,26.348076220139273
Q9UEG4,15.607257750934215,24.70381108093223
Q9UER7,17.05282067372265,25.236593516207478
Q9UET6,16.799748748617784,24.777333082572657
Q9UEU0,15.978572716742482,25.525734598725034
Q9UEW8,17.57150376277102,26.31092134602221
Q9UEY8,18.758336269966254,27.143279457429
Q9UFC0,17.648707133562745,25.74790792219507
Q9UFG5,16.441318156029933,24.554764717003504
Q9UFN0,17.499449529478316,25.799044721289178
Q9UFW8,18.913728435003815,26.26010105994573
Q9UG63,18.336969331062672,26.80918986599233
Q9UGI8,18.864621325554577,27.227111261017487
Q9UGJ1,15.601475467179936,24.209831913300857
Q9UGN5,16.35167906416835,24.0312927096546
Q9UGP4,15.196244805954686,24.76168962349525
Q9UGP8,19.285662245181708,26.89645194209494
Q9UGR2,15.301092145615726,23.708503184212248
Q9UGU0,16.615320968126493,24.289081866970697
Q9UGU5,16.84065451439953,24.264591498757056
Q9UGV2,17.965589446587398,26.136340522747076
Q9UH62,17.784544111989476,25.273779168803998
Q9UH65,17.83898684089095,25.664989261536725
Q9UH99,16.417714453607022,23.889340036349235
Q9UHA3,17.667661426857794,26.18893246119446
Q9UHA4,15.199397826360066,26.65592952732202
Q9UHB6,19.768805299437968,27.86619391172919
Q9UHB7,16.268494892577415,24.072361537486778
Q9UHB9,19.342801090405178,26.775296118003894
Q9UHD1,19.006519152112666,27.265412676303146
Q9UHD2,17.02576202155656,25.132140796642375
Q9UHD8,20.612386631528828,29.537811006485875
Q9UHD9,17.98181504397967,26.676850727225364
Q9UHF7,15.320394592792955,24.004825407593547
Q9UHG2,16.81635740010591,25.680854500452362
Q9UHG3,17.368814191711746,26.452620680743387
Q9UHI6,17.421652704337806,25.519592104643007
Q9UHJ6,16.929099726902795,24.745642561585356
Q9UHL4,17.3938365776929,25.740343125949025
Q9UHL9,14.660850837760531,28.959834636432713
Q9UHN1,16.215625548114744,24.92449286073585
Q9UHQ1,15.770223650301904,30.7888779642023
Q9UHQ4,17.98904196946444,25.231119496177094
Q9UHQ9,18.163274639912398,25.663110926803604
Q9UHR5,17.489329518156907,26.596767033054736
Q9UHR6,15.965421348613308,24.63848087995561
Q9UHV7,15.526561438213166,24.31104952439526
Q9UHV9,19.048663682378503,29.112246746562576
Q9UHX1,19.74790535103228,27.99474114021621
Q9UHY1,17.601415986195207,25.90745232898639
Q9UHY7,17.289299485183463,26.305297769044255
Q9UI08,15.390258718710145,26.304688896418178
Q9UI09,16.980692523496256,25.372438201918694
Q9UI10,17.067201998647604,25.52842755090302
Q9UI12,18.629270618797378,26.118649972275026
Q9UI14,16.592410353613317,25.717589306525674
Q9UI15,18.38469281996964,27.05739755879663
Q9UI26,16.959513905620582,24.64048179938726
Q9UI30,19.323308156452576,27.932091451509827
Q9UI42,15.625783173044045,24.021984214265068
Q9UI43,15.614560265364107,23.489760270063705
Q9UI95,17.602527095028446,25.426520290290036
Q9UIA9,17.991684857508304,26.108830842491027
Q9UIC8,16.27030526696803,25.196032938833653
Q9UID3,16.40091354933998,24.731542999219165
Q9UIF8,16.222103639572037,23.79104471494053
Q9UIF9,17.19648341778874,24.26077944243693
Q9UIG0,19.772418263579212,27.16407495716051
Q9UII4,16.729237888433396,24.155376919084553
Q9UIJ7,19.343904963926068,26.76982850098151
Q9UIQ6,16.207874328916954,24.8906185880861
Q9UIS9,15.669971791633538,27.111836298594415
Q9UIV1,15.935905847126403,25.38351713849507
Q9UIW2,16.039305024843745,24.109176852966083
Q9UJ14,17.21255512837571,24.53743028612175
Q9UJ41,17.73614577947031,24.609837516591973
Q9UJ68,16.619712753754158,24.87878476823176
Q9UJ70,17.489031920462896,25.955140225119138
Q9UJ83,15.960820132983553,24.17501411576874
Q9UJA5,17.58446587244605,25.390896197752987
Q9UJC5,18.90605388811599,25.396222134876616
Q9UJF2,15.802599558070069,26.102827446856683
Q9UJS0,19.62070051134423,27.55755263043521
Q9UJU6,18.577420457369204,27.65112499328517
Q9UJV9,18.549175646801405,25.75085638599646
Q9UJW0,18.273920621287683,26.210924234599542
Q9UJX2,16.615056509882386,24.851386451463892
Q9UJX3,16.803976563427145,25.51726353270819
Q9UJX4,17.66164718826656,25.018435857721677
Q9UJX5,15.54308144330062,23.891400380814666
Q9UJX6,15.944335761168098,24.711564947838315
Q9UJY4,15.247915813198892,24.908408441897798
Q9UJY5,16.97442310469273,25.559895583048313
Q9UJZ1,18.41052867029259,27.651203722676534
Q9UK08,19.802947913357006,28.781525104449837
Q9UK41,18.01355774661756,25.88221462652692
Q9UK45,20.13381320726567,27.63251563848151
Q9UK58,17.568695267626648,24.627679624471888
Q9UK59,17.800719374846107,24.68615752740405
Q9UK61,17.438484033864462,24.85762080663655
Q9UK76,18.707224074798635,28.071249489871388
Q9UK99,14.195754107031071,24.947435935358538
Q9UKA4,15.987912597062087,24.04622649178729
Q9UKA9,17.28488344051447,25.095948549666684
Q9UKD2,18.277857166134012,27.196965441007944
Q9UKE5,17.65957627115788,27.111189589053662
Q9UKF6,18.683026411720416,26.86384112244241
Q9UKF7,16.155064143810723,24.347634580154164
Q9UKG1,17.006442325945443,25.61363169276902
Q9UKG9,15.86216876392745,24.23166647894132
Q9UKJ3,17.578873514313745,25.204908773726658
Q9UKK9,18.472912184770973,28.011468882430243
Q9UKL0,17.772385634693766,25.71753087183167
Q9UKM7,16.402419703892175,24.74289303658323
Q9UKM9,20.735729964203472,29.035216576341735
Q9UKN8,18.47985385644379,25.896835907226524
Q9UKS6,16.650489911873787,24.865026958231713
Q9UKV3,20.227873232358075,28.159807795607026
Q9UKV5,15.142627865900456,24.481121925552632
Q9UKV8,16.74594273745377,25.039991339699643
Q9UKX7,19.453667037152538,27.34587103114367
Q9UKY1,16.422386478784162,24.314650727418638
Q9UKY7,18.712980848657455,26.884450680890904
Q9UKZ1,16.904787404537586,24.747451870064364
Q9UL03,16.141244149569108,24.556802045808762
Q9UL12,13.685164890947098,23.79176414193377
Q9UL15,16.6092422596976,24.634433305188676
Q9UL25,17.55078133701479,27.151166719778043
Q9UL33,16.591502404773696,24.922008413632984
Q9UL40,18.096639373953135,25.782511641513228
Q9UL42,16.36325329370023,25.500055732463057
Q9UL46,18.51350910827876,27.34383999189988
Q9UL54,15.780476678031313,25.1994245562258
Q9UL63,16.572115722767606,24.340801083190907
Q9ULA0,17.464228562498047,26.40039027948287
Q9ULC3,18.18651744125845,25.306017494263664
Q9ULC4,17.980354548626984,27.69982657114081
Q9ULD4,14.851046572253715,23.636499169733998
Q9ULD9,15.38085809331959,23.62801398883683
Q9ULF5,16.60730473334184,25.134890620691028
Q9ULH0,18.38956608077063,26.03249711750115
Q9ULH1,16.901327079335733,24.426829633962505
Q9ULH7,16.51148363613565,24.49022851287354
Q9ULI0,16.794314321740465,24.17774600455662
Q9ULJ3,15.660242548821392,23.594665421264615
Q9ULJ6,16.417079586498712,24.707548466246394
Q9ULJ7,15.980869271381861,23.20134528280919
Q9ULJ8,16.852683114307364,24.362241982784628
Q9ULK4,17.2633089014264,24.256262902965208
Q9ULK5,15.876603115603643,23.637813427802357
Q9ULL5,17.403356973177527,25.422645326953656
Q9ULM3,16.234698301911635,24.44429607645079
Q9ULP9,16.14145589371174,25.103405277160967
Q9ULR0,18.76314222905665,26.47864794463409
Q9ULT8,18.00560185340849,25.401421342397477
Q9ULU4,18.684883319337803,25.643973050692537
Q9ULV3,16.075889612372443,24.587304063722783
Q9ULV4,20.072479004212187,28.46338493293838
Q9ULW0,19.27389176561336,26.577189927055862
Q9ULW3,16.5129138255397,23.83216854459366
Q9ULX3,17.564241468656213,25.36131696975281
Q9ULX6,16.57688431980534,25.497820570076513
Q9UM00,17.64304526779981,26.71360553475974
Q9UM47,14.890160817359384,23.78430105608865
Q9UM54,18.99900265953703,26.143122256061503
Q9UM73,16.296245768290742,23.536060835142074
Q9UMN6,19.70633886322463,23.393266651219818
Q9UMS0,18.939563310504433,25.999442940984014
Q9UMS4,20.08140062957329,29.18377417943552
Q9UMS6,19.85443333984815,28.269011120019414
Q9UMX0,18.648602897470532,27.672702726691675
Q9UMX5,18.21927538560512,27.77045282313606
Q9UMY1,17.698497812484515,26.800307183036665
Q9UMY4,19.214881081679568,26.134064065816936
Q9UMZ2,16.280428122590138,26.30929320052456
Q9UN36,15.893909952606174,25.158184218345454
Q9UN37,17.67564719133262,25.5650735982063
Q9UN70,16.38130551472097,24.557609303641186
Q9UN86,18.495951037537665,27.064961991768936
Q9UNE7,18.536461672818053,26.715931796247823
Q9UNF0,18.234455319435163,26.154229192686138
Q9UNF1,19.37534749588234,26.85659385178814
Q9UNH6,18.233798500061415,25.755365418694662
Q9UNH7,18.547384814434697,26.268757892294996
Q9UNI6,17.70789843175904,24.720257933647005
Q9UNK0,17.893835853266914,24.511336744484723
Q9UNM6,19.466788207399198,27.757828889224744
Q9UNN5,18.123365736556668,25.902940484085523
Q9UNP9,19.20893765363733,27.224674658453672
Q9UNQ2,18.607014790820735,25.445811985535837
Q9UNS1,16.502217818758144,24.648477635549135
Q9UNS2,16.491167041694908,26.851172466748416
Q9UNW1,17.604975560358753,26.03242033725586
Q9UNW9,18.380578847638713,24.039717458338878
Q9UNX4,18.62317296453649,25.828946818945685
Q9UNZ2,18.279868087622045,27.164859398756914
Q9UP83,16.35327840376719,25.089879078969773
Q9UP95,16.25706858850541,24.17146777786695
Q9UPN3,18.897065424622433,26.20181054943774
Q9UPN4,17.813695622586884,24.887745073389446
Q9UPN6,16.646742217981537,25.433933465194585
Q9UPN7,15.713745143657928,24.432591852643526
Q9UPN9,16.65159466662394,25.16977446418112
Q9UPQ0,18.586371552813507,26.57539571735542
Q9UPQ3,16.051754376596058,24.746548217005813
Q9UPQ9,14.644757805124524,24.560601348173286
Q9UPR3,16.148916764744783,23.623980330077732
Q9UPT5,18.25323315094155,25.810127196828446
Q9UPT6,14.494314309880226,24.083755234033703
Q9UPT8,17.278074043318508,25.50729407251496
Q9UPU5,17.49919742997666,24.707998443299683
Q9UPW5,15.33823375393376,23.41117919153941
Q9UPY3,16.39977448320675,24.768497061577403
Q9UPY8,18.249064776917393,24.846058468730877
Q9UPZ3,13.7888019026686,26.80154037845159
Q9UPZ6,16.492852186281834,25.136790588979594
Q9UQ13,15.308708454013834,25.51556149369369
Q9UQ35,18.99243367666383,28.145271046678598
Q9UQ80,19.357998683262934,29.527936213338457
Q9UQ88,16.618365713247684,24.19508003760171
Q9UQB8,17.677513870085114,25.18892661487036
Q9UQC2,15.77481477385565,25.175924411915805
Q9UQE7,20.12858100537807,27.882689635503336
Q9UQR0,17.408426781370224,25.33600957609747
Q9UQR1,15.936182510078616,24.686543610141985
Q9Y217,16.67800235365214,24.94643805439122
Q9Y221,16.221624187518955,27.276273083826705
Q9Y223,17.88194867365073,25.808382643633514
Q9Y224,18.283793430107984,27.164696290165345
Q9Y230,19.908536966035438,29.346649791180614
Q9Y232,16.35918200168635,24.95903583145609
Q9Y237,18.091195354254747,27.964153380404223
Q9Y243,17.281843520666325,26.47309192690502
Q9Y248,15.754404381545948,25.429043377407467
Q9Y250,14.71664207560247,23.739148585772053
Q9Y262,19.729453146572705,28.732829421321334
Q9Y263,18.585145176035084,26.872045959225023
Q9Y265,20.173707476136173,29.20087898748555
Q9Y266,20.67372242494059,29.206209049056035
Q9Y276,16.345541324644408,24.639738696006145
Q9Y277,18.240162865078332,28.202968103761606
Q9Y281,19.374436529463427,26.01026172488095
Q9Y282,17.1729307952629,25.457399730009328
Q9Y285,18.423388575581107,28.121977795776075
Q9Y289,15.986160692573685,25.95834805020229
Q9Y291,17.17652365874149,24.87352700210484
Q9Y294,19.503432782737534,26.056844333569288
Q9Y295,18.45679877519703,26.093956003890256
Q9Y296,18.381662568112247,25.01114807190453
Q9Y2A7,19.044548516307227,26.414922529670307
Q9Y2B0,17.580855451378053,28.12734305106354
Q9Y2D4,15.65491026069473,25.420174643604234
Q9Y2D5,16.409511614254317,24.86484412155773
Q9Y2G3,15.718001236218079,23.907811669908796
Q9Y2G5,17.490759594974715,25.292798215010265
Q9Y2G8,16.45832461694076,24.13099475172115
Q9Y2H0,16.969244603378755,25.080551603207716
Q9Y2H1,16.73930428842825,24.40807624416462
Q9Y2H2,15.99983501930495,24.062045808234515
Q9Y2H5,16.85958687009173,25.379893813893514
Q9Y2H6,17.319900407892963,25.75747679013613
Q9Y2I7,15.980803189696108,24.29183731859331
Q9Y2I8,16.091400496843157,24.5431899016125
Q9Y2J0,15.258440068600681,24.39489871743038
Q9Y2J2,15.224176383819582,23.81165995016645
Q9Y2K2,14.585130310777034,22.827254694894307
Q9Y2K7,17.04577884135878,24.901519797039423
Q9Y2L1,18.88753753295952,26.987759107014817
Q9Y2L5,17.21435854997964,24.149024204334886
Q9Y2L9,16.307714908672825,23.987283965310876
Q9Y2P4,16.879109895266232,25.02768828832658
Q9Y2P8,17.94966087524125,25.666667800062033
Q9Y2Q0,16.73521633183752,23.556379092238743
Q9Y2Q3,18.573469194755013,26.901832529227725
Q9Y2Q5,16.92609200531314,26.05235654824655
Q9Y2Q9,18.244665761871453,25.882671794469502
Q9Y2R0,17.464989371894532,25.669583320014283
Q9Y2R4,16.925186639527812,25.001272454265557
Q9Y2R5,18.59454562470337,26.453299964482625
Q9Y2R9,17.271828307160426,26.413916011475578
Q9Y2S7,17.480703535592387,25.78745999961314
Q9Y2T2,17.264467611191687,26.082485184484213
Q9Y2T7,16.914338992247295,24.616237158561763
Q9Y2U8,17.7796995406901,25.244296267750695
Q9Y2V2,16.092016832160084,29.097232536298367
Q9Y2V7,16.22936982107135,26.306482208402695
Q9Y2W1,19.096759649746925,28.765322821616383
Q9Y2W2,19.014035632747362,26.508702802359522
Q9Y2W6,17.580521856226248,25.31539730584745
Q9Y2X0,17.41579059443508,24.908873682517594
Q9Y2X3,18.863230795208676,27.78633572979869
Q9Y2X7,16.87377435317288,26.581145722970888
Q9Y2X9,16.16974768500393,24.63756164102805
Q9Y2Y0,16.161804234079106,25.3349937795486
Q9Y2Z0,17.943505507359983,27.119125950887813
Q9Y2Z4,17.120662869391452,25.47770182608522
Q9Y2Z9,15.15585783517105,23.747777087622076
Q9Y303,16.42486584013985,24.75283386778556
Q9Y305,17.028504173086546,26.094667559861712
Q9Y312,16.872128239273074,28.429541483815598
Q9Y314,17.902517768006366,26.090449563276884
Q9Y315,17.080942386509513,25.123147406037646
Q9Y316,17.23584155821947,25.26002389711763
Q9Y320,18.417798808847127,25.93617557555448
Q9Y333,19.1885790909481,27.671470947544076
Q9Y371,17.830477098457834,26.251930887461103
Q9Y375,17.253604772264804,24.97896939412835
Q9Y376,17.094585349521044,25.817091589237197
Q9Y383,19.59854435371078,27.942688412662374
Q9Y388,17.275854715532805,24.841678311024083
Q9Y394,17.661997179661995,27.10562864973744
Q9Y399,18.720214889679507,25.95638878714326
Q9Y3A2,17.022563702044405,25.20233968474236
Q9Y3A3,16.75502753154035,26.902224391584795
Q9Y3A4,16.781448726497114,26.316055649810696
Q9Y3A5,19.359265503540264,27.149157797898244
Q9Y3A6,18.07797529286501,26.67733968592591
Q9Y3B2,17.052389661002525,26.84545272274872
Q9Y3B3,19.193456596764303,28.04266187118366
Q9Y3B4,17.926467274531543,27.33477326953586
Q9Y3B6,15.375906736290716,23.8453263739964
Q9Y3B7,18.581835667783807,26.01049958266119
Q9Y3B8,18.21068367689858,26.394398320042335
Q9Y3B9,19.149663662726034,26.333581825574523
Q9Y3C0,15.77644395645897,24.559757737181908
Q9Y3C1,18.497865630264528,25.674332948287322
Q9Y3C4,13.962626579153063,25.136631287244825
Q9Y3C6,19.791032023111526,28.03807309415865
Q9Y3C8,17.944242007073182,27.000698290146644
Q9Y3D0,16.44784734586243,25.267304950665874
Q9Y3D2,16.13037738349533,26.19340605629982
Q9Y3D3,17.503768353056874,26.12534766413997
Q9Y3D7,16.523701016618727,26.34022676979436
Q9Y3D8,16.896953289859443,25.0605656295141
Q9Y3D9,18.042251148191333,26.306613012434322
Q9Y3E1,18.732779365171748,27.644290827645225
Q9Y3E2,16.139084738091487,25.968910923366238
Q9Y3E5,18.5273140661078,26.822252611049386
Q9Y3E7,16.45077131264338,25.691832210414386
Q9Y3F4,19.790336238558005,28.591837135663354
Q9Y3I0,19.782211444944988,28.56728927217678
Q9Y3P9,17.808001282472116,25.027580096788263
Q9Y3Q8,15.858447783810167,24.115241462861757
Q9Y3R5,14.927572992093955,23.18724407703353
Q9Y3T9,18.20967579569453,26.95202523519088
Q9Y3U8,19.353044105681725,29.196651734054925
Q9Y3X0,17.154259130550617,26.323253575234087
Q9Y3Y2,15.888986515264678,27.031866483263755
Q9Y3Z3,17.801704399834566,25.130804528334757
Q9Y421,18.22314621990235,24.654040605012078
Q9Y450,18.164957410214935,25.59210226383877
Q9Y478,17.411870053040573,25.24749122706507
Q9Y484,17.78967770987852,24.258151156768275
Q9Y485,14.389677148725141,23.464531666431863
Q9Y487,17.323920103929076,24.535705738180187
Q9Y490,20.727317583404282,28.78763574215807
Q9Y496,17.10439824174801,25.48339025826326
Q9Y4A5,18.03732799361817,26.371306968291947
Q9Y4B4,15.60295459393765,23.042292441368108
Q9Y4B6,16.782531401705857,24.68881046217573
Q9Y4C2,18.654167493987064,26.28590188744822
Q9Y4C8,16.4531501846559,24.73923157692469
Q9Y4D8,16.030599795871428,23.22187375128262
Q9Y4E5,17.02343061790994,24.103988076865786
Q9Y4E6,15.918968496141446,23.980841885982528
Q9Y4E8,16.694003769409385,24.36806159635571
Q9Y4F1,18.221639171077378,25.313180832476547
Q9Y4G6,17.293357999796086,25.868177701246736
Q9Y4H2,16.360487754199664,24.825033309840528
Q9Y4I1,16.927859460848527,25.070450163424056
Q9Y4K0,16.635891787555142,23.204523832503668
Q9Y4K3,17.006814563449396,24.46574038724438
Q9Y4K4,16.997074258462632,24.429173750188383
Q9Y4L1,21.260915649340777,29.781570914648633
Q9Y4P1,16.538478903289075,24.559376156873714
Q9Y4P3,18.043266809875902,26.464998449615333
Q9Y4P8,18.083193817629322,25.266222529874245
Q9Y4R8,17.787850786834824,26.147319910326104
Q9Y4W2,17.376340594441277,26.47240186503432
Q9Y4W6,18.289772068944526,25.418945902067545
Q9Y4X5,16.256224263327177,25.276068659627057
Q9Y4Z0,19.63553859848362,28.741757062501627
Q9Y512,18.22279680208962,26.48382165425496
Q9Y520,18.81613718054835,26.723578784198743
Q9Y530,16.43308553256499,25.09976102965849
Q9Y570,18.543598612498414,27.014957759750107
Q9Y580,15.492572268043206,25.27955718971322
Q9Y5A6,16.259343313234968,23.255529431454825
Q9Y5A7,16.32295490729909,26.186526458734694
Q9Y5A9,17.736734694532178,26.552227112724786
Q9Y5B0,15.83584607815966,24.368670456507513
Q9Y5B6,16.314312324097862,24.486787311468486
Q9Y5B8,16.79703003180339,24.96052059191445
Q9Y5B9,20.80560872571485,28.79977749488163
Q9Y5J1,17.293917559548756,26.403065808742202
Q9Y5J7,17.32341968168085,26.48934016617938
Q9Y5K5,19.05586558435986,27.190012351711914
Q9Y5K6,17.94758723031621,25.031988178778295
Q9Y5K8,17.796843572650594,26.467522941632968
Q9Y5L0,18.979429290084873,25.63553862283879
Q9Y5L4,17.917258402853673,28.39080198138304
Q9Y5M8,18.67202478111107,26.923790950490023
Q9Y5N5,16.63899756609783,24.07795401434152
Q9Y5P4,17.024814060327007,24.945597612068507
Q9Y5P6,18.02602981987194,26.556925624624036
Q9Y5Q8,17.649069252576354,26.060298379793437
Q9Y5Q9,17.425827951088696,26.02727179603841
Q9Y5R8,16.475766515565923,24.879098210603814
Q9Y5S2,17.842999271475975,25.064250237993615
Q9Y5S9,17.178566961890397,28.679442816540757
Q9Y5T5,16.599015129984316,29.71375382557496
Q9Y5V3,16.963200686924935,26.512568271926504
Q9Y5W9,16.379245567848862,23.933860632731275
Q9Y5X1,16.951606672588344,25.483623236084153
Q9Y5X2,15.002748476731792,24.676041856160076
Q9Y5X3,15.7758307294194,25.106469790698103
Q9Y5Y0,17.325034210071998,24.393137334062672
Q9Y5Y2,17.21321670424711,28.279395332928374
Q9Y5Y5,16.763866886332178,23.472956095613895
Q9Y5Z4,13.904560697582992,25.39825000962849
Q9Y605,16.288270414255514,25.561625964951048
Q9Y606,15.73487928082597,24.831890229366063
Q9Y608,16.514556502952505,25.023788948987352
Q9Y613,16.413957349729056,25.6754932427151
Q9Y617,20.11354656234723,28.57442382359777
Q9Y618,16.522831893986325,24.555060565305393
Q9Y619,17.30028905194155,25.52141453360988
Q9Y639,16.650690208115197,26.121091612961227
Q9Y657,17.094517389882142,26.060326796386395
Q9Y673,18.436628954040817,25.898612469206277
Q9Y676,18.463364185551338,28.557458946788948
Q9Y678,18.76654071016043,27.394734886649015
Q9Y679,17.189812496484763,26.14628517799595
Q9Y680,17.359113368875413,26.01518723964111
Q9Y692,16.212901478333478,24.534698452795244
Q9Y696,18.52686943733025,28.31788307295543
Q9Y697,17.123198079829,25.76785660538406
Q9Y6A4,16.89606272492443,25.80054887070572
Q9Y6A5,17.73647058666218,25.152935572182326
Q9Y6B6,16.781743134600344,26.526718315573476
Q9Y6C2,17.514613797586808,26.77700425159512
Q9Y6C9,18.352418417746716,27.517000084374786
Q9Y6D5,16.283471248078502,24.457670358886904
Q9Y6D6,16.859550182391786,24.85170415547947
Q9Y6D9,18.25229677637356,25.901459216219074
Q9Y6E0,17.56368612236392,26.518571290703118
Q9Y6E2,18.696721293778808,26.724760966552136
Q9Y6G5,17.7927790969505,24.96809651922192
Q9Y6G9,19.57296695338816,27.4149980959031
Q9Y6I3,17.359118848498927,26.501750607424196
Q9Y6I4,16.119484910106667,24.478506540855278
Q9Y6I9,17.13465116087118,25.33479691700584
Q9Y6J0,15.600955672896513,24.179063209321228
Q9Y6J9,16.42579519401581,25.319067683375913
Q9Y6K1,18.14171945051064,26.44036268260537
Q9Y6K9,16.68550557072593,25.425417935621624
Q9Y6M1,17.41484729043905,25.29065912646347
Q9Y6M5,17.35773636450385,24.49186991231309
Q9Y6M7,15.760817903601044,25.767652008125506
Q9Y6M9,17.259868701586157,25.644213961047416
Q9Y6N5,15.564543630436475,24.95385646963104
Q9Y6N7,17.022197534186514,24.381935168890177
Q9Y6R0,15.127625056885883,25.02919873728798
Q9Y6R4,16.36761623369241,23.030527217794106
Q9Y6V7,17.72875237206722,24.716355985718018
Q9Y6W3,16.401469906486444,24.471682655650365
Q9Y6W5,17.563785685419923,25.597523244591528
Q9Y6X2,14.961988840709095,23.40270659476903
Q9Y6X3,15.13905579385113,23.865254503794112
Q9Y6X4,16.571794768496616,24.39754655896114
Q9Y6X9,17.73730434425542,25.36637658058549
Q9Y6Y0,16.406256510187553,25.68337449898388
Q9Y6Y8,19.007948384873128,26.114698355765615
