ProteinName,TMT,LFQ
A0A0B4J2D5,23.771363880318304,29.846413822941575
A0AVT1,22.12775241850303,30.280529069443368
A0FGR8,21.4021014696015,28.229541361830403
A0MZ66,22.908928960586323,27.376854147425007
A0PJW6,19.75462215528811,23.937075293106137
A1L020,21.296242791047774,28.14774007146028
A1L0T0,21.129369596945832,27.780158549850434
A1X283,21.38521906810127,30.245946419087463
A3KMH1,24.08136460604257,29.870646199912557
A3KN83,22.842223655481998,26.361599019586446
A4D161,20.601683579122724,24.82666921895303
A4D1E9,21.536001445824933,25.75872866661896
A4D1P6,21.179489893631043,24.142785624573172
A5D8V6,16.312540466149702,25.489227854457273
A5YKK6,23.59321036035233,30.48256373978077
A6NCE7,23.900476921757438,28.597138036173014
A6NDB9,21.88053729982129,24.808506777760634
A6NDG6,21.54599008111179,27.909562978901217
A6NGN9,20.187709352690913,26.936344449463878
A6NHL2,16.329712622289662,26.663123357080767
A6NHQ2,21.78902721193995,29.46639758839285
A6NHR9,22.800917974778823,31.81884527752964
A6NIH7,21.082211527817634,26.159978500254102
A6NJ78,18.990020792711203,24.650503905519887
A6NKD9,20.735830762250988,24.08276254076277
A6NKG5,23.878879535794763,33.54448968095152
A6ZKI3,20.2831230576942,22.597581327703733
A8MVW0,21.749033464467672,25.64962205739235
A8MW92,21.562187130307883,26.29182904825878
A8MWD9,20.51020888015566,30.477833237273778
A8MXV4,19.953802864332562,27.730377527987404
A9UHW6,21.03510783580327,24.783349782901894
C9JLW8,20.662222354217008,28.697652083724453
E9PRG8,20.217615475736086,26.926821126149115
L0R6Q1,22.1037655740553,26.54776930613365
O00116,20.686808818793676,30.22194001547012
O00139,22.964069847887195,29.61299454856068
O00148,21.8287027548901,29.677864359896436
O00151,20.481729068510223,30.897311650979784
O00154,22.3961051081557,32.42623154303001
O00159,22.429286393520677,31.15178792220554
O00161,22.56909072070905,29.27599118434546
O00170,21.43816941245952,29.722288462062206
O00178,21.471340642673148,27.20694904285127
O00186,22.639312252555754,28.12728483305021
O00192,21.0653183391311,27.46806492108732
O00193,22.561784641689222,28.433151341846198
O00203,23.021744525255716,29.904081579988393
O00214,21.41255881657744,28.349608987071377
O00231,21.605231680148876,31.835745104435567
O00232,22.19770482751467,30.955677813163174
O00233,22.86131655195395,28.90824006804227
O00255,21.799514033234324,27.951885548533227
O00264,20.050966812842226,30.417505973329142
O00267,22.618852933253052,30.598404505155646
O00268,21.268464210698408,27.513705763155947
O00273,20.558108822137182,28.67011621019689
O00291,23.70066706764712,29.78069147284088
O00299,23.385675007876145,31.76715170990381
O00303,21.90616050318964,31.205941910127805
O00330,20.97208275627787,27.020307698826613
O00399,20.751437345851485,25.71123389506834
O00401,21.665852452596564,28.56282122039655
O00410,23.69608157675993,31.35218937883258
O00411,23.27426699959689,27.503793080172915
O00422,23.916329153089812,29.18479710465564
O00423,21.85968540558828,26.67932045258778
O00425,17.777426193136776,31.105706846468834
O00429,23.228538671042394,30.85111629095622
O00442,19.729180791779033,27.91251165653732
O00443,22.779266760093446,27.71311672850397
O00459,20.513518721735977,24.72378196076543
O00461,20.422268545728212,29.374666079513496
O00468,22.211320349744824,25.996034885135526
O00469,20.593380126241343,28.932589270226632
O00471,21.967443824100823,27.908126032305113
O00483,21.03650543544892,28.556809222331385
O00487,21.85215881316487,30.82305407866415
O00499,20.43220985576667,29.437774702842415
O00505,20.766029745054837,29.07453123877576
O00541,22.769887363673583,29.13317313519886
O00560,22.066589561167714,29.567661450061735
O00566,22.53760586118155,29.354924631510666
O00567,21.26816507704155,30.919052278736473
O00571,21.612637744130723,30.66203555223606
O00584,20.929861387095414,28.119478631923442
O00592,22.40357503698034,27.417598919196553
O00625,23.550636266323146,29.146640334822678
O00629,21.58948818143152,28.661946146807026
O00712,19.86637614817007,28.522628433384533
O00743,23.599024798697513,27.643227159307305
O00746,22.92797838933285,28.66939147126073
O00754,21.39216856431746,28.656799390713395
O00762,20.374794879182758,28.322443832707677
O00764,19.81687438443961,28.480536245898524
O00767,20.626162625418075,26.742767341855966
O14455,19.744803010629848,27.781261706772835
O14467,20.674810066601527,27.946602210352708
O14497,22.92673576840398,31.63990941144581
O14519,19.552099601206404,25.987799220202266
O14530,22.215409222152807,28.194410626158508
O14531,22.043494169584463,30.511898123554523
O14548,19.801757124833223,25.404109705526636
O14562,22.588027079752322,29.04157101644267
O14578,21.67306578563263,26.392977863643235
O14579,22.710170252772965,30.652776090660723
O14617,23.1139272888597,29.590756055062826
O14618,21.301461679872318,27.86251311506291
O14639,21.357475159748866,28.21789903966799
O14641,20.691677395050487,27.163920584886963
O14646,20.86391214326766,27.818979370885835
O14653,20.538261736842493,27.22369535505105
O14656,22.91299111847663,29.004342842884913
O14657,24.01935005547989,27.852653440224756
O14662,19.762191010299908,26.231780275788125
O14683,21.993934384902868,25.74735499930787
O14684,19.91756220211192,26.093134419864857
O14735,20.81126320107808,26.461303356674847
O14737,23.00336599251999,29.993612695368803
O14744,22.4659714703231,30.11036092705852
O14745,22.724086489699207,29.954879842007994
O14757,20.5774688684881,26.321974939846633
O14773,20.77088612389283,29.20278296099341
O14776,22.98493324834786,31.500757553404522
O14777,22.176979690026013,28.84229356540368
O14787,21.53047478857085,28.527705908620934
O14802,23.69626510177735,26.36781478816071
O14813,22.067772033679663,29.773344037131178
O14818,23.05984284016554,30.923143358961262
O14828,18.500687688579752,30.357992214389135
O14880,22.241874374490735,27.967100483719225
O14907,20.56343276468159,28.096355276744404
O14908,20.42724414021368,28.619805376446834
O14920,22.01318241794024,24.50440074278979
O14929,21.945707983413467,31.062097941722534
O14936,22.560051720217,28.20174012635119
O14949,20.513064775482356,26.19414901992573
O14964,22.108552919859527,29.612348736546497
O14967,23.38020595374126,29.122028683068162
O14972,19.39412464325898,25.033480822932773
O14974,23.353859821517563,29.631461229841353
O14976,21.919637768099456,28.3595467752805
O14979,21.69967756936152,32.56932107229016
O14980,23.80679806037627,31.56982699662438
O14981,22.482129041468177,27.962402918668893
O15013,21.935961928733466,25.71494711355934
O15020,21.20877829973261,28.946078204941173
O15027,21.659986659041763,31.154034322892983
O15031,22.857495630883175,29.12792569753344
O15042,22.719995204427914,30.68085429544261
O15047,22.5852574154325,26.822660276460784
O15066,22.700648555211014,26.25989497825677
O15067,22.468096829871566,30.71517822986969
O15069,21.229445784144623,27.859417611733605
O15075,22.50028929435611,26.672829165120252
O15078,22.498015114225925,26.91665036979457
O15084,19.512813323222524,26.196302853989607
O15090,22.98785745467662,26.33666488975712
O15091,21.879905836876826,25.10178312608942
O15116,19.209485214180646,27.09794846889212
O15126,21.07788448643527,29.41767669697028
O15127,20.472840483198787,27.120795289088118
O15143,22.16319259797477,30.550417851733098
O15144,23.070128473883873,31.83090474860702
O15145,22.85055962798235,30.939942283527333
O15160,20.728742123005507,28.195790140763123
O15164,20.993027197955232,28.573204687522324
O15173,21.76599391727052,29.824703313952423
O15212,21.697673771582547,30.099415912714775
O15213,22.337089409995333,27.652330688742857
O15226,22.72945709412958,28.785800880620986
O15228,21.055555229329208,26.30364842599055
O15230,20.13197711583972,27.62043585109512
O15231,23.15722895947362,28.37547077675632
O15240,23.90011723199141,35.284688106491295
O15258,20.811257894675652,28.908323700341743
O15260,21.162000892704647,27.07681625893561
O15269,20.898190938002585,28.89797187356879
O15294,22.247237575285872,30.180895231435805
O15305,21.996385152679604,29.483777819991957
O15347,21.622424930277,30.667167209830826
O15355,23.089464048406665,32.629894934520934
O15357,21.721945606751987,28.047242526310182
O15371,21.60161622571758,30.93540239035323
O15372,21.254353550751514,31.062986390417347
O15379,17.698278082699957,27.213913954729662
O15381,21.3389430954145,28.41366536828315
O15382,21.913329498839573,28.16282519044429
O15397,21.95609888621265,29.476353816027697
O15400,19.48407328710658,28.02479712559903
O15446,22.2391161036425,27.948660795294522
O15460,22.58883222148134,29.263047525384117
O15484,23.353785687632435,25.37889744988006
O15498,22.833272956082844,29.680594479378456
O15511,23.440348293670286,30.85043521652829
O15525,20.859894411064023,25.960075719087087
O15533,20.941695358126132,24.462252537125856
O43143,24.096403686152932,32.977737432013804
O43148,22.17049023489402,29.640769680101897
O43149,23.209762304022373,25.152905780307638
O43159,21.393955886316515,28.227770668630836
O43166,22.33058394329339,28.00005498453246
O43172,21.405591175581783,30.5782172695173
O43175,23.461925170916018,32.603062862421055
O43181,21.0738107816297,27.499924177653217
O43237,21.33414857944625,30.509850993554366
O43242,18.70236947954787,31.82041654801766
O43251,20.56494178168209,25.2125426613936
O43252,21.174487114678186,30.656254963711955
O43264,21.015247763709947,29.199984838353707
O43290,22.024867945880015,30.90171180470392
O43292,23.856165630336413,26.298967855706724
O43293,20.857344071069953,25.21327931209419
O43294,20.57084723173418,24.31540829241515
O43301,20.75474845234506,26.611500417616995
O43310,20.42403699541047,25.603457186113754
O43314,21.707508283554702,26.975508982762708
O43318,21.56660698618321,26.245766757008717
O43324,22.747131877930087,29.150372758288427
O43347,20.001239960538797,28.13050440108743
O43353,21.24150884549694,28.094952628787432
O43390,22.22089878195719,33.21173292968628
O43395,22.81185008966164,29.948206804056944
O43396,22.0997693060508,30.47713250116967
O43399,22.719024126060997,31.232941428781423
O43426,21.869083734569415,26.534161840812807
O43432,22.683986585480643,29.158424650125976
O43447,20.958767759839326,29.73634565068737
O43464,21.492613162724123,28.1822769874685
O43488,20.937064578054308,29.029109690825322
O43493,19.319785383222513,26.156933871087663
O43516,19.728800013686822,28.091359717419135
O43583,21.110419956517116,29.06864255634561
O43592,21.26863367496468,31.025970639547374
O43598,22.597160859673657,27.093807189156912
O43602,21.91488283555499,27.511061189361534
O43615,21.51962767674452,29.400994638330594
O43617,22.696303793916876,27.630006121241642
O43633,21.072155016696637,29.480372445008154
O43660,22.267256207324888,30.32573734769056
O43663,23.107446848169676,28.21913584455132
O43670,22.515351020504138,29.944325842686013
O43674,20.623937027404523,27.236410732002938
O43676,20.553036805413832,28.176094990733684
O43678,21.73365824523187,28.083140121262037
O43681,20.950151738885044,30.067182585787496
O43684,22.800427979425773,31.052833161949774
O43707,23.58337519049092,33.457421523808044
O43708,19.032605369938835,27.11861727300387
O43709,20.239953046686963,26.606921851610323
O43719,23.376606808028967,28.855931067022365
O43741,19.30150113633873,24.281241916075295
O43747,21.300534394156593,28.583168975836458
O43752,20.335837450241844,28.383136565375008
O43765,21.45416606758856,30.087879057660952
O43768,22.47399794133926,28.023234481164234
O43776,22.339837571160537,31.683410742745252
O43795,21.895012857335438,32.12582834452401
O43809,22.406071792192385,31.169811095265505
O43813,21.437740290717553,29.103709505717347
O43815,21.939263362712683,29.639811980527877
O43818,21.59150019990756,27.574710877218457
O43823,22.604582294241418,28.353354029088088
O43826,19.786797581670964,24.676116049308412
O43837,21.28536675643648,29.340656177628986
O43847,22.149221044884463,30.189509852717656
O43852,23.064026603560315,33.33898834100634
O43865,20.97048965215758,30.77575104650899
O43913,23.414123210914866,28.33649225355537
O43924,20.111174436695357,26.708257894027707
O43933,23.310654472698477,25.957504117787966
O60216,21.354169935163494,30.15756788226981
O60220,21.250164375462536,27.746466378337537
O60231,20.879226017813757,28.630268087476463
O60232,21.601065316199087,28.873452400337488
O60244,23.00895622912038,28.915635379677845
O60256,20.44723872421765,28.304557255732668
O60262,20.23280516693179,24.44509980328991
O60264,22.59531978234313,32.02464601890091
O60271,21.70032251100921,30.04666264088462
O60282,22.093482729048745,29.496873437648272
O60287,21.089963013729434,27.952393348544913
O60294,19.812833094776234,24.178541335709582
O60306,21.874148587531867,30.388685936729637
O60313,23.13206703157543,29.99984427092427
O60333,22.04586145863756,26.395991759091945
O60341,22.76120615400494,30.142204528557226
O60443,22.031824697939083,29.361611093619135
O60476,22.199904351177988,26.24209681698749
O60488,22.76170701626828,27.661905486069507
O60493,21.838393961724783,29.573188274546613
O60502,24.036119101025058,26.909175601204346
O60504,20.928889966909555,28.023753940762276
O60506,22.67505329216008,32.70788437923103
O60507,22.88789805499752,25.841535625451755
O60508,21.268566755850323,29.26811713332514
O60518,21.838796639572024,27.79449774665203
O60524,21.365451636396227,28.90300276334373
O60551,20.74451808254189,25.050093487687533
O60563,21.969721446312622,27.939264015324515
O60568,22.555750791479095,31.590307369520517
O60573,18.982435402668344,27.468192188371564
O60610,22.22223145906983,29.18354671156014
O60641,21.29060199466797,24.886630905971607
O60645,23.139871476788358,28.878666770624488
O60664,18.68491556421316,31.3666587221655
O60678,20.64326027416246,26.440475543802357
O60684,22.072575909210506,28.384722618617754
O60701,20.675029957836177,30.33360438355584
O60716,20.979267991098904,31.570145862718014
O60739,21.690416373923057,29.42786613989081
O60749,21.25264609737569,29.746424912273906
O60762,22.956078690214632,30.61393036438484
O60763,23.745788605029,30.92955951502814
O60784,19.808369282803238,26.24521388304836
O60826,21.29565365158446,27.10556820797915
O60828,21.72757802537789,29.0297288179013
O60831,22.707393520344986,28.012753706421645
O60832,21.527427303484806,30.436721241244744
O60841,22.916317604858918,31.24607044070418
O60869,21.47630072587523,29.766790281722734
O60870,21.61664423178179,27.54369020285147
O60884,23.50032304956353,29.26547371496396
O60885,22.262577652310323,29.84912960828607
O60888,20.810974223552854,28.65242485018883
O60890,19.559871741839224,29.75044799523358
O60925,20.87566662205853,28.185554311635073
O60927,19.65202598838814,27.012882067643385
O60934,21.624718478388203,27.997808066223506
O60942,21.850484340688492,27.107205030596624
O75044,23.37775630777336,27.497298681696535
O75054,23.787304789305477,28.651467702888432
O75063,22.33296810687165,26.670956452571243
O75083,22.456732867969443,32.161431711667994
O75116,22.599882658272794,28.77398134225974
O75122,22.629371700918067,29.084547944233755
O75131,21.927298205176317,30.50032679667308
O75132,19.443964329324054,24.68561674773279
O75146,23.89892389551858,27.705496222102756
O75150,21.00962712289862,29.746257179529444
O75152,22.27776716505294,31.206478466640515
O75153,22.352531789680164,28.829436393879472
O75165,22.655021937349897,30.843299009744374
O75170,21.78455803349418,24.669811972284027
O75175,21.85296955585231,28.04132494919043
O75179,21.82467740733466,27.712093792442243
O75182,22.51387579097944,26.151686421902763
O75190,20.275568861524,28.094057417328777
O75223,20.61772237078502,29.09021316478947
O75251,19.832780019012286,27.483227211692583
O75306,21.47246330145284,29.30828031326814
O75312,22.82036804982916,29.048210795315928
O75323,20.880515735164543,28.8340505973089
O75330,21.413037523067842,26.484110936408563
O75340,21.77059503885196,29.80018305471236
O75347,22.406650020988277,30.67824691966647
O75348,19.707883945698207,28.521535096435816
O75351,22.266262468969124,28.000062498759654
O75367,21.53633044674928,32.214186093929705
O75368,20.213405633584554,30.20251174727778
O75369,23.429894811556505,33.9341253285644
O75376,22.121650430983873,27.787791700906755
O75379,21.565134697192075,26.85496179662749
O75380,22.074110650072512,25.25309593608262
O75381,20.66876381441575,28.626758042988282
O75382,23.251800658772684,26.13368216665659
O75390,22.304215151843227,31.795491873829747
O75391,20.198426999377446,27.520216505976
O75394,21.54277154069393,25.992074784221863
O75396,22.549996419268172,31.30697736693672
O75400,23.3921066794841,30.76368520235813
O75410,19.979787464998026,26.983745528988393
O75427,21.051636328957308,27.340214699704262
O75431,23.194822806058873,28.323533033606875
O75436,21.816015630356866,29.926313107346218
O75439,20.73131497324894,29.699028119265602
O75446,21.070107187006894,25.966785701084266
O75475,23.680844342669122,32.06465090799457
O75477,20.035760677460154,28.11178088527842
O75489,22.30281725668379,29.285848011756233
O75494,22.980954427613263,30.667330883333232
O75496,21.498155320145973,25.887228751348736
O75521,20.193644156598992,27.9470698902731
O75525,21.864115554732436,28.735587861657493
O75528,21.29429905238892,27.524626922192365
O75530,20.67102610530792,28.068325075532673
O75531,22.74109394381709,31.413334693346307
O75533,24.373377312817944,32.765296019448115
O75534,23.3587855752695,31.88261614090863
O75554,20.05325813594852,25.7361496779862
O75569,22.587803423769508,29.296080442651235
O75592,23.058707108989395,27.357580115669748
O75607,23.412136244138203,27.52413639085259
O75608,22.445545585202108,28.591173433297023
O75616,22.164124267849946,26.787076135399726
O75643,24.955287969344155,33.71308661375071
O75663,23.87699636168004,28.65742100583554
O75674,20.952121073471563,27.821604655816582
O75683,23.78513853801277,28.4768907292066
O75688,20.685457154100632,28.33164862251143
O75691,23.09134097777019,29.571455400085373
O75694,22.60385120350978,31.652682355975315
O75695,20.49962554733624,27.626869213135244
O75717,22.1947114900368,29.130773658262143
O75718,22.153837913981924,28.962703798987388
O75746,21.06954357174509,26.54146489622438
O75781,20.147906458442836,28.27163243894677
O75787,22.97619059155221,27.207908480377093
O75792,21.101970503273872,28.607576496755897
O75794,21.00039496446738,26.27375254195451
O75817,20.838563107123765,25.97238430195775
O75821,22.625406342524265,30.8899341485244
O75822,21.966089296906272,30.043293450677087
O75828,22.358798300386702,27.205870572936156
O75832,20.049881455940273,26.93845825313458
O75843,21.36504054284902,25.3232940097041
O75844,22.714819337381265,29.85366050787862
O75874,20.86345705977144,30.976206532969936
O75880,21.757720575268955,28.006110069368646
O75886,21.300370688041735,30.580001769653272
O75909,21.54419905923307,27.99008584516361
O75915,21.05932684411108,28.943475544465244
O75934,19.715631412225182,29.85015188565462
O75935,21.804085865817576,29.16836235116769
O75937,22.557343366590896,29.04310810499341
O75940,21.92591475777593,29.58603919101403
O75947,22.678571230984506,29.769206440014166
O75955,23.31028962917041,31.66625723449524
O75962,21.818246676690272,29.291384085873066
O75964,22.077582597352126,30.514144888962758
O75976,21.501164446805287,30.051719709025093
O76003,22.49890002813887,30.527883542436342
O76021,21.98284931599195,30.788739399585197
O76024,22.597123140635848,24.57842634248496
O76031,20.853935586526237,29.383382195137642
O76094,20.96974138669302,30.71477293624857
O94760,20.949601954163185,31.603189318160883
O94763,22.2086378260703,27.300560178503403
O94766,20.81241189889718,27.97324496264188
O94776,22.699233251584566,30.716843102599857
O94804,21.245726097286123,27.14393253165743
O94822,22.097542017278236,28.02105029092502
O94826,22.918443037125694,30.889236077503643
O94829,19.140985076982755,26.229707384013373
O94842,20.591208547316484,27.142623693826607
O94855,21.820263970317562,29.67382065063125
O94874,22.893295309608728,29.77549040986788
O94880,22.536311880762927,28.23070711784654
O94888,21.378967276918047,28.835179877995508
O94901,22.206788207415215,29.160194072473967
O94903,21.873205884616695,28.33023629419239
O94905,22.687817778102588,29.284061041707623
O94906,21.798145864125146,31.189980164506373
O94913,22.500406073045745,26.55013079254544
O94919,21.987788597809672,25.495150326582515
O94925,23.248358842671795,30.42463038006517
O94927,20.21627363592454,26.971915483919624
O94964,22.154741813275116,26.843991547770017
O94967,22.49969024199152,27.561580389417635
O94973,20.292322382327406,31.626908466832926
O94979,21.230658887051103,31.27431805022598
O94992,18.20903864710978,29.002539004449027
O95067,21.56666877251133,23.333099230577556
O95070,18.532422429443997,25.68222131278287
O95071,21.99213649109949,29.285644376527642
O95072,20.39463191977854,24.50357094622127
O95104,20.53751547876843,28.787712166559288
O95139,21.680839227070535,25.762486945482365
O95140,22.714228178271238,28.23217505287468
O95155,22.292806588296774,28.54762925030618
O95163,21.634678170602466,29.491120265784534
O95168,22.59557568983943,28.15254727411164
O95182,20.22580323473725,26.53399123389981
O95202,22.110428704185743,30.38263832709504
O95208,20.726746452039205,27.957687069872804
O95218,22.424401287727733,27.994721463308533
O95219,21.648141690562806,28.866615046172274
O95232,22.49816664805553,29.713068770892363
O95235,23.17160736686025,28.04544855633528
O95239,22.875949641530156,28.92684822583372
O95248,20.945919131163247,27.124959845174963
O95251,21.235735967180585,28.11965263556492
O95292,21.98294144389351,30.180855846938123
O95295,22.725001431576928,27.37697904540595
O95297,23.183792885219614,28.286853849162885
O95299,22.029912220182016,28.538913971433193
O95302,23.104024947752574,28.682188757038915
O95336,20.864568658475736,30.582447822345568
O95340,21.94149897682089,27.936362056733604
O95347,23.72063615241112,31.429981921205066
O95372,22.66219032658368,29.436887559260697
O95373,22.47388440103653,31.144411350265422
O95391,21.287027101144446,26.76690599015541
O95394,20.930190453205586,30.01538754586259
O95400,21.705537153301115,29.081949160774826
O95425,23.330880240697063,27.786975940114935
O95427,18.813993896474337,26.594886545419747
O95433,21.204186509935568,31.982679727222678
O95453,21.89694521588072,30.078163347670124
O95456,20.083487858376646,29.0668935676142
O95470,19.890592298786,28.844036395320554
O95478,21.52219811142564,26.387566023574106
O95479,21.87205699862872,28.065526418202438
O95486,22.088714307186713,27.521088454755294
O95487,20.89698368838582,27.43516236354518
O95490,22.84714646885844,30.051379468892996
O95551,21.90276238083619,25.768144374730436
O95563,22.08432963353086,26.47015286948221
O95573,22.18697591332821,29.90673094905209
O95602,22.552300138381266,29.518910714354718
O95613,23.268728395062208,25.951717959879414
O95628,21.281108598506258,24.36525752998156
O95630,21.509405112952287,27.965459570434586
O95639,20.146474031748635,27.020567023543446
O95674,22.62427164698703,27.290995491785633
O95684,22.4165115083629,27.680023515621215
O95696,20.04391015296982,26.623277531201335
O95714,22.206390713987084,26.65415983635024
O95716,21.464928378575113,25.891236543170685
O95721,20.754463291926573,27.866935546616137
O95747,20.078760738720472,29.483785660785916
O95749,22.464548958401018,26.669631194087152
O95757,23.463084839966097,30.089918938702986
O95777,18.246565753948996,29.3016859573302
O95782,21.71748904651035,30.261311819042813
O95785,21.88711899411293,29.399670515000786
O95793,22.298209819621427,30.23470390184735
O95801,20.76601293198005,26.310333030085268
O95816,21.306951948692834,29.147502512603165
O95817,22.10044963745618,27.697652116256887
O95819,21.744917698914026,27.76283731832168
O95831,23.67758392000012,30.891990265905203
O95861,21.17641675445609,29.375222375917854
O95864,18.37446376523343,29.456022187409495
O95865,22.267856525126444,30.078809765852238
O95881,21.897652501068755,30.980689106019934
O95926,22.47829760253264,28.972708542470077
O95983,21.771580441607767,28.66034810253086
O95985,21.295518025309867,24.276929135517193
O95989,19.917459262137555,27.8743666721127
O96000,20.74348372580462,29.53882901533637
O96005,19.988898292873138,29.48565541572486
O96008,22.281373804191087,30.281136971699233
O96011,20.778743201140536,26.23409245731635
O96013,21.62394917267001,27.053959527737387
O96019,20.793155004925815,31.001756706613858
O96028,20.182233898390926,28.67624857860891
P00167,20.80805739321843,30.078564515756366
P00330,23.44920271429305,32.495312737785234
P00338,25.00720806749991,34.64424354264492
P00358,22.15462234342645,28.00159674314761
P00359,21.80888981876466,26.9040850626756
P00360,20.584274077589036,28.023158619643688
P00367,20.714580769021058,29.452136473947352
P00374,21.189363362867365,27.24228601063542
P00387,21.716884945994746,30.6990582610001
P00390,22.530822067040493,29.588058028448195
P00403,20.752806958711666,29.31363890292194
P00431,22.2616282470865,25.052712362913844
P00441,22.54043129826521,28.63353660521582
P00445,21.88004017960204,29.20659537895613
P00447,20.188620319673788,24.365578680523594
P00491,21.622724309350012,30.292571743357353
P00492,22.446654993350414,30.49127646879508
P00498,21.788269237497776,26.924215917309542
P00505,19.88885732082821,32.629493274411
P00533,22.208825612617048,28.999789821373817
P00549,23.63477746095635,34.17645070885223
P00558,23.877766948364336,34.253200344667626
P00560,24.425719185855602,33.72475256781232
P00568,21.011590179912236,29.556937102882713
P00729,18.231183719496354,23.93299207679492
P00812,22.16004748219498,25.574840206422998
P00813,22.371740319564484,25.698663836263577
P00815,21.173724133355083,28.50796787472352
P00817,22.407221138802868,30.15200467267729
P00830,21.79910702798333,28.38818924811846
P00846,19.99866812099821,26.463557014970085
P00890,22.24001484560192,25.54525060294193
P00924,23.275650288020362,30.593473760586555
P00925,23.05772397714204,33.34873260435792
P00931,23.86203903884249,28.30182852091654
P00942,22.253055716130046,31.96868871984797
P00950,23.080467833747665,32.57694442627163
P00958,19.602219836866734,27.38228846875123
P01023,21.09486363502739,28.254997007517918
P01034,19.89976988091339,25.861438080078464
P01120,18.13405715735656,24.549236201152134
P02309,21.197469144320312,27.793858484309183
P02400,21.59797743801921,30.46243176834305
P02406,23.277580461195246,30.42207834290209
P02407,21.90348623353965,30.250266434164445
P02545,24.922713712458528,35.173134912491236
P02557,21.662146459654664,26.73879934578766
P02649,20.341424094660155,24.820819757692835
P02768,21.97948053973321,27.700191545109202
P02786,23.664846368941486,31.633850129853485
P02794,20.52602297679174,28.83737224034074
P02994,24.425557073445766,33.96942141793417
P04004,21.86773803159798,29.831473701653373
P04040,22.039464518028957,30.314040968386095
P04046,21.016238166377104,24.547286919828895
P04049,17.938908133891445,26.033820379990242
P04050,21.187669281659094,25.196939226613353
P04062,21.197957499314725,29.98594302616657
P04066,20.812445856465267,26.195633333344432
P04075,23.064598600619746,34.44247646578667
P04080,19.576020472515562,31.000812957241894
P04083,20.744589067598373,32.12766708502085
P04147,22.50688119137287,30.041614771812636
P04150,20.663616188885303,24.130072716231027
P04179,22.443536636574237,31.89614623331259
P04181,21.09785122659957,31.07182538897193
P04183,21.67868768956366,27.12730347145045
P04264,22.485023321043805,32.08583637457155
P04350,16.331170396111677,27.95412475264095
P04406,25.886175759206445,36.36404141030443
P04424,21.739860328153448,29.171093548932735
P04439,20.22726744238607,28.404507965730076
P04449,16.317903542110734,27.219934658159886
P04456,22.27747465754649,30.37353069181985
P04650,20.643491111105213,29.62325496017467
P04792,24.723823916761013,34.11047441090516
P04801,21.697538655332053,28.96428850800818
P04802,22.80176422164795,29.052483888914782
P04807,22.366317459979644,30.45267148422417
P04818,20.722528343687195,29.36878241115601
P04840,20.4116379683654,29.44653870427814
P04843,23.99561255680641,32.7743317811886
P04844,22.14604474431079,31.49115799270942
P04899,19.418339544225713,29.564794597735023
P04911,20.698355981800695,27.6491142232856
P05023,23.126473761548176,31.863288403045196
P05026,23.6991263467006,30.304848635549256
P05030,21.79208182812208,29.204809252434224
P05060,20.992012978589514,31.606271431400867
P05067,23.704287671096466,28.310199313902995
P05091,21.65798291086158,30.7401638764552
P05114,21.588102019465733,27.031367434325567
P05121,22.045836896997674,27.172282594332668
P05141,21.041137729222577,30.938700623411176
P05165,22.859761255231213,27.496015365601412
P05198,21.50288740176711,32.188252837970666
P05204,17.325026082892965,26.501426049733016
P05317,22.975964086645035,31.415210420802506
P05319,21.821889921311143,29.453594905852757
P05362,20.799648274378896,29.045865534708238
P05387,23.65866746327576,33.535942321050975
P05388,20.493207785991252,31.20385029389133
P05412,19.89678136009678,25.929452542152738
P05453,23.75151200890707,27.896687356864557
P05455,24.113697342979183,32.38833446435408
P05556,22.8376529201254,32.490102043363535
P05694,21.49952860317015,30.359509884295182
P05738,21.11765632879267,26.349212442008064
P05739,22.89418566956571,28.61444884631094
P05743,21.192019263681654,30.01656184154203
P05744,20.33017700356581,27.493927022780422
P05748,22.10136728211234,26.986586637150353
P05749,19.83413019837616,25.76918201796292
P05750,24.025987199834642,31.371860927944358
P05755,20.13293182932916,23.91194864418906
P05756,21.62446782109196,29.793452629245706
P05759,23.877504036081294,27.2594539591135
P05783,22.995903209523732,32.0674232497941
P05787,22.305613659539343,31.454148434980905
P06101,21.431466759511697,24.249234590942677
P06103,23.43097786452853,27.68353660121655
P06105,23.101753311127734,29.815213397072696
P06106,22.663688738202787,27.966311695704672
P06132,22.28896646044858,29.094943817198498
P06168,22.79376751978335,31.001175892821067
P06169,24.206213197760636,33.93599657471382
P06208,19.784863061171254,25.875061577723393
P06280,20.731534457671508,28.408606319055522
P06367,20.77601420186396,30.39043236952794
P06396,22.434810131103898,29.66336940576087
P06400,22.697262116652606,29.382818317707212
P06454,20.271266996195834,29.044421611869186
P06493,22.56707017714229,32.202228761112195
P06576,21.679282976986414,33.989571734056625
P06634,19.173815513330787,28.237790541595842
P06703,23.7842558675811,29.757596380237505
P06730,22.600924088065117,30.57935946643005
P06733,26.26773871862378,35.69613418254803
P06737,21.9131202480854,29.048135034223357
P06744,24.494954597800046,33.565587604874686
P06746,23.667842016814344,26.205773348740276
P06748,25.584846786980357,34.22206942336091
P06753,19.176092786126045,32.345313904460724
P06756,19.643099734696943,28.749317922121236
P06787,21.905578014480632,25.77766244604883
P06865,22.153920265826862,30.169323914669913
P07108,21.148433770899384,29.673660850475674
P07149,21.897313444658955,29.965958599335842
P07170,22.17541739959331,29.556214557010577
P07195,23.68836020097957,34.85329142676442
P07196,22.909030231661927,30.676311297246613
P07197,23.14913906150478,31.429368469492456
P07199,22.84346878304238,26.556856597464023
P07203,19.633849082873972,30.00402903914147
P07213,21.383256297251414,24.834338170096835
P07237,25.678864234003854,34.6400734284235
P07244,22.12050863846058,31.95432559233207
P07245,21.170251220089803,28.962217075661595
P07246,22.953557064962915,26.58262192941046
P07251,22.696655718081274,28.520719811829505
P07256,19.570687180249053,26.091752850182306
P07257,19.63074404218651,27.02937042793378
P07259,23.111382091814036,30.945262949131294
P07260,20.56524374709072,27.79253922304593
P07262,22.277520880094055,27.019026291913598
P07263,22.263862118123097,26.42853070822513
P07264,22.147463258597575,27.861484889249923
P07267,20.953046128240864,26.757831573441997
P07273,20.497341227291024,25.237470661090427
P07280,21.615256888293285,30.428745360290442
P07283,19.8904179649118,27.983705772846392
P07284,21.518483021478037,28.847335301345247
P07305,21.622877468414238,29.37908138905472
P07311,19.922671332830394,28.316809845956985
P07339,22.874349750408733,32.09698246969381
P07342,22.005194204229017,27.925693817140885
P07355,21.49825594268238,32.758903132202754
P07384,22.24637069916892,30.380767201495757
P07437,21.9475310445491,34.34031669710144
P07560,21.471605658582003,29.23719088116256
P07602,22.046298371736107,31.786298804219197
P07686,19.82289088800245,30.796816270214862
P07737,23.770681387872006,35.17430780170524
P07741,22.634934553961667,28.324442011671046
P07806,22.711803199241462,29.149990246526894
P07814,23.128044700446154,33.312512954160425
P07858,21.91303712856409,31.668212318975492
P07900,24.609299266180283,35.38807074389011
P07910,22.744961130619377,34.20867365497164
P07942,23.04594958500001,31.227587286345905
P07948,22.53535986188418,30.19471407778006
P07949,22.886619202445846,29.755808936662184
P07951,19.307976787276512,29.469042529743028
P07954,23.231539920671096,31.615309031930522
P07992,21.35300655840807,24.598827775897675
P08047,19.8475534181145,25.219986842884335
P08069,22.49767249619262,28.970366923974336
P08133,22.22875800942523,32.353830575151925
P08183,22.15950465211849,31.371145982154584
P08195,23.194058891346085,31.47965082947876
P08236,19.536916242451213,28.62384950137163
P08237,22.119979615040794,31.10273523627059
P08238,24.317160092984285,35.18210092007475
P08240,22.436023730469223,30.046337831993977
P08243,22.348879327588083,31.61920437476141
P08253,21.910580043987334,25.401105123725202
P08397,21.72820966194104,27.161177065975007
P08417,21.183866774378078,25.36036103062538
P08473,21.827194256601032,26.287109528990456
P08524,22.197882834066,26.936544906602922
P08559,21.50829057072991,29.974379690886185
P08566,22.89355251045289,26.86673523040482
P08572,18.551992168273443,26.976001296300712
P08574,20.159347181473922,28.57768518959181
P08579,22.009443633385576,29.50714529476407
P08621,23.367254053374054,32.162743413064
P08648,20.569678781015984,26.32777536912082
P08651,20.35309820402069,26.359420294729336
P08670,26.511560489660646,37.60242873157272
P08708,21.386758639174197,29.52029705564743
P08729,21.727268860204575,30.414926997833177
P08754,20.478991776764367,29.184081645325335
P08758,22.689063581261962,33.09896758222729
P08865,22.819907959062277,33.25451116866559
P08962,22.096815568812367,28.30856065780866
P09001,21.688370048194543,27.80061859102485
P09012,21.599831155642914,30.882521775816983
P09064,19.2892979930333,26.03540441164579
P09104,21.48005212834152,30.54886625544446
P09110,21.330236855410142,27.058825851885143
P09172,22.54910864842517,32.81316595476622
P09211,23.2343699560012,33.45476661782471
P09232,20.77240634311046,25.57785343377881
P09234,20.04134611691915,29.44611913203849
P09382,24.474496199967383,33.92617323022915
P09417,21.313401658733383,29.551651369417694
P09429,20.92782704811859,32.08963591250051
P09436,22.729975077645136,29.7874730529617
P09440,22.503042730842747,26.41407827176886
P09455,23.71647029267053,33.02513705463678
P09471,21.911005734798074,28.75275356159682
P09493,19.18505489155226,31.786287063740627
P09496,22.878195406536637,30.87358041212182
P09497,20.58650993277405,26.496560027763323
P09525,21.1974939565611,29.85979599319237
P09543,22.761561415985174,30.884092998540766
P09622,20.810973298023967,30.561889274205644
P09624,22.610396961458868,25.764948539419226
P09651,19.88555685829531,29.92875690053258
P09661,22.42165205134568,31.299856174398688
P09669,23.706991380491665,29.49770046278392
P09874,25.429436151799475,34.391544533382884
P09884,21.355464136130085,27.69492207815414
P09936,22.87787034920451,34.127027863834634
P09938,20.6833341637457,27.990630299754848
P09960,20.571532395964873,31.197928871532927
P09972,21.107253240369047,30.640279701936443
P0C0S5,22.367442257330204,33.432443336259965
P0C0T4,21.22169124118122,28.081742090306836
P0C0W1,24.37556996233598,29.868862810659007
P0C0W9,20.841703394473623,29.952205599550517
P0C0X0,20.46288442526602,29.833260052325706
P0C2H6,21.622850298678188,30.554637386356433
P0CG29,22.07514735867579,25.013884612139552
P0CS90,21.695707949932654,29.663657470525823
P0CX23,21.76460471353973,30.80620962332379
P0CX25,17.42008331761502,26.860713226960762
P0CX29,21.660116447379465,25.3418286047098
P0CX31,23.50496772458244,30.674944626899944
P0CX33,22.254032676078214,27.530764822005793
P0CX35,23.834798991897035,30.93977673884732
P0CX37,21.484082851515453,30.482490629498525
P0CX39,22.0663427208738,30.549332791939577
P0CX41,21.786489437836828,28.782660385313505
P0CX43,21.249636053431093,30.322732158156104
P0CX45,22.49733473705278,30.196903601099773
P0CX47,22.439179598975453,30.084005268546168
P0CX49,21.05302171373108,29.74210328149525
P0CX51,22.48242719379813,29.789183099849687
P0CX53,20.890205243197723,29.708308348587188
P0CX55,22.229989753828082,31.172080037245156
P0CX82,21.553297963811293,30.193951311412288
P0CX84,21.14578723847583,29.185179476158687
P0DI81,19.40372684655119,24.65761279642138
P0DMV8,23.171273161709944,33.50644414877148
P0DP23,21.616560346161723,31.49010463223573
P10080,21.3597295002882,26.291725269905598
P10081,20.65617312893519,30.872044135736992
P10109,21.240155064103245,25.57599896366296
P10155,21.833520924042375,30.01509287475243
P10253,22.470560210030975,30.297411655849658
P10301,20.54539902913876,27.402312994987444
P10412,22.04569405730022,26.23847300726275
P10515,21.22761296787561,30.411075056114324
P10586,22.187363136572113,25.16317749677339
P10589,20.028545849926534,24.235264303999035
P10591,22.21895450707879,29.85544311395666
P10592,22.846140306313522,31.182286830718205
P10599,21.553870729520018,32.11994807598554
P10606,21.580807166310105,30.27854190198732
P10619,20.864300207572768,29.494016484331617
P10622,21.688220656770913,26.11511207189111
P10643,23.532652962482672,28.300241243559476
P10644,22.693745779412357,29.61975034807298
P10645,21.63091389364368,28.54144898584056
P10664,19.739733876938764,28.60409963636231
P10768,22.19464424744821,30.467660465531257
P10809,25.179382875346803,35.33737355083017
P10869,21.191288569169554,24.697477707481177
P11021,25.364527552799075,35.281616283952474
P11047,23.003548065133856,29.6827685004673
P11076,20.37443026570166,26.47398985882575
P11117,22.179461627801086,28.138314093306334
P11137,23.03898070714041,30.85275199602253
P11142,25.81016356909408,36.33630189000695
P11166,22.000689421671314,29.589059598212792
P11171,23.037421790973017,30.999247092315176
P11172,22.003195277191057,29.800847672522444
P11177,21.073685981538542,30.65541974718227
P11182,22.28941248959603,27.109769291338857
P11216,23.159174569067666,30.272792205496618
P11233,21.453820582159736,28.463334598870446
P11279,21.133349596101095,29.84287927206247
P11310,23.360717554511318,30.406417246069925
P11353,20.482935010220796,25.45775680999458
P11387,23.70338970482887,31.519606250601896
P11388,23.635359226307415,31.744183591775993
P11413,21.662085332619018,31.87953881305289
P11441,21.69261508431999,28.01802729025281
P11484,22.243671453780912,29.01494952563902
P11498,21.73458928128715,29.656062523110883
P11586,23.15317334434409,32.35718304868433
P11717,23.15328648839529,30.482990657277586
P11745,22.876222812191575,25.095354216800576
P11766,23.81342344635837,31.334285827952062
P11802,21.62865380112205,28.93068111998201
P11908,22.662511349929073,28.853304947906896
P11940,20.860333024793565,31.357706034116497
P12004,23.772903262921197,31.949380830249794
P12035,21.103372112550357,25.398741917926174
P12036,21.954208320449535,28.22958016420814
P12074,20.008481811401467,27.579614124644422
P12081,22.47455008625763,30.679795662352877
P12109,22.368351113031395,26.49479166236212
P12235,20.923182194948232,28.690753723397542
P12236,19.441098869414184,30.247004987858386
P12259,20.752096630576638,25.30963373413749
P12268,22.33464752904535,31.92565120324214
P12270,25.168323153156724,33.49425495830168
P12277,22.642295443206326,33.88937319281074
P12385,23.58725864892901,27.594826627689947
P12429,22.457443199067402,28.16523269138981
P12532,21.23508688741062,30.898306386035514
P12612,21.90585224084351,25.318544470808725
P12694,20.269064194654757,27.800285048877427
P12695,23.001094946856767,26.22964025669385
P12709,23.383441525175353,30.896837640311183
P12814,24.147662870741602,33.38183918725453
P12931,21.137156275694128,27.41896584700491
P12945,20.905191440296697,25.096724145895106
P12955,22.28874431037695,30.20336929911174
P12956,24.447683101192467,33.28896406097474
P13010,23.685590731046045,33.04687176833398
P13073,21.04306562031249,31.35116230013195
P13188,21.97884564657282,29.19597717636364
P13298,22.730162080886902,26.649467941754338
P13473,19.40717057092151,28.811747165138307
P13489,22.33762367717098,29.80363560866298
P13521,21.915763780857667,29.77590991979583
P13591,23.3163791356591,31.62047551792185
P13637,20.690309735815266,32.69165855248052
P13639,24.715922725038727,35.11478277692667
P13645,19.377586728837905,31.488001513096044
P13663,22.3612750472672,28.46847651060737
P13667,25.076677434638523,34.62651741583055
P13674,23.110271851310188,30.886313964538964
P13693,22.45630613330284,30.571987241489317
P13726,22.255930207811556,26.47487889210448
P13797,21.63253037122836,30.92641401748518
P13798,21.85708095196289,30.439261270889002
P13804,19.322114999167667,29.699899350096164
P13807,22.200410634544713,27.24163232729442
P13861,21.3926043740034,28.615285479956423
P13929,20.511358647808123,28.393726415513537
P13984,21.862875945256643,28.961440863019234
P13987,22.95426709214738,27.875379812213154
P13995,23.505038660595847,28.85842590803489
P14020,21.730635445384227,24.789904199189657
P14120,23.10107396602144,29.100823361492484
P14126,22.189433849197826,31.05958386513794
P14174,20.40993660149388,33.063487472027504
P14209,22.54795268753661,28.478070980704974
P14314,22.76921169880392,33.96828899203886
P14324,21.63609682620843,31.52250706961568
P14373,21.661733241711378,26.49185004267165
P14406,22.60484850739882,28.92181812097185
P14540,22.969995952089324,33.18319594730239
P14550,22.758612572807902,30.467682358379623
P14618,25.588865733786157,35.99516341602969
P14625,25.857169491977757,35.42327950357463
P14635,21.11059572865071,27.327790000400206
P14649,22.1175923999631,28.731875478832627
P14735,22.67175622392723,30.153294229863796
P14742,21.322530220811785,26.296874146735412
P14832,21.00085896058272,29.907622360248066
P14859,20.713890063098937,24.688580131234986
P14866,24.296145879944394,33.89124269050788
P14868,22.589892463616515,32.56487241194931
P14906,20.255596450572966,24.48467395803137
P14907,21.475349825941677,27.0596541246322
P14923,21.955324864731118,28.703654867443497
P14927,22.08939262515069,28.434427039487236
P15019,23.019978686234385,28.437462146382657
P15108,22.937893195837695,29.326780522794245
P15121,23.7259619362641,32.240526695867494
P15151,18.885470310672115,28.60631805870859
P15170,19.49017167281878,29.545060384811514
P15180,22.229943926633688,29.101502579859794
P15289,19.386069832763916,26.906909714340326
P15291,20.156446427892128,26.083017824283772
P15311,22.620281161864312,32.14742057923858
P15374,19.127572692936678,27.912895132658065
P15454,22.104996890623223,26.99602368934017
P15531,22.18483761570733,32.40157556287749
P15559,21.364562801691466,27.864128608777737
P15565,20.10246584070886,24.055066579519423
P15586,22.59828587212335,29.403224249757724
P15624,20.203480710286243,27.414914582182
P15625,20.009122719023534,27.16296363786117
P15646,21.40144248715478,28.553861659932696
P15703,21.42753942654261,27.317362237704675
P15705,23.787250719425497,28.26999889780782
P15848,21.59197375414727,28.157685353471404
P15873,21.91466795759806,25.977076885456928
P15880,23.523961341114806,32.408064144089714
P15882,20.979124403999133,26.89929287575951
P15884,20.87783776954718,28.599087304173814
P15891,22.023678381900073,27.241149252626276
P15923,21.39533356334268,25.85246323820801
P15924,24.397348518309474,27.19757887693987
P15927,21.52125074070025,29.576408767059217
P15954,21.531482167585494,27.29891780041487
P15992,21.94098066860219,26.54000765997681
P16035,19.907658155393257,25.960811583703865
P16070,22.706118455144196,29.299190491370034
P16083,19.438400302878634,27.49809888428733
P16120,23.142234543685312,28.700529691744613
P16140,21.050411159539927,29.635493770490775
P16152,22.246164758793665,30.47507190530047
P16220,20.05720676667806,28.20817668770658
P16278,21.06865165470985,30.07496341882188
P16298,20.389358662742573,25.02196451914388
P16333,22.29530735211544,27.53942615909566
P16383,22.996866370686234,27.45839886224396
P16387,22.676398800244595,25.49890646059152
P16401,20.680043324767567,32.568392629849626
P16403,22.754331433166183,23.649784008562495
P16435,22.33215534429166,30.098960365226624
P16455,20.750919147968183,25.998983102668326
P16474,21.64311225376712,30.358746500541514
P16521,23.27608228677181,31.98217514120126
P16550,22.20978623262045,26.2355890645764
P16603,22.002848371176423,25.88867416036338
P16615,20.37739922810888,31.28898985658962
P16861,23.46958742976362,29.991506890902603
P16862,23.53242167114475,30.07860337162913
P16870,22.771413898275707,27.44476267667075
P16930,22.471375089870296,26.084835034448073
P16949,22.35244890169269,33.28294869227601
P16989,19.668207120788317,26.58699133055018
P17076,22.220595388481936,26.470328815781617
P17096,20.68251051433752,31.0078415444159
P17152,21.216355950206253,27.00069165320852
P17174,21.354480332184753,30.839385105666327
P17252,22.55068751364416,28.289344614396555
P17255,22.80720826610769,31.58176616572897
P17301,22.57568565203209,30.32134071936303
P17480,21.840231584334475,30.954884229156004
P17544,17.887099793304056,23.825234742740978
P17612,21.043421739944467,27.597541658248442
P17655,21.5737667477052,29.99392806975774
P17677,16.5468494600231,30.922558152788582
P17706,21.14518052973179,26.373843596931618
P17709,19.837661751965012,24.65363946187117
P17812,22.265683079279402,30.421128014623193
P17844,24.551393396881046,33.737802781261685
P17858,22.2931734824343,30.165034302588538
P17900,22.106162569385535,25.886805247473383
P17931,24.025296860727828,29.928040121992503
P17967,21.613786098445814,27.675113453685334
P17980,23.11800536648655,31.36515665163525
P17987,23.922661250842296,33.14352310640292
P18031,21.90938028524694,30.278209882251787
P18065,21.281961151749876,27.780077392679956
P18074,22.730341120993145,27.051307641471233
P18077,22.144904584089588,30.89606168473529
P18085,21.77012832289728,31.165935410813287
P18124,23.216904600564156,32.96408145888845
P18206,24.65859290466807,32.86119201183011
P18239,20.95257534746732,27.795219759682134
P18583,21.403747882866927,31.592172972530452
P18615,21.436807018405606,28.639693857703477
P18621,22.602935293063844,31.95117809451457
P18669,18.98925780573362,31.76227376014575
P18754,20.928540555209597,31.356301120144348
P18827,19.991771812852,28.117481174679273
P18858,22.019961507610788,29.0698507680726
P18859,19.931065383678224,25.193764376519688
P18887,22.74100940513211,28.44711314951021
P19013,22.136595451898124,29.29091330799288
P19022,20.493942757496967,31.001763903035627
P19097,22.45822517864402,30.019264457966347
P19174,21.89747930154921,30.071519905656576
P19338,26.158738254289553,34.643412032753204
P19367,23.577971934757574,32.43060700790421
P19387,23.45368858581697,29.340370716139258
P19388,20.795183048760386,29.25555710098516
P19404,22.48698411281105,28.34932262454709
P19414,20.985396638419452,29.32433177146693
P19447,20.426658251579127,29.016892155009938
P19525,22.15237743053401,30.285782889630305
P19623,20.33632454559922,29.27625980546815
P19784,21.992380044552668,28.84267462143949
P19838,20.668999258128082,27.608914561087882
P19882,21.79576247341624,29.390959478308694
P20020,22.464061623976807,28.284632180132647
P20042,22.19233240376355,31.27884391148884
P20051,21.88412437531903,26.982089040514843
P20073,20.53530202670513,29.72698675541701
P20081,20.881163274587156,28.922098253597735
P20290,22.06898641135211,28.984103447615222
P20309,21.516432954687183,26.777633847500194
P20336,21.94309373799988,27.756908530549783
P20337,18.123130643464094,24.851059826461867
P20338,20.597598122652112,27.05636784864724
P20339,19.49026247155247,28.403931709859748
P20340,20.774729820127657,29.7436274557321
P20435,19.501477267036723,25.191477027094887
P20447,21.75588144146065,25.368269252930034
P20449,20.29239804744967,25.162043292100446
P20459,23.346484427208118,26.829965320538893
P20585,22.598517272522553,27.243894600889497
P20606,20.628961515972346,27.42290031866966
P20618,20.66986416646003,31.16666206143533
P20645,21.41003923974064,28.381670889339063
P20674,23.25506299211715,29.970751350112916
P20700,24.20543730715947,34.2352286312763
P20711,22.32903171348787,29.694908889824017
P20810,22.68007259615535,28.759623958332266
P20839,21.662610433774983,29.006678868423396
P20933,20.378384351836967,24.99590601853649
P20936,21.43983003398186,27.861168306854765
P20962,21.88881992353299,30.69521341880006
P20967,20.69130284833628,25.244653212933382
P21242,21.802742235985498,25.83777971192735
P21266,21.540917615851594,28.76584532117134
P21281,21.52504725571887,30.674599579131108
P21283,21.92666336701424,29.432543902726113
P21291,21.521980185675265,28.719928320063705
P21333,26.16908357281061,35.53721705945338
P21359,23.15358094410658,27.866574251716074
P21399,22.709142202394204,28.331961145348604
P21524,21.88188596487586,26.177039010863393
P21576,22.07229750821939,27.251192457847996
P21579,23.27839739479524,27.15596310816715
P21589,20.573208879889435,27.58617533867281
P21796,23.275474334540153,32.64186611309075
P21912,20.3267414269055,29.346377989513453
P21964,21.685151630593122,27.13882006266527
P22033,22.86670244748358,28.48925792012451
P22059,23.62804684759825,28.29787810602751
P22061,22.12990072122987,29.435373479963914
P22087,21.59972768707675,31.265647604216657
P22102,23.377493015361793,32.07393267103736
P22137,22.36545018760898,27.017140716649564
P22138,21.938632219115007,25.44594495482982
P22146,21.869615676442738,25.92090988560581
P22147,21.614470694588366,26.17439859938426
P22203,20.71823535712454,28.630939246324562
P22217,21.001556354202823,26.673079703027753
P22234,23.5955875293867,32.13382151267024
P22307,22.758852134552534,31.256869097630155
P22314,24.67195600885438,33.29322157122232
P22336,22.8279501698708,24.58060086375073
P22392,23.205677200142308,26.94176453347228
P22515,21.702973033465266,28.657539486224135
P22570,22.673714222925625,29.50783525525826
P22626,25.34414458085655,36.10750041310765
P22670,19.399730221625806,26.37918446923884
P22681,22.117210329466648,28.66328748023259
P22695,20.236221181115315,30.457477631942893
P22803,21.95776048415654,28.78284908242927
P22830,22.465964241409647,27.100505098601346
P23193,22.781508740978907,30.1306904828206
P23229,21.76062857313141,26.514840286246386
P23246,24.038034346025967,34.406008731232724
P23248,20.516047297411344,28.583990066368546
P23254,22.568887871617843,30.59474829080704
P23284,24.0244499333645,34.40103320726703
P23301,23.240192234834957,30.290653605450085
P23368,22.38030716335146,30.814273443333455
P23378,21.220081361066555,30.682600456261397
P23381,20.667971559347823,31.107808137655834
P23396,24.473583953253133,34.150955722853894
P23434,20.614317596133432,23.58458633716213
P23443,21.899874772820098,26.522746596297182
P23458,22.839636043360702,26.90569613680085
P23526,23.507304937138635,32.812450994622594
P23528,24.37517567110568,33.53968831823818
P23542,20.802816169996003,27.766945480192344
P23588,22.072494886320587,30.665380034822334
P23610,22.71214886366019,24.716155130226316
P23634,21.800920074506283,27.583428353685974
P23639,21.323172379092927,25.702167294177105
P23641,19.08858816891076,26.036265946085614
P23644,19.834538649177336,29.473446488687436
P23743,22.40266356180011,26.527558390292146
P23769,20.313146003708013,23.756183635844327
P23786,21.200946264582846,28.53796330446946
P23919,21.042069973873474,30.206592139828956
P23921,22.861770140939427,30.13953931248722
P23975,21.249693828693164,26.43848403384741
P24000,21.682121495616386,26.155527801608432
P24280,22.124580342866622,28.167060029052227
P24534,22.17030896768984,32.30267673222383
P24539,20.756100648260258,30.640956165419414
P24666,21.7209683199988,30.182292564095142
P24752,22.835812203720565,31.705477958608885
P24783,22.279465862117785,27.68860179929608
P24821,21.951925748688158,24.89845091425413
P24844,20.709126545343914,26.83564743283542
P24928,23.804002169999553,31.07695653234446
P25087,20.616227286447828,26.867939421581465
P25098,21.94740344018474,27.993669171426333
P25205,23.63679349723139,31.792692857241704
P25293,20.947139872968165,26.183816931402877
P25294,21.886793026528306,26.87011311264944
P25297,17.62983260783991,25.265086309844445
P25325,20.986338780087927,29.255340362255108
P25343,21.835829250012903,24.32635149874642
P25398,21.16719490770353,31.215113682243047
P25440,20.977070074635517,28.30029977634444
P25443,20.252116880339692,28.47602089462508
P25491,23.530038764346763,28.94368361187651
P25567,22.388255575114176,24.543519514723215
P25605,20.21048020300889,25.687869080223155
P25685,22.685007721984903,29.796823874401202
P25686,21.81142448253053,25.252533492595894
P25694,22.115758377447815,29.134736533625176
P25705,24.827064490886073,33.82966684476887
P25786,22.877928858777015,31.764774126629778
P25787,23.10647745073254,30.28226893565081
P25788,21.851008958938397,31.586599134739487
P25789,23.15414041362211,30.695023818277456
P26006,22.647392881383947,27.828991649919576
P26038,20.15133512862957,31.933135671487086
P26196,22.54566252942423,30.90570842289068
P26321,22.796580750291383,30.393784475707967
P26358,20.544914279414023,29.876136399452555
P26368,20.687695415673566,31.43501450082444
P26373,23.96749249371088,32.890339018295094
P26378,20.58758143552967,29.450814587043062
P26440,22.813370048036518,27.458581667359528
P26583,21.561162459041196,33.137917045039785
P26599,21.46272335389338,33.332660544130114
P26637,22.479079807547976,29.507079559010666
P26639,23.185917513739142,31.592452838679236
P26640,20.98030248634782,32.343950213078244
P26641,24.25851148864506,33.31443765310928
P26783,21.359672124076358,30.576304877797924
P26784,21.829420005492103,28.157972450141674
P26785,22.55892466646519,29.12220255924439
P26885,22.726446946290896,29.530323941542097
P26992,19.534280012656332,28.477291489837683
P27144,21.615153970114473,28.92597283776459
P27348,22.35446701270903,32.451845465594225
P27361,21.56105830101404,31.298663196974378
P27448,20.384281365836394,27.712182898700203
P27449,19.44432292885364,26.964979657967692
P27476,22.26381875531894,27.731139937828836
P27614,21.077537814525154,25.259114662958943
P27616,21.52399706120508,27.126237137151197
P27635,21.378245826606943,30.778212063498774
P27694,22.941405700889202,31.113386521393554
P27695,22.55704171950997,31.012933663113213
P27707,21.827611805198952,28.286866175791445
P27708,22.95700052133834,32.12433531108061
P27797,24.983621015054293,34.33230706363906
P27816,23.81459080841529,32.75099690460797
P27824,24.75634664822122,33.96878056727348
P28062,20.911535997555905,27.799340752152368
P28066,22.621562377045898,31.438742419514586
P28070,20.989797896160425,30.38452942971173
P28072,19.898772227833,30.20099703545518
P28074,22.500133508384618,31.371039274941147
P28161,21.651079950880767,25.25554826779708
P28272,22.29657784891422,28.179188810603158
P28274,22.233454317172452,28.287710245200145
P28288,23.24697896224219,30.28020887756489
P28289,19.498577089795138,30.80396720033203
P28290,21.19747727626268,25.19653807075387
P28331,21.493276069848985,29.874818743358986
P28340,21.65547290353532,28.23122429374817
P28347,20.15149355244754,27.023710694617165
P28370,21.670657852120065,30.872737669988783
P28482,22.77628922760326,30.339171198112005
P28676,21.08341486677718,27.2606497925259
P28702,18.668863615535017,25.852203524878522
P28777,22.205912572301568,25.861524842412692
P28834,22.360412748844944,27.461830957109054
P28838,23.128347472735353,31.04411081000679
P29083,22.620312058163623,27.25298498581756
P29084,21.37298829077685,27.07336278551727
P29144,21.784314616727446,31.211034106276536
P29218,22.39478746763627,29.725548709788065
P29311,18.07884128658675,26.97489600506638
P29317,20.867403314251725,27.86675898386634
P29353,20.10243632512295,26.999326238836712
P29401,24.139084055839902,32.93912705848487
P29453,21.26840017723859,28.0453419847536
P29509,22.890908444715993,27.27798330462887
P29547,21.00467412429697,28.03562063747981
P29590,22.681668667801517,27.00758876929728
P29692,21.68003482700175,32.9358469979016
P29762,22.358573125624,31.16035492194162
P29952,20.5874568494557,28.014243064322656
P29966,21.180847745696642,32.980600442925706
P30038,21.084140551545136,26.22742837947625
P30040,22.350235976947,32.66093352948801
P30041,22.88088057571793,33.084070711727996
P30043,21.204066565686748,28.5823916794265
P30044,22.413017742791908,32.367688638037826
P30046,19.16661390344888,25.06028096217448
P30048,22.476671822671676,31.36465563049129
P30049,22.833795510961547,30.28081969024365
P30050,21.10208856116065,31.292429028219196
P30084,21.874015969506143,29.897062263244933
P30085,17.990298504737673,30.17550603043431
P30086,22.1128920575172,32.45078168388795
P30101,25.541319445683513,35.03967728693497
P30153,22.876161424916305,32.51682435221476
P30154,21.99042891539784,28.480916184248482
P30260,22.749872137351293,31.05385601710884
P30405,22.828846554417844,28.60783974813492
P30414,19.884716206002583,27.25518290127249
P30419,21.90889595155415,29.565237643195395
P30519,21.11844636585054,28.994758197918763
P30520,21.107074069787956,29.302506126606932
P30533,23.43522751387925,29.07293476826974
P30566,21.121735153225835,28.821906770312857
P30622,22.16720404538412,29.010611440265627
P30624,21.836386976987704,26.318811572544583
P30626,18.608280409502377,31.49173876286517
P30740,22.68084262443985,27.935013736762063
P30793,20.789506453599124,28.01976388401253
P30822,24.582099877598345,24.469482327292628
P30837,21.427411427384477,27.85396835068033
P30876,22.78432086931488,30.995930471094315
P31040,22.217054260286048,30.259273697905147
P31116,21.757825411614085,28.378834276698957
P31146,21.474419463736254,27.998079713869597
P31150,21.392135718297425,32.06685188925229
P31151,21.806968455058524,25.20298571520294
P31153,21.998498326668138,30.755012999994015
P31321,20.468014283879366,23.51282533203522
P31323,21.402814204243438,28.168113755107328
P31350,20.50755103070925,29.855281704363456
P31373,20.87859220555997,28.63313826029423
P31383,21.243064415267714,23.700661793914577
P31412,20.686725879847586,25.896412750723318
P31483,21.19306682359652,28.203709463072222
P31539,21.722605537423217,29.929550273826834
P31689,21.16759357302095,31.64127605458439
P31749,21.098310496304904,26.512289474717843
P31930,20.385701992572706,30.054542180310666
P31937,18.854212736666174,29.351348232843517
P31939,23.016193642832455,32.25751279743246
P31942,22.826144386884028,32.6098566921783
P31943,19.38516000088236,31.982182872117452
P31946,21.134440180419517,31.93880461028043
P31947,22.11965992198903,30.46581411363851
P31948,21.36888432517128,33.51672104702838
P31949,19.892104887720993,29.819995377725338
P32004,22.072059497064025,29.72958774332159
P32119,22.914012370526123,32.811133209869936
P32189,19.83312664936469,23.74854839104771
P32263,21.73736089529637,27.378564911245167
P32288,21.92783478520998,27.83230681921248
P32321,21.057721351806528,26.836638083259885
P32322,22.332200409633142,30.81133877437526
P32324,24.811181602071347,32.81083615095981
P32366,21.743499210093088,25.83761855718112
P32449,22.72098361475457,26.940102772418665
P32456,21.471222864322172,25.89319175900087
P32457,21.762985399828786,24.82322194117526
P32469,21.082891310555233,26.19947155069923
P32471,22.620140305687737,29.526450297708248
P32481,22.976476431438176,27.53061245865689
P32495,21.782426942090254,26.240061740183855
P32497,22.558410687122038,27.00061083183385
P32527,19.99978674437619,28.135805401437125
P32558,21.765654971651728,26.710668078380017
P32563,19.51030261018078,29.085388101074482
P32565,21.720023609215353,24.03669830334524
P32582,21.791128094982078,29.365829791138477
P32589,22.98584425671153,31.417852048344606
P32598,21.12355557200438,29.212656900339553
P32599,21.864010072119168,27.22959886771193
P32614,22.99631706601575,25.70081688368225
P32628,18.425766060455572,28.12072871457635
P32780,22.27946732788376,26.186574549011187
P32803,18.710590043742283,25.520939531618655
P32861,21.878904026590053,26.917294471202535
P32895,22.492697538135243,25.949478329418994
P32911,19.86820711507853,27.311889326789746
P32969,21.7600345530438,30.900994065238475
P33121,22.794630367444096,28.545956257296098
P33176,21.570723551218055,31.975724975348808
P33201,22.85114724852269,25.519190325480043
P33240,22.69681480082507,29.202822544850658
P33297,22.424314890757632,25.55689934334953
P33302,19.420859832547904,27.49533508739106
P33316,21.183604238629194,31.039427673947866
P33330,19.62015467255462,26.751515255959557
P33331,19.908217801823298,24.346106348591505
P33399,21.604516044045795,24.97009862066665
P33442,20.63110738599431,28.211769854918444
P33527,23.454025937107044,28.340720311736916
P33981,22.586726512128187,27.846328906960434
P33991,21.270608885891374,31.39617812173478
P33992,20.917168071510087,32.04093967848344
P33993,23.70797616516473,31.856022498526034
P34167,21.999503134904426,27.366995971181822
P34741,19.98550270030275,24.5908892933555
P34760,21.89864964575419,30.723082847490982
P34897,23.134231243628463,32.602696518202194
P34932,24.450252407767675,32.90075848588896
P34949,20.42558203807827,27.391886007412936
P35080,20.24011430845381,30.861822068975332
P35176,21.757604086973856,26.201321817505303
P35221,23.119131246867347,31.552712156127896
P35222,23.481461319181157,30.84944026754285
P35226,21.32464865276109,24.656500350520698
P35232,23.604183900097773,33.34182855562135
P35237,19.595521452685293,30.287891171390797
P35241,20.71767778999003,30.150878531591935
P35244,21.570664369692263,29.40323452783567
P35249,22.694023141068314,31.329323116985996
P35250,19.961374800182455,29.950409239345728
P35251,21.622290695409514,28.348102897445433
P35268,20.026508323139407,31.21456132908604
P35269,19.960727246213875,29.22058274043495
P35270,21.3611930076728,27.075662223280467
P35520,22.991218074618484,30.79692134674317
P35527,22.417262784663272,30.831506816017903
P35573,23.425239490145085,29.862118216315473
P35579,26.181991053776617,34.75250974900666
P35580,23.749882591919636,33.52349684740932
P35606,22.783038956119384,31.214724314860007
P35610,21.917426682143574,27.202667388942583
P35611,21.44011764308731,30.98446599092758
P35612,20.845514407085023,29.542538239096377
P35613,21.162111974528287,29.89641772661227
P35637,20.30164484978597,32.17196055006002
P35658,23.40728306288038,31.7665343823001
P35659,17.86409063591957,31.95456119586565
P35691,21.379350637798762,29.879881552770787
P35813,22.560003666545548,31.095158991993348
P35844,22.281641929080248,26.10488090004287
P35908,22.585049986646474,30.390129633061182
P35914,21.603142624938396,26.799534217048034
P35997,23.235414843240818,30.353404967304726
P35998,23.117392901362372,32.02759333092799
P36008,22.88461117777339,30.194996326290447
P36010,19.802884844564083,26.167334834650475
P36404,20.698060589542244,28.244938319758734
P36405,22.559432255902536,29.65531370371564
P36421,21.37628614537452,26.928489902930053
P36507,23.189016628359838,28.40116514588531
P36542,22.83823721019276,30.94869808994476
P36543,22.27805426783739,29.724220442549992
P36551,21.90139199676213,29.479551827765864
P36578,24.15070646484939,33.903261169766054
P36639,21.78981497603397,28.20962683032262
P36776,22.97671529109137,31.514672366284152
P36871,21.951286341063334,31.25573770814975
P36873,21.855069213041293,29.007947635340265
P36915,19.25265589375501,28.930418670171576
P36957,23.120122014382737,31.040097933884063
P36969,21.36206985897213,28.61657289655059
P37108,21.784903149734774,30.79618820930804
P37198,21.21694859853602,30.07288937870819
P37235,20.638390580000106,30.051806481362306
P37268,21.268184960852636,28.77170873488901
P37291,21.39572206650069,29.86200932613364
P37292,22.709868620601075,27.490947569281925
P37302,22.347955921396828,27.357290887473386
P37303,20.537116590477414,29.901958896418257
P37802,22.714422755830235,33.44683108763342
P37837,23.59014089540964,31.73473984699024
P37840,21.083190986537616,28.12774933381139
P38009,23.05959839239117,28.649537718416305
P38011,21.769823657418144,31.01897240976415
P38013,20.606985551667524,30.336830411050283
P38061,23.300186361036296,29.89025791230745
P38088,20.698176731439922,29.70450838505013
P38115,20.337349674525917,26.382870752980253
P38117,21.753660670037185,30.262616500402896
P38143,20.960605900382113,25.735373075494866
P38159,19.695705451670175,31.05646144935972
P38174,21.46935586661287,23.52963982896045
P38203,19.662132899851446,28.149608075554745
P38205,22.933307339588758,25.926798606699972
P38219,21.911991258498375,29.222558923318108
P38248,21.065285601122557,27.865408683441473
P38249,22.05462502653155,27.936883628612176
P38264,22.001569851325556,27.648651082959255
P38431,20.956471280012448,29.799980462190135
P38435,21.333493056481604,25.172522861177562
P38555,19.798454670517682,23.57787324283476
P38571,21.48108652595407,25.444652426419903
P38606,22.78150166153407,31.477625005539238
P38625,19.984397313854856,29.495215434385244
P38646,24.27153668510297,33.46577466525357
P38682,21.4263587506557,26.71431026647978
P38689,20.935331596119454,26.003703072829676
P38701,19.760478546075603,30.083133708116243
P38707,21.03345032056402,28.705600805688277
P38708,20.677862837100193,28.44493983095447
P38720,21.476609911699402,29.423109285506847
P38764,21.718840927818423,27.09744936543863
P38788,23.970782850010306,30.046995685741418
P38791,22.309659283768124,26.9035267264057
P38817,19.750024836180195,25.399890532740187
P38840,20.38785232023919,25.796954788411767
P38879,22.388937192365727,29.321341898032752
P38891,21.408890705358427,27.1929160549646
P38910,22.329778554419278,27.65342542530949
P38911,21.47196817852531,26.603615082651146
P38919,23.152265656855935,32.536255944183054
P38934,22.455172602370318,27.22175796418039
P38968,22.22464661919992,26.528167167691343
P38972,22.786463893532687,29.056370180439828
P38993,21.258598072535065,23.52923039380018
P39015,21.774139451296072,29.09244048775383
P39019,23.786584047278915,32.80143195290543
P39023,23.786453345493317,32.40372137101115
P39076,20.869758771972222,25.812072928216697
P39077,22.745176678481172,28.690603142833925
P39111,19.822007653218527,25.775284926238193
P39522,19.233297822747986,29.239423249680293
P39656,23.207449394965483,31.28757782662306
P39676,21.591279837287114,28.03201887497034
P39683,21.838334277912097,25.284723589736604
P39687,22.626368605282238,30.963488614485733
P39748,23.92334264667306,31.943964480328056
P39880,22.296623363196414,28.775384642282802
P39935,20.763064011331128,26.135976487800356
P39954,23.075661359295953,29.0599828732297
P39976,21.903986132066574,27.15624516058284
P39986,22.403625663791242,26.060634848943234
P39990,18.71378361084615,26.850224084565042
P40024,21.192447605844325,28.35855657083672
P40037,20.7994519632569,25.567058939351483
P40047,20.148830285605314,27.727495538725606
P40069,20.767820877013698,29.345709238930066
P40075,23.495517921245973,26.426669815128804
P40093,21.03934007650108,25.32844311935782
P40121,20.65640072933726,28.2151675099637
P40123,23.328448685416216,28.939256780780063
P40150,19.61996878236137,28.402979534850836
P40185,20.19661693470724,29.028588720829497
P40212,21.70599364039077,30.401820813982916
P40217,22.897935955379193,27.324308994112563
P40222,21.521681139133158,30.390904216540815
P40227,22.524431091060897,32.93771325779223
P40261,21.294370046885955,29.312616387434595
P40327,20.00335233482066,24.845353469705003
P40413,21.798315482129205,27.48280289055656
P40422,21.95222865487919,24.01757938169033
P40429,21.005331775408152,27.850316245612877
P40531,22.026995144087078,27.311749255684305
P40616,19.526406126468235,27.25165566649296
P40692,23.416542553163918,27.80944089127463
P40763,22.210830021472326,29.72563712543968
P40818,20.999220266212696,28.64068921779704
P40825,22.57722972156281,29.555763495465136
P40855,20.934964923815496,28.236652030021414
P40893,20.34670403060504,25.05716297812416
P40925,22.78719377356097,32.16324385319635
P40926,24.628842276976478,33.65539821896898
P40937,22.192928236037357,29.707625147868143
P40938,20.70999665090852,30.54998911672686
P40939,21.17966423811482,32.08815386915286
P41056,20.18641881117609,26.082433258516993
P41058,22.17728954129601,25.23359241560913
P41091,23.976657026169374,29.23000174419417
P41162,20.070182148482807,23.617055963573513
P41208,20.10302930249646,25.596512597399634
P41214,22.888093416820453,26.492218304092525
P41217,19.626483819886534,25.952203298311908
P41223,22.80110678936335,26.254925443384504
P41227,21.700052475221927,29.54936252059101
P41236,18.6091887662457,26.405421019891424
P41240,21.79783977720046,28.701258225816527
P41250,21.428398248223658,31.933466453845735
P41252,23.70861442618665,32.02602462968501
P41277,19.971751816202154,30.261004161429568
P41338,22.654723617889683,28.442388851223047
P41743,20.961119019489388,26.19764308788445
P41805,21.448665270909885,29.48573113874542
P41920,21.01268198274828,27.044835189272565
P41921,21.49462177921647,26.089372556684097
P41940,21.944694739667142,29.81362268572931
P42126,19.950903056070807,29.1036119648828
P42166,20.930689662458146,30.22095607262181
P42167,21.170499499089328,31.428391536696797
P42224,21.96295632642584,30.391569302328723
P42285,22.635025533574037,30.841354140453053
P42345,22.293290869306635,28.803521618164456
P42566,19.46357809822664,28.36552298872664
P42574,22.558727773945964,29.837301590526312
P42684,21.988270132928587,25.412279465487202
P42694,22.504089713618956,26.540091801252263
P42695,22.43343656877625,27.073785674379486
P42696,21.350291739957942,27.220635206326254
P42704,25.319172578003133,33.61462000830665
P42765,22.153044172059747,31.474129577600973
P42766,21.164080352628577,31.090064973131803
P42771,21.110486039791184,28.386610491227135
P42773,22.353461116051186,26.32236883011721
P42785,22.669600287009096,28.725699838057313
P42858,22.109058842083655,28.650490490873423
P42943,22.22129484733895,26.339015745983108
P43034,19.78941422374786,31.22464233068709
P43121,21.22102145965343,25.384130146956036
P43155,21.11558310550219,26.396402409978567
P43243,24.244852805841266,34.029510909511586
P43246,23.54704680027594,31.54382332337053
P43304,22.20350299908215,29.141137790277334
P43307,21.362264803171637,29.57807746130656
P43378,20.73302892854211,25.54850676604302
P43487,22.984893526298883,31.784720410014675
P43490,21.630046775568573,31.109489255990464
P43588,20.65846705979156,25.055296292889853
P43616,21.68180509000329,26.789703033616078
P43621,17.118102113354897,23.066982603409524
P43686,20.29661909382835,31.521162507916213
P43694,19.623882180242234,25.301259676888165
P43897,19.33771594159632,28.82860246119286
P45877,21.704296693008033,28.003452264341522
P45880,22.452372010435248,32.52454440706363
P45954,21.11191809066877,27.299300378853065
P45973,19.846497392188166,32.08690590150922
P45974,22.846861676257266,31.708673802829374
P45985,22.291479217175443,27.566656683185855
P46013,24.133352408811483,32.12187378948966
P46060,21.870599621532104,31.430605497783546
P46063,22.562749419285133,31.22273698927496
P46087,21.29889440372941,30.84951684508757
P46100,22.567925597113156,29.96443066045904
P46108,20.322233818684932,29.90298716453821
P46109,21.89117013551953,30.540946539008026
P46199,22.203927976571936,26.106089957963658
P46367,22.19866690842241,27.068076099306413
P46379,20.538477929595764,31.295534915379648
P46459,22.55215763691325,31.39258923611577
P46655,22.260283785108143,29.589004196751105
P46669,21.176924144352505,24.348962116073093
P46672,21.345987728668852,28.6958423054295
P46734,21.31715563536361,25.245511832946
P46736,21.654578423986454,27.320107380602
P46776,21.947668204992834,31.689026959518745
P46777,24.359610459622296,32.99375438474076
P46778,22.403418333066863,31.695930341335938
P46779,20.794205193815184,29.940285263757534
P46781,23.804673780973147,32.658313625576945
P46782,18.773129695508498,28.353432040263236
P46783,20.962705576975907,28.294218962287804
P46821,25.912062233924363,34.12204072094781
P46926,22.578020333090336,29.548014504289043
P46937,23.438371972557,27.58393666929412
P46939,22.79791852700994,26.4413367063118
P46940,23.707667743101922,32.668358780531875
P46969,20.31207446917464,23.4654941629089
P46976,22.82207098911577,29.53360225235596
P46977,21.966705086193016,30.027601875445548
P46990,21.901826220549697,26.68199822331471
P47047,20.765562533132147,25.775323160120507
P47075,21.46629390006521,27.355996962842607
P47079,23.22504003129287,26.711176866059294
P47120,21.29105563744471,27.440637631044343
P47143,22.34970356084388,28.313757594241576
P47176,22.08885408171362,24.24802492201548
P47224,21.029723628158678,25.637369868015558
P47755,21.21808526552225,29.10049503730401
P47756,21.52549159542484,31.74351648835659
P47895,21.13552430413958,26.182522947377976
P47897,23.73876327810777,31.96128060076103
P47914,22.42796787472832,30.988981166314222
P48047,21.90898420310656,31.503084039823364
P48059,22.968260317447793,26.57382966282705
P48147,23.566774003262072,30.90675959199205
P48163,21.813453759480623,28.920414331272422
P48164,23.72819520015729,27.462672073953748
P48382,21.655174567203392,25.797494170486967
P48426,19.43192931809239,26.068209578594708
P48444,18.808785259766886,31.537506832829507
P48449,22.8599096793331,31.57338834619327
P48506,22.472764190894956,27.767685867880118
P48507,21.724317393245023,27.976120775472495
P48509,20.226198969126255,26.05887832391573
P48556,22.00297490696945,30.609158688324733
P48589,21.375972850588187,30.762396248968436
P48634,19.013517807426915,29.858021939885283
P48637,23.16605453554957,29.53983656654182
P48643,23.804918780204087,33.269015590625145
P48681,25.32507834237722,34.205218396929986
P48723,19.977020235573526,28.338249729564698
P48728,22.70192667597583,24.628054383040915
P48729,21.16688537265703,27.784901106881033
P48730,19.067515388491792,26.834216641167732
P48735,22.392788366212308,32.16889359714512
P48739,22.822157396151578,30.50239203269679
P48836,23.36194071811934,27.1137664172789
P49006,22.04289743689459,29.089724088022606
P49023,22.77586378763157,27.54189892778681
P49069,21.10385645741155,26.239863449085178
P49089,21.638909640319618,26.086322896613385
P49090,21.573535606242416,27.54709370781946
P49116,21.218953757032004,26.847813412548657
P49137,20.910563641987164,24.944393017596454
P49167,20.35692608935651,28.769216638601893
P49189,20.542914987918635,30.246110499546024
P49207,22.461083230130964,24.562205189010957
P49257,21.905660529607953,32.08006628897637
P49321,24.297336831665056,33.062605537539
P49327,25.181444216566334,34.33639524715722
P49356,20.085568996720372,25.908856902140982
P49366,21.725143069639977,28.535259838512886
P49368,23.69726506322826,33.50147208271568
P49406,21.780638541807146,27.77909534236958
P49411,23.820695536159537,33.081376939002375
P49419,22.20907577472356,31.329001978353954
P49427,21.310372931119293,25.690755446786742
P49435,22.14859851269949,26.011294068057644
P49447,21.221915067856276,28.55958407839198
P49454,22.770770795313204,30.58475036994819
P49458,20.518828260060864,31.333386423570467
P49459,22.229786045474455,27.34158618078129
P49585,19.67925815726725,26.934150262662452
P49588,23.843923018251484,31.958036477598405
P49589,22.064870365019377,30.635783015127778
P49590,22.79398488732067,27.555909338876557
P49591,23.266364819597175,30.798533495093995
P49593,21.625891572157173,28.97116288980782
P49642,23.176998621751373,33.810137302520275
P49643,20.63029099705508,26.899713017180034
P49674,18.702928064128567,24.203679624084995
P49711,22.917422517612263,26.213323558859795
P49720,21.371754915633122,30.452616812855933
P49721,21.939270344312423,30.79681067548636
P49723,21.804470893887263,28.871812724017264
P49736,22.986372724935475,31.72936796245818
P49748,22.18705860017018,31.384595723039922
P49750,23.27081944365894,31.4195645027893
P49754,20.245977164417685,26.13884126085327
P49755,20.90798611458752,31.030548970261098
P49756,23.738799678098008,31.136711401507185
P49757,22.297866834613394,28.785967980993124
P49768,19.53533388305106,24.167293223703894
P49770,21.682489143220952,28.71276547315777
P49773,22.729469343878275,31.3615334083107
P49789,19.566486232862946,25.449768699932893
P49790,21.90281114881934,31.15460243204939
P49792,24.405959615397187,31.89140033558246
P49815,21.35394378171403,27.34445343493938
P49821,21.499670869813546,28.502984881814037
P49840,18.9803866901472,27.909745623882817
P49902,21.367803119777566,28.697019995049093
P49903,21.159936645212877,28.821165149366212
P49915,23.19226422207144,31.61024595535232
P49916,22.927846989006568,29.931289230227456
P49959,22.892951415278354,29.6998684622164
P50094,21.35984163366546,26.56976774910531
P50095,19.99362378450387,27.050012641562446
P50148,20.66051914614263,28.487379871679032
P50213,21.119801658307924,29.78125265350983
P50336,21.786726379599717,26.683298544617525
P50395,21.716398889573327,32.30723656593868
P50402,22.217077760654973,30.08545643553271
P50416,21.48230136553728,29.733347159562932
P50440,20.342991550177747,24.467627574707798
P50454,24.102422634321798,33.57356944280047
P50479,20.4638026212373,29.270455596673617
P50542,21.41056668063808,27.46418331641555
P50548,20.41644977752959,26.49182122428886
P50552,23.16091871617083,28.512302998956546
P50570,21.729379751603293,29.931927439308666
P50579,23.055345676344544,26.664523013304244
P50613,21.193733688126866,27.58746913103984
P50748,22.88443454512478,28.42252764015408
P50750,21.894934216892175,28.231997579367345
P50851,20.937966870453252,26.880330752324447
P50861,22.385504125627346,26.923333299013148
P50897,17.291900242118267,29.845523990951705
P50914,22.384730263105578,30.44143405253957
P50990,25.37914290634144,34.3763038109303
P50991,22.81361426942359,33.22794254434671
P50995,22.400024209947546,29.34953482795536
P51003,22.9187311849813,28.354981799120683
P51114,21.992599148288242,31.349504888255645
P51116,21.94081414372752,29.723885344221518
P51148,19.429899847283128,29.9280508963823
P51149,21.399497286688923,31.868733408594604
P51153,21.501422085528315,28.333305713180827
P51159,21.153641166954802,26.305878054656187
P51397,20.7589895682769,27.019018246118048
P51398,20.43119276796481,29.107187340130807
P51452,21.772991134084318,28.53169755269785
P51532,23.803031678644157,31.3654852737452
P51553,19.126754251489732,27.25164829464795
P51570,20.722677997693864,28.83516192330902
P51571,20.552627936054375,30.24983766289529
P51572,22.28028259136896,31.982004283511525
P51580,22.17916275244172,26.267358155831232
P51608,21.827062159750668,26.537518481035445
P51610,22.745701832914882,31.738132149031383
P51648,21.06595835551192,28.50012814308569
P51659,23.05063894730557,32.408687759637
P51665,22.08512955390399,30.795777410835797
P51688,21.581315443565796,28.004762280238285
P51784,21.567046889940134,28.525585632501116
P51790,19.914183512084673,24.89588363112291
P51805,22.331874324010105,23.444228828437065
P51809,19.754797059882385,27.94033242394176
P51812,20.74692667384437,28.871256174036866
P51858,22.493913650177763,32.945465973947414
P51970,22.76343917680926,29.25053129633807
P51991,22.39528935958278,33.32172811925935
P52209,24.129489002155584,32.25148190588334
P52272,25.732443326848692,35.04745466121314
P52292,23.35291606340302,32.03152522490012
P52294,20.46799516898482,27.498433276761425
P52298,20.89010338548632,28.152212566072233
P52306,22.434165935689443,29.91774021861243
P52434,19.950294084398607,28.19416497676362
P52564,21.200322567670632,28.413139086368954
P52565,23.9766009761399,32.61343636356269
P52594,21.8306853525778,28.199240548848586
P52597,21.858736911483543,31.4910415594825
P52655,22.620162715906282,27.266137937511047
P52657,22.08823538039618,26.108664438135328
P52701,23.07195860320974,31.701875408394038
P52732,22.847176978384926,29.826468615366796
P52735,23.197884377903165,27.06351394818721
P52756,21.92940967123461,27.759908136758888
P52758,21.124786341464674,25.79988989233866
P52788,22.44172806820402,29.716577467141608
P52789,21.221845233133806,30.669915968714374
P52799,18.81756569785138,25.165742742425206
P52815,22.206391474492477,31.08256160569242
P52888,22.420111165594435,29.45547469381969
P52907,20.474857330745806,31.507583766344116
P52910,21.64874349290154,27.731402587537048
P52926,20.153587563563615,24.16583766971367
P52943,21.273092891602612,30.94311341347944
P52948,22.8729550537698,31.23479857243642
P53004,21.726819687550947,30.930040629163752
P53007,20.322747823218528,28.866781255935383
P53041,21.762040076083384,29.79809650202547
P53090,21.497798867856726,28.006071379634367
P53184,20.666107564640615,25.07669422714027
P53221,19.261272371357485,27.72561008482878
P53235,21.285174018760436,26.76089558462757
P53252,20.863559853162595,27.880383586397222
P53299,19.13100478174656,23.634765512088027
P53350,22.204560050339825,27.66005331222768
P53365,22.147960208092655,28.406116944393148
P53367,21.75949394840157,28.813857738583494
P53384,19.39837954454185,26.683459119372852
P53396,23.30273814830898,33.017692783708405
P53582,23.84417450234493,29.120459310280612
P53597,22.36430243324275,29.3240433930202
P53600,18.749814493536338,24.30477925314825
P53611,21.838646382344393,27.116777768063407
P53618,23.302489269778512,31.834142175088644
P53621,23.82599977714688,32.77212655640365
P53634,22.05219658029147,29.562852113728606
P53680,20.687918048977934,29.03680615772783
P53691,21.46061462935733,26.364453698566415
P53701,19.47935818259679,28.312129220358333
P53803,22.062753847671733,26.00899646147112
P53834,21.728644250451175,24.11327609824125
P53852,22.55691377775761,27.46279785312833
P53860,21.661323403221395,24.68696935800683
P53883,20.849890720367704,24.521507498030648
P53903,19.363265200605188,24.390317968087217
P53985,20.222129027980547,29.172607545645867
P53990,22.568621022340224,29.08598058111144
P53992,23.02789485721455,30.320033959686526
P53999,21.27050801497639,31.561654033391534
P54105,20.074527779934932,29.679888703401666
P54115,23.853631150206162,31.129617404652144
P54132,22.704937765992945,26.4749626767118
P54136,23.767571216528694,31.95558641483688
P54198,20.338842817794013,25.70780411367521
P54219,21.658724654777142,25.5511647670016
P54252,20.20798998726598,23.500876121531284
P54259,20.89609891647561,25.879060844571246
P54277,22.60129469928078,25.389810825836722
P54278,21.781894203631143,27.825219102254884
P54289,21.905594427935974,29.92887613133724
P54577,23.64410566751918,32.21607471707793
P54578,22.970067291044575,31.162994666777955
P54619,22.132842803223944,28.732734673903703
P54652,20.11662522307905,28.84210009886874
P54687,22.572948838907127,30.070262768045147
P54709,21.73932255160357,29.854350149432086
P54725,21.74770540248338,29.16345882589168
P54727,20.655305463644094,31.26566653114999
P54783,21.306102418898053,25.39889109757113
P54819,22.641981632654257,31.430479769818692
P54839,22.098188344375114,27.786683043687376
P54885,23.14862632484313,26.877756282363627
P54886,23.68554832731467,32.00524489572202
P54920,21.647031539139583,30.302702134537792
P55010,22.780921977439764,30.22386497042422
P55011,21.81644278306609,28.150266519721654
P55036,20.95453394395475,30.382376110986357
P55039,22.05225822703454,28.540276877449685
P55060,23.44702102001882,33.04630299799125
P55072,24.413576814489733,33.67615645242768
P55081,20.25497925572625,28.713881372892704
P55084,23.62959441176388,31.91876334539754
P55145,22.893590251510165,30.95712421602123
P55196,21.139866333151346,29.166332127814215
P55201,20.15713016520644,24.721382389940004
P55209,21.345284567925546,31.102329892574986
P55263,22.626939375066613,29.43718181438959
P55265,24.11951758408981,32.732648913916236
P55287,21.582381062150613,27.526621392460562
P55327,21.072417556235944,29.716408355344157
P55347,21.75503247177615,24.13603777685875
P55735,18.892304652782464,28.54262714255917
P55769,19.437896888755393,31.32396262779702
P55786,23.405069887256477,31.617527299922966
P55795,21.176997016035536,29.37647890272825
P55809,23.199094668304166,29.08239425187466
P55884,22.814951086403806,32.09864411855735
P55957,19.334149036827373,27.741030866174846
P56134,18.413731103581966,26.849250925237126
P56182,20.824504178698113,28.939461196729717
P56192,21.97340053915984,31.464179382465463
P56199,20.587534331021505,30.34819161939707
P56377,20.82649009717703,27.178715580862036
P56378,22.08490745182925,28.592025325806034
P56381,22.278650740739614,28.291520129635334
P56385,20.538237222520152,29.7554271201954
P56537,21.914011599843317,31.046017229152117
P56545,21.095867004815332,29.89327758505381
P56556,21.58576495331771,27.173496856812434
P56628,19.478287462042726,23.06415587264821
P56730,21.33903973219031,30.190212163381688
P56945,22.045698247971625,25.591288329076924
P56962,20.18451156572295,25.47088555127225
P57076,20.98143017815746,26.462213080912303
P57081,19.88656242769036,25.65715856072425
P57088,20.273222741457282,30.42055838212512
P57105,21.88644273425919,28.292616919621334
P57678,19.08569404499987,28.317947295242224
P57721,19.025637598314994,27.155981292573117
P57723,19.292664844071556,22.83649850324767
P57737,23.590819811413848,26.891018362604697
P57740,23.568683108175136,30.890895061646532
P57764,20.54797455254683,25.517805967100863
P57772,22.78747377356048,28.397199309507176
P58546,20.05021630130782,30.649565113117088
P59768,18.418292024675598,27.374528928603485
P59998,18.431028361135414,30.945560119234525
P60010,21.458532376261758,30.058577065496088
P60033,21.068798480211356,25.700859953025464
P60174,24.591407639522153,34.15940715049443
P60228,23.0270882805743,31.46949636020106
P60468,19.697630020127566,30.50081386943119
P60520,20.820002824690878,28.539599523093774
P60660,19.55603947169788,32.23030241243458
P60709,25.06956688554978,36.26743576098449
P60842,22.712150287063746,33.50376606842919
P60866,21.500426239154468,31.959200458185123
P60880,20.50806585409242,28.148294205007982
P60891,20.65915947086027,27.44194298624975
P60900,22.18892820507842,31.03844857804074
P60903,22.282505247681097,29.48708232390019
P60953,19.77302378643218,29.141386896188322
P60981,22.27991826410081,30.041426427652755
P60983,20.933052688211703,28.22457389852215
P61006,20.438455834893386,27.96933000256837
P61009,18.515758021967752,29.108768509193506
P61011,22.809715555335405,30.0169470531513
P61019,18.370984493071145,30.140230955253895
P61026,22.91348780434028,29.74309606613014
P61081,21.75806825925011,30.260674311408398
P61086,20.93807404535807,30.4498995985569
P61088,21.391460745432006,30.136546835552945
P61106,19.4765959529791,30.674614476318336
P61158,21.001188558043328,31.453882166962273
P61160,22.15151583408898,31.98936061291796
P61163,21.509058654294826,31.005782793416863
P61201,21.583482954841283,30.415609901575866
P61204,21.189708787894087,31.182727303666038
P61221,22.877511799399972,30.858539724245606
P61244,20.976886155481303,26.31720125949222
P61247,23.010223576325014,32.25224857357966
P61289,22.472708137257722,30.241497034883665
P61313,22.51418901909749,32.52472285861233
P61353,21.546649219529115,32.58691894777297
P61371,21.2568052544457,27.252485953546323
P61421,23.257700532262128,29.2961497537482
P61457,19.987693149948967,29.457836942920217
P61513,20.234065745348126,27.721358381853353
P61586,21.064770474509274,23.93399736382674
P61599,21.152151230094766,25.873305656624474
P61604,22.22992763396156,34.16769630482041
P61619,20.339053376525705,28.442476001750283
P61758,21.67293422009154,29.39581232816462
P61764,21.068055017662246,30.560119671770547
P61803,21.040968743961816,29.20626404917604
P61916,21.352397983613134,28.099786428361597
P61923,20.777600834475056,29.072651559902944
P61962,24.28807652924868,28.982873999084354
P61964,22.047681922618438,29.57498252447245
P61966,19.86028585645076,26.970779002835606
P61970,22.457197675388205,30.37740291745493
P61978,24.337196733084856,35.10968696823355
P61981,21.172235637005663,31.30705723022105
P62070,19.19435227714346,27.54478924046636
P62072,20.75470803246007,27.434475130866733
P62081,21.724107135488456,32.26756838499143
P62136,21.01167993902541,29.849912305280668
P62140,17.768221108765744,29.50154502885601
P62166,21.148086332503965,27.478871801533884
P62191,22.546119772803124,30.907389942012358
P62195,22.950084702907645,31.60260774977573
P62241,20.441644227764336,32.837142171242405
P62244,21.911789710203617,32.78474148268416
P62249,22.810570798614325,33.01471006092964
P62253,21.136357573476957,26.44359986339582
P62256,22.259868205457426,28.24114460555653
P62258,23.735836414117163,34.27551356156986
P62263,22.36815798641216,32.57281509726593
P62266,22.321350746026337,30.010966763414636
P62269,23.82841935994647,32.75367565464408
P62273,21.086722161197688,29.736550639685408
P62277,22.756498525834505,31.1480883969332
P62280,22.290221753580308,31.20822629534284
P62304,23.25385643364573,29.779421174897756
P62306,20.727439241564966,31.160766418293857
P62310,21.77074625368983,29.4153660884433
P62312,22.990640056934897,29.817225295606104
P62314,24.179982378040904,31.45995350870663
P62316,23.517347844401638,32.35288228499209
P62318,20.44225189414702,30.91481452212128
P62330,20.598497924864116,29.002171770364694
P62333,23.16380449582585,31.358216571346134
P62380,20.515958239051564,27.291000345346887
P62424,23.010867157169518,33.10763948157762
P62491,19.924269631362797,27.346562394923755
P62495,22.922230985458825,31.349569339769037
P62699,21.552129588453298,25.008102054510317
P62701,21.193705898042786,31.071894611688805
P62750,23.092184194966766,32.58163640625693
P62753,22.998408163220887,31.96640101557016
P62805,20.925629014998623,33.58299675469255
P62820,22.5324466517857,27.79330418696379
P62826,19.73165923572558,32.10990534143656
P62829,22.217886613287003,31.559645572731714
P62834,19.236463412138814,27.439495121861807
P62841,22.4539159130243,30.887768518106764
P62847,21.23402706728332,30.95200835881118
P62851,22.79408510774454,32.47273221060901
P62854,18.729408478224517,25.18743694280495
P62857,20.816207032009498,31.874664759016106
P62861,23.162685148083057,31.172623382249615
P62873,20.748283830108665,24.96368855570925
P62875,19.80736824645663,27.868834029145876
P62879,19.516453108583605,25.550370095972376
P62888,22.329603101667445,30.189391844199374
P62899,21.46317989300375,31.154366836111997
P62906,23.5698937469422,32.736961631907484
P62910,22.725374562437356,31.596294723318863
P62913,19.693589158655232,32.3224795936838
P62917,22.166172270694325,32.231458235665826
P62937,24.494979600032888,35.06024789106249
P62942,19.71680876896617,30.90360769019664
P62993,21.086964601673404,30.06284727862755
P62995,20.933720607638787,31.501911716011275
P63000,21.387065064741982,29.794595064568288
P63010,22.52151474403636,31.201406129369268
P63027,19.750698584861194,27.40854205287461
P63092,22.143571699397064,32.52091968434852
P63096,19.581522266364352,26.46975614568339
P63098,22.3534462545189,28.464301360920164
P63104,23.153799283715564,33.67064040353641
P63151,20.525737763895968,29.266178135866618
P63165,18.020077177462532,28.430544519320755
P63167,20.273684479210033,29.97592587053456
P63172,20.94445850769132,27.350007660553555
P63173,18.896863057882737,30.940503979731155
P63208,20.638840861008106,30.292444550620093
P63220,22.005239090157385,31.590722063908558
P63241,22.64718180646798,30.634064868939664
P63244,23.120673066095463,32.765440150579295
P63279,21.293294340077868,30.821902017768167
P67809,20.44620691514489,32.26045085829989
P67812,22.426100997862406,28.671758932489638
P67870,20.648444143574505,30.30569286361406
P67936,21.934191723590768,31.895644028803122
P68036,21.100845295444746,29.90398173205242
P68106,17.277202966228273,25.24911415375816
P68371,19.04279283378074,31.722768130232485
P68400,20.156025806657187,28.313135009278152
P68402,20.986508079457458,28.05961491875306
P78310,20.123367707966512,26.50913210385984
P78316,22.82289529808855,29.307159175079235
P78330,21.67975146949693,29.564965559367465
P78332,22.648123491256033,28.41265080755494
P78344,22.88949167808019,31.104477196537474
P78345,22.100555691649948,25.852925194553812
P78346,22.776277172403624,28.294203895602063
P78347,24.087194412810184,33.254660881364686
P78356,22.068253212947077,26.300651084443032
P78362,21.305866395348897,27.622893096588164
P78371,23.5986258156198,33.65321597530723
P78395,20.479840322711606,25.147672225013622
P78406,21.79273966993206,30.404361098675977
P78417,20.6142895841281,31.814719547220363
P78527,25.948710923205574,34.69687564816223
P78536,22.790131327096926,27.29808569478233
P78559,23.122450321986474,29.474039508703534
P78560,17.063109497841065,24.68570884249206
P80210,21.722602481902825,27.801218938683313
P80303,20.85814276451333,30.22648013476319
P80370,21.18571310792981,27.220546176209343
P80404,20.6292371338644,28.678725730690307
P80723,22.593504443900436,28.92609409595315
P81605,20.64613224223362,27.778400326120046
P81877,19.09523989247937,24.448175432327105
P82094,23.23813542595342,27.90282360981002
P82650,20.577780609579058,29.912061865230584
P82664,22.143140212090422,26.99226092313125
P82673,22.368723977339695,27.322227561282308
P82675,22.82519380965075,26.733916389203937
P82909,21.878974329122478,27.215542839966986
P82912,22.511275172365277,26.669277791012192
P82914,20.757975594963366,26.891876190518296
P82930,22.1022559261295,28.141352738931168
P82932,21.220843763122712,25.356099075226485
P82933,21.9736757345606,28.09750461928766
P82979,21.054477341972976,30.91743948901733
P83436,21.071501488895734,27.152265800154815
P83731,20.80940863407755,31.188990427170058
P83876,21.667667916963577,28.525573470941115
P83916,19.82752772752907,31.26416699439261
P84022,18.445602741541013,23.79209047636686
P84085,21.853365546077885,30.62113603988635
P84090,19.78801232431837,28.516363396238816
P84095,23.571720588950694,28.597475496671734
P84098,21.175247976390438,31.331702734472522
P84103,22.165615101875446,32.43820073919403
P84157,20.9222680167129,29.16313971149423
P86790,21.58793033867314,27.96184608836791
P89886,21.22288994529005,25.77738138175981
P98175,20.466846305314526,31.01834695580517
P98194,22.891060080065728,27.06426374179255
P99999,21.402145699081352,31.35578863614644
Q00059,21.24231582765051,29.00035174528322
Q00169,22.754901316670203,28.366712594457855
Q00325,21.676553376300387,31.529737751963456
Q00341,24.520660519056914,32.25582527410581
Q00403,22.03597470108731,27.309792299052692
Q00534,20.846591018671067,29.869843353823704
Q00535,20.972890555293933,29.65152409734414
Q00577,22.318811226576294,26.2038828441295
Q00587,20.695069954867236,25.727878216031836
Q00610,24.708209243244987,34.38367244565533
Q00653,21.00843709878679,30.86348402552848
Q00688,22.680335791161482,30.924644885246643
Q00765,21.60428685760651,28.563601294750097
Q00796,21.134400421234904,29.785898586058437
Q00839,25.315087715218898,35.143999919584346
Q00955,22.816324982237123,28.216951906807417
Q01081,20.011892861772424,30.422098127984857
Q01082,25.29135153633116,34.92292616097408
Q01085,21.747106386408525,29.860985244006688
Q01105,19.616330177687228,31.27385134942501
Q01130,17.29211089784184,30.137982975105018
Q01167,22.098621274030048,28.021511358255225
Q01201,20.79402033121035,24.561687704780233
Q01415,19.629640930956153,23.912161111167958
Q01433,22.21121410187526,28.65104148691117
Q01469,23.414749842734476,28.37809551638572
Q01484,21.318354016153727,29.77461374988024
Q01518,21.96632682993946,32.40863551215878
Q01581,21.465636597312717,27.835743758561982
Q01650,22.05014231165695,27.48323469409593
Q01658,21.190658742933913,27.70503491048892
Q01662,22.68166490096818,26.332407191615484
Q01664,20.595363215109707,26.133085048150136
Q01780,23.467954575666734,30.592091903020233
Q01804,22.441522941096878,25.833048653311895
Q01813,21.121566648243437,31.769787265383034
Q01844,22.46865017304175,31.066735117318864
Q01855,20.998550753420716,28.735982082974196
Q01968,21.98432996057634,28.561698965185325
Q01970,21.454398498634248,29.34245836281712
Q01974,20.99478348195867,24.36630223052913
Q01995,20.687278050368512,29.246200533328334
Q02040,22.893968377142016,28.532716286487954
Q02127,19.42239668795392,27.420566422446235
Q02218,21.88145646776603,29.780099906622883
Q02241,20.307767817611122,28.491125760048106
Q02252,22.80045430689951,29.029914376775185
Q02326,20.066449914946116,28.99219506344893
Q02447,21.348925206712916,27.014346701238885
Q02486,22.60048083327554,28.44753517211113
Q02543,21.722625631925887,30.73614763774499
Q02642,22.310028841247153,28.359216080865927
Q02725,22.092190130705987,26.827867085492098
Q02750,20.96556021886511,28.480281090599544
Q02753,23.64716833888718,27.257319867829107
Q02790,24.62906521068351,33.46054613812514
Q02809,21.94915812658705,30.731422727391752
Q02818,22.06256424485491,30.7997585841098
Q02821,19.612523365254052,25.203434169902042
Q02878,22.700721612792673,33.355248935345514
Q02880,22.585717205043487,32.05483171659075
Q02892,21.63666138281906,24.637231380962778
Q02952,22.846711921042846,29.912590053772707
Q02978,22.023518283534234,29.486257499317396
Q03001,24.319766838697998,31.017963552423705
Q03048,20.67492077048366,28.416965687366822
Q03111,21.020865658551596,28.05113881120347
Q03135,22.569669753221067,26.77217717241501
Q03154,21.688125502438158,26.975210447325704
Q03161,20.837249713021848,26.274402353147966
Q03164,23.001836480032484,27.13261368147044
Q03188,21.552869570558403,26.644318123646155
Q03195,21.439275251339986,26.41625088078927
Q03252,23.343323738912968,32.50577139602436
Q03393,20.14773429979365,24.150012163035175
Q03426,23.5114008487807,27.4231309294751
Q03558,22.488489934917478,28.60461935234069
Q03701,21.463567255076782,31.193664853386345
Q03768,21.429816252613257,22.818136338043047
Q03973,21.089004232619782,26.17173746155824
Q04067,16.071160780565,26.554324734758477
Q04178,22.18391540480105,26.284643589215463
Q04206,21.713768094275707,28.717102462992436
Q04323,19.79261515341945,29.521455519732417
Q04344,20.763156893918584,25.41261292200743
Q04371,20.87686832320734,24.3374554649866
Q04446,23.34766095723678,29.037240748153206
Q04637,23.17433149454946,32.591460357834436
Q04656,21.569515015094115,28.433666885522598
Q04721,21.34014209652157,26.845160851513885
Q04726,20.830886486593,27.909972662727288
Q04727,19.4007449208175,23.320313634620952
Q04760,22.416430195768495,31.869104161837907
Q04837,22.69345898280244,31.583108869367667
Q04917,21.395025576972728,30.877729020922683
Q04941,20.437518507966317,27.80042794480935
Q04947,19.967145368091316,27.47549710764867
Q05016,20.92337760990715,27.75654255118441
Q05022,22.057797697497328,32.00799994548333
Q05048,20.16550457853796,29.825240668334366
Q05086,21.765306956235168,28.5086962942548
Q05193,22.6382483682683,29.541719508282004
Q05209,20.627538462090637,28.306103645913105
Q05359,21.71337206046855,25.694901458667598
Q05397,24.045356865217517,28.727714287586604
Q05506,22.233951974797385,28.461253960150824
Q05519,21.968509935103473,29.857847268325287
Q05639,19.917870319935137,31.780556771062248
Q05655,22.21382959087021,25.217900289708453
Q05682,23.715941948857417,31.355263119636323
Q05775,21.63799138295185,26.754313226102933
Q05905,22.139204785466145,27.565643530606657
Q05911,23.226129163031672,27.014255470997963
Q06103,19.03220789447585,24.722023334898154
Q06124,21.70018637927897,31.687930596823218
Q06136,23.11250347452322,25.479874910936132
Q06203,22.248170978371615,29.7564721158215
Q06205,21.105863915985555,24.538147216587877
Q06210,22.26141927586302,30.296617652247484
Q06265,19.654271581263004,27.509887992053375
Q06323,22.46701734907309,32.431141191223745
Q06330,22.786776649862535,27.468637734996705
Q06481,22.738106362270212,25.895531173528905
Q06546,21.6311481143897,26.999265341953816
Q06587,19.861981563428397,28.274786456954764
Q06631,20.798588248741456,24.337788811233693
Q06787,22.429933038080033,27.797702475292855
Q06830,23.981930028744323,34.043458591492275
Q07020,19.424090863539867,32.26972115769689
Q07021,18.55673094297297,31.865548089368197
Q07065,23.479599038880625,31.775026333790688
Q07157,21.765331848982843,30.693613731949476
Q07343,22.113527696008937,27.37848105986527
Q07478,22.681430384999373,27.834463419151717
Q07666,12.174185850672576,32.56595772981291
Q07812,20.448204196496707,29.46234539644422
Q07820,20.041293981691933,25.340871193210713
Q07864,21.241420506571167,25.47840638921256
Q07866,22.210359007337367,30.706590237173586
Q07889,22.842024866940427,25.731738005167976
Q07954,23.251201837266496,30.23749335649389
Q07955,22.514762861958747,32.84790971345866
Q07960,22.219811285368802,30.20814018050965
Q08170,19.682441370309423,28.775243787369217
Q08209,23.735562009674133,28.689785291146112
Q08211,24.371373196246672,34.66835395642662
Q08245,19.506474681061775,27.936010700876945
Q08257,22.294062403331594,30.5664789552556
Q08378,22.20896567503859,27.87996345344228
Q08379,22.06155908511919,28.765728835590256
Q08380,19.367672716354125,29.19799187679143
Q08426,21.1298774892957,27.640059344615825
Q08431,20.60885101451525,27.222276126804207
Q08623,22.1393068521966,27.42130019939403
Q08722,20.92381772708013,28.636324761755812
Q08723,18.8232372043054,24.4099526163763
Q08752,22.3160298206832,30.572107567962057
Q08945,23.638156368363514,32.122687567909196
Q08971,22.58921582679031,27.040943002428655
Q08972,20.58472853458924,28.667929523492525
Q08AD1,23.482164101670097,27.336576784933786
Q08AM6,23.36813625127508,27.163853988751814
Q08J23,23.80234981201766,31.533249739495147
Q09028,21.61846325529523,31.83053637108148
Q09161,20.192571513441187,30.268177798448257
Q09666,26.294126123553912,33.94254815733402
Q0JRZ9,20.976476136926816,25.238180893957924
Q0PNE2,20.43976651079389,25.244742150809458
Q0VDF9,20.170619538139707,28.068280803717773
Q0VDG4,22.27526310312288,24.751221957787365
Q10469,21.01404900050072,26.835810480530395
Q10471,22.00999252046824,29.58801076632061
Q10472,22.53991299446845,26.90698655354148
Q10567,21.590135336490615,30.775504223494654
Q10570,21.18237060879116,30.083330697347677
Q10713,21.95466068322644,30.260496764537024
Q12074,20.380916077953692,27.69672693270427
Q12109,22.91049736748547,26.150779717765342
Q12117,20.79862731727333,25.711071284013457
Q12118,23.10384853987975,27.648898882724545
Q12154,21.32233511698715,27.125142803683655
Q12159,23.00976907871677,27.104354396791017
Q12189,20.866754729011667,24.873037969681302
Q12230,21.62484140241197,26.45207731842022
Q12306,21.298788912616107,26.603164217426702
Q12335,22.113410798969447,25.856803837612297
Q12363,22.497495460285858,26.1120537186301
Q12402,21.04409186987618,25.277644608990983
Q12447,21.674760668817292,26.279644750529265
Q12449,21.05642704121933,26.393292453842285
Q12460,20.972963354523532,27.85932493617408
Q12499,21.877516524624003,28.24298502003288
Q12522,22.409739873318905,26.467552791719946
Q12680,21.66889513615693,26.69808988695023
Q12754,18.014095605920918,26.767558238109952
Q12756,23.706382037674032,28.89686560803354
Q12765,20.60137081993113,30.610707432916705
Q12768,22.122802178585058,27.83416642696994
Q12769,22.839848724491777,29.833082108991498
Q12788,21.76342369371681,29.964555785974373
Q12789,23.272674569973255,30.26264711970905
Q12792,21.101692977449638,29.56056192715064
Q12797,22.812543093697187,28.807742189685683
Q12802,23.58991492479473,28.78982857935892
Q12809,21.186453152627347,25.922209029184714
Q12824,18.560101773595708,29.61708134642508
Q12830,22.20421322114184,29.610430686126175
Q12840,18.74571770294637,23.175499822410007
Q12841,21.368378268342624,26.389335589195376
Q12846,22.241703844158636,27.331867943503774
Q12849,23.04352744961293,30.025613685715882
Q12860,21.37080252764819,30.287735871193703
Q12872,22.66774792511486,27.38974201117126
Q12873,22.765788618119036,28.101784406439624
Q12874,21.611074823750346,31.34165374063431
Q12888,23.930280576671645,31.67974791775623
Q12904,21.750505164944006,30.76179602084985
Q12905,22.721478768697168,33.37102580137639
Q12906,23.89420004869839,34.384344638387184
Q12907,22.89585198266543,31.096368569110535
Q12926,19.99645361329279,26.927179902680212
Q12929,20.091655203699876,26.28509149634349
Q12931,22.057431199938613,33.80795768032519
Q12933,20.48520632259454,26.233867178413234
Q12959,23.50130243496075,28.854289795744517
Q12972,22.074660517387063,28.83048888759015
Q12979,22.607670210637753,27.722311156178517
Q12981,22.48041186454699,26.77431756529038
Q12996,22.77972543892499,30.59562900687507
Q13011,22.384785885264414,30.41312256898511
Q13015,18.449897900543668,26.524602771521764
Q13017,22.7592917791659,25.673688375491324
Q13033,21.822557518340112,29.66311752371479
Q13042,21.300141394293224,28.13063014052174
Q13043,20.566923036057293,26.631484983726075
Q13045,22.55755913681139,29.18493979639591
Q13057,20.31075415356495,26.46311584230004
Q13085,21.514323792464253,29.36340261455167
Q13098,22.526928818166965,30.214071996875166
Q13111,21.33061349562404,28.260415240696904
Q13112,21.397225789961215,27.613808824114134
Q13115,17.74054619791953,23.002088689398285
Q13123,21.40742469485644,29.550931225599104
Q13126,23.79907455016009,29.206194017782117
Q13129,20.96279841651627,25.863677301435157
Q13131,22.797523623777472,28.22267555698029
Q13136,20.679963511110188,27.335357636409036
Q13137,21.98455876012486,23.904936855283733
Q13144,21.490650725435433,26.99887351683622
Q13148,21.777061103464465,30.670901056781858
Q13151,22.940479622479724,32.03376083596186
Q13153,21.91138281422652,29.385698534690025
Q13155,21.50295186915773,29.334047054585945
Q13162,23.559445034295607,31.308309460114877
Q13164,21.471660730481723,25.87318403495187
Q13177,21.466823812063105,31.085672258397448
Q13185,23.448062438101278,32.18906405155374
Q13190,20.884465984829156,27.594506014335426
Q13200,22.932029366656465,32.63135685746426
Q13206,24.40702750393309,28.438087909726484
Q13217,21.823721045300097,28.996394575078856
Q13227,22.01838934768707,25.20645158572061
Q13242,21.4544017984302,31.602061176748194
Q13243,21.499693310228565,29.66593513253067
Q13247,20.994406806139807,30.447383534167955
Q13257,22.67573115097352,28.589725780826576
Q13263,24.353722915570753,33.99271783803746
Q13283,21.989645020930652,32.10339123070994
Q13308,22.348247951569345,30.607973676840892
Q13309,21.018960963476683,25.794111969893518
Q13310,22.50936695834232,31.079988669544292
Q13315,21.39283719882002,26.13598157330256
Q13330,21.046628517531474,30.07427769995266
Q13347,22.067667058906753,31.611182205896778
Q13356,22.93575122885225,26.794601574861442
Q13362,23.018396274062983,27.17109315708438
Q13363,21.964455251736826,29.431282847744324
Q13367,23.65483105767952,27.142426834502707
Q13371,20.95941271543101,26.668868328572323
Q13394,21.281571114147606,27.20415123286197
Q13404,22.78095303626006,29.427651334836685
Q13405,21.308931484318123,27.788754820712406
Q13409,20.620783820403787,31.12980383610764
Q13416,23.062662363770517,29.538750856540023
Q13418,20.892714752490974,28.480847908303527
Q13423,23.263389371236983,31.15907101279065
Q13425,21.20111627811434,27.67657992111397
Q13426,21.424312390516,26.3675806052534
Q13427,23.052723884864424,28.47215815796077
Q13428,22.96389780309085,31.996320187792293
Q13433,22.777415148843478,25.69220395234218
Q13435,24.821089177717052,32.8690337062099
Q13438,20.906970831707607,28.034747852791877
Q13439,22.130009459679297,27.17897107558961
Q13442,20.628667193135207,31.145172377181282
Q13449,22.22884492581492,27.309815849422318
Q13451,23.21231622151763,29.92296267723962
Q13454,22.147846924327407,25.107309974703696
Q13459,23.669354945360144,27.375109587291764
Q13464,22.232843739574484,27.222377690449434
Q13472,21.5770992211384,25.78510012077594
Q13480,21.600326109504884,28.02581754393073
Q13485,20.935079837800178,25.56750175604628
Q13492,21.6295931641276,30.0158430707556
Q13501,17.6377296066483,29.714840154099708
Q13505,19.720907883789195,28.783624708847015
Q13509,22.28566629605345,31.342241567088358
Q13510,22.76096916618135,30.313141852785588
Q13523,22.51720361764028,29.116767039372743
Q13526,20.530557837234888,29.998726692404226
Q13541,20.961149625983097,29.70454537043429
Q13546,22.12737650737036,27.74138171788915
Q13547,21.340571096317582,28.891200002455797
Q13557,22.34325754473961,31.470278884786577
Q13561,22.586659205813753,31.480116633484286
Q13564,21.210401902789794,29.38085169555366
Q13573,23.29915142011114,30.607894077696216
Q13576,20.413771400735172,30.445159712966902
Q13595,19.442862026050744,29.50377554553953
Q13596,20.80062310148444,29.263854016267256
Q13601,23.158506460323096,26.582067778493688
Q13610,21.979053167953484,27.73190042800905
Q13614,22.74889925160983,25.787719460099854
Q13616,21.5062264405548,30.008989645247645
Q13617,20.915700046312395,28.185401990573254
Q13618,21.333852043570833,29.974347576792148
Q13619,20.546312350992572,28.012336647293733
Q13620,22.719785925990347,29.035283473788724
Q13625,23.131409297947823,26.96160393703134
Q13630,21.71512178349981,28.60403440246494
Q13637,22.870169547896,29.416997628419473
Q13641,20.514419546883712,27.304636600568355
Q13642,20.26814479563306,28.876209765668268
Q13643,20.862727217203545,25.0115138304541
Q13683,21.358781293140613,24.519139894792275
Q13685,20.627783340735597,25.786368784949808
Q13724,21.13977080429061,30.62657921242065
Q13740,23.16873851648229,31.840108188675796
Q13769,21.15367183163263,29.623052735937637
Q13813,26.183337665171365,35.19510316210246
Q13823,19.795899266661092,28.98426741186464
Q13838,21.448564960398247,30.57496089609013
Q13867,22.362313490434122,29.12064425313916
Q13868,22.74326165218714,29.08319437601812
Q13889,20.61788033665443,26.520108325433146
Q13895,21.903333465540477,30.575337648921412
Q13907,21.129619214307848,27.8660352488949
Q13948,20.886545829052757,26.219154535768798
Q13951,22.84198660435246,28.617143166217854
Q13952,20.836457115195707,27.61298538028326
Q14004,22.43891061728321,28.080023675810697
Q14008,22.271921252820032,31.912875285370188
Q14011,20.993550334920958,30.922281027963336
Q14019,21.751067676244137,29.320993832783522
Q14103,21.7769240407824,33.172550286404146
Q14108,21.91388734031095,30.656155623972914
Q14119,20.94964982175365,27.16880435307935
Q14137,21.36656004481075,30.187682458281706
Q14139,19.994258150752685,28.09637032533521
Q14141,23.747579803520377,31.304969171053514
Q14151,22.257185866374066,29.38815759198685
Q14152,23.363894410422922,32.70291292915471
Q14155,21.656614579011475,27.616789585789867
Q14157,22.35789253405248,31.21374408559076
Q14160,21.475731045188866,30.146307680916692
Q14161,21.513756998659765,26.967610109936146
Q14165,21.02375394859399,29.86319903087061
Q14166,20.64029940080387,28.87984539873835
Q14185,22.664463186993682,28.271833282147078
Q14194,22.010403402383698,31.515062899243663
Q14195,23.61526080992972,34.22916240738214
Q14197,20.274426392397128,27.64177833087648
Q14203,23.579543518351013,31.519542598818717
Q14204,25.829470515051057,34.547457825376014
Q14207,21.39761299221169,24.22088147771352
Q14232,20.629017497939966,29.51955837323148
Q14240,22.24511338438862,30.270974804370002
Q14241,21.600069055108627,28.161460556569526
Q14247,21.832460824226374,31.78473707253023
Q14254,22.101396582242884,30.845457240136426
Q14257,21.08808948386595,30.646687590848174
Q14258,19.560877281886135,29.49926471498363
Q14315,24.197653193598526,32.914707933093915
Q14318,21.94060012103738,29.504607089003024
Q14320,20.17994856658066,29.610061999213293
Q14331,20.72214266278753,28.470912205536123
Q14344,22.813557517130267,29.732501858090696
Q14432,22.670073846965128,27.787967920835857
Q14444,22.9114679324166,31.367555151217417
Q14498,22.37387002260137,31.33928455176502
Q14517,23.32925745718286,27.401356345142368
Q14527,21.428100018944004,27.999848614897743
Q14534,20.469584839482515,25.907631571307917
Q14554,21.841131797805154,29.056637128852568
Q14558,21.36803579142451,28.065238650072825
Q14562,20.105639954782813,29.387493825088352
Q14566,23.34155703291712,31.7875848131062
Q14576,20.94113721749947,28.928235488584487
Q14643,23.09080402825794,28.70274350737059
Q14651,20.627840404742678,28.061719133985772
Q14653,21.893286946558604,24.185753720823048
Q14669,22.42291723743403,29.206136712808284
Q14671,22.861155027538402,29.00289765108219
Q14676,22.184796404617565,30.550335438725785
Q14677,21.129189042719123,30.134103712452802
Q14683,23.13862630863634,32.13563233043049
Q14684,21.921253823713997,30.123275998716174
Q14687,22.720736110507143,27.550295440371663
Q14690,23.30718263512721,31.373113105290617
Q14692,21.391661114652813,29.462238100502606
Q14693,21.650580200647813,27.29341919372357
Q14694,21.332341014133196,29.488196125545887
Q14696,23.14655971360844,30.31136832229299
Q14697,21.822125557090658,34.29170329785514
Q14699,21.596669464671077,29.687553153902904
Q14738,22.4175277681412,28.605323256429806
Q14739,21.949315035839195,29.017791407079702
Q14764,22.118253133595825,30.390994726221066
Q14781,21.143589892027606,27.405946894753875
Q14789,23.588961198826325,30.578709602366697
Q147X3,20.11030487686978,24.363273625963334
Q14807,21.387867988242704,29.20968475465426
Q14839,22.985879927592084,32.30788600022688
Q14847,20.622585016220587,30.560556016308265
Q14914,20.35861422304827,25.123636726028
Q14919,19.346310481734463,28.38034470176961
Q14966,22.059734821715523,30.285562002362404
Q14974,23.774207089128943,33.55578978884532
Q14978,23.585770176332222,30.442753836198108
Q14980,25.019466066682376,33.93870965769622
Q14997,21.870746017020856,29.63990036667091
Q14BN4,21.156547581482045,26.247908841104717
Q14C86,22.30827795453176,29.22686774573162
Q14CX7,23.5670612629851,28.79974651070266
Q15003,20.898133216155365,29.896925261882664
Q15005,21.598622037906928,29.24107857349833
Q15006,21.25336746481904,28.668607274271622
Q15007,21.211842364827028,28.650658354209806
Q15008,22.01006410551513,31.09659619810544
Q15014,19.663388823035124,27.004546377572236
Q15018,21.413330096859024,28.201916093926435
Q15019,24.05345272579073,32.112081977129904
Q15020,22.444638997346523,30.430789123373508
Q15021,22.822067653623623,30.362090509575435
Q15022,21.96037358412151,28.095165799792593
Q15024,22.715596760391755,27.68388693378859
Q15029,22.68091651434417,32.726029831742615
Q15031,21.15047304746269,29.280574577188514
Q15036,19.413425608129824,26.982262998100666
Q15042,23.212984171735062,28.796113741225998
Q15043,22.267407080930145,28.551722216053875
Q15046,23.074698301408382,31.975757184593576
Q15050,23.019913595254124,28.77416712290851
Q15056,21.637368798539928,30.80676893328663
Q15058,23.590693590992704,27.57524948913505
Q15059,23.11300252184355,29.774837158501615
Q15061,22.993201080182402,29.404124457997405
Q15067,22.788617237055846,29.84253406319347
Q15070,22.46822332081513,27.926993081613947
Q15075,22.87786639000217,29.751779880998292
Q15084,23.51182413853419,34.61896918288848
Q15102,21.108040472766426,30.91344821177603
Q15113,19.896996909362965,29.308040028814126
Q15118,19.80617233547147,26.876870641998792
Q15121,21.317934625440973,28.89931959144554
Q15126,21.186427875033676,29.458082017154016
Q15147,23.602951652927867,25.886554165573486
Q15149,25.192781575206016,33.53681090374581
Q15154,21.820019541431986,29.266476485547855
Q15155,20.109826803754864,25.41417050154812
Q15165,21.763270132884607,29.30771210593816
Q15170,21.027335908701094,23.604599589935134
Q15181,22.05457211120932,31.85076265458019
Q15185,20.766740804414237,30.55623404295569
Q15208,22.1654624397639,25.85824309910702
Q15233,24.8772751373361,34.17441125637328
Q15257,21.385872946986577,29.70474619707868
Q15269,22.742329593019424,28.948430304929257
Q15274,21.728999849410815,29.020382748744424
Q15276,22.12630968290845,27.90838023080483
Q15286,20.74873895175378,30.070474350041103
Q15287,21.4551176650983,30.85391319276158
Q15291,22.675205818884425,27.456644019456586
Q15293,22.787766578654107,31.644512928272146
Q15311,21.81952538708709,26.70515394801636
Q15326,22.51358705760949,25.5979962697247
Q15334,22.185867832759154,28.091415465923117
Q15345,22.543822922220507,27.580100984114196
Q15361,21.39353969326258,27.007429826952283
Q15363,20.47518679877066,29.365626479860893
Q15365,21.23043409873289,31.8341270797099
Q15366,20.24023049289176,32.596781781882136
Q15369,22.837431648864886,30.763529699677502
Q15370,23.845389371130445,29.986258376471323
Q15382,23.075931427807454,29.571008912223274
Q15386,21.798598380975008,27.366744407416864
Q15388,21.02074842724652,28.837830388750444
Q15392,19.1137949158498,26.312722157856257
Q15393,22.875716524960488,32.91581186363997
Q15397,23.04148064110373,29.42874528104009
Q15398,23.377426916166836,27.732467570370552
Q15404,21.832947028276138,28.21143317164328
Q15417,23.55407473174313,31.673858057086868
Q15418,22.77351620709653,27.114310292568717
Q15424,17.694053489123828,31.012637468844368
Q15427,23.471300707349002,26.8314865605689
Q15428,21.73192542636193,29.663067802750376
Q15435,19.012029882594778,29.8469652376953
Q15436,20.172002047098694,29.45268725369871
Q15437,22.147694286930818,29.931333385043065
Q15459,23.198455670547883,32.45632426588393
Q15477,22.20158076129961,28.916476710711198
Q15545,21.114823591527742,28.99453640797487
Q15554,20.561501086173074,27.729303146102925
Q15572,21.175196613966875,25.192082998828752
Q15599,21.99688941843159,27.43266219588773
Q15631,21.9152087251503,29.674868898168896
Q15637,21.582915476126445,30.557036032479722
Q15642,22.06256803278285,28.30859754080066
Q15643,23.18187427358757,28.103464168112787
Q15645,20.479603383734144,28.69730752895892
Q15648,22.292072705230535,27.716245070054054
Q15650,21.633653752389712,28.06258016649227
Q15691,23.96158611801417,31.347478413830544
Q15717,21.564649137432614,32.57959978847445
Q15738,22.22588324124861,28.787290360637687
Q15750,21.69291570788126,27.425700941696274
Q15751,22.160601435402445,24.680287333473295
Q15758,20.70590941832349,28.35366032636327
Q15773,20.2832715213897,27.41674349083186
Q15785,20.982135715623365,29.254884189607566
Q15811,22.00564081226655,27.06869278736639
Q15813,21.425746928370824,29.02284947335683
Q15814,20.56993488819491,27.058865990747996
Q15819,21.13880092179815,29.594422937987986
Q15836,20.47484940348384,27.866009215954303
Q15843,21.36130327752267,28.915612991011542
Q15904,20.61716876808148,28.018396009854804
Q15906,20.811618781997787,27.048518856391784
Q15907,20.16691857266468,28.06354418108577
Q15942,22.822173988027128,31.248655628981663
Q16134,18.165335310275324,24.639896936694978
Q16181,23.030136960097998,31.881474537806852
Q16186,21.039929708970643,28.78175256564928
Q16204,22.185172388061844,29.269564259746733
Q16222,22.226226038333948,30.644531346406517
Q16342,19.73411844645722,26.0280787942508
Q16352,22.77586465507996,32.16008110180444
Q16401,19.709834395350377,29.58479829319141
Q16512,22.58083304131829,28.659075016915022
Q16513,20.855918399899526,28.07191755035619
Q16527,18.207608904812087,30.38003903062277
Q16531,23.606265834931644,32.29641658339923
Q16537,22.343466017583538,28.87479368914905
Q16543,21.85073796035143,31.179574110537004
Q16555,23.797169670483118,33.64022900159908
Q16563,21.7289689525108,28.083867441199985
Q16566,23.447713924728326,26.974223818340302
Q16576,20.759933718323968,31.29055094141289
Q16594,20.462275450844537,24.407032597444942
Q16595,20.90315391973173,25.193665423076123
Q16611,19.898770772310392,23.16824682798204
Q16623,18.198558626746205,26.49661840480923
Q16626,18.86206467032821,24.987924348585246
Q16629,21.882761029260468,32.42601053451028
Q16630,21.4792284928868,30.69362890735147
Q16637,19.625461456937263,27.542840458981697
Q16643,23.413659833323084,33.19062888311677
Q16656,21.290365694534138,26.33815641102609
Q16658,25.003372800238285,33.64456957642757
Q16698,21.293280939281193,29.329147146728523
Q16740,19.60712887674757,29.103227402519348
Q16763,21.838925719696835,28.19713594590766
Q16774,20.72383249727648,27.594464227839158
Q16775,23.21450288481074,27.995752303920657
Q16795,22.22636028957368,28.64175551191117
Q16799,22.726236041313655,30.910058098679997
Q16822,20.86031052896532,28.73666409999083
Q16836,21.204044429349985,29.941477379716964
Q16850,22.908427636557665,29.32764319204942
Q16851,22.56558990285402,29.956233005117195
Q16854,20.444107193758065,26.060356247745542
Q16864,23.33440488189645,29.387300408419836
Q16881,19.91870798776893,31.009477175487145
Q16891,22.49693305199416,31.929976225925884
Q1ED39,21.551926634575338,28.49130100399267
Q1KMD3,24.021419438500498,32.50817276578797
Q29RF7,23.238945557839795,30.353179155058854
Q2KHR3,23.532172645494718,27.069737643820638
Q2M2I8,21.61653406790224,29.834068406413753
Q2M389,23.389298312693032,27.140838966581963
Q2NKX8,22.16788011592632,27.46910236653312
Q2NL82,21.935187033219965,30.02475464827186
Q2TAA2,22.3456056104873,26.33342769630313
Q2TAL8,21.014481505568522,28.268248767139692
Q2TAY7,21.87667838723728,32.28110402814918
Q2TB10,22.238609101351987,24.5004241339606
Q32MZ4,20.99810971664724,28.27783970809609
Q32P28,20.612855098610222,29.338492756757084
Q32P41,22.789119147816244,27.87148058195357
Q32P44,22.06384414311985,27.547933108772053
Q3B726,21.72758277939651,27.07701731611385
Q3E764,22.0598759292688,25.965419270477266
Q3KQU3,20.88489124339889,28.792717944559087
Q3KQV9,21.858577956889032,25.665418269471814
Q3LXA3,20.193958577366615,28.46376211752979
Q3SXM5,21.11823846902314,27.517040788691578
Q3V6T2,22.077081025279483,28.447502901427352
Q3YEC7,21.397551648274018,29.20893769129381
Q3ZAQ7,17.71445491651949,27.527553350278268
Q3ZCQ8,20.097890200274836,29.060769833419464
Q3ZCW2,20.381646445025936,26.842564537011228
Q49A26,21.488395165397762,29.004527910060155
Q49AR2,20.37468344456958,26.701839553408192
Q4G0F5,22.423650355156315,28.543583827884145
Q4G0J3,22.336942600602114,29.395913942197886
Q4G176,21.67509916586836,27.54618181577548
Q4J6C6,21.55215441130239,26.056286271364225
Q4KMP7,21.705136494712942,26.06241265823486
Q4KMQ2,23.235334796648143,28.13558898667195
Q4KWH8,19.832055582954112,26.03896793354743
Q4LE39,24.23404302025771,27.86810661981385
Q4V328,21.535968286216672,29.747480442456325
Q4V9L6,21.29887304036422,25.636545953744598
Q4VC05,22.577040335056903,25.576539962949532
Q4VC31,22.901858687843912,28.46270818250252
Q52LJ0,21.109366673626216,29.433233740789536
Q52LW3,23.217176859528173,26.09209574720389
Q53EL6,22.7072048022477,28.446470748829807
Q53EP0,21.408247555473476,26.048954762613864
Q53ET0,18.249735654501293,25.272117865187116
Q53F19,21.94652015240905,28.48767337285956
Q53FA7,21.555323236194738,29.232627034568075
Q53FP2,20.90470342933623,26.154399982113972
Q53FT3,19.85418203139572,27.25701768033648
Q53GG5,21.10748045165855,27.111635816413724
Q53GQ0,21.97355875685839,28.683604302761196
Q53GS7,22.450794804352608,27.707309602107742
Q53GS9,20.160111933504993,29.47593197218807
Q53H12,21.010374925843436,28.73638734887085
Q53H82,22.01658509626204,26.753930966105873
Q53HC9,21.707523803759308,28.12681500227386
Q53S33,22.08429983834354,24.58095818008056
Q53T59,21.05368969152004,27.897685004612004
Q567U6,23.694251227082386,27.821548681313487
Q56VL3,21.4029228450844,27.22384708363895
Q587I9,19.7185198941165,26.992286061845842
Q58FF6,17.76043828954802,26.028823943695834
Q5BJF2,21.19681100546744,26.748285093098616
Q5BJF6,21.25435351431039,24.423389543326927
Q5BJH7,18.830984200416424,27.412332412649477
Q5BKZ1,21.473697200216893,30.6383329636309
Q5C9Z4,21.860980517513426,26.288913026174846
Q5EBL8,17.207920722240146,25.29703111942696
Q5F1R6,19.705881291164744,24.917119608688687
Q5GLZ8,22.1615485869021,27.61861140995503
Q5H9F3,21.483372291639675,27.03123823448677
Q5H9R7,23.91294965930473,29.6907338918469
Q5HYI7,22.833463046982,25.26613417663523
Q5HYI8,21.166378928915844,26.8824036649885
Q5J8M3,19.31407001582568,27.165870226793096
Q5JPH6,22.98531763788275,25.985815876626745
Q5JRA6,22.63988859044344,29.84423038591699
Q5JRX3,22.109666828160695,28.134342229796204
Q5JSH3,21.849437804884417,29.67578926258111
Q5JSL3,23.267257019084457,26.695854205275896
Q5JSZ5,21.48992526674376,27.940526324906788
Q5JTD0,21.277372512571123,24.099459790498862
Q5JTH9,22.5515167974533,30.598205898323577
Q5JTV8,22.273197957754405,30.767958952914825
Q5JTZ9,21.981125351797655,29.548147731230834
Q5JVF3,21.958563032522157,27.681772434688348
Q5JVS0,21.651550967581755,24.58230994221231
Q5K4L6,20.57181263847178,25.56363304493791
Q5MNZ6,20.713797577690613,26.420876246588673
Q5PRF9,21.82204923589367,25.63572031919904
Q5QJE6,21.59694201101013,29.73791838230875
Q5RI15,20.16911519554242,27.264069346013255
Q5RKV6,20.328592147435387,27.90201156404376
Q5SQI0,21.8853460125671,26.49246797285021
Q5SRE5,22.108799757589523,29.333151390921877
Q5SSJ5,21.684476945638334,29.850266484780544
Q5SW79,22.426116099625624,31.160496384119934
Q5SWX8,20.28175627180618,25.89990754861638
Q5SY16,23.180604294368127,28.879120336468528
Q5T0N5,22.64713736305001,29.16448298835572
Q5T1M5,21.86211350274328,27.857329683770658
Q5T200,21.518207717553725,28.85745726683872
Q5T280,21.927950519482316,26.833658624867084
Q5T3I0,20.918136189679583,28.395404229259466
Q5T447,19.99274299298999,27.59607940629764
Q5T4S7,21.58149635327277,30.763243160634
Q5T5C0,19.962644830162084,23.286404808113346
Q5T5X7,20.93884844704408,28.150520409953028
Q5T5Y3,23.506546732743704,27.939380824586582
Q5T653,21.57501638155452,25.899959419220536
Q5T6F2,22.759840941984983,27.602514954609404
Q5T6V5,21.39218045530821,28.35814092282094
Q5T8D3,20.481434063376007,27.374328504370965
Q5T8P6,23.219286905473748,29.124904473758832
Q5TA45,20.11704690799444,28.580847226837843
Q5TAQ9,20.264280791665463,25.00465432679808
Q5TAX3,20.74689981899228,25.130956632249784
Q5TBB1,22.337642697097625,27.975271887527832
Q5TC12,19.200286862856537,26.774849779196522
Q5TDH0,20.847994552250505,27.311101692492485
Q5TF21,22.136039564969565,26.702220264949784
Q5TFE4,21.73063352577776,27.936557110924614
Q5TGY3,20.202598113552252,25.97602926248697
Q5U5X0,21.887294091541943,25.332484700025738
Q5UCC4,21.851252435042205,26.206204632801576
Q5UIP0,23.074698980043372,30.163453948740784
Q5VIR6,22.076485366879698,27.493997375392997
Q5VSL9,21.842875011756792,26.564618284370127
Q5VT25,22.963214618102516,30.512739861940737
Q5VT52,21.798779233636164,29.81972300956786
Q5VTL8,21.309368479076706,25.803049483464427
Q5VTR2,22.446699805079948,29.967999024307257
Q5VUA4,23.109616017256926,27.813573206280765
Q5VUG0,19.583537417055148,23.63602638414269
Q5VUJ6,23.514349647337266,26.78805103820042
Q5VV42,22.026951169865807,25.73674177590839
Q5VW32,21.37393176654997,28.35622920687981
Q5VW38,22.006945942312893,24.57275225199122
Q5VWN6,20.7250298801653,27.721039315008294
Q5VWQ8,20.329818062225172,27.20328717216607
Q5VWZ2,22.426437260331237,26.338381749200188
Q5VYK3,22.743894115942044,29.579293352203727
Q5VZ89,22.70464711823534,27.569434290757023
Q5VZE5,21.477500571358103,29.27066228955657
Q5VZL5,24.352225672162113,29.051584426670548
Q5ZPR3,22.306489690481325,29.10734424227548
Q63HM9,22.421539069032146,27.947883186090994
Q63HN8,22.267732067725742,27.62316739990737
Q63ZY3,22.07507680506659,26.32570107494995
Q641Q2,20.700975788209732,24.972604461426574
Q643R3,20.65745456154568,23.826370091143776
Q66K74,21.846487167705853,28.378467115681644
Q684P5,22.54753208382815,27.246690959582278
Q68CP9,21.911964642259825,29.329151804607655
Q68CQ4,21.41210812329327,27.84595852191414
Q68D91,20.898142225686325,26.405445377042895
Q68DQ2,23.294590478317186,25.263284602807502
Q68E01,20.46977058373744,28.74313106776789
Q68EM7,20.773928358026033,29.32606050353252
Q69YN2,21.751946239033707,27.474259631128167
Q69YQ0,21.60181011184824,28.080040980739287
Q6AI08,21.49729878704931,26.257642113474592
Q6BDS2,21.158843398205725,23.024623936853274
Q6DD88,22.56322070696708,30.05692390286552
Q6DHV7,18.762441558539408,23.290632469616163
Q6DKI1,21.150632983893644,27.401403230141803
Q6DKJ4,22.477438353444544,27.748046542377224
Q6DKK2,21.282080299276725,25.73503381209241
Q6FI81,20.97725781457781,29.25470243686189
Q6FIF0,19.263764004272616,24.489986107669104
Q6GMV2,21.762543183720283,24.98744252984318
Q6GQQ9,20.160493858415975,25.830264928215325
Q6GYQ0,22.84848569209387,26.485772990549794
Q6I9Y2,22.51899755420526,26.542729370761883
Q6IA86,20.871121252229177,27.95377404461898
Q6IAA8,19.98603700648746,29.461795356539767
Q6IBS0,21.25841744674795,30.40571922198116
Q6IN85,21.566772891014224,28.094772579756306
Q6IQ22,21.37658918404532,26.06032301680052
Q6IQ49,22.48906872209332,28.22703207901508
Q6KC79,22.617678413976954,28.804674796328698
Q6L8Q7,22.642880799638807,28.53942421618278
Q6N022,23.392905543012276,27.686187231451793
Q6N043,20.88282746488955,24.360782255145185
Q6N069,19.76158032141541,24.401197171407233
Q6NS38,19.495986686501872,24.517770960616545
Q6NUK1,21.78230505182321,30.391089730377544
Q6NUQ4,21.189244910842383,28.341880971787212
Q6NVY1,22.643899172602737,29.232775588402834
Q6NW34,20.944799954990906,25.330559195721555
Q6NXE6,23.559249473503826,27.08368474742028
Q6NXR4,21.8898018573511,25.85073207098333
Q6NXT1,18.996221826422744,26.360497399061117
Q6NYC1,21.74041357582127,28.154820765606896
Q6NYC8,21.675045697604766,28.604570261021603
Q6NZ67,18.97791232263274,25.74934898930871
Q6NZI2,20.402947615642212,28.10516015612968
Q6NZY4,20.185429026290084,28.069621979739555
Q6P158,23.059928085852956,28.31564244615814
Q6P1J9,21.52580687036153,30.921363677187816
Q6P1K2,21.043999025684606,25.709492546426517
Q6P1L8,18.428421154150566,26.88553369279914
Q6P1M0,20.698489324800025,26.955656239758596
Q6P1N0,22.03214476596496,30.932005315974443
Q6P1N9,22.214720098971167,27.284305849448668
Q6P1Q9,17.26946914300508,25.449910016536265
Q6P1R4,20.159459247116104,24.097031355851033
Q6P2E9,22.73231868352009,30.970906088246867
Q6P2Q9,24.132674833799555,33.25471200226683
Q6P3W7,22.354173918239596,28.139987198804157
Q6P4E1,24.08834053965833,27.21410624441988
Q6P4Q7,21.501822029471935,24.771957521829957
Q6P5R6,21.770895373090784,24.395200170732476
Q6P6C2,21.956459071905158,26.29059765185127
Q6P996,20.619080144162904,30.942184525821066
Q6P9B6,22.334536055677695,27.31702229787224
Q6P9B9,20.7285434664828,27.424895720652543
Q6PCB5,24.1034253452181,26.22859809282858
Q6PD62,21.730833756197597,29.32591270701809
Q6PGP7,23.851159988346897,28.96010614309211
Q6PI48,22.10196322125707,29.019470426105844
Q6PIU2,18.942353851270756,28.40560260935699
Q6PIW4,21.93414807845152,22.906387453293306
Q6PJ69,19.918201005544027,25.90323753761903
Q6PJG2,22.820419889522157,27.665158360934957
Q6PJT7,22.64856119792521,29.984744423094508
Q6PK04,22.055574682806583,26.795756857063367
Q6PK18,21.681920662169517,25.889749122350803
Q6PKG0,23.157299126927374,30.63097524965887
Q6PL18,21.266028680192385,29.455613966848347
Q6RFH5,20.38742066829605,27.49302989359953
Q6SPF0,21.165104226174353,29.37795457151552
Q6SZW1,20.449339723881764,29.015180345323678
Q6UB35,21.903942881872066,28.56491300871362
Q6UN15,21.30702508813624,29.270791804745652
Q6UW02,21.140201184875096,26.47891226927694
Q6UW63,21.66821563182788,28.053949187603834
Q6UW68,22.543198087210666,29.623973566926395
Q6UWP7,22.27136685561165,28.61854296917121
Q6UXF1,18.114633813388657,24.360473481439627
Q6UXH1,20.57536261065101,27.785196632213214
Q6UXN9,21.544773180803936,29.254013945534776
Q6UXV4,22.09383433216249,28.055589966848245
Q6VY07,21.073053225685427,29.269632961633913
Q6WCQ1,22.12963612897993,30.097571320500666
Q6WKZ4,22.196544637075178,27.725051700857755
Q6Y7W6,20.998770808573887,29.116230604207146
Q6YHU6,22.461911229122666,26.78171028995791
Q6YN16,23.00248441160667,28.31992168562414
Q6YP21,21.48500413517316,29.71950370159399
Q6ZMG9,22.880931154142083,26.00051078268366
Q6ZMZ3,21.550896930052865,28.39217553039139
Q6ZPD9,21.098950742033924,24.318701804506457
Q6ZRI8,21.72129003718735,29.662425719338845
Q6ZRP7,23.70683114419468,27.03509561793099
Q6ZRQ5,20.80084822244756,24.556415124338805
Q6ZRS2,20.75056970879858,27.831550078916106
Q6ZRY4,20.495049543046367,25.15627151443955
Q6ZS17,20.88576681916211,27.917248351309606
Q6ZSR9,21.005494740103458,28.633730912720655
Q6ZSZ5,22.02198157061765,25.675005349446028
Q6ZTW0,18.378028849314585,23.61244506022753
Q6ZU35,24.32023456424177,29.076366572185936
Q6ZVM7,20.6519456195953,24.950131750393556
Q6ZXV5,22.458759484909667,27.889403100812938
Q709C8,22.82421310824512,28.644418089992428
Q709F0,23.91417909035066,27.640588120068617
Q70CQ2,21.10810813344633,28.13068371812471
Q70E73,22.87761659619066,27.967804195254455
Q70IA6,20.444736920034693,25.106755663365075
Q70J99,21.675712450782417,28.588336056696516
Q70UQ0,23.118839533996933,28.960406292975698
Q712K3,20.834941608072942,25.741720581149732
Q719H9,21.069256603979824,25.372616035906827
Q71RC2,20.529853944102893,30.422878792785195
Q71SY5,20.89884083077753,25.465406364442753
Q75N03,19.43882557466213,26.843263778851416
Q75QN2,20.78143060475582,26.739292250310633
Q765P7,20.246255595218322,24.25489413742762
Q76FK4,21.823574940681894,26.227890615180506
Q7KZ85,21.249549834356877,30.519574055082465
Q7KZF4,23.017797783240447,33.47536351749291
Q7KZI7,23.20290267135157,28.32762218342858
Q7KZN9,21.64197694685814,26.777119249397327
Q7L014,23.402323534800377,31.472110518160108
Q7L099,22.664286033406448,28.1625859981942
Q7L0J3,22.01534556309985,27.762298770996107
Q7L0Y3,22.3903785834583,30.62171004960918
Q7L1Q6,21.596740806429235,30.63557186070043
Q7L2E3,22.91088932978677,31.24285758605567
Q7L2H7,20.883455541685603,29.750011665132668
Q7L2J0,21.298058052467514,28.013840529384705
Q7L2Z9,20.925496651128928,24.97106001813361
Q7L311,20.49142816106153,24.720960328530392
Q7L4I2,19.778236385654807,26.95945992470515
Q7L576,21.562961517907873,29.103391166975797
Q7L592,20.956886176497008,26.696618884831878
Q7L5D6,20.121261309992967,27.67745086545883
Q7L5N1,21.931463553962832,29.35509416545933
Q7L5N7,21.194666016069565,29.98619773347992
Q7L775,21.459042689566132,26.929953076748852
Q7L7X3,20.023254703194123,27.394858895220786
Q7L9L4,22.44077078306886,28.434310665282442
Q7LBC6,23.377176055856864,28.82652514269956
Q7LBR1,23.47360300059861,26.548185380282245
Q7LGA3,20.5840124746269,27.244684927527235
Q7RTP6,23.46810726091367,29.26278396718863
Q7RTV0,21.87437706165332,27.809549574808457
Q7Z2E3,21.245835873294602,26.02840581937842
Q7Z2K6,19.879288874512902,24.351188060784157
Q7Z2K8,23.716039468511962,29.1884679706557
Q7Z2T5,21.144944713038463,28.582918120835295
Q7Z2W4,22.39075347266784,30.179733527737522
Q7Z2W9,21.001664080632423,26.53880167722952
Q7Z2Z2,21.932791945975424,28.810193313668726
Q7Z333,21.60669573748816,25.08204920671412
Q7Z392,21.805492667460463,25.50453001360032
Q7Z3B4,22.38913875339573,30.062567799409724
Q7Z3E5,22.14392578794659,27.89595760808224
Q7Z3J2,22.152290240806444,27.149799669300695
Q7Z3K3,20.50852824253919,30.30284974663115
Q7Z3U7,22.607351821172408,26.542829315850298
Q7Z406,20.76989599145795,27.675427977213587
Q7Z417,20.802624787395775,28.864172606955584
Q7Z422,21.122658489598596,26.076275013525876
Q7Z434,21.12197650039175,29.176110600879284
Q7Z460,22.27728003264855,29.647383472337708
Q7Z478,23.627612692924856,26.538956424244006
Q7Z4H3,18.920913833956163,24.968552997859828
Q7Z4H8,23.08902552548115,29.396710850850294
Q7Z4K8,20.788402361459507,24.75409191904171
Q7Z4Q2,21.228064496418853,24.6087604321643
Q7Z4S6,24.03093407737018,31.92680794335355
Q7Z4V5,22.572219014390942,30.12851382054636
Q7Z4W1,22.5851308814156,28.63465435130916
Q7Z589,22.86892419769064,25.54708127987114
Q7Z5J4,21.38739183103141,28.24656224713837
Q7Z5K2,22.33749636633803,28.6383760396901
Q7Z5L9,20.908355809617692,28.054757026004225
Q7Z6B7,19.54344200943035,25.530423210916393
Q7Z6E9,21.14872209864223,27.934338000091234
Q7Z6K3,20.410785968118123,26.302650948248537
Q7Z6M1,20.350623426191543,25.55302764743228
Q7Z6Z7,22.964688669836665,31.1339758456025
Q7Z739,21.94086035147381,29.414781324715232
Q7Z7C8,20.757876874730044,23.79500140441786
Q7Z7F0,21.51751936687574,26.030162394824977
Q7Z7F7,19.39903894599935,26.915449543238154
Q7Z7H5,23.874395983718614,29.515010465419834
Q7Z7H8,21.666025161805326,28.251391910212867
Q7Z7K6,20.229116216437934,28.574946417651454
Q7Z7L8,21.489410138376044,27.76862949515866
Q86SF2,22.195561669959528,27.432405804826875
Q86SQ0,21.228531213405837,27.269064136061104
Q86T24,20.750822582796093,24.009925345578132
Q86TB9,23.243522187759936,27.393772587709705
Q86TG7,20.331727063538562,26.395366243594687
Q86TI2,20.125251337235284,28.29694213258783
Q86TN4,21.013706390848792,23.43734697671944
Q86TP1,20.700821320647446,27.386022875900913
Q86TU7,20.419074288243515,27.471521019386966
Q86U28,21.317336335011984,26.592617860066326
Q86U38,20.65779920607247,28.239573072823067
Q86U42,20.862846034006125,29.44370451719346
Q86U44,21.68713259433549,28.389852645098067
Q86U70,19.638862995228237,26.63661103028693
Q86U86,22.410881531350803,30.849708523454442
Q86U90,18.754140625796072,26.199147539581276
Q86UA6,21.262850815445155,25.771008583860507
Q86UE4,22.050962412749442,30.30698643662037
Q86UK7,21.723531588196693,28.815438888397626
Q86UP2,22.06548090665729,32.181966143705665
Q86UP3,24.323121049497406,27.210845151943452
Q86UU1,21.081524132827013,26.771747813494834
Q86UV5,22.101597179922596,28.353417173149207
Q86V21,22.510904069191593,25.318980678789178
Q86V48,24.142198812781334,29.343648167516164
Q86V81,22.594186851744396,32.095033307617605
Q86VI3,21.67750296928601,28.52280082686156
Q86VM9,23.488799418603506,29.012951367462318
Q86VN1,21.515846999487177,27.501841520741934
Q86VP1,21.877311218127673,25.640136195572925
Q86VP6,24.155387203254172,32.237524656133445
Q86VS8,22.127587984411296,27.62713572442113
Q86VX2,20.00203796507655,26.069488132012236
Q86VY4,20.897249457313507,26.44472064871889
Q86W50,22.438215416252756,26.193659837105137
Q86W56,21.148313846389236,26.17136378972666
Q86W92,22.07014121420677,27.686839882179957
Q86WA6,22.600092593339337,26.15822104050907
Q86WA8,21.942432011667073,25.948166970502577
Q86WB0,22.338535899232703,28.38064100109479
Q86WJ1,21.201913304631177,28.401494951981462
Q86WR0,23.72383102347712,28.174893991079184
Q86WX3,21.318969312288946,26.221032110225444
Q86X02,20.209013358553005,26.38299305303152
Q86X10,21.297088662818386,26.65506399124644
Q86X52,21.211692936076098,24.55365097068109
Q86X55,20.616845996282052,28.438267379240774
Q86X76,20.374521783094178,28.48171542379065
Q86X83,20.59706923601844,25.99612088685085
Q86XL3,22.25215491363021,27.408105983283438
Q86XP3,22.452803658327266,31.206253154769918
Q86XX4,20.513752110636652,21.62367520166335
Q86XZ4,21.33772856121925,27.81419568081984
Q86Y37,18.911515113719688,23.934018644111283
Q86Y39,19.79507484340552,26.745163400036972
Q86Y56,22.403584311717022,27.14515523008107
Q86Y82,20.158260179228947,28.354609184852762
Q86Y91,20.44536149899811,24.046527085735978
Q86YP4,22.953221414219644,29.444527142547912
Q86YR5,17.847966074270165,27.841945416668537
Q86YV9,19.20239880200168,24.60182853234178
Q8IU81,21.12901827802474,27.76766591470138
Q8IUC8,23.213965380435905,23.905722365216956
Q8IUD2,22.010926593539615,28.842196243124135
Q8IUE6,19.614614304263323,30.9846897149969
Q8IUF8,23.05614334651741,26.793835836334793
Q8IUH4,22.91448330910346,26.277006624769967
Q8IUI8,22.304056519793125,27.99819788602135
Q8IUR7,22.434530295866175,25.11046913214895
Q8IUW5,18.824044885499386,23.03357931051899
Q8IV08,21.288631596152083,31.07831308581326
Q8IV36,22.070874452492582,27.04631833959494
Q8IV38,22.125038491187695,25.88002713106338
Q8IV48,21.150832231568174,27.359760737027127
Q8IV50,20.959746494478466,25.395406220074683
Q8IVD9,22.411821426519445,29.787345306460786
Q8IVF2,23.60069830082795,31.365580164209472
Q8IVH8,21.06412048767616,24.35547857147332
Q8IVL1,21.662360468790865,26.037659681377477
Q8IVL6,21.58317103131301,27.042175440108977
Q8IVV7,20.602540984521873,24.182334893281045
Q8IVW6,20.79058793958017,25.944182484461383
Q8IW35,20.369357151098328,27.775486537483296
Q8IWA0,21.84038140488004,29.113069461600897
Q8IWA4,21.55250875936392,27.529025461076145
Q8IWC1,20.640486093115392,26.628830548043577
Q8IWE2,23.137634582472995,29.112865857403808
Q8IWI9,24.48832422090015,27.95608364852737
Q8IWJ2,23.821405778340818,27.727718691714422
Q8IWR0,21.717118030741787,26.594114662553014
Q8IWS0,22.101012878250444,28.30068981472083
Q8IWV7,21.25667121511477,26.012809112256896
Q8IWW6,21.82843000493778,26.327661795588874
Q8IWX8,20.48532544578524,29.524027981882227
Q8IWZ8,22.982696912296024,28.455851919963997
Q8IX01,22.634293535401742,30.118122965429897
Q8IX04,20.36302884096315,25.84809320102117
Q8IX07,19.82549609817358,24.97982684858146
Q8IX12,22.68478689367374,30.500850247474972
Q8IX18,21.97799915091923,26.310763521379126
Q8IXB1,21.672817619210605,29.121699419741436
Q8IXH7,23.343443557866177,27.445865565473675
Q8IXI1,22.51885885337318,30.242227890780335
Q8IXI2,17.79271912277456,27.72091502295698
Q8IXK0,22.922603511395806,28.783196117219468
Q8IXM2,21.41289365646014,28.36325008183786
Q8IXM3,18.835099595033093,27.591691818426675
Q8IXM6,21.122059782032114,26.333256379866054
Q8IXT5,23.803318526375527,29.872467509879407
Q8IY17,21.254986375342042,27.77639672137024
Q8IY18,23.593291619393284,28.26008976345001
Q8IY37,21.663927881940594,28.77932589433543
Q8IY67,21.733714120389017,28.91432689954935
Q8IY81,23.757042368435478,30.8636330863842
Q8IYB3,20.91108068855644,30.444382514423996
Q8IYB5,21.306668695136928,27.496448777711766
Q8IYB7,21.180940445320285,27.35239086145885
Q8IYB8,17.941107692258495,27.256970947673402
Q8IYD1,21.906104979011566,26.661288316192486
Q8IYI6,23.00860731956369,27.79257795649877
Q8IYL3,19.76996539904914,25.028176008541777
Q8IYQ7,18.292915585712308,26.70168763729343
Q8IYS1,22.244751949158,26.949949210496698
Q8IYS2,22.44772461460612,26.740717752703624
Q8IYU8,19.061681557932953,30.61980450090658
Q8IZ21,22.50743451600473,27.483707205706057
Q8IZ40,21.232497132976054,27.284773305053182
Q8IZ69,22.936348821520248,24.796277189964005
Q8IZ73,20.47223223558391,25.058999457184427
Q8IZ81,23.4116845860375,28.76829720628186
Q8IZA0,22.870227078651485,25.04037761984894
Q8IZH2,22.94805199571608,26.722350799454503
Q8IZJ1,22.229036893583725,27.021836280945518
Q8IZL8,21.93339037912292,30.098312049921915
Q8IZP0,20.006485659534317,28.7665961570924
Q8IZQ5,23.097120669342026,28.60261251531648
Q8N0U8,19.747504367818536,26.365759041163184
Q8N0X7,22.622364751664843,26.812277692352417
Q8N108,22.171194002911594,29.43761467690239
Q8N111,23.28320400790304,27.797556201329503
Q8N128,19.328311517754788,27.0081462405675
Q8N129,19.99309131463658,26.726107027972542
Q8N158,21.952156285830725,25.344663868273088
Q8N163,22.874122549672457,32.493782265065676
Q8N1B4,20.51308831087058,27.43550702647809
Q8N1F7,24.371526231326236,32.03396898760845
Q8N1G0,22.05743476819977,27.53166112010396
Q8N1G2,22.331033719210456,27.959580379862942
Q8N1G4,23.27448587517076,31.17080069096176
Q8N201,21.39575505675373,29.0535705450535
Q8N2F6,22.119342227843177,26.619877137257717
Q8N2G8,21.95049701634372,27.404601006301675
Q8N2K0,21.007193207104336,28.605677581716805
Q8N335,23.163193406729985,26.875044031560492
Q8N3C0,23.186874730631267,30.829695476972464
Q8N3D4,23.07481583683839,28.485478380315087
Q8N3F8,22.968664551564537,28.29636300653193
Q8N3P4,23.00086831790604,24.412064177137434
Q8N3U4,22.170610971278233,28.85830755129505
Q8N3V7,21.474815259418122,29.442757892644103
Q8N3X1,23.675412032851007,27.094273929615902
Q8N488,19.650931837524585,26.781427863515578
Q8N490,16.27723900620706,24.820433195327595
Q8N4Q0,21.295719202887412,26.144555572015495
Q8N4Q1,21.725909928814897,26.34554583454678
Q8N4V1,19.505036159087656,26.900149158338696
Q8N511,20.774707448051622,25.646985931190308
Q8N543,23.74050494725248,27.58302136410887
Q8N556,21.153726629207387,27.00461108737508
Q8N5C6,21.853307423898034,28.543744452544974
Q8N5F7,18.198799676830987,27.382089782482225
Q8N5G2,22.392247588356796,25.555131435931553
Q8N5K1,19.792948049441915,29.82269073937591
Q8N5M4,21.426901968656875,27.58328051007001
Q8N5N7,20.237963518342944,27.736580381304382
Q8N5P1,20.523844307833386,24.56213289581476
Q8N684,21.252223919897748,30.333552055707404
Q8N6C5,20.045479520359322,27.956383283136677
Q8N6H7,22.48838417804073,28.92599476481773
Q8N6M0,20.43857035000632,25.91465756379191
Q8N6R0,21.16802550950998,27.840346859907697
Q8N6T3,21.994039534768763,28.02875402163103
Q8N6T7,21.040544924539606,25.62759678435457
Q8N766,21.90913868433076,29.72317848456045
Q8N7H5,22.245202292091694,29.24020420190669
Q8N806,21.907437658879527,27.855160294159575
Q8N8A6,19.87689246876672,25.38202719131538
Q8N8N7,20.718566739265476,27.338749933691123
Q8N8S7,21.21055775132888,30.117526225780896
Q8N954,22.14295520834404,26.218837750611883
Q8N983,19.862884530752403,28.338980333006976
Q8N999,21.321901098004748,28.16952082001046
Q8N9F7,21.153725484317054,26.034978412356725
Q8N9M1,19.585254132114294,25.661967004541495
Q8N9N2,22.97832237606511,26.425933319514364
Q8N9R8,20.41116747606512,23.045185889532412
Q8N9T8,21.639387377292394,26.019829843190553
Q8NAV1,22.49381135796676,29.306645853741834
Q8NB37,20.754686080258345,24.623736627768235
Q8NB49,22.368172244805656,25.447567231450183
Q8NB78,21.291709979788475,24.416895443725032
Q8NB90,21.66956233461951,27.264723392200935
Q8NBF2,23.886144038444133,28.179113728319322
Q8NBI6,19.924194442210254,28.727028366479864
Q8NBJ4,22.691130622169986,27.291313098648814
Q8NBJ5,21.377057012129374,30.20355040639798
Q8NBJ7,19.898571355876353,29.019935951017736
Q8NBL1,22.495262545515992,28.275345990485203
Q8NBM4,21.35684088282929,27.63890057974156
Q8NBN3,21.79557278567785,24.894756770320626
Q8NBN7,20.05844125194337,26.634414295854334
Q8NBQ5,22.34057230230672,29.762460779154964
Q8NBS9,22.162937814751146,30.827185797497894
Q8NBT2,21.451102125823052,27.906638454036894
Q8NBU5,20.40437015755747,28.614198207744877
Q8NBX0,22.06124427793829,29.154052731161535
Q8NBZ7,19.033755659802868,24.232898450667548
Q8NC44,20.793635554540252,25.09033287258889
Q8NC51,22.925865320480728,32.3944313054611
Q8NC56,19.947512686577532,29.091471858209943
Q8NC60,22.710574406164106,24.88580516538096
Q8NCA5,20.083540745630305,28.270555008658075
Q8NCC3,21.710033789160235,26.36846388156391
Q8NCF5,18.835772002359768,25.876453453133735
Q8NCG7,21.556034884698835,24.586619920012872
Q8NCH0,20.819076710145982,26.59774103747026
Q8NCM8,21.95325192934743,24.03942756202386
Q8NCN4,20.264677146351165,23.321949946698155
Q8NCW5,21.048251237225575,29.148547787064306
Q8ND04,21.778794371987804,25.63511457110484
Q8ND24,21.553049484956187,28.204110688036153
Q8ND56,21.63529537393154,28.216624615981615
Q8ND76,19.339002023677164,24.838186402607427
Q8ND82,22.914175506117736,27.15456690339478
Q8NDI1,22.963691530934685,27.823338351404736
Q8NDT2,21.668225003111512,27.55466362881276
Q8NE01,21.070155166558866,25.647294883368804
Q8NE71,21.232363690988095,30.84856544700421
Q8NE86,22.603669293489414,25.930322809208246
Q8NEB9,22.775900327209005,26.63653922694332
Q8NEC7,21.25539466356774,24.7674727323458
Q8NEF9,22.951201706741927,24.853820838881454
Q8NEJ9,21.85849371851176,29.37016128476417
Q8NEM2,20.81382179732448,24.514877938377076
Q8NEU8,22.11771848985029,27.49031366084528
Q8NEY1,21.271407748369416,26.482151246717205
Q8NEZ5,20.870552066551085,27.067252892146936
Q8NF37,21.81455387767086,26.103697276000663
Q8NF91,23.95440601499996,25.420084802172614
Q8NFC6,23.827383250964125,29.290270976595426
Q8NFD5,22.539454418385255,29.20771948465029
Q8NFF5,22.732408244264175,26.47310350160713
Q8NFH3,21.830598123999664,29.74476589728557
Q8NFH4,21.67579075097716,27.75340286367296
Q8NFH5,21.076533522602215,29.6218931495546
Q8NFM7,20.26209396139697,24.568544736887475
Q8NFQ8,21.514748397367008,29.058912195810436
Q8NFV4,20.37797030650893,27.995840018091542
Q8NFW8,22.852068781543235,27.99147817019884
Q8NHH9,21.807155296273194,28.3262337753905
Q8NHP6,20.925586303333045,26.26212458404707
Q8NHP8,21.67665433043597,28.127208454294397
Q8NHQ9,19.22460423540612,24.97645518171494
Q8NHV4,22.729149917545847,26.872992942427626
Q8NI08,23.340858830862796,28.158606890286418
Q8NI22,17.38363812670653,29.104518318564388
Q8NI27,22.444078383757784,29.5865107387705
Q8NI36,21.175839787539434,30.864896523562102
Q8TA86,20.849273957142348,24.548928152535414
Q8TAD4,21.81692075343539,22.912285789143585
Q8TAD8,21.92815410505719,26.77989174688715
Q8TAE8,19.074214903457605,27.623192886334728
Q8TAF3,22.369501279763067,28.398261998529847
Q8TAM2,20.85952312660328,24.901476905699834
Q8TAP8,19.440417622168358,25.616898523021586
Q8TAQ2,23.229287613233076,30.760756916379886
Q8TAT6,21.364142818807757,29.70786907598126
Q8TB36,22.751445160210817,30.946752349968495
Q8TB61,20.83395812185796,28.397762674969204
Q8TB72,22.35185196161482,27.445540490204763
Q8TBA6,22.49935260948749,26.733013344643606
Q8TBC4,21.642040889203066,28.949546389834776
Q8TBQ9,21.023770541860774,26.693090561966404
Q8TBX8,21.05145372539917,28.070232120757566
Q8TC07,21.256292526709245,27.61503104429716
Q8TC12,21.60696246822547,29.14075177401236
Q8TCC3,22.481514866843114,25.102460769629946
Q8TCD5,22.39826401903669,28.221193807764095
Q8TCG1,22.99982944224712,27.695668206530414
Q8TCJ2,20.42324745076873,29.2214077900778
Q8TCS8,21.633285587725567,29.55629549137525
Q8TCT9,22.546644066022065,29.754380439486372
Q8TD16,20.688773451124227,29.042839099244546
Q8TD19,22.259690096383828,28.18449796900312
Q8TD26,20.5938768662072,26.83717717564322
Q8TD30,23.11619357706264,27.321908724629754
Q8TD55,20.92943247418802,27.8266763112938
Q8TDD1,22.65427786219947,30.068940645770866
Q8TDM6,21.917512801135878,25.332985885923517
Q8TDN6,20.308627391104068,29.86327931197995
Q8TDP1,23.917384797166612,27.09983853161777
Q8TDY2,22.8287107581442,25.237878809559348
Q8TDZ2,22.109439610710183,28.077377786851695
Q8TEA8,21.464780819209714,27.422798796708783
Q8TED0,19.82189018731526,29.458589843358553
Q8TEM1,23.151095458544937,30.999782468305522
Q8TEQ6,22.940580457145877,29.55022830082138
Q8TEQ8,20.21387168413628,25.047498977451177
Q8TER5,20.498273071476007,26.013326827139473
Q8TEV9,21.349497474355175,25.678452065331864
Q8TEX9,22.06165217460342,28.80676379514371
Q8TEY7,20.9272099289267,23.782705718424783
Q8TF68,20.336961495695263,27.318932791038083
Q8WTT2,23.49593126513825,28.384291419953964
Q8WTW3,21.164644749707975,28.703976030816694
Q8WU76,20.173481133362493,25.647165816931494
Q8WU79,20.633277515626556,30.099443615315483
Q8WU90,23.100080103155634,28.521760312192963
Q8WUA2,22.81148406873016,28.261075774910314
Q8WUA4,23.469170157314093,29.323680779079584
Q8WUB8,21.879571019008925,26.996467885464885
Q8WUD1,20.751236776345618,27.397583698817858
Q8WUF5,22.37714470473692,28.27744141428827
Q8WUH6,22.01817160971014,28.53348453254551
Q8WUI4,19.420642470111037,24.978484572939838
Q8WUM0,22.620253676477663,30.40862465665994
Q8WUM4,24.037252894047448,31.624855378312862
Q8WUN7,19.22086207327294,23.97346734522914
Q8WUP2,20.443130235020103,26.725760090322538
Q8WUQ7,20.600775865242,26.595789079286707
Q8WUX9,21.54103662483121,27.71119770017929
Q8WUY1,21.539909748831953,27.276298852930946
Q8WUY8,19.98215155817475,27.641475838611143
Q8WUZ0,19.58562610564221,27.130424313101855
Q8WV22,19.498689653920543,25.1864138505044
Q8WV92,18.361185702751122,23.57977624130696
Q8WV99,19.77411300307839,23.84294318319193
Q8WVB6,20.20030252497805,25.64047634971675
Q8WVC0,21.222115480404515,29.130304073781407
Q8WVC6,20.956469670535483,28.12865897682423
Q8WVJ2,20.334847901123865,27.492749200725278
Q8WVK2,21.295281788527088,27.493823007603627
Q8WVM0,22.193466197378807,27.455962248979812
Q8WVM7,21.41768765557526,26.908553089054294
Q8WVM8,20.425657801523187,29.571012058975807
Q8WVQ1,23.20323945081253,27.116994540264088
Q8WVT3,21.917948278431577,26.595471397782074
Q8WVV9,22.133832602778543,29.659012441146558
Q8WVX9,22.168124088567247,27.851262015374157
Q8WVY7,22.393586050522522,29.614734670506525
Q8WW01,17.967093966656307,24.803222237225512
Q8WW12,22.154826509690174,28.9982181243647
Q8WWC4,19.824933418012346,25.64508192876918
Q8WWH5,20.683113706441993,26.979249491361408
Q8WWI1,22.149117878358936,28.35329284197314
Q8WWI5,20.040623927532746,24.792101909867327
Q8WWK9,21.475248272642098,28.12052745474535
Q8WWM7,21.413885460337692,30.216864962776537
Q8WWM9,23.8051370958876,29.97391383453901
Q8WWN8,22.444582814516412,27.381725232885994
Q8WWQ0,23.10401808309772,31.53926241380584
Q8WWV3,19.645827488834293,24.43758484686816
Q8WWY3,23.228275071830076,30.23045457191734
Q8WX77,18.99202216560105,26.30875447513129
Q8WX92,22.94997672810497,28.499511633924033
Q8WX93,22.01849937193663,29.206861894977425
Q8WXA9,20.445105373560523,28.788314724420978
Q8WXD2,20.79426507609824,28.393616787867394
Q8WXE0,22.15525351157914,26.16893333246288
Q8WXF1,21.93715302856791,30.780280376763436
Q8WXF7,22.13776642810937,28.052553317967234
Q8WXG6,21.991533091946764,25.67401324378851
Q8WXH0,24.222986027696415,32.44335021762425
Q8WXI9,22.314873222535187,30.062249782691968
Q8WXW3,23.01900819005922,25.522165953236545
Q8WXX5,23.46574833159246,29.964792082471522
Q8WY21,21.938118082289012,27.590406120763884
Q8WY36,21.960424116243757,26.277939048937753
Q8WY54,20.34006681187124,25.369338721759934
Q8WYA6,22.81626103481929,29.816061861882016
Q8WYP5,21.53367385767241,30.763368330516485
Q8WZ82,18.065525506543466,26.03676232435987
Q8WZA0,23.048020158848125,28.85834978523602
Q8WZA1,21.55865275989263,25.72629566796586
Q8WZA9,22.266702093908464,29.72035626316244
Q92466,23.123024419373717,28.343778119906982
Q92481,21.824086256018163,28.459265952299592
Q92499,23.233598641512383,31.94803043034161
Q92508,20.41090571932759,23.3045381170981
Q92522,22.427986411277224,30.83017755984137
Q92530,22.195448489970012,27.940677654990374
Q92538,21.964398223148482,29.738036721287088
Q92541,22.316389062947202,28.65891377978599
Q92542,21.61433175386621,29.250611673755923
Q92544,22.319559825662548,30.269587300932177
Q92547,23.116446468477093,26.379145952967416
Q92551,20.981010652587106,24.18129730758501
Q92552,18.799177980385227,28.01709073608787
Q92556,22.083443198821005,27.587050800456232
Q92558,18.358374880605172,28.260316894049186
Q92572,23.26246134305696,27.336075301467737
Q92574,21.361681124137448,23.528806932496977
Q92575,23.048312882975335,27.47202659641915
Q92576,22.939411730399307,28.84571132995929
Q92597,19.468599413110915,24.362878133976437
Q92598,22.716860418813187,32.837115260381054
Q92599,21.16094459298903,27.78884590267342
Q92600,22.038899341793716,27.49790832358929
Q92609,21.425658852172212,29.08331802407129
Q92610,20.348030866008113,25.748260830141767
Q92613,20.5782903486838,24.829609545986028
Q92614,22.81753860699059,27.060217714012538
Q92615,19.629467662175745,28.760516161442297
Q92616,24.30241489385092,32.39839664094014
Q92618,20.790741416195875,23.798126490273063
Q92620,22.311064847187758,28.917780477369107
Q92621,23.453513720083972,31.603310396095676
Q92626,22.371688412970766,29.974977219554102
Q92665,20.158937500387264,27.79871534520205
Q92667,23.919860960981634,27.775453076973818
Q92688,22.420464322104117,31.619830883721903
Q92696,22.235009178074577,26.918356108603962
Q92733,21.72996614796359,28.117747609532138
Q92734,21.852038925969108,30.222962035207125
Q92747,22.32196295298122,30.003987885303445
Q92759,23.2505256000754,27.912261257484673
Q92769,23.9967917803889,31.228755239919092
Q92777,20.103895196398728,26.278985825129357
Q92783,21.102870236011658,28.45798517711121
Q92785,21.126392019338116,29.403963949123973
Q92786,21.27931723809161,29.74212874740636
Q92793,21.314717105647677,26.12770300640358
Q92797,22.51632247804033,30.36530287385107
Q92804,20.252254889229235,29.896935424812746
Q92820,22.900676578563797,31.10543354310784
Q92823,23.672294333715048,32.387157755722654
Q92830,20.99659174901644,25.140739504310048
Q92841,23.664490393832562,32.659992695590056
Q92859,22.224768343266796,26.631754370159996
Q92878,23.561876214792708,31.598447437181687
Q92879,22.60456379206752,29.838671297857775
Q92888,21.86624338545921,30.12644328261639
Q92889,22.44287413671941,25.215629142200616
Q92890,22.176364196891296,29.366451147481566
Q92896,23.939558598520787,29.311091449917797
Q92900,22.183037438554354,31.737926830050853
Q92905,20.387507510771773,29.707881079058364
Q92917,22.38054798805658,27.976326259347676
Q92922,22.66233547043576,31.33216332275073
Q92925,22.770023514563047,29.928459733161684
Q92945,23.070236284796792,33.03795352904614
Q92947,22.50054974336576,28.131596241395613
Q92973,22.390482370091828,30.69371918872113
Q92974,21.67146649697156,31.142949772460423
Q92979,21.18955144474916,28.906550265121332
Q92990,19.881429912010624,26.925477774363447
Q92993,20.501907417520425,25.1804762864095
Q92995,19.26293247466489,26.008930143823516
Q93008,19.866707711437055,29.691672759295127
Q93009,23.561868968322262,30.901990561304878
Q93034,21.60835035458976,30.127533471961012
Q93050,21.389091627711977,29.276047937542774
Q93063,19.786863562852773,24.56786018523651
Q93074,23.68863858925617,26.80080746587002
Q93100,21.301776253550337,26.437223976756734
Q969E2,18.96039748552359,28.612362723833943
Q969F1,19.620347000041917,24.043450050997915
Q969G3,23.200734003803344,30.89422856175721
Q969H8,22.246602546280652,30.345352265495134
Q969M3,24.084827560137082,26.09867911699981
Q969P0,22.863074556765877,26.83917455306109
Q969Q5,20.63018543659584,30.87522145797603
Q969R5,21.11707181217716,24.24149769109788
Q969S2,19.823808979623376,25.53632160985388
Q969S3,21.352814777620726,27.49197264137529
Q969T9,22.452918168631317,29.317091157561478
Q969U7,21.530597716537027,26.97013268821622
Q969V3,21.1833130673915,29.63735595099589
Q969X5,21.374096923952923,29.471534702341856
Q969X6,20.073515612595514,29.34900901969096
Q969Z0,21.970503845809027,29.355384462076636
Q96A26,22.42936106658745,28.896266205406114
Q96A33,23.221935427310807,30.45184392259426
Q96A35,19.915005005241216,28.41486308352981
Q96A49,21.79152037159166,29.78984481302232
Q96A65,21.777859139864656,29.087053414688928
Q96AA3,21.092944708934045,25.962876908067475
Q96AC1,22.79949415769325,31.41998248690069
Q96AE4,23.798500678326,32.909423748022206
Q96AG4,22.432285935424826,31.757365178330563
Q96AQ6,19.678787631299343,27.704799927784926
Q96AT1,18.866394120560884,26.058325706762304
Q96AT9,20.20509878206079,26.35210533860798
Q96AX1,21.140926810376786,29.93059493153108
Q96AY3,21.746612980517494,30.328060015062754
Q96AY4,22.593649510346587,29.15235785564559
Q96B26,21.838788070187082,28.055388546460204
Q96B36,21.844542271270097,26.364793179309427
Q96B97,20.7658999994681,25.32769344399344
Q96BD0,19.77216868023987,24.676499487787876
Q96BH1,22.41190108109852,27.707065699531867
Q96BJ3,20.876362337521122,28.560394276590877
Q96BM9,19.01684488197279,28.10235562561009
Q96BN8,19.33512234663854,26.307693940281187
Q96BP3,21.7992202704495,27.915656701489475
Q96BR5,20.92459210578074,25.69516270234021
Q96BY6,22.01623213931885,26.077728855237577
Q96BY9,20.62069303794548,26.118102988244356
Q96BZ9,19.447951996831925,24.974276306053795
Q96C01,21.638877079265324,27.815996216768426
Q96C19,20.12545312863776,28.31196533002534
Q96C23,21.194728981331124,27.255056284224242
Q96C36,21.17361680863979,29.578910150042276
Q96C57,21.066613990074735,28.717633382214338
Q96C86,23.71366643269817,28.558660398305115
Q96CB8,22.509719888743643,27.410114984347256
Q96CG3,20.845171318051335,23.740168142601966
Q96CM8,22.800439189033483,27.80217666482284
Q96CN7,23.394219141662425,33.28028138154605
Q96CP6,20.666334926482424,27.0043572611512
Q96CS2,22.107424847188735,25.368417689733857
Q96CS3,23.307892155056745,29.703759053513778
Q96CT7,21.19346640024099,28.855073319682766
Q96CU9,21.38000935249799,24.916942278197265
Q96CV9,23.865028903472194,26.961507067529663
Q96CW1,21.778962119778498,29.860790292193396
Q96CW5,22.918920924979336,28.835936580569328
Q96CX2,21.21406240706954,26.568363774933502
Q96CX6,20.125308247404092,24.309150505945375
Q96D05,19.355213086580452,26.27931938585238
Q96D09,21.29392506543744,23.635522357083612
Q96D15,19.75483683127292,27.828568071915097
Q96D46,21.547437643240148,28.162442510307425
Q96D71,22.760555098792775,28.192860310542397
Q96DB5,21.73883928387232,28.518450631277677
Q96DE0,20.095659870132792,25.987767918324458
Q96DG6,22.60831822159131,26.884203128987522
Q96DH6,20.461235928847675,29.530720333401852
Q96DI7,21.78099930153185,31.058995569257235
Q96DV4,20.387108840071416,28.84097001642808
Q96DX4,20.257509857984136,24.595411984405697
Q96DZ1,19.25830026460123,27.007373625561176
Q96E11,21.026847948493995,27.548150874194437
Q96E17,20.249891463843507,27.712079474571002
Q96E29,21.528372513659246,23.08461489961812
Q96E39,22.276445623578628,26.8286763120861
Q96EB6,22.377651081633683,25.34146754053444
Q96EE3,21.063218773784232,28.748343638588466
Q96EK5,21.41057948828388,28.243491410781793
Q96EK6,20.44861754402135,27.971516759365777
Q96EK9,22.791978616421645,26.49853989493896
Q96EL3,22.965620877349377,26.994317171625234
Q96EP0,19.772403770691536,25.379850895596153
Q96EP5,22.12522913191959,27.763027495176757
Q96ER3,21.518688678356884,26.733240375081213
Q96ER9,22.6228059409316,28.052302627545007
Q96ES7,20.110279553033084,26.1970183445865
Q96EV2,21.04047406565483,27.46075020868775
Q96EY1,19.93784326569095,27.879733440238006
Q96EY4,22.771211169822738,26.273458424290098
Q96EY5,22.9601344463735,26.336385678502808
Q96EY7,22.124304614022606,28.794897341678986
Q96EY8,21.77614023041272,25.210867183976642
Q96EZ8,21.15379545036575,25.41726687143243
Q96F24,21.078601071211942,26.66685854602859
Q96F63,20.898189242651732,26.7328351550418
Q96F85,20.13962390697141,28.13614752586209
Q96F86,20.311816367836112,27.669836532783936
Q96FC7,21.580096972159794,29.51146526249427
Q96FF9,21.308463531725536,27.007661222013162
Q96FK6,21.636530819056425,25.851856471939623
Q96FS4,21.774265385281613,26.05402224468233
Q96FV9,21.840419182811626,29.410593975412453
Q96FW1,22.211480421334638,30.853088471562664
Q96FX7,20.89980205220923,27.231136470794603
Q96FZ7,21.321818791042123,28.114316057620076
Q96G01,19.116442430940356,24.546540265139466
Q96G03,22.967240856649195,29.728991077280366
Q96G21,21.87062739218311,29.336468779087124
Q96G23,22.976311844908814,28.74598666492411
Q96G25,21.592538128655676,25.184603976366212
Q96GA3,21.848872920736806,27.999162561997966
Q96GC5,21.447199466733835,27.291241429445243
Q96GC9,20.3626294959745,28.03305860982311
Q96GD0,19.89973368835931,27.546255973896088
Q96GE9,19.3099202314448,24.24091425190248
Q96GG9,18.103678258690874,27.10325625776959
Q96GM5,21.45211473195415,30.157345667821915
Q96GM8,22.797323145186706,26.512867953414684
Q96GN5,21.207208893505946,25.059512892935352
Q96GQ7,22.957375809039043,30.779121039888427
Q96GY0,21.209540138891086,25.191721101433156
Q96H20,22.282226509646147,27.175669336780498
Q96H79,18.3264954860179,27.799541593755073
Q96HA8,18.936452032193742,24.245110134622585
Q96HC4,20.075128183040665,30.032860787020244
Q96HE7,21.90649811056436,30.837589854307776
Q96HP0,22.528412232860667,27.18616895341584
Q96HQ2,20.918336831247746,26.57958565621214
Q96HS1,20.583573879355292,31.182124252046407
Q96HW7,21.147438117770527,28.397666762492303
Q96HY6,21.840152768989135,27.570455331043398
Q96I24,22.267422070809587,31.733605245097916
Q96I25,21.549983717485937,29.783280315909156
Q96I51,20.854732379929754,25.085646622944868
Q96I99,20.610847023435074,29.076092575123678
Q96II8,21.06788294268051,27.449807424048725
Q96IJ6,21.534304022939143,28.545478703446864
Q96IU4,21.43670991396904,26.858467136602325
Q96IW2,20.733914687943876,26.64996350457895
Q96IX5,21.946373277215425,29.310881361337188
Q96IZ0,19.77377549016719,25.695180073216697
Q96J01,20.721200217599677,28.110509178597027
Q96J02,20.294491766003137,27.692262364993983
Q96JB2,23.165176878519436,26.794458693264577
Q96JB5,24.297517320629932,28.138354186716203
Q96JJ3,21.8483982711668,27.97207680667139
Q96JJ7,22.765366294863835,29.6375412348475
Q96JM2,22.736910724257154,29.026258032492972
Q96JM3,21.526843348280913,31.03021556867242
Q96JM7,19.959901163700835,23.81943964609234
Q96JQ0,21.539775670406215,28.960852510313945
Q96K17,20.73639357388962,29.976187616382884
Q96K76,21.44789559757814,28.59567036104571
Q96KA5,22.314126963157978,26.507034188300164
Q96KB5,21.04616011600043,29.47820797229091
Q96KC8,20.139176902455247,25.55472830178461
Q96KG9,22.19257245221782,27.375797355835786
Q96KP1,22.13751133922705,27.743600115435378
Q96KP4,21.473725347155998,30.67795896751679
Q96KQ4,21.681352775888932,24.78855503355904
Q96KQ7,18.702083014676244,28.130897183850102
Q96KR1,21.047113909401055,31.12407455504469
Q96L58,21.079154263970604,26.224543612768123
Q96L91,23.85289882231551,29.06354541202272
Q96L92,23.605106190765586,28.142741415711463
Q96M27,19.878755564910715,26.756596623596526
Q96ME1,19.3706553341373,26.569325669684158
Q96ME7,21.635929689575054,28.222833859689384
Q96MG7,21.584437025762075,27.516943904753568
Q96MM7,20.918018848746062,24.023759815046386
Q96MU7,19.174833366159223,28.279486591989347
Q96MW1,22.402987077037082,25.624587137258626
Q96MW5,21.320337996599022,23.64061986010091
Q96MX6,20.824881495870102,26.972439024994994
Q96N66,19.718632038927236,28.05194357619587
Q96N67,22.944687995701468,30.73918603168702
Q96NB3,22.712436488614674,26.77501545832973
Q96NC0,23.0791291951064,26.551095016017307
Q96NE9,22.36566139462979,26.688336373772295
Q96NT1,19.96672561499614,27.084526235579126
Q96P16,20.522096047192566,28.49489376740186
Q96P48,20.49751498800717,27.721307417116424
Q96P70,23.24684764302015,30.50616125619851
Q96PE3,22.143687136058315,24.44596269883788
Q96PK6,22.719934310272883,32.55403604450561
Q96PU4,19.045992388545372,25.527303731508628
Q96PU5,20.025243175060915,27.98523769243301
Q96PU8,19.357987457682498,29.27844614985054
Q96PY5,22.75135086548386,26.956320705808416
Q96PZ0,21.569122219035812,28.6459609693069
Q96Q05,21.178808036590414,26.209533611854944
Q96Q11,21.58897429631642,29.032784311778975
Q96Q45,20.241956582618855,26.458320424627107
Q96Q89,23.267561872776643,25.918726468447524
Q96QC0,22.994387243372646,29.110557002431253
Q96QK1,21.625713173277806,31.38580316235477
Q96QZ7,23.30282839320609,26.938099821431734
Q96R06,22.125821970084672,26.29820293556081
Q96RD7,20.991525543167086,25.369542858008312
Q96RE7,19.5833911672931,27.490752012646986
Q96RL1,19.121981329997652,24.751114167647877
Q96RN5,22.065349685799326,26.538350885889542
Q96RP9,22.705964109883276,30.681757507341036
Q96RQ1,20.1876695340069,26.307678778943654
Q96RQ3,21.224504403736727,27.420690992420838
Q96RS0,19.82035547701182,24.28463538433265
Q96RS6,23.122060588658552,29.21902369237541
Q96RU3,21.795905559141104,26.841011908105628
Q96S44,20.245950238831032,26.313665287761424
Q96S52,21.358652474883943,28.531291113434104
Q96S55,21.058710562894905,28.518833580115672
Q96S59,21.57098002673728,27.378951454044927
Q96S82,21.224387544372,25.460678354556283
Q96S90,19.1591467794644,24.635223313525167
Q96S97,17.523650697497715,27.67306667440663
Q96SB3,23.915291032827547,29.616887986834005
Q96SB4,21.344538644348095,28.597020117596884
Q96SB8,21.701586414047494,27.818486435448033
Q96SI1,20.858018408196322,27.781465581333574
Q96SI9,22.087146033326245,28.907308202387618
Q96SK2,22.199578760563096,26.59009788233829
Q96SL4,23.915738174873358,28.50246497950665
Q96SN8,23.150209599770204,26.089824250533184
Q96ST2,21.30011624329948,28.026413973452243
Q96ST3,21.686173591196525,30.69343250458421
Q96SU4,21.942353311018145,27.181285186441233
Q96SY0,22.782278911301436,27.30834335049682
Q96SZ5,23.122093156913973,28.65439203314874
Q96T23,21.997564484934287,30.17731266664951
Q96T37,21.001377253131547,29.074819738104615
Q96T51,21.645867150555617,26.71899234274737
Q96T58,21.631535583762012,29.197313478133182
Q96T60,21.08091094174625,28.537302061205853
Q96T76,21.431069675932818,27.369103028651917
Q96T88,22.49046682766729,29.322477730600077
Q96TA1,21.989653058543002,28.974641057165567
Q96TA2,21.77460822788253,28.171018713875732
Q99417,21.06507133408544,28.546915433689094
Q99426,21.08351411532554,30.766265739363135
Q99436,20.71310106463454,30.094582249464025
Q99439,21.66469484338569,28.576013081647833
Q99442,21.000069081010924,28.100984504382737
Q99447,20.433358539040515,26.51177244246869
Q99459,23.189419671375806,31.330345623666428
Q99460,22.335819933719762,31.874002884413667
Q99470,21.34823236946276,28.65943336250566
Q99471,22.924392367120134,29.46502389541413
Q99496,21.652399219632407,28.113054610604394
Q99497,24.46315343777919,31.844385254556357
Q99504,18.771383763798276,24.085544249036033
Q99519,22.1143506780509,27.62899511754662
Q99536,22.153224264342732,31.742126210029202
Q99543,22.908255643066457,27.72272279182871
Q99547,22.020712785280192,27.580641642348855
Q99549,21.056122953858974,26.29071790446375
Q99567,21.417633591571477,29.843637033376183
Q99570,20.79271325597281,28.78889826864139
Q99575,22.9143902287116,27.839312757719984
Q99584,22.167659358360783,28.618157020681906
Q99590,22.446635344649362,28.142720803482508
Q99598,21.63260707985223,28.752079296078247
Q99614,20.85561341048915,28.04856529654801
Q99615,19.941935387987993,29.984047261370833
Q99618,20.101681656492328,24.260416927208176
Q99622,19.82741722311127,26.45700764676402
Q99623,24.25535824972047,33.50810330608692
Q99627,21.407814504942483,29.0888762277901
Q99633,21.723760696274415,27.260497829528152
Q99653,20.2606095489167,28.827642236123697
Q99661,21.70225686894326,29.190168922519874
Q99674,19.776041866062293,25.98864006218749
Q99700,19.05756925481373,28.484342661124572
Q99707,21.270837337579632,26.4471053410472
Q99714,21.0157186923945,32.09363796699802
Q99719,22.618916399773056,27.40763854771946
Q99729,21.51181725130338,31.573230925017306
Q99733,21.345720796167548,30.699980779472384
Q99735,17.310335275368125,26.73019718979982
Q99747,22.044774285391263,28.69428690525017
Q99757,22.257680135682406,27.474901649452736
Q99798,21.646839751703876,31.217776785088457
Q99805,22.155365790288325,28.72673819005521
Q99808,20.35450448640054,24.351397079474026
Q99816,21.767524879734502,29.186786653984008
Q99829,21.359577992085,30.426335686811903
Q99832,22.699162255292695,33.082181130127985
Q99836,20.54464050951746,25.275211496861566
Q99848,22.57707109831976,30.39145316172673
Q99873,21.024218390869756,30.859856497212903
Q99933,20.112184416594793,24.555071998771613
Q99961,22.850141597817508,28.210485666641507
Q99985,19.526747208266258,25.614972826453172
Q99986,22.03542636898701,28.750734021694225
Q99996,22.949065984652158,29.78326535843002
Q9BPU6,23.078008740669002,31.522963461490146
Q9BPW8,19.98528386531489,30.698436665986012
Q9BPX3,20.066801244086175,29.662186806828046
Q9BPX5,20.187976779191693,28.899689516320716
Q9BPX6,21.17232368266489,28.672345909064973
Q9BPZ3,23.44109220526525,25.484589205236635
Q9BQ39,23.134714187258915,29.941368677921375
Q9BQ48,19.606771717604225,25.09973066676483
Q9BQ52,22.587989903130754,28.949488664001507
Q9BQ61,19.777643627975902,28.009081132741613
Q9BQ67,21.225943252717506,27.635109546500246
Q9BQ69,19.484887324685346,27.79404928833148
Q9BQ75,22.036334942789132,27.681264688406703
Q9BQA1,21.554034305237156,28.725001404087074
Q9BQA9,22.41078533655605,28.395151001609303
Q9BQB6,20.244013345144914,24.67044166112209
Q9BQC6,21.56917456615581,26.546028037733016
Q9BQE3,18.066611745275473,23.311533112735614
Q9BQE5,19.561654376258506,25.945737880065902
Q9BQG0,23.90472262423078,31.291470720967858
Q9BQP7,22.1762624013075,27.847825335095575
Q9BQS8,21.789330590739983,26.298345143033025
Q9BR61,20.910732724436365,27.100638841301734
Q9BR76,22.894314175175673,30.409996756780398
Q9BRA2,24.588314401706988,30.59567030039186
Q9BRD0,21.821894992556274,27.89828333389321
Q9BRG1,22.869437106523534,27.221000783846037
Q9BRJ2,21.334028403488155,28.618871794749325
Q9BRJ6,22.04979319541682,29.1404450222657
Q9BRJ7,21.474670182264678,26.99517830423936
Q9BRK5,22.40608568907211,29.605469213243495
Q9BRP4,19.295147348571213,27.289922447346324
Q9BRP8,21.037833986375258,28.48009101671813
Q9BRR6,21.826890120196325,27.210252916578348
Q9BRS2,19.543355662942474,27.68108194404086
Q9BRS8,21.996546435343117,26.71269828919087
Q9BRT2,21.505896767009155,25.94930598614973
Q9BRT6,21.506256105786107,27.923282622962823
Q9BRT9,20.447024466009957,27.140350975674025
Q9BRV8,20.662833288274246,28.223323005320573
Q9BRX2,22.222341971916872,27.585256556665225
Q9BRX5,22.15661672368172,27.340526895713914
Q9BRX8,22.390248387810594,29.31796855101523
Q9BS26,21.639891217890966,30.686642429278766
Q9BSB4,21.18243707421871,25.37623129059636
Q9BSC4,21.384395070322483,28.20917193882288
Q9BSD7,22.889868149449654,28.998616385756677
Q9BSF4,20.45672022424947,25.764948348564772
Q9BSH4,19.30332799167528,27.937216780602363
Q9BSJ2,21.94491640290856,31.480874142376013
Q9BSJ5,19.828987489926387,26.52481418224742
Q9BSJ8,22.77814254610098,31.061388279385135
Q9BSM1,20.240916766452,24.18970012271309
Q9BSQ5,22.48811772699945,26.00835543989436
Q9BSR8,22.704415027271416,27.02368427039151
Q9BSV6,20.519858244625766,25.2332628228349
Q9BT09,21.75827433165544,28.97458632830562
Q9BT22,20.191083481446253,24.958350783650395
Q9BT23,22.453340160352226,26.263333941756365
Q9BT25,18.380563609543827,23.519173240679567
Q9BT73,18.840940651289326,26.012484467102723
Q9BT78,22.185433357913094,30.22200508741303
Q9BTA9,24.081000230466646,29.614513800476274
Q9BTC0,22.459435572853423,29.857781512293883
Q9BTC8,20.40660861104842,27.90835448592889
Q9BTD8,20.883042162329122,27.3482193498055
Q9BTE6,20.878306398784062,27.424758958280467
Q9BTE7,22.67286859464609,27.022699191554057
Q9BTL3,19.441689914002247,28.055939446947317
Q9BTM9,18.361815107463908,26.69612082093136
Q9BTT0,20.514942528233355,30.202423080204063
Q9BTU6,23.064979524825176,26.866223605317106
Q9BTV4,23.075676450822485,30.132740330700184
Q9BTV5,20.563843602376608,28.71638969672753
Q9BTW9,21.966336666189655,29.938021083208987
Q9BTX1,21.231355692453878,28.302233950436417
Q9BTY2,22.912896836694582,28.674461021230073
Q9BU23,22.511696750190108,24.671824938583203
Q9BU61,19.067948600103765,27.11163456065618
Q9BUE0,21.827299640668706,25.405648666248823
Q9BUE6,19.765257703145764,24.25218056996863
Q9BUF5,19.74289923222975,29.65978858174233
Q9BUH6,18.925793461865297,26.08506357969216
Q9BUI4,20.748346817244876,23.993108430192226
Q9BUJ2,21.565198867395566,31.275190586656407
Q9BUK6,20.151321776079655,27.90340096036519
Q9BUL5,21.695874803334437,27.1480720751735
Q9BUL8,20.650998617198095,29.66731981933443
Q9BUL9,18.750736395885998,25.304040792129896
Q9BUN8,20.735239422890913,28.38714398065158
Q9BUQ8,22.809208702317868,31.048840783315157
Q9BUR4,19.36855518315411,26.89604353485514
Q9BUR5,21.1049868515384,27.50612038193897
Q9BUT1,21.748732921866214,28.45553847215521
Q9BUV8,18.000285242838373,25.717505394404707
Q9BV19,19.341229404536648,25.470339798041266
Q9BV20,20.859151464742112,27.47361809371804
Q9BV38,24.241612203898956,29.46560575418074
Q9BV44,19.25953999926262,28.21771876268477
Q9BV57,22.80843329269818,29.568890977732057
Q9BV79,20.140472088201236,25.093435359825442
Q9BVA1,18.630582003588597,30.89271103253828
Q9BVC5,22.577185174343388,26.207656575932717
Q9BVC6,22.747516429102642,28.51117854368444
Q9BVG4,18.305546737652072,28.629419186046743
Q9BVG9,19.59115734878681,24.705336579331757
Q9BVI0,20.86194601313787,22.611079119873057
Q9BVI4,21.725840106997612,28.689799288336186
Q9BVJ6,21.706766532061962,29.19393517122102
Q9BVJ7,20.727775031846107,27.265901462604678
Q9BVK2,20.601656617485396,26.01931378553462
Q9BVK6,22.42611682383557,29.328440222142625
Q9BVL2,23.520902492386266,28.29055687646952
Q9BVM2,23.23902954422748,27.68212237691977
Q9BVP2,21.92625491743163,29.96093905094488
Q9BVQ7,19.657915966423563,26.637421133826507
Q9BVS4,21.196888309709852,26.495227487668263
Q9BVT8,19.58960146171437,27.17547674811382
Q9BW19,20.969262322200425,28.35618375858357
Q9BW27,21.90128651653259,29.80542371548791
Q9BW30,23.59220727710959,26.902584779431297
Q9BW60,19.8376837773012,26.129235808837464
Q9BW62,21.57051174033154,23.670517533647175
Q9BW71,22.220228210680872,26.982117884838345
Q9BW83,21.169513842561766,26.24838536722087
Q9BW92,21.615182231860167,28.03835244413304
Q9BWD1,23.13655895093249,29.071608683833247
Q9BWH2,19.589127834954123,26.629169381733725
Q9BWH6,22.299289119232455,27.483830596002456
Q9BWJ5,21.03264695178379,28.747208568004737
Q9BWM7,21.857750425961928,29.62311063059958
Q9BWP8,20.34149716195077,28.49987952136126
Q9BWS9,21.85563488612227,29.015416848917223
Q9BWT6,19.703724687323003,25.18665620999497
Q9BWU0,20.906475225650716,28.155598538308666
Q9BX40,21.372706632853344,28.699089578123917
Q9BX68,22.669578467500973,28.102172924318655
Q9BX79,21.488751950726492,29.236955296941705
Q9BXB4,22.839338405900396,27.60075491027832
Q9BXF6,21.77392939037537,24.26747176091684
Q9BXJ8,20.658289520026557,24.672548023471258
Q9BXJ9,20.44669633644993,30.3450155627069
Q9BXP5,22.571638265106923,31.20776987076303
Q9BXS5,19.528364358923373,29.51293390495782
Q9BXS6,22.600271625493722,27.73127640026682
Q9BXW7,21.076780352273,29.091471079121753
Q9BXY0,20.091472533240793,28.457155733443308
Q9BY32,21.875400609651845,29.53473541494199
Q9BY43,20.751848464006848,28.18968839166209
Q9BY44,22.992778624662268,31.170236757713013
Q9BY67,21.85369584019967,28.898537044922435
Q9BY77,23.26069511169621,29.206537509696012
Q9BYC8,19.79224165227453,25.259542863331568
Q9BYD1,21.17845758528211,28.263701028006974
Q9BYD3,22.45383627676968,28.372760898994127
Q9BYD6,23.31251720327438,28.45638783752959
Q9BYG3,20.402732641330758,28.321994873994743
Q9BYN8,22.37855837557818,27.14934652773928
Q9BYT8,22.310672230325377,29.583893460428463
Q9BYV8,19.791542798777524,28.739913187365254
Q9BZ29,21.74601649468901,25.527637360728725
Q9BZ95,20.869724428496436,30.039892768512267
Q9BZD4,22.040184906127937,27.708323644967958
Q9BZE1,22.58794789509177,28.175812683835904
Q9BZE4,22.920623082014824,30.111304382492275
Q9BZE9,21.71282145110625,29.776925351860097
Q9BZF1,20.5404327188152,29.02253904483693
Q9BZF9,22.496710646757556,27.385013056117344
Q9BZH6,23.338258570595166,27.56848070362442
Q9BZJ0,22.995789580299682,29.836413049919216
Q9BZK7,18.244963108587122,28.924161352246134
Q9BZL1,21.063590649250454,27.940029099737885
Q9BZQ6,19.970348731268448,26.79153699751994
Q9BZQ8,23.263904762444344,26.937459908159003
Q9BZV1,19.239132441222313,25.19791685901072
Q9BZX2,21.915007930721487,28.422017649665854
Q9BZZ5,21.30203075745035,31.222365811850842
Q9C004,20.09993570405887,27.22810625988477
Q9C040,21.639589275931783,28.429287507078836
Q9C0B1,21.92296129182882,29.623490390460194
Q9C0C2,22.01353329163423,29.414355747251108
Q9C0C9,22.407030263244202,30.037211655307146
Q9C0D5,21.14900981461461,28.173829757608093
Q9C0E2,21.693314232055066,26.341206173279982
Q9C0E8,22.418612642284646,29.60761126602835
Q9C0F1,21.801624873200364,26.853969380126458
Q9C0H9,22.18759294069438,26.34142763066032
Q9C0J8,21.697664072398837,29.4577239371393
Q9GZL7,20.651380258836788,30.3677111661493
Q9GZM5,20.60279905048073,26.273299914487666
Q9GZN1,20.54354807763523,24.486400721138317
Q9GZN8,20.75946901241809,26.75151472183194
Q9GZP4,21.914933257539847,27.201817792236255
Q9GZQ3,21.94535090988481,25.42758314069418
Q9GZR2,21.97452166705631,26.60458421218466
Q9GZR7,21.676838400968442,28.71992987581359
Q9GZS1,21.638146531828564,27.62683290524019
Q9GZS3,23.10610250247261,29.57595605771728
Q9GZT3,22.29532063119188,30.835744918794294
Q9GZT4,20.404254291712512,26.42601017761337
Q9GZT8,23.16099188714419,29.08804173179476
Q9GZT9,20.94306833545837,27.30619345002109
Q9GZU8,21.564599932409685,27.664908296546493
Q9GZY4,21.915124460342945,22.42160567483751
Q9GZY8,20.123858070659754,27.419637163148668
Q9GZZ1,22.65033796089517,29.653427649708547
Q9GZZ9,23.057723250631714,28.553014193892036
Q9H000,21.817335430319567,26.505397729173982
Q9H019,20.71663825078459,27.013625378125266
Q9H061,20.959118878447626,24.682651979267085
Q9H074,21.620803118360513,29.9329469732104
Q9H078,21.354220567959388,29.72793643136484
Q9H082,20.768281804814105,28.10866847069658
Q9H089,21.30780374050682,28.152393255969663
Q9H0A0,21.718535986609268,30.351790197964878
Q9H0B6,21.8294839141114,29.361676093002462
Q9H0C8,21.324371670169505,28.48531755080241
Q9H0D6,19.381490590954076,31.293363313565152
Q9H0E2,18.920873641815547,28.297360297191222
Q9H0E3,20.6953247755363,28.49585068186188
Q9H0E9,22.438153144099427,27.381787868673804
Q9H0F7,21.288042149376345,26.1140943693517
Q9H0G5,21.19450369701604,25.151425281396104
Q9H0H0,21.357450207455265,26.514302723971
Q9H0H5,23.11194944179735,27.801818136790168
Q9H0L4,20.332851746306105,26.969074605275864
Q9H0P0,22.52360666204772,29.291420895146707
Q9H0R4,23.05064450348042,26.731332491191242
Q9H0S4,20.193303652681557,29.941812521250565
Q9H0U3,20.137613839487503,27.556575496397954
Q9H0U4,21.033173126124257,27.63535699990427
Q9H0V9,22.68808917326537,27.281338550234203
Q9H0W8,21.013103244838952,26.078899086141142
Q9H0W9,21.78779085366024,26.492499843750863
Q9H160,18.236929810917395,24.15651896460738
Q9H1A4,23.28910832987877,27.5809766189068
Q9H1B7,20.246797376353474,28.520097681938076
Q9H1E3,22.994542137028766,28.968146270545468
Q9H1I8,20.64665309934456,27.99434853849998
Q9H1K0,20.201821028073276,24.376599848616877
Q9H1Y0,21.521560776302195,26.847168984808917
Q9H1Z4,19.642992586257225,31.500178831544314
Q9H223,22.1724657683612,28.925478442519736
Q9H267,23.024981928027874,27.672770472645063
Q9H269,21.702137081474476,27.661825506590127
Q9H270,20.507760037494624,25.86754330965974
Q9H299,19.06023567092993,29.88674596008075
Q9H2B2,21.341695009979897,23.48400977541821
Q9H2D6,22.43334164635032,26.433296318235637
Q9H2G2,23.01455030711442,30.796961017751276
Q9H2H8,22.414106945179046,28.58813357674295
Q9H2J4,21.91851231448484,28.467218302263163
Q9H2K0,21.632874523056977,23.724521995351118
Q9H2K8,22.50594867161241,26.140203470553423
Q9H2M9,22.8448466831552,30.46769515237425
Q9H2P0,23.10346717896095,30.672089115026605
Q9H2P9,20.862457649251276,28.46246152532589
Q9H2U1,22.20834848609437,28.931152711698576
Q9H2U2,20.309267606155935,30.29951762052511
Q9H2W6,22.72850107467974,27.784296254752284
Q9H307,22.561805448256727,32.34875941830492
Q9H330,22.134121392431087,25.150785742557375
Q9H334,21.879621426695,26.839619271525702
Q9H3G5,22.724745967330186,28.014133176253665
Q9H3K6,21.30672288404806,30.54687584767982
Q9H3N1,21.65188102416498,30.62219150920228
Q9H3P2,21.906025570158445,28.527900916646498
Q9H3P7,21.077506669971182,29.96972964326059
Q9H3Q1,21.967440957062085,26.22775195550557
Q9H3R5,21.968391397771846,25.99943250231767
Q9H3S7,22.059593326950818,28.821531679306528
Q9H3U1,21.816151465684563,29.7647715174974
Q9H3Z4,23.189675705044074,27.83795896876874
Q9H444,23.054698695180026,29.150447952322075
Q9H467,22.79182178525971,26.548996406246108
Q9H488,18.28131129666043,29.525025564452218
Q9H492,22.33208729521687,26.95962327544577
Q9H497,20.470464362325956,29.71988150897588
Q9H4A3,23.874422716065855,28.603553007331065
Q9H4A4,22.256407336103223,30.164300862412134
Q9H4A6,20.678466395126772,26.04651300805478
Q9H4G0,22.844602980995372,25.12204703616397
Q9H4G4,21.969618583683427,26.44395489345618
Q9H4H8,21.357939885310397,27.534625717675155
Q9H4L4,21.544197352270263,29.346394050429268
Q9H4L5,20.78191872391503,27.755363015080928
Q9H4L7,21.814960064276917,27.139809382566916
Q9H4M9,22.165746820337922,30.48865919444268
Q9H501,21.66256755607846,29.55882550574654
Q9H582,21.172074950337645,24.646834147213966
Q9H583,22.71759041752573,30.80008040130922
Q9H5H4,19.9524942525424,26.300434332297833
Q9H5K3,21.443812526544487,27.00643243807013
Q9H5N1,21.35178248641931,26.48266613916033
Q9H5V9,22.4713488297107,26.630467615484278
Q9H5X1,19.730568195508837,25.280933039747307
Q9H6E4,21.798471702649373,25.407921928884544
Q9H6F5,21.404253034102194,28.111941544356874
Q9H6K5,21.210713214277906,27.992463225793554
Q9H6R4,22.14697903455612,29.19964051380976
Q9H6S0,22.29833339882712,26.842038093461866
Q9H6S3,20.374914033797275,24.426761989424556
Q9H6T3,21.823714933526276,29.200433453661237
Q9H6U6,21.133991704304947,24.03473769183046
Q9H6V9,21.81721374605607,28.928402335003426
Q9H6W3,21.434135317461287,28.265771530182807
Q9H6X2,20.344239297905027,27.59685316769683
Q9H6Y2,20.687995955046535,26.397474474718262
Q9H6Z4,20.007521768898915,30.411540316354884
Q9H706,22.292780331154148,25.57249291758983
Q9H773,19.96499914687695,29.36547291141483
Q9H788,21.25595342111743,26.98876739771932
Q9H7B2,22.44038851783573,27.38763363139964
Q9H7B4,21.30235254815265,26.805120283420713
Q9H7D7,19.429886917355304,28.450521198018563
Q9H7L9,22.828583052986357,27.071075803806515
Q9H7N4,21.393043658033307,28.62004464249706
Q9H7X7,19.632968079948277,25.993855716420658
Q9H7Z6,22.943612828908844,28.187753716357342
Q9H7Z7,21.297988753452252,28.045927166769427
Q9H814,22.890033588255857,27.475551311116117
Q9H832,21.234311520604813,29.178129633167142
Q9H845,22.602935509290674,29.47561187014634
Q9H857,21.29951134823004,29.160198607591123
Q9H875,23.45720306054002,26.78015802369158
Q9H8G2,22.67146670019829,26.585661081326656
Q9H8H0,23.442566123064317,29.728256368164743
Q9H8H2,22.36660137670365,25.524977775647677
Q9H8J5,18.11477610258015,23.764920612877027
Q9H8M2,21.275208630485803,25.68796910153661
Q9H8V3,20.922944264337893,24.666649476525706
Q9H8Y8,18.583816893602116,28.584716439302923
Q9H900,20.50660307102974,26.848018440358466
Q9H910,20.13153279419132,29.84658972209634
Q9H920,17.110363664338,23.316733270183256
Q9H944,21.33565862840996,26.478843499048942
Q9H981,22.04432616112585,26.110513219169363
Q9H993,22.59134861560328,27.210570042205617
Q9H9A6,20.07237174074581,29.256075960512668
Q9H9B1,21.422724216842788,29.126107507237368
Q9H9B4,19.929609909416218,31.51004536755937
Q9H9C1,23.175408786679306,26.826914031542053
Q9H9E3,21.80430025243813,27.709666101372935
Q9H9J2,20.772533039626968,27.974266080679485
Q9H9J4,20.766025956926853,25.868480939717195
Q9H9L3,21.313729590956505,25.541795904328573
Q9H9Q2,19.331366645040905,28.461438246613607
Q9H9Q4,19.869932647934064,24.367916283895678
Q9H9S3,20.166825809417524,26.97433821184298
Q9H9T3,20.606944281923766,27.942689818647548
Q9H9Y6,20.965105161408335,29.77478596451423
Q9HA47,18.47404527218728,23.879943485968393
Q9HAB8,21.949171738504912,26.470505223458215
Q9HAF1,20.30263302083524,27.599684394918796
Q9HAN9,20.641072564973147,26.95311923821422
Q9HAU0,21.94728588896064,27.11854165864301
Q9HAV4,22.093924309779766,30.11403293197043
Q9HAV7,23.322031992315058,29.08417030881593
Q9HB07,20.514744595038408,30.251157573330772
Q9HB40,20.998202477988475,28.139850146587644
Q9HB71,22.355578739717103,32.54509896295633
Q9HBE1,20.131644259543002,25.338160571606643
Q9HBF4,21.068940555814834,25.483353293661878
Q9HBH5,21.5219381908721,26.62365845162638
Q9HBI1,20.41258540653502,24.894426328842794
Q9HBK9,22.271800856147607,27.654425338372018
Q9HBL7,21.2734954114371,30.442023247843263
Q9HBM1,21.77116961213245,27.114518371002987
Q9HC07,20.317545457792576,28.58581533692306
Q9HC35,21.53607662357666,32.38515492187644
Q9HC36,19.63663272693975,26.76252579993621
Q9HC38,21.481398315677076,30.26550315351332
Q9HC52,21.141009609292617,28.670351512683293
Q9HCC0,20.065855429884326,28.592259653997385
Q9HCD5,22.27471160269513,29.141628586851056
Q9HCD6,20.90414478090651,25.82111400677745
Q9HCE1,21.950338462530116,29.12812216429996
Q9HCE5,22.19097070601743,24.18861000236267
Q9HCG8,21.396017057574824,27.909995370808126
Q9HCK8,21.62801970636604,28.244645023997435
Q9HCM3,22.294303885682574,26.990202127196802
Q9HCM4,19.6494731058904,27.99335518479235
Q9HCN8,23.100534045785807,30.84232533125579
Q9HCS7,20.975819128908267,29.44743431237042
Q9HCU5,21.093368835629487,27.890533234321644
Q9HD15,23.691149556046586,27.909831212122175
Q9HD20,21.919422282708325,30.334130877003435
Q9HD26,21.9119064593715,26.51565168469948
Q9HD33,21.53594252610794,28.08084678910559
Q9HD42,22.167087116524204,28.62268917708618
Q9HD45,22.90148699948501,29.047891332437803
Q9HDC9,22.849554674272174,31.07404108113703
Q9NNW5,19.710233739320312,27.42001772436391
Q9NNW7,18.809830388616763,24.731394524400766
Q9NP50,22.0640434644242,25.12053841314024
Q9NP58,19.658735438388828,26.12726971321524
Q9NP61,22.100247787979523,26.285537098043406
Q9NP64,21.581761072512727,25.032663656045077
Q9NP66,22.820569328812805,28.556505623952393
Q9NP72,20.942814984821126,30.011793920179457
Q9NP77,21.705302796698636,27.058793854840488
Q9NP79,20.289414367503074,29.93802618647318
Q9NP80,20.61638755055929,25.147375482724524
Q9NP81,20.58549958072907,28.542991348271872
Q9NP97,22.610460939917033,28.09996992047697
Q9NPA8,21.94147414653465,28.660092097788393
Q9NPD3,22.193763483249377,28.556309060474693
Q9NPD8,21.653982379123214,29.574500113033736
Q9NPE3,18.305572476720627,28.02077882637956
Q9NPF4,21.55087727774282,27.248537626281166
Q9NPF5,20.903833098603418,27.56064670256085
Q9NPH2,22.81875339274581,29.854357991610808
Q9NPI1,23.18669087561265,27.800993675516175
Q9NPI6,20.82223640293694,28.155483249081737
Q9NPJ3,22.807734913581942,28.691764744568818
Q9NPJ6,20.6899897453042,26.819596129792966
Q9NPL8,20.192510053480518,27.176016940432348
Q9NPQ8,21.300630697712528,29.10582453903024
Q9NQ29,19.502463898718254,27.431465486009692
Q9NQ48,21.303824807059485,27.328342985856562
Q9NQ50,22.830608628573348,28.004539617235228
Q9NQ55,21.885856707299602,26.481523550750605
Q9NQ88,21.797853845326074,27.389508131355186
Q9NQC3,21.89973671926413,32.124798893910146
Q9NQC7,21.2148336144136,24.547894231193002
Q9NQG5,21.646423442575323,29.13248723512815
Q9NQH7,20.111377868049058,24.816691775061088
Q9NQP4,22.374061325563574,28.97449727772241
Q9NQR4,22.9735093702678,29.09551254337628
Q9NQS7,20.796839328373135,28.47964418897152
Q9NQT4,20.693362202270702,27.71910705285036
Q9NQT5,23.228182188740547,27.963575416312764
Q9NQT8,22.745612489190915,28.133994678025452
Q9NQW6,21.245635080826876,28.369273827481685
Q9NQW7,21.9739467812792,29.88439961612757
Q9NQX3,20.057510173052115,28.32067228899751
Q9NQX7,19.46760339746738,26.361368509402677
Q9NQZ2,20.28500668815285,27.283378159647118
Q9NR09,22.62736360307582,28.352554909371563
Q9NR12,21.674429890892426,30.231768566203087
Q9NR19,21.668112791132398,26.786969979531076
Q9NR28,21.88399955094559,30.338024944149964
Q9NR30,23.20168854527018,32.24343238549558
Q9NR45,21.217254764554806,28.8465199299904
Q9NR46,21.963994230404936,28.5669844871116
Q9NR50,20.92916352691203,28.638416437798064
Q9NRB3,21.51634721663456,23.553737674387474
Q9NRC1,18.36320407667607,25.601647613101637
Q9NRF8,19.632921805321498,27.393236341817442
Q9NRF9,19.232632154746284,27.07013519114815
Q9NRG0,20.71678973372182,26.601486331339526
Q9NRG9,20.85301650546149,29.29334699510818
Q9NRL2,21.743501914238507,28.69729891775212
Q9NRL3,21.465794051809283,28.380421208795152
Q9NRN7,21.653190019748052,29.092266586693995
Q9NRR5,22.211055961021742,29.64982054292165
Q9NRV9,21.72126285344879,27.40462941585676
Q9NRW1,20.892625773582413,26.550878819989595
Q9NRW7,22.698115754017206,29.439875343496283
Q9NRX1,21.907431874632657,27.697250224401703
Q9NRX2,20.061398421418392,27.923784243316298
Q9NRX4,18.675572353493084,29.388824016186064
Q9NRY4,24.307638493678652,28.24974421033215
Q9NRY5,21.841847876632496,27.499825292882246
Q9NRZ7,22.729020555652436,27.57756831528262
Q9NRZ9,22.06702976757392,29.715920922371122
Q9NS00,21.06769880098362,25.099490049357225
Q9NS69,18.867640733376053,27.94325273252395
Q9NS86,21.368917708120858,27.618410936883933
Q9NS87,23.967847157504384,26.966561172563235
Q9NS91,21.74624891735225,25.587041966502984
Q9NSD9,22.211259165186878,30.356598973297675
Q9NSE4,21.208485744707275,31.224994507214983
Q9NSI2,21.82018871418415,27.638622364098012
Q9NSK0,22.702643907659766,26.801955139853035
Q9NSV4,22.024828876850815,24.764083831187932
Q9NT62,22.148264166775846,27.960829976215145
Q9NT99,20.36873708538686,26.700502532372585
Q9NTI5,23.714871842465396,30.534208143673588
Q9NTJ3,23.579577775041823,31.66627017951515
Q9NTJ5,22.39173814995939,29.322856235960344
Q9NTK5,22.9284779354905,31.458702910812814
Q9NTX5,22.534321304778768,29.29156198785978
Q9NTZ6,22.795658409153887,30.55973881985166
Q9NU22,23.866604410936034,29.417728655911702
Q9NUI1,20.608874844875142,25.73255397373215
Q9NUJ1,19.74060798643035,28.530450539777686
Q9NUL3,19.376752860551996,28.98828556723931
Q9NUL7,21.55176009437199,24.05458903856898
Q9NUP9,21.724331901550613,27.689691068275867
Q9NUQ2,18.583425451048832,26.429696036422943
Q9NUQ3,22.03925542541219,27.907727031252897
Q9NUQ6,22.468923045546134,26.645119034237656
Q9NUQ7,21.524485731376515,28.27505613571171
Q9NUQ8,22.228118352095557,30.18156683894659
Q9NUQ9,18.8455301466561,29.012902715479232
Q9NUU7,21.061764064980185,26.759382427659475
Q9NV06,20.924271470428554,30.29324254160436
Q9NV31,23.843542017617118,28.586220453065636
Q9NV70,22.556385573859192,30.385176922781003
Q9NV88,21.802181607226288,27.58439263176877
Q9NV96,20.71257002845318,25.772348179292624
Q9NVA1,21.586228591944312,24.7232487827189
Q9NVA2,20.074364975475973,29.821938705222824
Q9NVA4,20.49164392253096,25.311244040884674
Q9NVC6,22.13402143153027,27.74425626980211
Q9NVD7,22.630410380264877,25.390859835731032
Q9NVE7,21.309547835912575,26.777999430696582
Q9NVH0,20.591270395371783,25.6920345052327
Q9NVH1,23.465562269748872,28.61233121849986
Q9NVH2,22.387742728770995,27.540955077296996
Q9NVI1,22.495097688120904,29.811143853113233
Q9NVI7,21.487638389370478,28.695837737680545
Q9NVM6,21.489974589166355,26.454208827227077
Q9NVM9,22.88269552628679,28.108452716387916
Q9NVN8,22.436448654790862,26.187828449649
Q9NVP1,22.18660571344472,31.414244803880628
Q9NVP2,20.468722153917668,26.08862701950003
Q9NVR2,22.750985726682206,27.39733099903567
Q9NVS2,22.666029168335584,28.556815041728235
Q9NVS9,22.243752811482093,29.03289095321163
Q9NVT9,22.470606558801883,27.638488281704007
Q9NVU0,21.38387702360369,28.344619038428785
Q9NVU7,23.164787841284273,27.469777179442282
Q9NVV4,21.63350150300874,24.857688269566722
Q9NVZ3,21.312656247844536,27.866261555574273
Q9NW08,21.163145772221196,26.43570876930082
Q9NW13,21.48801043777229,28.547870038487005
Q9NW15,21.75584215981592,26.78600128708099
Q9NW64,23.093154855060686,29.573273074064698
Q9NW68,19.178097252495043,25.852728544404734
Q9NW75,20.82640501441645,25.140430910812515
Q9NWB6,23.077363027956395,26.108295344588058
Q9NWH9,19.90651942296784,29.935454996390277
Q9NWM8,23.27978265643846,27.24097284213996
Q9NWS0,20.268498903324105,27.28170492264201
Q9NWS8,21.25723063583281,25.83042699976097
Q9NWT1,22.733471948269194,28.567979336688058
Q9NWU2,22.462244777325324,27.606173770057588
Q9NWU5,19.462628202898046,28.126531468027075
Q9NWV4,21.04527363293855,28.321567178174828
Q9NWV8,21.168928959828108,27.57271948462491
Q9NWY4,23.820711353475815,28.046443461457123
Q9NWZ3,21.211685247435813,24.462136057163942
Q9NX05,22.79879483088077,26.256075815348844
Q9NX14,23.111940178326574,27.977825007628844
Q9NX20,21.762475231626144,28.362276307763846
Q9NX24,20.73499806152028,28.44214697206118
Q9NX40,21.143139693100515,28.950304260347327
Q9NX46,20.047644101403574,29.135439415382002
Q9NX47,19.994108739220284,27.748613702677872
Q9NX55,20.970305392976265,27.45148647808227
Q9NX58,21.603365532860483,28.01815818364345
Q9NX62,22.56518128978207,27.545665093633122
Q9NX63,22.646458771230208,30.20770409035271
Q9NX74,22.181517021008922,24.988825329723536
Q9NXC5,21.894416868621576,27.01852394674647
Q9NXF1,20.872824241439346,29.162149729243183
Q9NXG2,21.156359711351314,28.428710748929266
Q9NXH9,19.96116776556558,26.4417582906695
Q9NXN4,23.112806459299986,24.738087859828017
Q9NXR1,21.256395869939947,26.50616403417775
Q9NXR7,21.94876273837043,26.82095801663162
Q9NXV6,19.548218507182636,27.350498863397775
Q9NXX6,22.66785507163538,26.23265368331067
Q9NY12,20.841351511436198,29.10729171615461
Q9NY27,21.312726633523667,27.40261977738103
Q9NY33,21.422416760401443,30.15751429176513
Q9NY35,21.020339813551015,25.888153948738108
Q9NY47,22.336189382551936,28.528668832649725
Q9NY61,21.786111509944956,28.681968012031696
Q9NY93,22.05175175448506,28.641004617290818
Q9NYB9,21.71505266620289,28.258799965866974
Q9NYF8,22.89844379727346,31.88333985532863
Q9NYH9,22.606476183345414,28.742173954727356
Q9NYK5,22.010023581331076,28.229549155096027
Q9NYL9,20.642541103819568,29.237406221259562
Q9NYU2,23.171842103685538,31.92836857773543
Q9NYV4,20.46045865633704,26.39405751210469
Q9NYY8,23.1090665533201,27.460331527880683
Q9NZ01,22.726623568376187,30.53073789771795
Q9NZ32,20.504182206518568,27.42651683243815
Q9NZ45,22.505237149096924,28.921722736211
Q9NZ52,19.44566228330191,26.0188672843372
Q9NZ63,23.107929132799207,26.729461747234993
Q9NZB2,21.852410280335455,29.569147020417542
Q9NZC9,21.88046900741737,26.26291231478045
Q9NZI7,20.263053999679137,26.01692505349841
Q9NZI8,23.705842071631476,27.03866747336496
Q9NZJ4,22.081211581157337,27.240813956689106
Q9NZJ5,22.811421402303704,25.984917117811726
Q9NZL4,20.680032303914135,29.421349533018716
Q9NZL9,21.56308905927176,30.32682551042705
Q9NZM1,23.708915758951186,27.110413583156657
Q9NZM3,23.46052121025462,26.951317494270864
Q9NZM5,23.315374249903712,26.822539158160936
Q9NZN3,21.56428416305384,27.386668211748084
Q9NZN4,21.115217578736086,27.685604740507
Q9NZN5,23.17434109212257,27.635636618246714
Q9NZN8,22.16056615280006,28.558174979317727
Q9NZR1,23.669462386103135,29.37193423342023
Q9NZT2,21.472163196845894,28.189169725473427
Q9NZU5,21.51783071445136,28.721116611878614
Q9NZW5,21.91717135839605,29.7640586618238
Q9NZZ3,20.703868131386784,26.72594876872598
Q9P003,20.778398553379674,27.328300047290462
Q9P013,23.006482540816226,27.503310166559654
Q9P015,22.56106935813049,27.095453972744473
Q9P016,21.242535482404318,29.230998908323475
Q9P032,19.939710577913818,28.95354241075267
Q9P035,21.370416619792937,30.506980686406305
Q9P0I2,22.886480334073845,27.847773968902867
Q9P0J0,22.744676315881144,28.458931367449473
Q9P0K1,21.711126162196962,26.899524085501454
Q9P0K7,21.36195546873106,28.18180122011558
Q9P0L0,22.753650093479628,29.801762975286437
Q9P0M6,23.500593647890298,31.4708329638066
Q9P0M9,23.953520560143012,26.974186450913088
Q9P0P0,20.38699239998958,26.711712676621815
Q9P0S2,21.147610146553788,25.439400635549266
Q9P0U3,21.164231871050415,26.012361009125
Q9P0V9,19.874360966425193,27.847481003274815
Q9P107,20.104698262197278,24.243521589819995
Q9P246,20.998854485254462,27.693985540421902
Q9P253,22.721668216137434,26.721813864183865
Q9P258,21.49107314757691,31.54937983062607
Q9P260,20.448522661507702,27.238213004120638
Q9P270,20.90975755279864,27.872738163493388
Q9P273,20.77868974075367,28.438117790761993
Q9P275,20.590173818046168,25.629469298445574
Q9P287,20.747283233102085,28.991285472134177
Q9P289,21.614561473414952,26.15958420050267
Q9P2B2,21.95285916701813,28.576588607121998
Q9P2B4,21.03390542812041,27.719785279107175
Q9P2D1,21.645689015582658,27.137447339615996
Q9P2D3,21.606660909997853,26.207818080828513
Q9P2E9,23.474583538234427,30.950637200977763
Q9P2I0,23.46483671888931,29.596458710608836
Q9P2J5,23.60568939654682,32.16270621717792
Q9P2K3,21.617223860843232,25.489498544717296
Q9P2K5,22.714783607787748,31.521143345315295
Q9P2N5,21.188202538058135,29.081354551603805
Q9P2N6,21.695441521983867,26.215694711219566
Q9P2R3,22.186488945943623,28.18595126619534
Q9P2R7,22.282700985041167,29.354005713947096
Q9P2W1,22.5250063520058,25.044176183584455
Q9P2W9,22.50597543699848,26.295612902395675
Q9UBB4,22.71156741746217,30.677836916962534
Q9UBB5,22.918039424744734,26.14949885855217
Q9UBB9,23.004436801620397,28.81919109419206
Q9UBC2,22.382093167376127,29.695214181677255
Q9UBD5,21.522778299150918,27.681436824176792
Q9UBE0,22.344630415401003,30.839378259969646
Q9UBF2,22.55925098567614,29.446466970440078
Q9UBG0,20.648070328397004,28.50591295077975
Q9UBH6,22.9825304055123,29.21174212006756
Q9UBI1,23.64305885467247,25.59947724735939
Q9UBJ2,23.039538665403736,28.217121710972844
Q9UBK9,21.66195879910971,27.080095724993967
Q9UBL3,20.763952049882032,29.097505199166537
Q9UBN7,20.669816329210146,25.11662349462366
Q9UBP0,20.974780160700767,26.773233072955748
Q9UBP6,20.223069176280625,27.1310953583907
Q9UBP9,21.879534882073763,27.651573078263215
Q9UBQ0,19.687780649913368,28.94683842258837
Q9UBQ5,20.210890101663473,28.734916178311547
Q9UBQ6,21.80001590750262,27.830910227001098
Q9UBQ7,21.389781039585706,29.291244775113473
Q9UBS4,23.022627071140803,30.816904478708942
Q9UBT2,19.53396344898914,31.424304546500785
Q9UBU8,19.12168033878018,27.631334160922737
Q9UBU9,19.77268795078767,31.39264103073803
Q9UBV8,21.993028080270353,27.76956486373005
Q9UBW7,21.349574671553444,28.960761332568037
Q9UBW8,19.511506114414413,28.52992624462572
Q9UBX3,21.804705903441864,28.565184587939665
Q9UDT6,22.491092864209776,28.427987554923586
Q9UDW1,22.74052361047185,25.417089964383212
Q9UDX5,20.96052659039421,26.33377793059441
Q9UDY2,21.71271334254062,29.43261145431092
Q9UDY4,21.037870037083255,26.1084014060886
Q9UEE9,20.142558737962847,28.12102652058133
Q9UEU0,21.29331311096925,26.642284165148627
Q9UEW8,20.11266786529092,27.755126519491114
Q9UEY8,20.888378361687693,30.605083941786223
Q9UFC0,22.628890520486884,28.45944686667567
Q9UFN0,22.147985489674408,28.439668123525983
Q9UFW8,22.93422824165528,28.496856049138906
Q9UG63,21.96768968297382,30.464004205115195
Q9UGI8,21.403822637313482,29.860172551418287
Q9UGP8,22.70868766269486,30.531548853606278
Q9UGV2,21.322903870331082,28.4413118381076
Q9UH62,19.882686266498812,27.551701729838857
Q9UH65,21.381267236026833,30.54474537744343
Q9UHB6,22.655969489128633,31.483247171624928
Q9UHB7,22.503063069214566,27.041680573405195
Q9UHB9,22.49391811888566,30.098394725262523
Q9UHD1,22.02025596354428,30.542744977388995
Q9UHD2,21.079662057964637,28.330814920063993
Q9UHD8,22.9201173346892,33.25290722294292
Q9UHD9,22.559176842041293,29.184193659038772
Q9UHG2,19.61091861957824,26.821195824594415
Q9UHG3,20.77973354127603,29.68915638101798
Q9UHI6,21.31584993954167,28.740383741120432
Q9UHL4,20.988229139377165,28.132227204447364
Q9UHN1,20.143435334656754,26.5375629908338
Q9UHQ4,22.263802493156227,25.870187173175502
Q9UHQ9,23.572614112370676,28.539572449088528
Q9UHR5,20.527440270917964,29.214323953070757
Q9UHR6,21.36480847415185,25.24165444844367
Q9UHV9,22.089451948848435,31.093621142116437
Q9UHX1,22.938903313079454,31.529573930363092
Q9UHY1,22.37826195688498,28.46993948799239
Q9UHY7,20.677859683626192,27.700657422325605
Q9UI09,20.627493312324397,27.839581815071313
Q9UI10,21.413700669087962,28.68581504064459
Q9UI12,23.095081855758657,29.213167256237366
Q9UI14,21.0236922029807,26.420848124830833
Q9UI15,21.04547747528131,29.383425984185234
Q9UI26,21.385747471891666,26.760484061161552
Q9UI30,21.594322911743166,28.86550051999407
Q9UI42,19.171829332275195,24.17290112531043
Q9UI95,21.70602467084436,26.428521017599948
Q9UIA9,21.18957057993786,29.407156267413967
Q9UID3,22.143362830900333,27.31976125923597
Q9UIF9,21.33006385335708,26.509297705618355
Q9UIG0,21.920136148714022,31.145384170772633
Q9UIJ7,21.85004239945039,29.09846441257605
Q9UIQ6,22.28187044926894,29.890731536853693
Q9UJ14,21.20426861557532,26.597252893570367
Q9UJ70,21.904314507195778,29.005148261230282
Q9UJ83,21.679172432253537,25.8783740888616
Q9UJA5,22.260251630918447,28.148868665756943
Q9UJC5,20.683651970621295,26.058511574399834
Q9UJS0,23.66422007496358,31.084919109449707
Q9UJU6,21.4006873737267,30.632137053102472
Q9UJV9,21.959862557380884,29.451611440580262
Q9UJW0,22.101576396626022,28.74439614851051
Q9UJX3,21.722646113733663,28.07669434579097
Q9UJX5,19.137575672826113,25.07803788337557
Q9UJY4,19.051152246202328,26.689616752978974
Q9UJZ1,20.709960489689788,30.639824778753223
Q9UK08,18.072380380762873,29.944703794404802
Q9UK41,22.875362581989968,27.09764349807751
Q9UK45,23.6556100415882,28.360661797935855
Q9UK59,19.198601828891498,26.255804242388315
Q9UK61,23.740878419859342,28.499926632462476
Q9UK76,21.024719675594817,31.009192590395394
Q9UKA4,21.415330161304645,29.091512216896536
Q9UKD2,22.584545384529648,29.867485272962877
Q9UKE5,23.126773146027205,27.27631244353298
Q9UKF6,22.840113136670418,30.352242505701184
Q9UKF7,17.81050942263065,25.203443083954838
Q9UKG1,20.96566330886194,29.022454913971522
Q9UKG9,20.215208735262696,24.517511723356822
Q9UKJ3,22.08863529445417,27.07774222204364
Q9UKK9,20.857330334368072,30.788319579838994
Q9UKL0,21.679567702248217,28.55849487644232
Q9UKM7,20.472056822144427,26.503584190080094
Q9UKM9,23.045707777161503,32.324014390002716
Q9UKN8,22.32810025853942,29.40905580041886
Q9UKS6,20.050098642644954,26.744884949747536
Q9UKV3,21.315838559462094,32.01899177454137
Q9UKV5,20.963741659952067,26.332468773737524
Q9UKV8,22.6303207272512,26.79660598766471
Q9UKX7,22.679437794936295,30.68880239800146
Q9UKY7,22.7988267371104,29.66802454052708
Q9UKZ1,21.74860564343775,25.69224341231026
Q9UL03,22.021710915873857,27.20299241438934
Q9UL25,20.7706686976123,29.750654690384106
Q9UL26,20.572212660975833,24.830060237278307
Q9UL40,23.067006445577267,27.596798784307353
Q9UL42,22.077084395961066,27.711759452672986
Q9UL46,21.84421370791977,30.39910424751074
Q9UL54,20.85228262580019,25.774522386781452
Q9UL63,21.688927039868,26.730529097581393
Q9ULA0,23.162990410301926,28.835819423939693
Q9ULC4,21.468949665276646,29.145576256101133
Q9ULF5,21.783269651160005,26.95889392716984
Q9ULH0,22.24265727461332,29.977599385785574
Q9ULH1,22.565550802390078,27.818283364813897
Q9ULH7,21.582674258533743,26.378306478949863
Q9ULI0,22.73734425280766,26.768432683678334
Q9ULJ6,20.011072356792113,26.50790253772484
Q9ULJ8,21.04675746251175,26.89402002067958
Q9ULK4,22.949169122078697,27.215147162485927
Q9ULL5,22.64122345948886,28.199942770868446
Q9ULR0,24.761883141815943,27.393566245905287
Q9ULT8,23.148385895590703,28.9555153853553
Q9ULU4,21.456183136328484,29.05908085373002
Q9ULV3,21.43077033783486,26.693441963921998
Q9ULV4,19.600045832391206,30.814622294374217
Q9ULW0,22.899040354284967,30.232966931953722
Q9ULW3,21.748996765136322,24.769352950818185
Q9ULX3,20.924029223022156,27.691277820741977
Q9ULX6,22.04666652152589,28.28954111449717
Q9UM54,22.61413310441106,30.341515189130636
Q9UMN6,22.98257404106087,25.11092527608452
Q9UMS0,21.970626887836232,27.77704576168187
Q9UMS4,23.237169874497912,32.469385045631476
Q9UMS6,22.87441404520422,32.14302240228638
Q9UMX0,20.998525640399855,29.891590297662926
Q9UMX5,22.41901201754059,30.455072625279907
Q9UMY1,22.633254745664846,26.968195485964227
Q9UMY4,21.53336723010244,28.177096957687855
Q9UN37,22.244387228657263,28.164595124346
Q9UN86,21.012522915616557,30.24422855775911
Q9UNE7,22.68510068877862,29.314794506033387
Q9UNF0,21.7656577836682,29.27610745771238
Q9UNF1,22.084246092574347,30.19414567930855
Q9UNH6,20.938933475003456,28.720527118180993
Q9UNH7,22.290182190851617,28.53706149672086
Q9UNI6,21.609168283961463,25.898821620118795
Q9UNK0,21.187083310138977,25.290333640602313
Q9UNM6,22.638563071271253,31.205204853373363
Q9UNN5,21.858343305913422,29.23051072513349
Q9UNP9,22.629155579715494,29.014565778652045
Q9UNQ2,19.34803814552114,27.760573290704073
Q9UNS2,19.761998203968332,29.569134105126064
Q9UNW1,21.299485102240247,28.69295782173806
Q9UNW9,21.617973207752932,24.560541438243984
Q9UNX4,22.321123663155017,29.33942527698184
Q9UNY4,22.340772441970987,26.745980800844283
Q9UNZ2,22.056769438016378,30.899138505729127
Q9UP83,20.49482978641893,27.204754955272943
Q9UPN3,23.25068595387779,31.303078124563473
Q9UPN4,21.80158786742657,27.854694834859398
Q9UPN6,21.375470742974844,26.568505814690685
Q9UPN7,20.473651422692175,26.83353144732692
Q9UPN9,20.903389539805918,28.07766426250265
Q9UPP1,21.788910665046913,24.23246658580358
Q9UPQ0,23.055952863930756,30.21510743532242
Q9UPQ3,20.532727272451755,26.095901508125994
Q9UPR3,21.33006441156279,24.708316063174983
Q9UPT5,22.18127370258081,29.734583922496505
Q9UPT8,21.205945770753697,28.250057383872328
Q9UPU5,23.236933757792997,28.094324968053503
Q9UPY8,23.58665920837031,26.606347050515573
Q9UPZ6,22.262997747354344,28.224431373999334
Q9UQ35,22.687786208358304,32.394814705081615
Q9UQ80,19.248543871198358,32.977786914438106
Q9UQB8,21.549567212619607,28.102798313892286
Q9UQC2,21.632700673026278,27.701242712637946
Q9UQE7,23.936430900932752,31.995984710673397
Q9UQN3,21.3438244182581,27.154658027167912
Q9UQR0,22.005925455470905,28.457482290259485
Q9UQR1,21.862088237835156,27.329414645764523
Q9Y223,22.223816837982056,29.395319163473896
Q9Y224,22.347163917774065,29.894150507028833
Q9Y230,21.295440166920407,32.9464117573815
Q9Y232,22.402272326194655,27.35666501535458
Q9Y237,23.3462121739787,29.946451734408246
Q9Y243,21.79149789598265,27.66892963682312
Q9Y262,22.926613848683353,32.133433041804416
Q9Y263,21.552634697235376,30.30121057916233
Q9Y265,23.014938664567527,32.71190191176515
Q9Y266,23.99032266990091,32.66388687923344
Q9Y277,21.19237050554418,31.370721540627187
Q9Y281,20.950795120153213,27.757103400921178
Q9Y282,21.31801309343673,25.669485455577874
Q9Y285,20.13218791448798,31.519429416992647
Q9Y291,20.520240867565075,26.102483347044153
Q9Y294,21.52023974242915,27.310942040447596
Q9Y295,22.107374647791712,29.162729919214232
Q9Y296,23.139971087558685,27.03790519408301
Q9Y2A7,22.283807040779998,29.945450808278903
Q9Y2B0,20.40579892158558,30.192771309610425
Q9Y2D5,20.763218373551176,27.344232707661803
Q9Y2G5,23.044752974698664,27.714160951387473
Q9Y2H0,22.526866328396192,26.647608282127912
Q9Y2H1,20.537043473383655,27.08884988261178
Q9Y2H5,21.20728604561699,28.898081149770587
Q9Y2H6,22.282827167068042,28.67598195331565
Q9Y2K7,21.640994402758054,27.34523147553775
Q9Y2L1,22.529853271498435,30.617072582744353
Q9Y2P8,21.35410385694791,28.448363643792277
Q9Y2Q3,21.56392068104642,30.0260504640817
Q9Y2Q5,18.81818945184788,27.54719146427079
Q9Y2Q9,20.93020069805952,27.520659839115808
Q9Y2R0,21.550568726905688,26.21851387395787
Q9Y2R4,21.12382538585405,26.12065952682207
Q9Y2R5,23.18592305380311,27.6000181772925
Q9Y2R9,23.06258787987053,29.12178430912262
Q9Y2S6,21.550381342419943,28.0399887787411
Q9Y2S7,20.452106969908,28.934358490963298
Q9Y2T2,19.847350218616757,28.054196881631437
Q9Y2U8,17.062805372386094,28.053693969544984
Q9Y2V7,19.647161275789024,27.279854861856602
Q9Y2W1,22.959704291212358,32.25122819198588
Q9Y2W2,20.602503148855817,29.820989493698104
Q9Y2X0,19.680747944230568,26.196708512063935
Q9Y2X3,21.30893961309563,31.227772335872356
Q9Y2X7,21.880449646533837,29.271526635278658
Q9Y2Y0,21.20541815909297,26.914607146885935
Q9Y2Z0,22.026706495805996,30.356861027250435
Q9Y2Z4,21.725844775452092,27.547552302498058
Q9Y303,21.088389598490597,25.321214649866892
Q9Y305,20.838947842057312,28.43392581153313
Q9Y314,21.888916443758273,28.838874568927526
Q9Y315,19.306565100856005,27.452830421524663
Q9Y316,20.60711126830772,27.086751802905457
Q9Y320,21.46599455558317,27.915520663760116
Q9Y333,21.56123888213961,29.743707222680218
Q9Y371,23.505056589190282,28.49316690452326
Q9Y375,23.226078985486048,26.311439081727848
Q9Y383,22.978270831671598,30.150643733613983
Q9Y394,21.74277373495208,29.154442035494647
Q9Y399,22.22633468566054,27.98075470917312
Q9Y3A2,21.870511545493933,26.782743776947033
Q9Y3A3,20.314235116612828,26.975258470744663
Q9Y3A5,23.25137444031153,29.666467599270305
Q9Y3A6,21.837692458049965,27.455888369290815
Q9Y3B2,21.00861376208417,28.350405995687204
Q9Y3B3,22.773739319817036,29.06238095757071
Q9Y3B7,22.029971777313254,28.065971360375357
Q9Y3B8,21.524639297287276,28.737842518638846
Q9Y3B9,22.165572042435155,28.22281077058611
Q9Y3C1,21.558839997780364,28.05829978202664
Q9Y3C6,19.515409186696154,29.576628317289387
Q9Y3C8,21.864750069018182,28.882900915680604
Q9Y3D2,21.31101366639468,27.953825851573743
Q9Y3D3,21.98903060154377,27.050082233631205
Q9Y3D5,18.37664317204959,24.896473816930747
Q9Y3D6,19.611763547090103,28.69913782169249
Q9Y3D7,21.02173640915786,26.802702821467996
Q9Y3D9,22.649713612384115,28.760503182905595
Q9Y3E1,23.352394963878638,28.63264794278294
Q9Y3E5,21.494618565472738,27.816306942849902
Q9Y3E7,20.887644723186032,27.868749980159937
Q9Y3F4,22.277084126644834,31.99753679540899
Q9Y3I0,22.556731535196686,32.22616677810886
Q9Y3P9,23.81149565396806,28.766761863810665
Q9Y3Q8,21.131513802443358,25.605218058416657
Q9Y3T9,22.770039975232866,30.192481072315637
Q9Y3U8,21.737175753939635,31.46151122451308
Q9Y3X0,21.651453770526263,28.71318310371304
Q9Y3Y2,19.851157247332267,29.040570339554996
Q9Y3Z3,22.109661478871217,28.223942339065047
Q9Y421,22.682015115872183,25.725455006865804
Q9Y450,21.800790461499833,28.974203229341324
Q9Y478,20.719983956029356,26.94665149785921
Q9Y484,22.28095034836591,25.568462390865832
Q9Y487,22.67640252564031,26.056922534618593
Q9Y490,24.351012363260324,33.518167397407616
Q9Y496,20.11261863591288,28.73368371552208
Q9Y4A5,22.73539711679857,30.819372427717937
Q9Y4B6,21.67910813828675,27.14162851489809
Q9Y4C2,21.65667314755338,29.641061689462692
Q9Y4C8,21.578886608930596,27.93630235179418
Q9Y4E5,20.83568941399396,25.217208925141517
Q9Y4E6,21.511960063995538,26.249476810048538
Q9Y4E8,21.836243518724384,27.52592729241083
Q9Y4F1,22.56942058998408,28.335691851719357
Q9Y4G6,21.7390281765803,29.44884298354058
Q9Y4H2,22.614103708381858,27.9237712811007
Q9Y4I1,20.55042203752652,27.996760696340818
Q9Y4K4,22.39897219736965,26.32301546797388
Q9Y4L1,24.870866491172208,33.745828029160364
Q9Y4P1,19.912155904056974,25.82954558154244
Q9Y4P3,22.207171671971818,28.307679599493746
Q9Y4P8,21.979846435950375,27.647463696402976
Q9Y4R8,22.60444575020478,27.409079732635462
Q9Y4U1,19.56765500186908,24.782958415818676
Q9Y4W2,20.8896521168186,30.133603043140628
Q9Y4W6,22.194674830516135,28.61936731822387
Q9Y4X5,20.9192379785554,26.99999050514536
Q9Y4Z0,22.961425195175757,30.270480423509053
Q9Y512,21.57111426571009,29.809863518584894
Q9Y520,23.8996699964789,31.031649201151687
Q9Y530,21.019164504614025,26.46558734205608
Q9Y535,17.922081607012522,24.789174379183276
Q9Y547,19.185280706078682,27.49503365692311
Q9Y570,21.699604185403942,30.03767421876338
Q9Y580,18.61633110838525,27.627807907726847
Q9Y5A7,20.994938754000376,28.505810079984872
Q9Y5A9,21.26237889241712,29.008705587834005
Q9Y5B0,20.1793507412086,26.465578024599505
Q9Y5B6,22.323601637719612,26.63719254555032
Q9Y5B8,21.038923234987518,27.63887916067771
Q9Y5B9,22.077803408350544,32.57694699382615
Q9Y5J1,20.575310242161393,29.6127102998243
Q9Y5J7,21.350554117908015,28.36340568790576
Q9Y5J9,22.783662479295177,26.05449009403012
Q9Y5K5,20.764647357730563,30.5292602570358
Q9Y5K6,23.244948906995457,27.424252144438043
Q9Y5K8,22.246645678888402,29.142813597183544
Q9Y5L0,23.462664301685955,28.891175512546397
Q9Y5L4,20.014158108637094,29.91679181122237
Q9Y5M8,21.690234557376325,29.75704499679068
Q9Y5N6,21.042637111676026,24.853799160826092
Q9Y5P4,23.236151796149926,26.961453593167615
Q9Y5P6,21.276343909449515,28.95268521069971
Q9Y5Q8,21.340959655436045,29.388490919373606
Q9Y5Q9,20.978933664915946,29.203694632417555
Q9Y5R8,21.203002954657826,26.12206607912991
Q9Y5S2,22.51823508736211,28.554565711658537
Q9Y5S9,19.760368412817602,30.946128506713027
Q9Y5T5,20.984467192760487,30.22255329220456
Q9Y5U2,20.519822416042214,26.875560595014253
Q9Y5V3,20.27475943665614,28.639518006369006
Q9Y5X1,20.5354060909734,28.569786495002102
Q9Y5X2,18.87040338779753,25.45521680137787
Q9Y5X3,20.545630410394516,27.861611252896935
Q9Y5Y2,19.65664660929983,29.210839439739104
Q9Y606,20.05399242414123,26.728707376246337
Q9Y608,19.778284139230475,27.19512928161864
Q9Y613,20.751720746278714,28.95759143000866
Q9Y617,21.53828776931887,32.06541367378073
Q9Y618,20.511103831428514,27.85075016041657
Q9Y619,21.577443122642567,26.726788537955095
Q9Y639,20.861322078168026,27.702047196959878
Q9Y657,22.02864277503389,28.380589304487643
Q9Y673,22.450319483758026,27.790313995929125
Q9Y678,22.132589589779833,30.92498048350785
Q9Y679,21.550785836808636,28.21491827533986
Q9Y680,21.966315476107695,27.70511071658855
Q9Y696,22.072544765669686,31.60870225336371
Q9Y697,22.900720408770344,28.045764332841717
Q9Y6A5,21.7700628027843,28.307565047901125
Q9Y6A9,18.19861026896887,28.814032552816904
Q9Y6C2,21.243079722836217,29.990058403989806
Q9Y6C9,21.373452208848327,30.24912820344813
Q9Y6D5,21.806891846253134,26.41657040922199
Q9Y6D6,20.648507694984268,26.887193293139813
Q9Y6D9,20.89786746287915,29.515827481992652
Q9Y6E0,20.601200356113836,28.46595168760107
Q9Y6E2,22.564800013112865,29.92112582412787
Q9Y6G3,20.30594769577549,26.01936893108962
Q9Y6G5,22.92101628319516,26.61138940503941
Q9Y6G9,22.758509843831582,30.946135183581678
Q9Y6I3,21.84107186365518,28.29518714502317
Q9Y6I4,19.626178291254774,25.224404764106723
Q9Y6I9,21.571339342873795,27.220144951776888
Q9Y6J0,21.578645285084047,25.119064584553808
Q9Y6K1,21.661155427852123,30.112570367135074
Q9Y6K9,21.221349280113863,28.043729570276376
Q9Y6M1,22.53020052530675,28.402253918929954
Q9Y6M5,20.16476690168529,25.41301266897627
Q9Y6M7,21.64365576717945,25.879953147006876
Q9Y6M9,20.879449168678857,27.548991267685402
Q9Y6N7,22.80359621106123,27.164343842088584
Q9Y6R0,20.235266632267844,27.058528206464516
Q9Y6W3,21.609236142210122,24.879943627055074
Q9Y6W5,23.246872859579614,28.14141417842857
Q9Y6X9,21.711700831734195,27.80687829379108
Q9Y6Y0,21.118657501178603,26.8417127175374
Q9Y6Y8,21.13282679961219,29.531466536528754
