ProteinName,TMT,LFQ
A0A0B4J2D5,18.747397709866945,27.038404723140875
A0AVF1,13.469930592107955,23.728722799809944
A0AVT1,18.901181502540467,26.641194609198063
A0FGR8,16.565312247767874,25.094776237506114
A0JNW5,13.57841476658485,22.694401887538444
A0MZ66,16.350094209137904,24.60198872414604
A0PJW6,14.451064065375421,23.95216464196451
A0PK00,15.729032696819894,23.517632027293356
A1L020,15.847027571107827,25.13128068968502
A1L0T0,16.583053597658903,24.896065495834154
A1L390,14.551990333307451,22.930826653001066
A1X283,18.3258356814247,26.485545266145873
A2RRP1,16.615723523453532,24.639664350813373
A2RUC4,13.924815193813933,23.564071901686468
A3KMH1,16.990708838898765,26.907567738747378
A3KN83,16.529366708841366,24.21580139106748
A4D161,14.677342817165616,23.524468184449074
A4D1E9,16.473643892236172,24.287499340881187
A4D1P6,15.588189499147074,23.705447934372806
A5D8V6,13.00911698728655,25.516876704382295
A5YKK6,18.4592668260815,26.260328054501745
A6NCE7,18.415410488308115,27.10089226576765
A6NDB9,15.97208269010901,23.700948485397607
A6NDG6,17.164097304269003,25.785710459055384
A6NDU8,14.997626253043713,25.092674889289878
A6NFI3,15.322558977507677,26.131577817718924
A6NGN9,16.57941656322847,25.020124230563948
A6NHL2,12.559024126668293,25.921705239572848
A6NHQ2,17.760455556910237,27.874936847601287
A6NHR9,18.683214794650915,28.04251442788735
A6NIH7,15.364736393575422,24.81520499191488
A6NJ78,15.441442628692167,24.116582800887937
A6NKD9,14.243293979879985,23.444090160366954
A6NKG5,19.4713489419729,29.486934082086524
A6NNE9,10.814763346495873,22.33700143593863
A6ZKI3,16.498011516982512,22.587004438200026
A7E2V4,16.10263610203991,23.33852195186195
A7KAX9,14.387268693109771,25.091226775045296
A8CG34,16.742255382697277,25.320812218375
A8MT69,17.298838826210293,25.65254798885937
A8MVW0,15.894484920970443,24.361736133391783
A8MW92,15.331597706185908,24.352894284477937
A8MWD9,16.844906747828183,28.607794260682272
A8MXV4,15.573662969842289,25.326567495259056
A9UHW6,16.4985055658998,24.74800090738294
B2RUZ4,12.938103123756974,23.92309730857464
B7ZAQ6,15.190864324924052,24.942666580323568
C4AMC7,13.462579338674022,24.279729517856772
C9J7I0,16.76893303519841,24.43026692208887
C9JH25,15.989686065269295,24.48623207086492
C9JLW8,17.082110777486278,26.163435772718497
E9PRG8,18.751761749237424,26.95415888425747
L0R6Q1,17.96379563044006,25.016258461743707
L0R819,16.36778411470758,25.299605527814204
O00115,16.771310398205987,26.06827344076421
O00116,17.698985466389946,26.71041517635214
O00139,17.77513171199585,26.170086465006612
O00148,16.778912588814144,26.70677447339974
O00151,16.594187011755782,26.501572509452167
O00154,18.076005314650097,29.034975069932308
O00159,17.8785238062946,27.247349608419245
O00161,17.430358868188407,26.00949854068663
O00165,16.612652920459055,25.22214495393229
O00170,17.299691340444426,26.36275924073307
O00178,15.793998142214388,24.60973148533527
O00186,17.243408759415743,25.023567711988925
O00189,12.319215002520849,23.219787728250896
O00192,15.461616579931414,24.522743897642954
O00193,18.265033842908537,25.904566331785034
O00203,18.082180441921857,26.46042589851283
O00213,15.4185523699013,24.13057857493479
O00214,17.09176056764898,24.90447566661156
O00217,15.562940971034687,26.2483508605411
O00231,17.89751207071993,27.857316212068092
O00232,18.4950113829875,27.58767998154709
O00233,17.38522668429129,26.965811152229556
O00244,18.530509613303032,27.927130257885405
O00255,17.142689942337615,25.093529734589605
O00257,16.14026121422755,23.979989265826767
O00258,16.707695808820556,25.39118677538317
O00264,16.003648283721112,28.01912939912496
O00267,18.828655987524073,26.609110397972877
O00268,16.392655229746286,24.95202653787697
O00273,17.157989193169243,25.74467090947264
O00287,15.357590954521715,24.16476264099783
O00291,17.16020593205141,26.421686005646606
O00299,17.60909344505084,28.592135739485528
O00303,17.56359684934144,27.809731649148066
O00308,14.090788937937853,23.777801178725234
O00311,16.245355987867253,23.55275257744716
O00330,17.07798094992262,24.53841451790206
O00391,15.400616376555353,24.147590405763868
O00399,16.53055162656106,24.856783356580923
O00400,16.732006580531564,24.585921386560692
O00401,16.933650203052736,25.81789490597624
O00410,18.656162022635268,27.659401853891787
O00411,16.005272823092348,24.762668920151704
O00422,18.92823764142437,26.622922065017953
O00423,16.150693537941873,24.350280235868997
O00425,18.568839929041392,27.608685789092647
O00429,18.882108933529043,27.140562451151347
O00442,16.92426966308679,25.499177829096162
O00443,17.232930938920962,24.46212566456735
O00458,16.659011380322067,25.07018774195192
O00459,14.830464105670872,23.690663774562612
O00461,17.534902867254605,26.03866817362704
O00462,15.049310798652302,23.18164349195715
O00468,15.79125358843774,24.044215913479977
O00469,17.45045333694518,25.83898271211984
O00470,14.456934168312795,23.63908297949646
O00471,16.608125874190872,25.442643859096073
O00478,14.06308392448319,23.833562146805487
O00483,17.074889884118456,28.59493560964235
O00487,17.90605400559092,27.87640619426895
O00488,14.371419431018214,25.046962108005033
O00499,16.503057782283815,26.219844620882654
O00505,17.5286302245577,26.66254929339461
O00506,13.091283432780635,23.25462563617408
O00512,15.808522362337083,24.21965327588064
O00522,16.651065289278222,23.723282446957807
O00541,18.418455139159164,25.815048970143636
O00559,14.291932971734704,23.863082482692622
O00560,17.49851883410365,26.679416855484348
O00562,15.269103186937505,23.778114637719582
O00566,17.282332198183155,26.018999395119035
O00567,17.066440632134455,27.32495586892515
O00571,18.92823315872497,27.38475608030211
O00584,15.87360373691014,25.918481607048285
O00592,18.308081119482235,26.629927628440935
O00622,13.934554648700878,24.815273735841792
O00625,16.16601612964072,26.720004357308085
O00629,17.366734010066097,26.89885936798279
O00712,15.680936821189412,26.167327490878424
O00716,14.667674624473891,23.046318873761805
O00743,19.194573387583773,26.071405860780583
O00746,16.86706042192306,25.75976840373931
O00754,16.379995409976505,25.23636890397441
O00762,15.473288454158036,25.676745103955696
O00764,15.165825598187034,25.614039924980187
O00767,15.794477018143052,25.435158295432426
O14455,14.524456318771994,27.627525862362138
O14467,15.613150202976886,26.45440760111424
O14497,18.31659001626867,27.248096399572912
O14519,16.56702284510585,24.660951175473198
O14523,14.568673146136106,24.111102390430425
O14529,13.470593054490763,23.98873816019783
O14530,16.852539750239895,25.9650896047159
O14531,18.08580212450962,26.89596382814936
O14545,11.69303675338471,24.73307393767957
O14548,16.08984363683829,24.647596513766047
O14562,16.87153085052448,26.962963749057064
O14578,16.29446316986027,24.23228834433341
O14579,17.981679820837275,27.298441508151907
O14617,18.01659566140826,25.91453278801203
O14618,15.904932318485908,26.931590446276072
O14628,13.11556734667379,23.208642495246835
O14639,15.105596608243696,25.404884803055904
O14641,15.015514060034848,25.26847946446347
O14646,17.732227324676963,24.77816971356174
O14647,15.933337843928506,25.451636313452177
O14653,15.735457284768742,25.575221546000094
O14656,16.80864259359887,25.768332203343643
O14657,18.8853508431514,25.224407811748073
O14662,16.00280796294136,24.60538620374831
O14672,15.438925198912193,25.388750486416125
O14678,15.92472167134945,24.18472884171197
O14683,15.833011716651619,25.754815573403988
O14684,16.56280879536406,26.042072780123124
O14686,16.311783750553882,23.706286983993984
O14713,15.019921134398778,24.441546589502934
O14727,14.926668945513933,26.110271977987598
O14733,17.393415680922796,24.346496597145794
O14734,16.580995878569848,25.610440901136933
O14735,15.681256395931314,26.476332764549777
O14737,18.300445022919543,27.580873861117837
O14744,18.755983909762726,26.764866568043217
O14745,18.285078726799696,26.712604899303052
O14757,16.721275949152155,24.123915125033864
O14763,14.255550227573654,25.092413386657054
O14770,14.74484371605939,24.451685022103327
O14772,14.835139010878816,22.540300472012227
O14773,17.65219908800096,26.81181075034023
O14776,18.58486031647682,27.531315871349808
O14777,17.650518109933554,25.6543962058883
O14786,15.09994606942697,24.191861580996214
O14787,17.86855977060672,25.413572457752853
O14795,15.09540415218085,23.786611536164315
O14802,17.27236338261824,24.648336240144268
O14810,13.95430938008839,25.036307408196382
O14813,17.961371348829434,26.877642193355246
O14818,18.50471949949475,28.834735519612543
O14828,17.010879268782105,27.03171018277805
O14832,15.31582386316717,23.521426056092256
O14874,16.46221547522311,24.498075732900414
O14879,13.522823390426165,27.236473186491825
O14880,18.088997467730778,26.57843777139742
O14907,16.93904138604589,26.31801247666347
O14908,15.244874686769199,25.67148016948532
O14920,16.358927568501812,23.853947314246543
O14924,12.907778596606814,23.827745559509733
O14925,16.868902354048373,25.782091511071265
O14929,17.092413363750815,28.446845402074086
O14933,17.551294154244143,25.79375438410685
O14936,16.705155468674164,24.823207428235204
O14949,15.800701429778297,25.2442166879755
O14964,18.59420806117486,26.854540572664966
O14965,16.168553879822213,23.807978543760047
O14966,15.97404240652177,25.08339293334205
O14967,17.585031255453515,25.8055458329316
O14972,14.868946181499519,24.238366032458774
O14974,18.000726519409454,26.060323586936608
O14976,15.776531435551881,25.062764915260605
O14979,18.614637421456123,29.328535273866038
O14980,18.82745171981346,27.78341273179556
O14981,16.749679070152204,25.097781428485114
O15013,15.838869333684947,24.129464304751004
O15014,16.13902144556259,24.722281935699897
O15020,17.418758981484935,25.178213374435998
O15027,17.399414748044244,27.970160655158807
O15031,18.36637242079905,25.414559179238626
O15034,14.854902317743814,23.791614721425777
O15037,15.269649911944164,22.83195557426392
O15042,17.881700282994185,27.10750462313125
O15047,15.43455297672316,24.319013279670692
O15054,14.724008299034802,22.775655588499742
O15056,14.821013277914679,22.317644188417628
O15061,15.92378287559511,24.03375224641227
O15063,14.930428367793725,25.3291936129223
O15066,16.486239111326363,24.37894614474027
O15067,17.542967531505088,27.057413011893846
O15068,15.3933862004147,23.67542235965676
O15069,15.595560915589434,24.970492178994718
O15075,16.664364829181167,25.043466838407248
O15078,16.1833011748832,24.263859815378982
O15084,14.155303276042758,24.291709709573418
O15085,17.35887076802775,24.270024005639893
O15090,17.108163002673408,24.294845075698017
O15091,17.238027277553936,23.649419083079813
O15111,16.78536153054848,24.619582301375367
O15116,15.806929792216115,26.21628157023593
O15118,16.40419865888213,24.820831062518916
O15119,17.7062660281539,24.64572908913864
O15120,12.039141872058472,24.056642758636922
O15121,16.179688471394684,25.438234897973413
O15126,17.31433780026739,26.423855266602413
O15127,15.342817741028622,25.601806854290317
O15143,18.03415022070806,27.24540101354966
O15144,19.27579421193014,28.444048162170493
O15145,19.341673308779708,28.255280539833876
O15155,17.594769836664522,26.079626767750955
O15160,16.412633824955623,25.734191777162298
O15164,17.002625724166265,25.336181880095104
O15173,17.14538649573011,26.642310799944045
O15182,17.547668383886325,25.35707020496623
O15211,16.45794756715229,23.527923059162024
O15212,18.644635003144828,27.846747679851383
O15213,17.018824158147083,25.03279159866238
O15217,14.195789580225123,24.119019702533443
O15226,17.92196764373173,25.797267777257673
O15228,16.846549012735228,24.79639547500335
O15230,15.579098574012233,24.23592599617138
O15231,16.220730077773325,25.200596598326825
O15234,16.106747334365902,25.055687026786156
O15240,20.076907778029668,31.464871579886232
O15254,15.999417926323423,24.874154198948624
O15258,17.719974967184616,26.979601376582742
O15260,16.775952306767145,25.25502935044899
O15269,17.056221525620195,26.182941733377476
O15270,17.00704829728064,25.129389878092695
O15294,17.527387124996782,26.267928821504228
O15297,11.83563025943481,21.972497110719438
O15305,15.7477348050865,26.572491143412964
O15321,16.620433630313585,25.538337706144517
O15344,16.359536998642728,24.674070203716035
O15347,17.154189858135258,28.116433200223327
O15355,18.787859654794076,29.399018106325467
O15357,17.50614522847815,24.78545256793771
O15371,18.446296742753113,27.488212326785046
O15372,17.69491643433432,27.78661872070841
O15379,13.190848182271065,24.88644026853598
O15381,16.54302295144877,25.260300072522803
O15382,17.144908733226032,25.048910831589563
O15392,18.07554213649271,25.343636224287906
O15394,14.178867657392347,23.957418039780425
O15397,15.747854022860592,26.270830972893066
O15400,15.883382236395148,26.0333621472782
O15427,16.212659300448852,24.769066878012424
O15431,14.594341517698673,25.70636619547499
O15439,16.083467671871194,23.320788239012884
O15440,17.167221280974697,22.71925448624113
O15446,17.046208679595875,24.93228110722854
O15460,18.04025616436058,26.01913060187797
O15484,16.459124753945648,25.225137366320276
O15498,18.16548023258138,26.66560871856879
O15504,17.24093272574125,24.4359398687772
O15511,19.04969650181804,27.91607869117935
O15514,17.914926657262622,26.069558736129668
O15525,15.556512071875996,24.98842522151876
O15533,17.12414072296,24.5773403091814
O15541,16.41518832824104,24.595398616975228
O15550,16.588875758758043,23.25061127605624
O43143,18.826563631139965,28.750699061625923
O43148,17.13263301813059,26.34753497217505
O43149,16.251061834489512,23.564675979792852
O43150,15.343987811076657,24.75640304644813
O43156,15.810142957187132,24.415712566700186
O43157,13.966816253957036,24.072106019702044
O43159,17.575143302238814,25.895344858042574
O43164,14.741536243791714,24.01717587380137
O43166,16.357838151074496,24.653612871749115
O43169,15.092576792767748,27.446112992787477
O43172,18.03736524903807,27.124745482441057
O43173,15.2479920981092,23.293899722634304
O43175,19.3402395670001,29.19169272247302
O43181,17.038468505324378,25.925259330732143
O43237,18.498100737430494,27.02792493166959
O43242,19.20591755013151,28.10478087560099
O43251,17.005676687845195,24.33695320183449
O43252,17.89584460882993,26.989543943251416
O43264,17.277306200236602,25.74914307110489
O43281,15.1957039660432,24.227749231700418
O43290,18.13987935476912,26.924918910938892
O43292,17.486311038357883,25.10662327990057
O43293,15.90993951461435,24.472812103579365
O43294,15.504778029604486,23.643130763463866
O43299,14.877772235630474,22.59121962891485
O43301,16.24575286036574,24.505744681351565
O43303,16.21752841595092,25.088078488695814
O43306,13.809292620382406,23.59959190459603
O43310,15.635620283406126,24.132267590604023
O43314,16.01964035055013,24.36851198991974
O43318,15.652568854737362,24.82771208135694
O43324,18.12752824448398,26.727644239128907
O43347,15.491132476812227,25.82595925594011
O43353,16.227941272665284,25.583743338167853
O43379,14.65019954967686,24.300612093581048
O43390,18.99249877825697,29.64513146378472
O43395,17.543882262243354,26.605475688958904
O43396,17.424563756132343,27.11934589525082
O43399,17.86742770543842,27.947941654498628
O43402,18.15368972200339,25.512775660312858
O43414,17.793629673782387,25.840928411255902
O43426,15.317950556173855,24.655568890786412
O43427,16.29500540312447,24.850911917612137
O43432,17.68996508576308,25.77149362541405
O43439,14.750487697497334,23.92464018793175
O43447,16.084957041832357,27.194656488866283
O43463,14.913106509839448,24.502445001520776
O43464,15.242119028846984,26.180341017304176
O43488,15.59343909510594,26.534603369677402
O43491,16.49422109470394,24.58020110909752
O43493,16.273937354444882,24.676593193149436
O43504,16.690749825019754,26.56544134127913
O43505,14.73742328489051,24.565598414593598
O43513,16.41306777008882,24.27428550932086
O43516,15.81571867391824,25.811604368249903
O43524,14.323111000138192,23.730762726224775
O43542,14.142757479947443,23.088643170927455
O43572,13.75584983697488,24.734302738567287
O43583,17.871466838885507,27.02177507610853
O43592,16.489365199489143,27.69763688157255
O43597,13.138162030801977,23.183270470658453
O43598,17.903291818316216,26.177205334478906
O43602,16.50508876958871,26.39361855890373
O43609,14.088722453171481,27.68401679765696
O43615,17.35890321100213,26.445146338254894
O43617,17.123126975311735,26.06463762508244
O43633,16.887867306474753,27.437345950612638
O43639,16.093934691898824,24.446845218069942
O43657,14.012313411107598,26.24008819355421
O43660,17.25172010951509,26.46465522305741
O43663,16.661649184539023,25.51352512553014
O43665,17.845110184761765,24.217531554630394
O43670,18.803251320772187,27.352670090072227
O43674,16.512385122373967,26.32650058439128
O43676,17.07248361844198,26.625551361639427
O43678,16.818354991043332,26.01179229308183
O43681,16.765079714539148,26.91641321801854
O43683,14.438858827725133,23.683884554927182
O43684,17.914969094040202,28.019661383330504
O43688,15.556697305661272,24.39127630648275
O43707,19.412755852702634,29.186093479831513
O43708,15.848104843415026,25.672408840535198
O43709,15.5997908888655,25.55035149094771
O43716,15.611394331041454,24.38834292110042
O43719,17.551120071998522,25.706332030311177
O43741,14.526613488724132,24.34007705307416
O43747,17.276076684292427,25.969892302577357
O43752,16.414386790340906,25.327501797350987
O43760,17.52529177592461,26.177727241838955
O43761,16.56624368574072,25.29397835037354
O43765,16.76048946683862,27.540259001213215
O43768,17.904165741324576,26.600092837102192
O43772,19.051728394156804,25.702358535230925
O43776,18.43539773608132,28.1243831800368
O43791,16.107760518064513,23.902876766605196
O43795,18.766416306882817,28.298902811354445
O43808,16.03775134129949,24.350071314705456
O43809,18.644248369179493,27.86966859520412
O43813,17.199528286660613,27.321175181988618
O43815,16.257227515918675,25.977607297642596
O43818,17.067274372232756,26.074455870210194
O43819,16.05504401743681,23.841287055434066
O43822,12.794079581553326,25.267895915865314
O43823,16.093770395532886,25.323650414261174
O43824,15.337831350722178,25.21355128787071
O43826,13.537145488107193,24.613477163738494
O43829,14.685606225599217,22.806573712799587
O43837,17.433072366154683,25.9074817737521
O43847,18.04921787052281,26.663988692994074
O43852,18.72770566716009,29.93757751606028
O43865,16.301011699412918,30.221480732388905
O43896,16.024262284213197,24.212983889939707
O43909,15.992756870722921,24.08038442331169
O43913,16.204049629982016,26.420371391268205
O43924,15.413223899333685,25.282028133758946
O43929,17.55306818173567,25.266112449489732
O43933,16.172790803036204,24.079579427766088
O60216,17.574397804201773,26.722080737101745
O60220,16.774586070853516,27.307520268939147
O60231,16.590904716888264,25.20340341913087
O60232,16.195242149427003,26.60254713892224
O60244,16.283568459873806,25.41859197545768
O60256,16.36872158450151,25.630464360561948
O60262,16.99601009286004,24.445099803289907
O60264,19.530771866581603,27.986349559469044
O60271,17.9951720135832,26.224603136065493
O60281,15.428432377627136,24.54170052340011
O60282,17.854151044518677,25.990880773993354
O60287,16.765375461402186,24.367134427445073
O60291,15.654608955367626,24.114422207687802
O60292,15.03675441653639,23.743660232806434
O60293,15.977692733913075,24.432427080101988
O60294,15.4379904106638,24.167579009733767
O60306,17.428325737502636,26.287797631995023
O60313,17.953145487043983,26.410552472242387
O60315,15.756605132533142,24.29385867107935
O60318,16.77773960026411,24.74680762044718
O60333,15.102477786492328,24.830230381889233
O60337,14.296751270916872,24.032923740110625
O60341,17.91573685012174,26.580865723829277
O60343,15.564766065078954,24.271665127314233
O60427,16.442171157107843,24.513337036916695
O60443,17.338543064501383,26.007096729499082
O60476,16.09967166533467,24.21017068029998
O60488,18.00160627645819,24.87000283446171
O60493,18.02283348982786,27.77436496447634
O60499,17.406372358835288,25.36355196835052
O60502,16.517493407478227,25.36767329416506
O60504,15.121671616565767,25.531163418379986
O60506,18.955095129896847,29.19491479980795
O60507,17.930540658105038,24.98043971846426
O60508,15.844187742234352,25.564578593080533
O60512,17.027438992708372,23.916422100988235
O60513,15.142830417812595,24.994817133671344
O60518,16.50614164799008,24.43980387762355
O60524,16.002834811222826,26.50338041784574
O60547,16.783640042904622,24.607440717095233
O60551,16.331467986934967,24.955815367172605
O60563,16.100223799578032,25.195362556980214
O60566,15.433137854610495,27.596209194814424
O60568,17.461787969417767,27.884391053531257
O60573,14.44864166519743,25.104572547398337
O60610,18.123609958688373,25.717964299019727
O60613,15.659749106272638,26.740427245120678
O60641,16.392052159608223,24.155292563143988
O60645,17.447466520339876,25.648122288937813
O60664,18.424675816219573,27.72326884147346
O60671,15.168023322777204,25.569477588012468
O60678,16.695207849817514,24.567286312432586
O60684,15.846000637383485,27.367571297219275
O60701,17.056867986084505,26.962282477924038
O60716,18.12436935975909,27.52144379644141
O60725,17.411886971863233,24.877816859898928
O60739,16.726572947677493,27.92571737979769
O60749,17.202772146517262,26.245614321762062
O60762,16.75051797597927,27.475024969362426
O60763,19.064453053237663,27.12255615331784
O60784,15.726166460591614,24.910610755815583
O60825,16.00119657993572,24.077767664155385
O60826,15.804518295096189,24.48629439890459
O60828,17.578735951017034,26.26399496329697
O60830,15.407893180517068,24.521946388961357
O60831,17.86706187024277,27.32535860117345
O60832,18.771647274983724,27.02090876844356
O60841,18.259746757162002,27.642677496539765
O60858,16.260172750142694,23.669567952884275
O60869,18.210978578100427,28.174529708629763
O60870,16.955346533291937,24.514899163507877
O60879,16.389006855730802,24.44834212988553
O60884,19.25910097628262,26.39306452667698
O60885,17.51449273774138,26.292759787929135
O60888,17.57695201608017,26.821688581790266
O60890,14.636973244823226,28.80440646415486
O60902,14.027229056268165,26.321354780010136
O60907,14.316619606101872,20.483747889598973
O60921,16.992804603711587,24.19110553876406
O60925,15.928655448831995,26.236846040036546
O60927,15.052201132370033,25.236586984045935
O60930,14.61019597819002,24.609229341699802
O60934,15.890685555809563,24.692496523359033
O60936,14.144034735138014,24.775845292931066
O60941,17.00620369718342,26.823035160658904
O60942,15.222131804968452,24.428086055409178
O75027,16.05202757572047,23.959675593192028
O75044,18.558680454816983,25.007767733697992
O75051,15.951871282583529,24.02407084331661
O75054,16.600654718206,25.309806331970243
O75061,15.062000757567349,24.646121471945072
O75063,17.123906479221652,24.616679013656157
O75064,17.396088042888096,23.723754047585306
O75083,18.759430150785555,28.499163606476085
O75113,15.263737501349329,23.731841155175353
O75116,17.745827397420292,25.458807968577286
O75122,16.64141211982699,25.484091015485415
O75127,15.807973540138532,24.200782615003376
O75129,14.866718698525128,24.318222433707557
O75131,17.66058530809498,27.290711710171838
O75132,16.135617531789595,24.270015358900565
O75143,15.558667085864165,23.4702024542084
O75145,14.174968660070276,23.84741869968574
O75146,17.17032344474127,24.60152116398724
O75147,15.57843820794829,24.038655553213577
O75150,17.51387009606356,25.964976218742635
O75151,15.340684515295083,23.197280895412618
O75152,17.329982600741708,27.92614057206878
O75153,17.223839337370716,25.342295535114538
O75155,14.880665606613734,22.843419078547306
O75157,16.012867266200843,24.857488779850037
O75164,15.62869810927672,25.483948130578383
O75165,17.32594309949721,25.717000164436218
O75170,15.418108990979102,23.65985166639495
O75173,16.36594282505531,23.81492359637084
O75175,16.55583311455724,25.28125086432639
O75179,16.91505131375126,24.540095301610915
O75182,15.964119829871898,23.77757983663978
O75190,16.9418487295083,25.97887292430364
O75191,14.646607365416832,23.257943188047793
O75208,16.596752063454833,26.671587799683273
O75223,17.185311013781476,27.139268199699604
O75251,15.988252982937066,26.057239113682844
O75306,16.263184623711926,25.99193135669294
O75312,17.632912613718275,25.816732552669457
O75319,16.88622449715804,23.995299805234023
O75323,15.984585389823636,26.53590579123461
O75330,16.27323675438582,24.64575918109424
O75340,18.150033034661874,27.35658717819386
O75347,17.14256211671268,28.27593432122523
O75348,15.582550975484416,27.460636752621195
O75351,16.853824434972786,26.395193739727006
O75362,15.051488703652678,22.98023194537202
O75367,18.82203778460345,28.871482993523998
O75368,16.88223919296773,26.741081912471955
O75369,19.636020338555998,28.73242150325737
O75376,16.06061910072749,24.258048766510655
O75379,16.97519366754832,25.978770881192695
O75380,17.350556346396438,25.25309593608262
O75381,18.08500810828301,26.14772981472837
O75382,18.097387632681365,24.550425113533397
O75386,15.21271280361495,24.07283548329725
O75390,18.238521643793117,28.457274391705166
O75391,15.511415687072505,25.678717697830287
O75394,18.235812775489666,25.823383883922443
O75396,18.28638976888998,27.957275705211497
O75400,19.2608426344503,27.471289634933843
O75410,15.797666616815691,24.444866711111473
O75414,14.980013023807672,26.619068145986873
O75419,14.74424439067821,24.253321137660002
O75427,16.102832088674756,24.691273451516697
O75431,15.705815655223372,26.387247435540342
O75436,17.61540628182068,26.589762453945962
O75438,16.36433849448358,24.72731583158126
O75439,17.104762640341416,26.405438034235647
O75446,16.29766975513238,25.231066599803246
O75448,16.11610544193589,24.813070152655897
O75449,15.376641814769494,23.987319012939704
O75473,15.949884421053328,23.804920740169244
O75475,20.445371469229375,28.65990057900496
O75477,17.04187211501402,26.146138661609168
O75489,17.262935248695335,26.547585872025792
O75494,18.639222092705136,28.360993083392465
O75496,16.042028803435613,24.573242721497657
O75506,15.158300652686107,26.271177408248757
O75521,16.866137486305302,26.22422385023835
O75525,17.815990191390394,26.46814595243602
O75528,13.973513027101275,25.880616335436933
O75529,13.227249359164873,24.594330698282963
O75530,16.004902604433607,25.299151195760363
O75531,18.22950995712134,28.805294317483934
O75533,20.513257876140802,28.54517348592271
O75534,18.207134940216108,27.762109324690766
O75554,14.698327450796212,24.94310182258142
O75569,17.62356635889918,26.57705702181403
O75586,16.19575292176077,24.476882513000668
O75592,16.414411682425047,24.51814172110351
O75600,13.993101143396887,25.180793582979682
O75607,18.174857674315863,26.236320484347857
O75608,17.988370538474623,27.5654618171247
O75616,16.3304614136,24.815699565680436
O75643,20.07876773609515,28.630811432818682
O75648,14.373549117252573,25.808445493987637
O75663,16.848199199003584,26.166965940655064
O75674,15.865791038382275,24.963309564676635
O75683,17.94499363838516,26.697624753048775
O75688,18.0367008673902,25.848857504203288
O75691,17.515884790291967,25.524782516418398
O75694,18.744737823438363,27.661910181195708
O75695,18.43712300707649,26.02722146009571
O75717,17.677331020026507,25.55541272797764
O75718,17.246271869106497,26.27017963044668
O75746,15.608146555136091,24.119117409739705
O75781,17.2080380780964,25.45654516769358
O75787,16.46078581491916,26.050534987589717
O75792,16.87618333272869,26.16797707906675
O75794,15.843365473867644,24.842929763364783
O75808,12.76679923572907,25.193870208092353
O75815,15.660479435778276,24.91307424925968
O75817,16.389673364602313,25.98779877187898
O75818,17.18606131782346,24.355750045210133
O75821,17.43155155087694,28.33358705747122
O75822,18.52328913168038,27.194124999230496
O75828,16.839658373111135,24.84104268881413
O75832,17.49155089865483,25.991051067961582
O75843,15.05205042337271,24.254525011322546
O75844,18.419416720152668,26.539587601838953
O75864,15.744309086289494,23.84993581579417
O75874,18.07852350724606,27.571181314762807
O75879,17.204086598557726,24.49073491346475
O75880,16.516777961365886,26.151244383844723
O75881,16.35282145342651,24.32590785142265
O75882,15.173486696576761,24.210357803776734
O75884,17.34344314801679,24.87118214934198
O75886,16.64601195687977,24.98960162168174
O75896,17.896941302655787,23.69119006061219
O75909,17.83030010628466,26.07646870583528
O75915,17.165349606018182,27.432540602179994
O75925,15.556885328951397,24.45399700005249
O75928,15.71968032809026,24.242388975074746
O75934,16.139985192802598,26.796811880496133
O75935,17.43674907117207,27.1303016397232
O75937,18.953896934535745,26.242493204250675
O75940,15.45119475260831,27.016832323445175
O75943,16.16483028539314,23.572264047787243
O75947,18.22029650866407,27.447991662954863
O75953,16.59608043441863,24.47119792218759
O75954,14.776062852249462,24.182624172594835
O75955,18.221722386463036,27.794508820752952
O75962,17.358329300393006,24.953414387450234
O75964,17.982081634153065,28.224594649733316
O75970,16.457511251871974,23.82227955353456
O75976,16.738679020421884,26.119242404347897
O76003,18.676939075101732,27.288324408886652
O76021,18.60617807474591,27.463904768445765
O76024,16.249619237146838,23.633924245399495
O76031,17.33254352558768,25.988835763589115
O76054,15.505650990589388,23.710905912587283
O76062,16.06609951521189,25.806242256729337
O76080,15.16159922629937,22.318292896323687
O76094,17.563214262585625,27.238260512704326
O77932,15.186832486475446,23.917420613694052
O94760,18.656786326257482,28.21254178500044
O94761,16.368153801491346,23.475334345104645
O94762,15.935862454550493,23.299818823857827
O94763,16.920510222863253,25.689774751486038
O94766,17.25062216993098,25.366867096909008
O94776,17.65182475689728,27.019498110573604
O94782,15.432209863551577,24.510315071245294
O94804,16.2198302689403,24.59466861957555
O94805,14.063569845791294,24.223031151245753
O94806,14.346558851307051,24.224381564338394
O94818,13.51702933317911,22.232316106304307
O94819,15.803235993303003,24.16643894697655
O94822,16.830524590207933,24.674185909194193
O94826,18.823795594722554,27.396907642989305
O94829,13.821983097815115,25.051040373156656
O94830,15.49910488960524,23.007003648418465
O94832,16.033821004159673,23.64056535560912
O94842,16.420412709655814,25.224326050156325
O94854,14.65078256263045,23.011419735164544
O94855,17.491357162950607,26.39629475858667
O94864,15.44572025436498,24.58403963334606
O94874,18.581024001066627,26.467982238129466
O94876,14.051868906206078,23.301847326104017
O94880,16.57643597714288,25.40980144858579
O94887,14.949054419725313,22.405186528989525
O94888,16.85868198644151,25.403638548599
O94900,15.336234459775556,24.593511003855564
O94901,17.24875355832722,25.728390688816383
O94903,17.635787827748967,26.12521730392844
O94905,16.838389113655207,26.656335982520204
O94906,18.3296092195673,27.359246732602493
O94913,17.34088159646824,24.588675096005655
O94915,16.838506623048172,24.31696525951398
O94916,14.923676787796417,23.978249819786082
O94919,16.05741125239767,24.387191433723032
O94921,14.294041070493257,23.519604461476494
O94923,15.471485594211533,25.728153631213257
O94925,18.884845431813247,27.130868209060573
O94927,15.498035435898649,24.64603956947363
O94953,15.532447321286005,23.39168609195412
O94955,15.842925887294093,24.884686457783115
O94964,16.679614026410903,24.225076204784678
O94966,15.649046995152794,24.5163883964812
O94967,15.422263063963944,25.173391824761037
O94973,17.18785444664803,28.56477205551729
O94979,19.192639478176417,27.365129650316298
O94992,16.063359392684134,25.95512757874614
O95067,16.53422107188416,23.335784708658075
O95070,14.557590302823952,25.476899164562155
O95071,17.156799514219344,25.49704556635677
O95072,14.998418896787458,23.887853041733944
O95104,17.48755693460102,25.750692951254432
O95139,17.213615741790775,25.677580725048987
O95140,17.000369068833148,24.915015012014273
O95149,15.769165038471517,25.141786010029872
O95155,17.342573707931923,25.573172683314763
O95159,16.49599959980367,25.670755942433892
O95163,16.918903954550583,25.746680990929356
O95164,15.18661437483968,22.947875090667043
O95167,15.856356441605067,26.236608769966743
O95168,17.258292282297777,26.339591266820147
O95169,16.830329696138378,24.987251502118884
O95182,14.808947588656014,25.50705066690764
O95185,16.93628435258355,25.1631697457088
O95197,14.704833392558083,28.143569691347892
O95202,18.165645590544912,26.741753715670423
O95208,15.772435953373547,25.391377305056036
O95210,15.856336548987846,24.9757561499181
O95218,16.346113442648257,27.41744255460166
O95219,17.548646775128727,25.52959616928526
O95229,16.36653122594302,25.502658474968054
O95232,18.106242817192012,27.02184786606362
O95235,17.56752020287636,24.691144577474347
O95239,17.319196418117947,25.428570262795137
O95248,15.884093337152962,23.855525427457867
O95249,14.67183614329817,25.475169805234856
O95251,15.766811006781893,25.21770317690247
O95260,17.658399995569226,24.482722852730117
O95273,14.860859188474704,25.19027350980467
O95292,19.015090033692356,27.293558757877843
O95295,17.005387371571313,25.477282112883504
O95297,18.28812087491368,26.243491105058617
O95299,17.078818210504142,26.083299614716704
O95302,17.049111909621022,26.809494187516737
O95336,18.116860458792246,27.34497939237137
O95340,17.747419198804767,25.24060960697523
O95343,15.039523985222809,23.498476978076432
O95347,18.353953152686717,27.392848857742962
O95352,16.950953148462997,24.324094435027572
O95363,17.317897646909106,24.617481730040566
O95372,18.218023065663186,27.01715440009623
O95373,18.173738369523548,27.717461217094435
O95376,15.964627579904457,25.193162353798066
O95379,15.193404769504697,24.67081268702885
O95391,15.73108964018985,25.123660697944626
O95394,16.815474174432424,26.53049650295961
O95396,15.39102844693244,24.10272342483143
O95400,16.489678061619724,26.8281218203755
O95405,16.2475212904439,23.595307797781444
O95425,16.949433138850225,24.494281128651828
O95427,14.798411501912184,26.451359084012925
O95429,13.32469575439145,24.51956631091167
O95433,17.71022817188313,28.297880702156693
O95453,17.43042078000846,27.025627429880878
O95456,15.836557882524438,27.37957099130722
O95470,17.468765381546632,25.6331118123862
O95478,17.51192622529272,25.326106925195866
O95479,16.312883938843065,25.005443882487373
O95486,16.282027977698633,24.912775411185194
O95487,16.37350181068147,24.812982359104023
O95490,17.50591131558578,26.49078965296396
O95544,14.997844540437132,23.984747780381454
O95551,16.418068271894683,24.2718075843307
O95563,18.92002188724059,25.942031575537374
O95571,17.635150984835867,26.933154672936872
O95573,17.09588142168357,26.349177897887703
O95602,17.13727226046984,25.55146554698784
O95613,15.678628086093902,24.183199582898585
O95619,17.346724785978644,25.48388233974018
O95628,15.347709510196765,23.56875809373199
O95630,15.970382909468393,25.272105187611025
O95639,14.764621144294143,24.84793437039683
O95670,14.734542529065632,24.23121077815567
O95671,16.460958142758873,24.06316266289428
O95674,15.272226376064063,25.450349124980928
O95684,17.01116836514323,25.025653900071593
O95696,14.420723084110803,24.394801006401085
O95707,16.935834825353915,24.574442584309512
O95714,16.666418330447307,23.97297671946691
O95716,17.703227901999266,25.447322361817122
O95721,15.395028213195738,26.328646553923583
O95747,16.06794171060963,26.140842795696116
O95749,16.499292300473975,25.441298483284193
O95757,18.49931284597137,26.71758644351286
O95758,14.256340506847568,25.66650442432312
O95772,16.29367303192041,25.78075047864191
O95777,17.300432554892577,27.673814896015717
O95782,17.939418087766796,26.804381264631157
O95785,17.577756521820643,25.83815621525816
O95793,17.600077650165897,26.79055292079351
O95801,17.566188823581303,25.36471551476588
O95816,16.22283698714755,26.989618767415465
O95817,16.71753672616714,24.828047928168836
O95819,16.146808594526604,25.020973752150272
O95822,16.621026754849623,23.834598738720263
O95825,17.050926871390654,24.8347291965182
O95831,19.16840528721794,27.396520879787317
O95835,13.447431529196285,25.136130167302067
O95858,15.682957808310869,23.316319515806562
O95861,16.64936634331195,26.653342685688287
O95864,17.046441308514687,26.493775666167483
O95865,16.25494048318911,27.20526654325944
O95870,15.738337034554988,24.54747590280403
O95872,14.072361558751304,22.99137288857085
O95873,16.294991174449393,25.968777055606637
O95881,19.002131312476564,27.714663731953777
O95900,15.643253062278848,23.192791105320225
O95905,16.611758007842223,23.844149554905528
O95926,16.101542023987864,25.536607722251635
O95983,17.492769908787206,26.109983126150908
O95985,15.9299624407827,23.733482889978415
O95989,16.04173359856356,25.604169527511665
O95997,15.876058213645328,25.840396388997647
O95999,17.82228887143219,25.02940340729569
O96000,16.451892769089635,26.84321398980855
O96004,15.562828310646653,24.01079143622653
O96005,16.22895983477019,25.491489823238496
O96006,15.844346639472695,23.59979902418905
O96007,15.923408342235886,24.06325196405089
O96008,18.26862155795726,26.89898888857777
O96011,16.858156851732975,25.189024528245202
O96013,16.645569534676095,25.14335024160406
O96018,14.147305466405665,24.286579264098442
O96019,15.996040334943343,27.68572404534813
O96028,17.116844522467893,25.407305987958996
P00156,14.610483166135316,24.069427067139863
P00167,16.785039581947174,27.103697583409176
P00330,20.117572237075155,29.18494521463498
P00331,15.507642147770598,23.794761798188112
P00338,20.855882163286406,31.266064824301882
P00352,15.38811475144484,21.950926401775405
P00358,18.285996084828398,27.99446523339012
P00359,18.21262545271152,25.466251977343543
P00360,16.872775624956667,26.020869643323245
P00367,17.184720987042265,26.430571165965386
P00374,16.46452062355938,25.249254789809623
P00387,16.32672885881931,27.290219418608174
P00390,18.254614700409086,26.444530377692036
P00403,16.088008752194757,27.76817138447075
P00431,16.216479751513543,25.075731663588495
P00441,18.959755922582147,27.677570893128916
P00445,17.9310319889737,26.62820750839127
P00447,14.850498778906529,23.716823123748476
P00491,17.67925094900667,26.892965046539434
P00492,17.42849258925464,27.22037054176317
P00498,15.610971064218402,24.915617536948908
P00505,19.661277509996804,29.294308107521505
P00519,15.820402944777632,23.737978835221664
P00533,17.37346580295206,25.39927997836622
P00549,19.265253636180304,30.333217445110204
P00558,19.8547020693185,30.86380158817692
P00560,20.241761783524854,29.7052858445736
P00568,17.076240136683182,27.210089681942073
P00729,14.762582347204798,23.358764534710904
P00750,13.854866484463543,25.392727305669958
P00812,16.758474344771887,25.472772726318816
P00813,16.649388336163714,24.32794873494255
P00815,16.920784231548286,25.736775446216296
P00817,17.454189792329874,26.894651262932577
P00830,17.40594475928475,25.420023558464763
P00846,16.716466399045544,26.50189944459952
P00890,16.610057807385136,24.120236215923697
P00899,15.467691051555596,26.87092806884201
P00924,18.9890242760824,27.501938299566532
P00925,18.040083792824536,29.79779256836326
P00927,15.5277788035704,24.118602881377083
P00931,18.181880274556473,24.82962547874777
P00937,15.21996691804719,24.13861629649653
P00942,18.324007536101067,28.72593262769512
P00950,17.63596516977087,29.152392312649933
P00958,17.73832360125189,24.52449574391296
P00966,16.41283491138282,24.24770062333157
P01008,17.10051410367201,25.37109832758354
P01023,17.094082222960473,26.287471810523872
P01034,16.09005954814113,24.90570232540584
P01040,16.23032333345216,23.967055328537867
P01097,14.617121271079444,23.691002579904627
P01111,18.62405076197207,26.407190649114433
P01112,16.779437192144773,25.953334786278695
P01116,15.757539136404132,26.81691369364357
P01120,12.020296341316564,24.40279772286529
P01123,16.254285401930535,24.2379293237333
P01130,14.297002253345722,23.991497539890645
P01137,15.324528131510752,23.80491827912325
P01282,17.320931649352353,24.82841733233734
P01303,15.902658087966497,26.45817924476851
P01889,14.139420419384527,24.925778566877373
P02293,15.622883149174458,31.606825450903937
P02309,15.829070117271998,26.260101227491386
P02400,16.757536219641665,28.21461275555331
P02406,17.82049735951802,28.117222390612348
P02407,16.598378611274914,27.55905038034693
P02461,14.799984404895339,23.02825480111043
P02533,14.120277168535061,24.982495133181143
P02538,15.340150811287,26.12590823253372
P02545,19.745131576750104,30.926929419995115
P02557,15.789341476604124,24.90383530813188
P02649,15.17230088440845,24.859162186454387
P02748,15.730578699045825,25.86621482742644
P02751,15.472541460286573,23.29932355698331
P02768,17.380706589159907,25.840171733147926
P02786,19.040012815046392,27.704908459926628
P02792,17.176440375975968,24.927766390110875
P02794,16.793746269972594,26.28332656273117
P02829,19.05815939110536,26.629091415829794
P02992,16.77879285010385,23.958200983074583
P02994,20.297853419208177,30.517262940339247
P03965,15.332114053363975,24.036169503308827
P04004,17.503670131603233,29.85592771196863
P04035,14.364122477428333,24.298660085726322
P04040,17.55223969046515,26.67315308339293
P04046,14.685398826079075,23.52991287018827
P04049,14.026306261148159,24.787811363681293
P04050,15.989305470732164,23.839954080191006
P04062,17.551498556699528,26.819407299743233
P04066,16.4630260219641,25.26379675395462
P04075,19.02466479102949,30.870829886318077
P04080,18.264671210423714,28.055786024007972
P04083,18.853173077796033,28.679834092007127
P04147,18.19094816288722,26.12572716722013
P04150,16.001618227584064,24.201301268208574
P04156,13.993031602960667,25.358289579669254
P04179,18.842245241294794,27.998407852304712
P04181,18.125239954417246,27.731426959252932
P04183,15.58208904422569,25.23951181893697
P04216,14.966373324982925,27.55329507563745
P04264,17.79931893822479,28.541912523296396
P04350,12.949220544854441,26.33616197662672
P04406,21.39814374879919,32.98002312212395
P04424,18.358491633245553,26.23737444373582
P04439,16.70182535163861,26.787215041902606
P04449,12.8668556823005,27.223733278072142
P04456,18.266421649039582,27.526477699052382
P04629,15.013246156909746,24.604025650237443
P04632,17.163418640196127,27.220689471735824
P04637,15.6416781339377,25.09203606995624
P04650,17.315954762327916,28.62895673105844
P04792,19.141169160318466,30.76189825882657
P04801,17.74650825260074,25.159045930350803
P04802,17.764392977338527,25.55816656895516
P04806,15.750309075543148,24.06528628554321
P04807,17.120601725518437,26.990379640080636
P04818,16.459485603419125,26.025393130374603
P04840,16.57222039050649,26.470952792109212
P04843,19.107145658968214,28.965814748659287
P04844,19.088675679024664,28.1125298260732
P04899,15.911369059315717,26.83099129922135
P04911,17.679981165510565,27.346847516662336
P04920,14.687186093065694,24.052364315681906
P05023,18.577183064173596,28.381002179711075
P05026,18.136720120858968,27.46011850903018
P05030,16.506986892568644,26.38108576868411
P05060,17.519422562998635,28.5961334478368
P05067,17.1418828157023,25.46421480016062
P05091,17.88130835236042,27.28380369414633
P05109,16.278533616606467,24.633286226546552
P05114,17.257837049527396,26.07571313147845
P05121,16.891542482476055,24.553685184105777
P05141,17.930177544872613,28.579299258089044
P05161,15.663378979217347,24.700680738307163
P05165,16.191542766839248,25.099579066987502
P05166,15.89279992320267,24.35724320818345
P05198,18.388489982393157,28.582895211258233
P05204,13.412253842271326,26.551539225198297
P05317,18.12494449012368,28.412627682288413
P05318,19.18630131966847,24.60002250975953
P05319,18.510453311333478,27.235488453249932
P05362,16.41230692528405,26.04991094989669
P05373,16.51996583980704,24.539281045526764
P05387,18.81590914604886,30.308809313552487
P05388,17.575034989509437,29.232956125965796
P05412,14.769105051891831,25.03264651281578
P05423,15.81547268589552,24.762382697729542
P05453,17.136322100951084,25.293787292778465
P05455,19.42136306068856,28.95429077292613
P05556,18.58998145081551,29.153345067527642
P05626,17.332074907912435,24.372031881913596
P05694,18.070932468057173,27.161878360694942
P05738,17.79720818725812,25.32320041168809
P05739,16.152324122091844,26.864253306375804
P05740,17.14770535647078,27.090739332810347
P05743,17.089750521709487,30.01575643959417
P05744,16.94497867605766,27.33842663499881
P05748,18.98252661906783,25.222574232395274
P05749,16.054656862270118,24.965939297367896
P05750,19.20148946030061,28.092578721511384
P05755,15.849018180031596,24.009196207165854
P05756,18.64139379436075,27.408339241164047
P05759,17.481941124726212,26.96774439126037
P05783,18.873760835847833,28.279616332428656
P05787,17.94980360434149,28.058663425465262
P05937,16.00330909974306,24.442184864793848
P06101,15.945453164117419,23.817493413305286
P06103,16.62193831775633,24.672075985087087
P06105,18.333702962848353,26.696739015718
P06106,17.60103239614757,24.958654970789983
P06132,17.375609152148744,26.581313321502478
P06168,18.372902608557208,27.516802909793828
P06169,20.051938128511587,30.331541481082258
P06208,16.143127056275954,24.12796912983206
P06280,15.543721667472811,25.583105699536674
P06367,17.353425645143812,27.25481581131084
P06396,18.319405268593492,26.128991462152158
P06400,17.324457680692564,25.67151188567436
P06454,16.36407428775321,28.090870009725624
P06493,17.631818567252044,28.983590305840135
P06576,18.334502073510528,30.364328800179084
P06634,16.162752173759106,25.83681626082825
P06702,16.40481391702628,25.400630457191387
P06703,20.880523110321803,28.6842270764365
P06730,17.888230223630806,27.934325019135635
P06733,21.376559702638488,32.1708929727052
P06737,16.876346072048396,25.508631646692038
P06738,14.574846154230567,25.621933448632245
P06744,19.71356182155198,29.913153989685533
P06746,17.618146080022402,24.920740554797845
P06748,20.53733946828197,30.874394592048812
P06753,15.335986829599587,30.230608141514598
P06756,16.799703187195192,25.73479666504411
P06780,15.651725624143689,25.18956734414365
P06782,13.694477343889833,22.29332092989638
P06785,16.3917877872555,23.463915579295122
P06786,15.206109529583648,22.404144069574706
P06787,17.194662701496334,24.91612652272834
P06865,16.928031972404515,26.631423145574487
P07099,17.063511895250826,25.021505734196438
P07108,18.10340261490874,27.139025043165798
P07149,18.161587452059656,25.561332350834398
P07170,18.577396334870553,26.826054746582617
P07172,14.590510504117848,24.20747535633816
P07195,19.626573601646264,31.426472493287278
P07196,18.352634215958446,27.300082600050136
P07197,18.74265951678993,27.390318033619298
P07199,16.51910463406515,24.40303068801752
P07203,17.08042677601074,26.856972290502988
P07213,16.148141668842918,24.343744193572242
P07225,16.24700988200053,24.385577345043345
P07237,21.004699296937865,30.590719730547967
P07244,16.559140476069068,28.327952708318257
P07245,17.687961789093414,25.064599740035895
P07246,16.82416441580249,24.893268799170706
P07251,15.92545634069307,25.244206917159257
P07256,15.061473931234385,24.272875261330896
P07257,14.758114873173936,24.08538249670765
P07259,18.448241495823016,26.290809403223623
P07260,16.671417363134733,25.029117348233253
P07262,17.86716692989034,24.479119504090626
P07263,16.24326466983754,24.571556675738513
P07264,17.55673183230938,24.936622877455555
P07267,16.837786433683807,24.770250675304613
P07273,14.681433836713087,24.570183808032645
P07275,13.850517775498648,23.214785559622552
P07278,14.544031606132371,24.815095108859683
P07280,18.199132939363167,27.829078706456517
P07283,17.907610119977154,25.684337254507838
P07284,16.956756622886058,25.42642335398422
P07305,17.976358377031296,27.33479530620151
P07311,15.426661120290667,26.418443740481266
P07339,17.971010100931988,28.743251695242446
P07342,18.620960560384994,24.905322109967248
P07347,15.342024372861593,24.727494367908136
P07355,18.458156036805313,29.739570081211642
P07384,17.674023571838696,26.910760010544383
P07437,16.204381615696732,31.29109346771099
P07560,15.213177598325979,25.404522899199982
P07602,18.69531108854683,28.996526193760563
P07686,18.31477541911421,27.204050601700228
P07703,16.094530849085668,24.04939312462642
P07711,14.636815592815388,25.33205974034925
P07737,19.40615242835308,31.900126692318143
P07738,16.11138296003695,24.998394035391055
P07741,18.793280984601154,27.35747349449913
P07806,17.86368387852232,25.843235227345968
P07814,20.50646192992234,28.739691106823187
P07858,18.427533910127806,28.353836240701618
P07900,19.764093475715296,32.01724291234692
P07902,17.934843663147927,24.143936430382105
P07910,18.75569795228735,31.21181395233221
P07942,17.776687733233107,26.853869572437898
P07947,14.489490785248364,24.924031618469346
P07948,18.392002109073243,26.843349370258935
P07949,16.983139278020936,26.16797198276888
P07951,16.049795787188646,27.538569659496016
P07954,19.532026593670615,28.21844172110812
P07991,16.88101344398469,24.109390789771403
P07992,15.268158139432286,24.54938663211088
P08047,16.560354719300275,25.209487538641763
P08067,16.121379204904557,24.033251082162874
P08069,16.808835186567137,25.3815938427123
P08133,19.366236568763,28.26881679836002
P08183,18.38116556651036,27.537241947386956
P08195,19.02603361420458,27.89543135361911
P08236,17.855800013630315,25.522854560086415
P08237,17.89074137706219,27.272189281981937
P08238,20.166901600153523,31.90678093494443
P08240,17.54651842024258,26.684652845265923
P08243,18.942603617229295,27.65777787828279
P08247,16.061224814472105,24.142305829983894
P08253,16.095601659317712,24.468443385011774
P08397,17.22769424645036,25.607168475171864
P08417,16.337100534568133,24.53779408080358
P08473,15.752349936684865,24.228747951150783
P08493,14.228106409437338,22.947091472724384
P08518,15.851897606764158,24.03714113958196
P08524,16.088717898995014,24.836040833384686
P08559,17.17864608200072,26.76544634934965
P08566,15.256951999571008,23.737898943002826
P08572,14.713610763979275,25.014183073575204
P08574,16.000979687721742,26.20224680049191
P08579,18.816736251124265,27.152047884556257
P08582,14.936794483162936,24.308815500004183
P08621,19.218222439265894,28.827351351613252
P08648,14.432567671890217,24.594127520149705
P08651,17.109810473339156,24.893485916307526
P08670,21.008539892090802,33.740997363684194
P08708,19.438159199003213,27.386951367254333
P08729,17.674582184296035,26.961664892296312
P08754,14.491487398175005,27.15473669922001
P08758,18.710901891535162,29.67962306621326
P08779,14.41217829196684,25.418445445527432
P08865,16.808247109900297,29.92918416525594
P08962,16.861282936317338,28.343720899261584
P09001,16.977972792798134,25.282639220868003
P09012,17.26953462635113,27.57192851159872
P09017,13.527072711043449,26.407119966080835
P09064,16.620553750940353,24.707746849013777
P09104,17.74780106170513,27.28604299855076
P09110,16.14591135440418,24.800834005152282
P09132,17.312415024293514,26.0191847099937
P09172,18.473983100292806,29.252879579502608
P09211,18.502252988040702,30.112387639486037
P09232,15.708712075701113,25.266037931611685
P09234,17.475175231638364,28.588750875668644
P09382,20.537168932387765,30.56674362360094
P09417,16.94471709326627,26.64078435227071
P09429,16.46496486421351,29.821135911058487
P09436,17.554636726637874,25.538101614500608
P09440,15.32119870850282,24.319519336999154
P09455,19.064572215504224,29.753717812028533
P09457,14.358285268776038,23.634427876460695
P09471,16.399915706032054,26.494522044046576
P09486,18.098080056133348,26.29603110574249
P09493,17.987665438971746,29.60310133366045
P09496,19.003463340064904,29.231641031995455
P09497,17.127010916209336,26.460843889722458
P09525,16.619857631166887,26.573473604275417
P09543,19.02310322446171,27.60021050812645
P09601,14.858862200183587,24.359434933363055
P09619,15.82157284500291,23.975922263509766
P09622,18.528069034950107,27.52159281807728
P09624,17.272757678902444,24.13209944823371
P09630,15.329975998334724,23.669007758597377
P09651,15.486805802922484,27.096839114167924
P09661,17.83412167287606,28.03023330966219
P09669,19.20226713276952,27.974195403662918
P09733,17.20038486181911,24.515856713017968
P09734,16.919032444544,24.47174038610889
P09874,20.529926961375757,29.92043206394152
P09884,16.631199398656403,24.712395698932664
P09936,19.28321163057461,30.848125498014586
P09938,16.167133842211427,25.317746594525
P09950,14.616220309695958,24.851195445907553
P09960,18.98326407692841,27.11307694027238
P09972,16.363209208160754,26.92515002006201
P0C0S5,17.789719923742812,31.155376545694914
P0C0T4,16.664387712702016,26.524562333814185
P0C0V8,10.829554694767175,26.143451336366955
P0C0W1,18.020779616979247,27.716269617035167
P0C0W9,16.951750447441384,27.544371134743734
P0C0X0,16.02023338280539,28.34210413105584
P0C1Z6,18.20041200507182,23.934497961084794
P0C2H6,17.874457850819642,27.614275625371764
P0C2H8,18.26681755405999,28.147873312454664
P0C7T5,15.280131548848919,23.521901233397855
P0CAP2,15.715181999342175,24.027623838359933
P0CG12,14.266973745163511,24.295290611471902
P0CG29,15.709592442014925,24.844315712270625
P0CS90,17.875651393688834,26.765114211101526
P0CW19,16.241926765395796,25.375497768964845
P0CX23,17.770883490806582,27.69636983221408
P0CX25,14.34772964783277,25.860713238799196
P0CX27,17.99768978915119,26.476504511019176
P0CX29,18.72173254571867,25.364847905503613
P0CX31,15.965546197793664,28.0746413948868
P0CX33,18.119685155599225,26.62856753553865
P0CX35,18.732160998298475,27.539786060045174
P0CX37,18.332769330567263,27.354328670293906
P0CX39,18.682111208302395,27.881587457407825
P0CX41,17.824146797303744,26.562739914879607
P0CX43,17.516842120033882,27.273813014089054
P0CX45,18.32981683090244,26.916733242511313
P0CX47,19.041949747698123,27.46347218574281
P0CX49,17.071019497157792,27.452724763315384
P0CX51,18.649808241282958,27.52342902229866
P0CX53,19.10333891149497,27.344926253296126
P0CX55,18.84704902433291,27.843144305562923
P0CX82,17.38032723518526,27.399443102810693
P0CX84,16.6615413722814,27.65423056705354
P0DI81,15.612146422101004,24.63631279872218
P0DJD0,13.261064701486461,23.382923185077843
P0DMV8,19.943271473341632,30.084473080857975
P0DP23,17.256106250077572,28.94391380244854
P0DPB5,16.928626808100503,24.15994099408372
P0DPB6,13.257551718370204,26.554336959267104
P10080,17.190956045497636,25.1357602984671
P10081,18.365023473277336,27.379637493248016
P10109,16.181320177075136,24.834159833685444
P10114,15.587470332101086,25.59229902556971
P10155,18.69947653091268,26.580682805976
P10253,16.57389731814752,26.855432286985994
P10301,16.874286642164936,25.366682308061403
P10321,15.905150187651023,25.52258461407855
P10398,15.146482502048828,24.01000471685455
P10412,18.01313628274004,26.279985864518345
P10515,19.00408718569823,26.891731404482467
P10586,16.751326205313823,23.56253223738033
P10588,14.666759087933212,23.83912394988911
P10589,15.978007505761449,23.51720669422294
P10591,18.303138516251977,26.945098134718677
P10592,18.452005120262328,27.84349632524709
P10599,18.652396826463526,30.51808776539852
P10606,19.19190216413782,28.624406403847342
P10614,14.58932893829093,23.49314289396955
P10619,17.516457009799,27.224590836617132
P10622,17.727961926265923,26.04467489279949
P10636,16.524175301833303,25.837538600173342
P10643,17.07945249116363,25.612025633659986
P10644,17.126918032438777,26.414981609209192
P10645,16.914041820526425,25.46865461297221
P10659,16.39326332775031,25.199807416261056
P10664,16.178015447367095,28.611560210572296
P10746,15.650954369906582,24.23439031884999
P10768,17.124895332720392,27.654905407585122
P10809,20.32903696234996,31.516139160275998
P10869,15.68327276818108,23.54367108151428
P10909,14.382722769457386,25.03699023935805
P10964,16.222780877646134,23.850964405110574
P11021,20.504213662020174,31.422257623050175
P11047,17.899492936311376,25.838299954750347
P11075,14.672078825919643,24.90487267697325
P11076,14.479302949034707,25.561279145453874
P11117,16.19941623146697,25.419754840555548
P11137,18.38620960927962,26.72110791333623
P11142,20.699226841889008,32.55511112813188
P11154,16.165936584346852,24.202039092585625
P11166,17.809619245775732,27.306833643125376
P11171,17.81208418152895,27.117078340394986
P11172,18.58558502613923,26.398198250457042
P11177,17.64805649755497,27.302204840185215
P11182,16.339237174367522,25.24367583577302
P11216,18.445842210456668,26.610011807906663
P11233,17.37669790292823,26.69763749462364
P11234,15.916931065560448,25.690427922272633
P11274,14.95498170727786,24.044782289304028
P11279,17.576834651759807,27.966200221837152
P11310,18.497407785706535,27.02337727840511
P11353,15.874881981299687,25.193531113023024
P11387,19.331297674440965,27.927673398491784
P11388,19.499945060007086,27.73473334556227
P11412,15.876255518337183,24.21276612849703
P11413,17.405864258714455,28.065468856868723
P11441,18.146266682280213,26.106823558053975
P11474,15.795568556513432,23.355449365277504
P11484,18.413316784608657,27.362510614759582
P11498,17.316733894226868,25.9672045307863
P11532,14.662418429869106,23.412158261250095
P11586,19.16490644804849,28.407009626347616
P11632,15.642666040015179,24.942484705891196
P11633,13.789719107777715,25.097419061806
P11717,18.831659081130436,26.70906868950441
P11745,18.367641946221735,23.81095684896068
P11766,18.102719789130003,28.109036575072547
P11802,16.88535903626388,26.06114217761237
P11908,17.97532041528971,26.351281596204032
P11940,17.625286330645928,28.933434438779717
P11972,12.90603428235606,26.00095079368058
P12004,19.20675978118713,28.736027022888198
P12035,15.430157840649663,24.952527965067464
P12036,16.213328692727476,25.53785662508692
P12074,16.41738158311813,27.075029347453523
P12081,18.51121123275028,27.58415776457126
P12109,17.083639814073234,24.330802805310565
P12110,16.40236290120543,24.61458427025609
P12235,17.056200723579924,27.111121760617223
P12236,15.44859827428119,28.60555591430894
P12259,16.156743363550298,24.628353171089184
P12268,19.246393276002717,28.416787796903055
P12270,20.64819842663668,28.310735459928907
P12277,18.840614994183575,30.29488621857505
P12385,17.1686408702382,25.004273152668265
P12429,18.204786997459237,25.3083785085694
P12532,17.995329875866553,27.508518728429056
P12612,16.123029414211285,23.93699447324241
P12694,15.816491149052124,24.918696233470193
P12695,16.869964041764337,24.74394567506827
P12709,19.59976457516916,27.32013677284165
P12754,13.46022837144085,21.897544154206553
P12814,20.357898331071222,29.491663847585073
P12821,15.411609047823221,23.865241380772183
P12931,15.946030349262957,26.454014451445428
P12945,15.549166078500567,24.556083667405954
P12955,17.84686434237032,26.878767434175188
P12956,19.714116741792772,29.574359550610378
P12962,15.018889841638975,23.541475498084903
P13010,19.64379605568193,29.420648227559486
P13051,15.295685470606088,24.216635674097425
P13073,17.42244798864631,28.25012176719717
P13188,17.616168176495794,25.586596957544764
P13298,15.806266829870033,24.8184742742351
P13473,14.754657914421808,27.569008306994977
P13489,18.222953749975588,27.508845256768417
P13517,16.123011595181122,24.12247897002427
P13521,17.512128872668477,26.588389981579212
P13591,18.91684453379395,28.024812925959615
P13612,16.53291104540949,24.5111938177348
P13637,16.615152481393505,30.453562596169064
P13639,20.31182764140897,31.270436404392733
P13645,17.47851566270435,27.998775582152664
P13646,16.256942935760527,26.273688735961937
P13647,14.22445515921872,25.23092525244712
P13663,18.14539283248511,25.214345480975332
P13667,20.565897472788862,30.556169582656825
P13674,18.72744760417342,27.533385576872288
P13693,17.39030450484551,28.253583931096856
P13716,15.586631690811421,24.567354355997136
P13726,16.52095098878858,25.864667178903954
P13796,14.016518344389139,22.5786707464347
P13797,18.21377932794107,27.148009775753
P13798,18.438005384719446,27.143949106258066
P13804,17.703698409438815,26.54904042789817
P13807,16.40010602796988,24.918382902164893
P13861,17.11830810266628,26.351622795186465
P13929,16.008663697428194,26.35714105017726
P13984,18.613727137860415,26.06323055491099
P13987,19.58221028278236,27.799871357840516
P13994,13.725794257530552,23.898978005652104
P13995,17.439446773072728,25.94402145559722
P14020,15.754166979228748,24.173606690489745
P14120,18.581293039134458,26.835183765919254
P14126,18.94521312424092,27.39702086815603
P14174,17.003609373299227,30.77077313310574
P14209,16.49595223255906,26.614434547333467
P14314,18.094900119632896,30.38915113558335
P14316,17.681527332334355,23.510907016542973
P14324,18.04608767896926,28.696020195086945
P14373,16.04111747255846,24.515222292813892
P14406,19.123315410861853,27.959557482546924
P14540,20.033069816958886,29.466614128875605
P14543,15.452478066001987,24.00035810942133
P14550,17.841685713768246,27.143308772017136
P14618,20.658919106677445,32.30705551462769
P14625,20.831584392650647,31.394708922598554
P14635,17.702991938239894,25.81543564172534
P14649,17.979666506356523,26.818621365376355
P14678,13.218196497185183,25.243725675512444
P14735,17.63664291465262,26.211414994907948
P14741,13.113659995879013,24.6863797134961
P14742,16.292639937578667,25.474511380672098
P14743,14.79781875483522,23.584420883026592
P14747,15.12820844505821,22.64369371893533
P14832,16.72058330549561,26.6776607098996
P14843,16.10264617878027,24.516674791379778
P14854,18.1108201863264,24.306674119781675
P14859,15.23426018731339,24.770207315125937
P14866,19.114600362310043,30.369177915955166
P14868,19.305701856634887,28.5831223566036
P14904,15.239115946707356,23.67275810013919
P14906,15.404141284170217,24.158363066584865
P14907,16.707872278277158,25.022306257801603
P14923,16.783074046670674,25.43211226861642
P14927,17.51404071535937,26.492283921151046
P15019,17.47913014550539,25.504081633064963
P15056,17.00977668868255,23.519980394534304
P15104,15.94724267679575,25.96212516275937
P15108,17.9808088783924,26.72693111782781
P15121,19.19738462109591,29.015320004497735
P15144,14.931712369998943,22.84095891976114
P15151,15.47017026774523,26.12949143175962
P15170,18.44879511178546,26.753702666793973
P15180,17.788254481932707,25.636414893631233
P15274,14.78079184799936,23.393082853693798
P15289,14.986220501409731,25.033093366352123
P15291,14.767637368132343,24.35516294196266
P15303,15.40525423577459,24.686169160379755
P15311,19.229686312530283,28.535103198270004
P15336,15.220037718344992,24.928591790303976
P15374,16.2150523878917,25.695466519869054
P15407,16.124345695428456,23.571505813500018
P15408,16.122396577431232,26.04376494260808
P15454,16.720920870665662,24.876067514443232
P15496,17.22302731310822,25.122188604580533
P15502,12.104374655449703,22.79872056873171
P15531,18.234375453884784,29.588911718258448
P15559,16.209560055927547,26.14427633489284
P15565,16.061176412305578,23.74951112846474
P15586,16.552963458134045,26.73300306445125
P15624,15.994546998718201,24.879059450933266
P15625,16.92053942641926,24.404668966170817
P15646,17.235872801455994,25.795904573108093
P15700,16.844333201507254,23.221736526985193
P15703,15.411180796036392,26.64916234861353
P15705,17.16522676140536,24.755095400760894
P15735,16.163797833157343,23.908327860783235
P15848,15.817040077390859,25.470270268439013
P15873,16.000154957677275,24.389643810673093
P15880,19.427249550493247,29.13789518720739
P15882,15.426806941271817,24.85375397489798
P15884,16.31894577527926,25.62380318877244
P15891,17.02809988023471,25.20513790638148
P15923,15.751908504850487,24.054395901656477
P15924,17.024812588916117,24.498669890341397
P15927,16.950193930606186,26.699441023185067
P15954,17.067907604414387,27.31028479973686
P15992,18.91277214874365,24.639041649104687
P16035,15.430617393678391,25.95568810414433
P16070,18.651558554277834,27.196516713907766
P16083,16.098042747231368,24.974368657739586
P16120,18.49175523442367,25.288544999759775
P16140,18.23042788639494,26.16144432945854
P16152,17.884576458513422,27.23848355306259
P16219,15.757681360483758,24.037917181991894
P16220,15.13403498906746,26.28136254335189
P16278,16.765752148425715,26.792866149258895
P16298,14.274914040832705,24.13649108195103
P16333,14.413778873937456,24.873551611479446
P16383,17.4745218379949,24.761796051562015
P16387,16.810764284121078,24.277741227683133
P16401,16.49894085201973,30.564301666840073
P16403,18.916630076693973,23.70111299215861
P16435,17.479779553668315,26.621736999239722
P16455,16.842243503853144,26.08703915542416
P16474,18.00528692624415,27.587253553321375
P16521,18.85452357679637,28.23283176967845
P16550,16.18911889355273,24.63965903372505
P16591,16.974439826216415,23.29054743244848
P16603,16.979944072965655,24.06071350515856
P16615,18.05953622502726,27.879817991579525
P16622,15.27813466923304,23.555881640357025
P16649,14.56282072336565,24.61870855890759
P16861,18.00693164048847,26.019446592406364
P16862,17.942778073897383,26.311565039950377
P16870,16.859887524852144,25.0490098853341
P16930,15.338414769168525,24.937410116465006
P16949,18.1329097218863,30.839008506229774
P16989,13.325295449576936,25.04532883231534
P17028,16.411742994202122,24.981765834996434
P17029,14.578876638426783,24.570312090302483
P17036,16.18564837468194,24.18307415755942
P17050,16.428004166291025,25.580485675461276
P17076,17.182162608885452,25.655446568833185
P17096,17.468384204840532,28.91180677822339
P17106,12.831448514004565,23.61392904222026
P17152,16.489566673952787,25.42284317859086
P17174,18.091390601005703,27.51768641642741
P17252,18.01973853122606,26.287282095697922
P17255,18.267946823409947,28.31462460918875
P17275,15.356712393199565,23.00065519109308
P17301,17.977226166945886,26.527283731222855
P17302,15.53737761247101,23.190652551984932
P17405,15.427674569364093,24.469855356828923
P17423,16.879155430504415,25.909193232846885
P17480,19.119178295243685,27.15931600737588
P17505,16.300783834934045,23.651163508082792
P17535,15.535163932395635,24.94389324226197
P17544,14.442961535901567,23.534358418058893
P17555,15.582658284447692,24.97840096759133
P17568,15.142564848829663,24.54762484991328
P17600,16.423979820377763,24.317734813966712
P17612,17.752231008186907,26.053650900530993
P17655,17.504691610555497,26.739400416471415
P17661,17.580803171005137,24.877390020480043
P17677,18.293543000485656,27.476191210929493
P17706,16.138058754502268,24.323056822520904
P17709,15.50864560155172,24.40233193992938
P17812,17.31369903413136,27.10348466821125
P17844,20.341875804402036,30.17036769210133
P17858,17.45029545063258,26.76395036160345
P17891,17.74398579609586,23.49666132298779
P17900,17.580193266049413,25.91708450578504
P17931,19.06894318907133,26.96886469492132
P17967,17.287965433115634,24.892960056966114
P17980,18.638401902438634,28.082243206080243
P17987,19.28143798866705,29.47145967447844
P18031,18.046157718893287,26.69742305997274
P18065,17.17062927045356,27.671405205198017
P18074,17.045675419250006,25.81616718626547
P18077,18.11558733291506,28.971469411763778
P18084,15.655149581184364,25.20057444050382
P18085,19.006216336356896,28.34501658662518
P18124,18.719169884476553,29.678843734109176
P18206,19.621468275961938,28.311664816973764
P18239,16.628573489061846,25.671268817901872
P18440,16.77564118099357,22.848195876760816
P18562,17.541568723437038,24.927564995821623
P18583,18.006319201904738,27.467575926010152
P18615,17.33187967192982,25.580475935397132
P18621,18.354097464406895,29.016064724003986
P18669,16.167813735024694,29.271859916686086
P18754,17.258094136557,28.019793201684355
P18759,14.599168760706673,24.287771269609912
P18827,15.527029209948081,26.167375859613333
P18858,17.322894264261333,25.578552562527218
P18859,16.55177415936866,24.103455663720297
P18887,18.01288212439574,25.849716062561622
P19013,17.69707446149779,27.300119005077992
P19021,16.26726255444751,24.090471139078012
P19022,16.368907133645976,27.521963681251503
P19086,16.583514463668184,23.616149567944042
P19097,18.60907812856196,25.571440627361078
P19146,15.270303284636299,24.236442502587536
P19174,17.058372942784974,26.366778327682123
P19256,17.726513345607657,26.194587777938757
P19262,15.080227171400892,25.215637936300215
P19338,21.612215864652427,31.24058941949774
P19358,14.886544765175968,24.713041123418815
P19367,18.911934166488663,28.601698204148274
P19387,16.68406671795898,25.938215165754634
P19388,17.269012411335677,27.28812539578494
P19404,16.282211576688617,25.83941938365726
P19414,17.808028512224396,26.05692463051022
P19447,15.916922519300181,25.147548058375424
P19454,16.611940690512032,23.01091100732938
P19474,15.394457134435765,23.535694586233753
P19484,9.003636429826404,23.998129766829965
P19524,15.294653018207331,23.34793287299464
P19525,18.115853587014637,26.830623772772114
P19532,15.42352545183841,31.387118239855248
P19623,16.444699820256368,26.17806714099831
P19784,17.298450511999548,25.506395297555088
P19793,14.6395207233754,23.17183297596574
P19838,16.80221058799729,24.988074469823253
P19881,14.036100187812455,24.157977370932652
P19882,17.83786697675449,25.846773075020796
P20020,15.499755435588128,25.42566564007859
P20042,18.162835414715538,27.833985013340712
P20051,17.41034526221427,25.04700573752878
P20073,17.583727035541454,26.600674720857203
P20081,16.24865055208019,26.57086474640371
P20248,15.605135557964086,24.560126735528716
P20264,16.402521416193487,24.600217371815713
P20290,15.452910719286363,27.65451145820716
P20309,16.1064141855196,25.05760176872176
P20336,14.63927428209663,26.25463626168144
P20337,14.152873471411688,24.85105982646187
P20338,16.032992357157344,25.642509584010515
P20339,15.064713192398086,26.408190823730312
P20340,16.023272616632045,27.74373838692702
P20393,12.530488340958899,24.93800309067564
P20424,15.570844719512573,23.902174446197673
P20434,16.13983262173454,23.559944231386154
P20435,15.315622462091227,25.004296558680082
P20436,16.62421952304084,24.175952271396074
P20447,16.44979671445421,24.146832545065216
P20449,16.118320666429426,23.932487183377958
P20459,17.852165113886816,25.8369247884963
P20486,12.042740170303265,23.871267284377296
P20585,16.377646137504005,24.422187394897726
P20606,16.1355648691103,25.611252419281268
P20618,17.859014483032784,27.957882566564
P20645,17.42106300329245,26.883694302274534
P20674,19.677690999252615,27.543512185106003
P20700,19.653518016497774,30.329377050143364
P20711,18.645697250891455,26.485011466135035
P20810,17.88449161898715,26.25580522466051
P20839,16.59908362218837,25.744904161856734
P20933,13.534719068636067,24.706263451601643
P20936,15.450217435527414,24.05442673404164
P20962,16.23159749297175,30.718232720117744
P20967,15.683028917484494,23.395527598319262
P21242,15.653123964141312,25.09007721738405
P21243,15.153267921691905,23.66468028897729
P21264,16.91236272168011,26.788890954444994
P21266,17.52673648488805,26.493171997684023
P21281,17.920473121515407,27.28053672202194
P21283,16.828562092826022,26.188106003869034
P21291,16.519213572435085,27.228029656847923
P21304,14.585489883819864,24.797523673434114
P21306,13.487502762433834,24.4279312715892
P21333,21.438580530196763,30.192523612601356
P21359,15.821398912216026,26.49657787036364
P21397,17.300742033982765,24.450459013180087
P21399,17.120578601705056,25.332846719707515
P21524,15.889788153756982,23.740750923709268
P21538,14.022875965130387,24.868169810409007
P21576,17.03705269091733,24.73981217538517
P21579,17.63619141282984,25.320530523491243
P21589,16.66853801836638,24.76207561852367
P21675,16.494036321920923,24.387857988786692
P21796,18.546243684701906,29.28161981370922
P21827,15.788088456071478,24.16276908646157
P21912,16.850787448849285,26.571316506120997
P21926,17.850011899777762,26.71037377705112
P21954,15.016733696614367,24.530762423211456
P21964,17.67936174857357,26.221797232465484
P21965,14.7567062132538,24.175073791831654
P21980,18.225545881995544,26.029838687858806
P22033,16.867916559719177,25.46789092366517
P22059,17.473180979446106,25.0161754567463
P22061,17.47899249586279,26.63899772372054
P22087,17.713796450546983,28.385622239915293
P22102,19.069582913405036,28.196549163980997
P22137,16.481593810900826,24.53509171898263
P22138,16.11039450483152,23.74220940035775
P22139,18.160564601152497,23.498660182957686
P22141,14.573420979506562,25.983974268405927
P22146,15.4695657157397,23.92582795071575
P22147,16.18009079518442,24.53834616730244
P22203,17.442815152337058,25.480926421291937
P22214,15.280073282037591,24.32403994005965
P22217,16.19071068568472,25.872961113190012
P22234,18.741658489455823,28.77809447343092
P22304,15.598956199306942,24.76530198447754
P22307,18.111458301226673,28.532957325945926
P22314,19.42274358071886,29.17225884013968
P22336,17.713487581679296,23.86386019997559
P22392,14.703861017173034,25.84621092577427
P22466,15.346671986718873,26.23252395640185
P22515,17.131571911377655,25.81081836163327
P22570,17.308348718947535,26.084759494493643
P22626,20.399422910520357,32.708391381307905
P22670,15.658707853846396,24.20438091773076
P22681,17.1764850420822,25.356117913167743
P22694,17.000385409790855,24.793007710522662
P22695,17.64627852375552,26.980399763586046
P22803,17.392763340447605,26.731219590061976
P22830,17.696857866923196,24.95603289201567
P22943,14.163496016491473,24.431098846296305
P23025,16.029578993752335,23.899706888038374
P23142,16.61986906258314,25.141770811215878
P23193,17.010105393060453,26.836118269420894
P23201,14.699035761791459,25.22508807575892
P23229,15.987128841916318,24.342607567598062
P23246,19.5084972746978,30.51848395233797
P23248,16.24977870831467,27.562813672055523
P23254,18.796332750090173,26.82296397435198
P23258,17.603327602125454,24.783037671599143
P23284,20.047163594630558,31.101324376674455
P23292,11.879468997846557,23.504264370150555
P23301,16.151568546448257,27.465660736485546
P23368,17.896461962003865,27.32946494745682
P23378,14.892759991930703,28.431596453944486
P23381,18.658054369918645,27.592249117538863
P23396,19.34876199292959,30.68270326085227
P23434,15.924247669130427,23.683682470777764
P23443,16.43089593420139,24.457928182470987
P23458,15.194673665483073,26.13460467173019
P23469,14.42120863494252,24.253589787170913
P23508,14.995346980717864,23.744917425862358
P23526,19.54072816933373,29.383228250412536
P23528,18.866230944630626,30.479543079975944
P23542,16.674138298510535,24.67435275951889
P23585,13.307792224524245,25.69327379625895
P23588,18.625625110249718,27.517477201914208
P23610,17.64111994309829,25.16457311467769
P23615,15.230763664623435,23.524372200471177
P23634,17.597191643788964,24.800201994698966
P23638,15.944553811555792,24.86479503254697
P23639,17.28468922976184,25.326830754168714
P23641,14.401810964950469,24.713144461061177
P23644,16.169403131575848,28.313466192432372
P23677,14.784705943872211,23.419393300050142
P23724,16.124275595575096,26.470885230557037
P23743,15.505271806634832,24.29038993886164
P23769,15.877244717248525,23.429547597283474
P23771,15.061513843302835,24.936580028122883
P23786,17.716677946729252,25.46653817885619
P23919,18.348427287685173,26.77299743101491
P23921,17.9512988606409,26.674762896863555
P23975,14.007835839781,25.000469679816813
P24000,17.79248643939037,26.155527801608432
P24031,15.430097093944935,21.1997777675194
P24276,16.180134124339304,23.31596491296059
P24279,15.000438910001833,24.490294535282736
P24280,16.82290240209577,25.539625026146393
P24534,17.939102755669037,29.326678034754586
P24539,16.80742947765683,27.33491558316749
P24588,15.181338018298163,23.24007739968325
P24666,16.45607195327119,28.182925764203365
P24752,18.605302393193988,28.277082578506633
P24783,16.715195193950002,25.292246724321213
P24821,16.65117967646227,23.133947891661013
P24844,16.426847348959242,26.250345417824732
P24928,19.048316068550914,27.098292067173347
P24941,16.903618399010078,26.004374278980436
P25037,14.955646593176064,24.18163507609237
P25040,15.159118659616446,23.17014466389144
P25043,15.169227123062907,26.18497211329565
P25045,15.441129130913358,24.02870619899897
P25087,16.260092954973,24.458103864627116
P25098,16.33014128584451,24.837897574763307
P25205,17.7938600124986,27.90264136578418
P25293,16.11477009025595,24.59662936178599
P25294,17.191350728415028,24.112463343245402
P25297,13.17139409672055,24.5951928075856
P25325,17.35309658742867,26.396226468319888
P25343,16.511128024920936,23.541905845359544
P25349,16.443128994800013,27.63288380700108
P25373,15.876695186090023,23.98608115962237
P25375,15.086166294685901,23.378152379534264
P25379,17.22719721325216,24.91310256183233
P25382,15.548487650605207,26.005535527691958
P25386,11.740547952756424,25.977409816421478
P25398,17.36892356665357,29.21528749698432
P25440,16.84158846820088,25.14317085481726
P25443,18.509506576729912,26.154072991617074
P25490,14.822656266875999,24.996648280985003
P25491,17.799453080637715,25.602899339283145
P25555,12.624138580457743,23.86923555420478
P25567,16.334464767038245,23.979722868547533
P25574,14.85440485665497,28.007459481957735
P25586,15.395241041527013,22.959713337037552
P25605,15.603081667684204,24.86968053092277
P25617,14.067053343632741,22.377891241070046
P25623,15.096601183666309,21.405147697113478
P25631,14.840948727256519,24.83051917211121
P25635,15.54904848552058,24.692159511634358
P25644,14.48808807001963,24.0967675041153
P25685,19.84834245093092,26.94227547719426
P25686,16.183267653996737,24.712642391059173
P25694,17.95871231380394,25.85452627329415
P25705,20.24260865186537,30.305578269272292
P25719,16.448631495064454,24.83204179987924
P25786,19.587534452287002,28.47246676076257
P25787,18.704805364484024,27.54933536521164
P25788,18.738819910403507,28.287350594963748
P25789,18.73415800036537,28.3890265583517
P25847,14.57633848739564,23.9340047560372
P25963,14.234543457669764,23.842697438333843
P26006,16.43530261494426,25.23350463006351
P26038,18.386828351143034,28.371418277808328
P26196,17.645666523343113,27.200853220777027
P26232,16.092880807580105,24.682218670544724
P26321,18.799080917003216,27.450514136629096
P26358,17.997608478200267,26.142453236018966
P26368,20.28625728541337,28.151424767035824
P26373,19.34122493150013,30.304913669261925
P26374,16.329669574881652,24.278358209814836
P26378,15.897469327080675,27.090162495094127
P26440,17.693108075070207,25.558211664540185
P26447,17.36801129417075,24.076679105162633
P26572,17.172508913838783,23.690870476593382
P26583,17.842481096459966,29.998850849578393
P26599,17.696878577214814,29.882000080139296
P26637,17.566838037013685,25.82771852511387
P26639,19.291063280729475,27.84934574604377
P26640,18.904273044190205,28.191233181633105
P26641,19.88653752544029,29.89060955946464
P26754,15.721453769378272,23.753104405657684
P26783,17.641256998726767,27.413579920576908
P26784,17.681399204117092,26.601650425338715
P26785,17.41931313180204,27.57346024784537
P26786,20.188617588663647,26.79180035222059
P26885,18.348146722048856,27.70860803790381
P26992,15.874640030779485,26.228564650519655
P27144,17.42278964476073,25.7396251432057
P27348,16.892480489510437,29.917498475319128
P27361,17.428805547823274,28.418196041009548
P27448,15.07654041095895,24.726729320134062
P27449,15.882261597898674,25.42581810661936
P27476,16.48687968880873,25.74830613931242
P27540,15.697155115995598,25.083423977339248
P27614,15.119135424515752,25.325593235531258
P27616,17.1993838785836,24.582502983530652
P27635,17.154765806454055,29.203142637674944
P27692,15.383224349171575,23.939520502236107
P27694,19.21946233460461,27.38305377541933
P27695,18.414190483782903,27.819992143677677
P27707,17.173795404344553,26.27519824518838
P27708,18.581278233872737,27.495960465073342
P27797,20.841060210092653,30.910076244034993
P27809,16.629214444084905,25.4739797347783
P27816,20.47337776585569,28.735267688831374
P27824,20.31301525341633,30.46635216074992
P27986,13.282743857818119,24.951809436925426
P27987,14.365411871986984,23.58899261138505
P28000,15.001638413437528,24.176276117406616
P28007,16.26604293518614,24.652424380149036
P28062,16.595092653800684,24.984130958014646
P28066,19.261305931208117,28.19020075603687
P28070,17.52193910667429,27.04598748809136
P28072,16.696304350628242,28.62904703546589
P28074,17.687145890088402,28.010254705764364
P28161,16.52606641919584,24.329306609589754
P28241,16.651962606657982,25.404185148641098
P28272,18.7832813008343,26.50124479395099
P28274,17.246870831278887,24.789627384971546
P28288,18.021203010441162,26.855421593286074
P28289,18.237080249079774,27.434489831629715
P28290,15.337333895178359,23.420210009931978
P28321,13.426729375659946,22.05342546275994
P28331,17.431709502485305,26.389025229966055
P28340,16.756970620891785,24.957409488588468
P28347,15.438250805460287,25.19343363663819
P28370,18.062201435853982,26.661321701686123
P28482,18.467187282373164,26.860182495351832
P28495,14.538617517143418,25.290043462769766
P28676,14.149156855855708,25.526200970101254
P28702,15.709180387581323,24.950913368101393
P28707,16.608376870571714,25.403519161820206
P28715,14.096230963420918,23.5969711190036
P28777,15.479619997774048,24.397609901084955
P28789,14.248121505162512,24.332702443841523
P28799,18.07591441395788,25.228930626221132
P28817,14.752285195527806,25.435343466327794
P28827,15.042361208151766,24.47379819833803
P28834,17.259633421883223,25.27332757935306
P28838,19.212054535404928,27.28074575666854
P29083,15.797184111358229,25.38502733002688
P29084,17.508482428600324,25.056776901628783
P29144,18.539980273463886,27.21706606764911
P29218,17.32471687704016,27.056058791604507
P29295,16.110070947439063,22.467088444536223
P29311,13.274047321841621,25.70079723899857
P29317,15.696490681812064,25.28960973553555
P29323,15.184142480125658,27.348000562254157
P29353,15.178910459354475,24.437666735512195
P29372,14.993763442256437,25.503780608031565
P29373,16.93665104441976,22.919491130090904
P29374,15.663298665955837,22.928717874751314
P29375,16.115021199346348,23.543477574679677
P29401,19.75426746091656,29.495732564325436
P29453,17.282884360549065,26.961693293724846
P29509,17.36715113720355,25.08288379764403
P29547,17.50269929900138,25.538530522172728
P29590,16.211987763404224,24.996208781888
P29692,18.583460581248815,29.61379521550828
P29704,14.92468165139127,24.3605876498095
P29762,17.050329881426016,28.47695487671667
P29952,16.60352787201004,24.94323537715532
P29966,16.985368341582387,29.69395247016479
P29992,17.30760391320886,25.855316315520017
P30038,15.611606911998347,24.770323149437914
P30040,18.20732033214602,29.410210585020213
P30041,19.751841593410994,29.70047799865615
P30043,16.363057088732667,25.84446451439927
P30044,18.780108692550243,29.15831148913553
P30046,15.84986542413579,25.06774153619001
P30048,18.422006150567007,28.099871596098254
P30049,19.61208647289392,28.37570171918144
P30050,17.90441144692537,28.535799960106473
P30084,18.827733664437968,27.255317077003845
P30085,16.32046426389413,27.1149707537294
P30086,17.807145713089408,29.065275213411997
P30101,20.482263795327814,31.307049813231398
P30153,18.221754478228558,28.9269092100736
P30154,16.549565117558554,25.660438365480253
P30260,16.971316206492702,25.70705159479504
P30291,13.826843839009978,23.456207878937715
P30405,17.88141590490255,27.115659993633052
P30414,15.286050339547378,24.81693221455149
P30419,18.008597951527474,26.792106139626323
P30519,16.692132304549453,26.290365698087538
P30520,18.066740651217,26.22455926023723
P30530,15.704492872488652,24.44002010449133
P30533,17.810246362872157,25.968667601196863
P30566,17.312202411182067,26.13567094947194
P30622,17.326507785473144,25.583451099694184
P30624,16.416038003248534,23.91150343772587
P30626,17.602728655087297,28.493441116222748
P30656,15.322429939372716,24.68442637546151
P30665,13.141969760542263,26.66065150372235
P30740,16.149390032899642,25.187339563968557
P30771,19.392232100088535,23.5423029978028
P30793,17.29275919615929,25.688265189481807
P30822,16.942279575204395,23.208295690439815
P30825,15.352801086684638,25.10652064940818
P30837,16.041287779256376,25.46029969782461
P30876,18.635484923122053,26.85289444670444
P30902,14.968541006337427,24.67005221584261
P31040,17.954762819622523,26.886890324481545
P31116,18.222436094441147,25.784990004899296
P31146,17.45830447319499,26.163744080756498
P31150,18.262741180013744,28.71420341569887
P31151,17.880036347852403,25.267411975247636
P31153,16.776093562823807,27.561435045040955
P31321,12.661379142066526,23.34615754615259
P31323,16.31457711974603,25.682260064008116
P31350,17.301918038721826,26.654722551557274
P31373,16.99929217143794,25.963154383087424
P31382,15.595472832140922,24.005130403703426
P31383,14.899749645079202,23.59475501874055
P31412,16.73875204615567,24.50257818587003
P31431,16.019778121907926,23.403542337864774
P31483,15.92411003688666,26.234588707175636
P31539,16.65090793600952,26.65822911001442
P31689,17.87952464970517,28.39174797822475
P31749,16.230904975152136,25.065727006008093
P31751,14.189683225379794,24.10164753017194
P31787,16.404293491001173,24.755521227310314
P31930,17.047302181917512,26.677812531960992
P31937,16.003948816001433,26.151856902934995
P31939,17.617118099209687,28.400390039236285
P31942,16.310467324468373,29.087019303166247
P31943,17.669588042299104,28.635607237741638
P31944,15.36509331678058,25.296119326014715
P31946,17.22814463197786,28.897348900275084
P31947,15.548141421701294,26.108208612210248
P31948,20.403891630199674,29.790969331032425
P31949,16.534730549137844,28.3475564732016
P32004,16.38592193888734,26.056318490333517
P32074,15.235356732131207,26.38499850429379
P32119,19.83091469849135,29.856006876957608
P32121,15.966967857175442,24.745133840262362
P32178,16.139429803738647,24.147067866155176
P32189,14.317358204614584,23.758187829557446
P32263,17.19645869317735,24.939346952489597
P32264,15.2990323223557,23.83118129338912
P32266,17.356278294389927,26.27188151397778
P32288,16.361848300629322,25.420586550797946
P32297,14.68268724330156,23.95180814769768
P32321,17.060822883771884,25.582195744251113
P32322,18.734749323029103,27.368303552463104
P32324,20.27252153505154,28.717121445563404
P32327,16.652584511113837,23.87798671809054
P32332,12.828789519162475,23.944174873972887
P32337,14.59637004717086,23.32297350813281
P32352,14.900900998014444,22.94850429872742
P32353,16.640979260515753,23.866764553278852
P32366,16.0533525024502,24.44491272190042
P32368,15.747514906744678,24.426284784542485
P32377,16.55813647231378,24.62583540281137
P32379,15.639177519986008,24.209719018728745
P32381,15.930859997457281,24.709653112781286
P32386,14.804534907151917,24.33803838544588
P32419,17.501264307252892,25.87619739522258
P32449,17.222924457592406,24.77748363834214
P32454,15.969194726393226,24.60773902068874
P32455,16.224051695705477,27.742674373051585
P32456,16.84806857185648,24.62100561807547
P32457,16.43868387215524,23.912882942172008
P32458,15.92433358981898,24.11937409056749
P32463,16.39886725080557,23.711655106815186
P32466,15.433481675255235,25.082891605423196
P32468,16.19666920382886,24.279284959981062
P32469,15.979498793052603,25.96063811377404
P32471,18.12912684903211,26.720456407500443
P32472,14.013151286517413,24.01399619959974
P32473,17.884312861336443,24.902768295551017
P32476,16.351887700910552,23.88898092240516
P32481,19.023173549701614,24.53329069519738
P32485,14.961623147429183,25.126910271248363
P32486,14.20347571683042,23.458780126355805
P32495,17.54850895602227,25.440956459899123
P32496,15.364513818883479,24.770498374748392
P32497,16.597164162117974,25.084300805909816
P32499,15.967528124882145,24.99061053095445
P32501,12.888343954711909,23.726863925579647
P32505,15.217805648903434,24.093698104490326
P32519,16.616616497238805,24.238150610869145
P32521,14.584560179501883,24.259669068523483
P32527,17.262638883248524,25.5663552586132
P32558,15.343689432380348,24.94431128024417
P32563,16.08891850718746,27.453530591437968
P32565,15.189079589152707,23.25956039049532
P32566,16.128838980438545,23.634692013941123
P32582,18.113665870789454,25.697007574843184
P32583,14.997873487455415,24.073136770055363
P32588,17.967928919360975,24.877880617556357
P32589,18.669117240690085,27.013294173447072
P32598,14.403105485396626,27.96853352760495
P32599,16.239901641239086,24.30802140995403
P32610,14.034079068650675,24.829798257306017
P32614,16.618499362666565,23.592260325606976
P32623,13.201774824139608,23.900787316704875
P32628,11.02224329010224,27.00638061073758
P32769,15.577281765728621,23.09119371895175
P32771,16.21520072604677,23.19236972894167
P32780,17.228452146797537,24.813928235768927
P32795,17.512604767886273,23.11734284261735
P32802,14.753029243059721,23.735424942362883
P32803,14.360438537378908,24.046678907140755
P32835,16.5135618202008,27.19798221884635
P32856,15.134836933300464,23.277654829124966
P32860,12.175768541141007,25.191421068900606
P32861,17.19883041209725,24.285614650303355
P32892,16.426924664911546,23.237577819367417
P32895,16.994203319591435,24.2065764812485
P32897,17.17602538063923,25.822290629473454
P32899,14.753055680338308,23.638736176103084
P32905,15.59268655725699,24.888701310645843
P32911,15.280744914220133,25.93540908434886
P32915,14.938514085288139,24.651420675975984
P32916,14.249914669808826,24.99629801434108
P32939,14.792731892026744,24.4297195937935
P32969,18.610072677192296,28.159249883408624
P33121,17.560418073712928,25.53798550861417
P33176,18.64468889798936,27.8575095017837
P33201,15.638893556537285,23.87464746853528
P33204,15.469648271454039,23.743757788658154
P33240,17.472288959454893,26.258560510217794
P33297,16.762702108951814,24.80772159160757
P33298,16.6752176593399,26.654812442068422
P33299,14.980998198794364,23.371404638273674
P33302,15.818241309498783,25.00671677287668
P33316,17.317503106192078,27.751895708203016
P33322,13.829279902000128,25.067712135735565
P33330,16.42529898702592,24.5512858754847
P33331,16.361813011580885,24.162604689122794
P33333,15.749308842052008,24.152540860347298
P33338,15.539817956629129,23.64295438868692
P33399,15.159832754574197,24.049591089867512
P33401,15.805628512384429,23.639920872445654
P33442,16.754045195021543,27.166455449271087
P33527,16.159837168525208,24.84790686127262
P33734,15.677244720400532,23.55794368865928
P33754,14.283573270625135,23.305823378410537
P33775,16.022919707372022,23.49109109606617
P33892,16.505478313903325,24.39457828685325
P33897,15.816226939630528,24.036690843638063
P33908,15.191644226602838,23.852015374030902
P33981,16.395995020374023,25.53104583529678
P33991,18.281238592550356,27.800894859200262
P33992,18.490923835199432,28.147597950338845
P33993,18.927152609923006,28.035987746628702
P34059,16.286421726465097,24.825386267129627
P34167,16.93132495258423,25.009498251861885
P34216,14.03618012392817,27.449591106447162
P34223,14.586066025572473,23.308421249609456
P34227,15.211551606144962,24.288454035634413
P34730,15.60457795714194,25.73969180525671
P34741,15.610369774391208,24.606065152221365
P34760,17.45233385158048,27.786763520233322
P34896,15.355974466168792,24.703036170439464
P34897,18.354560335696345,28.910202075970233
P34913,17.818017983949535,24.29766839903548
P34931,17.239141741487675,24.08226235506662
P34932,19.821026302478874,29.08370084553608
P34949,15.33473707883228,25.14763694376079
P35080,16.695585447274247,28.672045793783305
P35176,16.81654855366678,24.9620316063357
P35180,15.33112107277802,26.43708188517173
P35189,15.145220351856185,23.637612910834633
P35191,17.84055266927926,23.344418570252895
P35194,13.500568852486305,21.39143765168909
P35197,16.021099435343043,23.567080479248816
P35221,18.540113334662742,27.98397963223873
P35222,18.97253445459317,27.267371931265274
P35226,15.35509732910427,24.192072923333694
P35227,16.26165373825569,25.223906437531205
P35232,19.54412894274225,29.85165713125763
P35237,17.880398645090175,26.936010207578473
P35240,16.06772013195271,24.149449980399847
P35241,18.374428942318115,27.141731463513906
P35244,17.38762350169431,27.04043857290542
P35249,18.401263618057786,28.209353826073905
P35250,17.25819970109822,27.16746141661598
P35251,17.58940724030853,24.89874051147096
P35268,18.226552368549278,31.013970460086774
P35269,16.04867963979093,25.895652403659554
P35270,17.387108627921393,25.435350037497013
P35354,14.832981291992374,24.615803604084547
P35475,15.144044895390008,22.953496315450238
P35520,17.79169632045257,27.493928343235744
P35527,17.046147980669016,27.217369434825983
P35573,16.732392179894443,24.977196233768687
P35579,20.967820090802178,29.96386774600186
P35580,20.261452422022497,28.90954952092844
P35606,17.82049704788724,27.465670732962145
P35610,17.31300053453372,25.426958906972047
P35611,17.456776556633475,27.491718439095486
P35612,17.552948145449534,25.83538839289988
P35613,17.62150743780151,26.881118512828007
P35626,15.75644334694822,23.650291139185825
P35637,16.136831336528914,28.90471678343442
P35658,18.379173683901293,27.768898207467814
P35659,18.8582442710861,28.64158699028097
P35691,17.3367130110652,27.40895238252157
P35716,13.377851031660226,23.63081085317907
P35719,17.62109975919157,23.93075691525837
P35732,15.982450167420938,24.96965795150769
P35754,16.632286401607086,25.86790775511995
P35813,17.41727690066081,25.898758349977435
P35844,16.456786308624096,24.254436165854333
P35908,18.13140619867939,26.826388102660243
P35914,18.048903544844446,25.977078181935337
P35997,18.913053248278324,28.455387094503518
P35998,19.24572874772277,28.452954104106865
P36008,19.06082612866004,26.935286491297216
P36010,15.738932777361574,24.37699772586228
P36013,14.882708859359974,24.24188040294677
P36015,16.66047887868161,24.072230348988914
P36021,15.397925966442763,27.087414938228488
P36022,16.969339187756248,28.479105930612448
P36036,14.156564680387595,23.195827844145384
P36049,16.27336348755977,24.24439642893834
P36060,14.048765526309912,28.076350256708935
P36069,14.002976670934634,23.06474917771373
P36105,17.338448258676102,25.941465158276593
P36136,15.599063748302363,28.105588119572406
P36152,15.249423637326915,23.4719586372131
P36160,16.520764314571114,23.934529455679613
P36404,16.8803639657021,26.093353355263222
P36405,17.173920185157044,27.117929303317027
P36421,17.50386604775537,25.056067559266744
P36507,17.9020319954922,25.718629651332222
P36542,18.029804254629955,28.120966416279668
P36543,17.525344162344325,26.483429102472673
P36551,16.32894185835894,26.216539265359035
P36578,20.075848910741406,30.44978806555269
P36639,16.66580192502364,26.62393510052173
P36775,14.041202505405124,22.844627044149703
P36776,19.464892843910185,27.656266932363817
P36871,18.668615835030263,27.475697047481212
P36873,17.71816807586857,27.721920548308137
P36894,12.638115952311523,24.683203993974505
P36915,17.270594731284323,25.754254925966624
P36955,14.054230878179881,24.140491627576186
P36957,17.63149738530912,27.744720518531384
P36969,17.233818685150734,25.985606517984845
P37012,14.944141704984917,26.08178877458781
P37108,18.178024330088963,28.02582745033793
P37198,17.051521808896272,26.726431510877205
P37235,16.553484045225392,27.4744856217828
P37268,16.897090665005333,25.591421628469206
P37275,15.831588275217152,24.502599783540575
P37291,18.940671573633637,26.39799757435484
P37292,16.584925847312995,24.573351039989593
P37302,14.509722745265332,24.73428585303112
P37303,15.696715575786632,25.583801892277553
P37802,18.24338841516712,30.11217124359298
P37837,20.147683741074054,28.567170628185842
P37838,16.507124073360742,25.765511391941622
P37840,17.445621366318218,25.862124754509097
P37898,14.804281647061789,24.41446490916631
P38009,16.911012151278765,26.19461710147775
P38011,17.557456820778093,27.629331715387046
P38013,17.23389165425622,27.611704133817934
P38061,19.274786642715096,27.86986671887823
P38071,15.977524232002375,23.269382044930428
P38075,16.27883766751263,25.60880225621584
P38077,15.48706268676423,24.69859673958435
P38088,17.250491160429508,25.725446197036604
P38112,14.730142834794473,21.87367878190742
P38115,16.461097403864855,25.026570846293538
P38116,14.80780192121173,25.639364475057082
P38117,18.069369021616865,27.194165426838953
P38143,15.857144192439836,25.2778373027623
P38144,14.80044140344425,22.08538849438042
P38159,15.442249284490176,29.673311513858675
P38174,16.977425433532503,23.25678902996794
P38197,16.30481547718848,24.321108089388698
P38199,15.070740163579336,23.890737600008976
P38203,14.939626593287286,28.052471519639916
P38205,16.003822884612497,23.970993981848856
P38219,17.42650940431563,25.919100047897583
P38248,16.565316093496488,26.227795806260183
P38249,17.555574020609466,24.998405129823624
P38264,14.45871364671819,25.68449376768764
P38272,13.114477819951274,22.561834704033757
P38295,14.860171211879209,24.06593664661663
P38328,14.788651105442197,23.215230773889903
P38333,13.950192954054002,23.322198082384766
P38340,14.235226059332003,22.919172306736805
P38353,15.645845905292289,24.391078615978262
P38398,14.1764888989249,23.14748925127855
P38426,14.171359249452466,23.66641267226179
P38431,16.812481717254858,25.557755387552266
P38432,16.67472208977569,25.71722199703541
P38435,14.668236378969924,24.084958138597035
P38523,16.939137630133505,24.071893871751048
P38555,14.858138068367447,23.26585093765877
P38571,16.95437729490749,24.461585255264435
P38606,18.96243629497818,27.809600109027276
P38616,14.436294744767627,25.460417117789717
P38620,15.555050890938396,23.28016076748171
P38623,15.158644042048168,25.40091183785681
P38625,17.965842329427684,25.79138097247138
P38626,17.058742014946972,23.576711761342498
P38627,15.848284353415202,23.717360875153382
P38631,15.482876069782415,24.136657073939784
P38646,19.45251935968722,29.63003627611021
P38682,15.262718069836183,24.544820122841895
P38688,14.498496838184856,24.12171688797692
P38689,16.58139481062169,24.400730694490495
P38697,15.281911733017306,24.785904446879677
P38698,15.783259095541469,23.14185066165712
P38701,15.815310914059681,27.563558391992995
P38707,16.892062990722778,25.707465082669383
P38708,16.82847623735508,25.006157321318273
P38715,16.51567397005703,23.687135687917625
P38719,14.008334948902533,23.30080484553092
P38720,16.960623935304117,26.103267815759377
P38764,16.1975551210824,24.27773115521127
P38777,16.58611503393863,25.000091104932636
P38779,15.83686807631165,23.76456301058204
P38787,14.475516985146308,26.644319450408496
P38788,19.16750698841238,26.446249615642547
P38791,15.222621233281767,24.545251614770685
P38795,16.479389473306263,22.98075618040729
P38810,16.116878313356736,23.522846450471118
P38817,15.865611253199438,25.233264706611987
P38821,16.91213859857354,23.792715142711543
P38828,14.897697979591102,21.453448491871423
P38840,16.328880990617527,25.605398327602607
P38845,16.33091207390693,24.729683179399377
P38853,15.255547218355545,23.32810642845278
P38858,16.79609645110155,23.749632344315053
P38861,16.98182368397994,25.18884008650356
P38879,16.850625462890704,26.369374837792602
P38886,14.59921427436467,24.064054095994578
P38891,15.987048391227301,25.85981148024124
P38910,17.097076462353357,25.518623593580983
P38911,17.387829870854965,25.13432012528819
P38912,16.65402379365233,25.81961845188264
P38919,18.865010573566106,29.07846775046654
P38934,17.68141378202933,24.977104108299873
P38935,17.275107925300443,22.985381441198868
P38936,15.308124366349467,24.6095785386601
P38961,16.970692119191778,22.264176262606153
P38968,16.260262273194673,24.09975295153506
P38972,18.368083436529997,25.15858049029047
P38985,14.27122372611433,24.780242632201716
P38986,15.515746492306556,25.924095835998777
P38993,16.60674897145113,22.96341312617189
P38996,13.358216273309388,23.33598003987959
P38999,15.157196061145825,24.578005844385526
P39013,16.726619483474657,23.948755227969627
P39015,17.569966979851944,26.152384689137275
P39019,19.892910709503997,29.730627702951082
P39023,19.065561919958512,29.039653488630968
P39060,13.72155156249619,22.392293836393836
P39076,15.830936958832542,24.111271037347652
P39077,17.347850335331124,25.28924041821585
P39078,17.35682382842135,24.092337862073894
P39079,14.783704133877674,27.47959591768169
P39101,14.913515024691682,24.190792162108618
P39109,14.43625812401414,23.5773590968402
P39111,15.256853768410481,25.39812133417059
P39517,14.399024255482738,24.364268201314992
P39522,17.038836918249434,25.461235651404422
P39533,13.427920022066283,24.136599033672223
P39656,19.013487462978333,27.874565827554886
P39676,16.817001979213778,25.492597819120448
P39683,15.094529900676026,24.427380237445128
P39687,16.21263821397641,28.38481257600143
P39704,18.335985408219205,23.371533093232546
P39721,17.412413900064664,22.9050336394403
P39726,16.774799456421768,24.594772613015458
P39729,15.057042781233818,29.02148508946795
P39730,16.20452382414562,26.173228042492607
P39742,15.094377693466875,24.082272102067062
P39743,15.870909131633884,24.736860044552387
P39744,17.149062458756227,24.158504642262205
P39748,19.214029025628314,28.567513843193538
P39880,16.513564580459015,25.59440672687539
P39931,16.532234769678684,27.640812334620737
P39935,16.57387082368574,24.20479880100034
P39938,15.046133423846673,28.14433900285203
P39940,14.459610983765755,23.974868288243478
P39954,18.846406819189756,26.07617783397643
P39958,15.613371792369835,24.220981523060964
P39966,13.60571914371947,24.253560574186253
P39968,16.16169134054056,24.428324323985482
P39976,17.248606022460393,24.402795511402196
P39985,15.48585760396001,22.60919767945131
P39986,16.968857235582952,24.224418844938974
P39990,15.787731443408862,26.700457273494102
P40007,14.340944536791483,26.113880103200106
P40010,13.870684525531058,23.338597629595405
P40016,15.553601727187125,24.192604285230686
P40024,18.358096211449272,25.04568771504983
P40032,15.1822734512392,24.48100385295797
P40037,15.008906019981673,25.465076195792754
P40040,15.061549619778773,23.780817372188842
P40046,16.196793323307773,26.364863497761807
P40047,16.09063284172029,26.25920112190228
P40053,14.370886594481375,23.866775053202492
P40055,17.581249880912665,22.215845343126777
P40056,15.098462087776733,24.811968122716113
P40069,17.513452230598478,26.401428162136938
P40075,18.67411413085496,25.063243418265404
P40078,16.611457558201874,23.877801698030286
P40093,15.972515478472912,24.479522735324338
P40106,16.968808788001997,25.43607840383422
P40121,15.925569773062792,25.807065921311516
P40123,16.67469317060705,25.750003216904066
P40150,16.29206746340331,26.684379603923272
P40159,16.14065426507962,25.06304532840995
P40160,12.714179350096641,22.801988726790317
P40185,17.362524047837823,26.517294271722346
P40202,15.41748180774304,24.58671577262918
P40212,17.58298320553084,28.14140847182397
P40217,16.19875718233293,25.35154925225104
P40222,17.097493110688518,26.893212593376774
P40227,18.808509020146747,29.50543313110626
P40261,16.524922256157218,24.98133977735922
P40302,16.42293805786252,27.184259648407156
P40303,14.508204998387304,25.694746164942877
P40319,16.518678171513155,24.014570071400254
P40327,15.148594829070586,23.212988118712218
P40348,14.23124893612042,21.90537451748135
P40413,16.126082727098744,25.44727048887169
P40422,16.174903764227214,23.794133130156755
P40424,16.046042572311006,25.413442930404976
P40425,16.428734506378444,24.804276245719834
P40426,14.331286675335278,24.637137981240652
P40429,18.843301102065244,27.65071252890815
P40462,16.20096324218119,22.968833754314943
P40471,13.974304967348395,23.35511030272038
P40477,15.565234646658906,21.622564638186024
P40482,16.23025768082097,26.770351470079454
P40495,15.4683344821731,26.110602693039294
P40506,14.777259168538917,23.14013904742648
P40509,17.45731462202505,24.321477154702485
P40510,17.664037975386098,23.5475922574033
P40518,15.833131901375596,24.597939927244017
P40529,12.221136933804578,24.016667783635665
P40531,16.33022798920126,24.765996182946648
P40580,13.395877861823731,25.34698487283985
P40581,16.04409409238395,25.779610584440732
P40582,13.705787582753157,25.131239579421653
P40616,15.336352749218108,25.684813162415896
P40692,17.503083458328053,25.22560032112708
P40693,15.614102416288166,23.947482309338156
P40763,18.439293725119835,26.2709799262388
P40818,16.578044643514563,25.462924388632654
P40825,18.405392878849117,25.304573792527943
P40855,17.0204123692508,25.566068029050722
P40893,16.74751126159351,24.287368876739055
P40925,19.55778455816203,28.8629118711696
P40926,19.785992874686144,30.23597835175357
P40937,17.46602271471394,26.377536992554575
P40938,16.12017199130573,26.192431193600612
P40939,18.574432748789572,28.45964857016412
P40961,14.714794367302995,24.83378259949917
P40991,15.006236148374132,23.828099188640383
P41056,16.71356461212209,26.090407071273713
P41057,18.642606604541957,26.332482254267905
P41058,18.178037026546075,25.066123894599166
P41091,20.268142094837412,27.426363213409715
P41134,12.54614688076423,24.120005181038838
P41162,14.98175576711515,23.303085753477376
P41208,15.928923012417046,24.685106841509917
P41212,16.12444114810687,23.481561047385473
P41214,16.754809098365715,24.05358115799504
P41217,15.80112217024086,25.089763226750467
P41223,17.835607275372535,24.82221521171163
P41226,14.538691895732946,23.762794323101396
P41227,17.99278978065822,26.4781027695139
P41229,15.67664689629459,23.681391990604155
P41236,15.14607960705674,25.192911739269082
P41240,18.328034741009965,25.64178565708752
P41250,19.54363449183372,28.33542695724926
P41252,18.606576545694764,27.929013871271003
P41277,16.282698263894513,27.07172470253488
P41338,17.634482227520515,25.34853325459414
P41440,14.282364508223864,24.571664585698965
P41543,13.221078565706115,25.142054885650385
P41743,15.701504791816133,25.344406006478557
P41805,18.441351715098623,27.606495143031726
P41807,16.076293611040054,24.635519429178107
P41810,15.814943820361735,24.94916105403165
P41811,16.364480151001302,24.876067842410148
P41895,15.104829725160862,22.67382297139601
P41911,16.663138748910697,25.15462252074473
P41920,14.480900493893962,25.189191347875152
P41921,16.36581291175568,24.18980789767002
P41940,18.21092408813207,26.608105639532468
P42025,13.804968853171156,26.06350153215745
P42126,17.275161658724706,26.596691728974168
P42166,16.645811491126164,26.763179358433984
P42167,18.68704337460367,28.311624848099278
P42224,17.673477820925278,26.83449326854
P42285,18.160763311784258,27.01179324194739
P42330,13.396978887243622,24.92469087914292
P42336,14.542628544170096,24.156706273116846
P42345,16.4075731791653,24.90521804682907
P42356,14.703264874112875,23.697700534988638
P42566,17.427379879571358,24.89605379759933
P42568,15.216607262403423,23.919590372895794
P42574,17.73591605779058,27.07758779010425
P42575,15.86138252880946,23.233389135309334
P42677,17.79367493426224,29.88422516087466
P42684,15.855121241703412,24.38965956388224
P42694,16.32561986832675,24.510693903172232
P42695,17.28575742108443,24.603063742684466
P42696,16.46246022320095,25.03007856501399
P42704,20.240899730488426,28.89774354349135
P42765,18.709859650377435,28.05752365268083
P42766,17.827139724121935,29.51403293518629
P42771,17.82788819583461,26.931702699914407
P42773,16.82218589578905,25.319533865032458
P42785,18.41609759600333,25.885039176743405
P42842,14.80687723202656,23.80715585068983
P42858,16.979168377759112,24.69676121850132
P42892,17.01021435072414,24.915357410486973
P42898,15.191518391145065,23.89816293637794
P42935,16.493013923557147,23.34119262614484
P42942,15.376263298332763,23.526292787351647
P42943,14.654656980084049,24.887996351914968
P42945,15.175548264185759,23.14316146310771
P43007,15.806563341016162,24.87954842909579
P43034,16.966758434210348,27.803616326511943
P43121,15.50401894757911,23.72262387158836
P43123,15.304205347653966,23.528277870530857
P43155,17.26282525977123,24.69981612423022
P43243,19.58871088465811,30.15752372510503
P43246,18.770369344441185,27.66851385966902
P43250,15.019850851279596,26.36747382562225
P43304,16.73319452827659,25.806744991803168
P43307,15.534916177158001,27.621163742050243
P43357,17.006671127703463,24.0269606125684
P43363,15.901389025462116,25.133230957415357
P43378,16.512763452178113,24.296079207193515
P43487,18.786956290136807,29.026710853133945
P43490,18.63923082051412,27.535046787542917
P43535,16.15474470691083,23.85647330747187
P43555,14.740718109608341,25.77801326810384
P43577,14.916089149887785,24.171285163236085
P43582,13.199591831143628,23.775201844111322
P43585,16.65539777028905,24.46086295057944
P43588,14.992352033699532,24.34160219325368
P43590,16.529756478069125,22.692243653681395
P43593,13.904289966301564,23.969443701138136
P43609,15.191891297110061,23.99504010333421
P43616,17.190717590736803,24.767856857892987
P43621,13.435202055233782,22.727431084177223
P43636,16.208369718979807,23.896846875596637
P43686,17.48341249733757,28.103167733258505
P43694,13.889429145907647,24.11812962095869
P43897,15.535834932178211,26.30075734060541
P45877,17.65401542768293,26.995510271836576
P45880,19.058620679151822,29.235989168349974
P45954,16.50488498346401,24.93525382154124
P45973,18.489928141029463,29.223466997834905
P45974,18.544549648890435,27.755128162255044
P45978,15.813494439605414,23.398236274788264
P45983,16.342534328767815,26.004699652641296
P45984,17.626573886818417,24.672925583115717
P45985,16.664618520808936,25.682718554832523
P46013,19.117094014865994,27.885062622442536
P46019,14.305219159120277,23.416493070842172
P46020,15.049276742247194,24.23848508981175
P46060,18.15286580861635,27.986913435288898
P46063,17.96644639172049,27.638486272739062
P46087,17.912128865761844,27.242085889124926
P46100,17.050920071293863,26.192147817284273
P46108,16.741773576553026,26.616487551316936
P46109,18.05291407420702,27.118974459242594
P46199,16.133956509479436,24.061552829413717
P46367,16.65780856997418,24.316460635096263
P46379,16.920915734211025,27.9206783000429
P46459,18.2608587678935,27.400920280057125
P46531,15.286068321692891,23.836369206514366
P46654,15.995023003127788,24.712175314347594
P46655,17.603716387474947,26.186558595699317
P46669,16.889107580167867,24.348962116073093
P46672,18.55363338088661,25.642904667533152
P46680,13.696824934926513,26.135755093605937
P46681,14.185056907791568,24.322349115770614
P46682,15.397178779925802,24.62098688707603
P46734,16.02624748600593,24.300151879396545
P46736,16.572180583901527,24.86568855835633
P46776,16.943775189997417,30.158495489622105
P46777,19.662443658306337,29.63489412037605
P46778,18.990806571281617,29.085775253632168
P46779,17.062788175878527,28.835800507738245
P46781,19.898557061188438,29.560881836859398
P46782,14.87454556374253,26.032241861207524
P46783,17.705631611210713,26.391980543143728
P46821,20.085734780417983,29.267134830524355
P46926,18.829495809847057,26.380085269910282
P46934,16.883462708119428,24.15264478137146
P46937,17.243898654890735,24.695589866986193
P46939,15.907365568900243,24.160621688334583
P46940,19.53074921000832,27.955645080228813
P46956,16.69070586831648,23.995916086566467
P46969,16.630644645304372,23.326670589865813
P46976,15.792013004790723,25.982976803229388
P46977,17.775303235608522,27.120317765320728
P46988,14.91781613965036,23.797908949409145
P46990,18.460095221464993,26.68199822331471
P46992,13.41305151044716,23.690262006004318
P47006,15.376006923843372,24.9284248503729
P47008,16.466882580723084,26.641825724038032
P47018,15.734796902117157,24.039165304965557
P47035,15.11087818619772,24.847821435362086
P47039,15.05739165219902,23.288329619529215
P47044,15.449001190366161,23.976409942247095
P47047,15.328805160856616,24.944497480543326
P47068,15.182215305174545,23.158441272009934
P47075,16.996347140356512,24.701368707386376
P47079,16.732261765483685,24.305644793244916
P47083,15.54185383149414,24.292601429944355
P47089,15.332901912795935,23.954187700132984
P47096,14.389366993470636,24.288229416982194
P47117,15.325247543721146,24.93728806755584
P47119,17.04018656524186,23.858946810999655
P47120,16.71656216634443,25.67608692992106
P47143,17.633606905448055,25.450830883762723
P47154,17.655177227812096,24.286715674072347
P47176,16.208102662961146,23.923060257373
P47224,16.00407785353573,24.94492222092535
P47736,16.71718628317908,29.475411630998913
P47755,16.23197303231455,26.240355921236848
P47756,17.690533042615403,28.36927680468776
P47895,16.285948580934935,24.44055055028315
P47897,19.138443218534274,27.91031632354554
P47912,14.482270178486434,24.25186340275635
P47914,18.40294422084214,29.99874428532376
P47929,14.15092636763431,23.70844435072497
P47972,16.46375714328619,26.9707414725401
P47974,15.928023358597327,23.456750577401717
P47985,14.742111030818661,26.028921920512303
P48047,18.084803873148193,28.258175348727924
P48059,18.910777098608172,26.574665571946937
P48147,19.57732776857114,27.166213834148028
P48163,17.226399115295074,25.33646623470199
P48164,17.837222241336317,25.388170486543277
P48200,15.88614554907391,22.35501792730024
P48307,14.607322750192951,28.351925911725065
P48357,13.552090030294595,25.408185534396804
P48362,15.609717454590381,26.103499645465867
P48363,16.206802872277944,28.38103315302045
P48378,14.304797210382274,24.79767146912206
P48380,14.763290159639816,23.76821946561133
P48382,15.92857331265342,23.92952760639652
P48415,13.592510438859552,24.493483151558337
P48426,14.940310132654671,25.120049848030863
P48439,16.667453667444732,24.837204484707843
P48444,18.494034450158775,27.879558203463343
P48449,16.86350264482705,28.35947751204482
P48454,15.171672638854252,28.962345009716575
P48506,15.288564634303597,25.015473531284766
P48507,17.547379011269413,26.019410036510287
P48509,17.261024790637556,26.039788167068295
P48510,15.350413367830182,24.222461876086562
P48553,15.32134882249078,24.305288693235855
P48556,17.365066524964647,27.327084736855728
P48570,16.478238557903378,23.831901759139225
P48589,18.587824936004488,28.393257186088157
P48606,17.19892913597056,24.5952673285617
P48634,16.846371355849595,26.053078050180346
P48637,18.45837260741394,26.3148995788009
P48643,20.237819666479567,29.515319526061727
P48681,20.486012677663314,29.229385229973804
P48723,16.453385510589573,25.537563972519827
P48728,16.393075537452184,24.373109216424297
P48729,17.08228628383509,25.24998674527819
P48730,14.948265898355272,25.208792763844396
P48735,18.587881526327227,28.703534845016268
P48739,18.227811904516326,27.087648307559117
P48836,18.000807195540332,25.364880180512404
P48837,13.541552430326647,24.478416800510278
P49005,16.55386221025054,24.916861369578697
P49006,17.834945208177515,27.24018795112873
P49017,15.827541239790573,22.93818903140186
P49023,15.379768976400683,24.889062997111814
P49069,15.99922904760336,24.198081983869436
P49089,16.537107650208245,24.27377650151195
P49090,16.163642011285,25.31258466543009
P49095,13.865772410962002,23.0781156993005
P49116,15.302183333465308,24.54279988969439
P49137,16.306037776075534,23.963571024859668
P49167,16.728185452866946,27.351840063317294
P49189,16.992637686226246,27.464732785226122
P49207,18.137544768977765,24.586092099051722
P49247,17.487369135343748,25.565802672932545
P49257,17.47813405106489,27.79755202788103
P49321,19.48085961816114,29.290106044446603
P49327,20.053420205784576,29.293454066211442
P49334,15.483203200769902,23.799438451909896
P49354,15.376365207894585,24.8777087111099
P49356,16.13232936347241,24.70797191188519
P49366,17.10503202524455,26.51965211827267
P49367,15.723098144224476,23.50417549030529
P49368,18.678956622110462,29.835929874863446
P49406,16.604679724295217,25.36842897269975
P49407,15.934884915392384,25.185143833076772
P49411,19.901093522882167,29.476565044265513
P49419,17.863322416917587,27.741862890785114
P49427,17.52206412694332,25.64829917916257
P49435,16.841133464973513,24.713889636757337
P49447,17.24110120631897,26.96222637445791
P49454,18.852651145110734,26.063710810742307
P49458,15.9130145400584,29.796658335616435
P49459,18.296165742927492,26.526185131743674
P49573,15.757220757808927,24.00548569295435
P49585,15.691191063568455,25.11035544302199
P49588,18.777157982655908,28.05048795475311
P49589,17.964007718319582,26.992570762925638
P49590,17.267791985537585,25.82259310792867
P49591,18.352568637233595,27.451447669806136
P49593,15.247663249738588,25.85659512212177
P49626,15.610994529450823,27.225373100890998
P49641,15.359810323238811,23.238181085318043
P49642,17.500193317549197,32.028460110001824
P49643,15.811301608557534,24.771936677861113
P49674,13.29184049545472,24.198415139872893
P49711,16.965977006829753,25.688634525161735
P49720,16.864493357032135,27.564632236529874
P49721,16.874051275906766,28.287940362649962
P49723,18.070411472535152,26.031876710437725
P49736,18.626866265555595,28.205132344480177
P49746,14.81164391927786,23.976261776450077
P49748,18.920301893411025,27.56939339700046
P49750,18.448420640201117,27.0492580128138
P49754,16.288138001965432,24.667943493409123
P49755,18.047540870237075,27.933872728579882
P49756,18.738600143068137,27.641959812091653
P49757,15.671594304360973,25.461698975097022
P49759,17.041070632284743,25.119367229801806
P49760,16.891780855791076,23.856308022027914
P49768,15.860194059171183,23.88354710329091
P49770,16.506928173158357,26.149641665255352
P49773,18.552956398263927,28.212901246582327
P49789,15.516022228341868,25.537815967168783
P49790,17.656135201607043,26.994126385707414
P49792,19.253742513122504,27.250215140882037
P49815,16.306067280430575,24.402668216474922
P49821,15.586035038873279,25.8711000551226
P49840,16.74986523838077,25.761798054778914
P49841,15.02712486512818,25.41972729045383
P49848,16.350024106339802,24.561882646256315
P49902,16.03276349410031,25.36701739030724
P49903,16.985913240781557,25.998845721089655
P49914,13.150462013179688,25.465156709753394
P49915,19.351338802034068,27.75504052675826
P49916,18.257047322722602,26.189188488092988
P49917,15.874341024054173,24.189209235526846
P49959,17.609258722893184,26.648526015307105
P50085,15.32093618291119,23.75024951770762
P50094,14.216109973156676,25.296493735951362
P50095,16.975648175562693,25.56007635331614
P50106,14.492037867182196,24.945050526473455
P50109,14.404642657668287,24.81320573411199
P50148,16.293675016425404,26.26945661619696
P50150,10.559809277774734,24.8154232670056
P50151,16.21498898584051,23.864905239669156
P50213,17.104039289564465,26.850218328147978
P50281,15.29518541155738,24.451897212508317
P50336,17.07517263615674,24.72561661853036
P50395,17.685058335761077,28.787169272504368
P50402,17.44134125837109,27.01921556520749
P50416,16.342478823718682,26.2740502822054
P50440,15.659714353295257,24.047673278093626
P50443,16.7490940558656,24.51617825791497
P50452,16.36470114090828,24.92878280251281
P50454,19.213080469045114,29.821350961980237
P50479,16.53564831375162,25.833841353857043
P50502,17.404134280606094,24.28318212938273
P50542,15.63926207058424,24.83219308077478
P50548,15.877249942453574,24.746261050751166
P50552,15.788607440106851,25.839413937091997
P50570,17.433534667536378,26.42712657027803
P50579,16.517057453820964,24.83907982308376
P50583,16.058507815152115,26.08963397485584
P50607,14.649685676925369,23.559331924371875
P50613,16.465474033404366,25.395227282718313
P50747,16.168211351203396,27.30615499327538
P50748,16.820462063787883,24.809079711957224
P50749,13.16831462637446,23.911674413216385
P50750,15.986924541261113,26.15366767511304
P50851,16.696969651437673,24.208579119048764
P50861,18.221852778415013,25.403668136443585
P50897,15.386658601392382,27.172091909363893
P50914,18.98421911536489,28.473978113465506
P50990,20.637197749925143,30.312432624692534
P50991,19.05116516000971,29.66807568162332
P50995,16.80183241727357,26.215761673129023
P51003,17.464933843590774,25.320385373259725
P51114,18.595052864869434,27.64226158689672
P51116,16.527235696723217,26.386050903933832
P51148,15.736971489444262,27.050825772989313
P51149,17.281425955265064,28.494146709310826
P51151,14.461192350546415,24.967755416139468
P51153,16.138297802371806,26.650015083169023
P51159,16.31881951978046,25.44206188463606
P51397,15.738483948194633,25.916437021824358
P51398,16.21456307866686,26.24917622640857
P51401,17.951155834942945,23.247595096047597
P51452,17.20092301427903,26.01918711927885
P51513,16.458783491476577,24.353444238922222
P51531,16.569294363770343,25.17324799846813
P51532,18.66496602092673,27.44154518856348
P51553,16.067090421281303,24.79087608460789
P51570,16.574098402867808,25.655967458309892
P51571,16.112016378000977,28.620312898554314
P51572,19.549994039481927,28.837159362227613
P51580,17.369249290240372,24.711749040489675
P51601,16.070849845543147,25.915966747649716
P51608,16.723855385332868,24.65897288227637
P51610,19.39809134696391,27.77574894332442
P51617,15.269047213282981,23.517465032932122
P51648,17.5811319754713,26.03190974811514
P51649,16.55803572697567,27.04158869120267
P51659,19.408628850939607,28.669822526738376
P51665,16.479039491374248,27.445388881603748
P51668,15.918638730199014,26.44362239475745
P51687,15.883607500572346,24.919172579576415
P51688,14.686618430731981,25.626184791625974
P51692,14.406987936072818,24.045156228523616
P51784,15.611251382488511,25.3499209327812
P51790,14.487323607781374,24.18659948145439
P51798,15.45773031961866,23.456912219468535
P51805,16.68754087798151,23.31172891642228
P51809,16.45995232264699,26.05693576949778
P51812,15.622082757312443,25.434870218031964
P51858,18.025068900119223,29.51925618579554
P51884,14.062950406513506,23.574994541005406
P51946,15.702719721678326,24.658649893563172
P51948,15.71802258497284,25.309382640446167
P51956,15.304164358890722,25.13957153155537
P51970,16.4865589053478,27.08959636680392
P51991,19.66734600740845,29.98419488508453
P52209,18.82593321159414,28.900288119271018
P52272,20.221068255008607,30.931028585451568
P52292,18.63989890653113,28.573324835231176
P52294,15.926314262346594,25.892881603014732
P52298,16.761874791004896,27.1855828915779
P52306,17.963030958050567,26.664416761525533
P52434,15.262547984422275,26.412798009741014
P52435,20.370382368661055,26.16677167645186
P52564,16.989067746394735,25.6776830948998
P52565,19.232392936649493,29.20097816432768
P52566,17.499426430777614,26.694258894887664
P52569,14.72552027633006,23.253517871672763
P52594,16.175910091629135,26.535846479605596
P52597,19.17114527158971,28.11307520598606
P52630,15.871057518385381,25.54015213674234
P52655,18.046860062206264,26.269263893037703
P52657,18.440287861400122,26.078814428567185
P52701,18.488676368938226,27.636258671106383
P52732,18.147833144490747,26.037305808569492
P52735,16.629910780573347,24.72913469908273
P52747,15.96665101634885,24.155361052050853
P52756,16.791352677584143,25.327417677026265
P52758,16.105166084850985,25.71485184365013
P52788,18.34099504759855,26.467710338016353
P52789,17.14559746709267,27.157592304522655
P52799,14.154385156486713,23.848430295060766
P52803,17.295689577554775,24.870477041930883
P52815,17.72889325185963,29.531152040970483
P52888,16.545447890596737,25.797947783766627
P52893,15.232590645077735,24.538039876114496
P52907,16.733285675850418,28.147794740643153
P52910,15.545913966904413,24.98290147062627
P52917,15.292672919976425,26.841705193052988
P52926,15.226151184984623,24.096087052109002
P52943,19.89473635072519,27.70872277558941
P52948,18.442031341145118,27.106092347871964
P53004,17.1270027519505,27.939911129967683
P53007,16.594282296750702,25.97003982894926
P53041,17.008360665856916,26.45387442631755
P53081,15.346119174978616,23.369519472304578
P53090,16.486889294402886,25.478664097571617
P53111,16.844935684647307,24.60261511112812
P53131,15.836175194471585,24.09921188847886
P53141,17.07347451801947,24.689389559250866
P53145,13.997710183014773,24.155011276688185
P53163,16.727837647148213,22.85917067186392
P53184,15.97190769553686,25.001149203195155
P53192,16.430538699157346,24.583224831182946
P53221,15.857076353102997,27.71472922212818
P53235,16.157076542879594,25.98068373845068
P53250,14.923877844709242,23.53936887354697
P53252,15.743891253686057,25.873265632622008
P53254,14.87385408995134,23.00530869826238
P53261,17.422473464752795,24.61111797282724
P53276,15.132281099780966,22.694786354950736
P53278,14.123794616237209,22.55536919300858
P53281,14.726081622736462,24.56844870550464
P53295,16.305057949356215,24.182250214678554
P53297,14.621244425836347,23.295220604815338
P53299,15.817435219479702,22.734274653331795
P53303,15.424076839477621,25.04817925111991
P53312,15.130470074984967,23.556074367997937
P53327,16.556654486680696,23.519990709121263
P53337,14.715809476489063,23.393844279090104
P53350,16.9181034636185,25.145173426252832
P53355,16.28949641277156,23.110308144770496
P53365,15.622518434322428,25.45332752537131
P53367,16.292373582981472,25.635498574637285
P53384,15.795345860125678,25.766670310504022
P53396,19.10729751884322,28.76333955791366
P53549,14.995390575638696,23.96620653520583
P53551,15.199764987675877,22.618463808691878
P53582,18.305018494941343,25.898878164812153
P53597,18.24601737675038,26.69327123026198
P53598,16.838628271196526,24.570444269919133
P53600,14.630574518301763,24.184919596734346
P53602,15.831287868839745,25.203664974047435
P53611,17.42777556255171,25.723999716352928
P53618,18.797706340265478,28.030723995287325
P53621,19.416977053540858,28.822694742784797
P53622,15.466313034550884,23.682052664974528
P53634,14.535092901587118,26.996307357564973
P53677,15.485399687069899,24.111156131360072
P53680,17.09095378085632,27.144634707148377
P53691,17.004058332904187,24.826976431809896
P53701,16.939832274362317,25.818685226566693
P53723,15.143764525868997,24.760467229984624
P53731,15.439728978360238,24.92301880606374
P53738,16.428870191843956,25.049758040903793
P53742,15.052442153357681,29.279991780387903
P53803,18.773399866571634,25.436428257659642
P53814,15.303070104368818,24.575168138536984
P53834,17.474377497096608,23.988453003476785
P53852,16.426527552764533,24.988135353574158
P53860,16.26730389181159,23.208753068263952
P53883,15.52012524775815,23.556965435119753
P53903,14.821975975025106,24.126711088776005
P53909,16.59391489466671,23.086208805892472
P53912,15.330966704418165,23.85680809495502
P53914,15.319610102353572,23.670557008128277
P53920,14.775678046948777,25.469477620498314
P53927,13.371853192182346,24.15034206647512
P53981,17.427795871622678,27.629829544646867
P53985,16.40048456185894,26.838976470708186
P53990,16.685944636718474,26.3446493551113
P53992,18.564587535489775,26.846978240119533
P53999,17.432850761107733,29.0632935665915
P54098,14.794484811066196,23.78821196424471
P54105,15.315646287852696,26.954489376041114
P54113,16.38566702245898,26.712633726588383
P54115,18.718000028020356,27.48701312275372
P54132,16.887194966746684,24.544552880468054
P54136,19.447767037926848,28.111557458067146
P54198,15.880832778421986,24.243955006906678
P54219,17.721904363656495,25.052624224232137
P54252,15.273285562110752,22.69444928734462
P54259,15.796396181448928,25.736940768256954
P54274,14.773278059435198,24.632049126254554
P54277,15.900837309583332,23.825125545334096
P54278,16.076617567721744,24.961786640303355
P54284,16.237221446540005,23.501430981085168
P54289,17.482794330579047,26.326165863460773
P54577,19.23244144540961,28.25289963012778
P54578,18.071991460410878,27.742077488845165
P54619,16.172434345491073,25.702475059050293
P54652,17.306130613933437,26.116334342572102
P54687,17.59320212874323,26.94172431471337
P54709,17.624981962276305,26.477964094490776
P54725,18.313511454368356,26.637671195169215
P54727,15.915756022016046,27.936850693230316
P54753,14.574692324914205,24.699013674288217
P54760,14.464735072491274,25.338008928529675
P54783,16.57072648675103,23.56716684396313
P54802,16.70712871767839,24.13875422560529
P54803,16.29178348787359,23.81389722362753
P54819,17.329433026463114,28.126203769389775
P54837,15.033535750700926,26.02085126167237
P54838,17.109973101141428,24.352219457918164
P54839,17.8271526903925,24.918854383220484
P54885,17.03337108707047,24.48511867505925
P54886,18.462361776968415,27.977654573178256
P54920,18.067855414494417,26.983065117703138
P55010,18.224447075980436,27.265725434326253
P55011,16.987595887034754,24.89376597924305
P55036,17.880991414122207,27.75917304271693
P55039,16.522625940520207,25.777282734943643
P55058,14.061778418569148,24.57668143378653
P55060,18.747035578859492,28.971873144689024
P55072,19.494636717666754,29.63495664355355
P55081,16.473560359951303,26.04438799944335
P55084,19.152423185892673,28.39436471279249
P55145,19.413568112278686,28.188568749808326
P55196,17.42247262705432,25.39301956351862
P55197,14.51694496796468,22.49631120710318
P55199,13.00898221533753,24.074520344062904
P55201,15.225900012130285,24.714274921485988
P55209,18.041478739315483,28.196015457079913
P55210,16.770269978030253,24.48383679166171
P55212,18.25655871231348,24.963764398545653
P55263,17.285212910518574,26.77158852630765
P55265,18.550333303838606,28.61518671530261
P55268,13.942292182685943,22.64715360497129
P55283,14.128186490241125,23.981403268835862
P55287,15.427325416585985,25.59328751894922
P55327,16.306178437165194,26.950177100035432
P55347,18.389178136385272,24.147286455154415
P55735,14.906742608459053,26.92940806823219
P55769,16.779325519709637,29.111728034748083
P55786,18.743877796416,27.83606188575252
P55789,15.194615207096044,24.04594331306271
P55795,18.265106569131333,26.611129471564134
P55809,18.652629721798256,26.741095700414878
P55884,18.18674842349915,28.255550685589988
P55899,15.949140973641816,23.55706246038188
P55957,15.029368548843452,26.134113647587217
P56134,14.696285126553512,26.095332536136752
P56182,16.595444742209317,25.846862124918708
P56192,18.104082122236555,27.79325049377815
P56199,17.868116373933443,26.847892086487395
P56211,15.92772330684502,27.15277189716269
P56282,14.1568991819517,22.70774953418129
P56377,16.172304635239808,25.259365173279164
P56378,17.535848537166835,27.57780073084733
P56381,18.986359573482332,28.298980703840908
P56385,16.592683316610643,27.186846394534133
P56524,14.44801322441933,24.014053256422216
P56537,17.252727976211247,28.53450703232947
P56545,17.490024539945033,27.07708111674046
P56556,18.270945387536862,25.984512617333298
P56589,14.987081842555632,23.871478807442948
P56628,16.095827875403447,22.47182465230893
P56730,16.645171105639555,27.19857461925059
P56937,14.785114590696049,25.341806463906888
P56945,15.49801431494724,24.538989496273537
P56962,15.780966505053309,25.376914588498426
P57060,16.972144718137173,25.63941933503674
P57076,17.008949469636782,25.342302148396502
P57081,16.209343049768307,24.773569153523123
P57087,15.980012488106484,24.892447949310633
P57088,16.824613546475028,27.606246592005228
P57103,15.616280955466666,23.943160903417212
P57105,17.404438596528784,26.1120380325432
P57678,17.16109172006332,25.32831081035
P57721,14.147246271429841,24.921586780358027
P57723,15.070949794659327,22.799381927736306
P57737,17.0632897404801,24.838743756547675
P57740,18.091333209713675,26.958037213289582
P57764,15.21619796195416,25.35972054338991
P57772,17.50641680042443,25.59374427842309
P58107,14.363134451202265,23.343120367445184
P58317,14.009857740343355,23.2576553644407
P58335,16.887534671189695,24.999896118738985
P58546,17.862801268853733,29.027447907034812
P58557,16.42540416271856,23.50737616651208
P59190,16.223275903371388,29.843086395735572
P59768,14.99750215875504,26.500489099417663
P59780,16.042163288198356,25.241879639408516
P59998,18.23818587951724,28.59171300711304
P60010,18.32193150701912,26.91638433122022
P60033,17.714698804509318,24.809831213058608
P60174,20.30283644933615,30.806755690689062
P60228,18.234107460594476,27.858013250409684
P60468,16.46450020274723,28.68791628697051
P60484,16.161464591754818,24.42133119353356
P60520,17.431844019062346,27.08406165516572
P60602,16.30040003920135,26.84453693434362
P60660,16.2615929574956,29.52953893511749
P60709,19.315255290875072,32.691929621094225
P60842,18.842996749512764,30.142050768870206
P60866,17.48687390028816,29.729974096467096
P60880,15.340474350310462,25.72167855119328
P60891,15.776659027027389,26.340917004737246
P60900,17.28196949774066,28.210694372151348
P60903,17.754656322652927,27.90734813639623
P60953,16.262751464336578,26.57830617817128
P60981,17.728086985422266,28.196766456076226
P60983,17.35360018156339,27.358855438428318
P61006,17.263759760933436,26.95175483267574
P61009,15.429006600355537,27.44801427205765
P61011,18.443637709184735,26.521540671823654
P61018,15.153961392966384,24.272825030605315
P61019,18.539165401024334,26.85184440578162
P61020,15.68395564884075,25.59503761150205
P61024,15.815778341612416,27.19704610748751
P61026,18.230339246517033,26.87663734110639
P61081,17.692408828182284,27.952099222753755
P61086,16.640578311892515,27.487215033273895
P61088,17.644302982692185,27.89218469799256
P61106,17.05258068027379,27.4890645125568
P61129,14.247071178229199,23.49811536927554
P61158,17.16451984950245,28.114598402897244
P61160,18.404835404075733,28.470812896360968
P61163,16.79595411616858,27.33740528647459
P61201,17.640150725205352,26.841935678993618
P61204,17.02366128559701,28.86430601379638
P61221,17.461607300149026,27.402419529660577
P61244,16.266035676600772,24.77210688180926
P61247,18.601526180701665,28.944779764949594
P61254,17.815236489420418,25.02925503803998
P61266,14.898309030661645,23.707427366161173
P61289,17.59861507061436,26.929848556991878
P61296,14.260235208244337,26.130356071250738
P61313,17.971058727320894,29.22669837798684
P61353,18.98938755590456,29.50063600412763
P61371,16.36737186770073,25.02891017329707
P61421,18.736132566938405,27.098844566310643
P61457,17.839193267586936,26.700887264748467
P61513,16.417718145788736,27.0054748562945
P61586,17.54550985175691,24.01118143531777
P61599,15.695381183616647,24.793848404140327
P61601,14.9797623832107,23.822740901985675
P61604,20.248442891399527,31.461018402061683
P61619,15.473503094182417,26.749750516767826
P61758,16.848245029429275,27.436616630401794
P61764,16.98686552802697,26.548551060647082
P61769,15.78190478379,26.70465041005094
P61803,17.113739216040802,27.324936252386834
P61830,12.462767724051313,25.298358001203017
P61916,17.487543706507793,27.243187941812522
P61923,15.052761619779526,27.332248285227838
P61952,15.397205968360627,26.836979656166562
P61956,18.34975229841767,27.881174999181784
P61960,19.54410664594062,26.747328434650502
P61962,16.630971390484213,25.899404942641485
P61964,17.7524572223552,26.98050922943909
P61966,16.27655265997501,26.124403261852624
P61970,17.644868890771228,28.161622560212663
P61978,20.65199319252107,31.520346532676328
P61981,18.89025833862374,28.500813823996037
P62070,16.700151349455023,25.514814474405007
P62072,16.75046478539741,26.09384328936736
P62081,18.40301123276959,29.617079514862265
P62136,17.099560167341433,27.869785842153988
P62140,16.317622128876614,27.679765032356922
P62166,17.190705082538557,25.881393825231335
P62191,19.579281921429654,27.55276425780395
P62195,18.472440768303404,28.024304566415612
P62241,18.332410613198057,29.47843115069967
P62244,17.88278512452118,29.520446838463748
P62249,17.99441122748342,29.74561914515196
P62253,16.815900126835405,24.999987774848105
P62256,18.007130334764824,26.39073492081362
P62258,18.89210358775033,30.821288472887456
P62263,16.434136509225187,29.651304018570713
P62266,18.37441972973552,28.9381506239045
P62269,20.220129891970043,29.671719940449513
P62273,15.870370824725281,28.307606349215714
P62277,19.418962015176277,29.161861964496186
P62280,19.784457606276085,28.575466455989748
P62304,16.775092735283184,27.665338042651957
P62306,17.30412017744075,28.958385230075773
P62310,17.169002368266238,28.434258586587795
P62312,19.10181085184057,27.879103476274853
P62314,19.86565991803618,28.299765223856284
P62316,17.751600609387847,29.572209640208577
P62318,16.530521999854614,28.81721885803879
P62330,16.78713531166698,26.591923945840524
P62333,19.95742837908248,27.869286953108244
P62341,16.244578428491693,24.828910706155163
P62380,15.397113928965114,25.20329904529637
P62424,19.100470702945326,29.77389319701974
P62487,16.384685038576507,25.8857300762125
P62491,15.701452402892675,25.367398020010956
P62495,18.655670154670993,27.885953429958178
P62508,16.876790735277876,23.70136051039353
P62699,15.323088405940215,25.04073231197397
P62701,19.294947502934278,29.0062016717639
P62750,19.276613897314874,29.470913466395288
P62753,17.98745632898049,29.106859827429016
P62760,15.114873954397996,24.100573238589682
P62805,17.90907455779026,31.063778890792253
P62820,16.9475554416422,25.75234168482782
P62826,17.25667704786252,30.139027631775697
P62829,17.953994621666133,28.61741189379407
P62834,16.711479621276244,27.219060266595914
P62841,18.879809804557162,28.014819940049303
P62847,17.128978027195643,28.283091835422
P62851,19.08877636214312,30.479840623377694
P62854,15.635971771154002,25.19226011328952
P62857,16.075494588348224,29.990731276984057
P62861,19.332509948991802,30.05066317235187
P62873,16.839904982444914,23.98670789973577
P62875,17.568486341233395,26.739960712441132
P62879,14.94352959689073,24.415104871909172
P62888,17.610659450681496,27.305120234562516
P62899,18.651831272097652,29.316027058072475
P62906,20.19977986391509,29.421150240670393
P62910,17.8276533226558,29.216401035421075
P62913,18.091278244175783,29.864031589665707
P62917,19.71852773385024,29.18098332890478
P62937,18.07975843512955,31.855703841040203
P62942,16.98170888221459,28.93540169237591
P62993,17.687505646722958,26.71326321006891
P62995,17.506163828273205,28.900953261092933
P63000,18.00248536000773,27.469640396744595
P63010,18.238079143574403,27.634610496241063
P63027,15.801609119704745,25.33775047442703
P63092,18.51032930927263,29.206023837422812
P63096,14.345699563631609,25.552859763522285
P63098,16.95027587044004,26.612221258067805
P63104,17.94879257134939,30.34475661132511
P63146,16.005366146985573,24.06956801621973
P63151,15.462299299449727,26.44662648626627
P63165,17.936688485348473,28.438005093528407
P63167,16.654611815134025,28.337463885496994
P63172,17.32468141497943,26.90217563101154
P63173,18.168750846898263,29.255026614488195
P63208,17.688769503941877,27.55945850079721
P63220,17.41437549213314,29.359267390136285
P63241,16.760110764413803,28.920702374584845
P63244,19.632262578895816,29.336572099539776
P63279,17.924870365166115,28.928175849401807
P67809,15.976452191623842,28.92681139109813
P67812,18.518131035416523,26.96482872802293
P67870,17.363086955929926,27.78750874579025
P67936,17.915814562979637,29.634724993111206
P68036,17.406576478806457,28.353695939252038
P68106,13.850338684370914,24.28846459677917
P68366,16.168700594156984,24.54708850948483
P68371,15.1413142748905,31.665710821570766
P68400,16.114372129292722,26.77880967058322
P68402,16.060974599548246,27.421723102991635
P69849,16.787119493092817,25.09320037228409
P69905,17.57277874430703,27.580399500566756
P78310,15.518598174619177,25.486124146545233
P78312,15.586612340956346,24.115001964314608
P78316,18.257023513249248,25.764243909682097
P78318,16.293399673947302,24.675165853951075
P78330,17.1108746595378,26.52910133098216
P78332,17.76668188791357,25.38100033766209
P78344,18.710580356013924,27.128630131197564
P78345,16.55142269496053,24.214418735272037
P78346,17.183984906588048,26.017636265373095
P78347,19.66055957885631,28.953436959744653
P78356,16.861209428068,24.88551522533067
P78357,16.350947777210553,25.57993834722392
P78362,16.622572868613393,24.920581400251592
P78364,15.806518558598771,24.500352702820205
P78368,16.409032273108267,24.0153968457065
P78371,19.691529768972053,29.81208551780691
P78383,15.671714731399677,23.944926397456197
P78395,15.942141412670647,24.483797821779454
P78406,18.098282908973705,27.024830575729375
P78417,17.486853518541714,28.698454545936716
P78524,13.70135617559335,24.351708076709503
P78527,20.748117120201087,29.25848804235291
P78536,16.709744324247044,25.347309779969223
P78537,16.264165498095924,25.326816870766695
P78540,16.187685197843795,24.443125351097855
P78549,14.93518291739639,23.90043263829766
P78559,17.47269528103102,25.438474870087983
P78560,13.756064748715378,25.495744770837646
P78563,14.205228951648124,25.96336009497112
P79522,17.35389751680327,23.76715223650355
P80210,17.568300462304904,24.979435008275505
P80303,17.34488480003944,26.657300034221745
P80370,15.831739339298133,25.537168194619206
P80404,16.59740287937927,25.397654626216934
P80723,16.50249949105604,26.14668582856997
P80967,15.15141141785552,24.816659725644804
P81274,13.315305032395962,28.071138344104785
P81605,15.923171632320907,27.287652993956154
P81877,14.359909507797832,23.813488720745227
P82094,16.51707627496187,24.903343497932983
P82650,16.98030081725162,26.62349346241383
P82663,15.955500561157331,25.683456897160912
P82664,18.979109051983027,25.45957369015771
P82673,17.553753622618895,25.811177572804546
P82675,17.450448093141492,25.42063878177614
P82909,17.60528189934937,25.785636948047898
P82912,17.850963305702145,25.639092559585237
P82914,16.23789961807241,25.467168618194933
P82921,14.212424187839183,25.130410821508157
P82930,16.599519913984004,25.34016080079798
P82932,14.519317925590228,24.692591878255215
P82933,16.598793087408982,25.05367865161281
P82970,16.35474949244792,22.55177818777397
P82979,17.957509170816376,28.18559706396402
P83111,17.68894614602312,24.910467341461207
P83436,15.393504152349996,24.542340492793972
P83731,17.887009699212378,28.897557860812107
P83876,16.596440944831276,26.114281045363366
P83916,17.48541642562202,28.166466772607105
P84022,14.105619932521341,23.830432903800293
P84085,16.32919934798872,29.27276038392282
P84090,19.38064571931881,27.466040331577524
P84095,15.305044585669377,26.12501575523762
P84098,17.977704733878962,28.71246718941464
P84103,17.429864213325697,30.83509697749613
P84157,17.14703029253439,26.866386328244655
P85037,16.452226051377377,25.89790492480208
P86452,13.856395083081265,23.641062248982756
P86790,16.855649234109272,25.293118518134868
P89886,16.88399805569536,24.82499053516262
P98082,15.344469766468132,23.4326581131705
P98160,14.013325465285428,23.332801857862368
P98170,14.532535063818798,26.338894567129515
P98172,15.930211081953168,24.055654801002287
P98174,15.172507439112486,24.93686080007239
P98175,16.912303379614592,27.573530230938957
P98179,14.730812248432624,27.504394052552314
P98194,16.281695388870588,24.707161889881682
P99999,18.007967228394104,28.74096846562571
Q00013,15.237883302828319,24.43138263705868
Q00055,16.774525273318574,25.94184372708084
Q00059,17.05127847771779,26.486509165491473
Q00169,18.4387072765849,25.67688629996637
Q00245,14.458556309432934,24.377508606992908
Q00325,17.623859883424924,28.32713226479688
Q00341,18.99742485641272,27.876497631686252
Q00402,15.549724559415024,24.487422202073766
Q00403,17.3410966724222,25.28021072574667
Q00534,18.372991790164793,26.834674797677234
Q00535,17.285786088099336,26.666227843355873
Q00536,16.663963263289524,23.926490010687843
Q00537,16.356578783360888,23.66282226005986
Q00577,17.12593945133476,25.026023645276894
Q00587,14.826625098639447,24.342977707804067
Q00610,20.64526565972051,30.180832508501418
Q00613,15.39773756232916,24.899156410714905
Q00653,16.690944374971835,27.515007042384088
Q00688,18.883924994959763,27.59780927000508
Q00764,16.17848154613945,24.100333535034622
Q00765,17.640536499403343,27.57170431217916
Q00796,16.45004764705884,26.49529556414668
Q00839,20.037526738845585,31.56575490664309
Q00955,17.00918732018199,24.615761797773068
Q00973,17.984173406589687,23.689959273554734
Q01080,16.89937161062631,24.90037247250502
Q01081,16.656188137735455,28.158093071189057
Q01082,20.9361075340622,29.4733593141666
Q01085,18.21205635272326,27.089178729023647
Q01105,17.055941901003965,29.8020279308109
Q01130,18.639733022283853,28.144008004329667
Q01167,16.25042811249279,24.898757849597985
Q01201,15.470949096376607,24.18905756685219
Q01415,15.276447266691715,23.445276713432314
Q01433,17.04856328950863,25.816179526698342
Q01459,16.07866080319983,23.994485024338427
Q01469,18.42140315266383,27.667881203005088
Q01484,16.70204998395717,25.618234590748965
Q01518,18.554745749870584,28.83057527819892
Q01532,14.641665011480464,25.130527143359856
Q01560,17.30424925015937,24.970073275611362
Q01581,17.31148571365703,25.4488988665627
Q01650,17.830143604245514,26.066585010803617
Q01658,17.70925758101551,26.348414800873556
Q01662,16.688901444715604,24.62172503985794
Q01664,16.181355471032994,23.57185411738267
Q01780,18.80773754941852,26.62900833228328
Q01804,15.340385852460718,24.207239257888393
Q01813,17.274265028735638,28.205537421381187
Q01826,13.729693492462543,22.959001151593075
Q01831,17.423637009967454,24.57928445609331
Q01844,17.685267433897163,28.06540043770331
Q01852,13.949117730191611,22.4542721801715
Q01855,17.713754257559064,27.7201790897654
Q01939,14.793910306501745,25.748520356970992
Q01968,15.753969349610754,25.624306568303563
Q01970,16.30971658761145,25.755798696921843
Q01973,15.705087413297749,23.73904261185439
Q01974,16.20726851633245,23.730528856676592
Q01976,17.16540641891159,24.27915989232033
Q01995,15.739026768162088,26.33221231852328
Q02040,17.562698934076487,25.588729101707568
Q02046,12.916759885050347,23.795125718703435
Q02086,14.269290054527314,23.965381904723028
Q02127,15.307115780002349,24.916137459337083
Q02153,14.065959231022527,23.205641139397937
Q02156,15.178189268308538,24.52560025962505
Q02218,17.088814423758585,26.252329520815874
Q02224,14.804103814062453,23.36006026626771
Q02241,16.998334356856116,25.58234776125248
Q02252,17.658699765998097,25.523205401104182
Q02326,16.10962144628976,26.978250507254195
Q02410,15.075975074228452,23.843378629459103
Q02446,14.294341316215561,24.807860609828644
Q02447,16.818307695565323,25.023236122269445
Q02486,17.16533083965426,25.427593064959126
Q02543,19.657838028412915,28.178315150282128
Q02642,17.924729606209283,26.537085104354432
Q02725,16.602453548314312,24.10324273949806
Q02750,15.951872670976549,26.089145529252207
Q02753,19.02114668989563,26.328983104438795
Q02776,16.21767605487943,25.14991614028911
Q02784,18.020621802515667,24.14371383046548
Q02790,20.533711182748416,29.371862352234068
Q02809,16.941612309815078,27.094846080129024
Q02818,18.34845391480891,27.07408545722226
Q02821,15.553034152462894,23.617846203916425
Q02833,15.43041671253243,24.00695024870067
Q02875,11.772693609240122,24.034687189526295
Q02878,19.767319057120808,30.020101181962712
Q02880,18.720658712342505,27.750140272449524
Q02892,16.0059779981943,23.69048048819704
Q02908,15.196348387816316,24.763639102492082
Q02931,15.864380279142477,25.416246675380133
Q02952,17.736100600634895,26.025098196061776
Q02978,18.20751616195215,26.385918270747755
Q03001,18.693274554623194,25.795290549709538
Q03048,16.760387533231025,26.45730658456868
Q03111,15.378644546489758,25.354279661084824
Q03113,19.237635819111844,24.794604173513516
Q03135,17.09317334612407,25.77963775910107
Q03154,16.83433571073325,25.07613223351394
Q03161,16.61853507975914,24.503462616552795
Q03164,16.625864047130253,24.197078103399964
Q03188,15.817807424587059,25.46744277729743
Q03195,17.191229571917074,24.0682608408937
Q03219,16.951750145838773,23.88848862824882
Q03252,19.02667787094165,28.813765967996833
Q03393,15.772025003123996,24.183568676097686
Q03426,17.412845849614527,25.317908890814508
Q03518,14.53080243858237,24.206702592245954
Q03519,15.541458620421178,24.254956473790813
Q03532,16.293798328749567,24.451055182952075
Q03558,18.14236926005472,25.263428930247553
Q03629,14.773493963029535,23.465069249890448
Q03640,15.183238950270498,23.742445136362345
Q03655,16.289733765504575,23.73257249480458
Q03690,17.624890746306818,24.527906598567142
Q03701,18.00374997396404,27.48728182441815
Q03768,16.830023417974836,22.802549003322923
Q03774,16.2405701417107,24.196772648980104
Q03862,16.51179216367809,23.82081634454193
Q03940,16.95420025297835,25.03623562718175
Q03973,15.168850328846148,25.006058206857528
Q04013,16.607473622431097,25.696609054939316
Q04062,15.788232531513637,24.303221946273943
Q04067,12.777184535402146,25.151726148999884
Q04175,15.633605294965488,25.226572466739686
Q04177,15.438630373770886,25.642138119908232
Q04178,16.933596340337083,24.934421201378186
Q04206,16.76133948208644,26.078584365838744
Q04225,15.505731305496962,24.50022957211032
Q04323,16.170880533018245,26.76868637986634
Q04344,15.754603793294592,24.715447440934266
Q04371,15.987337677363145,23.548787226787436
Q04439,15.483764332481448,24.10035148619174
Q04446,17.613405823574524,25.83696202508527
Q04491,17.08624470096515,25.10162048227296
Q04500,16.797736799340523,23.68912024482298
Q04636,16.429692184005326,23.990016771937537
Q04637,19.344297587735536,28.46697020928933
Q04656,16.96639087801158,25.001230398008133
Q04660,15.379209460594067,23.91822169317438
Q04697,16.511181870372,25.13035077353098
Q04721,15.929624318936197,24.368141050886084
Q04724,16.145426720092743,24.419316074802325
Q04726,14.907617677186755,25.668003920717283
Q04727,15.224336110585753,23.07404735996642
Q04728,15.595847040419937,24.394962219511097
Q04760,18.208406605600825,28.820748564386278
Q04837,18.917015356607077,28.703322320215783
Q04864,15.384160765470858,23.749973944319127
Q04869,16.208378940723478,23.323813305921764
Q04894,15.43024315620491,24.717339117898106
Q04917,17.631117785508717,28.320503436973674
Q04941,17.158405128223794,27.81004748043711
Q04947,15.587338559507732,25.299238383106175
Q05016,15.419128479838,25.240614560185588
Q05022,17.319715246639653,30.09587202040881
Q05048,18.079060963245745,26.592769335364355
Q05050,15.426262952642759,23.732485134540266
Q05084,16.074954589696254,24.101306088379484
Q05086,16.146995311824693,25.022071227303613
Q05193,17.025952963570223,25.782325325478357
Q05209,16.590557475883926,25.20947357370713
Q05359,17.197409435436196,24.438506914116516
Q05397,17.251894452611943,25.24177117651176
Q05506,16.831499618357885,25.382894102945592
Q05515,15.890604838839955,24.295453877060517
Q05518,15.038828046582939,21.806862672880296
Q05519,16.152949473445357,26.969446933667538
Q05639,18.441553721767477,28.859237476425488
Q05655,15.622662815813086,24.268722144516158
Q05682,18.627199133778365,27.962172115247924
Q05775,17.33494488733177,25.2253950108385
Q05788,16.005959308928,23.420658151086297
Q05905,17.26120491941163,24.53229747833841
Q05911,17.393738598855126,24.53559605385513
Q05932,16.349499272045364,23.78272702164855
Q05946,15.718958986107017,23.605315041169494
Q05D32,17.5430355974135,25.564738378124886
Q06010,14.400172029124507,23.39014756560329
Q06033,15.9463611297468,26.143542323381816
Q06103,14.800896448984485,24.108551973739885
Q06106,16.488690104374115,22.621191181614417
Q06124,16.556004749906634,27.634274222523747
Q06136,16.087996190910896,24.55153618896175
Q06142,15.34122090653885,24.559699456445035
Q06144,16.626951391057005,21.68119207752506
Q06151,16.75055675872449,25.30287723855948
Q06190,15.273362682054245,22.252545326045063
Q06203,17.593714554870477,26.398972926853645
Q06205,15.895780714532798,24.17459635229203
Q06210,17.147283442500935,26.693189049468685
Q06218,15.102898351145447,25.154859857387407
Q06252,17.25613027745464,24.15143723695978
Q06265,16.5730999272383,26.796200468834847
Q06323,19.139906726557527,29.02950853537167
Q06330,15.845376135284635,25.15316191567174
Q06338,14.682925858775102,25.461818544533852
Q06385,15.121248293008396,26.43813673048183
Q06440,14.878612320016192,23.62340765559022
Q06481,16.92010077584773,24.240498137049183
Q06489,14.568328313751971,23.266294291517596
Q06505,14.956224628194445,26.22926038439104
Q06523,16.11209779146108,24.135013365450835
Q06546,16.76602416561993,24.952489899461135
Q06587,15.343040286346158,26.123940081279486
Q06609,18.15449452427917,23.847800221432493
Q06631,15.948743895748462,23.83071722154196
Q06705,15.060536699522114,24.85724078171151
Q06709,13.824238652734847,24.57822410149687
Q06787,17.64441005579717,25.62866119786707
Q06830,19.316626506331893,30.742000443041682
Q07020,19.07605041044122,29.36103922019681
Q07021,16.399202234113357,29.01286478045573
Q07065,19.107811416998942,27.9440012072102
Q07157,17.742718471989868,26.219949133556927
Q07343,17.12602134367375,24.60383497978221
Q07381,14.121115881508594,23.832405533128952
Q07478,17.832946677292338,24.974563264247887
Q07505,13.188859053779312,24.800134891050753
Q07551,17.55093152117475,24.345221160748373
Q07617,14.925355244270245,23.09869170278519
Q07623,15.536014975313657,23.679490945277898
Q07657,14.781696986035007,24.699366941410446
Q07666,18.04203685363147,29.209999455920844
Q07688,16.436380772759478,22.903220269619414
Q07807,13.934512170811225,25.372432456038783
Q07812,16.629596764642685,26.71013413815348
Q07820,16.231144972488742,24.8011814612571
Q07864,15.187941488889388,23.739680810521964
Q07866,18.21593169732289,27.27543720755953
Q07889,16.638599879431457,24.192493069517937
Q07938,16.03969877409192,23.75636401361902
Q07954,18.619221572950444,25.880926399487706
Q07955,18.05785362986668,29.514271542043552
Q07960,18.080063298992034,26.75296890069137
Q08170,16.00160195555759,27.353402410099918
Q08193,14.908163327188767,27.312919445431113
Q08208,15.284987518443941,24.483490022643608
Q08209,17.808873453895917,26.966946558497277
Q08211,19.782099907044998,30.51795531087111
Q08220,15.350411382156805,22.69113072986427
Q08225,14.734588014704613,23.23648885209319
Q08235,16.752504289628344,24.028183883226205
Q08245,18.480382149344297,26.486433261455197
Q08257,17.494022395014525,27.16998029280503
Q08357,15.941071317785353,24.440842782508927
Q08378,16.641334130900976,24.590071247107172
Q08379,16.93494479246196,25.541794682149472
Q08380,17.775314489725833,26.363874836030565
Q08412,15.658738461758363,24.14273624143478
Q08421,14.09617692548377,23.127426533108082
Q08426,16.520471773404203,24.376286740095964
Q08431,16.173337012865524,25.287849774211814
Q08446,12.63012419442712,23.39163496526394
Q08495,15.541490534107641,24.521832000107587
Q08601,15.583375535410447,23.19534119063997
Q08623,16.463812027893997,26.443816689914858
Q08641,16.2052072073096,23.535650689436906
Q08647,14.992659176338439,24.37519981801015
Q08686,15.379817549815506,24.10463450301917
Q08722,17.130748259499104,26.997676288604495
Q08723,14.075100208430767,23.3313926254529
Q08752,18.12779673663016,27.03297779448756
Q08945,18.52844583105607,28.5950579028458
Q08962,13.470279059902218,24.475263706602252
Q08965,14.598462853631771,22.520282485432368
Q08971,17.003568101194126,25.187355584828257
Q08972,17.204399021151243,24.785480349039975
Q08977,14.203418438184253,22.888919534132306
Q08985,14.432975593936796,24.041696328128968
Q08999,11.866932747174758,22.181505344253846
Q08AD1,16.66163826033863,24.867025367077765
Q08AM6,17.247420041347166,25.514682665728927
Q08J23,17.857601063183346,27.47376803550485
Q09028,17.4199809098585,28.59883945563075
Q09161,16.286751432077672,26.94045098347414
Q09328,16.768885292925326,24.04195528385231
Q09472,14.486578819909555,24.282210432265728
Q09666,20.398064764233332,29.612787248905388
Q0JRZ9,16.14275512705169,23.80198369603831
Q0PNE2,15.532781529384307,24.652639915799636
Q0VDF9,16.73069315282981,25.60538922765624
Q0VDG4,16.987347226703342,24.19113604415361
Q0ZGT2,15.942684546215037,25.276297433855003
Q10469,16.313823994062485,24.393616934450016
Q10471,18.197149967689437,26.08195395033708
Q10472,16.913282366578237,24.787597920274592
Q10567,18.01594608269193,27.432856653537655
Q10570,17.263898738049704,26.588307394666185
Q10713,16.335346360268957,26.44246343019794
Q10740,14.520675215990362,23.503156922026154
Q12009,15.66238271186468,25.000713508537643
Q12019,14.877777602685429,26.010510328289637
Q12024,15.661481610732226,23.59073637041795
Q12040,15.28442081565931,24.176959342393793
Q12063,9.42701715010691,25.211035073311347
Q12068,16.84827219928773,24.500768346494688
Q12074,17.035550661047512,25.23746898393466
Q12109,16.748406374409214,25.392073235888375
Q12114,15.10966324134873,23.700863738581525
Q12117,16.851982872460617,25.711071284013457
Q12118,17.230505746135545,25.046568758456214
Q12122,15.276777324248568,24.131211091611956
Q12154,15.739522538854311,26.252749244773806
Q12159,17.399199125122028,25.786284910066637
Q12160,15.004884969358168,23.388071300234234
Q12166,15.845669604828386,24.718849317202313
Q12176,16.17111730324139,25.59162659081836
Q12178,14.70178920204205,24.762372051998742
Q12189,16.666610607141678,24.651845447373162
Q12211,15.228920488232193,23.50338994489794
Q12230,16.768997272578964,24.78286275493438
Q12250,15.745283637478106,23.52630992313825
Q12265,13.855752461755104,26.702762219700194
Q12285,17.947717687807557,24.304322050902922
Q12305,16.463234058520232,24.103476570224057
Q12306,15.561338697586649,25.493609032637295
Q12314,16.949817747450414,24.414170424712488
Q12335,16.91476144870981,24.65855902974317
Q12339,15.203155932947176,23.091620120749884
Q12349,15.224044722200729,23.473714016373616
Q12363,16.475699554083103,24.372119586563137
Q12377,16.52024806921097,23.728838095725532
Q12389,14.959161345686152,23.076449061834023
Q12402,17.372787248634513,25.159593790218114
Q12447,15.997135796666782,24.308633720795196
Q12449,16.318213060563895,25.88266326738401
Q12452,15.605412013870657,23.09132335584861
Q12458,16.577312557402283,25.112804765983263
Q12460,16.741135637271093,24.78756871567233
Q12464,15.82740257543148,25.180067011260537
Q12466,14.54792317976855,23.75542526174326
Q12480,17.170989092560518,24.38661896291523
Q12496,14.948162375883513,24.575437512466692
Q12499,16.29894826874975,25.074726826105998
Q12515,12.891679129247105,23.619471442654284
Q12517,14.181212833873913,22.386517071524004
Q12522,16.567111954678353,25.39458266962533
Q12680,15.13352040056444,24.526592126832615
Q12746,14.515554662255004,23.667280385734163
Q12754,13.90950358226792,26.3260885590123
Q12756,16.451499686383602,25.348443736530015
Q12765,17.59297118752499,27.274727292017406
Q12767,17.757708985328417,23.631586070924453
Q12768,16.73901357869135,25.01694227653414
Q12769,17.5029104895758,26.499643127144463
Q12772,14.31851527170175,24.28664398113594
Q12788,17.56559040808863,26.544905639771034
Q12789,18.47552619963688,26.06943901146946
Q12792,17.1297264446795,26.219997861710755
Q12797,18.142408152562574,25.414301322477602
Q12800,17.605127525942887,25.771655621147822
Q12802,15.894838896381298,25.31846532325599
Q12809,15.25388987313176,24.48816235557994
Q12816,15.434911604944455,22.586846200283812
Q12824,17.800933510522416,26.86913747440641
Q12830,17.113177536442237,25.64890843852251
Q12834,14.22323594700377,24.60604933350405
Q12840,15.085226352625593,23.050443712491614
Q12841,17.175770081964057,25.66406520061851
Q12846,17.11906345781041,25.120407252849194
Q12849,18.088623355184684,26.508897674227935
Q12851,15.192194049674871,23.6204310528154
Q12857,16.02978999019315,21.640966410512252
Q12860,16.62977532454785,26.91127439335135
Q12872,17.158545590677267,25.1486923463362
Q12873,16.003229535334324,24.716336097466947
Q12874,18.21549633754287,27.710265832410734
Q12888,18.78302550674799,27.429632233429356
Q12893,15.531809027071265,24.893690442549026
Q12899,16.090296901596567,24.31051647249391
Q12904,18.793755476371594,27.379545766201026
Q12905,19.375604072411107,29.788780690754788
Q12906,19.577214953503944,30.411015298869994
Q12907,18.371481333740835,27.719259983658944
Q12923,15.340429093640383,23.419651116276018
Q12926,14.773039116279302,25.93135029258941
Q12929,16.04796294621081,24.151017158453186
Q12931,18.890027553568967,30.65643214918611
Q12933,15.57590971119418,25.5675404510865
Q12948,13.532933715604441,24.181228250753342
Q12955,14.545104687989252,22.666804453727195
Q12959,17.40529298271091,25.586769136027264
Q12962,15.2622819988279,25.024791144757824
Q12965,14.085580335918705,24.571292508180324
Q12968,16.589464712243352,23.81503210763876
Q12972,17.20126632781184,25.548330982322398
Q12974,17.85233028630507,25.310342038772216
Q12979,16.502253671879863,24.82580516799917
Q12981,17.691051553068466,25.011590479716293
Q12982,14.252647472559005,24.424610981930222
Q12986,15.421559862722523,24.884938863261926
Q12996,17.7095932429602,27.079280846945732
Q13011,16.69390211634727,27.14482988953746
Q13015,16.910658187833686,26.40051354920834
Q13017,16.691028045475512,24.078658766187978
Q13029,15.385025690778363,23.42057913037642
Q13033,15.963167377330933,25.869295081440292
Q13042,16.945088943111084,25.30507384128352
Q13043,16.948774780083063,25.033207973066098
Q13045,17.58984923578626,25.413006341628563
Q13049,16.253996742589294,24.244548499491355
Q13057,15.53525380651601,24.69859338383959
Q13084,16.796590758288005,24.985596931493767
Q13085,17.2525623725245,25.87725063848451
Q13098,17.732616839500356,27.072966665321772
Q13099,15.414026922078106,24.280259974192663
Q13107,16.30414669003898,24.673689662878736
Q13111,16.81539467940909,25.372711752390984
Q13112,17.636973188198443,25.07433423721259
Q13114,14.456299799595884,25.624853005618643
Q13115,14.243282598132192,23.06605658012509
Q13123,18.08009044983942,26.332981038430237
Q13126,18.476997111397075,26.79955296339399
Q13129,15.63894936977634,23.966718269079088
Q13131,16.232156393843646,25.432006601037568
Q13136,15.300597481639949,24.38995145941437
Q13137,15.934207302273125,23.332284297382877
Q13144,15.993957768575804,25.556149824042954
Q13148,16.049608498541197,28.12156835066231
Q13151,17.155691104458594,28.831715244488333
Q13153,16.19424358391674,27.452100592603966
Q13155,17.17835701333646,27.442766477281925
Q13162,18.066604917258445,28.030130397930737
Q13164,15.926024490874372,24.27612057061081
Q13177,16.918507013989146,27.66559519966737
Q13185,18.394991435022906,29.873951497514874
Q13188,16.772209528246897,24.454986938716566
Q13190,16.99253112704925,25.041389586454947
Q13191,15.081244494826777,23.33700837988294
Q13200,19.255411050142712,28.552832077480023
Q13206,17.86976042957466,25.02701158882683
Q13207,16.909454594189533,25.141259024350234
Q13216,15.740650947212655,26.32261828532508
Q13217,17.57355385067216,25.965132083616986
Q13227,16.130169494789428,25.007917555408795
Q13232,16.123575713851643,25.44484993839256
Q13233,14.478171300174246,24.234849413160873
Q13242,17.9386241297001,28.29815553316258
Q13243,17.256210716025635,26.94099226690579
Q13247,17.818737473775556,28.564346440978877
Q13257,17.75396230069956,26.79592932523768
Q13263,19.919541727953614,30.154291566238076
Q13283,17.95097541089454,28.584874632825667
Q13308,18.06063424561551,26.84122173185649
Q13309,15.945561103166963,24.74373745294132
Q13310,18.972947206181214,27.687402135774526
Q13315,15.822644330546478,23.700193193022983
Q13325,16.544456723512617,24.74152847451409
Q13330,17.755187901901323,26.69078596141672
Q13332,14.729298533295593,23.96417911584209
Q13347,18.58953097055974,28.070048199900953
Q13352,14.058440718782508,25.36864316692782
Q13356,17.481427568980436,24.71636582506717
Q13362,16.451294032211152,25.696196245488903
Q13363,17.494410453655593,26.35967216006161
Q13367,17.37011701613924,24.457169869552484
Q13370,14.622431438141806,23.84022596114071
Q13371,16.119623438575424,24.93323261460648
Q13394,15.504186180427387,25.592436819808377
Q13404,15.72760354095787,28.022717548067384
Q13405,17.263877883168675,26.05223204934756
Q13409,17.76965798614579,27.735585325826367
Q13415,14.685412870836721,23.288456218277336
Q13416,18.356408295297182,26.603421165557524
Q13418,17.70253167724526,25.954176005195528
Q13423,18.65480207824987,27.176182158175735
Q13425,16.489709338614382,25.87374003606977
Q13426,16.820547219575907,25.57580077740899
Q13427,16.572334681254638,26.340315970884767
Q13428,18.977022122606083,27.927321765133286
Q13432,14.024475780264599,23.499749193486295
Q13433,15.55659487323985,25.71522325325178
Q13435,20.288891019380653,28.69849250363777
Q13438,17.363308073765833,25.08092769393187
Q13439,17.257276417012704,24.36688885770634
Q13442,18.150124342953745,28.294406547456248
Q13444,14.693508083766588,24.654190931934444
Q13445,15.793035923936966,25.574024694636048
Q13449,17.803370970356127,26.284611905315778
Q13451,17.6845086625768,26.094786121766226
Q13454,17.242615976950056,25.09841337710772
Q13459,16.46895922440362,24.607192260051544
Q13464,16.353400333025398,24.537833470098764
Q13472,16.54959714570806,24.193127948593556
Q13480,16.399211757183362,27.592699132882508
Q13485,16.169501844335795,24.96890767237648
Q13490,17.155048850619895,23.557192089976663
Q13492,17.317436197989707,26.736023120996993
Q13496,10.882812886063784,23.78503393361708
Q13501,15.135705959886998,26.225947568435107
Q13503,16.322345750291777,25.300106145565177
Q13505,17.092157921732017,26.237570878360206
Q13506,16.004116444009856,23.361441718691065
Q13509,17.01008451649287,27.884158929797117
Q13510,18.877343603440973,27.082484542113907
Q13523,18.881466959677855,25.880708481318052
Q13526,16.465868842309817,27.28166780143061
Q13535,16.62093867381864,25.352480687588717
Q13541,15.505969712104527,28.621509429150194
Q13542,16.81404819658584,25.32664734536662
Q13546,16.240659799474635,25.041438537486375
Q13547,17.684114672620908,26.361003169892694
Q13555,14.843768522181554,24.175420526798447
Q13557,16.64714947933738,29.09664569632723
Q13561,20.049643841670164,27.895577194862607
Q13563,14.481451957583372,23.243143033075
Q13564,16.346264986720808,26.278889272390657
Q13569,17.227588075720078,24.419652980614597
Q13572,15.202533695212589,23.220591142618833
Q13573,18.081000891753185,27.13725710042566
Q13574,16.560264220966555,23.611300787666693
Q13576,17.489832166767425,27.024718323528315
Q13586,17.361654517135033,25.01064202243005
Q13595,15.994098732733558,27.874150991159354
Q13596,17.288767325172522,25.92081354910787
Q13601,16.849809030773883,24.935759711315058
Q13608,14.87672942627559,24.95334790911727
Q13610,16.82516895462073,25.512228314225492
Q13613,16.98717162532914,24.763534000659718
Q13614,17.00816832476152,24.198172681876258
Q13615,15.53730586612832,23.83284782047073
Q13616,18.345305506128845,26.231623196666387
Q13617,17.080971910946086,25.041310147163983
Q13618,17.109209541565864,26.207477913239217
Q13619,17.585227705694926,25.10072791104343
Q13620,18.318326066127298,25.992985905884044
Q13625,16.37128291317322,23.943231960778483
Q13627,16.19957152479355,23.927348923415273
Q13630,17.465833768675893,25.653973156942644
Q13637,16.893139821862228,26.13199698263974
Q13641,16.014627028579767,25.28907228390251
Q13642,17.622371071091592,27.88637324877638
Q13643,15.963486079100885,24.75314925228133
Q13671,12.400815998748874,24.34730057034567
Q13683,15.340115457030288,23.92601804687256
Q13685,17.51730453193354,24.498572884574315
Q13686,12.023650104387595,23.36206407502695
Q13724,18.33277758945624,26.883733811453318
Q13740,19.14195902983581,28.46157112551896
Q13753,12.466287236684419,24.28255766327881
Q13769,17.95840289890624,26.267725787276184
Q13797,16.771688375723574,24.752135143312515
Q13813,20.602563406671475,29.647709283156612
Q13823,16.19058371748853,25.58548560576138
Q13825,16.057513004141374,24.95908232062791
Q13838,17.742269858544134,27.286154063364425
Q13867,17.391863112642334,26.656523271789837
Q13868,16.52912107787671,26.652671846801084
Q13885,15.001259122865381,28.58073024452629
Q13889,15.136624345773697,25.112961684378483
Q13895,17.802667437310195,26.712612560398902
Q13907,16.246448245017028,25.577546009193497
Q13948,14.8628312889934,24.967337518329437
Q13951,18.056990620007305,26.353346029715322
Q13952,17.520423487820157,26.115642145969176
Q13976,16.33189738915279,24.17120497806888
Q14004,16.06687470158438,24.998589870255227
Q14008,18.876597565329572,27.260695583937625
Q14011,17.684365963239596,29.411180578494115
Q14012,15.092808912529303,25.25210815968913
Q14019,18.14131277790959,27.066092979204928
Q14061,13.693176779571665,25.69795783286088
Q14088,15.433824501364256,24.28680731177317
Q14103,17.603780118601634,30.303959735714745
Q14108,18.012899606033372,27.31613185618153
Q14118,16.73124039669836,25.5848899222169
Q14119,16.604536224670404,26.109642897395425
Q14123,16.01537005458419,24.209726652712657
Q14126,14.461347587029659,23.391640864589892
Q14135,17.210078935366017,24.09333301287789
Q14137,18.47503750899302,26.748791576924003
Q14139,16.275453767085036,25.1561273518385
Q14141,17.903339544900216,28.37557189496623
Q14145,16.859759340733856,23.92790316849443
Q14146,16.786954184994688,24.419425899309438
Q14149,17.17263855689825,24.668811188440557
Q14151,15.649347943163706,26.576296655226127
Q14152,19.89882266599674,28.327499326065148
Q14155,17.225291990918436,26.018895217977683
Q14157,17.75703151793337,27.582599789878984
Q14160,17.727071752386728,26.102985307372645
Q14161,15.995337671905277,24.955983600488707
Q14165,17.752786935373706,26.491471687765333
Q14166,17.17754713470503,25.48935484712402
Q14168,15.129362797706937,22.566813691069125
Q14181,16.556335788827948,24.867400211061
Q14185,17.198486096285595,23.9170363018141
Q14186,14.339807561868058,24.29428328165534
Q14192,17.19375174079231,25.023375903505613
Q14194,18.07304619689672,27.965745985681178
Q14195,19.368749084240996,30.583303701876343
Q14197,16.01819233144211,26.112275219351083
Q14203,18.866657551555967,27.45382861936211
Q14204,20.603776687303725,28.96824654507922
Q14207,15.144662763194917,23.589538458991814
Q14232,16.63670661655461,26.632344679575123
Q14240,18.730818476206846,26.99616893803088
Q14241,17.304436888226586,25.32319449577853
Q14244,14.935247386973595,25.046794167111077
Q14247,19.171049650540695,28.16397573386745
Q14249,15.916049344733713,25.004875158017555
Q14254,18.267410339217324,27.381862726119824
Q14257,16.767328019853448,27.440046716304263
Q14258,17.699501490660566,26.21703478323938
Q14315,19.04056700193487,28.44434584852437
Q14318,16.891129329414365,26.85919938283294
Q14320,16.220781705154398,26.58909456784114
Q14331,16.529664329524184,25.98926062791033
Q14344,17.820836592025692,26.342315781835968
Q14376,16.80955876701644,26.167834950027657
Q14432,15.46817774511074,24.75710588245871
Q14444,16.833933259946605,28.20015202414264
Q14457,14.656634067940182,24.377730226792355
Q14493,17.76901952407648,23.342676953234513
Q14498,18.6813901374599,27.996054050724638
Q14517,16.435981568879235,24.640911669073795
Q14527,16.452595161239746,24.925738409334702
Q14534,16.35298038687908,24.65594304386734
Q14554,16.522409934370515,26.337421773671895
Q14558,17.37583599351308,25.401022225698384
Q14562,17.208511344364187,25.448168935818746
Q14566,18.65146360765324,27.927207304737173
Q14571,16.40016161165276,23.646304750688053
Q14573,14.805373983013656,24.173799379072804
Q14576,16.591429099865096,26.32353392910566
Q14596,15.04193125672234,23.366694532611774
Q14642,16.123112169250096,23.250652185484068
Q14643,17.006179443250158,25.044397470410455
Q14644,15.021128765563166,23.887478806788568
Q14651,16.86464005972516,24.770719134222333
Q14653,16.541350880046142,24.1013469694721
Q14667,14.160740815585505,22.481808052420703
Q14669,16.917049064068937,25.499964221496672
Q14671,17.446546176754516,25.48732783127209
Q14674,16.368832015030222,21.61531487153201
Q14676,18.29602858468379,26.297317438828376
Q14677,15.942912190475703,26.612132591135357
Q14680,15.949992541867482,23.48631346919161
Q14681,15.392553894284038,23.128236825947912
Q14683,19.672098698206945,27.73111429482551
Q14684,17.98461941561511,26.486588768372396
Q14686,15.981391371370886,24.264906497355167
Q14687,17.207921154794246,24.89636164752185
Q14689,13.055553486706701,21.766676906393982
Q14690,18.590439849882955,26.9857499169054
Q14691,13.962586074504303,24.849173895979085
Q14692,16.915124394005375,25.890702027325723
Q14693,15.650150875138447,24.835667784816156
Q14694,18.089730704363074,26.10824867992004
Q14696,18.392791500718694,27.405225129074097
Q14697,19.402217794965907,29.987175752281903
Q14699,17.540717850620783,26.31050452873856
Q14728,16.03285144154267,24.956203448979927
Q14738,17.561170605055395,26.31707496638249
Q14739,18.152959511710844,26.991162293336867
Q14746,15.902930634020642,25.30272294437503
Q14764,17.58855211098889,26.50789508968911
Q14781,16.802262775651457,24.98367562307749
Q14789,18.238916464555018,25.795329471128355
Q14790,14.474362681928179,23.537290573116078
Q147X3,14.72980377706137,24.198955745669316
Q14807,16.618570760122672,25.559731922431265
Q14814,14.610478898245322,24.726586914477743
Q14839,18.902336424922634,28.183106087712126
Q14847,17.504512239597847,27.36812867257942
Q14865,16.50031169252953,24.46344504665044
Q14894,16.00709490259196,24.449299112260462
Q14914,16.138632428855736,24.161979193460727
Q14919,15.878024872882925,26.764493228845932
Q14964,15.464114785481625,24.289368344335024
Q14966,18.448060876894516,26.189422789164094
Q14974,19.177170918266157,29.737734148104675
Q14978,20.124766210854585,27.544537828804017
Q14980,19.975958827500914,28.96362920816047
Q14997,17.266391816804337,25.420044435136283
Q14999,14.785639740706586,23.88388545327103
Q149N8,15.843329291538343,23.153816868532495
Q14BN4,16.240436250235724,24.513736509849217
Q14C86,17.968564399563455,25.633619432741714
Q14CX7,16.026061611963126,25.76973281976229
Q15003,17.379299374444408,26.61173320243318
Q15004,18.158943836788726,24.75592322173235
Q15005,17.307113360183703,27.0771223814793
Q15006,17.02257149045694,26.372913187474403
Q15007,16.508881933628846,25.786358577527558
Q15008,18.65979184264761,27.637756137123144
Q15013,16.37049801681648,23.643021736330734
Q15014,15.814942719190366,25.45054344715948
Q15018,14.45982573152568,25.233915808489176
Q15019,19.30046915427855,28.659608452997322
Q15020,17.688273739075452,26.69762904775082
Q15021,18.882265094159152,26.393280400716797
Q15022,17.42269874692349,25.100058467701892
Q15024,18.049936588590157,25.960562150588053
Q15025,13.723128798622197,23.517510147343252
Q15029,19.129619134487495,28.652918296849812
Q15031,16.684113412118766,26.153294390470844
Q15032,15.339095410209607,24.304562165010044
Q15036,14.860393072400958,25.323584288445204
Q15042,18.580529790874653,25.519452003140504
Q15043,14.666504635180893,26.93443556601257
Q15046,18.720228223502538,28.257573819263342
Q15047,15.802865283875002,24.52344308871599
Q15050,17.818015705130335,26.724482770681828
Q15052,17.076434731228748,25.59161670455844
Q15054,16.027572112310875,24.809945912238597
Q15056,18.160539464966252,27.94180043286166
Q15057,16.55117722286795,24.173303917307077
Q15058,16.59583630557242,24.580337504365982
Q15059,17.884704453613516,26.33789942924579
Q15061,18.858238123518674,26.581015704831383
Q15067,18.160175298113945,26.570198692835834
Q15070,18.05243747789529,25.946713088936395
Q15075,17.765808338746883,25.845310986451203
Q15084,19.363501010752252,31.26840118320772
Q15102,17.961525209620852,27.481651154315117
Q15113,15.341161406179042,25.992519170942675
Q15118,14.41652376423295,25.189848947227325
Q15120,15.382997468074347,23.486484108394375
Q15121,19.244924166261654,26.75291904778464
Q15125,17.21111878758904,24.836830934548875
Q15126,17.000422492624434,26.8882285982918
Q15147,17.227929412012497,24.251682308614054
Q15149,19.97963312824077,28.111435925050305
Q15154,17.088998093809558,25.783884859330783
Q15155,16.679805219060682,24.83642670787169
Q15165,17.237980267549855,26.58235287470204
Q15170,15.965875306830888,23.639811105755197
Q15172,14.463357692517848,24.208341836660217
Q15173,16.107455515849697,23.921269464206116
Q15181,18.350591881649155,28.411671205325142
Q15185,16.021050579244257,28.149147834949815
Q15208,16.22720498490021,24.559645393463065
Q15223,12.839773054012142,25.538275237697743
Q15233,20.343155536426924,30.66215160507807
Q15257,16.58144950950792,26.79384431035569
Q15269,17.974206575668696,25.69906680229175
Q15274,18.850508081896134,26.861736911661172
Q15276,17.023251101170604,24.951251207890397
Q15283,16.046309097985713,23.720001734006658
Q15286,17.059101272863046,28.02414957972154
Q15287,18.016835295536122,27.891527386633975
Q15291,17.18061481577815,25.898182553573147
Q15293,17.496829831072443,28.16318602145888
Q15311,16.13106072517623,25.919809269385244
Q15326,16.86756241899458,24.136915019816865
Q15334,16.235154588010527,25.24315216153941
Q15345,16.550536181620334,25.63381076562997
Q15361,15.358111394075031,24.161003745562823
Q15363,16.870462591407872,27.819527401844798
Q15365,17.503507171323516,28.55383008427722
Q15366,17.450948271040147,29.214403573970802
Q15369,17.514611124086116,27.90734827284711
Q15370,18.992632898617106,28.09672779141472
Q15382,17.765612439962602,27.211226736475748
Q15386,17.38396815951024,24.480519003170578
Q15388,17.93607902507123,28.26694865538744
Q15390,14.619847503257514,23.087601877465396
Q15392,15.272813517896584,25.6659505251047
Q15393,19.400194736474173,28.78848235591773
Q15397,18.234655745554726,26.075923375873277
Q15398,16.233183484654376,24.725262699696735
Q15404,17.060216726738094,26.486154622579992
Q15417,18.723064308301083,28.238608206648625
Q15418,16.488440461439872,24.859980917034882
Q15424,18.479260620598286,28.048032537579715
Q15427,18.098749919911263,25.739185582935015
Q15428,17.77432015522843,27.124654666014905
Q15434,15.613918439280646,24.290173427427018
Q15435,16.880492066018174,26.265913962996287
Q15436,15.852039302871667,26.012764712733045
Q15437,17.137692579707593,26.438665315378383
Q15438,16.81046858500119,24.323797435389455
Q15459,18.696503216461394,28.40147033719614
Q15464,14.742155462492894,23.28405606932173
Q15477,17.048857951561207,25.134062116597555
Q15506,15.876396521107715,25.322356646393086
Q15526,15.543045961884971,25.686229791070776
Q15542,16.441905529629484,24.222030407720514
Q15545,16.733099626979026,26.234608562170134
Q15554,15.47150566236231,25.098670515352605
Q15555,15.313448807214053,25.28234340241657
Q15572,15.30592749887411,23.370258340341017
Q15573,14.206470956829596,23.63531725058956
Q15596,16.082419604482954,24.43988334206979
Q15599,16.203614860437362,24.97046741560061
Q15628,14.473925669027105,23.76832296453263
Q15631,18.54103553098981,26.883234999625444
Q15637,18.039133626924976,27.01014063054908
Q15642,17.028910325432022,25.37846463815137
Q15643,17.46084373165322,24.880961461088486
Q15645,17.238922713654702,25.628304752159323
Q15648,16.61402197328276,24.720094261592024
Q15650,17.480778093928546,25.278172575587387
Q15652,15.883237665993795,24.438926593453868
Q15653,15.786179226615118,24.50751321133589
Q15654,14.284958266381102,24.211265017772902
Q15691,19.735567575870345,28.144750340484336
Q15700,15.357738136832934,21.9673677030794
Q15714,15.212713411486142,24.917380843984898
Q15717,18.639395190278112,29.207840403517675
Q15738,17.85192175633575,26.352125572301087
Q15742,15.939440006626103,26.071371044764224
Q15746,15.634036173288383,23.3540111403333
Q15750,16.163279295215535,25.230039852669236
Q15751,15.701071057093657,23.24364559700957
Q15758,16.73056148357272,27.018079600392106
Q15768,15.370203283150033,24.887915962418585
Q15771,14.860624839946942,23.294137837192693
Q15773,15.461941822172925,26.040565225841924
Q15776,14.87265040233709,25.086994851143956
Q15785,17.172983140829093,26.183771001599595
Q15796,13.26272637437936,25.6734640129731
Q15800,16.447189853231624,25.1683956475371
Q15811,16.189412006305343,24.332567923580573
Q15813,16.915562558565494,25.76486496128387
Q15814,16.5221074100997,24.920178779302443
Q15819,14.771130401741294,27.639320649980334
Q15836,16.378020886526986,26.893326924029203
Q15843,17.679523464925087,27.80185548608868
Q15853,15.561710931869108,25.65264390892285
Q15904,16.39802417711792,25.504143427143603
Q15906,14.5544635156989,24.834871823521002
Q15907,16.95664074468433,27.878579503343623
Q15910,16.45222487679349,24.827526798921845
Q15911,15.62881354334039,25.326016292412284
Q15942,18.48916808824528,27.82544470326027
Q16134,14.846992116904268,24.27483502900998
Q16181,18.12958418432611,28.55114419309726
Q16186,16.65763325104356,26.512079672103727
Q16204,16.528080606657756,25.89875717058975
Q16222,18.824257748604094,27.144241583565417
Q16254,15.099976099106406,25.049525824580805
Q16342,15.300500855120832,24.67974590482587
Q16352,19.026597221197047,28.829342647965966
Q16401,15.92578798967961,26.330781028925355
Q16512,16.955847506349837,25.359799517668858
Q16513,16.444215657140376,24.68516861321938
Q16527,16.655634569647155,27.700270594475043
Q16531,18.960357150063942,28.12862535773984
Q16537,18.211126394360477,26.857789547943792
Q16539,16.670162955872907,25.44527535558274
Q16540,15.903598747415558,25.70217260167971
Q16543,18.778403012997313,27.886243324279768
Q16555,19.215474628908655,30.009345750742487
Q16563,18.218132194661226,27.96185388428797
Q16566,18.20024831398024,25.044173839671075
Q16576,18.733373970812803,27.932464080973833
Q16585,11.71573973085354,22.97835505315526
Q16594,15.857427173972576,24.267171230227056
Q16595,17.185349152923617,25.292249269904087
Q16611,14.644774770036866,23.276099621806594
Q16623,15.03617904411834,24.793551434374432
Q16625,13.435303941766898,24.16515227891266
Q16626,15.064257512117198,24.855957392713854
Q16629,18.22381280569683,29.789513879072942
Q16630,17.07968670075101,27.423725697625727
Q16637,15.827757558355687,26.65953299819527
Q16643,17.775092381529323,29.585623413001656
Q16644,15.91577585876571,24.413127529085997
Q16649,15.180255380765814,23.857738443619027
Q16656,15.433433620282669,25.70298873497645
Q16658,20.41038628888637,30.21327634734457
Q16666,15.027214064268197,26.675852140736456
Q16698,17.846007844614164,26.214832575149643
Q16706,15.00104628765906,24.036399882482964
Q16718,15.774057704916412,26.37688609687383
Q16740,15.794033551774826,26.751850393505475
Q16762,15.582533893513038,26.71480641275005
Q16763,17.143557052812692,25.83376593041915
Q16773,15.738789576686312,24.273199361373745
Q16774,15.97718535759096,25.720639069086563
Q16775,17.189780796029236,25.571485936813716
Q16795,16.487914989101014,25.572644761682472
Q16799,18.759270905673286,27.377133993233922
Q16822,16.244760339643985,25.728774438506345
Q16832,16.00249767744058,25.204621799926628
Q16836,17.625980678153237,26.903401542678882
Q16850,17.844119170322255,26.515043102298403
Q16851,17.8721355722096,26.546368063845673
Q16854,16.098004336976196,24.15518284800077
Q16864,17.883007700705203,26.956317604061642
Q16875,14.444424296380216,24.334365668605088
Q16877,14.475624642187826,27.070065970414966
Q16881,18.610713368372224,27.59097704938745
Q16891,18.910435752705347,28.071247717356332
Q17R31,16.45858278981655,23.576486307420264
Q17R98,15.36502414416708,23.187743510425186
Q17RN3,15.111090503781055,22.505752445559903
Q17RS7,16.001310655234242,23.431686199487952
Q17RY0,16.028539368540862,23.687688888562395
Q1ED39,17.29720015038879,25.834413534925858
Q1KMD3,19.40367227804337,28.78459932543808
Q24JP5,14.609389045827928,23.670041461013287
Q27J81,15.144273561820167,24.30391736995056
Q29RF7,19.025352312091904,26.302147286105097
Q2KHR2,13.223743633422963,22.59083554723516
Q2KHR3,16.769177606403126,24.407038452571165
Q2KHT3,16.413054346383078,23.50874611993999
Q2KJY2,16.050507064707016,23.71174898798514
Q2M1P5,13.957929739047314,24.921199944079454
Q2M1Z3,15.444028040496576,22.522986970787937
Q2M2I8,16.85579612117444,26.053190810975995
Q2M389,16.60838879762539,24.48324532006495
Q2NKX8,17.184140988179507,24.805403818451907
Q2NL82,18.102157288620006,26.481542247776105
Q2PPJ7,14.197040492911503,23.72698243537449
Q2PZI1,15.986269462353258,24.917341801675686
Q2TAA2,17.945154143467256,25.344824345032354
Q2TAA5,16.393396842964364,24.57771522365579
Q2TAK8,14.41236223937756,23.81105007318687
Q2TAL8,16.427753567554465,25.47699982893394
Q2TAY7,17.178808041730242,27.906676467050975
Q2TB10,16.257555701662923,23.937217009799195
Q2TBE0,14.912678912268953,24.059775401634518
Q2V2M9,14.297767825038964,23.828944882625965
Q2VPK5,14.96408970110091,23.599258180895923
Q2Y0W8,17.478602988591206,24.421041243801767
Q32MZ4,16.93342193973217,25.406638722793865
Q32NB8,14.042032847992193,24.177521099427235
Q32P28,16.452258488823023,26.139074308318975
Q32P41,16.688644571407604,25.171673260092295
Q32P44,16.16553757517791,25.602126223241747
Q3B726,14.6511565193969,25.82918090085145
Q3B7T1,15.319699777981192,24.04872050462986
Q3E764,18.513472201462196,25.949288107338127
Q3E834,16.061008321377432,23.466092273257132
Q3KNV8,15.664057390867075,23.992971604889323
Q3KQU3,16.593526580652657,25.33723072349751
Q3KQV9,15.914346167650509,24.129812377414662
Q3L8U1,13.63121753428448,23.29900792371767
Q3LXA3,16.43219074227142,25.351337068717395
Q3MHD2,17.64991029079193,27.13906615777078
Q3SXM5,16.20937381872682,25.166027452997685
Q3SY69,14.687753477460783,23.093899872661737
Q3T8J9,15.06113195430774,23.538592949966922
Q3T906,14.23593045095164,28.996331811846943
Q3V6T2,17.58362281739438,25.107373738134555
Q3YEC7,16.558973083534966,26.073807705056904
Q3ZAQ7,14.493728288628041,27.53501392446803
Q3ZCQ8,15.972901660399554,26.221766130805396
Q3ZCW2,16.039242492295923,24.86721776449492
Q495W5,13.74463667251982,26.12529184760209
Q49A26,17.079891401184707,25.740371024666725
Q49A88,13.245869701404674,23.513199529992775
Q49AR2,17.087012550350988,24.476447156307476
Q49MG5,15.17071510907624,22.979132957074494
Q4ADV7,14.69688262417478,22.863573596961555
Q4G0F5,16.633474627048212,25.582514415918652
Q4G0I0,14.128783663052278,24.01541683901115
Q4G0J3,17.457341999020343,26.049980646846343
Q4G0N4,16.282055514963176,24.49094864931184
Q4G148,15.042591161396539,24.5815402611048
Q4G176,16.834530428581072,26.56582872784346
Q4J6C6,18.089121467421144,24.72500450868475
Q4KMG0,13.383540819169461,26.34319939137991
Q4KMP7,16.209989364640492,24.22677091031486
Q4KMQ1,13.43599070896804,22.87441633391152
Q4KMQ2,15.651640091273562,25.315309327336575
Q4KWH8,16.027956931338867,26.03896793354743
Q4L180,15.505089808844337,23.856952908021007
Q4LE39,17.508470899799054,24.905624293584804
Q4V328,16.654812040625455,26.48072690046347
Q4V9L6,16.059596986410433,25.257469816512508
Q4VC05,18.004511816167547,23.94066272816683
Q4VC31,18.342666255369615,26.138567520201605
Q504Q3,15.398238225991777,23.104975557861177
Q52LA3,13.670645371947876,21.951496031771423
Q52LJ0,17.62103900002749,27.120339012575535
Q52LW3,16.13166055764581,24.032054423083324
Q53EL6,16.621891484080727,25.411789585271368
Q53EP0,15.397444481204266,25.368308706934243
Q53ET0,14.402700995504576,24.798208971448492
Q53EZ4,17.10464297718958,24.451014924271558
Q53F19,16.776464776115876,25.706257514797652
Q53FA7,16.991792414596656,26.457174605369495
Q53FP2,16.28635356870311,26.094943435446016
Q53FT3,16.736332625218072,26.124935453822797
Q53GG5,15.809493880074843,25.55670609431124
Q53GL0,13.504555711421068,24.092520695168098
Q53GQ0,17.40246401637613,26.511078980402974
Q53GS7,16.268597417921285,24.872465810533537
Q53GS9,16.349538344937187,26.14643600433282
Q53GT1,15.978456441453892,24.32956424266216
Q53H12,17.24674477295192,25.843700675090172
Q53H47,15.791251858451247,24.454517207823457
Q53H80,15.941121353617204,25.202161833539524
Q53H82,16.8480563669935,24.85732819899854
Q53H96,14.835726047644325,24.17706773087308
Q53HC9,18.01819496172915,25.75907627180555
Q53HL2,16.321351192122755,24.359565095173515
Q53HV7,17.15455063893207,24.34359542876882
Q53LP3,16.195159709536483,23.69312105166059
Q53QV2,13.448269077544053,25.020182179706016
Q53R41,14.990171344795709,24.428284704044298
Q53S33,17.28669392829634,24.58095818008056
Q53SF7,14.941726920156977,23.022946997822434
Q53T59,16.64744605915951,25.556247742384482
Q562E7,15.485432141915743,24.419887112746256
Q562F6,15.325516137276338,22.93350931123835
Q562R1,14.521717899270381,24.09110661514147
Q567U6,17.18147807102952,25.476294271375767
Q56A73,14.442011324661244,21.610827053850873
Q56NI9,14.638485805577046,22.921417484145103
Q56P03,14.87277266763532,25.11119669448418
Q56VL3,17.476156191882456,25.664355238785838
Q587I9,16.296330665171833,25.555805604803894
Q58FF6,14.224479201403375,24.67717814620711
Q58FG1,13.573450461316568,26.710241070554368
Q58WW2,12.522900003004263,23.263593441769945
Q59EK9,14.118046652191074,23.258865174628024
Q5BJD5,14.819308285034136,25.243646148989797
Q5BJF2,16.885752608374073,26.172044849260892
Q5BJF6,16.592908086348682,23.949413976833945
Q5BJH2,15.702464323187566,23.802292043787848
Q5BJH7,14.80334823959089,25.605083564231396
Q5BKZ1,16.862458958778856,27.098415636134895
Q5C9Z4,16.66543020508511,25.094599248802727
Q5EBL4,15.364025429390486,25.35537606756447
Q5EBL8,16.072937132081005,25.291448682150833
Q5F1R6,14.667181939394757,23.975111006817478
Q5FBB7,15.740354831534265,23.84412799950662
Q5GLZ8,15.984651827536272,24.646076954137246
Q5H8A4,15.903934599897594,24.627721337297245
Q5H9F3,15.536468733733697,24.86555080999207
Q5H9R7,18.162808425349738,26.064953884261204
Q5HYI7,18.434018085357764,24.255887463988714
Q5HYI8,16.199462617046372,25.85859592146053
Q5HYK3,15.494140370883018,23.85238425162799
Q5HYK7,14.28245925450768,24.158821451777285
Q5HYW2,14.626307597032595,23.81406773324638
Q5J8M3,15.398992902660117,26.14693500765372
Q5JPH6,15.788861988482191,24.5673332710566
Q5JPI3,15.536627117862016,23.93963978456222
Q5JRA6,17.813333034563385,25.93705982305673
Q5JRX3,17.283249359110982,24.895346228447274
Q5JS54,13.880324269488929,23.026972175222046
Q5JSH3,16.52366938695697,25.567933394373647
Q5JSJ4,16.208887093424032,23.2439165938982
Q5JSL3,16.677416619365086,24.49039278278771
Q5JSZ5,15.499081276569688,25.28367960041076
Q5JTD0,15.431902652451354,24.047551057680327
Q5JTH9,18.22970796090358,26.850118624322633
Q5JTJ3,16.515917451777383,27.09800887390341
Q5JTV8,17.31648961135544,27.434806967179522
Q5JTW2,15.33464728568748,22.800684286975123
Q5JTZ9,16.723025006123457,25.185216608581225
Q5JVF3,17.668096383400375,25.44005880130771
Q5JVS0,15.998557145043508,24.48909329362126
Q5K4L6,14.534966376875907,24.36781594283088
Q5K651,14.542785649082173,23.196984310891974
Q5M775,15.65057441483717,23.97923372053328
Q5MIZ7,15.649221634057229,23.91156241883391
Q5MNZ6,17.15083130302317,24.92258184710178
Q5MNZ9,15.84373118468103,23.67532813067796
Q5NDL2,16.67066635845874,24.66620129795121
Q5PRF9,16.41241282080404,24.47603887073723
Q5PSV4,14.907079263373982,24.67792250894755
Q5QJ74,16.65963465796196,24.47433524969728
Q5QJE6,17.767411122943845,26.079829760757
Q5R372,15.349606683239353,23.573844084712448
Q5RI15,16.903806958338393,26.268917265457524
Q5RKV6,15.130681197893542,25.790980825029397
Q5SGD2,18.205452309804905,24.207546724447166
Q5SNT2,15.749470120217984,24.252314324081375
Q5SQI0,16.055021779401905,24.761560844419783
Q5SQN1,15.400701305935653,22.45532747117382
Q5SRE5,17.154232488563363,25.76903776262057
Q5SRI9,13.268201256211759,23.672177881553825
Q5SSJ5,18.348732303079714,26.428565135504314
Q5ST30,16.290064848668123,23.92759126230518
Q5SVZ6,14.573544531450379,23.44750880521743
Q5SW79,17.585004913312527,27.101744527781754
Q5SW96,15.678105228086224,22.781513401542938
Q5SWX8,15.285273210089722,24.715682170864863
Q5SXM2,14.700210566981385,22.221720304013147
Q5SXM8,16.099836687915815,24.185137441934778
Q5SY16,18.111625409216355,25.589963039908707
Q5SZQ8,16.42831502234348,24.476699611216297
Q5T0B9,17.638348443992317,24.66615442403581
Q5T0D9,13.050166879346667,23.418433638845656
Q5T0F9,16.396682405558426,24.02205826043951
Q5T0N5,17.43200140834192,25.824156070122392
Q5T160,15.376993770870484,24.12983726460265
Q5T1M5,17.545016109726348,24.430244522405403
Q5T1V6,15.839835813087973,23.856703060777825
Q5T200,16.693423345420552,25.288796443884483
Q5T280,17.070418972809623,25.675455481924423
Q5T2E6,17.159634137434978,23.96726382032011
Q5T3F8,15.930293379083944,24.047314408197774
Q5T3I0,16.681044045060865,25.34937953736939
Q5T3J3,16.40871649593823,26.267796890896292
Q5T440,15.012889564344793,23.65997249069481
Q5T447,15.633237050303293,25.09792663993353
Q5T481,14.171334095075652,24.718923766926757
Q5T4S7,18.360184489716335,26.244054102662815
Q5T5C0,14.89196967550319,23.37796787040736
Q5T5P2,15.160705350779425,24.40272840164145
Q5T5X7,14.958639709493983,26.55515615967694
Q5T5Y3,16.91351900991776,24.795322481921993
Q5T653,17.514572022609332,24.82060621971684
Q5T6F2,16.547197736920698,25.125776090589447
Q5T6V5,16.867232580742762,25.614614344955218
Q5T7V8,14.588915480584145,24.404153881870368
Q5T7W0,14.944747995304061,24.07003870274883
Q5T8D3,15.624049817471036,24.975270874432255
Q5T8P6,18.137702634649468,25.972759083786173
Q5T9A4,15.774910058108828,27.213783176598614
Q5TA45,16.23474999028245,24.672731635510672
Q5TAQ9,16.106824987842007,24.204231644366942
Q5TAX3,16.577334156919164,23.52996691742227
Q5TBB1,16.370063379813672,25.121916395627583
Q5TC12,15.10525619455949,25.082014393597593
Q5TC82,14.04505247197095,23.303683563821142
Q5TCQ9,16.260088304254552,24.266634628090134
Q5TCZ1,15.289292743480567,23.88778983946539
Q5TDH0,16.83834540682925,24.941793552931262
Q5TF21,16.836781049810128,24.68732248360241
Q5TFE4,15.926578021599962,25.61270670240405
Q5TGY3,14.916472749014027,24.056638335219528
Q5THK1,15.958078097634667,22.52062395546176
Q5TZA2,15.041398075838728,28.51538657029928
Q5U5X0,17.410797950707686,25.00399190788831
Q5U5X8,15.981991350151535,23.163243352297947
Q5UCC4,18.182192245934377,25.107273236578926
Q5UIP0,18.20449401187447,26.019343105110607
Q5VIR6,17.5849303969358,25.158714836565796
Q5VSG8,16.889629264533028,24.258338222707252
Q5VSL9,17.276348082017464,24.814664810491955
Q5VT06,14.901107488592963,26.86072932713729
Q5VT25,17.541863032589877,24.963644434073846
Q5VT52,17.23650854762757,26.01558706865021
Q5VT66,16.443102617852,24.08009526235841
Q5VTB9,14.125043190854358,24.17787031280077
Q5VTE6,17.201413227946123,26.12632879167221
Q5VTL8,17.47483463267522,24.500751431334436
Q5VTR2,18.129680845425497,26.049840969214188
Q5VU43,16.673954659706876,24.172779991268296
Q5VU97,15.556575894605169,23.628007923834033
Q5VUA4,16.229527522049384,24.982021987483897
Q5VUB5,15.73404853782443,23.416540102849712
Q5VUG0,14.567914346663674,23.749617512542667
Q5VUJ6,17.935405302241403,24.3581757948346
Q5VV42,15.897624897444812,24.1797653100988
Q5VVJ2,14.286106993379045,23.650605322875947
Q5VVQ6,13.411987879840984,23.29583450141881
Q5VW32,17.810556510361998,26.225516792085724
Q5VW36,15.466977816358293,25.19957111854777
Q5VW38,17.180207256337674,24.265606963416932
Q5VWG9,14.636926415368109,22.78928010355298
Q5VWJ9,14.965273344899325,26.643192610673513
Q5VWN6,16.56848971091229,24.2747734964617
Q5VWQ0,16.431717573017604,23.963255857071044
Q5VWQ8,14.815975173727466,24.064794725377645
Q5VWZ2,17.403976899391736,24.95180387990105
Q5VYK3,18.40775900481221,25.909078847640874
Q5VYS8,15.374690088195944,23.579430001856608
Q5VYV7,15.656697745045982,21.868501188439325
Q5VZ89,16.361267814592985,25.416049776372827
Q5VZE5,15.713165722308831,27.127656687673483
Q5VZK9,14.346042037724057,24.437774768399162
Q5VZL5,18.106761409815785,25.532990424716132
Q5W0B1,15.945530527161871,23.896595621270272
Q5W0V3,16.20003310766556,24.71470411758522
Q5W111,14.070356705198176,24.79414531278943
Q5XPI4,14.964049934673595,24.963587883808295
Q5XUX1,15.144584023216064,23.627364332229796
Q5ZPR3,18.895599362596453,26.887027650742443
Q63HK5,15.702896854915501,23.987994381000316
Q63HM9,17.927227554205473,25.064948212061406
Q63HN8,16.243591640213786,24.300720424603064
Q63ZY3,16.341381166475674,24.186163443750907
Q641Q2,15.682510779602934,24.472861052570053
Q643R3,16.04705858538993,23.79931789068221
Q658P3,18.000334075452663,24.682640230799663
Q658Y4,14.640611552027385,24.544908046549807
Q659A1,15.833268162875,23.718490075944135
Q66GS9,15.929180861694432,23.86595107992967
Q66K14,16.202930234713882,24.101743215557697
Q66K64,15.191315697417894,22.60845968647452
Q66K74,17.948829721315118,25.152913235156124
Q66LE6,15.938405238616806,24.88062817508772
Q66PJ3,16.993392204017248,26.414776045836547
Q676U5,15.554503446927143,28.007019819307278
Q684P5,16.689007347766474,25.34595668716565
Q68CP9,16.89685151230571,25.492997542254923
Q68CQ4,16.524514887686042,24.829513025637787
Q68CQ7,15.955262610246493,24.49506603490625
Q68CZ2,15.32184866698519,25.13047720250831
Q68CZ6,14.954977551061187,24.611615557702784
Q68D10,12.853910461188464,23.929768902518447
Q68D91,16.43681087200551,24.74012295422455
Q68DH5,16.531815970403343,23.865836328465537
Q68DK7,15.531281875785277,24.06948579759665
Q68DQ2,15.772046208922747,24.418728230113082
Q68E01,16.623545004784855,25.17294758104214
Q68EM7,17.323783719261492,25.75797361890469
Q69YH5,14.139824509732536,23.712043053436837
Q69YN2,16.99493300625804,25.085282356203678
Q69YN4,17.220391507116783,24.80142849573507
Q69YQ0,17.289896723663958,25.295737118875522
Q69YU5,17.573464502004253,24.514351917382402
Q6AI08,15.898456976057414,24.320763687808885
Q6AI12,15.99502711183467,24.313920137477407
Q6AWC2,14.95389336897952,23.69562177728694
Q6BDS2,16.42570808983314,22.98411036338304
Q6DCA0,16.4154601954711,24.26016674233676
Q6DD87,13.186450626201754,25.0373646323231
Q6DD88,18.139351172368414,26.705094742338353
Q6DHV7,14.589168012053412,23.475545374039193
Q6DKI1,16.3525331808103,25.322617339872608
Q6DKJ4,16.952690805205833,25.302832566978115
Q6DKK2,16.015157101851408,24.63859444868395
Q6DN90,15.841405991466084,24.290980872890078
Q6EEV4,16.432574261491496,22.493304052899056
Q6EKJ0,13.119084566940426,23.752465483249683
Q6EMK4,15.87764351617029,24.400052412532258
Q6F5E8,14.872845949714746,24.039248153997065
Q6FI81,16.82251792883858,26.688611281056854
Q6FIF0,15.916083013525906,24.501231056202137
Q6GMV2,16.85758912700444,24.13786764324211
Q6GMV3,16.534172594424106,26.51550569346072
Q6GQQ9,15.338567002182995,24.14640581442919
Q6GYQ0,15.489627068474006,23.910178685429475
Q6I9Y2,17.918375949665176,25.813209049727213
Q6IA69,15.527506481553548,23.370985991825748
Q6IA86,16.778423955203056,25.376784327017244
Q6IAA8,14.042171968342174,26.26664628716302
Q6IAN0,13.430543640384895,24.519077642532903
Q6IBS0,17.06404517986538,27.185506691940994
Q6IBW4,16.480276657544312,23.19421414650763
Q6IC98,16.610925393843463,23.184980112589685
Q6ICG6,14.192045719686359,23.61014093517648
Q6IE81,14.16141267719151,23.315970922733683
Q6IEG0,14.867945388033721,23.666864468370395
Q6IN84,17.023816873277234,25.024509010707334
Q6IN85,17.47473127298143,25.31479249396889
Q6IPU0,16.61021693461624,25.349027402548955
Q6IQ22,15.143274346040613,24.211501201029208
Q6IQ23,14.160238818330914,23.018938565917967
Q6IQ32,16.84501787574454,23.180564192784637
Q6IQ49,16.86840178773231,25.229194257831573
Q6KC79,17.010907873515162,25.16379422656453
Q6KCM7,14.138260279047808,23.564741792045517
Q6L8Q7,17.471074389692006,26.376897578023247
Q6MZP7,15.849164705054513,23.642671362055182
Q6N022,16.923498920632003,24.97109658745892
Q6N043,15.249089613818674,23.619175317431896
Q6N069,15.01656665781052,24.00946746932158
Q6NS38,14.844591566147397,24.53115303459909
Q6NSJ0,16.25253067237925,22.927097137214787
Q6NSJ2,11.796758114177132,24.553769249652607
Q6NT76,13.83654363217311,24.772994408088014
Q6NTF9,13.442559249585146,23.54659712550852
Q6NUK1,16.71650401142726,26.9631204269638
Q6NUK4,16.807748122623742,24.29752374441129
Q6NUM9,16.662888217347344,25.04975513323817
Q6NUQ1,18.049838634078004,25.331651008079486
Q6NUQ4,16.898347013460867,25.478262496094718
Q6NVV7,14.687012205723143,23.477834710586283
Q6NVY1,17.662543352476167,25.9758166849286
Q6NW29,17.7508556348203,25.104124262938495
Q6NW34,14.717504535931392,24.646253753436998
Q6NXE6,17.15871894329833,25.240011943046284
Q6NXR4,16.607833319706387,24.892676552940646
Q6NXT1,14.686710394282033,26.364220135421384
Q6NXT4,14.92613270004014,25.030755020321905
Q6NXT6,16.35782773253207,23.73781641657874
Q6NYC1,15.504980310617045,25.605332667282205
Q6NYC8,17.388350920459843,25.65239237832212
Q6NZ67,15.64677151560224,24.792083794215525
Q6NZI2,17.28809329091869,25.289301990233707
Q6NZY4,16.734134595852005,25.00062634521891
Q6P158,16.74205379801559,24.535373743016986
Q6P1A2,14.82576088736641,24.23133164829279
Q6P1J9,17.97989589024165,27.374163819576967
Q6P1K2,15.102745753282829,24.0686362951039
Q6P1L5,16.973019822989723,23.445913625017276
Q6P1L8,14.913970484627203,24.667596386516287
Q6P1M0,16.061067754710095,24.555903312534355
Q6P1M3,13.250149282140297,23.427677552127612
Q6P1N0,16.550692472903858,27.76329448550035
Q6P1N9,17.187237424809503,25.53710856448699
Q6P1Q9,13.793113788883485,25.48557150646276
Q6P1R3,16.419822861891273,24.50379923631554
Q6P1R4,15.393334846914199,23.620267712374968
Q6P1X5,15.278221478129572,23.99454257030585
Q6P1X6,16.01705715417932,25.224063628036035
Q6P2C8,17.965958580998713,24.09665210725531
Q6P2E9,17.49715747890205,27.39450915013289
Q6P2H3,15.440194400705725,24.5244106326924
Q6P2P2,16.267188016162727,23.810040951136607
Q6P2Q9,19.71810165196822,28.19710401809994
Q6P3W7,17.866225283864093,25.044719587315765
Q6P3X3,16.11714394368818,24.912298634030005
Q6P4E1,17.692345788401013,25.560594380852997
Q6P4F2,17.324051486387187,24.075426103261453
Q6P4F7,14.800492669271074,23.884617807031105
Q6P4Q7,14.5796399771681,23.752192374980375
Q6P4R8,17.288816159917282,23.779710689852713
Q6P587,15.072600039022515,25.915352035851047
Q6P5R6,17.2978267873463,24.4810831749028
Q6P5Z2,16.160090090976418,24.188673578348993
Q6P6C2,16.160918140386226,25.087286072722776
Q6P996,15.716166570191348,27.175682407622475
Q6P9B6,16.315766772611354,26.023581045175124
Q6P9B9,15.605163401958036,24.76866415546088
Q6P9H4,13.344316320310952,23.161077587715667
Q6PCB5,16.72122644986452,24.768300868557038
Q6PCE3,15.892501455256216,23.380360983971315
Q6PD62,17.90387305122752,26.01046644891369
Q6PGP7,17.196088762781706,25.252792781955925
Q6PHR2,15.635928592461179,23.48908673809358
Q6PI47,14.032708274052627,24.449975987633906
Q6PI48,17.275283239411593,25.877486626186037
Q6PI98,15.719691088864078,22.60652156050232
Q6PID6,16.028369762641244,23.31131386282587
Q6PIJ6,15.252404179000653,23.756387430049553
Q6PIU2,16.99913503950916,25.878386461019712
Q6PIW4,16.283168541728507,22.29826384250055
Q6PJ69,15.42627458407705,24.57963384099584
Q6PJF5,15.217365576271021,23.390804623952178
Q6PJG2,16.496119216831854,25.586798861026978
Q6PJG6,15.967452101390286,24.269168184813733
Q6PJI9,14.006124774507173,23.265880474982453
Q6PJT7,17.57086697923821,26.409566792854722
Q6PJW8,15.217306706732334,23.11459957441515
Q6PK04,16.97115406622249,24.901686358165833
Q6PK18,16.425264805961756,24.589800487730294
Q6PKG0,18.680575158189768,26.555139442366922
Q6PL18,17.25995782067511,25.90823200974572
Q6PL24,16.892426727819185,24.79173662349484
Q6PML9,16.852147852335662,24.408389674020974
Q6Q547,17.592005733941917,25.202055501009657
Q6QNY0,15.924062331210655,23.788697724957895
Q6QNY1,17.84841743074432,23.914426284789098
Q6R327,15.528844096075566,23.946850558668586
Q6RFH5,15.040567906228144,25.153410703667205
Q6RI45,15.318264722357256,23.46134467294646
Q6RW13,16.25638318118519,24.695583495460575
Q6SJ93,15.418777631148325,23.78576135139932
Q6SPF0,15.793506673414782,25.14254480070593
Q6STE5,13.786348663278076,24.696130016939726
Q6SZW1,16.312913649088774,25.504149176940444
Q6UB35,16.986298148071484,25.512954535067696
Q6UB99,16.598652061131574,24.087430656530167
Q6ULP2,15.586654514511423,23.660385393943237
Q6UN15,15.404895241057597,26.495842850436883
Q6UUV7,15.404796840226343,22.764989397600157
Q6UUV9,13.627413616875591,24.58020634314081
Q6UW02,16.004757228642887,24.840328215468045
Q6UW63,17.772234598124268,25.33025684605259
Q6UW68,17.59501725027671,27.33461985412777
Q6UWE0,16.924056727546446,27.096125993050237
Q6UWP7,17.155013381694502,26.246533826274867
Q6UX04,16.59141801066669,25.06596864355174
Q6UXD5,14.591164082688488,25.090737354448336
Q6UXF1,14.177205328698225,24.03432545221893
Q6UXH1,16.300514922314036,26.827887663440507
Q6UXK2,16.08458955083613,24.94860905095337
Q6UXN9,16.979917933730643,26.13372339729318
Q6UXV4,15.715778049922147,25.202046655185413
Q6V1X1,16.823894121627873,24.092622592555166
Q6VMQ6,16.145864010534865,24.115832013686575
Q6VN20,14.055971500169255,29.253596148881087
Q6VY07,15.835527031637985,25.679932036031385
Q6W2J9,15.128334608282678,24.194312979338775
Q6WCQ1,17.76171483525659,25.91660549127501
Q6WKZ4,16.07006548982041,25.263837577678544
Q6XE24,14.312262346696446,23.23758277894581
Q6XZF7,15.738813479629588,23.443369918168113
Q6Y1H2,16.48445612542632,30.506045072161662
Q6Y288,17.16324527638602,24.85607841957474
Q6Y2X3,11.450481578411246,23.23691680300093
Q6Y7W6,16.994686778472822,25.768061653330463
Q6YHU6,16.821315208230526,23.2666777542165
Q6YN16,16.99614697737669,25.761129593014076
Q6YP21,17.750604509528806,26.497618618190533
Q6ZMG9,18.642385448235537,25.876378323352405
Q6ZMI0,16.39175384382563,25.03275506062427
Q6ZMK1,13.257458141761832,23.597375282602673
Q6ZMP0,13.978559783260168,23.52905755259322
Q6ZMZ3,16.264728087044638,24.827621671928
Q6ZN17,13.695138229012327,23.81429191832438
Q6ZN18,16.379155822727135,25.032499597740987
Q6ZNB6,14.417277840289913,23.9184399329823
Q6ZNJ1,14.38075751495378,23.910553010569952
Q6ZPD9,16.4969904821782,24.22825399993645
Q6ZRI8,16.477872189706538,26.217341106366316
Q6ZRP7,17.534754793894685,24.749245764886574
Q6ZRQ5,14.999834050587562,23.580539772952747
Q6ZRS2,15.667715851810934,25.136264440870146
Q6ZRY4,15.282626220034716,24.098653416613327
Q6ZS17,14.943519066286035,25.147731192514115
Q6ZSJ8,13.93375184710248,24.739415005979918
Q6ZSR9,16.619857373314346,25.714767839786532
Q6ZSY5,14.63115613374525,22.00636546092754
Q6ZSZ5,16.044299721184515,23.853083612079722
Q6ZT12,16.90260346188572,26.893045577718162
Q6ZT21,15.085702696065965,23.14192454568365
Q6ZTW0,14.236628044065172,23.68380613357856
Q6ZU35,17.61692705654832,25.507775952556216
Q6ZU65,17.249042509078446,23.319827874095
Q6ZU80,15.424971575321674,25.78875352444207
Q6ZUJ8,15.737502692030045,23.925353506287543
Q6ZUT1,12.869339860062055,24.590516124400175
Q6ZUT6,14.487112035142248,23.783688391924073
Q6ZUX7,15.464021443330088,24.52004881724772
Q6ZVM7,15.175235661710015,24.021079092847298
Q6ZW49,14.111401911602517,24.624758231319994
Q6ZWJ1,15.950222476775934,23.743489703919
Q6ZWT7,16.021971689443255,24.39901246329947
Q6ZXV5,17.81667594812787,25.04628560006901
Q709C8,17.659024499301893,24.744830707331726
Q709F0,17.130593431504295,25.11278838399121
Q70CQ2,15.942326344340275,25.954827967553236
Q70CQ3,14.100692394838804,22.90643988480551
Q70E73,16.665549662738492,25.25336192222519
Q70IA6,16.626740218129346,25.10119502222921
Q70J99,16.79935812604861,25.32966494352465
Q70UQ0,17.65488485126773,26.07548658600505
Q70Z53,15.956730604551366,23.545959336453954
Q712K3,16.794541156201824,25.505507780234563
Q719H9,17.254016494757472,24.950880894613036
Q71F23,15.458565568811688,25.000403629809234
Q71RC2,15.915800479293296,28.13786700475003
Q71RG4,14.613324643964873,24.49040349472797
Q71SY5,14.303492594141472,24.332817322408548
Q75N03,15.735445279066704,25.891327505590993
Q75QN2,15.898809482477528,24.735817505836273
Q765P7,15.014137928675243,23.940122776033608
Q76FK4,17.310802646505525,24.09679018032251
Q76I76,15.8236497351893,23.81917776738332
Q76L83,14.822520791826035,25.442687594599054
Q7KYR7,16.84311788467341,23.231653992394595
Q7KZ85,17.291192197822067,26.20697301115761
Q7KZF4,19.12598513369192,29.26857765513261
Q7KZI7,15.908040430622927,25.220830876988117
Q7KZN9,16.58079583395141,25.316411053282877
Q7L014,19.162021603566917,27.419188131247417
Q7L099,16.650197908516006,25.599407689767045
Q7L0J3,16.943802455830543,26.210157430220086
Q7L0Y3,18.460626591898745,26.852551653977084
Q7L1Q6,18.787055977857694,27.820398383415096
Q7L1T6,15.031054351694324,23.788154284751663
Q7L1V2,14.526958016563535,26.413296909683584
Q7L1W4,16.213521340297742,23.2347138804293
Q7L266,16.07624483482207,24.160982758358347
Q7L2E3,17.558344624166722,26.940427470548315
Q7L2H7,17.950449988527655,26.379885024717257
Q7L2J0,16.079576574378713,25.221130604207605
Q7L2Z9,16.054000419132088,24.21705329072069
Q7L311,16.71443412778399,24.10368808346185
Q7L3B6,15.10048544034617,23.927404990509267
Q7L3T8,16.8448382652381,24.05760607901901
Q7L4I2,15.162297223197097,25.132226850628104
Q7L576,17.288932473657297,25.813973130450805
Q7L590,15.604650227832968,24.24248910521564
Q7L592,16.36370675325476,24.569227122884534
Q7L5D6,15.880945410907444,25.7361076186208
Q7L5N1,17.979708702334097,26.369913148295772
Q7L5N7,18.370326309037257,26.42751005141727
Q7L5Y9,16.16897988009133,24.211260561113374
Q7L775,16.206099262826754,24.741461654393344
Q7L7V1,15.42720274865622,22.91808572307054
Q7L7X3,14.97145908592242,24.75233250895239
Q7L804,15.253604301404351,23.61618266750025
Q7L8J4,16.811340704324316,24.18498805510725
Q7L8L6,16.054139496210833,24.83063227056275
Q7L9L4,18.156181311894173,26.538874877415044
Q7LBC6,17.491502320373534,25.190392055964132
Q7LBR1,17.73294353480228,26.58925145749032
Q7LGA3,15.190198308054905,25.47631933609629
Q7RTN6,16.914600375728817,25.562368502924024
Q7RTP6,16.851886141674516,24.510294760286367
Q7RTV0,17.904055607174,27.809549574808457
Q7Z2D5,15.304101937488724,24.033942500402638
Q7Z2E3,16.534099806768445,24.41739085971012
Q7Z2K6,15.673443990614608,24.056390560849575
Q7Z2K8,18.232368763640572,25.62271381298026
Q7Z2T5,16.199989912110798,25.48626865770968
Q7Z2W4,17.636004295982637,26.35935079446096
Q7Z2W9,16.699317262980003,26.4512576702243
Q7Z2Z2,17.35257717147233,25.282769489007734
Q7Z333,15.964786327232705,24.323537487635903
Q7Z392,15.833089196537747,24.286363519670857
Q7Z3B3,14.290288822853855,24.890995672807566
Q7Z3B4,17.79507214812303,26.3577610029308
Q7Z3C6,13.69317166020518,24.343791997893103
Q7Z3D6,16.41255848474317,22.80230888327442
Q7Z3E5,16.876304339617842,24.63324409218408
Q7Z3J2,16.84372541960633,24.539613775339777
Q7Z3K3,17.820656095487465,26.643814184120565
Q7Z3K6,16.834844069973666,22.10442167273381
Q7Z3T8,16.3576749758652,24.740581860445207
Q7Z3U7,17.445420433635803,24.220604955253307
Q7Z3V4,16.28412593905366,23.242578689451346
Q7Z406,17.792931423370888,24.85347903964934
Q7Z417,15.330231683805948,25.28797606291621
Q7Z422,16.633603656102526,24.596008799493934
Q7Z434,17.035912046695646,26.165997502531123
Q7Z449,15.319531781549198,23.400322753687117
Q7Z460,18.105728973631976,25.69033493477604
Q7Z478,16.498243714005877,23.922444837643116
Q7Z4G1,17.969738607495927,24.8671106332628
Q7Z4G4,17.381530953459954,23.714518148285453
Q7Z4H3,15.095589648128625,24.179264929318844
Q7Z4H7,15.997462530899133,24.84291290399864
Q7Z4H8,15.385725760006324,26.279641502731305
Q7Z4K8,15.651617418047174,23.49537296045168
Q7Z4L5,14.091694463022886,25.86947119150908
Q7Z4Q2,15.987731124450267,23.753852177386463
Q7Z4S6,19.42236573438045,27.938173262377102
Q7Z4V5,19.51738483512927,27.485988183459163
Q7Z4W1,18.6955556451918,26.225552682770456
Q7Z569,14.453149139463305,27.255776133024217
Q7Z589,15.700401379788339,23.641270529573248
Q7Z5G4,16.370437608728697,28.12986479555421
Q7Z5J4,16.047533436453275,24.566185185544228
Q7Z5K2,17.573886344781688,25.195648887974126
Q7Z5L9,15.866432800594726,25.54102897679641
Q7Z5Q1,15.799900700956599,22.86012119578396
Q7Z6B0,16.227940520804292,24.17779771480317
Q7Z6B7,14.434719175017346,24.1764910866559
Q7Z6E9,17.02816547200244,25.039619798289177
Q7Z6I8,16.367148265585936,24.681882486088654
Q7Z6J6,14.092105006369485,25.78572037529733
Q7Z6J8,14.234587621987602,21.636115448228477
Q7Z6J9,15.55176809433208,26.172399027798924
Q7Z6K3,15.126762177877733,25.620746269955564
Q7Z6K5,17.321825286874965,25.573545175153523
Q7Z6L1,15.09184009576316,22.571478385337095
Q7Z6M1,15.144576933619119,24.231585442623462
Q7Z6Z7,17.67909762328848,26.7189660970656
Q7Z739,16.85074124747393,26.358810938651978
Q7Z7A1,14.746596745754237,21.968909671296725
Q7Z7A3,13.592580506252,24.654881163635114
Q7Z7A4,16.462807221854135,22.616022436148175
Q7Z7C8,14.701672667224797,23.837072646024716
Q7Z7E8,18.172734548734212,25.358651770937325
Q7Z7F0,15.044393991278277,24.225781066589825
Q7Z7F7,15.187252930908828,25.862536270336864
Q7Z7H5,17.636541961412398,27.123949037803083
Q7Z7H8,16.79651779504863,26.358915794661996
Q7Z7K6,15.819054735481672,25.881673721070893
Q7Z7L8,16.662216043971934,26.832381845685745
Q7Z7N9,17.989801098659363,24.7520794921452
Q86SF2,17.521799241302208,25.368029452963622
Q86SK9,18.663808554226637,24.648902872042953
Q86SQ0,13.793914267984686,25.737362759222208
Q86SX6,16.808507788360355,26.12251761649297
Q86SZ2,14.40703369242119,23.85521609250429
Q86T03,14.662129600545041,24.524983058917424
Q86T24,14.95300017387952,23.39116038379371
Q86TB9,16.76521473411683,24.945481031594504
Q86TG7,15.411786630829628,24.72318372235589
Q86TI0,13.654907962547739,23.13730623052498
Q86TI2,16.82865592554939,24.90915061583432
Q86TM6,15.298798409465135,25.72811521663582
Q86TN4,16.187862486293643,23.46036627603984
Q86TP1,15.72766098430502,24.92769474126793
Q86TU7,14.715536951247723,24.835019233941853
Q86U06,16.420113974302055,24.027724223837836
Q86U28,15.152519554323327,24.7556872673007
Q86U38,16.247527326223317,24.932290232246324
Q86U42,17.66143665572305,27.45620548929705
Q86U44,16.506195276881183,25.321370339072473
Q86U70,15.033092233308507,24.960617037428644
Q86U86,17.55103867617778,26.539193680631417
Q86U90,15.788551111259851,25.00275849959297
Q86UA1,14.727649711178676,24.042452953942174
Q86UA6,17.1357822355374,25.74978390094565
Q86UD0,15.669845791701666,23.842851345663696
Q86UE4,18.271198279724924,26.79743104296222
Q86UE8,17.261234712152426,24.53363795170603
Q86UK7,15.969906222923214,25.6174151413333
Q86UL3,14.84102962596249,25.060046241517718
Q86UP2,19.970158606834286,27.82549219692194
Q86UP3,16.834320179086237,24.5281090389072
Q86US8,15.697706025836805,23.769709134188805
Q86UU1,15.797085016526271,24.314172331024626
Q86UV5,16.76826058334004,24.905619965645986
Q86UW6,14.736335334098621,23.560790065213233
Q86UX6,13.957948687006661,22.62876946649986
Q86UY8,14.574848696237538,23.92572112378743
Q86V21,17.205568287941336,24.03229448011347
Q86V48,17.39325741934117,25.54203767075328
Q86V59,15.304111066408495,23.59583760646686
Q86V81,17.957292298939063,28.75255369319329
Q86V85,13.69175191451551,24.19323221471122
Q86V87,14.102957262229555,24.28371979474047
Q86V88,17.13050520730411,25.16491505717754
Q86VI3,16.606239600379187,24.76941556107668
Q86VM9,18.32324475441361,25.888565943483318
Q86VN1,15.214658616640827,24.74249273858195
Q86VP1,17.153273741421696,24.287356921828852
Q86VP3,15.450515423420809,23.319362034395336
Q86VP6,19.55915861793423,28.399804981217773
Q86VQ1,14.088849757286775,23.297501955466277
Q86VR2,15.632409792659594,25.139862543192972
Q86VS8,16.8410828367089,25.05173483121785
Q86VV8,13.655947908482851,24.926926044038485
Q86VW0,15.686517187457165,23.90856391033604
Q86VX2,15.56921802998542,25.412585093245315
Q86VY4,16.382359634900116,24.552097955052403
Q86W42,16.742794674388648,26.17076223116654
Q86W50,16.94343369114932,24.661907782998444
Q86W56,15.332045222413594,23.96253694635888
Q86W74,16.02470879656594,25.456444378937263
Q86W92,15.251583412010719,24.708850593171245
Q86WA6,18.002773599927433,24.232047992761846
Q86WA8,15.69403600385753,23.93024678596659
Q86WB0,16.648614412797407,25.466672969322424
Q86WC4,15.060817924091335,27.986280327776818
Q86WG5,16.113983008797383,24.743944134694317
Q86WJ1,16.06640121353495,25.019750669321834
Q86WQ0,16.92969300129407,24.91680261382213
Q86WR0,17.526824840363687,25.737304884635495
Q86WX3,16.353221774343623,25.306570490112396
Q86X02,14.266603337825046,24.214600806672202
Q86X10,16.977928198937683,24.18741754666046
Q86X52,15.041733791038425,23.859297330815544
Q86X53,16.41512996519559,23.263375665040034
Q86X55,18.01995259459301,25.88344038541495
Q86X76,17.159656934346913,26.335886754976784
Q86X83,16.37644941479918,25.796440382230976
Q86XA9,15.32377944527728,23.410435112004492
Q86XI2,16.30431595266799,24.755433360994758
Q86XK2,14.282639105309745,24.126953783276708
Q86XL3,16.442584453498533,24.97279480004955
Q86XN8,16.697349713746913,23.50290778070623
Q86XP3,17.366209755473093,27.39553370237749
Q86XX4,16.181354306229682,21.341516380095413
Q86XZ4,15.808433294751646,25.15942710575751
Q86Y13,15.241349392939714,22.920782071616266
Q86Y37,14.150149725731533,23.941479217875212
Q86Y39,15.162879697812414,25.4588818052151
Q86Y56,16.241029010749223,24.21255800390656
Q86Y82,16.47108780936014,25.994215067145902
Q86Y91,14.47313292047574,23.77365848749413
Q86YD1,14.662384074951172,23.529981538116683
Q86YL5,13.749740766690634,24.357181682641006
Q86YM7,14.872278806118217,23.103833646867894
Q86YP4,18.127499780379672,25.94119737288612
Q86YR5,14.774963216979803,25.13585490235149
Q86YS6,17.424552356923694,24.163139295979928
Q86YS7,16.54908198454832,23.68718161805326
Q86YT6,15.336349157435007,22.614053549459044
Q86YV9,13.720914780325343,23.861125820151415
Q86ZR7,14.591069416858256,24.775348000349886
Q8IU60,14.41451559026261,23.37788316762134
Q8IU81,17.252185963404493,25.196128735860615
Q8IU85,12.55206734803369,24.2785216304163
Q8IUC8,18.914068003982145,23.793365267978963
Q8IUD2,17.01005134289627,25.412037961758838
Q8IUE6,16.066086141381835,30.792189239627085
Q8IUF8,17.0152455954631,24.945898016759443
Q8IUH3,16.005703663690873,25.07726460826844
Q8IUH4,15.612351980357765,24.582686206667688
Q8IUI8,16.671702197174305,26.11913573900116
Q8IUR0,17.82871399465989,24.95348460750608
Q8IUR7,16.27425368849262,23.88334456799101
Q8IUW5,14.839936417493297,22.75379822429757
Q8IUX1,16.837129044227584,24.398574811907075
Q8IUX7,12.017331576770747,23.154946323963905
Q8IV08,17.041014397342515,27.800354077066448
Q8IV32,15.37413515507761,24.580262909858604
Q8IV36,15.60998717010219,24.41995092238982
Q8IV38,16.41053755883472,25.494285737659755
Q8IV48,16.61746059933283,25.684302203930336
Q8IV50,16.678574419684285,24.781418799299633
Q8IV63,13.747365687108983,22.932648743435074
Q8IVB5,16.791367305058785,24.96233822982349
Q8IVD9,17.326200141547872,26.43264079971593
Q8IVF2,17.106635063170952,28.252607645122236
Q8IVF7,15.451630817068082,25.836652164282615
Q8IVH2,15.706378891464105,23.296213694810564
Q8IVH8,16.04052470284982,23.768828235574606
Q8IVL1,15.08357572539274,24.00641120594847
Q8IVL6,15.713165668596954,25.488880856902806
Q8IVM0,17.550359535105084,25.166891863098932
Q8IVS2,14.806395053621841,24.657228174359105
Q8IVV7,15.50934271238762,24.153204485238287
Q8IVW6,14.871207899670882,24.19741712833498
Q8IW35,15.995202803329931,24.589449556115817
Q8IW45,16.73891787227975,25.90719228278187
Q8IWA0,17.450367065494177,25.84754601224645
Q8IWA4,16.160496754602626,24.840662448659213
Q8IWA5,15.731942291800182,22.054483428578862
Q8IWB1,16.901204546400983,24.098568428522274
Q8IWB7,16.135534789601774,25.205627456168166
Q8IWB9,15.681550274656109,27.387440167964403
Q8IWC1,16.912143663820963,24.531063574288936
Q8IWE2,17.701582187215923,25.173524384989935
Q8IWE5,14.94855777740451,23.00127254018107
Q8IWF2,14.771648854563205,22.998967820936898
Q8IWI9,16.964943613559836,24.312351626193802
Q8IWJ2,16.172627717133953,24.254371465610006
Q8IWL3,15.154891902914418,23.3570911181765
Q8IWQ3,16.182624615679366,22.695416285950525
Q8IWR0,16.25768927508819,24.411568406951936
Q8IWS0,16.087371613264562,26.349578422194647
Q8IWT0,15.212540328815011,24.3016212948083
Q8IWT3,14.62522650396004,26.88052912302324
Q8IWT6,16.675972782019446,24.757807403235052
Q8IWU2,16.090404165722262,23.71127489912113
Q8IWV2,15.053431269938704,22.40129203794361
Q8IWV7,15.808668068871835,23.970251134737833
Q8IWV8,15.087656715231793,24.597849750843483
Q8IWW6,15.854215439389618,24.014149758217744
Q8IWX8,18.063854751224586,26.366782651932546
Q8IWY9,13.268728149583794,24.136872005970567
Q8IWZ3,15.17211884015255,23.84780989674313
Q8IWZ8,16.422087981730517,24.974388855774354
Q8IX01,17.858817670813703,26.391035435193828
Q8IX04,15.18904459951544,24.536289868916864
Q8IX07,15.782437540913339,24.568806734008625
Q8IX12,18.421918879963712,26.830802663063068
Q8IX18,16.80923669007484,24.294596468096323
Q8IX90,15.550737768511059,23.844401489687336
Q8IXB1,17.286581584938254,25.924953307919093
Q8IXH7,16.641564529010367,24.847977356362897
Q8IXI1,16.033925551428066,26.79254860644106
Q8IXI2,14.727790007470363,25.62322941115262
Q8IXJ6,16.512662172748943,24.41251292964558
Q8IXK0,17.227664448556975,25.791767182554242
Q8IXM2,16.052544733753347,25.695728484949317
Q8IXM3,15.755808082284556,25.735600593056628
Q8IXM6,16.84498202896485,25.23185489916269
Q8IXQ4,17.82763354195289,25.48191101514651
Q8IXQ5,15.293758901918281,24.19046615806673
Q8IXQ6,13.868524485949425,23.807237674263384
Q8IXT5,17.943560192439804,26.11799785410814
Q8IXU6,14.837724405249443,25.51397918157437
Q8IXW5,15.626538838738723,24.84886621754266
Q8IY17,15.045879575305957,25.02063937372356
Q8IY18,16.740949689183616,25.29279848409567
Q8IY31,11.776030332398895,22.849953658774
Q8IY37,16.63016820657249,26.13709749505756
Q8IY47,17.19401115646128,23.769069905575773
Q8IY57,14.612834122322955,23.895474142564435
Q8IY67,16.947173808735943,25.752336363082417
Q8IY81,19.702235990637615,27.139852693077167
Q8IY92,12.530631083383527,22.847920811779765
Q8IY95,15.109173988851603,26.81554001026206
Q8IYA6,15.747584202201283,23.57012102374864
Q8IYB1,16.6670126084879,23.964850025623075
Q8IYB3,17.07059173563413,28.103954243374158
Q8IYB5,16.829690779433342,25.55220358683281
Q8IYB7,16.783142435393348,24.588238642847642
Q8IYB8,16.46973975604472,24.45273739556795
Q8IYD1,17.687206846961377,25.02124361403479
Q8IYI6,17.006136206013462,25.471995262341352
Q8IYL3,16.379723717567472,25.023081221733246
Q8IYQ7,13.99674467472911,24.72425377564778
Q8IYS1,17.259471395122734,25.239690380898065
Q8IYS2,17.36228862594312,24.809374451459117
Q8IYU8,14.55580600173178,28.790006674002235
Q8IZ07,15.272392991385047,23.726118474446103
Q8IZ21,15.682062007026513,24.46394575399492
Q8IZ40,16.73757616680858,24.974661184328816
Q8IZ52,15.745960831108116,25.919564483138313
Q8IZ69,17.449320683982805,24.35314810458561
Q8IZ73,16.177214074802215,24.48081084368031
Q8IZ81,17.798085742714655,26.641831717451115
Q8IZ83,15.123405806219266,25.916775717462297
Q8IZA0,17.293650986670027,23.821317190634744
Q8IZD4,15.324646716684487,24.330495501105343
Q8IZE3,13.607816332247241,24.111930574581855
Q8IZH2,17.29894379529659,24.35582161043571
Q8IZJ1,15.04031964841692,24.731132514777414
Q8IZL8,16.443642633844103,26.762949418784753
Q8IZP0,14.802120372375011,25.763543092903898
Q8IZQ1,14.682554150033031,24.724279280615207
Q8IZQ5,18.0663355975736,27.000678827776966
Q8IZT6,15.458814412379535,23.926790846630883
Q8N0U8,14.706812921812297,25.418723855753736
Q8N0X4,16.304019952921177,24.57130364875307
Q8N0X7,17.052848658985564,25.34354931217918
Q8N0Z3,14.03527895015546,24.33660455440449
Q8N0Z6,16.401826277611256,24.656409496286795
Q8N108,16.08256251752122,27.823407418886095
Q8N111,17.081660752567526,25.80139324997766
Q8N122,16.708546782172732,25.03939130842078
Q8N128,16.844960992311723,25.26756783018133
Q8N129,15.296232775395836,25.630580728267518
Q8N131,19.493944864548432,27.54132870908206
Q8N137,13.463166562206954,23.587426511911033
Q8N138,18.572144263210337,23.38781237836476
Q8N142,11.29006475864659,23.340060477309564
Q8N158,15.929472438764659,23.831146203172906
Q8N163,19.51951468847214,28.594909918568305
Q8N183,17.051668102248204,25.32772466679928
Q8N1B4,16.046652325694442,25.289820603801644
Q8N1F7,19.86048018661736,27.919979123675606
Q8N1F8,15.371427326943145,24.022953683924367
Q8N1G0,16.88354051446564,25.062063570951548
Q8N1G2,17.172158404203017,24.576301651135584
Q8N1G4,18.599552279513176,27.49081686130226
Q8N1I0,15.66542050314046,23.817105865327523
Q8N1S5,13.553743569699176,24.558213932422515
Q8N201,17.40783361293932,25.305593307635075
Q8N2F6,16.651814878956724,25.811685205058712
Q8N2G8,16.199509998006913,26.208709823206156
Q8N2K0,16.226742035715784,26.198673878284694
Q8N2M8,16.85462195090437,24.939759213928326
Q8N2Z9,15.886036216381402,25.787886547017393
Q8N335,17.606274024377242,24.946340169137592
Q8N3C0,18.14888635344141,27.70989214533207
Q8N3D4,15.648575739431582,26.227285888694265
Q8N3F8,15.661813329824842,26.50180922713168
Q8N3P4,16.156286237320273,24.043968540246247
Q8N3R9,16.33759923776106,24.781029268868984
Q8N3U4,17.739367838969972,25.452333535080015
Q8N3V7,16.38839862557406,25.769250210745984
Q8N3X1,17.230405533427742,25.2291201621627
Q8N3Y1,15.407925004192675,23.69367294599339
Q8N3Z6,14.887750674232537,24.236933658632182
Q8N428,16.272284459390956,22.920167827844995
Q8N442,13.983963138699016,23.787697846603518
Q8N465,15.336150444667267,23.531449404148745
Q8N488,16.155013282838976,25.378243351680176
Q8N490,12.981798318977809,24.78257401274938
Q8N4B1,15.497010331257604,23.355777327771175
Q8N4C8,15.656360084682072,24.513371778084775
Q8N4Q0,16.82200648323155,24.484130300206306
Q8N4Q1,17.93400985095117,25.444844884427727
Q8N4S0,14.354062006785435,22.977403090578818
Q8N4T8,14.386923342851546,24.741954396113787
Q8N4V1,15.050866158142101,25.69211850324771
Q8N511,16.149363237420392,25.646985931190308
Q8N543,17.386134716649625,25.301170225143505
Q8N556,17.63761078746064,24.855877811129265
Q8N567,15.13153048498752,23.929195278510164
Q8N584,15.441479880860184,23.206194772569972
Q8N5A5,15.826345780256542,24.115335099832926
Q8N5C6,16.846154277701686,25.016271017443987
Q8N5C7,15.138247277668444,23.55031008332062
Q8N5F7,15.27266957277535,25.213496037666385
Q8N5G0,16.70130625887654,26.453636970895307
Q8N5G2,15.750127237924962,23.795021465221584
Q8N5I4,14.650275854581743,24.075498327259115
Q8N5K1,16.028613653876036,27.142079653922448
Q8N5M1,15.260472627286918,24.389137537847674
Q8N5M4,16.74835978915631,25.427780914047606
Q8N5M9,16.159326262548994,27.222074080112428
Q8N5N7,16.554669080773202,26.03184707060944
Q8N5P1,15.797801444784037,24.513406719225014
Q8N5W9,17.212097164576388,25.052326335013106
Q8N5Y2,14.364125556039657,24.40359037902665
Q8N612,14.64341460679906,24.886272991185912
Q8N653,13.925243578976223,25.173694327914355
Q8N668,14.432670296621094,25.046571048102518
Q8N680,15.102188154172438,23.51075366644691
Q8N684,17.63765330387003,27.146440554128947
Q8N6C5,15.985577765529499,25.19379108677288
Q8N6G5,15.314201810028965,22.80407310457457
Q8N6H7,15.952328742670444,26.225289754412074
Q8N6L1,19.33842169434361,25.186279985275362
Q8N6M0,15.70068447705675,25.905735120461543
Q8N6N3,18.04380141336802,24.39490993350061
Q8N6R0,16.848752148364945,24.5600783033145
Q8N6S5,16.06896861402862,26.45882334413559
Q8N6T3,15.315503008968083,25.114113928494458
Q8N6T7,15.444049885862794,24.33391324432837
Q8N720,15.152491787011298,23.4947915096982
Q8N766,16.738634534322497,26.23733780645147
Q8N7H5,16.988652404156976,26.264264080698414
Q8N7R7,16.5993088573839,24.129789323636437
Q8N806,15.730481308686954,25.21658389675161
Q8N8A2,15.14445439359155,24.31906146246694
Q8N8A6,14.701552820093058,24.111470177204737
Q8N8E2,13.562168951769445,23.808416597895334
Q8N8E3,15.344152394237598,23.836902234257852
Q8N8L6,17.38050529040752,24.554487854075177
Q8N8N7,15.7019474902428,25.191477924017075
Q8N8R7,14.300408977067464,23.53661492494318
Q8N8S7,16.40029088714633,26.765386393582663
Q8N954,16.79621938933866,24.805525488771707
Q8N983,16.92781802931647,25.90162227840554
Q8N999,15.400679511262325,26.578865534418515
Q8N9B5,14.98996792899861,23.973757703159762
Q8N9F7,14.305308807330833,24.96239286525671
Q8N9M1,15.879989118007277,24.320351941933716
Q8N9M5,12.813507175837845,26.941158118894023
Q8N9N2,17.442000734974165,24.451486037738746
Q8N9N5,14.152340859749017,23.352382536251614
Q8N9N7,16.95347566914463,25.27112897109496
Q8N9N8,15.502807444089548,24.856098728288682
Q8N9R8,15.651294334904978,23.14205305434826
Q8N9T8,16.808060448384627,24.99259367889846
Q8N9Z2,16.927867294577975,25.419194666554763
Q8NAF0,16.30570486210566,24.373820135290686
Q8NAT1,15.181268049930994,23.289963565264735
Q8NAV1,17.452067457810294,26.348955123932424
Q8NB15,15.072175824063333,23.37977423024592
Q8NB37,15.65840536534785,24.47174286642055
Q8NB46,15.858612363963752,23.054188531917315
Q8NB49,16.24673820513133,24.505035866901338
Q8NB78,16.38799713188512,24.287460238105524
Q8NB90,16.79689535927866,24.916419959664744
Q8NBF2,18.783676663469567,25.553716789811077
Q8NBF6,15.56084291228712,24.940976106441262
Q8NBI6,15.384975674036166,26.94433351808722
Q8NBJ4,17.316610255497352,25.072726653775774
Q8NBJ5,17.635671717692734,26.80497179362158
Q8NBJ7,16.31617368802928,26.101664349702297
Q8NBK3,16.20420192219643,24.90379852186469
Q8NBL1,17.739795209340816,25.897250615222315
Q8NBM4,15.935194729359491,25.070426729538315
Q8NBN3,16.5599203442073,24.4692504839905
Q8NBN7,17.60519283004423,25.098039032549302
Q8NBP0,15.16349570538505,24.130170763889403
Q8NBQ5,17.60738890759569,26.343158210671593
Q8NBS9,18.503099981312086,27.864481373964498
Q8NBT2,16.16607024304926,26.078341201125188
Q8NBU5,17.051621656379975,25.605691850157953
Q8NBX0,18.50346588487142,26.764797688754854
Q8NBZ0,15.290505922744906,24.63959358961781
Q8NBZ7,14.886813276551113,23.818016713170095
Q8NC44,16.04233011526684,24.411668922576617
Q8NC51,18.113899118142047,29.021635221740393
Q8NC54,15.454698408886456,25.128956940302253
Q8NC56,16.142060655717504,25.768376806279274
Q8NC60,15.707123121692735,24.99439664364929
Q8NC96,16.42005297595855,24.574878412847394
Q8NCA5,16.80831567337171,25.799123448006
Q8NCB2,13.745524543139881,23.403631463027306
Q8NCC3,16.874083404958437,24.64657696559153
Q8NCD3,13.956282446189745,24.3760992176533
Q8NCE2,14.551337568247924,24.274436772519042
Q8NCF5,15.756350588298924,24.289177881811913
Q8NCG7,15.626750882297781,23.672662402264148
Q8NCH0,16.0971446875734,24.71202623781277
Q8NCL4,15.954748202458921,23.58176225502653
Q8NCM8,14.922023400430241,23.665733899611254
Q8NCN4,15.20313510868644,23.361136733000432
Q8NCN5,16.890999974093482,25.116968977498512
Q8NCW5,17.414938502668548,27.21601376981428
Q8ND04,15.832929462317939,23.674964905638703
Q8ND24,15.302724199336643,25.21726590011331
Q8ND25,16.878564426894506,23.67489621397889
Q8ND30,15.590705632328378,23.89422456425738
Q8ND56,16.808236210346422,25.98331437028182
Q8ND76,16.032542116964397,24.990989654555484
Q8ND82,16.477300459355817,25.31687605752191
Q8ND90,16.930213993161416,24.5482433208861
Q8NDD1,16.375631176157164,26.069463729566458
Q8NDF8,15.588006229575578,25.33080636060755
Q8NDI1,16.674746898843704,24.601329878818774
Q8NDT2,16.212498000093465,24.98658200932654
Q8NDV7,14.17027897872004,23.585340698322014
Q8NDX5,16.560884144699777,25.14920867619916
Q8NE01,15.671499533900331,24.149406873479613
Q8NE71,18.38228279408053,27.277454560354155
Q8NE86,17.31601029372676,24.723382518959337
Q8NEB9,16.377992284003387,24.590203633714893
Q8NEC7,16.43001827299859,24.811255762748445
Q8NEF9,16.34979128672369,23.87069225496259
Q8NEJ9,15.75374998179607,26.7165598188787
Q8NEL9,15.451803718786216,24.027061606826344
Q8NEM2,14.670315560273194,23.316432011819984
Q8NEM7,16.052423281591434,23.870036309999243
Q8NEN9,15.798416083928995,26.41600966367998
Q8NEU8,15.779322826228425,24.630606791680613
Q8NEW0,18.178408968559598,25.75741475716971
Q8NEY1,15.925734452598734,23.898900839050405
Q8NEY8,16.688242822400852,25.88588996990947
Q8NEZ2,16.873786289040925,24.318187890825453
Q8NEZ3,15.87143566226367,23.614851354327506
Q8NEZ4,15.725551562643787,24.320953157057875
Q8NEZ5,16.541234682948765,24.651683435923967
Q8NF37,17.590970594884897,24.285708156786676
Q8NF91,16.52157720736206,24.406828005218046
Q8NFA0,15.368790409584149,24.110759595617687
Q8NFC6,17.422911366634352,25.253794658161617
Q8NFD5,17.153285519374442,25.54142323921918
Q8NFF5,17.0143996467912,24.798808968466016
Q8NFG4,13.753402060649456,22.43142669933655
Q8NFH3,17.70428598181938,26.34183690637556
Q8NFH4,17.782467053841426,25.97082837471674
Q8NFH5,16.14831762672007,26.63512237694955
Q8NFI3,13.490318791101855,23.877048083431188
Q8NFJ5,17.259578003643735,24.36663644339943
Q8NFM7,15.399217699680733,24.819689364977588
Q8NFP9,16.089936373657192,24.12546967645969
Q8NFQ8,17.329211999168386,25.817556092995908
Q8NFU3,15.168871908473513,24.967167011743875
Q8NFV4,16.75793382153974,25.40573593996177
Q8NFW8,17.884748507055107,25.858576738619412
Q8NFW9,16.358594423874827,23.747268076920122
Q8NFZ4,16.12645521784032,25.335028581370103
Q8NFZ8,16.354231678789187,24.280766877013253
Q8NG31,15.920006167755378,24.371493156542538
Q8NG68,14.510133901812363,24.369124646482994
Q8NHG8,15.833063147943054,25.08561201148534
Q8NHH9,17.488064181681793,25.823853113613506
Q8NHM5,14.498085969052925,23.30065684560479
Q8NHP6,15.21223377848621,24.117823242510603
Q8NHP8,16.06598770533718,25.852607490127628
Q8NHQ8,16.167517425708894,23.925065164335845
Q8NHQ9,15.607005873188214,24.784682017170567
Q8NHU6,16.609079012556908,25.11655143114698
Q8NHV4,17.160854046875443,24.76206613110582
Q8NI08,17.782858497364973,24.88680945478629
Q8NI22,15.240473117982035,26.488872947235752
Q8NI27,17.625778964443064,25.88180499980468
Q8NI36,17.387378815457193,27.475398795081453
Q8NI60,15.668710410816976,24.098735026970843
Q8NI77,14.542628604621601,24.645293991000912
Q8TA86,16.77135614507181,24.082993846895143
Q8TAA5,17.100811893431292,25.134090747329022
Q8TAD4,16.841089749046354,22.927689904277763
Q8TAD8,16.831906427704965,24.912693071408192
Q8TAE8,14.224625103999262,25.16160818637974
Q8TAF3,17.98417432467429,25.208577494299455
Q8TAG9,15.69953135367746,24.359782161791518
Q8TAM2,13.219164917373698,24.109697649061378
Q8TAP8,15.696309839292322,24.34325587313101
Q8TAP9,14.38446330294537,24.79688420533794
Q8TAQ2,18.46615249618466,27.026154226521374
Q8TAT6,16.756104158581813,26.496461024007772
Q8TAV0,15.406250188601684,22.520809044478654
Q8TB03,14.964697751671274,23.62511139358454
Q8TB36,18.834537835303212,28.389605278172905
Q8TB52,18.241499418422073,23.544212526732682
Q8TB61,15.54232649682489,26.872651488728273
Q8TB72,16.350288109655676,24.866682134869365
Q8TB96,18.148679039813757,24.21648729336268
Q8TBA6,15.499389960031163,24.390153457891383
Q8TBB5,14.050796197670953,23.930748645142916
Q8TBC3,15.22955690597788,23.409525731865372
Q8TBC4,16.74589854608727,26.526330596268437
Q8TBC5,14.071439443166062,23.238611012642526
Q8TBF2,15.431153049160208,25.60432006494564
Q8TBK6,13.861048511180986,24.307300397639533
Q8TBM8,16.800157626277684,24.494960477938132
Q8TBP5,14.790943929948712,23.631925163640975
Q8TBP6,16.498847274794674,24.560075410394756
Q8TBQ9,17.552251475253296,26.693090561966404
Q8TBX8,17.704284968503572,25.256314235608244
Q8TBZ3,15.090800906477893,24.756926021812102
Q8TC07,16.585959248438986,25.187511396839728
Q8TC12,16.379176040831947,26.399401595500834
Q8TCA0,16.469451500315355,25.29417270943504
Q8TCC3,17.442028890244686,25.134012288170812
Q8TCD5,17.456218153250575,26.08520137956002
Q8TCG1,17.987475203969797,24.73714432466364
Q8TCJ2,16.02775620467781,26.66456749403513
Q8TCS8,18.4689708426956,26.057640843230025
Q8TCT9,16.763793325240403,27.17568560834784
Q8TCU4,15.16089722908368,23.072447081664976
Q8TCX1,14.618683107715682,24.409003150150628
Q8TCY9,15.541983140442857,24.070116384716258
Q8TCZ2,19.611871553416886,27.814858522354548
Q8TD16,17.19509263892695,25.712171718844854
Q8TD19,17.526380601628908,25.644759128588912
Q8TD26,14.111133835884624,23.429916592069606
Q8TD30,16.4200049734258,24.676863941596977
Q8TD43,14.178835064042499,23.747651925951924
Q8TD55,14.646001166850578,25.058143828716474
Q8TDB6,15.695763791546158,23.90626499348218
Q8TDC3,14.846481709904511,23.60226118452037
Q8TDD1,16.80019968631288,25.30177456742536
Q8TDJ6,15.648790143084316,23.755273201317415
Q8TDM6,15.238479025607832,23.73871165728361
Q8TDN6,17.68040832271631,26.718305402740125
Q8TDP1,15.848292178956168,26.122841933510013
Q8TDQ7,16.89111036752226,25.043112456670006
Q8TDR2,14.332774635488681,23.942467523947695
Q8TDW0,16.61919472629908,24.73165339453251
Q8TDX7,16.663585371296122,25.22790247965108
Q8TDY2,16.199832756767247,23.997914780641278
Q8TDY4,15.098406077192834,23.919637968832117
Q8TDZ2,16.80151020205575,24.970215148784828
Q8TE77,16.147530496459524,23.226694705919225
Q8TEA1,15.581999340251826,23.42943458173203
Q8TEA8,14.40151391049692,26.366290127137937
Q8TEB1,13.580819140190679,24.061564184041536
Q8TEB9,15.925719862820314,24.43335391974989
Q8TED0,15.818775108066534,26.183607386034268
Q8TED1,16.368806409198022,24.473758104929352
Q8TEM1,18.564613043727363,26.905125444297006
Q8TEP8,14.55819446721846,24.408646689252784
Q8TEQ6,17.913083292903764,25.838486503744683
Q8TEQ8,15.457467164995776,23.927460558083947
Q8TER5,15.569554877105947,24.297692884699444
Q8TEU7,15.992305469770397,23.758909088473118
Q8TEV9,16.124592215594525,24.06606851132098
Q8TEW0,16.262216224386545,25.405807520207805
Q8TEX9,16.342138802176276,25.703553507193206
Q8TEY7,15.041723418745216,23.601258799288818
Q8TF01,18.83589592470733,25.38243760371643
Q8TF05,16.594710159542938,24.76252988802847
Q8TF42,14.995546614341073,24.039975180285758
Q8TF68,15.377473757540987,26.14706114230361
Q8TF72,15.148068422881382,30.88458137428947
Q8TF74,15.279524254701753,25.10076847439765
Q8WTS6,16.266949202489776,24.698022970434785
Q8WTT2,18.56875481465744,25.322215758784676
Q8WTV0,17.03163476470766,23.786841822563574
Q8WTW3,15.722675020160592,26.564593361398877
Q8WU20,14.335589064301486,24.063250811813106
Q8WU76,15.75613090452437,24.138760539175244
Q8WU79,16.21311271801134,29.18597657835557
Q8WU90,18.446384308046756,26.08067118851791
Q8WUA2,18.38355930533836,25.496737716684642
Q8WUA4,16.894305443156572,26.16801528478155
Q8WUA7,13.799413213949997,22.806710039559192
Q8WUB8,16.473790914114144,25.32156253384908
Q8WUD1,16.596994058062684,25.47138126173684
Q8WUD4,16.208485186582333,26.74372630925774
Q8WUF5,15.485425176135848,25.089409786873755
Q8WUF8,15.58645411683602,24.0952634046356
Q8WUH2,15.489829588032372,23.493025587294635
Q8WUH6,18.19000434898874,25.668083070438065
Q8WUI4,14.797764050818953,24.015011324870446
Q8WUM0,18.290711913332448,26.637966270109747
Q8WUM4,19.359427765409126,27.541180981799954
Q8WUM9,16.72839270491067,25.087766186753047
Q8WUN7,12.333890934987151,23.180434592254546
Q8WUP2,15.766133966469042,25.752545670270322
Q8WUQ7,15.956877079165396,24.226787223558254
Q8WUW1,16.835112178685996,26.098817315249867
Q8WUX2,15.387044433585155,24.05637484870891
Q8WUX9,16.75750586673227,25.197270188977132
Q8WUY1,18.153018165859812,25.926173808984107
Q8WUY8,15.905245069714974,26.56304877381061
Q8WUZ0,15.96586998721875,25.705022929540448
Q8WV22,14.622621553177826,24.7860248874595
Q8WV41,14.7084793580967,23.73835774096157
Q8WV92,14.55712518619576,23.2456955892796
Q8WV99,16.32551973856394,23.840590950396546
Q8WVB6,14.928365557335132,24.006404927865532
Q8WVC0,16.758947412964186,26.435816392181593
Q8WVC6,16.190979630396484,25.33039911102694
Q8WVD3,16.191965165268655,24.119534293363873
Q8WVJ2,18.157491468053234,25.849984644921822
Q8WVK2,17.68619149756789,25.609366683925295
Q8WVM0,17.121175207087397,24.956865451549668
Q8WVM7,16.53291917020488,24.82533184242406
Q8WVM8,17.99086048880747,26.103619818048255
Q8WVQ1,17.93598959266749,24.440591619481335
Q8WVS4,15.669287639819691,24.87937337900004
Q8WVT3,16.10012124743786,24.20806516052206
Q8WVV9,17.60732359445117,26.346193466452405
Q8WVX9,16.63466565332444,25.613042085505494
Q8WVY7,17.452965149648314,26.30083424175472
Q8WW01,13.956613295849598,24.826255926504434
Q8WW12,15.996279931377737,27.346220689351306
Q8WW35,15.601645220199247,23.918497871436312
Q8WW59,16.046504350465813,24.803792599664476
Q8WWC4,17.215257832739177,25.065247718921416
Q8WWH5,15.679569041881965,24.631788453932543
Q8WWI1,16.73050895181384,24.90149516912526
Q8WWI5,14.699582917776636,24.893357686895502
Q8WWK9,16.04234314464601,25.22626337159758
Q8WWM7,17.550766096328246,26.516829827263663
Q8WWM9,16.869151607943543,26.76208816221403
Q8WWN8,16.53593821148242,24.256263766923823
Q8WWQ0,17.59055134318023,28.250894654832507
Q8WWV3,15.702651551302132,24.475927275241244
Q8WWX9,16.77950350278109,24.581317428402787
Q8WWY3,17.910633245186958,27.029217086623806
Q8WX77,14.908195944464753,25.222916516964748
Q8WX92,18.264870195501725,25.97754142262381
Q8WX93,16.133520711616164,25.43734173553516
Q8WXA3,15.16889055050516,24.365773149493798
Q8WXA9,16.604595547397082,25.878132204681673
Q8WXD2,16.6614971706846,25.32385534023268
Q8WXD5,13.654329059012216,25.810817503781653
Q8WXE0,14.348316736640106,24.412245175671977
Q8WXE1,15.437437651202675,26.511231933924858
Q8WXF0,16.54927823124698,25.57764780626003
Q8WXF1,18.353125584400896,27.513366898306465
Q8WXF7,16.59743375382393,25.194748167217824
Q8WXG6,16.049944669208177,24.32506240798506
Q8WXH0,18.93136392294571,28.28237033259455
Q8WXI9,16.955129108957625,26.590043241350205
Q8WXW3,16.19652435558817,24.201700603849332
Q8WXX5,17.487294234144716,26.95103856490724
Q8WY21,16.659265624700218,25.45682183057974
Q8WY22,18.737460353212676,25.164817194084357
Q8WY36,16.201320599795952,24.32341859770586
Q8WY54,15.502594432123164,25.19585280689843
Q8WYA0,15.676051607496536,24.05692935615181
Q8WYA6,17.98891463790419,26.509620567436507
Q8WYH8,13.074119435756026,25.173375620849033
Q8WYN0,12.763765791943364,23.23467127414193
Q8WYP5,17.33791392689765,27.19009855540881
Q8WYQ5,16.354461630692104,24.08456244495384
Q8WZ42,17.642922080526372,23.953084363659812
Q8WZ82,14.702301654237267,25.627508697817696
Q8WZA0,17.11207811577438,27.09332107834348
Q8WZA1,15.354973819514043,24.063538623190528
Q8WZA9,17.051297215751383,26.78978096474912
Q92466,16.90928265396523,25.731239333187418
Q92481,16.246965686629323,26.22026530197851
Q92499,18.178653302748156,28.186604699695142
Q92503,15.476423886949638,23.016885518003413
Q92504,19.635456758368125,24.84445555892793
Q92506,15.829276530484995,24.137820359173528
Q92508,14.79285560648979,23.392993205435847
Q92520,18.45181917784965,25.058792050606066
Q92522,18.650447901021167,27.896232381252208
Q92530,17.211234929111594,26.453934124113925
Q92536,14.629563468956785,24.814520224605737
Q92538,16.46561383173655,25.87156249150708
Q92540,14.567161031687256,24.268787334475928
Q92541,17.01524733805203,25.514891808593333
Q92542,17.241422373212178,26.560127508307975
Q92543,14.617022982934099,24.124734805604668
Q92544,17.357635890786053,28.007389887100626
Q92547,17.027955063690456,24.616104629873547
Q92551,16.690465467060154,23.582527063699864
Q92552,16.127504838466848,25.13408573793654
Q92556,16.715648175852706,24.872679466956534
Q92558,16.05372430323873,25.588013912647902
Q92560,15.520303685784478,24.417339509066057
Q92562,15.791133425767272,23.673223336555715
Q92567,14.2188051155506,22.496906914168804
Q92572,17.190719982423115,25.47972128192732
Q92574,15.752814683489381,22.9595281601902
Q92575,17.287172052203754,25.481161537621237
Q92576,17.598213994433262,25.08861054079475
Q92581,14.36592343702808,24.41977640732638
Q92585,14.98816949814579,22.06339244786204
Q92597,13.813572937184002,24.33057767563548
Q92598,18.682845820710416,29.103141611999238
Q92599,16.2325496531835,25.39345377499446
Q92600,16.377347361286922,25.55842955962766
Q92604,15.648163777071344,25.207492509830313
Q92609,16.853028178063294,25.571225055238973
Q92610,14.858174239493035,24.03183438337521
Q92613,15.652459577460641,24.067559216361005
Q92614,16.848137029685123,24.342716215129354
Q92615,16.382224992934066,25.65808081088669
Q92616,19.299191212341302,27.51897745106909
Q92618,13.183759759280262,24.026897607137624
Q92620,16.424576721597592,25.18582851207522
Q92621,19.34826563407028,27.461143354528925
Q92625,15.602634209028553,24.331718244211284
Q92626,17.26684463303122,26.117155823063143
Q92636,15.212389987831099,23.250158014491845
Q92643,17.557428357655734,25.615210598758132
Q92665,15.854409142486904,25.288499201588476
Q92667,16.74648241018511,25.285576166621706
Q92685,15.618147442525494,23.580171027359665
Q92686,13.998109892083672,25.766770003785012
Q92688,17.879638168039342,29.424433743860817
Q92692,15.366226185076735,25.414862425366394
Q92696,16.63381145049766,24.94510736140269
Q92733,17.765798628594343,26.113589531754453
Q92734,17.740331237431146,26.794202629290535
Q92738,15.659622882355816,24.174821475103712
Q92747,18.46554430492301,26.61870973495255
Q92759,17.128794354087855,25.59308278294658
Q92766,14.581021734805145,23.121414551078345
Q92769,18.568032643050774,27.879377913275814
Q92777,15.824781027172667,25.07970117539112
Q92782,15.467793898130767,24.03224612881316
Q92783,16.787485540216448,25.64859832036695
Q92784,14.73015931713297,23.226671336744587
Q92785,16.801764050113345,26.959817208573195
Q92786,16.365352047987404,26.306716517385436
Q92791,16.577460944283967,25.387739901489727
Q92793,15.622006448455538,24.034998017205297
Q92794,14.058276241261355,24.763120610261744
Q92797,17.79447869349816,26.438709695068358
Q92804,18.978366812976642,28.34584463896392
Q92805,15.53419971403179,25.04908954939565
Q92820,18.531896638509515,27.72862665662286
Q92823,19.061169465174352,28.07350474523844
Q92828,15.749233919356175,23.361398879992766
Q92830,14.579130697317563,24.096331601357686
Q92841,17.873132743058704,28.91862331432002
Q92844,16.368776123151378,24.483495558073056
Q92845,16.935810659442065,24.54898887825982
Q92854,16.274000248120768,23.780837425467443
Q92859,16.21048859844929,24.04836987817211
Q92871,15.116926303382064,23.899777405504608
Q92878,18.327682913175956,28.014994831096043
Q92879,17.15755048099416,27.36027262781223
Q92888,17.836007841343996,26.260854154665793
Q92889,17.39545656642831,23.818555750952257
Q92890,17.458582998069303,26.39893488026661
Q92896,18.776010836249377,26.675192835948195
Q92900,17.855899054853165,27.406482600532346
Q92905,17.322283265507796,26.393965009047843
Q92917,17.99820925136794,24.94664602595814
Q92922,18.228547220381635,27.42319122480779
Q92925,18.53586774488435,26.221416642680605
Q92930,15.37263140905297,23.111480047246165
Q92934,16.15968202186564,24.527003363603665
Q92945,18.954358762931477,29.319026973416083
Q92947,16.535834765151883,25.240354119564653
Q92966,13.543443079596694,23.395799453099105
Q92968,14.327355803825188,23.616960568889834
Q92973,17.577848333536032,27.314791240911784
Q92974,18.131106692917868,27.60591685906215
Q92979,17.371525256644414,26.477312699061276
Q92989,16.844462420260662,25.10486317460361
Q92990,15.364049546625616,25.119874740758707
Q92993,15.55978736132886,24.241360376180634
Q92995,15.56419711945705,24.522643090704584
Q92997,15.456734147539192,24.928467095455797
Q93008,16.21987033221955,26.146551546258106
Q93009,18.885429078028146,26.849430312172288
Q93034,16.869589758908283,25.889995656071108
Q93045,17.832653243878273,28.660085365418837
Q93050,17.34325191727744,26.065854576778758
Q93052,15.43995704287353,24.343182068510778
Q93062,15.447940976198268,24.826156016475835
Q93063,16.14291910273663,23.994762489844167
Q93074,17.118608274687297,24.302849738688522
Q93100,15.59757793251593,24.706158390027937
Q969E2,15.20483352583156,27.800987279885163
Q969E4,14.978382008423361,25.04782023671813
Q969F1,15.097190004624059,24.154119755666187
Q969F9,13.451576164676839,23.644942270941378
Q969G3,18.329589380852088,27.477350259153514
Q969H8,17.80159191822077,27.93949673314073
Q969J3,15.19280132878972,24.529280948013636
Q969M1,16.3338240232245,23.60674440247776
Q969M3,19.865923600804933,25.534723710281938
Q969N2,17.45215362764279,26.010560622884782
Q969P0,16.68678414962728,24.581560321542753
Q969Q5,16.358530510572628,29.53926353241309
Q969R5,15.512817684050026,24.10452413272052
Q969S2,14.1701357704284,24.139829672356083
Q969S3,15.504558868882073,25.567603550847114
Q969S9,15.76410625155165,24.082157773730675
Q969T9,18.108664368298825,26.701407571956725
Q969U7,15.865302514532743,25.285194395934344
Q969V3,17.069836781060044,25.994925293291075
Q969V5,15.556147596581672,24.664489005685404
Q969X5,16.81267460681262,26.38772669883764
Q969X6,17.221624879748937,25.81302540700018
Q969Y2,15.643600455049594,28.994272612191143
Q969Z0,18.693989031018436,26.083645666843744
Q969Z3,16.455332847793272,23.546549967861576
Q96A19,15.295162770447734,22.70380474561165
Q96A26,17.307225850770237,26.686477511379636
Q96A33,18.36970174671814,27.068866894048558
Q96A35,16.28046351962344,25.837064591232476
Q96A49,19.251027451501006,26.467916570013287
Q96A57,16.60447714564183,24.657515319757113
Q96A65,17.547167847476274,25.536955870482977
Q96A73,15.07437180047143,24.880598750924193
Q96AA3,15.88191638480585,25.27216095945778
Q96AB6,16.10214707515559,23.23819712424312
Q96AC1,17.7923958169843,27.796966446499066
Q96AE4,19.48826661864098,29.288569783761485
Q96AE7,14.68152717448882,23.174235777874586
Q96AG3,17.60571330116712,24.142584618819896
Q96AG4,19.15368439126362,28.721678249552323
Q96AJ9,15.841207634630825,24.76950883502306
Q96AP0,13.318350974156052,23.85721068678814
Q96AQ6,16.17576201362581,25.54310500093628
Q96AT1,15.101112412968687,25.175235403693865
Q96AT9,15.92103590108211,25.530518917038176
Q96AX1,17.115417101616273,24.97240063807742
Q96AX9,14.797697643434107,23.31055037904577
Q96AY2,13.554836913465124,25.09878280653815
Q96AY3,17.750475462926143,26.840968617058046
Q96AY4,16.213911198948775,24.063812295228377
Q96B01,14.733265726637612,24.44845745501346
Q96B23,13.625674715618318,25.42953425297028
Q96B26,16.7923191711515,26.103234193856917
Q96B36,16.873102095191594,25.523217351401605
Q96B45,16.04828489617197,24.91398568074868
Q96B49,16.178419891417246,27.216022422448408
Q96B54,14.748594829493102,25.676932602384163
Q96B97,15.56933907910095,23.778881461273834
Q96BD0,14.933276078717837,24.48725106034996
Q96BD5,16.33538813014188,25.22602228673125
Q96BH1,16.216355637493805,23.916849573072273
Q96BJ3,16.22011212484398,25.69913640072387
Q96BK5,16.013161608856578,24.30828705029508
Q96BM9,12.675719070731367,26.14485233802413
Q96BN2,16.430133202434398,24.446569185433987
Q96BN8,15.163045039512728,25.12216042471137
Q96BP2,16.315798873062487,24.98047785271274
Q96BP3,17.397217828077252,25.22660749214043
Q96BR5,17.4699092614199,25.702623276431456
Q96BT3,16.638050978032638,23.5443092341178
Q96BW1,16.69668323678677,23.653234441262452
Q96BW9,12.2208581963011,23.93122778254283
Q96BY6,15.620555555036125,24.254728872668554
Q96BY7,15.334703948186462,24.6925882469152
Q96BY9,16.616511849835614,26.098577905354023
Q96BZ8,15.821716018938789,24.567699167109705
Q96BZ9,16.489960737123397,24.118712443886114
Q96C01,17.508414531145615,26.6130856432733
Q96C19,17.796837236992257,26.431608912216742
Q96C23,16.243231713926356,25.54150177450992
Q96C34,14.521430643172867,26.446985848219022
Q96C36,17.916399171348814,26.577983319191198
Q96C57,16.78851780993645,24.785704238923163
Q96C86,16.72186129263329,25.64389904033564
Q96C90,14.782764683442466,26.03652778126916
Q96CB8,16.052122212758054,25.19938452714621
Q96CB9,15.52754562346672,24.7835574653943
Q96CG3,16.811036396756307,23.699554450324754
Q96CM8,17.45632882437209,25.359793698894123
Q96CN7,19.148525017110423,29.94701845645143
Q96CN9,16.654982243301607,23.973610140499215
Q96CP2,15.653754967152972,24.532701148036594
Q96CP6,15.598031179530976,24.524536035977736
Q96CS2,16.91597750135044,24.914745565615263
Q96CS3,16.306299697382837,26.4171294514146
Q96CT7,18.374185510843134,26.572790027770413
Q96CU9,15.797201770857878,24.88118525274393
Q96CV9,17.187833042805774,24.874930548615655
Q96CW1,18.045277628631865,26.748437936844553
Q96CW5,16.505033369975685,25.064627203196505
Q96CW6,16.265164958124153,25.144130943691817
Q96CX2,16.122006399200988,24.644448362716513
Q96CX6,16.435638050587293,23.82669699992422
Q96D05,14.634484733949888,25.476912294136532
Q96D09,15.014256598123348,23.758796780802147
Q96D15,15.987621288035054,25.207536314675338
Q96D46,16.236735863565546,25.744174068651148
Q96D71,18.17794197066355,25.43166270612563
Q96DA2,16.30097388084992,24.24304414718976
Q96DA6,17.469337697210516,24.862319040870652
Q96DB5,16.06159054225424,25.858772782487573
Q96DE0,15.32203199618419,25.110520825348548
Q96DF8,14.544849635469062,24.530269767805535
Q96DG6,16.586045524271928,25.5146754429877
Q96DH6,15.626248668392686,26.64723020072162
Q96DI7,18.63750161299592,27.647521035358977
Q96DR4,12.943631281234966,23.306675023597105
Q96DT6,14.975879844481497,22.978348419009453
Q96DT7,15.636280982358683,23.704622933188
Q96DU7,13.927807308185821,23.886590330470405
Q96DV4,16.7018841553931,25.659635409176175
Q96DX4,14.613575305725755,24.467705168322844
Q96DZ1,15.566505909938241,24.71010847887981
Q96E11,14.792363633856906,25.485845089762826
Q96E17,15.874912831456022,25.58425854733331
Q96E29,16.412817838315735,23.24394636588429
Q96E39,17.24617636027187,26.85020287684869
Q96EA4,15.928631624964286,24.34096333001307
Q96EB6,16.072696057343343,24.481372085540958
Q96EC8,14.618146352523123,26.17639800700062
Q96EE3,16.826249599591826,26.289347886065574
Q96EI5,14.288412061219713,25.263211845187545
Q96EK5,18.097777844794134,25.129881366264996
Q96EK6,15.333994825835962,25.726210509501946
Q96EK7,14.461289505515714,26.802101994213256
Q96EK9,16.291396327659044,24.631186882754843
Q96EL2,18.76196435873764,25.632624658211498
Q96EL3,16.930873311352375,26.928322248407444
Q96EM0,15.739780346122826,23.868793453913344
Q96EN8,14.755610077584222,24.14684737997047
Q96EP0,14.788767977998283,23.63094873836854
Q96EP1,15.20192659559097,25.35748807599197
Q96EP5,17.112175743038765,27.210182322801295
Q96EQ0,16.715292446823373,24.690775555381876
Q96ER3,16.971801451703918,24.809236069781253
Q96ER9,16.06415046553056,25.113803295849845
Q96ES7,15.592654763574163,24.97185899183107
Q96EU6,16.60907651572081,24.448840545541746
Q96EU7,16.94931457891895,24.010963833946484
Q96EV2,15.733670721722058,24.906800317943993
Q96EX2,15.63798180427054,23.525788772848358
Q96EX3,14.944150743672298,23.446621052052397
Q96EY1,15.728681143236429,25.475277098492963
Q96EY4,18.034110769857225,25.437690965730052
Q96EY5,17.53410663266747,25.100696702546525
Q96EY7,17.101480438975862,25.527255822213544
Q96EY8,15.55568514466339,24.927329435068263
Q96EZ8,15.912581290198744,24.30816395094341
Q96F07,15.340698491597694,24.651416515225254
Q96F24,14.794878666924577,25.712218722118788
Q96F44,16.49384409997852,23.621122807106673
Q96F63,15.272737042799667,24.938479077413263
Q96F85,17.027618005327152,26.55449586095475
Q96F86,17.789311135912882,25.161261562989353
Q96FC7,16.826708234479295,26.47912727205723
Q96FF9,16.018152735260614,25.446089204555733
Q96FK6,14.581019851156528,24.928548268809603
Q96FL9,14.751344199765168,27.507203590534786
Q96FN4,15.281822689927917,25.8443661368547
Q96FQ6,15.421216460295739,25.669759509964884
Q96FS4,15.170341715907494,24.088034256772378
Q96FV2,15.231226150468975,25.231343881251444
Q96FV9,17.47678187539887,26.101576322983668
Q96FW1,17.66875489048713,27.428519612029675
Q96FX7,15.138263599381295,24.96256772445344
Q96FZ2,15.361051714312623,23.491986518122374
Q96FZ7,17.67047341134022,25.95635335668811
Q96G01,15.249265830811833,24.178624330394985
Q96G03,17.519775790662198,26.340339811247333
Q96G21,16.805142917916637,25.882983464886454
Q96G23,18.92664880921576,26.750771058570717
Q96G25,16.95572093158744,25.08543392188955
Q96G28,11.71411508539733,23.97208130033923
Q96G46,16.362644841134053,24.836266093232027
Q96G61,14.475766990458956,25.209090724849275
Q96G74,15.221818470853496,23.73698805492557
Q96G97,14.424610303333004,25.052114437605045
Q96GA3,16.69095971583653,25.75239904867887
Q96GC5,16.29915964149248,25.413692451840596
Q96GC9,17.09895643492235,26.463448897709373
Q96GD0,15.504183634982631,25.995910686083814
Q96GD4,16.157494260860542,25.332238364224917
Q96GE9,15.88721178426626,23.5467118634574
Q96GG9,16.34051093015419,26.30629311115268
Q96GK7,17.951234791298944,23.937625345825676
Q96GM5,17.24609800526973,26.69483283902283
Q96GM8,17.055388256657267,24.9641874462901
Q96GN5,16.712536928069134,24.85551191691197
Q96GP6,15.850100134617358,25.002085458450008
Q96GQ5,17.289859675011265,24.71485985956359
Q96GQ7,18.134722932062964,26.879284127995813
Q96GS4,14.900050297925322,24.369626342721528
Q96GX2,16.9856017123706,26.491195452965087
Q96GX5,15.739709527871772,23.476064589029264
Q96GX9,16.65450397214629,24.394125546735054
Q96GY0,17.294165392821064,25.099834359296135
Q96H20,17.867764495904645,25.433684157555643
Q96H22,14.631481668931844,24.30935110058169
Q96H55,15.433030599712456,24.125809782319703
Q96H79,14.070754165389793,25.98940060695012
Q96HA1,15.866685306444218,24.900175050270818
Q96HA4,14.676289063711042,25.678720585305676
Q96HA7,14.120646453454151,23.931536814655733
Q96HA8,15.51739143940814,24.159449857589014
Q96HC4,17.511660822626098,26.336169469551315
Q96HD1,17.933290840128937,24.94827017161669
Q96HE7,17.099791803149575,27.498388395346257
Q96HE9,16.904567470017074,23.56530659584855
Q96HI0,15.056756982286393,23.86459924540604
Q96HJ9,18.06172510362289,25.194395986169816
Q96HN2,14.670682303690082,24.21808981145758
Q96HP0,16.418333893171265,24.190789788924736
Q96HP4,15.675057010671278,23.952853821839177
Q96HQ2,17.001659214686025,25.882391104845052
Q96HR3,15.847478193134984,24.600564011830215
Q96HR8,15.058399706862481,24.24888501227447
Q96HS1,17.38713051495314,27.72435894820262
Q96HU1,15.367777802471515,23.01056156900393
Q96HW7,16.399254063559138,25.409012880881082
Q96HY6,14.47838248143804,25.87502644511022
Q96HY7,15.98518397531783,24.10329353198329
Q96I15,17.03018043767561,24.845295790191837
Q96I24,17.93244099171685,27.962149146789038
Q96I25,18.456120050383173,26.54220555055395
Q96I51,16.024369636838447,24.247272165029685
Q96I59,16.251685848527234,24.713573469167937
Q96I99,17.503309831985366,26.148467790493623
Q96II8,17.46869797103143,24.330856646610204
Q96IJ6,16.911929574345464,25.516017770037376
Q96IK1,14.926845658064442,25.4055157137755
Q96IU4,16.615473428498838,25.379175237645846
Q96IV0,16.576089990507864,24.779780912271015
Q96IW2,16.06546687719935,24.712999550223564
Q96IX5,18.10285841978737,28.29575620682728
Q96IY1,17.596173519326513,24.736555408832515
Q96IZ0,17.461260724277928,24.710767134102216
Q96IZ5,14.241509147705829,22.827854467141783
Q96IZ7,16.934154226492655,25.49260017894583
Q96J01,16.387976397752016,26.329550950092383
Q96J02,16.050610707370183,24.566844259019412
Q96J42,15.90513597596215,24.44186726594564
Q96JB2,16.892898003847616,24.28420029751481
Q96JB5,18.54080932613359,25.36274809373461
Q96JC1,16.376361036001917,24.00924330791578
Q96JG6,16.294366643193555,24.724843769308453
Q96JH7,16.192681083780872,24.61136988254726
Q96JJ3,15.894583881799148,24.63702297070002
Q96JJ7,18.864064540325465,26.200694911766767
Q96JK9,13.256960747847925,22.727462245983755
Q96JM2,17.464627389388475,25.306665742080956
Q96JM3,18.339479710777326,27.289920968450684
Q96JM7,14.539336046650408,23.835975689323053
Q96JN0,13.57946514357493,22.832234375964212
Q96JN8,13.472334674863495,23.799269959854325
Q96JP5,15.1481333650396,24.387312327207905
Q96JQ0,16.265636599583807,25.05128707630392
Q96JQ2,15.261830208302229,23.586935397307197
Q96JY6,16.87514746311794,24.89072948376343
Q96K17,17.089829219538576,26.85895226729034
Q96K19,13.433395450648748,24.022900363515546
Q96K21,14.267761962207585,24.164747298769182
Q96K37,15.25936257173712,25.01435378940519
Q96K76,16.950378619057947,25.173916580607997
Q96K80,17.83482566928387,25.20907919441946
Q96KA5,15.046577386157571,24.7653524905689
Q96KB5,16.78587605714677,26.620822369329055
Q96KC2,15.213998922793673,26.226404897719934
Q96KC8,16.935770382022756,24.826738404247173
Q96KG9,16.585164015458435,24.493977161070863
Q96KP1,16.98565254528293,24.878148602877307
Q96KP4,17.302309500083418,27.221786282440128
Q96KQ4,14.489277366068345,24.267569532705284
Q96KQ7,17.150620262776886,25.21115016420152
Q96KR1,18.234333372688575,27.41593692190896
Q96L14,14.746176963558115,23.353723646221045
Q96L58,15.21432458554436,24.54076288331624
Q96L73,15.447912072669073,24.040808843403354
Q96L91,16.44187560549453,24.8896054297886
Q96L92,17.26159738300898,25.49034268045684
Q96L93,15.03774681635289,25.645055057243596
Q96LA8,16.285770811134256,28.439212554965252
Q96LB3,16.19884865182963,24.916657217198008
Q96LD4,14.452573686179695,25.42363231581028
Q96LI5,16.540764587841945,22.66665873991745
Q96LJ7,13.474897771505127,24.477364681722026
Q96LT7,15.183264329008049,23.655324900791918
Q96LT9,17.38030099539062,24.472661218709263
Q96LW7,16.53713165783331,25.02764530794219
Q96LZ7,15.385165347492107,28.057100348865507
Q96M27,16.592401016701086,25.69711395021986
Q96M96,15.90119497528724,23.52952289586726
Q96ME1,13.723588957165122,24.811561522904704
Q96ME7,17.36845637179688,24.885584397097432
Q96MG7,17.475051545149608,25.693151695835503
Q96MH6,15.761620752922086,25.66336496177041
Q96MM7,16.157474543327936,23.529883865493414
Q96MU7,15.848576290709943,26.04448281798683
Q96MV1,13.974557543619296,22.93465956606101
Q96MW1,17.25714776029582,25.618042791594895
Q96MW5,15.08903413168814,23.41898301365974
Q96MX3,14.68429447470855,24.075872038885727
Q96MX6,16.327493357990896,25.30504577671299
Q96MY1,17.466356119005514,24.430155452036953
Q96MZ0,17.857035763044763,24.385044072064336
Q96N06,17.991097126084288,23.07984379569432
Q96N46,16.027311336675645,23.805611143863988
Q96N64,14.332827771022394,23.64233544715756
Q96N66,15.18193354392162,27.266962461519867
Q96N67,18.100727700405045,26.83656224115766
Q96NB2,14.224588328289533,24.0908785380848
Q96NB3,16.8241399587318,24.747346734851114
Q96NC0,17.854009105053397,26.293473157351308
Q96NE9,16.491393414527508,24.50288350745445
Q96NL6,15.696886779766153,21.301471076029955
Q96NT0,16.19881644924408,23.98404628448525
Q96NT1,16.595484400138407,27.14766932346227
Q96NY9,16.781423752188623,24.597315830475623
Q96P11,14.55915807633357,25.515677553671402
Q96P16,16.530451839741488,26.139334330563187
Q96P47,15.839169248544403,25.222595727357476
Q96P48,15.837821930090826,24.31132225812898
Q96P70,18.30372762432704,26.93708185268782
Q96PC5,15.584294580150733,24.273985424453944
Q96PD2,15.914933544858371,23.067923217706895
Q96PE2,15.701116960401256,23.945826102115966
Q96PE3,16.34986530460066,23.903035882587076
Q96PK6,19.048432819277505,28.905255636572374
Q96PM9,14.593201388526595,24.99748746865168
Q96PU4,14.612360130655965,24.112412302505103
Q96PU5,15.508191023424947,25.098877730035326
Q96PU8,14.69353944590211,26.06487308756291
Q96PV6,15.995840648206643,24.389112148407342
Q96PY5,16.630960743252302,24.99292380138139
Q96PY6,16.077986226347143,24.9919441979656
Q96PZ0,17.383853314108634,25.168855140291424
Q96Q05,14.809805451431515,24.602552816373404
Q96Q11,17.715550290073374,25.563348861977367
Q96Q15,16.62114928066929,23.367192496610265
Q96Q42,15.447644796523328,23.370010607021722
Q96Q45,15.983337746311939,24.68552216747749
Q96Q89,16.04290755972421,24.106805534191935
Q96QC0,17.797684479364644,25.85959805387671
Q96QD8,15.668179276880975,24.73262740278466
Q96QD9,15.146489721815849,23.956795942260698
Q96QE5,15.404598471816051,23.848478052879923
Q96QG7,16.608682091257275,25.333721317644223
Q96QK1,17.363746572375156,27.70328932028507
Q96QR8,15.780539254859931,26.011053587822254
Q96QT4,15.367746428542507,23.656522298921388
Q96QT6,16.915304393794674,23.48290997644885
Q96QU8,16.440225065501625,24.639697908731844
Q96QZ7,15.733625975007925,24.274570603229588
Q96R06,15.287631442087338,24.68630009169205
Q96RD7,16.885949890229007,24.31898270792048
Q96RE7,16.65486371104311,25.57608207431846
Q96RF0,15.623438808201788,24.350825703299293
Q96RG2,14.441069729796322,23.324170518466012
Q96RK0,13.782708023634349,23.685597038207135
Q96RL1,14.694119413617829,24.422815670602052
Q96RL7,16.802746564048533,24.49192555653353
Q96RN5,17.49000714159273,24.754846684370246
Q96RP9,18.05199801762608,26.8788541218596
Q96RQ1,14.426374512254455,25.463618380894726
Q96RQ3,16.689860747303744,24.502988587464078
Q96RR4,15.43600088406504,28.167501417727127
Q96RS0,14.893349221686758,24.2681263645404
Q96RS6,16.19115765212421,25.904637808322825
Q96RT1,16.001002302347427,24.425658864599463
Q96RT7,14.121832887587457,25.997166190757195
Q96RU2,16.184378963149108,24.465940932944893
Q96RU3,16.968438541900532,24.434742809261422
Q96RY7,15.999080940228238,23.66061182022017
Q96S19,14.76501839199724,23.772930475834233
Q96S38,14.401295604974779,22.721182442209678
Q96S44,16.075057420868564,24.754918025576234
Q96S52,16.65025989961595,25.488846858814096
Q96S55,17.124309756408834,25.258160420164714
Q96S59,15.3977869882082,25.093869456143516
Q96S66,17.19851664684608,25.170293379463967
Q96S82,16.675005789591797,24.573754941207824
Q96S90,15.150100209558607,24.12919857590606
Q96S94,16.017833241379275,23.221218334111487
Q96S97,14.218827474006975,25.11666637088473
Q96S99,14.609766271959685,23.810867638224803
Q96SB3,16.961567600416288,26.216052923726593
Q96SB4,17.180563828584003,25.508273897023464
Q96SB8,17.433361877163517,24.671607428954356
Q96SI1,15.882139130878903,25.177604951293006
Q96SI9,16.461861781149846,25.49809533812529
Q96SK2,15.78622962314548,24.488025789954207
Q96SL4,17.76890170673037,27.573785655320158
Q96SM3,15.327021605112208,23.884465496888122
Q96SN8,17.08116061394218,24.234653563782626
Q96ST2,17.70101683785429,25.83072075581979
Q96ST3,17.596928010632837,27.121318185167365
Q96SU4,15.84226638511668,24.723318941750005
Q96SW2,13.628806396605652,23.325440654195663
Q96SY0,15.73737516842802,24.97096787964222
Q96SZ5,17.372863785105803,26.35720479278828
Q96SZ6,14.603269132913239,28.418467132412896
Q96T21,14.289459578985538,22.629326712160342
Q96T23,18.335819650838815,26.302282075163912
Q96T37,17.34227589179263,25.6391527787874
Q96T51,17.87731834775018,25.082404993140916
Q96T58,17.59420696751673,25.543579375489323
Q96T60,15.596768715893978,25.446850548923294
Q96T76,15.516372618804127,24.611518699710363
Q96T88,17.331568780590636,25.8986692606659
Q96TA1,17.13346756093358,25.650764799016248
Q96TA2,18.20349170416407,25.32849250612789
Q96TC7,16.088519592069847,25.190702279751815
Q99081,15.921305172000922,25.19323327237669
Q99207,17.559859237819488,24.259787936965612
Q99216,15.583160178617426,23.442826716879395
Q99258,15.606034340815643,23.671099265798148
Q99260,14.443036187581994,23.506303101149264
Q99321,15.754391281691241,29.263720172784137
Q99383,14.687830578887517,24.42442101093766
Q99417,17.366024866836252,26.036993151911084
Q99426,17.66318177423287,27.529976355008134
Q99436,16.11395330994761,27.663815646065572
Q99439,18.28247480490721,26.844182561983867
Q99442,16.913449389589974,26.80541339394771
Q99447,16.41375337603123,24.54760749478752
Q99453,19.02535342064501,25.750248546391088
Q99459,19.223947120223798,27.462715912129582
Q99460,19.32980624524261,28.15942129743846
Q99470,16.42803689931623,25.69186783519815
Q99471,17.283657401923424,26.716566304015043
Q99496,15.209213892952972,26.295194202523906
Q99497,20.038572432370643,28.5922847449195
Q99501,13.693228027491827,24.68939089236556
Q99504,15.20178316429474,24.164890742238445
Q99519,17.274896519539382,25.84553846848238
Q99523,15.58706774132983,25.077646296484268
Q99536,18.265399154377633,28.238947460034932
Q99541,17.088059938554487,23.91678732478719
Q99543,17.421066456007907,24.903029092157514
Q99547,18.641524403209548,26.032261692502768
Q99549,16.80897778305193,24.585106305446498
Q99567,17.662509695924502,26.76385690482958
Q99569,13.251581781325278,25.178051563791453
Q99570,16.871257752511735,25.97990745526761
Q99574,14.841641369668967,23.07119244346364
Q99575,16.418147484820448,25.01020894166943
Q99583,15.801140160610487,23.577189653278953
Q99584,16.633672266820362,26.265797243263062
Q99590,17.09559203801298,25.39671437465845
Q99594,14.548359344853303,25.168219645850908
Q99598,17.492121541621604,26.2846317307904
Q99611,16.742254086443904,23.798307547451014
Q99613,18.179003186101333,26.39883143456363
Q99614,16.667365541289826,25.746877080037173
Q99615,18.674133635395155,26.668854654151982
Q99618,15.751228265007953,23.756733541649478
Q99622,15.741430881705416,26.456052316825275
Q99623,19.498436570051826,29.970040227753614
Q99627,15.56130759291912,26.887308214632863
Q99633,15.466130293723554,24.162475616402524
Q99640,15.052383159693276,23.802560145500667
Q99653,15.796739702356769,26.022152104200035
Q99661,16.729997869692014,26.003027544731587
Q99674,15.987583752570375,24.624905032639507
Q99689,15.261243427606706,27.787656035051658
Q99700,17.08599841502231,25.299239246167673
Q99704,17.24235352988359,24.445352119444323
Q99707,16.202517166382272,24.4939411202959
Q99708,15.390495964503328,22.903476349170592
Q99714,16.120396028005796,28.660073608637607
Q99717,16.586873109740285,24.776460894541746
Q99719,18.09774179323952,25.09780095993667
Q99720,18.0104077688337,25.873071097366687
Q99728,15.702646830654846,23.80228452389507
Q99729,17.807991231521004,29.218814966227825
Q99733,17.787852833291797,27.68968960730391
Q99735,14.23795776522552,26.29382138873195
Q99747,18.039905137338224,25.66027732751808
Q99755,15.844993794159967,25.473411583339352
Q99757,17.43702294664285,26.634498891471658
Q99758,14.079861119781986,25.07750095962609
Q99766,17.06060666808038,23.518145503947434
Q99767,16.24285238778015,24.514320912421837
Q99797,16.264369382328454,24.968238976991636
Q99798,17.528598139569205,27.29970709449969
Q99805,18.00956477293776,25.99798741023311
Q99808,15.565142549435713,23.624171629790716
Q99816,17.137535598470464,25.95683144060685
Q99829,17.508049648502812,27.238345393839335
Q99832,19.44644451620001,29.64027083769774
Q99836,15.284520910869738,24.48931138578557
Q99848,18.4438438061746,27.01268445218103
Q99856,17.470896904823757,24.09281060196477
Q99871,15.33637879809591,23.43019997727203
Q99873,16.96042170647492,27.646106397007046
Q99933,15.803795662018494,24.66042407716247
Q99943,14.976648382578878,26.80130614748838
Q99959,14.333564475277534,23.836697135780494
Q99961,17.606181364759795,25.984124469922318
Q99985,14.922428237017495,23.964482771462766
Q99986,17.503064779944317,25.71324587396126
Q99996,18.013462150759974,25.365582995640228
Q9BPU6,18.06591393698775,27.90191712873658
Q9BPW8,16.22060799140761,27.5125722683283
Q9BPX3,17.923820756402293,26.22916804356129
Q9BPX5,17.95109781966179,26.21314095207983
Q9BPX6,17.644379424053167,28.07823975613783
Q9BPY3,15.964683832643448,24.168967415540607
Q9BPZ3,18.60815839202764,25.589128006566828
Q9BQ04,17.187047355212897,24.975517614193407
Q9BQ39,17.48854830382643,26.53346201687418
Q9BQ48,15.809341586521766,25.101786528337982
Q9BQ52,16.3775921534258,25.607558090001657
Q9BQ61,15.95273925683736,26.916052702248365
Q9BQ67,15.848029425432445,24.908162935320053
Q9BQ69,15.325290432794743,26.748357700340055
Q9BQ70,16.451759473242507,24.249630548182715
Q9BQ75,17.962324631545794,25.74466225836667
Q9BQ95,16.429872065407153,24.184247511012934
Q9BQA1,16.19865471580016,26.24409372453819
Q9BQA9,17.494397952386596,25.805996910036313
Q9BQB6,14.73771406219839,24.70025052482039
Q9BQC3,14.214752592819888,24.069408300206135
Q9BQC6,18.13825907392488,25.59038902652055
Q9BQD3,13.803446425855919,24.01250425720982
Q9BQE3,14.951415749261713,23.163851106266794
Q9BQE5,15.329948835329246,25.021067609983135
Q9BQF6,15.564344256153458,24.637377188542395
Q9BQG0,19.469280917512638,27.419712389073332
Q9BQG2,16.687053947458804,24.30051504464171
Q9BQP7,15.507973851227858,25.25639293191506
Q9BQS8,15.980077819863466,24.36397913046526
Q9BR61,16.904282806619932,24.752264000711136
Q9BR76,18.678498737301624,27.131068290769658
Q9BRA0,15.232746673544197,23.01579989124787
Q9BRA2,19.21852568128404,29.055389851262554
Q9BRC7,18.13173595744397,23.31808308461388
Q9BRD0,16.15753180040291,25.628780005121225
Q9BRG1,16.255050871946683,25.63166951954519
Q9BRJ2,16.397996110447284,25.816354775614546
Q9BRJ6,18.7233256065508,26.189871466637875
Q9BRJ7,16.149928278433354,25.49488844460251
Q9BRK0,13.935090076143675,24.597844050119235
Q9BRK4,15.309859447788643,24.08837406147154
Q9BRK5,18.11083368441773,26.34614816005116
Q9BRL6,14.37745511697153,24.352533338676505
Q9BRP1,15.647887927437639,24.25493582793782
Q9BRP4,15.436282039629626,25.86131036405496
Q9BRP8,15.366032279917464,25.686916427665235
Q9BRQ6,14.872188080934091,25.87109656264824
Q9BRR6,16.29619723369534,24.7240227356229
Q9BRR8,16.536698275786424,23.44775218905835
Q9BRS2,16.52032214230794,25.687393990313044
Q9BRS8,17.29960924792828,24.700807714076603
Q9BRT2,15.934052758414603,26.002935700138707
Q9BRT3,17.528501905986424,26.70363237462076
Q9BRT6,16.723200430658803,26.269883292088142
Q9BRT9,17.194691746261654,24.827310961396304
Q9BRU9,16.240177814148304,24.168233458933575
Q9BRV8,16.850957166696436,23.76262066000266
Q9BRX2,14.531809087977832,25.415007068777626
Q9BRX5,17.346756793507158,24.860267318793973
Q9BRX8,15.668831826554534,27.041183672778924
Q9BRY0,16.184655792389766,22.788530164205387
Q9BS26,18.15790786231177,27.318437029356673
Q9BS40,15.593189032117921,24.395454903292514
Q9BSB4,15.255099846873915,24.430774969646215
Q9BSC4,16.83973266784101,25.458380797272888
Q9BSD7,17.892946466716396,26.380716405634352
Q9BSF4,15.674394581123263,25.173490855303424
Q9BSH4,15.256133521626792,26.39063571387986
Q9BSI4,16.363973704258548,23.282877245576664
Q9BSJ2,17.189240092273213,28.214156713712153
Q9BSJ5,16.119091217256404,25.383527413437577
Q9BSJ6,16.046803194712254,24.74367428714442
Q9BSJ8,18.258109806062745,27.31505800518342
Q9BSK2,15.435637220498045,22.412154513149822
Q9BSL1,13.670038767429409,24.747273660724495
Q9BSM1,15.777452310792103,24.203075745822638
Q9BSQ5,16.797329352420384,24.406497173469237
Q9BSR8,15.683243786848216,26.09111694839853
Q9BST9,15.811194721733884,22.586046615885536
Q9BSU1,15.217000466855563,23.799950971712835
Q9BSV6,14.8634977204697,24.20224670706278
Q9BSY9,17.909312484191783,25.274900026259964
Q9BT09,17.316473171152847,26.9160134264971
Q9BT17,15.486854594579459,24.92858591723777
Q9BT22,16.384785082049873,24.91137356290117
Q9BT23,17.583643140156735,26.2500743407173
Q9BT25,15.895844721223662,23.501172185163448
Q9BT40,15.657154099165647,24.900482651698375
Q9BT67,14.224697262361584,23.67891095790824
Q9BT73,14.781294954737033,25.19355254378473
Q9BT78,16.610587862462523,26.815672805377815
Q9BT88,13.645893909290999,25.463104148228688
Q9BTA9,16.571826977232515,26.175136401440447
Q9BTC0,18.244812238199277,25.917302621713162
Q9BTC8,15.814024349997782,25.12805765920304
Q9BTD8,16.436560472815447,25.77527788840225
Q9BTE3,17.52104743866545,24.94016566592732
Q9BTE6,16.333130518826895,25.073413108849685
Q9BTE7,17.48771899833642,25.31767596147936
Q9BTK6,15.724236869677853,22.724725388468904
Q9BTL3,15.685057082929236,26.14041172138158
Q9BTM9,15.057388119269266,25.750412638486246
Q9BTT0,15.912109084087643,28.30026740717265
Q9BTT4,15.400787014005433,24.69813516307673
Q9BTU6,16.731517891769556,24.890223279930737
Q9BTV4,16.77670975721321,26.61564376556416
Q9BTV5,16.93364248133616,25.65552700187135
Q9BTW9,18.11894185825096,26.389384104074125
Q9BTX1,16.872530543434255,25.91165436261616
Q9BTX7,15.526911845928465,24.07059153255929
Q9BTY2,18.36910919209041,25.184220795141666
Q9BTY7,16.143597955951744,25.04683610213956
Q9BTZ2,17.560788754714768,25.86787555734742
Q9BU02,15.525030702593405,24.18393888605969
Q9BU23,16.3319399760593,24.18577036789527
Q9BU61,16.44180366510752,25.439771682764114
Q9BU64,15.829567632077651,23.367891809781266
Q9BU76,16.08131926768346,25.41019014943783
Q9BU89,16.247087556838036,24.93729420467419
Q9BUA3,15.974550889187139,24.258451449864708
Q9BUB4,15.712301696086968,23.860325549126326
Q9BUB7,14.625068076849738,25.052825960700496
Q9BUE0,17.501476466050338,24.336939551664695
Q9BUE6,15.958129745325598,24.08619114704489
Q9BUF5,14.93787497034768,27.142445132129765
Q9BUH6,16.52523850042631,25.154206652980466
Q9BUI4,15.741731792388457,23.792514338712937
Q9BUJ2,18.477925247814202,27.634204443040137
Q9BUK6,16.179294045149597,25.792907109029667
Q9BUL5,16.933183137727212,25.024220046137856
Q9BUL8,17.63582239684511,26.721131390672774
Q9BUL9,13.836827025915458,24.975158971149156
Q9BUN8,16.399353635969923,26.857158228823213
Q9BUP0,12.639295073880838,23.714789574727156
Q9BUQ8,18.328339736647923,26.986153038052073
Q9BUR4,14.715197339403284,25.223468643495195
Q9BUR5,17.092206075142002,26.20194839436493
Q9BUT1,17.720731697500646,26.512952410848236
Q9BUV8,14.285619098118316,25.712055739391886
Q9BV19,15.891217251175089,25.675993444026776
Q9BV20,16.675196201490444,25.49354765095053
Q9BV23,15.1893507070231,23.473330692580753
Q9BV38,17.71538019404838,26.691588720420434
Q9BV44,16.914534743272924,25.585328254286566
Q9BV57,17.010754383389322,26.28949835223233
Q9BV73,15.389350186633422,22.988025162687077
Q9BV79,13.66795763508738,25.042605767696305
Q9BV81,15.060274809788336,25.45896271773884
Q9BVA0,16.590470475305708,24.447368115675598
Q9BVA1,15.715961212940796,30.861272295819255
Q9BVC3,15.980337097725846,24.334356972755064
Q9BVC5,16.359932270223865,24.211608881818925
Q9BVC6,16.004829589266283,27.347472983334413
Q9BVG4,17.453052226719812,26.74872759571959
Q9BVG9,14.937985925293752,23.868039829145822
Q9BVI0,15.56063198625885,22.721748814073763
Q9BVI4,17.01365525935166,25.31927699012658
Q9BVJ6,17.83112925902961,25.841972462658504
Q9BVJ7,16.806168709477262,25.36583294175303
Q9BVK2,16.641950616660004,24.941054190304314
Q9BVK6,18.088780476261444,27.005046153982835
Q9BVL2,18.90913676120738,25.821646539668023
Q9BVM2,17.674195923991206,25.68069051053873
Q9BVN2,13.04198586797403,25.31994087761219
Q9BVP2,17.949849674353743,26.71017831321122
Q9BVQ7,15.954103707517483,24.238946307842543
Q9BVS4,16.027853494522144,24.637613592536365
Q9BVS5,17.35388834442761,23.87191914597779
Q9BVT8,15.640987377734454,25.4639724264909
Q9BVV7,15.26024193547126,22.919836245607158
Q9BVW5,14.021830577052528,23.89057090635384
Q9BW19,15.87942142551837,25.25904822578547
Q9BW27,16.644603203890124,26.494634514427364
Q9BW30,17.401265701646146,26.050588334245383
Q9BW60,15.880815216907758,26.084551436145627
Q9BW61,14.309008666928625,28.49886387026614
Q9BW62,16.180263346301537,23.6935368332676
Q9BW66,18.241897988357128,23.071692465943045
Q9BW71,16.248279468523133,24.937247502043828
Q9BW83,16.850684540434532,26.117850840235686
Q9BW85,15.795763993164979,24.51179930413176
Q9BW91,16.949226336645797,25.30655432446432
Q9BW92,16.931654782203804,24.785038424975507
Q9BWC9,16.089136481598107,23.721738072808606
Q9BWD1,18.80999935518145,26.980557746142914
Q9BWE0,18.147805227222232,25.39959271736292
Q9BWF3,16.08569852739863,26.89926226440861
Q9BWH2,17.09668057921234,26.4890095399194
Q9BWH6,15.725770747511989,24.494213164787734
Q9BWJ5,18.140008217415364,27.241687078521235
Q9BWM7,16.334197284441053,26.189214923577623
Q9BWP8,15.96788046222522,26.54940616192898
Q9BWS9,18.45537085082997,25.861289405402378
Q9BWT3,15.261838727379553,23.7923097827898
Q9BWT6,16.12338594059272,24.06821121950368
Q9BWU0,16.48832044926086,25.500191468106248
Q9BWW4,15.878484358017499,24.79602073975268
Q9BX10,15.841938043826492,23.313246621383765
Q9BX40,15.962731131326386,25.54188154021397
Q9BX63,15.216027040472191,23.73123107682106
Q9BX66,15.095675454857766,22.248588933801752
Q9BX67,17.234039565424364,26.02028772659818
Q9BX68,19.179396894833413,26.4581561371651
Q9BX79,16.443682710315507,26.420718024059095
Q9BX95,14.1048725087843,24.865545775827975
Q9BXB4,16.678883242422984,24.956027558091765
Q9BXF6,15.777786915611204,23.698450015600905
Q9BXI3,13.768710556039897,22.40395651843344
Q9BXJ8,16.45536239776959,24.764459140318472
Q9BXJ9,18.32841251838768,26.832919148335073
Q9BXK1,14.985754255757186,22.506293172559534
Q9BXK5,15.959524802380287,24.917594704245023
Q9BXP2,15.912016840115408,24.20310308589895
Q9BXP5,19.032653355877205,27.747746559981493
Q9BXR0,17.414102536719145,25.00428569879508
Q9BXS5,17.361013757598403,26.20610509931049
Q9BXS6,16.821890430309328,25.845835255092176
Q9BXS9,16.917512541221537,24.04654444635133
Q9BXW6,15.991226764481167,23.6681291782225
Q9BXW7,17.338106893920298,25.752788398972765
Q9BXW9,17.513180167515376,24.57245928340499
Q9BXY0,16.274429534145344,26.436486185075374
Q9BY32,18.0325155468424,26.950947809218228
Q9BY41,15.802481100045549,23.897368873583055
Q9BY42,15.339998014856771,24.901742856156105
Q9BY43,15.716720034206542,26.081125911150362
Q9BY44,18.607213733095506,27.335421509307587
Q9BY67,17.114829900976506,26.247425073691275
Q9BY77,18.387394298897426,25.970506692026873
Q9BY89,14.561080501067021,23.583892543953468
Q9BYC5,15.607139083293077,24.796598091082775
Q9BYC8,16.292481593819726,24.39365698777399
Q9BYC9,15.863810510826088,25.73715526136378
Q9BYD1,16.782362495239116,25.347153602710005
Q9BYD2,17.110509919659982,25.56249710349658
Q9BYD3,16.72761906856818,25.540051966574865
Q9BYD6,17.85319141772545,26.501111625682846
Q9BYG3,17.441449874946418,25.476750302873604
Q9BYG5,16.946372867678694,22.98641209844023
Q9BYJ9,16.951662866223185,25.106832012588434
Q9BYK8,13.889993128629891,24.333958868360924
Q9BYM8,16.416849899546026,24.62957715794321
Q9BYN0,15.669173156637168,23.875483661996732
Q9BYN8,15.998344461798366,25.94826346452279
Q9BYP7,13.44068033366559,22.896208200501327
Q9BYT8,17.467719529696026,25.82718034801982
Q9BYV8,15.761865852750047,24.841789434560464
Q9BYV9,14.504973872936036,23.929146958163322
Q9BYW2,15.497969219512045,24.239318076668898
Q9BYX2,16.285842589795088,23.23923052991832
Q9BZ23,15.725303183879467,23.36783183623779
Q9BZ29,15.997604806820428,23.090304108574156
Q9BZ67,14.765464714946498,25.06780635181964
Q9BZ95,16.37665195420512,26.596492143722667
Q9BZC7,17.034776468642466,26.102215458996987
Q9BZD4,16.951083074225618,25.31238721395728
Q9BZE1,17.859031504844804,25.639166639776054
Q9BZE2,14.03278763875711,24.275553780495276
Q9BZE4,18.68441844549832,26.55440523570645
Q9BZE9,17.878072891717267,26.678283816961436
Q9BZF1,16.74327569258085,25.560092732831603
Q9BZF3,14.85032982520122,24.53750351450656
Q9BZF9,17.95818083596767,24.664163315471363
Q9BZG1,15.632329511920881,24.498267511699687
Q9BZG8,14.181358713063933,24.33137974269587
Q9BZH6,16.55791169199731,24.763330473885496
Q9BZI7,16.27178034250849,23.48344149446951
Q9BZJ0,17.940209371971868,26.117974736223417
Q9BZK7,16.711135092773617,26.35649819673855
Q9BZL1,16.397256549080723,26.925403685711125
Q9BZL4,15.473398624275998,24.002157026912847
Q9BZL6,16.958620521410698,24.581294151821904
Q9BZQ6,15.395004943132164,24.600858387198713
Q9BZQ8,16.401750579163128,24.711824382532825
Q9BZV1,15.194128981598878,25.105694547536878
Q9BZX2,16.415861743104358,25.72341246086659
Q9BZZ5,17.962356096455675,27.800813477206614
Q9C004,15.141916932998043,25.73173768962169
Q9C005,16.380963837324444,26.657634073111527
Q9C037,17.96388516991902,24.033377334825936
Q9C040,16.60077688159097,25.211816348899994
Q9C0A1,13.16120594767627,25.40884553879671
Q9C0B0,17.192543019827596,24.309340691234155
Q9C0B1,17.57430052406434,25.79914898919945
Q9C0B5,16.141351868561717,24.2578613489965
Q9C0B7,16.059238422391363,23.713222143014093
Q9C0C2,16.55625282288429,25.443613937957466
Q9C0C4,13.338761345132,25.790423547989732
Q9C0C7,15.409178693190595,22.845565757216384
Q9C0C9,18.11300590100594,26.36715577863544
Q9C0D3,16.033973951968363,23.654820684823967
Q9C0D5,16.225483264231308,24.787917401184398
Q9C0E2,14.891158154573882,24.4141712313656
Q9C0E8,17.810445174990424,26.33145511449445
Q9C0F1,17.554074218252588,25.32709502752919
Q9C0H9,16.08845411519461,24.098619158294618
Q9C0I1,13.965283805633925,23.507922423318842
Q9C0J8,16.62688538947293,25.772031652126167
Q9GZL7,17.193966510093183,26.947877865614387
Q9GZM5,16.347337834317038,25.4227569430861
Q9GZN1,15.050465730973453,23.943690331450398
Q9GZN7,15.29588825740952,24.217579624975652
Q9GZN8,15.857252394956214,25.042778162089355
Q9GZP4,15.009919067208838,24.8810499333172
Q9GZP9,14.323970935486233,24.558919275222788
Q9GZQ3,15.759651302619845,24.579866090823952
Q9GZR1,14.94948993016588,24.132025919224056
Q9GZR2,17.521166553878384,25.38667615444541
Q9GZR7,16.465069460199157,25.37126181217889
Q9GZS1,17.343996326851485,25.651591105889658
Q9GZS3,18.098915037676335,26.41772008462528
Q9GZT3,18.00027407303476,27.742926591595097
Q9GZT4,16.795905310354936,24.910654623579298
Q9GZT8,17.08354934121887,26.00229673510866
Q9GZT9,15.675981531432768,26.28172194489871
Q9GZU1,14.343655123169217,23.460530388140715
Q9GZU8,16.658517268380873,26.093287746095008
Q9GZY4,16.800033588177232,22.471958451217695
Q9GZY8,15.137326261911927,25.223466065676845
Q9GZZ1,17.39073945104606,26.329359126556668
Q9GZZ9,17.2175090571586,26.071662743592157
Q9H000,16.49554617941251,24.62256586694445
Q9H008,15.965775842617187,25.143784233348455
Q9H019,17.448188665865597,25.323734191988795
Q9H061,17.589991724761468,24.663248792391514
Q9H074,16.888051762112188,26.663854099465716
Q9H078,17.77813223213181,26.34788167534043
Q9H081,15.322763214418007,24.710908723219358
Q9H082,17.179613461735634,25.22499022532646
Q9H089,16.911606625198033,25.01103282993471
Q9H098,15.429725859340133,25.331893391920126
Q9H0A0,17.36478118476151,26.75391027159221
Q9H0A8,15.490768099862967,24.795084900340225
Q9H0B6,17.799591099592305,25.91637467220642
Q9H0C8,17.533205988763623,26.355738402925734
Q9H0D6,19.35695810096309,27.62408679086594
Q9H0E2,15.768109354802622,26.20575714336489
Q9H0E3,16.902469331305056,25.41661081709721
Q9H0E9,16.70163570842733,24.84954402566585
Q9H0F6,15.717073309590235,24.800869297481
Q9H0F7,17.47918154260388,24.361018898610574
Q9H0G5,16.885253922548344,24.21029611331626
Q9H0H0,15.504693270718851,24.32733759540235
Q9H0H5,16.399244624228704,25.1724359184406
Q9H0K1,15.923764401886155,24.14718098265554
Q9H0K6,14.298418470715971,23.17309852485223
Q9H0L4,15.408489915213467,24.685916242258546
Q9H0P0,17.252096131861574,25.225735287491293
Q9H0Q0,13.228901565610602,24.053897634034456
Q9H0Q3,16.379454317767017,25.39808044098636
Q9H0R3,15.802658880761722,23.855644790010274
Q9H0R4,17.966987080960685,25.477913033844352
Q9H0R6,16.763116254847056,28.785308868653157
Q9H0S4,16.994376862782996,26.655634414838506
Q9H0U3,15.600571032022836,25.912745051984462
Q9H0U4,17.130505388292665,26.55941337122963
Q9H0U6,16.338360768202964,26.548364484255035
Q9H0U9,14.015410565737525,24.34193179183603
Q9H0V1,12.99639540625925,23.722790962123344
Q9H0V9,16.631477746915884,25.232902222179032
Q9H0W8,15.088891754830609,24.594979951170128
Q9H0W9,17.03220923946526,25.462419987704955
Q9H0X4,19.960049755459508,25.759265768876975
Q9H115,16.499146250425774,24.48445870690011
Q9H147,15.83782890117711,24.15223369514995
Q9H160,14.8944633682325,24.26509112713737
Q9H173,16.513254056841834,26.06000093894562
Q9H1A3,17.053014896969344,24.53957411346907
Q9H1A4,16.026249950329937,24.45972671068473
Q9H1B7,16.23362300939338,25.484089616831266
Q9H1D9,15.03480995683602,24.8760607208261
Q9H1E3,17.28220747644858,27.479617451022886
Q9H1E5,16.01978197614636,26.293877972411583
Q9H1I8,16.486662135998515,25.13565150122246
Q9H1K0,13.918270919565321,23.573226842193034
Q9H1K1,18.060199914731832,25.222578654242234
Q9H1P3,16.800306208896657,23.30765484355715
Q9H1Y0,14.494785785056688,24.374544191035817
Q9H1Z4,14.188780914105802,29.923735233904743
Q9H223,15.679373267940942,25.88990593448648
Q9H246,16.2865323405978,23.69446650392902
Q9H267,17.573312160120334,24.744464430807653
Q9H269,16.002485546802767,24.77928577632288
Q9H270,16.159856932613458,24.394096318743426
Q9H299,15.311999040936286,27.356562824064206
Q9H2B2,16.090863744851685,23.49890786818153
Q9H2D1,15.25559468628221,23.238186188631726
Q9H2D6,16.828690197142727,24.688315201626793
Q9H2G2,17.185223502903487,27.822120231760234
Q9H2H8,17.24806526214645,25.787256577654187
Q9H2J4,17.10835124579354,25.928692622604018
Q9H2K0,16.15773205400188,23.82691637112536
Q9H2K8,15.408576770526876,24.55856380546972
Q9H2M9,18.307558289473427,26.46164377625389
Q9H2P0,18.05429058076708,26.50973677412959
Q9H2P9,15.729827298395849,27.217439896066868
Q9H2U1,18.434279609412524,25.486067172999977
Q9H2U2,18.021650486757448,26.860685292728185
Q9H2V7,15.510275729512214,25.206343880226328
Q9H2W6,16.810609413617957,25.738758800060516
Q9H2Y7,15.257302128561484,23.620611265226408
Q9H307,19.0468229552751,28.99891873500692
Q9H330,16.111881690456336,24.805756219492316
Q9H334,17.048599154448617,24.402449505760362
Q9H336,13.603948296972503,24.289880732575288
Q9H3E2,15.518639172428998,26.76751033618498
Q9H3F6,15.661897830369252,24.110765568349944
Q9H3G5,17.7025429725064,25.411424805209407
Q9H3H3,16.89404500962769,24.480500865733454
Q9H3K2,16.005725743930466,25.676261183944185
Q9H3K6,19.61726862975205,28.284005453919328
Q9H3L0,15.22389778073292,23.54453800383141
Q9H3N1,18.33666031914168,27.71016081004825
Q9H3P2,17.210720659753026,25.696690497335645
Q9H3P7,16.181738271524104,26.475522537769553
Q9H3Q1,15.753151850995847,24.60967918999128
Q9H3R5,16.66439922724686,24.928426431761924
Q9H3S7,17.636025154834595,25.38366533942252
Q9H3U1,18.08611776816784,26.353477583323162
Q9H3Z4,17.42621470576269,25.904632841731846
Q9H410,16.827709261598613,24.207220884779858
Q9H425,14.651275861214266,24.83614808907407
Q9H444,18.444952748619222,27.068415712218687
Q9H446,16.335223076259066,26.04178377265041
Q9H467,16.53461848307331,24.68852339645999
Q9H479,16.149897117939634,24.297163901878655
Q9H488,17.8693142988146,26.323852575005784
Q9H490,16.325115275347343,24.32405917381279
Q9H492,18.05554046026438,26.215007869068703
Q9H497,15.120363949672305,28.205987155517604
Q9H4A3,17.369347197476884,26.484447136329766
Q9H4A4,18.15600115878019,26.579200223911393
Q9H4A5,16.303734789361602,24.50637072271427
Q9H4A6,16.444870999336896,26.07282418024282
Q9H4B0,17.023807621855504,24.285473409103602
Q9H4E7,13.665009519372303,24.38416835266283
Q9H4G0,16.971496291083405,24.170287495326118
Q9H4G4,17.404258085632254,26.35008197399254
Q9H4H8,16.233278265691425,25.075618026152643
Q9H4I2,15.088554311724177,29.21492992250071
Q9H4L4,17.322187481943317,26.045136580633418
Q9H4L5,16.748166650701627,24.616920422169688
Q9H4L7,15.670505886792247,24.77434501464789
Q9H4M9,16.473419117717185,27.059228414449986
Q9H4Z3,15.370722922111375,24.248795203641077
Q9H501,17.53615666490962,25.940479480760985
Q9H553,17.010822882424016,24.873165932912826
Q9H582,16.18151376876126,23.824064126121556
Q9H583,18.69303015563125,26.67261766645504
Q9H5H4,15.020642917778384,24.686318260812822
Q9H5I1,16.130798107561212,24.38294329822774
Q9H5J8,14.609965448171955,23.995757405273633
Q9H5K3,16.627276337115116,26.076717571253344
Q9H5N1,16.050719007698273,24.68726167185236
Q9H5Q4,17.431629977991015,27.31167030167354
Q9H5V9,16.081076020614073,25.61020732530572
Q9H5X1,14.604956237873163,25.391602747963844
Q9H5Z1,15.597878900927032,25.43543683771377
Q9H6D7,14.67917154199828,25.79859097465216
Q9H6E4,16.54490955513634,24.004541641685858
Q9H6E5,15.512731899553541,23.61346654084033
Q9H6F5,16.35507756242864,25.515930195553516
Q9H6H4,16.897753577441275,24.932914651895313
Q9H6K1,13.295677937061628,23.828147624237438
Q9H6K5,16.320445295071366,25.828082938133264
Q9H6Q4,8.765926448535085,21.431601659847438
Q9H6R0,15.660688178685119,24.299853332028608
Q9H6R4,17.418137064483293,25.76512404392258
Q9H6R7,15.61349706353239,24.043195121073833
Q9H6S0,15.676317565197797,24.533659188378177
Q9H6S3,15.94275910315072,23.782030702560654
Q9H6T3,17.20602361480419,25.495380493978633
Q9H6U6,15.420231809381615,23.842213793967797
Q9H6U8,16.265716317616754,25.183794352707828
Q9H6V9,17.54344264157058,26.390672391177482
Q9H6W3,16.140055124556813,25.037524542043222
Q9H6X2,14.782526001100438,25.90268835702963
Q9H6Y2,16.106773502122394,24.706405074968302
Q9H6Z4,16.958292721439893,26.900230444101556
Q9H706,16.663561981677347,24.574724795666505
Q9H773,15.847362207542233,26.398024123177066
Q9H777,15.740078359000835,23.89991750841284
Q9H788,16.579912325672026,25.97801064829954
Q9H792,14.535052368701745,24.016131098820146
Q9H7B2,17.593533809480384,25.16447030512451
Q9H7B4,16.198139568320038,24.50510049817192
Q9H7C4,13.86495643410479,23.546393942187873
Q9H7C9,17.313553214674368,25.434171783071594
Q9H7D0,15.179986547289477,23.931519066001286
Q9H7D7,17.47270115051593,25.83545329040794
Q9H7E2,15.726537652374093,23.991375786555185
Q9H7E9,15.835567024538296,24.901280451143776
Q9H7F0,17.39724145110531,21.496734090589445
Q9H7H0,16.764090528426394,23.426044472105477
Q9H7L9,16.844086121715005,24.787302135637855
Q9H7N4,17.648218109129505,25.170631622462643
Q9H7P6,16.990846310382693,24.93460746932931
Q9H7P9,14.883513762108967,22.77664206035042
Q9H7X7,14.474478442178265,25.45915976662882
Q9H7Z3,15.229106524525772,24.064705725217532
Q9H7Z6,17.54783441275368,26.3989010030686
Q9H7Z7,17.181231957817847,25.502621401119356
Q9H813,15.09374949874679,25.25071683591599
Q9H814,17.351451940677077,25.532298043198196
Q9H832,16.69590653670608,26.275841284858835
Q9H845,17.270983928524196,26.391071906975732
Q9H857,17.95486449396838,25.793882429400583
Q9H869,15.181182429193433,22.243684496572655
Q9H871,15.211399507932823,24.320989521099644
Q9H875,16.396641712645327,25.312691129596466
Q9H8G2,17.260972259558205,25.085297216288687
Q9H8H0,17.78288047212578,26.26489588758099
Q9H8H2,16.26282732386077,23.984520222762328
Q9H8H3,16.127526833886726,25.44596302174472
Q9H8J5,14.008265521779807,23.78793991260579
Q9H8K7,15.46055361280723,24.30268207921301
Q9H8M2,16.23891703350402,24.561244062628962
Q9H8V3,15.684170626845646,24.425360690666576
Q9H8W3,15.445080472790814,22.91209260110168
Q9H8Y5,16.297751385004755,24.19367016291987
Q9H8Y8,17.76413936936289,26.086905435606038
Q9H900,15.977766978956415,24.70758251778038
Q9H910,17.043907973211944,26.654018577423347
Q9H920,13.839381746227899,23.320651556611633
Q9H930,13.455115162484601,28.14947830253468
Q9H936,16.083643054786645,25.219865885819868
Q9H944,14.858546419582474,25.248628235908544
Q9H967,14.69645920717053,24.3468022392487
Q9H974,15.791709062407719,24.71404332615378
Q9H981,16.495333060773007,24.72717766176041
Q9H993,18.728035951671075,25.659163546024427
Q9H9A5,16.153227064152414,24.925214342547026
Q9H9A6,15.149808097004811,26.130891837875104
Q9H9A7,16.432021788549218,24.404920464231044
Q9H9B1,17.387478571339233,25.640336684971537
Q9H9B4,18.368882355930534,28.173869143718946
Q9H9C1,15.985504499512897,24.540495972162375
Q9H9E3,16.975984288725954,25.00277836229085
Q9H9F9,16.93136952138569,23.99861530531668
Q9H9G7,15.27688590943382,23.70866798940065
Q9H9H4,14.571884365168463,24.57753768264395
Q9H9J2,16.667784958657325,25.420696037733045
Q9H9J4,15.263959275082387,24.48104490068362
Q9H9L3,16.116745977260763,24.794393901984183
Q9H9P8,16.140653955562122,24.568500603401134
Q9H9Q2,16.267406507612783,26.086389280287094
Q9H9Q4,16.07783092871956,24.25708817957703
Q9H9S3,15.416772313862536,26.211443959848093
Q9H9T3,14.763869414360842,25.00021923972275
Q9H9Y2,15.625612351046536,23.7191594206912
Q9H9Y6,16.019928885524816,26.611192227437233
Q9HA47,14.322102363049755,23.88740405971459
Q9HA64,15.925611854470418,26.291598979149146
Q9HA65,16.296563562535738,24.741949511519977
Q9HA77,16.19953544677792,24.16136419136196
Q9HAB8,15.792442018599653,24.6728551940884
Q9HAD4,14.925979907264097,23.594909886543135
Q9HAF1,15.892129647533853,26.70578082114369
Q9HAH7,15.91935016247706,24.115340577348043
Q9HAN9,15.89905612553015,25.52730218776621
Q9HAP2,16.86963938457214,24.354332591295037
Q9HAS0,16.392505731032802,25.193846526657467
Q9HAT2,15.441207113720552,25.176593765971674
Q9HAU0,16.517055946273107,24.806615354543055
Q9HAU4,15.425248199633689,22.502152205643224
Q9HAU5,16.848982450843685,24.794703628149545
Q9HAV4,18.251441195324606,26.466541780519563
Q9HAV7,19.321521839437178,26.49597083850006
Q9HAW4,14.104504978614973,23.809778687927473
Q9HAZ1,16.16916563933101,22.685412679193774
Q9HB07,16.195936101739843,26.984994906885383
Q9HB09,15.454385506982796,24.86918513619161
Q9HB19,17.009672131436528,25.28794433330277
Q9HB21,14.853018647562385,23.85662907641917
Q9HB40,16.266994043093696,25.735415137452573
Q9HB58,15.60815548020104,25.12574117645754
Q9HB71,17.89962790438391,29.11769113313027
Q9HB90,15.446270316369507,24.740152659034315
Q9HBD1,13.892162455859124,21.868275473389858
Q9HBE1,14.67417091230445,23.91873230089352
Q9HBF4,16.325897621773496,24.411932216156828
Q9HBG6,15.657010336525953,23.81995890524616
Q9HBH5,16.164668565407986,24.960944341456795
Q9HBI1,15.777803928212894,24.320806745084557
Q9HBK9,17.613561723714835,25.077707490859478
Q9HBL0,16.312888475609697,23.817276752583936
Q9HBL7,16.63206979379257,26.890033717033447
Q9HBL8,17.008492367779674,23.433387797038787
Q9HBM0,14.489958628862608,23.748241227897957
Q9HBM1,16.42212082461674,24.78693937581782
Q9HBM6,13.728328189537745,23.954853289840845
Q9HBR0,15.936400353203638,24.51071757460176
Q9HC07,16.03888783284565,25.829462199046578
Q9HC21,14.992834979433184,23.540485537091016
Q9HC35,19.071925006552387,28.600611748657332
Q9HC36,15.51503803555125,24.872615635571293
Q9HC38,17.86344066566409,27.12982963148577
Q9HC44,14.324725147001347,22.593750023860068
Q9HC52,18.241068284767714,25.81158216795472
Q9HC62,15.346866815052538,24.07016034348432
Q9HC77,14.631903791720667,22.515464283645876
Q9HCC0,16.983860917858017,25.29247383408232
Q9HCD5,17.4706683261476,25.899886274477506
Q9HCD6,14.35734972998206,24.185702627083668
Q9HCE0,14.727789874544953,24.09378022729964
Q9HCE1,17.527625828236566,25.379707742869492
Q9HCE3,15.566036016266091,23.927332193295783
Q9HCE5,16.028744582718485,24.20246568833655
Q9HCG7,14.454901008718158,24.4186433137084
Q9HCG8,16.816057462599698,25.032045456601935
Q9HCH0,15.41814250119033,24.324160490243578
Q9HCJ0,16.253657276857606,23.951003622766322
Q9HCJ3,15.654611584395138,24.008186108154653
Q9HCJ6,17.03307235168239,24.464873837260523
Q9HCK1,15.20022900454497,24.08900128564293
Q9HCK8,16.83101722315103,24.750465491592102
Q9HCM2,15.075679988006245,25.60642918902021
Q9HCM3,15.491785656274303,24.202697961493353
Q9HCM4,16.097692080730976,24.869366578401003
Q9HCN4,15.239972541815712,25.143087253041557
Q9HCN8,17.751258331780537,28.54176804310263
Q9HCS7,17.141864809026487,25.825077857583175
Q9HCU5,17.246244726012616,25.193440257022672
Q9HCU9,16.144175023051748,24.820127774599907
Q9HD15,15.869631842641457,25.50865023259149
Q9HD20,17.705280579567557,26.95981365334505
Q9HD26,15.874739221714584,24.765577933595182
Q9HD33,17.766458705428796,25.662149910602025
Q9HD34,15.736000927300893,25.82786357470291
Q9HD42,17.52210280361337,27.2947522150572
Q9HD45,17.864728190234118,26.24358642253619
Q9HD47,14.82055434942336,24.229737179825648
Q9HDC9,18.100619507333864,27.729010834259075
Q9NNW5,15.8108097631919,24.36669432420173
Q9NNW7,14.760138308758785,24.746436873610264
Q9NP50,16.058402455120373,25.000480138651316
Q9NP58,15.11010921114465,24.41833534259244
Q9NP61,16.363739558130796,24.22242035596229
Q9NP64,16.50719327841265,23.963636872119938
Q9NP66,16.857985464676943,25.964169793617046
Q9NP72,17.732911282520963,26.990618630831857
Q9NP77,17.56636600300363,25.444529081801768
Q9NP79,16.25377544443916,27.146403383282507
Q9NP80,15.386812663798528,24.41903279443504
Q9NP81,14.859687817112084,25.196332120592178
Q9NP90,16.65250568135291,25.8995196774028
Q9NP92,16.397941955265498,26.26128481089843
Q9NP97,18.158939720793622,26.908531477285983
Q9NPA0,16.69254577610566,25.895074621821575
Q9NPA8,18.8879873819703,27.61847034103756
Q9NPD3,16.478723507723345,26.402836089584337
Q9NPD8,16.89643935669879,27.024848554570454
Q9NPE2,15.478888533288421,23.295056401701313
Q9NPE3,14.515447911289382,26.389754358468267
Q9NPF4,15.541474093353537,24.93399699661068
Q9NPF5,15.775480114455474,24.875924900336226
Q9NPG3,16.617559166151327,22.59424941907137
Q9NPH2,17.31349099447714,26.668118440615984
Q9NPI1,16.14111484339368,25.39867278952006
Q9NPI6,17.46130877263461,24.99728786565047
Q9NPJ3,16.5710996039429,26.61107078060075
Q9NPJ6,15.310469392514614,24.430327524997164
Q9NPJ8,16.566520150355096,24.621794615245822
Q9NPL8,16.481299730006494,25.167749783581552
Q9NPQ8,17.713284205842946,25.839500519025655
Q9NQ29,16.531346763527047,26.28341763875416
Q9NQ48,17.311073490118975,25.001477104824957
Q9NQ50,17.519316973328852,25.90445150639028
Q9NQ55,17.276692754422083,24.68309581137817
Q9NQ66,15.2950461505462,24.73799618457671
Q9NQ86,15.177817298833931,26.938331118753425
Q9NQ88,17.3563556772935,25.89074816651928
Q9NQ89,14.038800702649281,26.078388133817228
Q9NQ92,15.857355656142,24.134131336759378
Q9NQC1,14.704251496909665,23.203592803816033
Q9NQC3,17.311548685577765,28.766303388743186
Q9NQC7,16.566511714634526,24.65485576721255
Q9NQE9,14.746195809791436,24.25428279092385
Q9NQG5,16.298845420555185,26.48541556226263
Q9NQH7,15.091779200343252,24.985434993765242
Q9NQP4,17.61308149443033,27.374531751469192
Q9NQR4,16.724367561797717,26.00993624813639
Q9NQS1,15.072914361680656,24.314107246345632
Q9NQS3,15.340777340439923,25.336038414391048
Q9NQS7,16.405178667112544,25.349182939121796
Q9NQT4,17.97250839952523,26.209598077898104
Q9NQT5,16.799096035649733,25.598729636572255
Q9NQT8,16.13615347762045,24.47983662313634
Q9NQV6,15.3661068380338,23.81545923035909
Q9NQW6,17.41001907781433,24.995824113910857
Q9NQW7,18.928969493899938,26.596622127216946
Q9NQX3,16.512573632286244,25.107936585065403
Q9NQX7,15.976494034209471,24.94520394214907
Q9NQZ2,16.46363688785767,25.814817692257197
Q9NQZ5,17.462289265086763,26.079779640678048
Q9NR09,17.302735175207985,24.763639102492082
Q9NR12,17.632431179274235,26.851276513552982
Q9NR19,16.557275925718027,24.589613146888478
Q9NR28,17.319342550465542,27.18556310245973
Q9NR30,18.56265472415373,28.46968120630798
Q9NR31,16.133406771892584,28.789644085863774
Q9NR33,14.474751818785343,24.49229825632957
Q9NR45,17.384919510602185,26.104734551654253
Q9NR46,17.333409319869116,25.54680406387365
Q9NR50,16.861365019738134,25.607544658010024
Q9NR56,14.815522094493225,24.847195158674477
Q9NR77,17.20172009518002,24.423962799215126
Q9NRA8,15.711909660568123,24.144486037609663
Q9NRB3,16.397294943109614,23.553737674387477
Q9NRC1,14.959094258770104,24.541806259588995
Q9NRD5,14.949808248447743,24.21394320693168
Q9NRF2,12.9606450406996,23.6628453440413
Q9NRF8,16.23005846211113,25.458882248369502
Q9NRF9,17.123604225172276,27.177847916138038
Q9NRG0,15.639208700539289,25.596952414458826
Q9NRG4,16.012781986802576,23.414376977712113
Q9NRG7,15.011549624000834,24.831554811124597
Q9NRG9,17.201748041167388,25.97104396954652
Q9NRK6,14.221724028823662,23.65897293673717
Q9NRL2,17.71604038963714,25.11019820768581
Q9NRL3,16.780150770725037,25.359729901438307
Q9NRN7,18.371911720545242,25.96611872011387
Q9NRN9,16.939610943936817,25.44653287138151
Q9NRR3,15.647437345774085,24.332987489744525
Q9NRR4,17.32132549594301,23.44213157256946
Q9NRR5,16.81990050682224,26.330170609440735
Q9NRS6,15.53863912794382,23.70871201144044
Q9NRV9,14.93394972765929,25.864069473205074
Q9NRW1,16.37346999172185,26.053851181853148
Q9NRW7,17.47847821708462,26.15019085369903
Q9NRX1,17.6916296797502,25.80491537508357
Q9NRX2,16.41156610092878,25.966233813042436
Q9NRX4,15.563706753979195,26.688191506684323
Q9NRX5,15.378513841563631,24.270055097816595
Q9NRY2,15.972182427406029,25.35234808319535
Q9NRY4,18.097156047839686,24.78842272791061
Q9NRY5,16.208284700871964,25.09509718109448
Q9NRZ5,16.31958493079295,24.291465053079058
Q9NRZ7,16.50018432152513,26.08825198528382
Q9NRZ9,17.766005408352697,25.665803173440878
Q9NS00,15.435773055806315,23.853822658891385
Q9NS69,15.385236241068059,26.992028149833438
Q9NS73,15.093631518024285,23.88009826141816
Q9NS86,17.028231244279336,25.481697302588056
Q9NS87,16.904419179679962,24.39902615814558
Q9NS91,15.508631459079007,24.789814995920324
Q9NSA3,14.187201237774417,23.930829990945607
Q9NSC5,17.353239843171227,24.175832329714865
Q9NSD9,18.254076534150407,26.757635001545914
Q9NSE4,18.69227215335881,27.297716259375928
Q9NSI2,16.576999490390104,25.015190260362893
Q9NSK0,15.670267213891657,24.658734106358352
Q9NSK7,15.107327268171067,24.648276986009414
Q9NSV4,16.24948911798152,23.83714340431857
Q9NSY1,13.715197660711457,24.071381915908322
Q9NT62,18.68156524907676,25.835716761974588
Q9NT99,15.029169701209764,24.72810395162659
Q9NTG7,17.805378429601923,23.979069529192937
Q9NTI5,18.954603138674194,26.5852687119959
Q9NTJ3,18.86167565302496,27.48663712175605
Q9NTJ4,15.032471617361624,24.085431531003675
Q9NTJ5,18.139323015529737,25.85288321045102
Q9NTK5,19.33780554578666,27.916413313568654
Q9NTX5,16.35255999087762,27.136168635651174
Q9NTZ6,18.098795607981337,26.931516225595168
Q9NU22,17.97180686734313,25.151293262537322
Q9NUA8,15.382512240395284,22.256906048964705
Q9NUD5,16.17164734854864,24.722694870061105
Q9NUE0,14.332167635328048,25.117562771644796
Q9NUG6,17.637392575327752,25.557017075582067
Q9NUI1,14.921704330068293,24.33931260352706
Q9NUJ1,16.043325396234764,25.70094371124769
Q9NUJ3,14.831270893882419,24.612825481218916
Q9NUL3,16.862393950034097,25.80053578752733
Q9NUL7,16.04994890088219,24.066018383206146
Q9NUM4,13.302876739730737,24.25029066426372
Q9NUN5,15.093028198777665,24.816315245308978
Q9NUP1,14.884951624306249,27.553156755136122
Q9NUP9,16.823631469837885,26.567398053071706
Q9NUQ2,14.820330465367526,25.606918794950197
Q9NUQ3,17.24886068850914,25.42544990280304
Q9NUQ6,16.43807251825222,25.18908870642954
Q9NUQ7,15.706403931075052,25.039963568034786
Q9NUQ8,16.848879144699232,24.74263833303089
Q9NUQ9,15.928455373947338,25.782549859420673
Q9NUT2,15.477911136847867,23.894420720691553
Q9NUU6,16.483232681440484,24.39210349325924
Q9NUU7,16.906518955150293,26.797724857364713
Q9NUX5,14.683268353843461,24.841473698497744
Q9NUY8,17.468326367271114,24.951887055204406
Q9NV06,16.887398239692843,27.51820893453274
Q9NV31,17.34374135214105,26.136446366973146
Q9NV35,17.608247767623222,24.542775245434292
Q9NV56,14.507289786746357,25.01492177433293
Q9NV66,14.896394186418458,23.97951006418639
Q9NV70,18.08506761953501,25.351446420642482
Q9NV88,17.15327230628643,25.251301557622995
Q9NV96,16.94686356486198,25.10234765385655
Q9NVA1,16.390306973829126,23.941094835537562
Q9NVA2,16.380302187734532,26.595206978365493
Q9NVA4,17.058646986833967,25.399132093170024
Q9NVC6,16.933536793389734,24.86495539827786
Q9NVD7,16.65397787115735,24.242284415556423
Q9NVE7,16.783648450851153,24.2379293237333
Q9NVF7,15.913676750582255,24.289035487613496
Q9NVG8,17.01283652386975,24.781847319711364
Q9NVH0,16.028306624784936,24.458227592188795
Q9NVH1,16.30334358972445,25.463925420431337
Q9NVH2,15.804110243965862,24.68534398156283
Q9NVH6,14.760841189039978,23.07830638239318
Q9NVI1,17.41176104804464,26.13373027013808
Q9NVI7,15.32261578231566,26.02652492296903
Q9NVJ2,15.005842081697189,25.730293692237773
Q9NVK5,15.326689014053754,25.246920357432284
Q9NVM4,13.788894479160442,23.954127781994714
Q9NVM6,16.58649038692025,24.477000907915574
Q9NVM9,17.942165793570855,25.542086482073728
Q9NVN8,16.089528212576027,25.424884596573204
Q9NVP1,18.142700037287618,27.680893396371598
Q9NVP2,16.688356649325673,25.25177101689016
Q9NVR2,17.20511444051366,24.941451731807703
Q9NVR5,15.880165398196109,22.9639841960748
Q9NVS2,16.76576131510676,28.556148019567594
Q9NVS9,17.212987326374733,25.86847285300672
Q9NVT9,16.197744713562642,26.296328055448477
Q9NVU0,16.189502796140243,27.018836043001517
Q9NVU7,17.22401585718674,24.99103859729301
Q9NVV4,15.846288874041699,24.249119096333867
Q9NVW2,13.431936575548686,24.187220437633226
Q9NVX0,15.842851511356946,24.442319827090774
Q9NVX2,15.76655636778499,24.727174544995297
Q9NVZ3,16.837597260794023,25.594649249281172
Q9NW08,16.227608874311528,23.80690641987244
Q9NW13,17.12597126472558,25.389997133506316
Q9NW15,15.584308602012278,24.90037074488969
Q9NW64,17.776833879953998,27.23619323897176
Q9NW68,15.084265697573946,24.401252449972887
Q9NW75,16.611275304301714,25.300675765309652
Q9NW81,15.115642995360277,23.284836946685534
Q9NW82,15.221971796205452,24.763523588548647
Q9NW97,17.570039689249114,23.292441422111057
Q9NWB6,18.974721598153586,26.537492805976004
Q9NWH9,17.736866704880445,26.41530482691498
Q9NWK9,16.867000918864658,24.325822551817698
Q9NWM8,16.886993867346344,25.288294165663935
Q9NWQ8,14.933000535397069,23.473461379070088
Q9NWQ9,15.4267559449092,23.540628606280197
Q9NWR8,16.656806010620418,22.675992340674064
Q9NWS0,15.737797479540333,25.173562869781012
Q9NWS8,15.822983898608545,24.143663234785
Q9NWT1,17.501726957546683,25.898598695602026
Q9NWT6,16.821412017386198,25.402667923755196
Q9NWU1,17.244494380180917,24.40610818696393
Q9NWU2,16.589394756602733,25.178344618495455
Q9NWU5,16.347572079566984,26.2075703123824
Q9NWV4,17.288652169543386,26.80475723145252
Q9NWV8,14.235452361546908,25.069319666169815
Q9NWY4,19.09187940633688,25.22533717815467
Q9NWZ3,15.481898991843536,24.287209391491974
Q9NWZ5,17.237297642602915,23.611822140096184
Q9NX00,12.960344165946365,25.06105414704193
Q9NX05,17.040794512815506,24.404407288904885
Q9NX07,16.183368669898,23.72110805679008
Q9NX14,17.82809525249858,26.466810881536343
Q9NX20,15.176491470147637,25.71972050409077
Q9NX24,16.519134887868113,27.099958364566096
Q9NX40,14.919077045453449,26.320123674791674
Q9NX46,16.178194988370894,25.888768061919244
Q9NX47,13.265604171089473,26.332368743413927
Q9NX55,17.365411447585995,25.241747559389314
Q9NX57,14.105967828693732,25.382581185640227
Q9NX58,17.2900169114067,25.32602208039032
Q9NX62,17.16674790144299,25.738899729655273
Q9NX63,18.100257761243817,28.382118161011377
Q9NX70,16.670826701654825,25.03810998629963
Q9NX74,16.55279548988074,24.255908708349054
Q9NXA8,16.850309739418968,24.345002952691967
Q9NXC5,15.56928293992347,24.433447844489038
Q9NXE4,16.64682940101523,24.854797476907418
Q9NXE8,15.032885504404032,25.49942818813295
Q9NXF1,17.60324984552323,25.507680212390397
Q9NXG2,16.137711118764816,25.91297817264358
Q9NXH8,14.607933853635087,25.866931450578196
Q9NXH9,15.368288424292064,24.496816665792103
Q9NXK8,14.431855458716667,23.248383575548193
Q9NXN4,15.054817471936458,23.97129138205059
Q9NXR1,15.625523614925992,24.78849979609167
Q9NXR7,17.28118422903477,25.24583032395234
Q9NXR8,14.487727507258882,24.208093597266263
Q9NXV2,16.11473162467551,24.914470835069782
Q9NXV6,17.031091731769447,25.184063441488142
Q9NXW2,15.696442946588222,24.716723659622932
Q9NXX6,16.258080339887993,24.71039921763821
Q9NY12,16.7594756322281,27.435581893171722
Q9NY27,14.170788309407955,25.28683746870251
Q9NY33,18.019286225721924,26.556528155986246
Q9NY35,16.386271621730064,25.264421159004172
Q9NY47,16.750149658037984,25.75384617278283
Q9NY61,16.80253101868047,25.57025866487411
Q9NY93,18.435510178660532,25.588762561213873
Q9NY97,16.89699609625933,23.47061093628169
Q9NYB0,15.098569209158564,26.18227744072246
Q9NYB9,16.361601833127835,25.810294867043027
Q9NYF8,18.622121832750206,28.14745122432431
Q9NYG2,15.83775142908503,24.221953233648545
Q9NYH9,17.821120766768693,25.595751639594752
Q9NYI0,16.333189460138968,23.97360999453461
Q9NYJ8,14.259536508676455,23.92580242160981
Q9NYK5,17.779670820830784,25.736850257990387
Q9NYL2,14.931158370126273,24.87330596826302
Q9NYL4,18.459184843079257,24.565157351503785
Q9NYL9,16.97141180906057,26.482933403662635
Q9NYP9,16.110627741334632,25.865873722780293
Q9NYR9,17.110325679757466,24.028235322229087
Q9NYS0,16.570952732287946,24.125680921978468
Q9NYU1,15.374999371016917,23.78206001531645
Q9NYU2,19.89262295986492,27.669362197331054
Q9NYV4,15.426809921735648,24.11856694834236
Q9NYV6,13.527619919355747,23.497860240527043
Q9NYY8,17.705401075971643,24.697365231229213
Q9NYZ3,15.937621934493938,24.158273426909705
Q9NZ01,16.901671473626447,28.04662349041556
Q9NZ08,17.07382326606568,25.20798570960569
Q9NZ09,15.159032877429574,24.71576215097961
Q9NZ32,15.648219766590328,25.633750634774884
Q9NZ43,15.49134496405099,25.000828388869675
Q9NZ45,18.614839908239627,26.81918813002139
Q9NZ52,14.532771182207814,24.729716366789265
Q9NZ53,16.663559716352477,24.357405719665298
Q9NZ63,16.74235075611425,25.284068322334342
Q9NZ72,15.091707188398825,23.399819650277674
Q9NZB2,17.581105083794345,25.927644833599135
Q9NZC7,15.442764151852554,23.57728186993011
Q9NZC9,15.722125130845646,23.950653604217564
Q9NZD2,14.210691355714113,25.339328542187538
Q9NZD8,14.759832749886348,24.905690161899646
Q9NZE8,15.947896565455315,25.011754465887826
Q9NZI7,15.175421894077603,24.770220928345633
Q9NZI8,16.7116437726134,24.879452703397387
Q9NZJ0,15.03965086507254,27.427872608123423
Q9NZJ4,17.24736732780966,23.711077823885102
Q9NZJ5,16.570154008311004,24.316214608304925
Q9NZJ6,17.930564248351192,24.00622265179229
Q9NZJ7,13.847627229692147,24.046599397785695
Q9NZL4,15.934708908479037,26.260708826493982
Q9NZL9,16.992553531516574,26.992129021804015
Q9NZM1,16.896224715781962,24.51270110566738
Q9NZM3,17.40180048426523,24.109583985895142
Q9NZM4,15.234039116210669,23.684782215786008
Q9NZM5,17.0546540220861,25.3656149649969
Q9NZN3,16.58540309059602,25.013495990019923
Q9NZN4,16.213289662630658,24.97864377728862
Q9NZN5,16.405825311109005,24.35222841726426
Q9NZN8,16.20035330660706,25.700405129369486
Q9NZQ3,14.814920270127159,24.02532318184986
Q9NZQ7,16.250943629416643,28.21769473307614
Q9NZR1,16.63377078925414,28.425752940881253
Q9NZT2,15.581198109942106,25.11339217802094
Q9NZU5,17.09173594919415,25.833058118058336
Q9NZV5,14.355030859677273,23.934703938276115
Q9NZW5,18.49707083611799,26.592762089761905
Q9NZZ3,15.091457060471893,25.241540491516663
Q9P000,15.069891227330427,25.0786306323954
Q9P003,16.142548655476816,25.894492352778684
Q9P013,18.785395345448627,25.98804735255201
Q9P015,16.041332350273453,25.046211112723185
Q9P016,18.186392191810008,26.592680180420768
Q9P031,14.273577348908873,23.97619708572529
Q9P032,16.1046676476507,26.774947209751844
Q9P035,17.707038761264517,27.769469786345045
Q9P0B6,17.992495721749567,24.316608921506713
Q9P0I2,16.24023063261357,25.534541704027728
Q9P0J0,17.854181275638176,26.044790750633368
Q9P0J1,16.647934219801662,24.31397042753197
Q9P0K1,16.263437220099956,25.28801899010603
Q9P0K7,15.977856219974255,24.833226312685667
Q9P0L0,18.55668300537062,26.962222381170683
Q9P0L2,16.170372261885397,23.658026097382905
Q9P0M6,18.713417209606938,28.003396933116118
Q9P0M9,17.38917765312818,26.207097176769548
Q9P0N9,13.571498466969787,22.986964767148876
Q9P0P0,16.12195699997805,26.086509398414805
Q9P0P8,16.673878099842792,24.488645366162828
Q9P0R6,15.154846899389552,25.77454064003453
Q9P0S2,17.441322209099,24.969272813769866
Q9P0T7,14.24745427397972,25.83758007947389
Q9P0U3,14.46695967596357,24.444029205759687
Q9P0U4,15.409326159267358,25.143952443020403
Q9P0V3,17.52375642990359,23.81532634228141
Q9P0V9,16.457380975269302,25.098820707859335
Q9P0W2,15.839344300302315,25.71443500717164
Q9P107,15.240444887267621,24.5230116861063
Q9P1Y5,16.35018180262395,24.047105518631074
Q9P1Y6,16.00114097416803,24.819270736044185
Q9P1Z0,9.691166424660814,23.942743596004824
Q9P1Z2,15.595877161655121,23.366352366137544
Q9P215,16.72793538730467,24.968043520696895
Q9P219,13.92427547472495,24.203714591320708
Q9P246,14.877766149749357,26.214134542849184
Q9P253,17.29330375872599,24.881166391268845
Q9P258,19.17332482402743,28.156738840421973
Q9P260,16.143413768091254,24.01930313026838
Q9P265,15.822780466054862,24.637707737978868
Q9P270,16.561001038078047,25.0193675981482
Q9P273,16.54383065037748,24.90283500724965
Q9P275,16.513153428842056,24.158277665014054
Q9P287,16.652154052927507,26.561081778894383
Q9P289,16.76358585860748,25.606012723807346
Q9P291,17.792103829227273,23.44078567120586
Q9P299,16.663114740362175,24.54686132111733
Q9P2B2,17.10076821939337,25.452391039485747
Q9P2B4,17.171772974848096,25.165300053013492
Q9P2C4,16.260512634374948,25.574034225636744
Q9P2D0,16.473118227321333,23.757419920326896
Q9P2D1,16.96459235737665,24.734438814990664
Q9P2D3,15.816961893197433,24.141058033070937
Q9P2E5,16.1225617105136,24.758502452573737
Q9P2E9,19.48320087394453,26.86363959394619
Q9P2F8,15.12333951903372,23.55295724112683
Q9P2G1,17.27410944756832,23.910972590681816
Q9P2I0,17.858727691437473,26.08362739029728
Q9P2J5,19.329126509554943,28.152787169062425
Q9P2K3,14.667315987021615,25.547638155368308
Q9P2K5,18.786507969073448,28.14871786017615
Q9P2K8,15.765569566561929,23.448484835499734
Q9P2L0,16.973808783471643,23.068883792689075
Q9P2M7,15.873832779377787,24.127981336919447
Q9P2N4,15.137461416779404,24.688429129988478
Q9P2N5,16.417577336485287,25.68129986672001
Q9P2N6,14.308401037387075,24.748594383061953
Q9P2N7,16.2629155448741,25.18456208535074
Q9P2P5,12.52697262337365,21.998331836119306
Q9P2Q2,16.8774014711598,23.440695707607187
Q9P2R3,16.600719005699563,24.88167225560986
Q9P2R6,17.34675722627039,24.96750390042797
Q9P2R7,18.512288894196896,26.132878042467105
Q9P2T1,19.158706470099283,25.604830931319196
Q9P2W1,16.606440529201826,24.07199231446113
Q9P2W9,15.91476825043184,24.70023391299121
Q9P2X0,16.878301944354813,27.513535128175974
Q9P2X3,16.341854709358273,23.997780426710843
Q9P2Y4,14.367269392255528,24.13440814502886
Q9UBB4,18.640647700157768,27.260454128213542
Q9UBB5,17.376111565417876,24.750931782674932
Q9UBB6,16.446174505963352,24.932639868463763
Q9UBB9,17.01709111883627,25.38135795096821
Q9UBC2,17.05961031491671,25.74368989911087
Q9UBC3,15.405547862078038,25.388829430878427
Q9UBD5,15.90055946214919,25.076089932428733
Q9UBE0,18.623785079273134,27.47914490019955
Q9UBF2,17.264751009301403,26.07744885019582
Q9UBF8,15.46886587705766,23.983971087413597
Q9UBG0,16.216363444079164,25.770393002053734
Q9UBH6,17.906808790085325,25.80276643279913
Q9UBI1,15.683238165992506,24.886260244057237
Q9UBJ2,16.882103513884374,25.18785708922479
Q9UBK7,16.786764582022652,24.004435057912332
Q9UBK8,14.41374116397746,24.72976381305981
Q9UBK9,15.908719526428024,25.255527786696156
Q9UBL3,17.102830438480034,25.81950240770674
Q9UBM7,15.63899481893193,25.13976686837396
Q9UBN7,16.363012398035163,24.43845519914365
Q9UBP0,16.779120634041575,24.665433425172488
Q9UBP6,16.413552929937502,24.810681993587416
Q9UBP9,16.656086272899962,25.972970170064972
Q9UBQ0,18.189322291919453,26.068959448387666
Q9UBQ5,16.815288270559996,28.639267630025213
Q9UBQ6,16.59008445752394,25.597115090398905
Q9UBQ7,18.312847112529756,26.582969942472378
Q9UBR2,16.865490010587994,29.564643895594497
Q9UBS4,18.742435070307266,27.50719258287425
Q9UBS9,14.992018661258209,24.344266172073628
Q9UBT2,19.13660558248343,27.93959761318858
Q9UBU6,16.87150582375565,24.365390230100733
Q9UBU8,15.176667763287044,25.23519088262459
Q9UBU9,15.683834677087553,26.04351628220387
Q9UBV2,15.245012782977225,24.74879209718878
Q9UBV7,15.605210333211838,23.623199990050356
Q9UBV8,15.108143600033406,26.851057883841168
Q9UBW7,16.886886253668035,25.697340836932952
Q9UBW8,15.034548936234456,25.763296717329236
Q9UBX1,14.496527667742226,23.78799021340637
Q9UBX3,16.73205572458778,25.956785369694913
Q9UDT6,16.74967660878199,25.056645766139603
Q9UDW1,16.524532272722617,25.098709731265167
Q9UDX5,16.67826060589445,25.31520810320695
Q9UDY2,18.327240397684193,25.951739728061828
Q9UDY4,14.921757226728145,25.246196257210496
Q9UDY8,15.250164861752634,32.327995952859844
Q9UEE9,16.771542341901913,26.067775072488516
Q9UEG4,16.242732094169316,24.52347718855239
Q9UER7,16.268296291394673,24.995025508351667
Q9UET6,14.557277249696458,24.777333132743806
Q9UEU0,15.504846664672426,25.32694370182027
Q9UEW8,15.828112553152764,25.89588386985
Q9UEY8,17.73002393608346,26.9667904037426
Q9UFC0,17.782219259603277,25.747907947797543
Q9UFF9,14.377499277784578,23.88930778722468
Q9UFG5,16.47039753507196,24.55476477554365
Q9UFN0,17.210426926661984,25.64644157977358
Q9UFW8,18.63207291875537,26.26010107789705
Q9UG01,15.889018174618942,25.03741679240598
Q9UG56,15.588454850970518,23.235607226405822
Q9UG63,17.609010636654617,26.763234291764018
Q9UGI8,17.079209856392726,26.907740137505137
Q9UGJ1,15.970569446427673,24.20983198765222
Q9UGL1,15.451330274165404,23.064684389028404
Q9UGM6,15.374146059485568,23.146986711897565
Q9UGN5,15.62654340159633,24.031292793800816
Q9UGP4,15.09159877121092,24.76168967421338
Q9UGP8,18.531013428863027,26.772343056878093
Q9UGR2,14.175116107862145,23.70850328945784
Q9UGU0,16.173450409267975,24.28908193734795
Q9UGU5,16.76801238570338,24.264591570339192
Q9UGV2,16.943732845394514,25.642408176593964
Q9UGY1,16.803966421611495,24.80841802184547
Q9UH03,16.878330326384628,24.088207151995032
Q9UH62,16.28930805525195,25.27377920436786
Q9UH65,17.31198985539654,25.65143488265943
Q9UH99,16.354042828736084,23.663706985221012
Q9UHA3,16.077755588957277,26.188932480053534
Q9UHA4,14.878802823113762,26.07757741915083
Q9UHB6,18.499243133369642,27.806926173170826
Q9UHB7,14.59528365162511,24.072361619271398
Q9UHB9,18.149167848596953,26.672025261601075
Q9UHD1,17.32354484920091,27.146145991991045
Q9UHD2,16.256596275964935,25.132140835874903
Q9UHD8,19.861326252141136,29.4913281690314
Q9UHD9,16.138883457757302,26.261813245876553
Q9UHF1,16.584200819988798,25.381851309163757
Q9UHF7,15.526285478249822,24.004825493297734
Q9UHG2,15.96262697698938,25.68085452727287
Q9UHG3,15.816101437269118,26.380425442952294
Q9UHI6,16.482196134019468,25.432347632255095
Q9UHJ6,17.488701117730244,24.580337331831092
Q9UHL4,16.670260228085972,25.509007700129605
Q9UHL9,14.96981112747045,28.959834639195808
Q9UHN1,15.536621927703328,24.924492906041728
Q9UHP3,14.944422770221346,24.05291235331537
Q9UHQ1,15.259157932668284,30.788877964979974
Q9UHQ4,17.688164841265397,25.23111953280826
Q9UHQ9,16.71856487614587,25.4311256334283
Q9UHR4,14.534610656587256,23.655630621038842
Q9UHR5,16.55948565904292,26.510765983538025
Q9UHR6,15.378499160014071,24.63848093519549
Q9UHV7,16.134687516310773,24.311049593709008
Q9UHV9,18.273290726033572,28.568434105864657
Q9UHX1,18.826196425580694,27.916156273527815
Q9UHY1,17.62119593807859,25.544882279072944
Q9UHY7,17.13875556434478,26.305297786441916
Q9UI08,15.06826047214335,26.30468891382318
Q9UI09,16.859732653229983,25.05433672274706
Q9UI10,17.037524433124638,25.423441414410796
Q9UI12,17.340120708922523,26.016930522257592
Q9UI14,16.34808016508372,25.429133493615097
Q9UI15,17.60387825569937,26.855420715720197
Q9UI26,16.471423736825937,24.640481854550583
Q9UI30,18.372663446291792,27.43646379172794
Q9UI36,14.91938224005776,24.76138114822075
Q9UI42,14.447501970709165,24.02198429895596
Q9UI43,15.620293802161378,23.489760392540013
Q9UI95,16.880316041003315,25.426520322281142
Q9UIA9,17.18485946264029,26.07940368457483
Q9UIC8,16.030412146502304,25.196032976366617
Q9UID3,15.870315323580053,24.731543051008252
Q9UIF8,16.090585809023153,23.791044814333677
Q9UIF9,16.1243777762303,24.260779514208462
Q9UIG0,18.65598145999924,27.106246276664574
Q9UII4,16.59395306328053,24.15537699629597
Q9UIJ7,17.56196971644279,26.654658711282302
Q9UIM3,14.41436554831567,24.670668187830337
Q9UIQ6,15.843259402720381,24.89061863446834
Q9UIS9,15.667412903876421,27.111836308541562
Q9UIV1,15.880497973006946,25.331653058007863
Q9UIW2,15.532599834348785,24.109176932690094
Q9UJ14,16.624890946160317,24.53743034536952
Q9UJ41,16.94892461332397,24.60983757293955
Q9UJ68,16.766742926305646,24.50667927776376
Q9UJ70,16.500383855103554,25.93072403281089
Q9UJ83,15.886498813671336,24.175014191936317
Q9UJA5,17.155452707821965,25.19492239906297
Q9UJC3,16.367303341823956,24.228464298504356
Q9UJC5,17.95977680460249,25.396222167546675
Q9UJD0,15.361431071820286,24.502545156488583
Q9UJF2,15.41979913263285,26.102827466875596
Q9UJQ1,16.709370690952813,24.93092286390032
Q9UJS0,18.101901981596694,27.557552637738603
Q9UJU6,17.73966229180039,27.29910995764491
Q9UJV9,17.41388365353787,25.750856411546664
Q9UJW0,17.63285955483387,26.210924253173314
Q9UJX2,16.675384906582305,24.85138649912474
Q9UJX3,16.60289249672133,25.33338235168313
Q9UJX4,15.709986937864228,24.78260505572323
Q9UJX5,14.392776712243554,23.89140047352889
Q9UJX6,15.775937689292352,24.71156500034955
Q9UJY4,14.869791419558442,24.90840848771161
Q9UJY5,17.139701650283214,25.559895612214476
Q9UJZ1,17.647178133624365,27.48127872893413
Q9UK08,14.70584926125359,28.19656260841858
Q9UK33,12.616985385304893,22.821296070025525
Q9UK39,15.890365867337257,23.867736855264035
Q9UK41,15.909411089506238,25.88221464985353
Q9UK45,16.830054264180305,27.632515645415108
Q9UK58,16.718711248718417,24.627679680126896
Q9UK59,15.965385504711218,24.686157580848256
Q9UK61,17.015515045503573,24.857620854091884
Q9UK73,15.698300072754455,23.738529375708932
Q9UK76,17.61128129189831,27.619093018533544
Q9UK97,15.11493961528446,24.439460928985113
Q9UK99,14.23679349726613,24.94743597994962
Q9UKA4,15.237006002808108,24.046226575066974
Q9UKA9,17.358893684172617,25.09594858989587
Q9UKD1,18.41728479682317,24.863492260326854
Q9UKD2,16.66738762184632,27.19696545038512
Q9UKE5,15.290593430268732,27.111189599005268
Q9UKF6,17.573317449268114,26.800583330736085
Q9UKF7,14.562327014288888,24.3476346477323
Q9UKG1,16.097448029493428,25.576138399218355
Q9UKG9,15.450818149341918,24.231666552175877
Q9UKI2,15.337566329569075,24.170857667567283
Q9UKI8,15.775982634019494,25.25461120241719
Q9UKJ3,16.528779789940323,25.204908811029416
Q9UKK3,15.398146920620457,22.59557437676082
Q9UKK9,18.086046038214967,27.665322931918862
Q9UKL0,17.10398101665488,25.705352023869033
Q9UKM7,16.481837784270414,24.742893087966475
Q9UKM9,19.489617024454013,28.885214575674702
Q9UKN8,18.233137018883884,25.837397816694025
Q9UKP4,14.901748274691885,23.217149227429772
Q9UKR5,15.073893896523371,25.42356884510025
Q9UKS6,16.159187364492457,24.627479085541474
Q9UKT5,15.919121633342533,27.002714480366425
Q9UKU7,15.204396069307938,24.294394774472934
Q9UKV0,15.46978653732169,23.452670327464627
Q9UKV3,19.255783403872684,28.079579656637392
Q9UKV5,14.348328771699856,24.48112198715856
Q9UKV8,16.153822887632717,25.039991381519837
Q9UKX7,17.276102090230655,27.288497107017818
Q9UKY1,14.841206823651214,24.314650796559583
Q9UKY4,14.709539484411254,24.056686123945294
Q9UKY7,16.27176000240262,26.369877524697202
Q9UKZ1,16.60976544248213,24.7474519212855
Q9UL03,16.363414846828082,24.5568021042663
Q9UL12,13.871387807064442,23.79176424127736
Q9UL15,16.002609177837346,24.634433360583753
Q9UL18,15.283139478926202,24.396594264174773
Q9UL25,16.15652322237056,26.434325856416784
Q9UL26,15.728195638770757,23.751283905290954
Q9UL33,16.928020142145726,24.922008459016947
Q9UL40,16.929426828827907,25.715108605800253
Q9UL42,16.53291229304022,25.50005576286441
Q9UL46,17.99819588887649,27.343840000369394
Q9UL54,15.81431977196316,25.19942459367063
Q9UL63,16.009408061547187,24.34080115108989
Q9ULA0,16.969732537772913,26.177997877148975
Q9ULC3,17.52453008430084,25.278512591365583
Q9ULC4,17.666543579845012,26.594398855801654
Q9ULD0,14.703125336436736,23.558118795103407
Q9ULD4,14.379514121049272,23.63649928036562
Q9ULD9,15.277757855903513,23.628014100121046
Q9ULF5,16.000357283421497,25.13489065984885
Q9ULG1,15.514622742606411,24.21684508328066
Q9ULG6,14.969540721371084,25.114200925429493
Q9ULH0,17.265396384265802,25.974487390994263
Q9ULH1,16.81674366228233,24.426829697930998
Q9ULH7,15.40023679301701,24.490228574091823
Q9ULI0,16.761323066434617,24.1777460805801
Q9ULI3,15.890488611769328,21.916115631606413
Q9ULI4,14.437502153429625,23.62034658797878
Q9ULJ3,16.065143552411943,23.59466553515118
Q9ULJ6,14.309252158779499,24.707548518904026
Q9ULJ7,15.965529051587733,23.20134543238923
Q9ULJ8,16.28750757445201,24.202883065762506
Q9ULK4,16.157658464478786,24.256262974961782
Q9ULK5,16.345040498381987,23.63781353833324
Q9ULL5,17.19226959783732,25.422645359030803
Q9ULM3,15.617914880469254,24.444296139649495
Q9ULP9,15.626117453674693,25.103405317182762
Q9ULR0,18.644693914226163,26.478647960062005
Q9ULT8,17.337351597818078,25.40142137495001
Q9ULU4,17.173238327902776,25.643973078207534
Q9ULV3,15.439019919127626,24.587304120957363
Q9ULV4,19.061900009895936,28.07681542743407
Q9ULW0,18.265469138000363,26.490661628435305
Q9ULW3,16.494026240167102,23.832168641193615
Q9ULX3,17.2214673920165,25.07661330652084
Q9ULX6,16.11972006527453,25.492606727259147
Q9ULX9,14.702472223484856,23.32648373189513
Q9UM00,15.944808653782014,26.713605547868994
Q9UM13,16.156578088005137,24.97287249502107
Q9UM22,15.610067506670523,23.93264054422492
Q9UM47,14.856676120653377,23.784301155947485
Q9UM54,18.163309489817834,26.06232240581976
Q9UM73,16.396341743623978,23.53606095375014
Q9UMN6,16.720232018417757,23.393266782168027
Q9UMS0,18.235646667576113,25.685057408866722
Q9UMS4,19.11802451429428,29.1109711869765
Q9UMS6,19.30731805181556,28.224887277484264
Q9UMX0,16.208275287980925,26.67636801041164
Q9UMX5,17.956508318071585,27.40788275185312
Q9UMY1,15.990737885133736,26.8003071953813
Q9UMY4,17.619703226548065,26.134064085407065
Q9UMZ2,15.376621196566896,26.309293217874107
Q9UN36,15.70865520641142,24.906046380102094
Q9UN37,16.88449931019693,25.194086001353035
Q9UN70,16.278555485730624,24.55760936206602
Q9UN86,17.79024507427374,26.885204376898123
Q9UNA1,14.984968221303854,23.073276662457886
Q9UNE7,17.120310484198075,26.493539390180864
Q9UNF0,17.23085044008248,25.786734418304494
Q9UNF1,18.516068698761345,26.743637002619973
Q9UNH6,16.645406964654537,25.603362353550136
Q9UNH7,18.62688682928052,26.268757910138923
Q9UNI6,17.79284394835382,24.720257985842785
Q9UNK0,17.457007747680596,24.511336804813837
Q9UNL2,18.895165294972674,26.59564688921749
Q9UNM6,17.694760446469544,27.667152956087563
Q9UNN5,17.0894826024892,25.901082853823496
Q9UNP9,16.550406780246117,26.417319752493956
Q9UNQ2,16.7218459298345,25.23903936680483
Q9UNS1,16.52270481799649,24.64847769040757
Q9UNS2,15.186312557779457,26.440409782517317
Q9UNW1,17.024285002205943,26.032420358275978
Q9UNW9,16.249185920906296,24.039717541995145
Q9UNX4,18.369138209886383,25.828946843149666
Q9UNY4,16.429920582315383,26.7346076478662
Q9UNZ2,17.902718976122433,27.01963766063266
Q9UP83,15.200852868919513,25.08987911936856
Q9UP95,15.982925490124098,24.171467854221987
Q9UPM8,14.089638037722464,23.786198723088038
Q9UPN3,18.47642444865038,26.149485662806843
Q9UPN4,17.22353138911933,24.887745119864164
Q9UPN6,15.9964085531958,25.43393349702173
Q9UPN7,15.361504512569038,24.43259191635703
Q9UPN9,16.82618250397742,25.135622296207615
Q9UPP1,15.242222549003804,23.959859321702417
Q9UPQ0,17.21171812579223,26.522807308218262
Q9UPQ3,15.279269126518619,24.746548268259044
Q9UPQ9,14.98913306308107,24.56060140647708
Q9UPR3,14.83709221840481,23.623980441673528
Q9UPT5,17.786830199464273,25.7334373761032
Q9UPT6,14.999200017641327,24.083755315174972
Q9UPT8,15.878730082441239,25.244259702980205
Q9UPT9,16.671820984642565,23.286455250247496
Q9UPU5,17.363115710011296,24.707998495940892
Q9UPV0,14.231763739655294,20.429860291354334
Q9UPW0,14.278062088484262,24.79122018287454
Q9UPW5,16.01012661908279,23.411179320871817
Q9UPY3,16.123699474357785,24.768497112056778
Q9UPY6,16.077365665763402,24.7993786172484
Q9UPY8,17.45036460857525,24.846058516568068
Q9UPZ3,12.625186068780696,26.80154039078568
Q9UPZ6,16.002932785635043,25.13679062808588
Q9UQ13,14.989956468412444,25.515561523770042
Q9UQ16,13.56766178028098,27.82267420448905
Q9UQ26,14.845014775186476,20.40739329244107
Q9UQ35,17.879352994215957,28.07182084494062
Q9UQ53,14.276848915800635,23.02435158340001
Q9UQ80,18.27933034162613,29.44372433283889
Q9UQ84,14.052183297807042,23.460357526203342
Q9UQ88,16.665196569956134,24.195080112717232
Q9UQ90,14.771348792677138,23.13720271036955
Q9UQB8,17.251959710303286,25.18892665258866
Q9UQC2,15.478792919646592,25.17592444997557
Q9UQE7,19.337804108778712,27.82193482562197
Q9UQN3,16.751678207172684,27.154658027167912
Q9UQR0,16.838522318968497,25.184006520499572
Q9UQR1,15.802426749246626,24.686543663571893
Q9Y217,16.99789922622414,24.895674820518977
Q9Y221,15.914890664269404,26.461954710502216
Q9Y223,17.493381393017632,25.689618383677004
Q9Y224,17.977703979342827,26.97205122318213
Q9Y227,15.133335142297259,23.592874782344126
Q9Y230,18.615288573610602,29.26043480597163
Q9Y232,15.968042430638786,24.83407583628991
Q9Y237,18.7362929164097,27.522435800457593
Q9Y243,16.562229975316924,26.432214720265733
Q9Y244,14.715127932371704,24.61376603161866
Q9Y248,15.834967458864979,25.429043409342675
Q9Y250,15.12650069229463,23.73914868880562
Q9Y262,18.73048171335378,28.62457538841851
Q9Y263,17.177027674482243,26.751961519888788
Q9Y265,19.546555224161025,29.09611332152119
Q9Y266,19.941884859778057,29.027098833488704
Q9Y276,16.569658507123464,24.639738751197886
Q9Y277,17.813530200560624,28.036344078237416
Q9Y281,19.993175987635492,26.010261746226412
Q9Y282,15.69152549568966,25.45739976132297
Q9Y285,15.206707394439773,28.085128671995488
Q9Y287,14.62720902492949,24.35190247682528
Q9Y289,16.128299543908625,25.852038526922748
Q9Y291,15.422611850791121,24.87352704903984
Q9Y294,17.83080056669401,25.480081827452207
Q9Y295,16.902461911953747,25.97621968409868
Q9Y296,16.457296319632736,25.011148114569234
Q9Y2A7,18.500708335876816,26.293873366302453
Q9Y2B0,16.03087161705339,27.808714031790835
Q9Y2C4,14.47904426902074,24.303821779606317
Q9Y2D4,15.026506951888663,25.420174675736362
Q9Y2D5,15.340268554017408,24.86484416877606
Q9Y2E5,13.476991486726964,22.954085704659143
Q9Y2F5,14.21988148433807,25.637602740543503
Q9Y2G0,14.096014181931428,22.499424766488968
Q9Y2G3,14.703763475807788,23.90781176157433
Q9Y2G5,17.618960053904093,25.141839789162958
Q9Y2G8,16.280559213951054,24.13099483024856
Q9Y2H0,16.692338588544626,25.080551643868542
Q9Y2H1,15.967428673233975,24.408076308970056
Q9Y2H2,16.052618727209456,24.062045890606015
Q9Y2H5,16.442933973719107,25.379893846935428
Q9Y2H6,16.836625162991417,25.757476815569355
Q9Y2H9,15.334774467720024,22.566207836008946
Q9Y2I1,15.491860109413523,23.787848270995696
Q9Y2I7,16.015625157865784,24.291837388836274
Q9Y2I8,15.416462110832024,24.543189960624208
Q9Y2J0,15.28069121820828,24.394898782830456
Q9Y2J2,15.749641055915628,23.81166004814943
Q9Y2J4,14.216078760617963,26.79273242941294
Q9Y2K2,14.17843758374229,22.82725488875338
Q9Y2K7,17.459884070934248,24.901519843072514
Q9Y2L1,18.09291363185665,26.864608950387307
Q9Y2L5,16.320377773910643,24.149024281887044
Q9Y2L9,17.047208250804267,23.987284052063483
Q9Y2P4,17.25142295666039,25.027688330504933
Q9Y2P8,17.91006820213802,25.66666782714758
Q9Y2Q0,16.021515751480326,23.556379209188094
Q9Y2Q3,18.25851938476931,26.613878767129847
Q9Y2Q5,16.09650101943207,26.052356568978194
Q9Y2Q9,16.882044986396906,25.88267181778872
Q9Y2R0,16.943622858065318,25.669583347045148
Q9Y2R4,15.223750598082928,24.792663219313454
Q9Y2R5,16.337787021338098,26.453299980184
Q9Y2R9,17.117338669626463,26.030122382954413
Q9Y2S6,18.281106144696462,28.0006912315091
Q9Y2S7,16.837078404628052,25.617535026194698
Q9Y2T2,16.485030249468437,26.077753038649472
Q9Y2T7,16.284130594279027,24.616237214659943
Q9Y2U8,17.184485291347634,25.244296304048813
Q9Y2V2,16.19761634737774,28.596376945263827
Q9Y2V7,15.22644545989313,26.306482225786077
Q9Y2W1,18.610249037137173,28.55794093967495
Q9Y2W2,18.069965605249156,26.356699725703184
Q9Y2W6,16.829372175073335,25.31539734040004
Q9Y2X0,17.38743090310892,24.642585490302764
Q9Y2X3,18.21414992646203,27.611858539369663
Q9Y2X7,16.621136528335654,26.58114573734074
Q9Y2X9,15.58959020400095,24.63756169630314
Q9Y2Y0,16.03808910671997,25.334993813635027
Q9Y2Z0,16.795667127817776,27.065352947685497
Q9Y2Z4,16.683141730632734,25.45800096236794
Q9Y2Z9,15.15892595157386,23.747777190041255
Q9Y303,16.278653139575063,24.752833918815973
Q9Y305,16.376518431796967,26.094667579994173
Q9Y312,16.49206942174953,28.227825057631698
Q9Y314,17.646057929659076,25.67636544107301
Q9Y315,17.378048404380618,25.123147445515503
Q9Y316,17.175240769628292,25.260023933022193
Q9Y320,17.912534558369636,25.614247508754914
Q9Y333,17.78217554561458,27.358545431396745
Q9Y343,17.552539947355072,23.678471515946374
Q9Y365,16.92446702528006,24.060942349542017
Q9Y371,16.533549174160555,26.251930905514374
Q9Y375,16.45304341029992,24.975643701234873
Q9Y376,17.198420101029964,25.618493746616377
Q9Y383,18.169691660972234,27.903668717997764
Q9Y388,17.74953452626977,24.841678359006732
Q9Y394,17.043541387127956,26.886566737101056
Q9Y399,15.999735502210877,25.956388809300872
Q9Y3A2,16.660639898518824,25.202339722111606
Q9Y3A3,15.40075735025162,26.902224403087448
Q9Y3A4,16.847816137642404,25.896361083246525
Q9Y3A5,17.711472119687883,26.86570221410053
Q9Y3A6,16.588609364479183,26.677339699368876
Q9Y3B2,16.187866525425612,26.179609994230304
Q9Y3B3,18.826049349548853,27.90805880767803
Q9Y3B4,17.42295590647351,27.116279985991444
Q9Y3B6,15.479472060892434,23.767982652345662
Q9Y3B7,18.57440926153694,26.010499604003133
Q9Y3B8,17.30339155894602,26.394398336398027
Q9Y3B9,17.529276438259043,26.011653752012037
Q9Y3C0,15.782213358612152,24.559757795519804
Q9Y3C1,16.80457145804266,25.443248880991153
Q9Y3C4,13.93624418581381,25.13663132635543
Q9Y3C6,16.89919800999893,27.45075271999375
Q9Y3C8,17.720904035353026,27.00069830089036
Q9Y3D0,17.06022870880195,25.25309036984513
Q9Y3D2,16.090001193846916,26.088768317018747
Q9Y3D3,16.95944619371812,25.879849143149904
Q9Y3D5,13.64058703856111,24.69027527574464
Q9Y3D6,16.244051891444037,26.99627840450985
Q9Y3D7,15.594917153078699,26.340226786775865
Q9Y3D8,15.844940629421734,25.06056567074213
Q9Y3D9,17.668453670403203,26.216285980570486
Q9Y3E1,18.710445593767602,27.059328337239922
Q9Y3E2,15.407568250151353,25.96891094533236
Q9Y3E5,15.722728858394404,26.23729012856564
Q9Y3E7,15.657790179510652,25.428797836521234
Q9Y3F4,19.018443187072915,28.444607024029175
Q9Y3I0,18.917774508988675,28.49740596238507
Q9Y3I1,14.564949695544005,24.396684407462107
Q9Y3M8,13.844071425875795,21.9526067147309
Q9Y3P9,17.452803637697993,24.857302725910632
Q9Y3Q8,16.166234729070503,24.001224383734247
Q9Y3R5,15.410314601701808,23.187244228082765
Q9Y3S2,15.046358982130357,23.811438589631344
Q9Y3T9,17.934819652313543,26.86319591704805
Q9Y3U8,17.71990829229223,28.451263655233376
Q9Y3X0,16.408082519391183,26.32325359241656
Q9Y3Y2,15.593265100327091,26.735957187012623
Q9Y3Z3,17.65058153167665,25.13080456760364
Q9Y421,17.811885156267834,24.65404065965939
Q9Y448,16.811032695314736,25.320042655869948
Q9Y450,17.476353482754877,25.56989685461204
Q9Y463,14.4937893533848,24.695669508682226
Q9Y478,16.254044682663718,25.040005667227337
Q9Y483,16.95099482618739,23.362448062088795
Q9Y484,15.804662906835159,24.258151228670673
Q9Y485,13.21333951932786,23.46453179106877
Q9Y487,16.42149837485836,24.397782440411593
Q9Y490,19.758269116539367,28.68394931958384
Q9Y496,16.59932471022221,25.48339028901783
Q9Y4A0,12.504546736462887,22.36891936892436
Q9Y4A5,17.609114660554802,26.37130698491153
Q9Y4B4,15.788147862482939,23.042292608382276
Q9Y4B6,16.23954263902281,24.43983040852172
Q9Y4C1,15.663845452757439,23.428405988754047
Q9Y4C2,18.11136942887436,26.21606228867412
Q9Y4C8,15.846223928467195,24.73923162843851
Q9Y4D8,15.89243796416047,23.22187389874932
Q9Y4E1,14.80008850963433,24.145864451375232
Q9Y4E5,16.57428510352536,23.975134763905558
Q9Y4E6,15.221480599254715,23.98084197312338
Q9Y4E8,15.9584368851155,24.36806166298375
Q9Y4F1,17.68986055625073,25.12682957972065
Q9Y4F5,15.391154425325624,26.177796517475727
Q9Y4G6,16.96201505820148,25.86817772480141
Q9Y4H2,16.383681007771315,24.82503335837998
Q9Y4I1,16.179453424530127,25.070450204370577
Q9Y4K0,16.739312567565467,23.204523981754516
Q9Y4K3,17.09284418964706,24.465740449510644
Q9Y4K4,16.976590636720452,24.429173814053023
Q9Y4L1,19.486636046231173,29.66065596260831
Q9Y4P1,16.051495331134735,24.55937621522704
Q9Y4P3,17.093598096307257,26.036882345030772
Q9Y4P8,16.750266412376057,25.266222565624872
Q9Y4R8,17.40892244829364,26.06364705533518
Q9Y4U1,15.55397135950164,24.86432336994949
Q9Y4W2,16.54308829529411,26.320398788805775
Q9Y4W6,17.18960544180962,25.41894593422705
Q9Y4X4,15.92108488113637,24.22082362742934
Q9Y4X5,15.792112639300225,25.276068695134526
Q9Y4Y9,19.2343744714584,21.96033607845234
Q9Y4Z0,18.75721640774571,27.65433883238236
Q9Y508,17.74623100801639,25.93060842939742
Q9Y512,17.783727988240425,26.462385927188635
Q9Y520,18.18160572177832,26.676921105359085
Q9Y530,15.895133389356088,25.099761069781508
Q9Y535,14.820364424182275,23.496929460147243
Q9Y546,11.633057189270943,23.567782623091375
Q9Y547,15.664661272886162,25.970088251680185
Q9Y570,17.150383158897956,26.80195681163239
Q9Y580,14.591209177742808,25.27955722513493
Q9Y5A6,16.282449470222236,23.255529575521187
Q9Y5A7,15.338538416192792,25.96413405943722
Q9Y5A9,16.752124205627997,26.529153070009624
Q9Y5B0,15.313341770209508,24.368670523107443
Q9Y5B6,16.218174755808285,24.486787372832964
Q9Y5B8,17.22839784306572,24.791817256666086
Q9Y5B9,19.95891306099294,28.73844439522297
Q9Y5E6,16.071501695488426,23.559899024651315
Q9Y5E9,14.914175113171055,23.457091382922222
Q9Y5J1,16.236284989561714,26.32478095825011
Q9Y5J6,16.4521404249239,26.460321323190826
Q9Y5J7,16.725386043687596,26.074302687319204
Q9Y5J9,18.412776936543377,26.031822607278954
Q9Y5K5,16.430864343774406,27.1052249506551
Q9Y5K6,17.08998770883996,25.031988220831128
Q9Y5K8,16.94967171118116,26.46752295718031
Q9Y5L0,19.03981220097306,25.39201869893778
Q9Y5L4,15.241811774805281,27.924862798099888
Q9Y5M8,18.0557105449488,26.69180390274237
Q9Y5N5,16.183504735986634,23.993745210385388
Q9Y5N6,16.71732218466872,24.93741858795849
Q9Y5P4,16.566434869266416,24.945597656716444
Q9Y5P6,17.530223123192602,26.221854667384427
Q9Y5Q8,17.20907777356657,25.96553482496264
Q9Y5Q9,16.910138167391025,25.856939365054505
Q9Y5R8,15.63406461402222,24.879098257357914
Q9Y5S2,17.538975114545376,25.064250279116482
Q9Y5S9,15.109677298579982,28.231262416277115
Q9Y5T5,16.44693432918144,29.713753827213445
Q9Y5U2,15.631262787083267,26.87905941586675
Q9Y5U9,15.70279842469964,26.895039236838052
Q9Y5V3,16.622321412776916,26.249533884176003
Q9Y5W9,16.430914819541115,23.933860722756574
Q9Y5X1,16.598227910743287,25.48362326683376
Q9Y5X2,15.123157819943264,24.52176746522109
Q9Y5X3,15.27208028410533,25.106469830634975
Q9Y5Y0,16.168840753027887,24.393137399542645
Q9Y5Y2,16.20181153971186,28.279395337356586
Q9Y5Y5,16.78552897520074,23.47295621952512
Q9Y5Z4,14.414064558483746,25.39825004225266
Q9Y605,16.32554898002766,25.56162599408225
Q9Y606,15.50570203293651,24.83189027767536
Q9Y608,16.184882159750188,25.02378899127986
Q9Y613,16.28930127305797,25.67549326963546
Q9Y617,19.540117460101833,28.534017064670497
Q9Y618,15.50284078359744,24.555060623833537
Q9Y619,16.34157353134431,25.521414563564463
Q9Y620,14.608989614472593,24.78104102887375
Q9Y624,14.427024891920967,22.997531486140762
Q9Y639,15.755203826689508,26.121091632728305
Q9Y657,17.08864819760051,25.837934399103613
Q9Y664,15.761792786768941,23.793297787685134
Q9Y666,14.768956030506956,23.678858855036985
Q9Y672,14.499199493630147,23.841126741009433
Q9Y673,16.818790109092088,25.898612492269255
Q9Y676,18.568414603801127,28.379205594558513
Q9Y678,18.546023817131125,27.31184119076562
Q9Y679,16.762291555970293,25.63524619280514
Q9Y680,16.709353370264367,25.59436322956906
Q9Y692,16.289607808988304,24.53469851215531
Q9Y696,17.575241485946815,28.13439162949548
Q9Y697,17.191282304393205,25.432975633004837
Q9Y6A4,17.087304644148926,25.80054889539085
Q9Y6A5,17.278450728709213,25.13765598613101
Q9Y6A9,14.724508657234171,28.816718875337017
Q9Y6B6,16.79718010183627,25.60021053648887
Q9Y6C2,16.608184652358254,26.607079264266662
Q9Y6C9,17.814712130406654,26.987975521473405
Q9Y6D0,16.497436704650497,25.5851176493933
Q9Y6D5,14.97306416510902,24.457670421502442
Q9Y6D6,16.22727045690473,24.834179126900235
Q9Y6D9,17.876642961048738,25.821571295015932
Q9Y6E0,17.393266847642124,26.19210911001686
Q9Y6E2,17.714350542632605,26.65638029703745
Q9Y6G3,16.346031161281864,25.52156632545014
Q9Y6G5,16.30535297911724,24.96809656317897
Q9Y6G9,19.135904224615093,27.306193444401373
Q9Y6H1,16.12368056241909,24.231392079564092
Q9Y6I3,17.391296209104382,26.179822531515367
Q9Y6I4,15.213847518952356,24.47850660257299
Q9Y6I9,16.398937966798506,25.334796951096916
Q9Y6J0,15.792921309601299,24.17906328527533
Q9Y6J9,15.775271659302103,25.319067717840706
Q9Y6K0,16.281695479415873,25.974036848677013
Q9Y6K1,17.112435077769398,26.351782807617692
Q9Y6K8,15.791597102297288,22.901034987136047
Q9Y6K9,16.24122768886701,25.425417967637184
Q9Y6M1,17.55778123068366,25.120734164565107
Q9Y6M4,13.225372055446948,23.87413102295058
Q9Y6M5,17.012195618560455,24.49186997346176
Q9Y6M7,14.623453840808788,25.76765203337998
Q9Y6M9,15.879672087199637,25.449488700864364
Q9Y6N5,15.09436868259354,24.953856514024118
Q9Y6N7,16.70487771773935,24.38193523488057
Q9Y6Q9,13.60852465752811,24.963715311685792
Q9Y6R0,15.893127820526917,25.0291987794222
Q9Y6R4,15.529811691181923,23.03052738617585
Q9Y6V7,16.26828357896906,24.405977679421667
Q9Y6W3,15.919004328148576,24.47168271766069
Q9Y6W5,16.70481606458041,25.597523273006825
Q9Y6X2,14.967649384924124,23.402706724863204
Q9Y6X3,15.453787803943314,23.86525459820391
Q9Y6X4,16.392492230947205,24.397546624241297
Q9Y6X8,14.385998388187389,25.611452454328905
Q9Y6X9,17.336546962446334,25.202279182664782
Q9Y6Y0,16.063831110416317,25.683374525757582
Q9Y6Y8,18.338208744151604,26.085293845764646
