ProteinName,TMT,LFQ
A0AVT1,17.005008171687745,24.35429444025818
A0FGR8,15.164372642195863,22.574874270738366
A0MZ66,15.517591121977354,21.75898276975203
A1L020,13.93324071968361,22.936157110760544
A1L0T0,15.711476837018667,22.78142411791852
A1X283,15.987423499366658,23.98112489260449
A2RRP1,14.293381724961986,21.17811666015459
A3KMH1,14.73693573235457,23.424920445366034
A3KN83,14.033339799567045,20.341863982930096
A4D1E9,14.186391730414439,20.603330050970122
A4D1P6,14.410835179329537,18.672535276182774
A5YKK6,16.319078453107583,23.44671272414251
A6NDB9,13.715645300502347,19.854430989226003
A6NDG6,16.1426871768731,23.75448890329297
A6NDU8,11.865349290350444,21.94805838698911
A6NGN9,13.852837236360616,22.98072260700838
A6NHQ2,16.32714728721348,25.454071651753466
A6NHR9,16.687458770951597,24.941539210299528
A6NIH7,13.65443783022499,22.43076007371759
A6NJ78,12.308894329188286,19.991048691305657
A6NKD9,13.690415559693982,18.83879143811052
A6NKG5,17.690023860921,27.355431242581602
A7E2V4,10.94054910583624,18.52788674202633
A8CG34,12.168903430690564,17.888760907895353
A8MVW0,13.7442827582644,20.317341947112514
A8MW92,13.421285632239687,19.820514206295424
A8MWD9,16.67511468218936,27.285866162268196
A8MXV4,14.173501324525885,23.561032714609983
B7ZAQ6,12.743849181372704,20.64331514974165
C9J7I0,16.56983821965774,23.031780738272595
C9JH25,13.831767724666596,20.91145101008178
C9JLW8,18.44996207284562,25.494275817591323
L0R6Q1,17.68809722314094,23.63928713481378
L0R819,15.16934456886101,24.299605492881323
O00115,13.734621446660983,22.246542098457454
O00116,17.085239919857234,25.048107734254497
O00139,16.975596161218856,24.330514750023983
O00148,14.26225391301471,25.17028884093853
O00151,15.598447103630457,25.626315545055686
O00154,17.650498345011652,28.02114716946386
O00159,16.48134357822706,25.118689921717532
O00161,17.897546950891652,25.357594141150436
O00165,15.216570168354986,23.086987905298106
O00170,17.354295872462014,25.611165868034636
O00178,14.088170070964312,21.871644725961644
O00186,15.801483812494428,22.752074928291904
O00192,12.703600256441263,21.974123917367475
O00193,19.455877341046644,25.765087284345437
O00203,16.696048442105834,23.659547692292787
O00213,13.010733516210932,20.263784972156333
O00214,15.898023586003223,22.014790789480173
O00217,16.08551447216621,23.9652759913116
O00231,17.775166378042698,26.954493647405112
O00232,17.573806293579597,26.180112232531453
O00233,17.283716569731084,24.649229640114626
O00244,15.41439703132998,26.11596615730358
O00255,15.995146470884691,22.186639098684395
O00257,12.0158727753766,19.665246911456727
O00258,15.100607732791666,22.426222146007447
O00264,16.685039988169653,27.25306501341458
O00267,17.075282800475552,24.816208258772853
O00268,14.537261449032993,22.28031088490946
O00273,16.65354230136258,24.304098292426676
O00291,15.328429562077904,23.818245716669566
O00299,18.575220972116227,27.841810233286985
O00303,17.931530839347836,27.26376720191592
O00308,12.60987557502725,19.080929889042505
O00330,16.126665134212168,20.87833164628382
O00399,16.809048213396,22.88665681441997
O00400,12.984926261267844,20.873735917256802
O00401,15.449866223637613,23.919209831583924
O00410,17.32221882092537,25.366866107585686
O00411,14.178162460381547,21.05242532038385
O00422,18.80490241040287,25.55426064705561
O00423,13.387859171690062,21.21962072451111
O00425,17.472448085744833,26.20364682915569
O00429,17.73420000043823,25.094290317067742
O00442,15.971068778087654,23.795247651349605
O00443,14.760124346688695,21.17077185715412
O00459,12.212831769142593,18.307534779004836
O00461,16.297469379462452,24.149715485778355
O00462,12.2470357055754,17.722211721683085
O00468,12.91830965180549,19.56175289009145
O00469,15.771165274804385,23.693669104366002
O00470,11.185720516155797,19.391155355619205
O00471,16.080488747087596,22.586511771965217
O00487,18.09783293913876,26.948621739279904
O00488,12.884447227273556,22.771930752253482
O00499,15.410912906917341,24.648533881329776
O00505,16.355014904493682,24.70014525379372
O00512,13.400689593849304,20.084934437873688
O00522,11.457274883827514,19.417212487027527
O00541,17.697336450265485,24.164334368213552
O00560,15.898979366420862,25.63290212833076
O00566,16.585394933290324,24.428762585003316
O00567,17.487798597687952,25.922383734135114
O00571,16.503175833165713,25.238368893595077
O00584,15.54430252267736,23.475557309982122
O00592,16.386675188445903,23.064628422855684
O00625,17.05996002150457,25.06194303885543
O00629,15.023014475916957,24.35002585029287
O00712,15.210059085513183,23.94745551071059
O00743,18.301158519963856,23.54650694040191
O00746,16.66119111284501,24.890702537500783
O00754,15.297113823649713,22.711016224918883
O00762,16.27697950801738,24.963867969813876
O00764,15.504561548751326,22.717686741443867
O00767,15.243563089858874,22.260463995999633
O14497,16.188000207563242,25.188661126801556
O14523,11.423050656020848,19.651383148771
O14530,17.31938338633528,24.525402484487223
O14531,17.3138144906731,25.470386211491984
O14548,15.36983047272204,22.858192704074046
O14562,18.24932209569445,25.571187406387267
O14578,13.351055013500435,19.219195085903316
O14579,16.127839073152852,26.453910715409478
O14617,16.172059010058074,23.449655089351765
O14618,15.00259666725107,24.024699839396668
O14639,14.07219579205742,22.51085247073371
O14641,11.913595626275276,21.61082451000931
O14646,14.891341851765205,21.333562340878572
O14647,13.574897224635226,21.494497740468532
O14653,15.524534428435548,23.89399965062851
O14656,15.40793446709324,24.811230884218336
O14657,16.82715259915824,23.62314884404734
O14662,14.23606263519021,22.160051900045897
O14672,13.5105892724508,22.56023214074109
O14686,12.455507888008373,17.611044188015736
O14733,14.448033832991376,20.07515624211758
O14734,14.889970541577611,22.13689170969164
O14737,18.508422218613294,26.79323194173829
O14744,17.092042461114605,24.8447159821182
O14745,16.991229043937167,25.396700345254487
O14757,14.760788869294327,21.06502135706658
O14773,16.555589076628618,24.363499636541786
O14776,17.853858107579732,26.137253865423073
O14777,16.149351682310737,23.48896577883768
O14786,12.522353865928533,19.4384581712
O14787,14.951527859083017,22.898895043702733
O14795,13.211685575763596,17.310878005498875
O14802,14.376454989290277,20.17279348151668
O14813,16.987017914168188,26.067052609721596
O14818,18.256367436967206,27.0874161638257
O14828,17.53493616132509,26.769412202126837
O14832,13.340989401438067,19.543398953560953
O14874,13.09973818610646,19.93409827994859
O14880,17.187773191808457,25.245254077526074
O14907,17.353113047684467,25.84784766566805
O14908,15.628541969574405,24.156218876200843
O14920,14.109559773316876,18.928325354926596
O14929,14.786300280135388,24.81738120043244
O14936,14.935636140660101,22.053311474791375
O14964,17.471827714412914,24.828346042520675
O14966,14.367187297088458,22.838568805589507
O14967,16.029554215984202,23.592619517257827
O14974,16.461386449548797,24.054196937414044
O14976,14.474838912620672,22.25413590697823
O14979,18.536500710215424,28.246338331730342
O14980,17.341824215768423,25.737865421002002
O14981,14.189443727696135,21.449411447141475
O15013,13.421275746862284,19.11468700724566
O15014,13.852333849549916,20.70844954363802
O15020,14.881054694564073,21.64024820037058
O15027,15.392995533996897,24.887589592884954
O15031,15.659229279379991,22.39876469315874
O15042,16.540336069784537,25.280637072535907
O15047,13.085188962071102,20.33692864665408
O15061,13.236536629285775,19.309468935467002
O15066,14.952047778100253,20.72105379916723
O15067,16.04282760535262,24.52245597791099
O15069,13.40336570599171,22.38239139280356
O15075,14.199633917198275,21.540966456158493
O15078,12.375845620672857,17.07403518488051
O15084,10.809706800427335,20.642408105137015
O15085,13.847231411308629,21.3294061260522
O15090,14.093886971407583,19.935698763730084
O15091,13.962867004726213,19.649228414505725
O15111,14.863051404151527,21.57973207136948
O15116,16.395299044664384,24.631319051009847
O15118,13.178601193155648,20.913922406130506
O15119,13.951326306164436,20.69518048452108
O15126,16.243888599096483,25.419555715300138
O15127,13.713863171221307,24.299685553496655
O15143,17.148609342594813,26.397404097927126
O15144,18.94557365342932,27.521954443750865
O15145,17.935300616323666,26.623669427885268
O15155,16.46191727332168,25.24650177904741
O15160,17.060451873708246,24.274779565217468
O15164,14.78869231917735,22.531251464626482
O15173,17.29445036435074,26.48993277911958
O15182,15.707761628574229,22.00670877390192
O15212,18.381241404165333,26.972085568844694
O15213,13.834199498648779,22.558852126618913
O15226,16.331532922368602,23.56026600407891
O15228,13.85405171758807,20.710940440262874
O15230,12.390148313027664,20.001105489044424
O15231,14.826230949597782,22.531006959994215
O15240,19.074530699643272,30.17455888963328
O15254,12.752775086086366,20.554747389015372
O15258,17.71072859606428,25.657673270793406
O15260,15.441083653087249,22.44869515534118
O15269,16.05688308818254,24.132170122659705
O15270,15.181636557992299,22.79715108835962
O15294,16.271610251541286,24.072001428177167
O15305,16.595866286840224,25.45035428556816
O15321,14.00011605874965,21.231185881594183
O15347,16.814687451179307,27.87444661537426
O15355,18.618523589527936,28.107626262719208
O15357,15.304807874313553,21.99972424912503
O15371,17.347293286076212,26.277916896479972
O15372,18.0534708238289,26.78196747224335
O15379,10.594950320824339,22.452808211505225
O15381,15.447054485135073,23.028157750361913
O15382,15.727432101292418,23.782952678777296
O15394,11.159764467374572,19.278614269691023
O15397,13.976183024797804,23.88771769177591
O15400,15.008798799536732,24.504035672318395
O15427,14.068613668747561,20.504608830543617
O15439,13.693283861973322,19.286132214270403
O15446,16.07561033718079,23.45985282083114
O15460,16.46510992764033,24.347635199620278
O15484,15.54051366385361,20.326768500636057
O15498,18.205628204461412,25.854453868982954
O15504,13.93400716247113,20.24144193620572
O15511,19.20196769001525,26.91607868548299
O15514,16.200122733357716,24.484596214922597
O15525,14.566338476526347,22.528993559539458
O15541,14.427080741985053,20.974905868325763
O43143,18.32104301112009,27.460253554953386
O43148,17.033347413321714,24.920757506885966
O43149,13.555061499079846,17.71916096799176
O43150,13.492240389897503,21.11919888013844
O43156,14.327775195495358,20.250360092763408
O43159,15.713339544954048,23.626329821218565
O43164,10.831418094266535,20.048049201403654
O43166,13.80062870571909,21.41170879170112
O43169,13.962819851910803,26.968848663756354
O43172,16.857561678950862,25.68706139193748
O43175,18.874337813555034,27.94022363005571
O43181,16.278029732374232,24.335370423263797
O43237,17.03846741896683,25.47241289503348
O43242,18.07927893689022,26.779915904193533
O43252,17.222859530454993,25.559408894436398
O43264,16.102987913362032,23.757335610226885
O43281,12.169109389058917,20.737803310199872
O43290,17.01743634215326,25.255721801258417
O43292,12.99299478471385,21.808449418841644
O43293,14.287698448104736,21.126276578090852
O43294,13.127569546891785,19.31404530862777
O43301,13.717490241973898,21.25708650246174
O43310,13.157837031525181,19.281835823159657
O43314,12.79494721315565,20.384822738818126
O43318,14.406421449192916,19.965426683203592
O43324,18.343935239651753,25.579800519035878
O43347,15.87321078834104,24.340532404515713
O43353,13.933756771691511,22.77638838742224
O43390,17.925336453527773,28.002549170591863
O43395,16.582028213059846,24.451923011624075
O43396,17.580673976002224,26.27807141021194
O43399,18.20639128693741,27.611170803309477
O43402,16.87681541248686,23.927813129457213
O43414,14.833042725581805,23.25696352345446
O43426,12.438054402953233,19.782565665674074
O43427,14.896171300997592,22.946223108861453
O43432,15.50540061035485,22.737753486041225
O43439,13.346002628787666,18.281630813975887
O43447,15.77192542608066,26.134817786194148
O43464,14.854313854012945,23.606811814899995
O43488,16.093811736787057,24.814107990879865
O43491,14.728440707588389,21.044148151340245
O43493,14.405448549474913,21.217161520712445
O43516,13.36829680987725,22.76502401792894
O43524,12.848893633759944,19.998430876889124
O43572,10.717940101705793,19.15839012056677
O43583,17.558128632956787,25.89851910597884
O43592,15.696992386483709,25.434602469111173
O43597,9.821692854441087,19.631096512079022
O43598,16.611947818931053,23.855277220578547
O43602,15.782025981640084,23.32608401458906
O43615,16.83214553644007,24.351221086614014
O43617,17.738465376260734,23.343019974613192
O43633,17.726888516593096,26.24830686332736
O43639,14.165173764494035,21.25051863004642
O43660,17.087421709388398,25.20959534503996
O43663,15.345749474762842,23.03288519808099
O43665,15.863713214946833,22.325084991607607
O43670,19.084857079433075,26.876897492758015
O43674,17.09723460517166,24.004572472360074
O43676,17.351733963197557,25.625551347705137
O43678,16.61673803751579,25.42682977103784
O43681,16.686533387167557,25.95538369111214
O43683,11.320999484291628,18.809341194234943
O43684,17.82811644192877,26.972628441509066
O43707,18.073698204521357,27.53680397311726
O43708,17.63288893364717,23.701301525927594
O43709,15.080308962726967,23.409220139387227
O43716,16.245499346212892,22.114949919277507
O43719,16.599506673809,23.141699337115234
O43747,15.452229285051066,23.488733063047242
O43752,15.537881471962248,23.67353579687308
O43765,17.220174261455057,26.407158970624128
O43768,17.0032760417857,24.312930542856154
O43772,15.87084208867281,21.438868352857202
O43776,16.722239756651284,26.687734032333925
O43795,17.789716132766948,26.088856230933377
O43809,17.78217739715425,27.090102256648464
O43813,14.957196928717478,24.889772156865604
O43815,14.502995588181115,24.117733848408296
O43818,15.691347033037841,22.87464221588686
O43819,13.27954848463593,19.934396363834214
O43823,16.227064982082418,23.50021005883445
O43826,13.256304931970755,20.642328174930473
O43837,15.706044597367127,24.884757256409802
O43847,15.767035990306702,23.404133300309088
O43852,19.359354993653394,29.35997002000015
O43865,14.221352904047722,25.966840559296866
O43913,15.723371670174997,23.802306012329815
O43924,15.08373800861277,24.42252576245533
O43929,14.482544755405234,21.113176976739343
O43933,14.474417219021532,19.937294285504354
O60216,16.94327658677335,25.262501506408455
O60220,15.821614559345853,25.13142541030028
O60231,15.12862784672929,22.93909129435333
O60232,15.712606969717168,24.572669987939065
O60244,13.792343728307443,22.623144918032093
O60256,14.29352918805674,23.399842360167085
O60264,18.092327898197816,25.69240264178774
O60271,16.643671995680418,23.986851597399447
O60281,11.880537294235776,19.637481733367153
O60282,16.27353574917907,23.32650242900746
O60287,13.345844000357557,21.10243006768702
O60291,13.278543056538187,18.990249119478896
O60292,11.812657882230551,17.969734980410436
O60306,15.510756971223394,23.836877126367057
O60313,16.704126016199094,24.201472947131258
O60315,14.020450116166229,20.471358040706058
O60318,13.02710598332419,21.75191977158486
O60333,12.838836354259488,19.78583621416587
O60341,17.277002699563685,24.63103798566955
O60427,12.998827468107432,20.91613222756892
O60443,15.51024199878242,24.638433063520875
O60476,13.340806618170701,21.17963226283317
O60488,15.524390062630463,22.20804951924668
O60493,17.69758762009758,26.3775354039487
O60499,14.921391922882703,22.773517710205645
O60502,15.619580308289471,20.73587890211097
O60504,14.4872315466257,22.119115271970504
O60506,18.205637941446092,27.677945306972486
O60507,15.755457841625724,21.757249964468063
O60508,15.337671549563568,23.62442837962362
O60513,14.402394565519566,22.15470859213645
O60518,14.172101169300802,20.509066476664863
O60524,14.077778733081294,23.047706315855788
O60547,14.36603360433491,20.908539839331816
O60563,15.326013078207419,22.10123651599215
O60566,13.837727392695404,24.50955239893009
O60568,16.713675266452427,26.13900784162884
O60573,13.147263336250798,23.542042060788383
O60610,16.313514275317946,23.13213826209423
O60641,13.687941815632453,20.623266160042736
O60645,15.796520716101831,23.51566430683428
O60664,16.682340710348527,26.49104813881852
O60671,12.036873806071483,21.68413659220635
O60678,15.074756137249205,21.582518189392967
O60684,13.957672929438084,23.667131570746847
O60701,15.669320717448121,25.36845122309575
O60716,16.451227998496634,25.891883519191538
O60739,16.626276732457907,26.188751779973053
O60749,16.586006874004557,24.98684149251901
O60762,16.625889166190383,26.578344097640095
O60763,17.228086454764977,25.26021116262403
O60784,15.012305051759714,21.828250399188246
O60826,14.82378609351247,21.879383913052084
O60828,17.114659043960767,23.677962498500545
O60830,10.705033299780725,22.33482811000488
O60831,17.887957033181998,25.752902757195777
O60832,17.193961473354648,25.132072531779805
O60841,17.167953131137004,25.467224945294145
O60869,18.221228550490157,25.57083662582379
O60870,15.012297007830362,22.605397828331675
O60879,12.945598180500417,19.219395436609254
O60884,17.368953681983864,24.25375972597234
O60885,15.876723704885695,23.983430052031384
O60888,18.211974338880257,26.014333647569636
O60925,16.10590408503326,25.223017556445317
O60927,13.61656169684807,24.354353107009977
O60934,15.540804381396525,22.54741577003331
O60936,13.816339414943558,23.33948537057533
O60942,14.42627793255301,22.013048492217525
O75027,13.935077100214206,20.733099825829406
O75044,14.483153483188346,21.644390602277554
O75051,11.924682178561799,18.791392052182257
O75054,15.107844178942466,22.677538081783975
O75061,14.379953168225214,20.96484888645829
O75063,14.960063364630539,22.410146431121234
O75083,17.79417131974751,27.15491679903159
O75113,13.633336711936629,18.151979622680603
O75116,15.420719386832845,22.470657517945423
O75122,15.108419090087965,22.907937044584916
O75127,12.39546176587092,20.18690042357239
O75129,11.61457463924699,19.59113438547528
O75131,17.074060908708955,25.625684581260646
O75132,11.298253448398189,18.870958058701962
O75145,11.147301367526197,19.06865714256024
O75146,15.362607007891446,21.67948452910058
O75150,16.23645149120935,23.93322560687878
O75152,15.855718527625015,25.810487317331237
O75153,14.970682919986865,22.59292745924125
O75155,9.858966700413657,17.204891248661504
O75165,14.861404607437434,23.07275962590473
O75170,12.174211128731464,17.959411839398577
O75175,15.54614554358215,23.489476523118714
O75179,14.084254811866652,20.550868427954626
O75182,13.627350947533188,20.117237116749454
O75190,16.12097307782799,23.360017443221768
O75208,14.47960638433527,24.49913891867905
O75223,17.014956899846474,25.502399506923574
O75251,15.619352230428113,23.651439981503295
O75306,15.94730880755331,24.56575954622826
O75312,16.496934034500793,24.453026499070805
O75323,16.051572658612404,24.71140500474767
O75330,15.185450306037964,20.76732793435065
O75340,16.16371953327858,26.334498674476926
O75347,19.823247669128108,27.394884220339666
O75348,15.74987448910837,25.961294566562252
O75351,17.009683645883882,23.62266842114317
O75367,18.351456787807596,27.943665550409396
O75368,16.907993342615725,26.21339770507943
O75369,17.79247969634202,26.5346600992938
O75376,13.888731791684915,20.74827646014735
O75379,16.681542476231513,24.275233992737018
O75381,17.81250103515604,24.50879844447282
O75382,15.465873664657495,21.010551780553293
O75390,18.330636742977557,27.313470861568597
O75391,15.661683675877947,23.958469364369584
O75396,18.673015614716125,27.572862820089206
O75400,17.53062431674199,25.592627744850482
O75410,13.179412600976882,19.7922049343799
O75419,10.926060592393327,20.520358062509597
O75427,14.049309397141693,22.191467629105617
O75431,17.08981785539269,24.140948108669335
O75436,16.813476485957864,25.492830391064988
O75438,14.721115035759102,22.618939866635422
O75439,16.182612925191133,24.804970705526696
O75446,15.104656262211384,22.452471845537588
O75448,14.557134234882254,21.545378362119713
O75449,13.319596102338206,19.84803683063454
O75475,19.069958571836526,26.94080631492619
O75477,16.309211272970472,23.79212247945564
O75489,16.68154205379537,25.16959207655979
O75494,17.28867979271347,27.36099307920776
O75496,16.189715475377188,22.9343952839313
O75506,13.900413956772232,24.301404927362487
O75521,16.29116012225275,23.59860165624378
O75525,17.358573895373333,25.183868485345354
O75528,14.401923219667559,23.188658261953222
O75529,9.441905579180512,20.05599278275398
O75530,15.185187645149329,23.416188064020133
O75531,12.248915519573531,23.959512241300196
O75533,18.018682284645543,26.799250693029947
O75534,17.375702238358414,26.179217849014556
O75554,13.89853809334415,21.933616772167444
O75569,16.358771706586687,25.385372025365296
O75586,12.996607149482847,21.669527529155836
O75592,12.31040349725115,19.10740089035116
O75608,16.49206271750518,24.980499309140082
O75616,14.63910277942792,21.81569951682593
O75643,17.884747497056168,26.512778227946068
O75663,16.89580959627685,24.031417829654313
O75674,15.692563829033649,23.90827123827045
O75683,17.532962128731768,24.441046771451763
O75688,16.428967438598793,23.804556082943847
O75691,14.882472017363582,21.862730607715786
O75694,16.40678029710958,25.620887006671996
O75695,16.669911855547703,23.44225893827855
O75717,16.37960082559672,22.918966151645318
O75718,16.657931841422023,24.483198347225123
O75746,13.463450147619126,20.984947116114082
O75781,15.850729910050743,23.18991739661433
O75787,15.916807519155846,23.042889805994427
O75792,16.48823683066445,24.544071095251724
O75794,15.070458557823784,22.224394792785056
O75818,14.67347554351189,21.442958930714873
O75821,17.271915400883035,26.609407625485776
O75822,17.653814419108055,25.895151831516856
O75828,16.28322482493371,22.165816951563215
O75832,18.170712879757318,23.01206279755573
O75843,13.441480037707539,20.04507157361024
O75844,17.479103835365876,25.189415823945144
O75874,17.310400311050525,26.302895153275824
O75879,14.661587228615058,20.72316345918993
O75880,15.400197187199765,22.138580754344016
O75886,15.06599549357056,22.550246137087573
O75909,16.167726183132235,23.754540590559884
O75915,19.174845942318594,26.203552132798677
O75925,11.878195565410204,20.144316975928184
O75928,11.18016402652628,20.009216496908202
O75934,16.799790639331444,25.849059432650137
O75935,17.840396316999648,25.5453391291814
O75937,18.398544611090845,25.059764032133696
O75940,16.172707777449798,26.431869812099787
O75943,13.042025307519836,19.572263932118503
O75947,18.93666264310346,26.34092022967638
O75953,14.521466509860561,21.88623535943527
O75955,17.870417547931854,26.844026484644697
O75962,14.284167916592338,20.970458967737915
O75964,17.454044607959247,27.53262342761026
O75970,12.219762847947553,19.23731695554902
O75976,14.774610315737743,23.72015427871731
O76003,17.602702597870582,26.331979409318862
O76021,17.251254246232804,26.067779954159935
O76024,14.489388813275022,18.304721182341346
O76031,15.928974263121779,24.017037841692826
O76054,11.30939299362512,20.179922513963096
O76094,16.665351695331807,25.59430093413762
O94760,18.603091665940294,27.425880392940815
O94761,11.723670856868223,18.02916981986211
O94763,15.221843625766825,22.54998142536684
O94766,15.543711798210316,23.811836158914243
O94776,16.83188772081178,24.976499248548226
O94804,15.185867503936436,20.685292136820635
O94805,12.385044119336511,22.028728053995064
O94806,12.051924143335624,19.168682182510565
O94819,13.924543126085753,20.73713948271533
O94822,14.268445081144506,21.31433404477084
O94826,17.42574315174506,25.505143827421723
O94829,10.416762718477528,20.47875770290476
O94830,13.387533548342802,18.302350832455282
O94832,13.326380292367986,20.152408161125496
O94842,15.391054929248629,23.077178982472216
O94855,16.43277408802728,23.954540016428773
O94864,12.957211134597712,22.220285422741703
O94874,16.887785324623355,24.32277546248254
O94880,15.197232720465816,22.677409062763363
O94888,15.472314718235156,24.1180021065436
O94901,16.40573023878398,23.743540766400727
O94903,15.941165482790085,24.35204409951461
O94905,17.52275786955623,24.84898104682249
O94906,16.66719027023361,25.201402603710754
O94913,14.981213897342641,19.657109688158364
O94915,12.85137573937738,19.918382756256992
O94916,11.30724180068274,19.635662077698957
O94919,14.255032559809043,20.83703497459777
O94925,16.27138902681458,25.320531576552934
O94927,13.72224591843089,21.535370176011998
O94955,13.37697420753592,21.02670541608219
O94964,13.803286831125462,20.29058445123853
O94966,12.978459766602754,21.671197083462836
O94967,13.959748349792752,20.63419103975855
O94973,15.646440394608497,26.344406617485312
O94979,17.296035938426993,25.49038136071121
O94992,15.977208079290838,24.223476438298846
O95070,13.287881739755528,22.15948057776681
O95071,14.77961114037028,22.05835229217482
O95072,12.491549846516381,18.91876020491845
O95104,15.849586075245824,23.308009498262766
O95140,15.059654766798454,22.300998519967738
O95155,14.674594324748297,22.428473621491033
O95159,13.864286274586595,22.88991062139991
O95163,14.949995367904794,23.435512234720353
O95167,15.254498493054923,25.236608751720713
O95168,17.064491783917823,25.858789806383847
O95169,14.201470418211075,24.079079762055727
O95182,16.102608227904028,22.616809380071622
O95185,14.00534171134123,22.09278037941966
O95197,12.235321999294614,24.835130195598612
O95202,16.890011874068893,24.961100906468687
O95208,15.109429661873795,23.044621370700444
O95210,15.800451789566834,22.66980054346445
O95218,16.373214081723116,23.851734598440935
O95219,16.027305852061968,23.93527743517607
O95229,15.211761750279674,22.595767849012983
O95232,18.718805420091854,25.095848436920033
O95235,14.94557686029146,22.195804352639666
O95239,15.569422420737393,22.82259567676875
O95248,13.044462304138767,19.460467297370545
O95249,13.849680529079933,22.499525602734447
O95251,14.523221029909188,23.119527663543682
O95260,14.680391425535332,21.700622082309465
O95292,18.459535953058854,26.28979212537184
O95295,16.944630929832723,24.443829831652444
O95297,16.322644406843185,24.658528586178267
O95299,16.184021668283123,23.864617345410643
O95302,15.20634447361036,23.94761862374304
O95336,17.57870717745331,26.832540527228637
O95340,15.187595213171003,22.91094232933391
O95347,17.316618325721024,25.364424115213133
O95352,14.487960349930246,20.89150486596581
O95363,14.188497737130557,20.39554736882293
O95372,17.04258339954722,25.261444015180427
O95373,16.81720976972107,25.6703945264119
O95376,13.063809088839198,22.1748011202656
O95391,14.53507286123463,21.67973931452479
O95394,16.831081422381658,24.936155584150516
O95396,11.69163750382769,19.64700512392068
O95400,15.822682091423559,24.903635312517864
O95425,13.788641174583068,20.933566113130787
O95427,11.681144060619648,21.240464047141533
O95429,15.46613504160443,21.637442696412787
O95433,17.679050512807706,27.000775650140522
O95453,16.969442920028133,24.947397862179873
O95456,14.806830047245418,25.198414565316842
O95470,16.942941388082534,23.515114988408317
O95478,16.11869338219146,22.05922908502657
O95479,14.845154543418797,22.653627907951414
O95486,14.20035776348477,22.071473111528903
O95487,14.750788720364191,21.812982310157416
O95490,14.617867447726825,23.884654473353883
O95551,15.604430285852978,21.768306351748357
O95563,16.989044322830047,23.24259478858436
O95571,15.243139707580264,25.125799739620597
O95573,15.384791125356726,24.67847389540228
O95602,14.875406898600982,22.87143661910764
O95613,12.863630403929642,18.56347435913052
O95619,14.541139346439525,21.714640513586943
O95628,13.88841353473625,19.79387759257929
O95630,15.489208488820813,22.90243460295211
O95639,14.859422885459683,22.941140697213633
O95674,16.04788932111061,23.274130425859685
O95684,16.143814276222738,23.07986351377287
O95696,13.26893779573113,20.238894806036182
O95707,14.751990648010679,22.476477859765883
O95714,13.127319183569314,18.630522554133464
O95716,15.358243669767823,21.74688261214289
O95721,16.310595117461137,24.445207745689128
O95747,15.845519785477268,24.78460689896104
O95749,16.935901208452027,22.550715983029097
O95757,17.225762475433644,24.312220478130584
O95758,11.77763419063132,21.366417508844425
O95777,18.00038203786236,26.4566181534558
O95782,16.022799628873944,24.503683889151585
O95785,15.192034244477771,22.626141511491173
O95793,15.92275621848265,24.983025619642305
O95801,16.206999030002024,21.841153525317488
O95816,17.20139626872525,24.524845072345183
O95817,15.116572180258443,22.046354917675504
O95819,14.072397389052897,21.941369360021028
O95822,13.997586769515308,18.927708046674365
O95825,15.846042949497397,22.401274874608113
O95831,17.9614525373876,25.92943959465215
O95858,12.373678309110565,19.664487091329324
O95861,17.182709947554134,25.001092213736083
O95864,15.948245722756326,24.618582100479372
O95865,16.549886513565692,26.126432415557982
O95870,13.585153587238008,21.30665342457094
O95873,12.793106017414486,22.511094642001492
O95881,19.458560101467302,27.706922621810342
O95926,16.79756496584409,23.9516451918897
O95983,16.03574728276165,24.41024857109824
O95985,12.882885858060902,18.212980571946773
O95989,15.447278746358686,23.652180730172024
O95999,15.603506235089663,22.589984897631158
O96000,17.451797248624082,26.08357473873932
O96005,15.314785819956173,23.549993889770857
O96007,14.776557491938025,20.71708141971287
O96008,17.852178588072487,26.383373514706385
O96011,15.311943725842857,22.4186609192626
O96013,15.139861798516307,21.787550591132174
O96019,16.359698326314255,26.771746953123223
O96028,15.468842983862567,22.383151369551417
P00167,18.232495965162336,27.284865631492178
P00338,20.715679313277207,30.364925462714105
P00352,11.700897823791115,18.250486327767643
P00367,14.812543286287704,24.482371684116494
P00374,15.588155170184182,23.516561588271486
P00387,17.326168876153133,26.66138797535509
P00390,16.77045060230341,25.01148677745287
P00403,16.574089042802317,26.016042906126586
P00441,18.191630679385497,25.5076458849662
P00491,16.83112290178318,26.120550027398313
P00492,18.56308831956123,26.80330033678548
P00505,18.46264197814093,27.54819760662304
P00519,11.563441664815407,17.467645753180687
P00533,15.440315744639076,22.8788154374664
P00558,19.751776250219983,29.644431617833323
P00568,17.23076818372372,26.072586148899877
P00813,14.602143171765409,20.988072551800325
P01023,12.171512744737862,21.177531801694514
P01034,15.052527822237815,23.01443754650422
P01040,14.421939798043198,21.37389335037117
P01130,9.793156244453561,18.46793549733402
P01282,14.964824573320495,23.171180921649633
P01303,14.200290663538459,24.92977129496268
P01889,10.844298296047256,21.677851008168265
P02533,11.444707855357104,21.124514094533044
P02545,19.46322595893096,29.742263555414606
P02748,11.896260494969843,21.05885988178209
P02751,10.924025925725315,17.230710986189468
P02768,14.421949868438103,22.159990175503495
P02786,17.43120964860335,26.210364816167854
P02794,15.90304584025612,25.17697638084154
P04040,16.673885824775013,25.323718423647772
P04049,10.344195171845804,21.06585540253483
P04062,16.387205004235113,25.027603451100028
P04066,14.737104438919232,21.00076232476596
P04075,20.0579012864133,29.639275969969628
P04080,19.4249459301255,27.77434611351909
P04083,18.790059444987072,27.714476420766587
P04179,18.761039534299684,27.647468865331877
P04181,17.292018153770737,26.84192662511812
P04183,16.61936653799938,23.345784677772563
P04216,15.403912570640943,26.74594014625487
P04264,17.215142477653455,26.862358299277318
P04350,10.924871695224752,22.812539685700912
P04406,21.67636469527052,32.27312682909234
P04424,16.914289371305607,24.533594024274098
P04439,16.09483286915238,23.792809780033714
P04632,13.073789962244955,25.5464165201203
P04792,20.709223939129586,30.326203184880825
P04818,15.210159533417668,24.88393571741626
P04843,19.223497356707348,27.572114372688045
P04844,17.76873966130607,26.698469956079453
P04899,15.187122438007382,25.416018312492653
P04920,11.420415872707093,18.970780484237075
P05023,17.283972035529814,26.323843331842255
P05026,18.118562430379754,26.267473423274115
P05060,16.521765809562798,24.298546846630952
P05067,16.82952052907051,22.975249706843687
P05091,16.899060325710153,25.976129614647213
P05114,19.07496782932036,24.676275417167908
P05121,14.092162238365445,21.777359673037886
P05141,17.416035813019413,26.571005804160848
P05161,12.918525252335483,21.498607719352307
P05165,14.737089306472976,22.142532429811997
P05166,13.508201657475334,22.127576333060446
P05198,18.0907432772991,27.715698609336005
P05362,14.732895727764854,24.029196900396904
P05387,20.90265321409152,30.596459594351476
P05388,16.709748758043723,27.32606552807074
P05412,13.106953037584638,22.609284490603944
P05423,13.623954228625994,21.47171837315606
P05455,18.638124415145274,27.47250444945786
P05556,17.217748853420087,27.344586481133586
P05783,18.770342066610162,27.07435078346492
P05787,17.447295608543744,26.490712974245096
P05937,15.048329087557764,21.180381878638062
P06132,14.715504174673466,22.66658656901047
P06280,12.694535944356224,23.545842594830702
P06396,16.989143562023823,24.00466699670836
P06400,15.806719019148682,23.175168141824695
P06454,17.716721721694103,27.184642943912475
P06493,18.230126136751228,28.151413474152385
P06576,18.741156749759053,29.056825404822757
P06702,15.760116706237213,23.630634536726713
P06703,21.341111929648285,27.339914463089983
P06730,17.736032802994902,27.139183871708386
P06733,21.552829484787445,31.10379316524767
P06737,15.378654645793262,23.294914851358477
P06744,19.253113948963684,28.66286531038151
P06746,15.65404373374944,21.889004459559146
P06748,21.477224953064812,30.407933436288083
P06753,15.789590768540686,28.329173742159902
P06756,14.773960508879512,22.86342826767717
P06865,16.453090411236758,25.0892872092816
P07099,15.63774257649928,22.79766399930999
P07108,18.880488246151312,27.46095312829172
P07195,19.137339521282918,30.720752757516394
P07196,17.501603587017048,25.541209284353034
P07197,17.425295701830887,25.697255458361813
P07199,15.538361119407382,21.890498554284765
P07203,16.8630334547336,25.979484519011823
P07237,20.40933311207841,29.43989242210886
P07305,18.725027770311616,26.788541191157332
P07311,15.803142637299446,25.363210373199134
P07339,18.7379494946588,27.69720519611271
P07355,17.582651382224906,27.499364116329854
P07384,16.286829007619605,25.01203714913408
P07437,18.76827785152038,29.90404647887823
P07602,17.848826581597308,26.936250339596956
P07686,17.046824471496684,25.643071249252937
P07711,11.386808010590656,22.469067457834765
P07737,21.49117162145258,32.05792806353785
P07741,18.59256752015787,24.734460173757615
P07814,18.681762669035873,26.835346706894548
P07858,17.94446495222926,27.527632238436258
P07900,18.654507254282926,30.03225104895872
P07910,18.41870479451756,30.056233402881794
P07942,15.932154065798253,23.772119084023092
P07947,10.81250303858746,20.849348897302285
P07948,16.978619496287575,25.478429788429757
P07949,16.027219008791842,23.62813498768886
P07951,14.183367826593301,24.53856965209589
P07954,18.61940394209618,26.865581878019658
P08069,14.131528850551208,22.55736503422497
P08133,18.397122598113,26.861642434453927
P08183,16.992882632194853,25.29247346559655
P08195,17.732042269116917,26.594744579410015
P08236,16.386947117310307,23.51974781700225
P08237,17.532280083541412,25.87409014922252
P08238,17.68578100691635,30.048018526639673
P08240,16.657166984389356,24.997109241410236
P08243,18.184415747776985,26.433446578933616
P08253,14.01190849837129,20.10449388857434
P08397,15.899474533128954,23.022773693782373
P08473,13.930788022925844,19.83643045498916
P08559,16.698285586362346,25.01379460559494
P08572,10.39921135329903,20.529889918789436
P08574,13.099054890779684,23.774035692620902
P08579,18.385333730900925,25.688921293168367
P08582,12.683906948926575,20.241586672174442
P08621,19.776627415716604,28.03199358138893
P08648,12.47064784493183,20.78406922879504
P08651,15.909789410449255,21.715700879540375
P08670,20.792657052867373,32.42554239634697
P08708,20.521711729817614,27.155250595673998
P08729,17.044661193749693,25.444035597987963
P08754,15.202328158935675,25.11668652823177
P08758,18.73852639573758,28.62554115621183
P08865,18.708597524901617,29.5466002732028
P09001,16.13550387668118,22.604101779362793
P09012,18.279966125653097,26.248952064119326
P09104,17.999074602449536,26.229166969731974
P09110,14.528108437631037,22.70460777580529
P09172,17.505475223244,27.871574256358496
P09211,19.665324892961316,28.986077597327668
P09382,21.57939863416889,30.718746716138863
P09417,17.21837392640275,25.74143670611524
P09429,16.99926594726329,27.910093424999186
P09455,19.750283047805155,29.4599724710836
P09471,15.006431648180653,24.491674271566236
P09486,15.212149479163289,23.314627515627617
P09493,16.086616731724906,27.92502942677871
P09496,19.653240539094952,27.926204364888303
P09525,16.42708146895204,25.340092517028584
P09543,17.918640438241436,25.960935363983555
P09601,13.223147987941646,22.313535375539896
P09619,13.194653191848523,19.946174832677197
P09622,18.641052186962458,25.965333583401364
P09630,11.59271720492246,20.23174556164976
P09651,15.94437521010426,24.0843700186215
P09661,16.717689992755304,27.56340432135664
P09669,19.0863940195999,27.305333346822426
P09874,19.257756577551902,28.40149358362559
P09884,14.07578322853181,21.543176667192615
P09936,19.83130606977908,30.360559380845675
P09960,18.607573928495242,25.707121320363182
P09972,16.428437946729687,25.39899102556506
P0C0S5,19.055268352727502,30.1553765450917
P0CG12,13.181370694925832,20.067605569792523
P0DMV8,17.079617281733576,27.318862330805448
P0DP23,17.18459449600345,26.938588471252324
P0DPB5,14.919288400786579,21.586146745695046
P10109,15.141245677167635,21.919424466474577
P10155,17.048717515231722,24.5529400770274
P10253,15.526699914716298,24.61893184547546
P10515,17.330741879488397,25.12132596496462
P10586,12.558158374932857,18.219902346610798
P10588,11.360113309669792,20.374852396823165
P10599,18.209972663863297,29.133659570856743
P10606,19.202595201985012,27.294412759771333
P10619,17.08767911535499,25.33725281114469
P10636,14.554493653334895,22.74611754226239
P10643,15.367464097026696,22.612404143310535
P10644,17.346128810181185,25.28195889445079
P10645,16.324382109063983,23.9522495620545
P10746,12.897278683811281,21.444837344754013
P10768,17.186765533228165,26.465694531858993
P10809,20.14672931879748,30.231168931447865
P11021,19.907005539764796,30.115328180967307
P11047,15.602912727237012,23.086912165924318
P11117,15.473629567015998,23.83104258929984
P11137,16.290678922964794,24.10524156723368
P11142,20.511340418075612,31.109296764752255
P11166,17.830445763046153,25.692984346068975
P11171,17.117333227052764,25.214530499309525
P11172,17.293080216214292,24.741881074050774
P11177,17.50286645570607,26.250005913766206
P11182,16.046274104261972,20.92648355133586
P11216,16.75462128896643,24.627316477315222
P11233,17.88413068647662,24.70276268198553
P11274,12.980292691709858,19.44006363386409
P11279,16.05444968372875,25.506768597697995
P11310,17.88150335076106,25.98262936496307
P11387,18.324687413730338,26.162023304856167
P11388,17.38570081673801,25.177343167006192
P11413,16.806643258769647,26.236738855054877
P11441,18.168611850077692,24.797854992289857
P11498,15.712152858172159,23.656183894868995
P11586,18.20914029808197,26.58333453286384
P11717,16.11156141099353,23.283269968522053
P11766,18.88483976762234,26.739431901696886
P11802,16.315685720145765,24.983660040893458
P11908,18.058321568037943,23.93569095648005
P11940,16.634691495133257,26.43598292338473
P12004,19.680124896449325,27.818489179853398
P12035,14.224201952350402,20.08138152298776
P12036,15.121981198780183,23.12851566044563
P12074,14.038602507927228,25.47893078774447
P12081,17.683354656578565,25.81463470221868
P12109,13.496486157439882,20.602882282376182
P12110,11.876178728251267,20.474310034576042
P12235,14.475556502546528,24.37415615649894
P12236,16.16673051916478,25.06388863425418
P12268,17.640259222763444,27.16892603383194
P12270,18.69550958721714,26.68566240434158
P12277,18.309497008573857,29.491736090089073
P12429,17.28997724687555,23.747308350614592
P12532,16.956621008644728,25.818270159976613
P12694,14.619689761480048,23.025611391898426
P12814,18.271353763634437,27.544997168487022
P12821,11.532021066547161,18.41015265405642
P12931,14.518074863604824,22.699126933588357
P12955,17.119945180635323,25.340109149616463
P12956,18.77015757977451,28.136539532922388
P13010,18.71338125035793,27.776896482633276
P13051,13.578970545219736,19.55831740580226
P13073,17.44677576135886,27.960615145483207
P13473,12.390906445462187,24.220417650220508
P13489,16.607250258137807,25.019251082672742
P13521,16.139221127336405,24.368324709738356
P13591,17.81988565820055,26.139303222746896
P13612,14.184498105709105,19.54806450428822
P13637,14.787574796090581,26.49296308093672
P13639,19.7307204779866,29.43004687861754
P13645,16.832739456978494,26.504045949947532
P13646,14.897695824168935,23.204471838965055
P13647,13.485306090870791,22.19146577705682
P13667,19.652188611991765,29.24659213396991
P13674,18.151499443946424,25.830861829937984
P13693,18.984048065555754,27.453048354131766
P13716,11.997630927177944,21.612886331798496
P13726,14.689988219513229,21.997372695275025
P13797,16.79801773122547,25.29483952052566
P13798,17.18688574742403,25.46105071643683
P13804,16.95985961666314,25.362945253746755
P13807,13.672441394994278,21.82623536591692
P13861,16.803167815322023,24.077874825073163
P13929,16.097547794891216,24.2525466253265
P13984,17.868257508652057,24.490325675622998
P13995,17.343404078811933,24.342977898280285
P14174,17.980231444317734,26.760006448482745
P14314,19.062836567895285,29.281031504340948
P14316,15.068361937486216,20.289361706716768
P14324,16.293971893897826,27.175821321351233
P14373,15.424522685445014,21.614486509652362
P14543,13.320114719840495,19.818088983210924
P14550,17.65543035373751,26.095698782381007
P14618,20.23834956007346,30.901892818943253
P14625,19.645939959593615,29.946718114577326
P14635,16.51731566810428,22.668080055290165
P14649,17.61909707544953,25.002800610357014
P14735,15.653763809853798,24.330480746912897
P14866,19.665831747055336,29.063663387467653
P14868,18.635305253234474,27.292758543335808
P14923,15.525180018779105,23.08260098128605
P14927,16.31630775696918,25.519124686689217
P15056,14.112024259014387,18.980208054521036
P15104,14.835994383152114,22.72613146533625
P15121,18.903954443386898,27.506060342341257
P15144,12.416455610308066,17.56260429002542
P15151,14.056067319533318,24.705312910522597
P15170,17.47504223154282,24.77957729213507
P15289,13.14507041133994,23.033093324331492
P15291,13.503597625371334,22.01895738569017
P15311,17.758798478796837,26.87136267168916
P15336,11.902730656557864,21.812614674309735
P15374,16.43570732121786,24.423451626767022
P15408,14.481082416844975,22.343325203611514
P15531,19.51289403930519,29.106589089682483
P15559,15.070968311174893,23.4438365972998
P15586,17.496047774948156,24.539886616584653
P15735,12.171455458970154,20.640592540520093
P15848,14.568178488181541,22.689184915346353
P15880,19.26717875511601,28.28989827821017
P15882,14.126286823452663,21.85055508251206
P15884,16.8092740244948,23.895755508425232
P15923,14.404275814762418,21.161421013172408
P15924,14.27354455492063,19.49737295864815
P15927,16.272689152917877,26.111468795857867
P16070,17.494310156568893,24.41421813477964
P16083,14.418405296605302,23.401455754664372
P16152,18.1699900144891,26.472948797588447
P16220,15.45157125759128,26.29277427498287
P16278,15.579498559280195,25.249688599218516
P16298,12.614253024314962,19.742790284506935
P16333,14.78251133949029,23.036463441063187
P16383,14.893545520206398,21.88613308709263
P16401,17.28162735250994,29.228802684555053
P16435,16.88979860343679,24.652635125188784
P16615,16.363580406862983,25.46254059192899
P16870,16.571402998060893,22.609237264982664
P16930,16.011931127480455,21.716800644913622
P16949,20.106372909822152,30.15895347184995
P16989,11.597992968565768,22.578345998146666
P17028,12.905064554201754,22.10729667353776
P17029,13.913292634590322,21.4003870309475
P17050,14.139418441227106,22.33255813326483
P17096,18.011033257184682,27.641667484333468
P17152,15.589458187535016,23.66221569794424
P17174,17.263642015606237,26.34615499908026
P17252,16.426328958044262,22.75627485402758
P17301,16.04467035468281,24.47167968644699
P17405,11.7270412996494,19.981643089183365
P17480,17.47333670800467,25.62563822101144
P17535,10.563085838062841,22.3589306968401
P17600,15.152251458188687,20.63421966580202
P17612,12.447384118910534,21.88628621321344
P17655,16.119122976907597,24.96854768977834
P17677,17.43324751259545,26.02973605216236
P17706,14.870211116629244,21.67122657063875
P17812,16.55971423631736,25.348553833480175
P17844,19.581142700114953,28.656872486369057
P17858,16.19657852896729,24.70998007481207
P17931,18.48216984065241,26.348682092626245
P17980,18.56446199716487,26.49580711896305
P17987,18.705499654723123,28.073622510054125
P18031,17.670799061326626,25.418075885958622
P18065,16.14472859442809,23.624226815385924
P18074,15.290638027522276,21.69224452076508
P18077,19.786912219850837,28.007992448213457
P18084,14.410809279014513,22.11705085027095
P18085,19.098577756895626,27.739886467474175
P18124,20.268322537503234,29.277639695470604
P18206,18.196585643095514,26.61480405262311
P18583,17.005073279340408,25.209650187460685
P18615,16.754069634808268,24.42739983645427
P18621,19.480024519701953,28.83469134643505
P18669,15.03438448494,28.139943466088738
P18754,17.322550743678555,27.21150037895242
P18827,16.14113355116994,24.861176804628627
P18858,15.735588900201787,23.204286553881687
P18859,12.774112354088997,22.618392522751297
P18887,15.228115451849526,23.387047408499097
P19013,14.852331858806298,24.577634925718453
P19021,13.13444082411062,19.545317835904488
P19022,16.810082203170644,25.693372941671257
P19174,15.56485207723161,23.392294301164
P19338,20.684793373941655,29.297145004550952
P19367,18.043048726771644,26.695162132902848
P19387,16.83499911676306,25.10002021711588
P19388,16.866940709249082,25.576224103251004
P19404,15.148012229948922,24.336919019099156
P19447,14.173352540825016,21.65141162710991
P19525,16.85767258942602,25.589129964373132
P19623,16.916993089780703,25.308411317465065
P19784,15.927421368733574,24.580395848730813
P19838,15.106827587522288,21.389625147273527
P20020,14.215209823222194,22.56558355679867
P20042,18.384777605053465,26.790337815078065
P20073,16.537218876203866,25.298108602572366
P20248,13.171063296353584,19.75738427658294
P20290,18.223864530526672,25.850972497316725
P20309,15.720359570911894,22.183132609492805
P20336,15.451002743283153,24.137888340932133
P20338,17.017623769228297,23.332591414316855
P20339,16.568290360629252,24.948759188892943
P20340,14.674903489058092,25.868706984596326
P20585,13.987019897967258,21.22621487563656
P20618,17.84911140190732,27.269434597091884
P20645,14.54969066079754,24.44492496399762
P20674,19.373483557727006,26.483387951668554
P20700,18.90395232658479,29.1182250774831
P20711,16.759163457812534,25.13372516571898
P20810,16.427395386213618,22.55451512452025
P20839,15.824112746663593,24.474880082855485
P20933,13.732209008960847,20.716899735006752
P20936,13.116258729235776,21.095876400838684
P21266,16.675752175645737,24.676907785780806
P21281,16.977356823650105,25.905778541825477
P21283,16.002527411826964,24.56673243285667
P21291,16.795090043467336,25.353560529754354
P21333,18.94464320224278,28.32603372481217
P21359,14.704530040281654,20.881868011011072
P21397,15.180255629734443,21.647559694011786
P21399,15.836544282333886,22.29621046068446
P21579,16.02821598597875,22.86109887042408
P21589,15.060662450155242,22.83765817817177
P21675,11.641530994560812,19.416611879605913
P21796,19.16848201841702,28.27365216571202
P21912,15.903938866578637,24.156645939565266
P21926,16.306278606801296,25.12541126319131
P21964,16.466603086223905,23.31490661842265
P21980,15.84183759801562,23.17182857393294
P22033,15.463035867909365,22.937783352662127
P22059,15.426593439853193,22.86252599963638
P22061,17.869307094044576,25.965559760510224
P22087,17.18190467756713,26.9903188311311
P22102,17.675234248994137,26.281956185507948
P22234,18.82322073709033,27.710729112574516
P22304,12.142299423160201,21.008068740301
P22307,16.260114739095776,26.16742040873709
P22314,18.42631982219559,27.40439346038986
P22392,18.449348740732162,23.009770740989516
P22466,14.294280628562262,25.395495603246207
P22570,16.344569318360495,24.26803342308047
P22626,21.04362442985532,31.821534569057864
P22670,14.148247768046675,20.662272985138646
P22681,14.383022529991756,22.9379347835428
P22694,13.511232547516387,20.073305260037326
P22695,16.56576204666537,25.98144727994185
P22830,16.271164679813026,21.98978571817209
P23142,13.375700326124692,21.607331243441347
P23193,16.577008401903235,25.77472761585079
P23229,14.114403133264357,20.733798257108518
P23246,19.49685351260396,29.060401233717702
P23258,14.100100636618354,21.846842611562657
P23284,20.617661592123568,30.577394266658732
P23368,17.12880668105684,25.45684018811538
P23378,14.550226847388311,25.645870700591537
P23381,17.153742945051206,25.87629607993119
P23396,20.047920934312994,29.92087430254071
P23443,14.278599929105024,21.89271516884454
P23458,14.442471102032412,20.19815560573758
P23508,13.307565415561468,19.767720085371767
P23526,19.131391788300277,27.97356304206381
P23528,20.698476917869147,29.532297255367382
P23588,17.505302589656075,25.862517168194316
P23610,16.355377569593564,20.885322624111666
P23634,14.187277361246474,21.792012740494766
P23743,14.692081288839855,21.18850660190435
P23771,13.75277674909618,22.097997261259493
P23786,16.297908255743213,23.337255130795302
P23919,17.63060756278833,25.856172861575388
P23921,16.553696460054642,24.605098358817074
P23975,14.788356034297221,22.193114714777543
P24534,19.454706948541865,28.582333211275873
P24539,16.617758856107596,26.629200416632735
P24666,16.846450314414366,27.013000758026614
P24752,18.40491572696229,27.04206755594983
P24844,15.026197437220443,23.781844102114082
P24928,16.625973477016863,24.422433323055543
P24941,16.29508353173983,23.563182341141953
P25098,14.332903074083154,20.58838194456016
P25205,17.01483285852985,26.013118113295015
P25325,16.836429696467377,25.322067898542983
P25398,18.347709265389707,28.49153483326581
P25440,15.06154340479948,22.50519515756014
P25490,13.508491499558435,22.324592376007438
P25685,18.439093213937415,25.152206055549204
P25686,15.77618085749987,21.346386717198026
P25705,19.641660930347346,28.788452488146017
P25786,19.250892514113207,27.585573778954494
P25787,18.76992636696994,26.760878055064055
P25788,18.57029937185166,28.024316184726093
P25789,19.70253079902776,26.77163688736348
P26006,15.698436793924442,22.36098051514498
P26038,17.72317698605644,26.755494176698015
P26196,17.798223652950007,25.71593831045877
P26232,13.735161429235934,20.70912298888226
P26358,16.021070272308563,23.517456658060993
P26368,18.09213771111615,27.410500565071892
P26373,19.48678580830028,29.52051480444692
P26378,14.129707795111182,24.138923925989246
P26440,16.929434000024536,22.784731549863896
P26572,15.045858369232299,20.191640062646233
P26583,18.351549918292097,29.886639230395197
P26599,17.235437725554203,28.813129493073692
P26639,18.091595207542355,26.16948539372081
P26640,17.361849156951894,26.137265632267585
P26641,19.442956312538772,28.54003259926088
P26885,16.32220048654509,26.802380155695346
P26992,13.667590290690368,24.54891274305431
P27144,16.4586915509331,24.909997218852432
P27348,17.15134482694705,28.756685340951552
P27361,16.190086021648124,23.24054198459159
P27448,13.315515721635991,21.998389335237615
P27540,11.523964504492488,20.00055890041676
P27635,17.179444244118557,27.788105136061823
P27694,18.127179135998862,25.72811868696772
P27695,16.974295450805936,26.89139788525454
P27707,16.925191072539494,23.861987059702464
P27708,16.293554831152278,25.194984980337882
P27797,20.283052063165485,29.674542908391164
P27816,18.282414916398874,26.758419120348698
P27824,19.520333493219002,28.790011759701148
P27987,11.580512210572685,18.299969739918918
P28062,14.488477890281962,23.827338154517754
P28066,19.67094374829968,28.154596390085608
P28070,17.865313291624826,26.771816075202256
P28072,15.684056364374081,26.513569814570815
P28074,17.90050343728096,27.26487600969961
P28161,14.937336953901218,20.576443586935707
P28288,17.128817740361644,25.037520906512967
P28289,17.921836800242783,26.06944310215766
P28290,12.254580301204921,18.960778262769317
P28331,16.820950885772945,24.328783052408177
P28340,14.877801023104134,21.87017606830817
P28347,14.075663820015345,22.90570857432629
P28370,16.09741827132811,24.342227372689205
P28482,17.477065507969993,25.627581660742788
P28676,14.593547464644423,23.916365969926346
P28702,13.51434940016304,21.210681691841675
P28838,17.684206965503233,25.915914088123984
P29083,15.05675176317955,22.92559567846503
P29084,15.892281108469517,22.870647379758374
P29144,16.900763556014283,24.96685993652405
P29218,17.027842841656017,25.79819094975616
P29317,13.541922084603707,22.2928094291536
P29323,11.811453117688208,23.138859812299376
P29353,13.489730448242799,21.862479915372287
P29372,12.639554414978196,23.165796480104987
P29375,13.13798242232914,17.933216690723917
P29401,18.859237952488755,27.843134054046644
P29590,14.938501825899072,20.884138310108625
P29692,17.99396128598954,28.996282351912356
P29762,16.380515847841178,27.631266558511392
P29966,18.193663062816324,29.132394353401708
P29992,15.315615099141032,23.704737855292755
P30038,14.840971998491774,21.289275246168895
P30040,18.639843746366743,28.919712142367707
P30041,19.773202256757834,29.000222551673122
P30043,17.14924347949287,25.06659915465418
P30044,19.34309545141002,28.652871077973753
P30048,18.933948636722505,27.577756839482856
P30050,19.24646155081613,28.28372896604895
P30084,18.39023758520133,25.433739185094616
P30085,14.413617862819745,26.089824333531883
P30086,18.681988880662345,28.93068698805842
P30101,20.572853523370927,30.144211455687007
P30153,18.123077691686447,27.387364527707593
P30154,16.08295259705479,23.304932223133562
P30260,16.00152767571879,23.00933563435098
P30405,16.840602981517005,25.311977491054435
P30414,11.286686042705359,20.818628463370676
P30419,17.417339196188603,25.179125056337515
P30519,16.271686212176412,24.748192451407352
P30520,16.471199107818872,24.880928209974872
P30530,12.681238524421468,20.042936197336278
P30533,17.036418978656013,24.65968137040334
P30566,15.920407086897294,24.025822852235198
P30622,14.62804512665586,22.832646053972844
P30626,17.947300577482658,28.133452154074735
P30740,14.88334827565847,23.15537436007528
P30793,17.19771808425956,23.41337381211349
P30825,14.494292833264804,21.146868971863647
P30837,14.442373293603117,22.478165362032133
P30876,15.94814387530622,24.655299482237787
P31040,16.46697289079385,24.97652509763289
P31146,16.412903580749564,23.635801231467852
P31150,17.795726135147504,27.026888993790262
P31153,17.825299269960315,26.33904261642074
P31321,13.821377415879711,19.258694569607528
P31323,16.947823382168966,23.7847801173879
P31350,17.07626397279112,25.2596979680427
P31483,14.630757856613627,24.234588688904044
P31689,17.20861489077375,26.772211065500237
P31749,14.605527335824927,21.83219816550136
P31751,10.253074138147927,20.121872840062636
P31930,15.717260406103463,25.26911211904969
P31937,17.174141235126953,25.49002203943462
P31939,16.85418478928471,26.96845044887053
P31942,18.923228288319578,28.41324536135785
P31943,17.757640043315888,27.73536218347235
P31946,17.294810741260868,28.09772936317216
P31947,15.623417460698299,24.78574971086301
P31948,19.84534032346212,28.28077430202549
P31949,15.609116342998266,27.347556468977736
P32004,14.959712855084854,23.439631373475198
P32119,20.081737838916858,29.28328699338886
P32121,10.787882159147639,20.65967476572174
P32297,12.214243569766996,19.63153664544443
P32321,15.068580701390236,22.81277309719509
P32322,17.47995840298128,26.8135675194367
P32455,13.400038074793393,23.65863004709816
P32456,14.642989391938764,21.084501756924457
P32519,14.196815283860802,20.71458858190598
P32780,15.183031021823268,20.955947191726832
P32969,19.010161802552965,27.788676096477538
P33121,15.643705121550903,23.23134908205873
P33176,17.23500473452472,25.84784061429167
P33240,16.585043902244184,24.400976169379245
P33316,17.506327858577386,26.698615884842003
P33527,14.579972725518655,22.079550378187413
P33897,13.620673959950295,20.82427761820396
P33908,12.702495195438322,20.300884961398108
P33981,13.705304357650638,22.561419454585028
P33991,17.202369646651942,25.88148743406628
P33992,16.594882788079133,26.302437141994545
P33993,18.04297382781687,26.478814957584238
P34059,13.801653080695376,21.709909001182112
P34896,14.514810818316535,21.758563687259926
P34897,18.168218248442283,27.711453259771766
P34932,18.751701023291833,27.107296986179517
P34949,14.548465562177263,22.7902723476999
P35080,16.617108631542962,27.683711473600383
P35221,17.666862238773486,25.846233690502405
P35222,17.634444904460707,25.35898584834184
P35226,14.343435831113185,20.50780666651466
P35227,13.49388487978607,22.016615618838202
P35232,19.259366566300606,29.072467907695852
P35237,17.334720054375314,25.686858417883858
P35240,13.980337350891878,19.795680960587134
P35241,17.15266920868799,24.97973246673268
P35244,17.896116630958257,26.1728838231592
P35249,17.3438234929943,27.130465772624778
P35250,17.783733824696775,25.515384710465362
P35251,15.857707415135248,22.492462137949484
P35268,20.220492972697038,29.05481895962794
P35269,15.268766551701454,24.58424384338622
P35270,16.413787531371693,23.11342191081374
P35520,16.786762784914483,26.025369154004615
P35527,17.337624473621776,25.92036308498701
P35573,14.990212156469115,21.89865534707593
P35579,18.93707640645368,27.90262965278479
P35580,18.102679532191083,26.51071944930411
P35606,16.972881580123413,25.481516886285913
P35610,15.813637485622777,22.534636206487946
P35611,17.472213943697458,26.193346197861228
P35612,15.713469067179908,24.164764102434944
P35613,17.60646652269499,25.359074673014028
P35626,11.074566945487723,19.348893888649208
P35637,17.922334342050906,28.331367268670032
P35658,16.80598815304176,24.97366019533351
P35659,18.151917520950096,27.55587248797384
P35754,12.015479867664425,24.656353064381967
P35813,16.83622374909763,23.976597183929176
P35908,17.08990138441915,24.92835994415342
P35914,15.56793935064698,21.977078160093214
P35998,18.849438281484357,27.114642955038036
P36404,16.736069737147364,24.835048307930702
P36405,17.777215461638885,25.842609170673008
P36507,16.44732367149288,22.60464062174857
P36542,18.318879969249128,27.07577762056235
P36543,16.9723158160504,25.566889240961853
P36551,15.223249579387867,24.783579839581304
P36578,20.038925270985896,29.486233605115263
P36639,17.780531410042393,25.401542665235368
P36776,17.80112981761302,25.825941663302515
P36871,17.476754762242265,26.137733001400964
P36873,15.968796345768299,24.7817601308463
P36915,15.506615728594358,23.939576591489317
P36957,17.72812240177212,26.566717337385047
P36969,17.499900347253398,24.293895023070817
P37108,19.286960929421355,27.710799534205652
P37198,17.047602760071833,26.419874160859838
P37235,16.362405721822153,26.152557519159192
P37268,16.204983649877295,24.17638410065463
P37275,13.194509673104017,19.91763722212384
P37802,19.65673922317708,29.66467086047336
P37837,19.755702418711742,27.649632784750384
P37840,17.900526433899625,25.32349695177573
P38117,18.39851735696643,26.37864652631137
P38159,17.046303535963837,26.423757941115806
P38398,11.899793899326822,17.01220276736774
P38432,15.310965457817236,22.49835522537379
P38435,14.0563560880472,19.97459744076149
P38571,13.693642752559548,21.651856416892315
P38606,17.913448777640465,26.319471852032827
P38646,18.727238283075334,28.046940617965383
P38919,18.281893506547497,27.917970924714627
P38935,12.84228882367327,17.15249125329994
P39019,20.487074664518804,29.402627936462796
P39023,19.68027130992888,27.926000457240544
P39656,17.095015211524302,26.701536289795
P39687,15.48368272567536,26.506427414627698
P39748,19.132467898906274,27.184977702952587
P39880,14.791546523444833,22.535513009345074
P40121,16.084650505693354,24.2485028948815
P40123,16.93977093570615,24.11672507173438
P40222,17.109371620955297,25.586396224814504
P40227,17.372354567842322,28.070376568725823
P40261,14.06297146727827,22.2087126589815
P40425,12.445153322964401,21.38171564379556
P40426,11.20436863311616,22.382779846035927
P40429,19.316851910785115,24.897085321461788
P40616,10.298734275588345,22.786418450516408
P40692,14.900728773328538,21.415950883089522
P40763,16.200810548854072,24.367818423927
P40818,14.53741523989568,22.72920306678821
P40855,15.153546576438426,23.856317836692448
P40925,19.127687532344943,28.072878209509778
P40926,19.40085602020027,29.291173167953477
P40937,16.982750235484882,25.15964106530328
P40938,14.922266575795417,25.107290056871822
P40939,17.884790121814543,26.726624075691525
P41091,16.680263457963765,24.620820757628948
P41162,12.06343397441201,18.663833092605607
P41208,17.395923452036865,22.09605201989501
P41214,15.430894684441098,21.38795299562201
P41217,13.29745576128442,22.417914821547374
P41223,15.98682281884481,23.148653748281138
P41226,9.515001513905055,17.596573817200788
P41227,17.56590903872456,25.535349711262928
P41229,12.477887120381228,18.289074460583315
P41240,16.70081677585911,23.111927931021324
P41250,17.433283940976544,26.52168220579463
P41252,17.653616132455,26.018952340780594
P41743,12.26117328614566,21.607340285769023
P42025,10.537236284654718,23.63788652177317
P42126,16.297674137019936,25.254718926537095
P42166,16.01513038686752,25.05472814410622
P42167,17.895026539768946,26.42692802885027
P42224,16.687042446109814,25.071295396996923
P42285,17.501371424616806,24.890255390647006
P42345,13.961709245789462,21.30737625868724
P42356,12.080449834389567,18.94178234869478
P42566,15.662548847400984,22.751772129692895
P42574,16.776046514393723,25.70562611276157
P42575,12.206036935556046,18.589532799240267
P42684,13.656806712292553,19.543824294677275
P42694,13.094243798034475,19.906111019991542
P42695,14.164091117944524,20.866620407380143
P42696,15.834049915476076,22.19596722578005
P42704,18.43525771687974,27.051008294074023
P42765,18.136287238040428,27.14556197831315
P42766,18.283747866530835,28.98129802346665
P42773,16.424382968533706,22.8601022119415
P42785,17.95088950319518,23.48473179859583
P42858,13.908422808213018,20.95491088713096
P42892,14.254959442602834,21.293551760505355
P43007,11.509248164727188,22.182341259315827
P43034,17.133959642458912,26.381618091464723
P43121,13.555402591208567,20.35989430119933
P43155,15.13346560987895,21.054891886336502
P43243,19.034031825140822,28.58948728740747
P43246,17.962481721981113,25.85122679078182
P43304,14.87535350426373,23.668504491757247
P43307,15.320501921941602,26.149999445533275
P43363,13.686090479730867,23.068288644529797
P43378,14.443478537917953,20.684291206970602
P43487,19.647080046632684,29.01426922768863
P43490,17.20226892215586,26.127261430314807
P43686,16.521256856839607,26.8389807878297
P43694,13.824402725380587,21.427713937488306
P43897,15.908050810037635,24.638455868347535
P45877,15.43172202851963,25.018598377959446
P45880,19.116748405145703,28.547003500584857
P45954,15.20890886014201,22.5890079703403
P45973,17.99231195730388,28.64458339926858
P45974,16.964756099575943,25.927444154229555
P45985,14.433778196184285,22.815621103213804
P46013,16.862159810231134,24.65248941429607
P46020,12.662755873901295,19.06843866712523
P46060,16.98212708605448,26.34686141538844
P46063,18.00412420347083,26.04575803805935
P46087,16.77683385030091,25.632775602386836
P46100,14.858850485470255,22.928938904294153
P46108,16.31344374326109,25.723377938554066
P46109,17.86111745605968,26.51367323241213
P46199,14.623592843405387,20.57805383786189
P46379,16.03632241682318,26.045027879055915
P46459,17.205061654910672,25.8219694593364
P46734,12.707665318718831,20.638927989523864
P46736,14.234145195717488,22.415209363071877
P46776,18.23356930517712,28.897795911789625
P46777,19.535046809356036,29.272243511121502
P46778,19.758981157660433,28.65077346854186
P46779,18.46376478556067,26.773106639935744
P46781,19.920420824644623,29.14041725876986
P46782,17.165433408264363,24.8942987274788
P46783,18.635957426407547,25.04348705371511
P46821,18.3262223995584,27.051000751333017
P46926,18.10531063908316,25.581880318132804
P46934,12.98894373454824,19.784397167015882
P46937,15.74625923398965,23.33301973450555
P46939,12.620747486922749,18.117266763822897
P46940,17.994674450892337,26.213082003476075
P46976,17.002006158450445,23.661048686589023
P46977,16.079275574867474,24.946980486608666
P47224,14.837118449018584,23.008775813819188
P47755,16.9715838379973,25.282859053367968
P47756,16.68987470499625,27.428346980151865
P47895,13.679673415182236,20.71327332258076
P47897,17.761976688956132,26.36133197188919
P47914,21.026228824880455,28.998744283978976
P47972,12.845777074420216,25.78004963254934
P47974,12.67876522289355,19.33621932967124
P47985,10.903655434281566,23.36760413619646
P48047,18.661895862155145,28.006901240168997
P48147,17.865507718501004,25.206336640946436
P48163,15.704736790651042,23.40869826077903
P48380,10.785581610149702,18.892000209870634
P48382,13.719401885781542,20.24145180499253
P48426,13.504254160765926,21.0199326570845
P48444,17.590173567662266,26.80203966627634
P48449,15.987657247509201,26.35332491069333
P48506,15.026407537688723,22.47843595198334
P48507,15.838166990653447,24.478609330848904
P48553,12.201212009408584,19.983360528757412
P48556,17.284967330714817,26.25185672271821
P48634,14.512111487063258,22.948529285307217
P48637,18.17016031832889,24.729941794207658
P48643,19.683826291140612,28.15854946543251
P48681,18.85218028229305,27.642371797993874
P48723,15.240651452519865,23.606338924141166
P48728,15.586096557110013,20.074500702193717
P48729,15.672508912853553,23.56574739622417
P48730,12.119676592946856,20.85016016146413
P48735,17.505039591777035,27.160407392007983
P48739,17.78987830492321,26.173896416693182
P49005,13.814491673828766,21.63828341988906
P49006,18.786044516287152,26.240187942028317
P49023,15.847346421175605,22.69284150099401
P49069,14.14818939160885,21.31435569587147
P49116,14.002471777275067,21.605017481715628
P49137,14.677773541690833,20.628421213060353
P49189,16.84356629550545,25.56317834680722
P49247,15.778164703555815,22.03833968636991
P49257,16.987408701683265,26.43971764407984
P49321,19.107289671944955,27.454125379915627
P49327,17.921428521906773,27.267787257789728
P49354,14.219229911008043,23.132291544920875
P49356,14.525429291954774,20.32908606650802
P49366,16.233336752922916,23.69861190089327
P49368,18.33184353049706,28.282966045814465
P49406,16.470875573405145,22.93067986601891
P49407,10.802460936860038,21.16380013724529
P49411,18.96122371541038,28.017932764712267
P49419,16.889227577245155,26.54232766598634
P49447,17.328915247415953,25.377263862702684
P49454,16.070066143390797,22.967781261587575
P49458,18.08487441674311,27.63937059897352
P49585,13.500021967958299,22.536945712554925
P49588,17.06322308900914,25.884432921981592
P49589,16.745738130348872,25.26419029326603
P49590,14.922261224782815,22.611324031417173
P49591,16.95743791444687,25.718910692304593
P49593,14.782762994428873,23.89539666503895
P49642,15.61927086148993,29.3464538018908
P49643,15.303977270685422,21.748892474488194
P49720,17.70269924084649,27.18411421895138
P49721,17.157814367056886,27.377181782784724
P49736,17.53178829647377,26.318880335466975
P49748,17.827863173209018,26.009839776727972
P49750,16.5048897641839,24.809382687067092
P49754,14.451994336863953,20.397728362471156
P49755,17.068063072225307,27.108696474038574
P49756,17.535670506987163,26.067845710874046
P49757,15.347127237152954,24.154145355774546
P49759,13.837470095276844,20.54327999000816
P49760,12.803104712851454,20.463990504252074
P49770,16.4852073052517,24.496478030903923
P49773,19.341270583506212,27.801103523805494
P49790,16.32347934497392,24.671284266614258
P49792,16.58637555102495,24.19422897153429
P49815,12.89150462679986,20.85833029673342
P49821,14.34320593124265,23.54192123742223
P49840,14.510005261228699,22.912826258024293
P49841,13.25686030748538,23.187545979149235
P49848,14.020269554484255,21.97302879948365
P49902,14.7410068198125,23.674119392003423
P49903,16.53445812807564,24.88336848215468
P49915,17.736825602407933,26.252946688519614
P49916,16.38693964128463,24.04379567246403
P49917,12.240522242456068,19.927687087464385
P49959,16.705812461449444,24.53173841263928
P50148,15.412169967333842,24.193117595300535
P50213,17.253371327286438,25.386719712545922
P50336,14.715725817529135,21.625108249045866
P50395,17.47108221842776,27.29302546380607
P50402,17.48589244886707,26.21922516666472
P50416,16.30642743786856,24.349088083865936
P50440,13.260853054740815,18.376147895982466
P50443,13.362055011774196,20.39436280438798
P50452,14.21354815683515,22.223335658884263
P50454,19.686936253188357,28.933603749089926
P50479,16.285598528199284,24.87111517146512
P50542,13.921299702696773,22.395636178533824
P50548,13.423210356153222,21.70770912690768
P50552,15.15528354412378,24.476843833678277
P50570,15.98643419829999,24.387742076369864
P50579,13.923155600997573,21.283878182934664
P50583,14.294603738730501,23.659558707097013
P50607,10.46838199893513,19.364236155627477
P50613,14.95901143937089,23.284022251730732
P50747,12.838312479830169,22.095736803791134
P50748,14.32108091690974,21.497529854394532
P50750,15.585980564118909,24.03166598306759
P50851,13.388441060700732,19.53615370266131
P50897,16.50498077005141,26.047087615376157
P50914,17.705393996752022,27.895224319252275
P50990,20.06957217936931,29.064867633913007
P50991,17.998479002575035,28.160665599082012
P50995,16.85471285703602,25.05987200011068
P51003,15.68691258835148,22.845344399250354
P51114,17.33689561692718,26.149634365116775
P51116,15.17563915615047,24.582791565761198
P51148,15.932148730587084,26.50067265398265
P51149,17.806614520183377,27.872503116443387
P51151,12.955475553181568,22.471012375043177
P51153,16.849493026751688,24.918461839314446
P51159,14.868706791487774,22.63470693093013
P51398,16.364671621071512,24.63441348872196
P51452,16.662197131886494,25.29994134508312
P51513,13.52341621838873,21.160982051500433
P51531,14.768287123832005,21.691573410670678
P51532,17.447982816097557,24.957216778841303
P51553,15.178811609807251,23.025341288542528
P51570,16.173827635172778,24.40399993844869
P51571,16.30351328104559,27.29073972796439
P51572,19.4141297266606,28.10019376505308
P51580,16.577458510142282,22.389820893097777
P51608,15.691755952084009,21.76188796000854
P51610,17.346716986439358,25.179537704812592
P51617,12.968693667981409,18.86673876841158
P51648,16.58237359205356,23.83027586591793
P51649,14.545502730538997,23.234233758701585
P51659,18.373483188933424,26.836008312981086
P51665,18.20833447021017,26.943808055830562
P51688,14.493334315511634,23.330251445931847
P51784,13.77743182479974,22.759192850833884
P51805,13.341626066600355,17.05774966760396
P51809,15.04801062258727,23.421757319835493
P51812,13.34285743405146,22.748855863740417
P51858,19.06994062825725,29.022472358816778
P51946,14.620141009167174,20.237335159232224
P51948,13.182367763040043,22.611890975565153
P51956,11.280081730327227,19.323243830678006
P51970,17.382169936339263,25.35401898405107
P51991,19.309995422721993,28.89924319473501
P52209,19.15375121348227,27.223979333919768
P52272,19.33709678937559,29.448666367822344
P52292,17.609936939225815,27.432168545694054
P52294,14.270153466653875,22.892881579859964
P52298,16.485442174679726,25.015657880684135
P52306,16.203858719448775,24.88213212219827
P52434,14.210538292345984,25.07213647591514
P52435,17.156485173774247,22.99684665585855
P52564,15.255716341009462,23.530428441367548
P52565,19.972994344931816,29.373730992493407
P52594,15.801201142425564,24.214144560896088
P52597,18.072995705114185,27.346361746141223
P52630,13.442720596491032,21.977264003265056
P52655,16.82183173273978,24.46190895314243
P52701,17.16240602548256,25.48409354825608
P52732,16.683491672669092,23.668462309215414
P52735,14.870421754822338,21.526150933106855
P52756,15.064799159849157,22.527889011234482
P52788,17.20927621165548,25.38172326148256
P52789,15.534801474824029,25.072211598438464
P52799,12.72974289985225,20.426118093734058
P52815,17.73823597087857,27.913731110052648
P52888,16.126448415120798,23.85201285411934
P52907,17.79590788747246,27.796440048031304
P52943,17.769020351566283,25.58381153512291
P52948,16.9320511759163,24.611509306761253
P53004,17.21957370203851,26.85244828311431
P53007,16.065409798542117,24.70444726629752
P53041,16.148801933126162,24.877412069316023
P53350,14.530413356860091,22.559180009663674
P53365,15.096045374377288,23.341596506865226
P53367,15.26894167649987,24.485251277483684
P53384,14.14305260405454,22.87965688072082
P53396,18.266090368147523,26.866615789346778
P53582,16.728826436782448,23.984870928142854
P53597,17.68775221783841,24.86697386143598
P53602,13.197224446682668,21.567064940348015
P53611,14.775744438439363,23.605440783840145
P53618,17.535755893031403,25.79456808993712
P53621,17.868162696736,26.56087351416984
P53634,15.658655526959803,24.914411772599372
P53680,17.6711128373346,26.291639495814746
P53701,16.12740516468385,24.268713879575
P53814,12.870821056679285,19.73681599854672
P53985,16.836552655768322,24.872692872754033
P53990,16.602511084027963,25.154687874290094
P53992,16.832396012528335,24.768791140098777
P53999,17.364339680142283,28.780473407562724
P54098,12.033720764991505,18.788211864656205
P54105,16.36972126836575,26.720014044557715
P54132,13.90453229306105,20.349545152570954
P54136,18.466058237232538,26.435148717444946
P54198,13.743165934674582,19.158162041639354
P54219,14.809959978542837,21.310283635225872
P54252,13.439599887053138,18.52253579694083
P54277,13.190719472255015,19.438357421917537
P54278,12.108921071151437,21.69247875705628
P54289,15.627312395233941,23.997749041205697
P54577,18.535412678604317,27.004676953455693
P54578,17.5873125292703,26.233467488567943
P54619,15.380397414616358,23.30824791660474
P54652,15.565808897294207,23.54964750591118
P54687,17.838356167714256,25.610746529814726
P54709,17.407097919074957,25.277605339653928
P54725,17.123618314563426,25.101976504728395
P54727,16.911910919741086,27.19780660052814
P54802,13.763472526916859,19.115402513782012
P54803,11.552913443393052,19.69313494431645
P54819,18.507406736776264,27.33252103059088
P54886,17.52774058250564,26.179369362689133
P54920,17.172200313635088,26.1149339608643
P55010,17.51986641917513,25.629800071081736
P55011,14.72640290823093,21.71047853843186
P55036,17.720930557051474,26.37496783091336
P55039,15.103293620911325,23.63977918610726
P55060,17.520977670337185,26.96656859613906
P55072,19.206711242809924,27.86345446130804
P55081,16.511691263775802,24.386330621101074
P55084,18.923336760184586,27.09804819579778
P55145,18.88963034281513,27.349067322764387
P55196,15.027148176496096,22.263380948282872
P55199,11.245891597294323,19.205816205570688
P55209,18.299721839633797,27.243712190550667
P55210,15.190401803957618,21.454810030277635
P55212,15.62003262209695,22.461264013927224
P55263,16.164797905441624,24.783172590443698
P55265,17.555139311722545,26.558683834641755
P55287,13.953408925106654,22.136476140170625
P55327,16.65481969248018,26.348929490482085
P55735,15.628695780606492,24.61252493271865
P55769,17.35045274403212,28.30786539464525
P55786,17.733981753361363,25.73582882953822
P55789,13.028883694408876,21.884541120909876
P55795,16.86595566171569,25.207328613874267
P55809,17.614748136030613,24.392023857136127
P55884,17.433939379025727,26.672094193527762
P55957,13.719253936341502,24.444851422991366
P56134,14.791730333426846,24.985308340691596
P56182,15.43448500949098,24.06137184560067
P56192,17.30994934610354,25.600284171059457
P56199,15.898587461551703,24.410981138771554
P56377,15.154501060964849,23.723698748772808
P56378,17.25250869160146,25.813786694651366
P56385,17.50470557448677,27.64759540220361
P56524,11.59838436378107,18.732692712750367
P56537,16.997866043894266,27.607588147624455
P56545,16.159372225712133,25.49211860582961
P56556,17.768065494182324,24.168300150156156
P56589,13.814285767851068,19.8938966488011
P56730,15.575316535473748,24.63665934822126
P56937,14.520959955968841,23.22274212409708
P56945,13.60163397552172,20.182056979841214
P57060,13.848947128404765,22.49356951656726
P57076,15.763529865079883,21.925498663009012
P57081,14.670570657245639,21.603644101778592
P57088,16.583366842614513,26.725967918237853
P57103,14.34946798186951,19.25678785787937
P57105,17.54532441030572,25.37692486090723
P57678,14.30483855194818,22.445953084084387
P57721,13.62333861545069,23.031993563866983
P57737,15.52349678170819,21.510876305901515
P57740,16.45138521837492,24.771136644019094
P57764,13.376401838629262,21.276579237667775
P57772,16.09839277399478,23.179201542064156
P58335,14.184033253963761,20.589967828279093
P58546,18.81592128187118,28.154001807403855
P59780,15.462068012018726,22.405852482325624
P59998,18.407203091490512,27.593686903519252
P60174,20.638619707675016,30.170838023057694
P60228,17.672755362613056,26.707290767181057
P60468,16.76647130081052,27.42725826960628
P60484,13.625807187989869,19.330790714956223
P60520,16.71117829038192,25.66902414574637
P60660,18.560786367460697,28.95422599650612
P60709,19.242767094532624,30.69661798916424
P60842,18.021300406784214,28.781684930727344
P60866,18.955118180107252,29.287423728014424
P60880,15.762685462649902,24.359924876367266
P60891,16.00678195417126,23.26749035586195
P60900,18.0997824985261,27.002145578487067
P60903,18.222063525503902,26.974669421652578
P60953,15.911179737224826,25.557374676380597
P60981,17.27218107801325,26.390398048632555
P60983,17.217004327970972,25.358855430046496
P61006,16.15305704776507,24.366792320840133
P61009,15.882891283736884,26.032976764899303
P61011,17.853083328826937,24.947192372696065
P61018,13.868158033107644,21.239468275525226
P61019,17.228661323737153,25.767946463306536
P61020,17.167253454289824,22.92401072562932
P61024,14.763546179695103,27.197046098110853
P61026,18.784339783368416,26.141689205785948
P61081,17.169713217788708,26.814595693447924
P61086,17.19290163604568,26.901836163131527
P61088,17.49327943181436,26.892184692201067
P61106,17.405364897110687,26.353254006854904
P61158,17.563728044011345,26.753630371259604
P61160,18.293583147178463,27.980378113180244
P61163,17.15452446490063,26.360717542008747
P61201,17.53923508538969,25.701050570111352
P61204,17.113716399048027,26.864306010844135
P61221,17.530677014672705,25.321910574741903
P61244,15.362167670085757,22.929637853710506
P61247,18.832059658745777,28.193303696773647
P61266,13.452371161446019,20.69882453224967
P61289,18.15130286771944,26.386047773616212
P61296,11.383978088529577,24.71531855233135
P61313,18.379838961350796,28.503191250673222
P61353,20.065841378381855,30.190392239654134
P61371,14.78727606635725,22.166119897440534
P61421,17.3945042425432,25.18747048652567
P61457,17.313414548846815,26.60870908810305
P61599,14.689277699501183,22.48805512736405
P61604,20.797743465244384,31.041582176414995
P61619,13.504662596177239,24.32152878643414
P61758,17.64470362491265,25.46231210011841
P61764,16.066041291945023,24.826085021477788
P61769,12.616479923579885,25.119687896138906
P61803,16.446963621040716,26.560611332663576
P61916,17.59570658530344,24.84782305983933
P61923,16.606586851877246,26.432753821493126
P61952,14.280280704063808,24.817900442520436
P61962,17.355649146322833,24.77768019730642
P61964,17.631502076796625,25.576066074819515
P61966,15.262570317419218,23.80247514724351
P61970,19.393865289459576,27.522637174995566
P61978,19.500147578557712,30.38026876088168
P61981,17.903256662334197,27.458955399239148
P62070,14.857800492542701,22.996722647825756
P62072,16.10924297147308,24.802104499697926
P62081,20.329761026672703,28.81809751147383
P62136,17.78067584603412,25.550023934432076
P62140,15.596178082947372,25.29300771595381
P62166,16.922096483236103,24.08981517548433
P62191,17.786828266102685,25.857012067189554
P62195,18.284978816929886,26.88227444345599
P62241,19.47377009839516,29.492743179706174
P62244,19.242758616099167,29.640124260369834
P62249,20.12836295133167,29.415653760666395
P62253,14.783512136097842,22.65218612456389
P62256,18.359899807144146,25.58337998235874
P62258,19.858988121779227,30.14381941125356
P62263,21.007730058973326,29.91994396081458
P62266,19.16713227313838,27.400865509351622
P62269,19.570737737639558,29.56585309600486
P62273,15.759088197560533,24.677741037048087
P62277,19.49375398186038,28.01246608162404
P62280,19.967079971197524,27.986021867804034
P62304,20.045277669472423,27.979593516236058
P62310,16.703967427828783,27.434258582610298
P62312,20.13728965788764,27.294140969709453
P62314,18.851557701349652,28.22939582907552
P62316,17.825622300195793,28.844758834719432
P62318,17.46267345839665,28.35545567208997
P62330,16.394647630325984,25.20706102886177
P62333,19.203703364259923,27.094656960249583
P62380,15.030915188279666,22.09292062674997
P62424,19.748170531917,29.759414679143656
P62487,15.406230889273589,24.88927148288508
P62491,14.63923660537172,23.316159680023695
P62495,17.87393560789839,26.626917469028466
P62701,17.80523687108635,27.09931107347968
P62750,20.54428836676259,29.8206372792508
P62753,19.657039183314126,28.695101953100938
P62805,19.738834662600507,31.030061063110754
P62820,17.7406152708263,24.05614686165089
P62826,18.946653299243692,28.67959601191822
P62829,19.36420727831192,28.314459492006254
P62841,19.66422660873529,28.324713623315
P62847,18.478905388740824,28.46742176762778
P62851,20.054190924768907,30.157912527526886
P62857,19.99107119070285,30.345241802210026
P62861,19.263827893249815,29.33857815517086
P62875,17.520726962507812,26.154998198848027
P62879,12.637816103826397,21.74443531081892
P62888,18.844811995001834,27.227654731698255
P62899,19.107106678608346,28.479569093795824
P62906,19.7641705481422,29.03586848455508
P62910,19.658732949418972,28.447662833220694
P62913,18.44006969706824,29.092358280910453
P62917,19.817936297526614,28.51326497234024
P62937,20.973404273591473,31.825700621246636
P62942,18.05981734668104,27.503916310786927
P62993,18.260570277716468,25.932794773601902
P62995,17.704897807250777,27.77894114067194
P63000,17.542024422946895,26.82500997219141
P63010,17.72628066689426,25.70157976890753
P63092,16.829942648526874,27.210031049523504
P63096,13.443112283588327,22.36614169781048
P63098,16.596706472052283,25.34704647420544
P63104,18.416959872512,29.814270628684163
P63151,16.593527032248222,24.468176630730273
P63167,18.79944834695162,26.695756493628693
P63173,19.44981699390513,29.25502661223637
P63208,16.88107998567099,26.570495213024472
P63220,17.745772366376908,29.359267388041427
P63241,5.993765936696751,21.674739356359858
P63244,20.03994354436796,28.34395890744893
P63279,18.382742299207095,27.821657477549113
P67809,18.661478433965694,27.98589936698458
P67812,17.582250681117706,25.281521626810758
P67870,18.006728968183367,26.856013449204106
P67936,18.613423325726107,28.153020008044063
P68036,16.508462945040474,27.131303513709664
P68400,13.434268628121652,24.222172292764608
P68402,13.122732243259799,24.099795000079858
P69905,14.571067025480197,27.100124490048835
P78310,14.584834554812474,21.90116161512773
P78316,16.775195257644686,23.942483314553435
P78318,14.211957677840305,22.42723828665454
P78330,17.292273919124682,25.917825371981994
P78332,15.972746607786958,22.297882718856453
P78344,17.20559886876134,25.255989254745856
P78345,14.828812010677133,21.04449365971437
P78346,17.298951755051295,24.369432940736385
P78347,18.33928519622929,27.55832503654198
P78356,15.153001761783054,21.91306743632804
P78357,13.950615652407533,22.54224216318913
P78362,14.725740352877652,22.016114006645235
P78364,13.263864292600074,20.999836521228417
P78371,19.024288224821213,28.62307325537893
P78395,13.498361286248752,20.96455619720448
P78406,17.01174129103913,26.132882825157015
P78417,17.776980849762783,27.871401569864787
P78527,17.977805140891856,26.864607459988676
P78536,13.981956672735885,21.85545664984287
P78537,14.741478375915278,23.326816836486522
P78540,15.065294267492881,22.45358507333086
P78559,15.124288200869431,22.528826074156132
P80303,17.943382308859675,25.837966148446693
P80370,14.80378316211551,23.173386415253834
P80404,14.82462275761829,23.534178985695338
P80723,16.71731446752038,25.480676361879866
P81877,12.856309561320195,20.67549082722228
P82094,14.849745747068754,21.783766303713882
P82650,16.09901901653561,25.158415239320064
P82663,15.813865856010148,24.326101612955163
P82664,17.524910999505508,22.95110103275204
P82673,16.288727603700213,22.56196806063055
P82675,16.23117172236604,22.0185802687099
P82909,14.959415184357084,24.960430562427558
P82912,12.910347261543976,23.46916753053469
P82914,15.483461650569065,22.937577606321614
P82930,15.37147765983343,24.354450186624454
P82932,15.772238883805205,22.501403827918395
P82933,15.634076385190664,23.461415382122983
P82979,18.432252538822382,27.453851908343065
P83111,14.644944872765086,22.235895611976893
P83436,14.51199102893099,21.459763934736298
P83731,19.245835529312902,28.0230289509787
P83876,18.075261572687495,25.34536192165609
P83916,15.561278715955535,26.882798466667232
P84085,16.76618482448136,27.547896923715953
P84090,18.61410515456447,25.881077823074705
P84095,17.653417581270745,25.188642671025992
P84098,19.52709363783475,28.713826933072074
P84103,19.231140741704934,29.835096976742975
P84157,17.1187863335462,26.31539483780325
P85037,14.081449605352278,24.177035530613505
P86790,13.957594728937643,21.945188734577076
P98082,12.617872047326074,18.6278590172359
P98170,10.73846936854545,21.384698239745447
P98172,13.207514965652626,20.41676866945897
P98175,15.975264628058655,25.593988995659497
P98179,13.281777911867534,26.503294941172907
P98194,14.848974972611437,21.6028251773952
P99999,19.03368903789644,28.74096846240997
Q00059,16.74039924814892,25.048110153249038
Q00169,17.45226565682088,24.28412474448626
Q00325,17.72584131414366,27.188669037205504
Q00341,17.526327489719325,26.128616298641145
Q00403,16.453995543545393,23.212463862527198
Q00534,17.018621964914466,25.595371067003626
Q00535,16.904917798088366,25.312046301611417
Q00537,14.631096575252256,19.449438857943733
Q00577,15.03375980329206,22.905469640404878
Q00587,13.593104225422342,21.618994955019755
Q00610,18.47291675560495,27.89593577440505
Q00613,15.88546112350901,21.72405469995558
Q00653,15.627323759061467,25.532827767631233
Q00688,17.362797803403172,27.27348646631849
Q00765,17.38751891880604,25.401779303504746
Q00796,15.747327458059532,24.9044296295579
Q00839,19.94093857082966,29.905540718241184
Q01081,17.32924337797422,26.88799309502349
Q01082,18.44238000190832,27.761815980005018
Q01085,17.476935236313523,25.89653364097665
Q01105,16.26975004821945,27.9976220741711
Q01130,18.207420734667217,24.67593092236576
Q01167,15.57789815338599,23.025627411231152
Q01201,13.316871900885818,19.64523040945198
Q01415,12.782244732151344,19.050224125341927
Q01433,15.459576357588794,22.662807400006777
Q01459,14.863543793406734,21.116854431938687
Q01469,18.022336722463596,25.667881196239392
Q01484,13.91329687937932,21.826826290266602
Q01518,17.619001619801207,27.32514354973672
Q01581,15.363862619567328,22.934479207310055
Q01650,15.541044283421513,22.74465689538807
Q01658,15.998480166408644,24.686787051880447
Q01664,13.900370955210295,20.247915012489816
Q01780,17.035608834129672,24.674978663925284
Q01804,13.954149197125085,20.091761965983356
Q01813,16.012767375217198,26.384995829340493
Q01831,14.523781782062706,20.39918658105063
Q01844,17.458756381191844,27.12030999019844
Q01968,15.09532141838842,23.201674460739902
Q01970,15.005045740262156,23.412355621884483
Q01974,13.247365636902765,19.207891449053314
Q01995,17.4957265321015,25.078485638984812
Q02040,15.631776674149267,23.583865249878617
Q02086,11.631805709981506,20.793248812877646
Q02127,15.439064814773648,21.693987643629224
Q02218,15.732946262171001,24.140711057607675
Q02241,15.126301883030985,22.863064248040565
Q02252,15.967413777057082,23.950617476472168
Q02447,14.36137761144823,23.624308522026816
Q02543,20.854962962706825,27.602042580879836
Q02750,16.145850748150526,23.78569018557334
Q02790,19.30720198671473,28.113362229321673
Q02809,16.470128422819784,25.313308738316668
Q02818,17.950232420915587,25.90601540531852
Q02878,19.732651626277402,29.453146547321683
Q02880,16.55553011168386,25.43128296944225
Q02952,15.56875299281734,23.077452893786546
Q02978,17.407123950532306,25.255546889918563
Q03001,15.433934751235178,22.20224059994135
Q03111,14.651216428460712,23.133992900780488
Q03113,15.888880306184332,22.339954101915904
Q03154,15.422607186401645,22.387935251566613
Q03164,13.35361372474099,18.96505026689838
Q03188,13.478546942875992,20.824432061210935
Q03252,18.757060182783043,27.24698864902898
Q03426,15.865260280151773,22.09619444972939
Q03518,13.095129304584365,20.252506207346265
Q03701,17.55503438913684,25.45428246200258
Q04206,15.643640534222776,24.259365582093857
Q04323,15.928111587392092,25.750703483514794
Q04446,15.38843017831556,23.354049215094342
Q04637,17.768256739181002,26.181467821062835
Q04656,15.158991085323635,22.08960765726802
Q04721,13.225604712267048,20.45065427241102
Q04726,13.463358579840497,22.327331975472347
Q04760,18.472911564166665,28.04686850659085
Q04837,18.505043011508853,28.340752237530317
Q04917,17.671778282274875,26.905465933391017
Q05048,16.846477455956503,25.5911712532676
Q05086,15.214532231484984,22.772440786888783
Q05193,14.997379661322364,23.367287801200593
Q05209,15.59562755276106,22.714429629633795
Q05397,15.180586055318388,23.00155213682782
Q05519,17.83534659622237,26.18815123752444
Q05639,17.506058254001225,26.652105528140698
Q05655,12.973345840106726,19.776508619517998
Q05682,16.79008970662605,26.084185414235936
Q05932,12.182724078870303,18.924745926553133
Q05D32,16.033697877989873,23.507299871143715
Q06124,15.40901242467324,24.038144828905747
Q06136,15.782706948765535,21.625288495130444
Q06203,17.454954374646096,24.93216283405125
Q06210,16.15299548611839,24.876396775299288
Q06265,15.301352368813246,23.430115941695963
Q06323,19.65728456355683,28.531850041163686
Q06330,15.343333236507135,22.183636239562382
Q06481,14.818779158659607,20.833354298486427
Q06546,15.251259779810121,21.923567335501097
Q06587,14.693029599082278,24.391600136899868
Q06609,12.52284677126562,19.967934748203547
Q06787,15.822206155908331,22.662137819145208
Q06830,20.087498054790462,30.1151619319804
Q07020,18.259098146421493,29.425500625438595
Q07021,17.250890796642395,28.205509855734753
Q07065,17.66052175707127,26.32178182482727
Q07157,15.336854376586064,23.812909242839275
Q07343,15.139818231309155,22.01887242247854
Q07666,17.912502865235393,28.08968902145748
Q07812,17.60640096201375,26.195560952182888
Q07820,13.75223512826062,21.397450659220162
Q07864,11.92939475839368,18.719024226897993
Q07866,16.982924199512276,25.466602081763842
Q07889,13.635223541771248,19.327391189244707
Q07954,14.993427829309745,22.330617261835908
Q07955,19.24294467235613,29.13180017658812
Q07960,16.200308309569213,25.076404891926888
Q08170,16.369145608504333,24.780367108180915
Q08209,16.2418984878214,23.92487374228471
Q08211,18.26016415151564,28.621668454885853
Q08257,17.51352630727502,26.04118479136925
Q08357,12.425903087957067,20.0630445907456
Q08378,14.260730205066311,21.52382740427371
Q08379,15.439313671016317,23.26285252629925
Q08380,15.823655980857382,24.42444928926139
Q08426,15.170610518592193,21.792901485188064
Q08431,14.833099355529017,22.671766324816726
Q08495,13.34557302596959,20.92758983715459
Q08623,15.021696552264485,24.121888579222567
Q08722,16.811625129207727,25.04660191634294
Q08752,18.071489357746223,26.035521394215422
Q08945,17.28754883691782,27.186631618388304
Q08AD1,14.011416995913917,20.682404099689286
Q08AM6,15.499681338787372,21.84729905969728
Q08J23,17.484065504865022,25.7184791144136
Q09028,16.353282605116345,27.58964521506009
Q09161,15.516178108832515,25.109683352311404
Q09328,13.368656157346152,20.36994918934821
Q09472,11.126888374327834,18.22028983960707
Q09666,18.628359272671037,26.573891014541083
Q0JRZ9,13.25128026939494,19.82176187366545
Q0PNE2,13.276646950789756,20.803015909806515
Q0VDF9,14.884108128537408,23.183148578775114
Q0VDG4,15.348995695970453,20.74114435588062
Q0ZGT2,14.894918844151832,20.9209079012761
Q10469,13.222259865339861,22.3232275411004
Q10471,16.763943278347007,24.191588356518537
Q10472,14.719373098946756,21.68509299299751
Q10567,16.554850770030434,25.29300592409039
Q10570,15.573855451405056,23.80625862398593
Q10713,15.673075425778908,24.1368878686555
Q12756,14.460769288208029,22.12258021847108
Q12765,16.758550674004415,25.297229291792135
Q12768,14.166556173558211,21.20586063330882
Q12769,14.75952806452272,23.898375833428126
Q12788,16.348422863741906,24.529700122457673
Q12789,15.955590769025985,23.245149023843304
Q12792,17.30094093922224,25.014559980084407
Q12797,16.588744939808578,23.74271052497638
Q12802,13.911844199172991,20.635804859939206
Q12809,12.434098799774036,19.681825574768204
Q12824,17.00508154829598,25.1321718684707
Q12830,14.272212964246297,22.176575513466428
Q12841,14.939476449856503,22.075619241500917
Q12846,16.161076585566953,23.23965189058587
Q12849,17.222824533495334,25.21361130123091
Q12851,11.701274834963918,18.29850284605735
Q12860,13.84925342221073,24.39551792912999
Q12872,15.754910770497647,22.149519147095496
Q12873,13.593426480633134,21.450211439571305
Q12874,16.64125706076937,26.230758359258953
Q12888,17.017532493197322,25.093458887660724
Q12893,14.221355954867121,19.57277214890057
Q12904,18.256135908615747,26.44355306334198
Q12905,18.909793772565784,28.858764685554945
Q12906,19.174909007534477,29.00506775372002
Q12907,17.979690328990575,26.804015224523667
Q12926,13.532387431668418,22.799102708323097
Q12929,14.239640337148796,20.865614862145836
Q12931,17.414469506751324,28.771905476306628
Q12933,14.645246957597076,20.771525710102164
Q12959,15.759442564668644,23.462561067619877
Q12962,15.24845245815053,23.50170266684866
Q12972,17.011113154162604,24.347396334559104
Q12979,14.430514313323357,21.973964732503404
Q12981,15.981090234897959,23.140786628357226
Q12986,10.0180940382936,19.42906984794779
Q12996,16.425314247014022,25.28432770104967
Q13011,18.061084839939213,26.135272096873354
Q13015,17.255952245348304,24.44067087159746
Q13017,12.192527348370733,18.62481597774287
Q13033,15.60657596085491,24.18071558353131
Q13042,15.512195459765762,23.254447733412828
Q13043,15.188502141390925,21.20460589681879
Q13045,15.751566797019269,22.779430830021607
Q13049,14.756743380680076,20.029867206053588
Q13057,13.900038331115095,21.60584291773412
Q13084,14.520238069204996,22.978270700539543
Q13085,14.25016643114046,22.363905224958536
Q13098,16.570263650233805,25.975530494219594
Q13107,15.150667849637912,21.351761514083297
Q13111,14.804991607914948,22.848408457839795
Q13112,15.805578142726178,22.623073781149895
Q13123,17.662926379762148,25.08103096552689
Q13126,16.95866392392198,24.165465148789252
Q13129,11.804724826182031,19.224715124409997
Q13131,15.4378686903505,23.44897004061839
Q13136,13.984712798689534,21.412671470289716
Q13137,14.900406156266712,19.14666026856036
Q13144,14.657803492792931,21.36163382510923
Q13148,18.259837439097655,26.803971088203923
Q13151,18.685506020130994,28.13102608381893
Q13153,14.974787121668523,24.282175583304436
Q13155,15.611203797075998,25.161349205955876
Q13162,17.398557131392515,27.04748872322396
Q13164,14.289726658156722,20.63341823342172
Q13177,17.367485393504776,26.157579997767655
Q13185,18.563955455903915,28.04180155538139
Q13188,14.319441877194551,20.935938037811514
Q13190,15.765182823745102,23.25830354333903
Q13200,17.654553369920663,26.686470183678605
Q13206,15.679415504416532,22.839185288286064
Q13207,14.190215815710264,20.929086109046228
Q13217,15.872565240899482,24.202527535184537
Q13232,15.216500620870622,23.227095450400974
Q13233,11.218091294345415,19.79793885244672
Q13242,17.883253002634245,27.67595596095821
Q13243,17.60518103055877,26.47031986679978
Q13247,17.202471146854116,26.430185550065683
Q13257,18.639377065350335,24.619712740163095
Q13263,19.378624712128445,28.636010640029646
Q13283,18.307267931037305,27.795930909223312
Q13308,16.414133067841064,24.655684523373683
Q13309,13.811035090701738,21.353495429743713
Q13310,17.111009595200354,26.034186243802147
Q13315,13.118231735885027,18.539062092725526
Q13325,13.815273208057294,22.132359967015613
Q13330,16.0542896942088,24.586530486813974
Q13332,10.570574134514843,17.578322746373527
Q13347,18.392910969528536,27.2684855767293
Q13356,15.831945823594024,21.72623742667508
Q13362,15.113689988352812,22.580719001532156
Q13363,15.955973674180527,25.025108423541166
Q13367,15.27508438723055,20.40833726521837
Q13370,11.727825382979775,19.007937401104154
Q13371,14.384682300885348,22.613736566746578
Q13394,14.659455226318611,22.717967673376577
Q13404,16.76706249630734,26.228633029011085
Q13405,15.81506958918757,24.361165910132875
Q13409,17.283723684524396,26.425753816569955
Q13416,16.250873798367987,24.773346152850152
Q13418,16.647898239734726,24.187844554053857
Q13423,17.607787699057816,25.477971369163733
Q13425,15.786868195847857,23.031140351255992
Q13426,15.905505380712288,21.78319632590605
Q13427,16.727103561760753,23.135330539834882
Q13428,17.559688781505866,25.450398647881958
Q13435,19.179938746496934,27.34550078296876
Q13438,15.976190258936496,22.59870160843452
Q13439,14.66596375778175,20.134962791464638
Q13442,19.235953691716425,28.253680988930476
Q13445,13.567504172454951,22.861665618171404
Q13449,16.765235361979823,23.041766505764457
Q13451,16.745158488544305,24.555954305837414
Q13459,14.036050747833466,20.321789984738306
Q13464,14.247433703198515,20.27160952836004
Q13472,14.334158271145192,20.110230325863743
Q13480,13.462593096551883,23.049885902211276
Q13485,15.226423165709843,21.359942883478343
Q13490,13.923718405566921,19.42517073054575
Q13492,16.733972024254427,24.405465803984136
Q13501,14.477197544233512,24.90771325341104
Q13505,15.99050008629252,24.178677171072774
Q13509,16.51605390173061,26.788881091197382
Q13510,17.332749406776706,25.45762907741285
Q13523,16.7856631507339,23.723597028068355
Q13526,16.31387757241322,25.891873789544572
Q13535,11.751956110980988,16.493422524892438
Q13541,15.641980594658898,28.12785450383334
Q13546,15.72413345900778,22.538938155178926
Q13547,16.031533148440737,24.06154359444279
Q13555,12.967858603783299,19.648932269230794
Q13557,16.03040110056488,25.981168476394185
Q13561,19.448603579011507,27.044100471660812
Q13563,11.992211251191014,17.783711269129103
Q13564,15.528571891680862,24.7492175243662
Q13569,16.211749696360748,20.863295114569862
Q13572,13.17390379098106,19.14777419733624
Q13573,17.770426989692332,25.87620605040228
Q13576,14.547366153735396,23.928757635096396
Q13586,14.587582255339552,22.77360278244953
Q13595,16.32452420127321,25.651758563958566
Q13596,16.40834735731562,24.476690669918696
Q13601,16.16733783052307,22.303974369748847
Q13608,11.968429289807444,20.481783714782658
Q13610,15.717488756922082,23.303428738090435
Q13613,13.96722262682419,22.174598606607173
Q13614,14.791539119085211,19.63959905413957
Q13616,16.213268845283732,24.439456776214108
Q13617,15.050525962800068,22.7150800368635
Q13618,16.30852043651357,24.511826177368476
Q13619,15.587226495450174,21.567720913896515
Q13620,15.500031813525853,23.13500488915387
Q13625,14.530694141687722,20.992348178646626
Q13630,15.300710358939774,24.580750228254402
Q13637,16.772027010460032,25.52495954271059
Q13641,14.886182019254564,22.608081521806618
Q13642,17.029133067131326,24.716448241519203
Q13683,12.151776655952863,18.448914059850694
Q13685,16.830315775673483,21.53069172890451
Q13724,16.191412096682566,25.029245525622237
Q13740,18.439050163313627,26.72279836943761
Q13769,17.413635722205676,24.434667486422857
Q13797,13.953250498027984,21.228573136200367
Q13813,18.60065053865086,27.9926008107363
Q13823,14.737511612195119,23.673161927215013
Q13825,12.90203523507282,21.26555203726543
Q13838,16.329502637200743,26.096127450012258
Q13867,16.33379463117702,23.881287014982313
Q13868,17.56895889948891,25.193472045188052
Q13889,14.221657753997702,22.611083199263536
Q13895,16.56187139962623,25.447614819011495
Q13907,16.643185040257148,24.288267606967644
Q13948,11.28256094735103,19.606303391256954
Q13951,17.075539919749662,25.368310792403424
Q13952,16.37807994184357,23.79371403123993
Q13976,13.858405493791789,19.52958208484861
Q14004,14.727327098590985,21.55437726822894
Q14008,16.5494828844718,24.940627127500672
Q14011,18.167599335264274,27.67421498230709
Q14019,18.29434657915635,26.138101617956494
Q14103,19.688384988098093,29.6140500581986
Q14108,16.539900247038993,25.563594315572516
Q14118,14.368467007539158,22.58731432457468
Q14119,14.079303287359984,21.400611135587152
Q14123,13.574743670593822,19.055219084603706
Q14126,9.7764362866292,17.658412286424856
Q14137,17.052011658097435,24.677313920011663
Q14139,14.161395345321733,22.085889737957874
Q14141,16.567230332342547,26.948132960191558
Q14146,13.363300265357054,20.480695549523443
Q14149,13.406235141227082,21.472413921546377
Q14151,15.303578739205474,23.984476462950497
Q14152,17.443985588208967,26.26638670758502
Q14155,14.88547945758763,21.704308950120147
Q14157,17.754177076766613,26.197413650202794
Q14160,15.743962660211118,23.839200207248485
Q14161,14.484783980121142,20.700292296091174
Q14165,17.24603517553285,25.566680830033228
Q14166,15.951430064407278,23.74649003839236
Q14168,11.46487651607742,17.479350617605668
Q14181,13.919654453261739,21.859539336047845
Q14185,13.783681259035228,20.252231916954607
Q14194,17.506183846959992,26.282214333810806
Q14195,18.44022375176466,29.275817574927203
Q14197,16.949954297127366,24.3702289019898
Q14203,16.762522222663865,25.582860164941206
Q14204,18.107837452060547,26.7331040649808
Q14207,12.616768276660427,18.173367309729922
Q14232,15.913704531077293,25.06917971256707
Q14240,14.802519723550375,25.64764948471963
Q14241,15.12596237497559,22.591025569757928
Q14247,18.157560142619186,26.909772793261837
Q14249,15.007755061557807,22.830916844443763
Q14254,17.765205780015975,25.997131452785553
Q14257,17.985352921433602,26.305212811589172
Q14258,16.325930573098457,24.07325470983284
Q14315,16.962226713819106,25.587581610335313
Q14318,16.337184844245222,24.665074208000796
Q14320,16.867146345175957,25.610648617371698
Q14331,14.867846125443423,24.708280798165738
Q14344,16.865389894415785,24.984361420326366
Q14376,14.575417364705972,24.235551568976295
Q14432,14.092801343743456,21.706342302696555
Q14444,17.97161577535972,26.82684457819882
Q14457,11.531640338373363,19.997048136388752
Q14498,18.355412369620165,26.64640644269873
Q14517,12.993705168182986,19.58924949410441
Q14527,14.475620059887886,22.316121054713577
Q14534,14.55530428410863,20.98630310254086
Q14554,16.492461018165102,23.971893489252494
Q14558,15.09375831061252,23.771001298467827
Q14562,15.289815759645,22.95331087714638
Q14566,17.092094179791186,26.00791747256062
Q14571,13.369691263820537,18.71258724477167
Q14576,15.4839894475364,24.10946523903468
Q14643,14.142561964289301,20.935362735303404
Q14644,10.482512124256465,18.750644363350847
Q14651,15.290253852822367,22.814080004118154
Q14653,15.383663797097311,19.801377608677406
Q14669,14.911957025570505,22.38956717752843
Q14671,15.2261186664413,23.786125920124448
Q14676,16.537989388190784,23.911207789143898
Q14677,16.679011793961596,25.58332513242555
Q14680,12.306838919695885,19.12910095499708
Q14683,17.91275423840675,25.859312984820676
Q14684,16.202896093725105,24.565466555315503
Q14686,12.86558730712588,20.07524393323988
Q14687,14.557107465942556,20.853652750003462
Q14690,16.39448872644306,24.744385087295136
Q14691,14.02620273090802,22.147470415779733
Q14692,15.29949327764462,23.520302123091394
Q14693,13.659048800042799,20.957387537886067
Q14694,16.414802402522493,23.668732208530564
Q14696,19.020591539942522,26.62761754229384
Q14697,17.642249677648895,28.351420967844387
Q14699,16.560522513399683,24.686251080468146
Q14738,16.00763488842901,23.373912575468463
Q14739,15.799963883421464,24.46760032646489
Q14746,15.302707705011697,22.42825379160141
Q14764,16.36014719250622,24.688646769514737
Q14781,15.338948500709655,22.396982123346273
Q14789,15.617849093362555,22.945035761500986
Q147X3,13.337341288728517,20.31833384658809
Q14807,15.666486095672813,23.743151482590022
Q14814,14.615500833649204,21.471048259983508
Q14839,17.038184098684084,25.535425644614698
Q14847,17.960915998686556,26.57013870925451
Q14894,12.938838371198464,20.788999245465206
Q14919,15.898139325743074,25.2607028123309
Q14966,16.36210414287107,23.393735266437442
Q14974,17.975764666699543,27.809965907143063
Q14978,18.321396224085593,24.47229425786067
Q14980,18.10475808084179,26.96330970727062
Q14997,13.181523917855808,22.31515729432952
Q14999,10.833635948325544,18.04191358828584
Q149N8,11.79136981400872,17.11482227514814
Q14BN4,14.865767052899344,20.54837077697597
Q14C86,16.14196314012587,22.98377269014968
Q14CX7,15.381632723401234,23.267232454015026
Q15003,16.3780265875342,24.52347296694258
Q15005,17.699032638990445,25.78378503406525
Q15006,15.676219226166124,24.791934737918304
Q15007,16.256209303682677,24.262796596541417
Q15008,17.188726660851266,25.489849699496197
Q15014,15.300126232997085,22.984600253731177
Q15018,14.413357501000625,23.197224422109944
Q15019,19.753808661651835,27.669358691561765
Q15020,16.251645201275796,24.572232135714874
Q15021,16.86562673826956,23.931327766807918
Q15022,14.983155053235768,22.399000732002524
Q15024,17.69031182047301,23.57568512602787
Q15029,17.959163197383432,26.911490370059905
Q15031,14.4281864342257,23.62413471925305
Q15032,13.566303349832776,20.152616983875536
Q15036,14.173799279498297,22.32358425408814
Q15042,16.0693286690367,22.730351801086037
Q15043,15.648993620859185,24.612507459876532
Q15046,17.981437671348736,26.737606084658186
Q15047,13.56736918471731,18.840377725396326
Q15050,16.589970729033958,24.15609588705517
Q15052,13.474893451850944,20.983371202664877
Q15054,15.117331180263003,21.579834789509658
Q15056,17.078381299060943,26.40785985415078
Q15057,14.00699077871623,20.951256097736835
Q15058,14.413611855074048,21.109919193660655
Q15059,16.61228055967812,24.260867146824367
Q15061,17.3446107091692,23.18632472504592
Q15067,15.933413850817674,24.278206023243293
Q15070,15.509153799905754,23.968692746665646
Q15075,16.075495322153152,23.385400855277332
Q15084,19.273483917435428,30.39463042415104
Q15102,18.54001980514384,26.938992576542418
Q15113,14.88355484863357,24.496131657903934
Q15118,12.767895193410887,21.626545725796376
Q15120,11.901738047354247,19.351683443269863
Q15121,17.886688572173924,26.19213663989124
Q15126,16.922504609206264,25.945550006278722
Q15147,14.838401045231732,19.913242766114575
Q15149,17.41683500466795,25.710862049127226
Q15154,15.358978339489207,22.56306155630105
Q15165,16.828961180547928,24.67089915680013
Q15172,10.756022162407222,20.191559086147585
Q15181,18.651613537957314,27.6743469356198
Q15185,19.070459893367797,27.29309650631798
Q15208,14.990813944802277,21.22012652565861
Q15223,12.413662586595217,22.42963504523809
Q15233,20.367739409328184,29.606167389445734
Q15257,17.386605950984446,25.17780314027446
Q15269,16.864137731736328,23.359420543675064
Q15274,18.01198948457801,25.188954984138675
Q15276,15.027617582699012,22.022309762029543
Q15286,17.291689663271086,26.886646050686362
Q15287,18.14783582690447,27.291898509727698
Q15291,16.092006218093772,22.478368701593098
Q15293,18.796685040292964,27.7257228379171
Q15311,14.098707612187633,18.410443070029082
Q15326,14.74999070037697,19.368499356690016
Q15334,14.845797399475503,22.623474272747316
Q15345,13.939557810126454,22.505842012394144
Q15361,13.301868189084752,21.07346053128978
Q15363,18.30863117100519,25.94661669840273
Q15365,17.447120823481484,27.7067961915312
Q15366,16.97413930735808,28.034378396360054
Q15369,17.91138518515801,27.94196250362787
Q15370,19.428666548380235,26.579752837744028
Q15382,18.909103105755104,26.30332775749091
Q15386,13.708826313060804,21.038190133086193
Q15388,14.289149189221375,25.84824066499889
Q15392,13.40020998846885,22.02748367211641
Q15393,17.774890897126944,27.02007450393813
Q15397,17.11304536624037,23.918365037335235
Q15398,13.974806674719503,22.055817428548085
Q15404,15.961048974467982,24.440476621874875
Q15417,18.278589826809142,27.39806856196523
Q15418,14.592908660653016,20.675031442975193
Q15424,17.098582351353105,25.787388753036012
Q15427,16.445178657083506,22.955829185311437
Q15428,16.957203020720005,25.812265270496468
Q15434,13.221224008474064,21.20334129268968
Q15435,17.119934825706068,25.391474216515284
Q15436,15.678095738708361,24.012764691424586
Q15437,16.241501733591242,23.956047784390485
Q15459,17.46413253748371,26.72513532825529
Q15477,15.278001794324503,22.54021286307182
Q15526,15.481796649831312,22.40177374753844
Q15542,13.549233906612947,20.29041608413524
Q15545,15.466771621353091,24.69213875757828
Q15554,14.568058401688882,22.644453454870465
Q15572,12.703944502354691,19.718884406700646
Q15596,12.908161180817933,19.578818179263592
Q15599,14.851816196507011,22.931093032775948
Q15631,16.007796932085775,24.464551442019367
Q15637,18.031857114641927,26.417983632983212
Q15642,15.716233061197997,23.37665521774623
Q15643,15.35322606547622,20.886681390004558
Q15645,15.568180590324523,24.038928573206213
Q15648,14.138524896093708,21.242954384108998
Q15650,15.421855607836381,23.08622364898944
Q15652,13.654875475517198,17.41932929962464
Q15653,14.016960101679919,20.82944281845282
Q15654,10.683400962693222,20.008535666954298
Q15691,19.55642223878499,27.143133845676655
Q15714,12.265478310174265,21.119683543142177
Q15717,18.575577826043904,28.60466712032409
Q15738,17.45791827483216,23.813403307823226
Q15742,12.545527322472937,22.537420312712715
Q15746,12.390074258667475,17.015393272405845
Q15750,14.30106392188628,22.75819246628421
Q15751,11.717283940611098,17.15208341188878
Q15758,15.805557703949084,24.22564058543535
Q15768,13.755672508897671,21.696335088236694
Q15773,15.165493766149964,24.128410693130085
Q15776,12.707250084423924,20.455356177496544
Q15785,16.992842333678514,25.10026290359126
Q15796,11.886529137108202,22.42553647257126
Q15800,13.929490852136015,22.695893104584332
Q15811,13.906551130881049,20.96552316045588
Q15813,15.31518237863645,23.851278631116134
Q15814,15.31885083763043,22.52786131108212
Q15819,16.201656720250128,26.273121709956822
Q15843,16.164762375772586,27.216892979201827
Q15904,15.181352971769078,23.565543941492415
Q15906,14.243110685899685,23.085363244134257
Q15910,11.855178131261548,22.4802004836046
Q15911,12.656690719520107,16.366145885313788
Q15942,17.051644975737982,26.238965632804245
Q16181,18.44614304827193,27.185696613008457
Q16186,16.640251403012257,24.20938794481871
Q16204,16.19048703578826,24.683859423088826
Q16222,17.238748229778555,25.634940660859026
Q16342,13.601843759582474,20.977230674279085
Q16352,17.958137339233932,27.260510465888952
Q16401,15.49498566799956,24.70414304297496
Q16512,15.467901301977928,22.881662243829393
Q16513,14.380582362343699,22.33642890698461
Q16527,15.771088584423369,26.94705173406331
Q16531,17.968870476515903,26.255184722041793
Q16537,16.341429513161938,23.96405392144818
Q16539,13.318763306585828,23.05295790122607
Q16540,15.06282863607134,24.313960558737
Q16543,18.30597028210689,27.00119828579105
Q16555,18.98461075226992,28.693172788258636
Q16563,15.833585986334949,24.443496707376877
Q16566,16.699131555118182,21.916047963395517
Q16576,18.452433684278393,26.98228241636844
Q16623,15.97993349752254,22.634100421496893
Q16625,10.330199735023728,20.11173328342317
Q16629,18.7181939520929,28.841587408302452
Q16630,16.87551890770178,26.48322484260188
Q16637,14.001202427813448,24.337604889697992
Q16643,17.51515792408103,28.05046847834501
Q16644,13.497477146536855,20.568547860755498
Q16649,12.419511093991947,19.53686165881104
Q16656,15.457332867339739,22.656994049088905
Q16658,19.812634741902293,28.710622414483012
Q16666,11.205041150517292,22.08248812492879
Q16698,17.4446647286608,24.826853760631348
Q16706,11.702915985294483,19.67695927666623
Q16718,13.44889114570681,25.920120612933506
Q16740,15.038311672038677,25.073778475626533
Q16762,14.60167923278887,24.670287080394523
Q16763,16.106703214230688,24.760487022071022
Q16773,14.193622426911038,21.55655610372434
Q16774,14.987996554310458,23.140316921709353
Q16775,16.42689631975809,23.80186234849192
Q16795,14.72905219864868,23.515459182343676
Q16799,18.078581075595924,25.73047601503348
Q16822,15.482132366001968,23.566976173034007
Q16832,13.956472553788439,21.58373759543197
Q16836,17.743417346006744,26.098014072791436
Q16850,16.876251697116256,24.666417022763042
Q16851,16.926168827044947,25.10900317429461
Q16854,14.372138162704974,22.039705553359028
Q16864,17.885518054297485,26.470550744742752
Q16881,17.594136288571057,25.98289297561149
Q16891,17.969566939080675,26.435427912003863
Q17R98,11.80828591639946,18.1516606545884
Q17RS7,11.87520100190159,18.58703733546211
Q17RY0,14.228216146229261,18.889667038552503
Q1ED39,16.68190663509453,23.96600459705667
Q1KMD3,18.43140723946398,27.185723898224694
Q27J81,13.194987939658676,21.194791736501934
Q29RF7,16.864601553743473,24.102417085061113
Q2KHR3,14.754783826413785,20.705660892668234
Q2KHT3,14.923680522591685,17.874241277322653
Q2KJY2,12.665769364008048,18.667354763617602
Q2M1Z3,12.16537266122264,16.774765786829104
Q2M2I8,15.674965872226997,24.262476379041463
Q2M389,14.632074181964994,20.923269028146063
Q2NKX8,14.96881903227946,20.96600438014239
Q2NL82,15.93156778745725,24.83986151821334
Q2TAA2,16.050309528304314,22.450272705222186
Q2TAA5,13.76173527021051,21.99579649169382
Q2TAK8,11.62575293759492,19.729655828860487
Q2TAL8,14.547017728811364,24.03642720665686
Q2TAY7,16.904299861120787,26.638265228819577
Q2TB10,14.721204426257614,18.787729264047197
Q2TBE0,13.008037701166538,19.96537999163111
Q2V2M9,11.041943999410178,18.874279524105653
Q32MZ4,15.913340519410928,23.07764990543335
Q32NB8,10.327994700786565,21.25723313364275
Q32P28,15.717556431908697,24.17279720991988
Q32P41,15.213704268230327,22.6182448238026
Q32P44,13.49995821237027,22.167816719115258
Q3B726,15.656560337189864,23.09813748815537
Q3B7T1,11.598511632231338,18.79818474682318
Q3KQU3,15.536138559281655,23.181175362393272
Q3KQV9,13.930315011529562,20.785060482332835
Q3L8U1,10.84055094544922,16.30065534571042
Q3LXA3,15.16487636379366,23.474860443019598
Q3SXM5,14.41463134581593,23.189483408133114
Q3T8J9,10.830329209528834,18.288179542300096
Q3V6T2,14.867770227569396,21.198303289837973
Q3YEC7,15.854938302470105,24.336481335707898
Q3ZCQ8,14.874513204838715,25.05569507794872
Q3ZCW2,15.087807072144134,23.177471714783575
Q49A26,15.880244466970051,23.88815180803924
Q49AR2,12.735601504050054,21.245782762732297
Q4G0F5,14.972263762133203,24.172317614276157
Q4G0J3,16.856900390757545,24.391245404123552
Q4G0N4,15.299142936554103,22.533664646575097
Q4G148,11.168057477901948,18.599264442659848
Q4G176,14.166708057992611,22.395903711877917
Q4J6C6,15.056545557353848,20.879320953922377
Q4KMP7,15.013350143733126,20.319880241222844
Q4KMQ2,14.777953857880858,22.63280719382427
Q4LE39,15.66325493420933,21.834885857100595
Q4V328,15.315419105641231,24.304350628263194
Q4V9L6,15.867432739743428,22.197402158633807
Q4VC31,17.43740254604264,25.46049559555989
Q504Q3,10.758043687223024,17.32361568442348
Q52LJ0,14.769215525503842,25.099145239216085
Q52LW3,14.096773492800715,19.65023294778817
Q53EL6,15.454959874155632,23.806603915883986
Q53EP0,13.226796462947172,20.699494329166818
Q53ET0,11.411192389483482,21.150272992044037
Q53EZ4,14.323612166380403,19.838983470800507
Q53F19,15.53184186188539,23.655631415375296
Q53FA7,16.98905900881371,24.554233660123902
Q53FT3,15.929463766680042,24.501913699733738
Q53GG5,14.359081431923858,22.840106291235102
Q53GL0,12.629215673866284,20.164875017848278
Q53GQ0,16.68994913731438,24.300867138836974
Q53GS7,16.186426236217038,22.10937021663346
Q53GS9,15.995846831844766,24.24459401616823
Q53GT1,12.271337631163323,20.292027937152262
Q53H12,15.945615584227015,24.113491129767375
Q53H47,13.039575070831294,20.867261690742044
Q53H82,15.331913383438186,22.75570236784261
Q53H96,14.179758232648531,21.105361673305595
Q53HC9,16.359273767863673,23.920720396553598
Q53HL2,15.309760620844683,22.531825730464977
Q53LP3,12.387157889599337,19.738924634899973
Q53T59,14.752103290231249,23.72101590721417
Q562F6,12.22815806758486,17.6849611599894
Q567U6,15.26927083345575,22.581194591853034
Q56NI9,11.577583427941052,17.92141730253485
Q56VL3,16.041382296920013,23.146243749422084
Q587I9,14.176933258307862,23.789861838200387
Q5BJF6,13.56529894927522,18.652421615455346
Q5BJH7,12.814777436122897,23.772289785179403
Q5BKZ1,16.486222938281227,25.59357389363057
Q5C9Z4,13.85410006842936,20.62387385135752
Q5EBL4,14.376415164724698,22.747920111147362
Q5F1R6,12.787333285963346,20.533101968651128
Q5FBB7,13.440304067008286,19.759557988654635
Q5GLZ8,13.787169854089116,21.947500485585774
Q5H8A4,14.421614423367432,21.235403858865084
Q5H9F3,12.627024685069008,19.86652281384534
Q5H9R7,16.770808010488185,24.07293199423357
Q5HYI7,16.519811102813723,20.69737713376557
Q5HYI8,15.96973476708773,23.273633397027737
Q5HYK7,10.990017820752866,18.732556620047895
Q5HYW2,12.520452482928167,19.076533160536485
Q5J8M3,14.146501865409546,23.82500689335022
Q5JPH6,13.92594350578366,21.28455222050427
Q5JPI3,12.249681486160064,20.51200750150772
Q5JRA6,15.466634889838186,22.77037498560768
Q5JRX3,14.752959678760371,21.83441115915576
Q5JS54,12.75941039471985,20.48012356414179
Q5JSH3,15.26991312657022,23.298324137100273
Q5JSL3,13.145288015038153,19.665094706849285
Q5JSZ5,12.915638707807187,20.56372568033514
Q5JTD0,13.6019402037665,19.95108983346903
Q5JTH9,16.615521632150074,24.489612894713137
Q5JTV8,16.80261864123392,25.76670994665442
Q5JTZ9,14.716379721878202,22.62722111764492
Q5JVF3,15.802073007203962,22.830142295578483
Q5K4L6,12.977624531266375,20.553880489839415
Q5M775,13.550213142017972,20.011907094750732
Q5MIZ7,12.563256228598958,19.519244904627612
Q5MNZ6,16.474128063624942,22.7001893803994
Q5NDL2,13.63854070653589,20.335115854288343
Q5PRF9,14.70705334835107,20.61805781378629
Q5PSV4,13.829212583214941,21.526871708970685
Q5QJ74,15.217643211318164,21.322010165664928
Q5QJE6,16.771204438377634,24.477902298012975
Q5R372,12.550859511837407,19.716438089041493
Q5RKV6,14.969479422575047,23.57634413609266
Q5SNT2,12.141757586920319,20.252169543996335
Q5SQI0,14.800122058232407,22.03814260972386
Q5SRE5,15.764949760850413,22.945077020032716
Q5SSJ5,17.29299265433379,24.977297204337972
Q5SW79,15.823779765589169,24.527868680471013
Q5SWX8,12.239170471604075,21.629011713416485
Q5SY16,16.629968342561178,23.90522510464012
Q5T0D9,12.536472452441382,20.02629212586782
Q5T0F9,13.755966417066878,20.138747292636467
Q5T0N5,16.380507334505783,24.24079539334933
Q5T160,12.472550664938902,19.883838054792687
Q5T1M5,15.390547254145085,21.9761353184759
Q5T1V6,14.929392287695487,20.844500650427076
Q5T200,14.646275065686309,22.362609905745465
Q5T280,14.75068484951992,22.584896916512935
Q5T3I0,15.072063584760542,23.504608336675215
Q5T3J3,12.589133984223267,22.994957314946372
Q5T447,13.782217550869158,22.01235300081517
Q5T481,11.315196636905338,21.176917137432596
Q5T4S7,14.892763827459772,22.535570465654782
Q5T5P2,10.719416194898969,18.167099356006016
Q5T5X7,13.433361020835163,22.783225237827853
Q5T5Y3,14.151531836202992,20.763001982742953
Q5T653,16.481722581516625,22.157089642553988
Q5T6F2,15.276195950756362,22.540813550462296
Q5T6V5,16.18315119164632,23.64832728777344
Q5T7V8,12.720428654347069,20.31669097563816
Q5T7W0,12.023343343228065,19.93063856365611
Q5T8D3,14.512247152312158,22.435305778092243
Q5T8P6,17.094833918461124,23.811035935819305
Q5TA45,15.121172785418393,21.789634401346056
Q5TAQ9,14.201721938298158,19.50544967651497
Q5TAX3,12.879332947988418,17.42588165142574
Q5TBB1,16.74390619784557,23.743595210452916
Q5TC12,13.51828179109475,22.75467438080902
Q5TCQ9,13.60658843017371,19.609543844750874
Q5TCZ1,11.824793069640027,18.585252319703
Q5TDH0,15.802085377095096,22.89104588194138
Q5TF21,15.17661994335004,20.916588564683607
Q5TFE4,14.683907661223769,22.27446555398264
Q5TGY3,11.528947019456345,19.15228499287819
Q5TZA2,11.26690459557673,23.149697254468247
Q5U5X0,15.042870441811077,24.13658278927976
Q5UCC4,16.197530981140627,22.873334461891247
Q5UIP0,15.780926084328293,23.149149609206205
Q5VIR6,15.346835640825248,22.007303829449985
Q5VSG8,13.617457738222745,20.07965356839135
Q5VSL9,14.812521704468969,21.164742076761215
Q5VT25,14.43084160765564,21.470090376631468
Q5VT52,15.223642209502959,23.650423279900536
Q5VT66,13.158002874035706,19.96585707505601
Q5VTB9,8.590909436010277,19.477430518642745
Q5VTE6,14.86410623957608,21.41478789400776
Q5VTL8,16.4434889189801,21.812913859424512
Q5VTR2,16.436192884267804,24.029082182373116
Q5VU43,12.829966219951077,17.41883888672028
Q5VU97,12.029478966265387,18.239698705794613
Q5VUA4,13.67037572519399,20.795146654863913
Q5VUB5,12.610790716339082,19.205313111493556
Q5VUJ6,15.558118314936237,21.62932337366128
Q5VV42,13.552606048807135,20.863257725787825
Q5VW32,16.39158797430494,24.0582968270831
Q5VW36,13.49096761019159,20.791942236733764
Q5VW38,15.053132788531377,19.640807478261966
Q5VWJ9,11.616537769388811,22.42782535281528
Q5VWN6,13.982777094612171,20.32419351442796
Q5VWQ8,12.468922303509814,18.915047523658256
Q5VWZ2,16.106399278510434,22.441016974384564
Q5VYK3,15.664645648678691,22.711696520382127
Q5VZ89,13.323553604155656,21.38515307527005
Q5VZE5,14.495386211838772,23.667743169469485
Q5VZL5,15.182165752477726,22.747348183974974
Q5W0V3,13.803459087026665,19.94237478596161
Q5W111,14.269737680921063,22.646832316080257
Q5XPI4,10.15220010100082,20.00690134526842
Q5ZPR3,16.873060449105203,23.987361444155397
Q63HK5,12.95452134976476,18.77817248838515
Q63HM9,15.582692031410309,23.809560494633164
Q63HN8,13.011918805306932,19.510789936525814
Q63ZY3,14.023549903539301,20.875077207409074
Q641Q2,12.001378541097923,18.378525401042822
Q658Y4,13.043292103865584,21.70775429275719
Q659A1,12.437100996408992,18.234895858691967
Q66K14,13.735463888741434,20.432790090393357
Q66K74,16.09919309667256,22.347575173995434
Q66PJ3,16.316643302063518,24.15000661071979
Q676U5,14.06060805303824,23.940410765384247
Q684P5,15.383572828292055,22.08583567916458
Q68CP9,15.300329047700124,22.916920453988407
Q68CQ4,14.821815349650501,22.640488094046713
Q68CQ7,14.420157550802665,20.95178102495785
Q68CZ2,13.390786731974659,20.247834113868674
Q68CZ6,13.346335350334266,21.234579004927095
Q68D10,12.501246337645252,18.8134132695946
Q68D91,14.989978742558968,22.139103357083908
Q68DK7,12.538237628065414,19.78997381513299
Q68DQ2,13.00291466592112,17.641667199394973
Q68E01,14.872718779875033,22.691748977008693
Q68EM7,15.9203499497885,23.464479145681512
Q69YH5,11.389920051951847,19.081371499050455
Q69YN2,15.731986115203476,22.56734037033246
Q69YN4,13.308237279811785,21.33459540940365
Q69YQ0,15.610485800203838,22.092714049233457
Q6AI08,13.354973057634679,20.3809471689791
Q6AI12,12.636951953747918,20.51255096008531
Q6AWC2,12.522548124995502,17.78873107548891
Q6DD88,17.622089446312206,24.370585199345406
Q6DKI1,13.008579937037252,23.595717597496275
Q6DKJ4,15.924320844981706,23.005144153006878
Q6DKK2,14.424002993206367,21.284018818497053
Q6DN90,12.730230709299143,18.69783524876027
Q6EMK4,13.527741854696654,20.979819314100002
Q6FI81,15.054826933895777,24.819186697805446
Q6GMV3,15.91608955819991,25.642519609598775
Q6GQQ9,12.55415592654885,19.664080025368758
Q6GYQ0,13.366465614656498,19.86265072757632
Q6I9Y2,17.11237204192729,23.053094117052133
Q6IA86,14.537895851036135,22.59465474435926
Q6IAA8,15.375574385973328,26.30678875304911
Q6IAN0,13.267301795739021,21.349152581084308
Q6IBS0,16.75986092616466,26.11511735459764
Q6IBW4,14.334770531963759,18.336233001058808
Q6IC98,12.507839374009192,18.127363026310007
Q6IE81,11.27626807423522,18.088088536728243
Q6IN84,14.241964929308683,21.513651152420447
Q6IN85,14.831616008835944,22.753151408139935
Q6IPU0,12.221374549668475,21.472132470435554
Q6IQ22,14.794040525523814,21.68839194378091
Q6IQ32,14.012743402234833,17.971608894423454
Q6IQ49,15.294432283600555,22.173085162500232
Q6KC79,14.677982252145254,21.609453018352355
Q6L8Q7,15.042204838255861,23.56534806493732
Q6MZP7,12.013490175462195,19.377531919411233
Q6N022,13.150125997067239,20.43592278748867
Q6N069,11.78904129837568,18.483097301479322
Q6NT76,12.202490038794298,23.081744268148167
Q6NUK1,16.966966104685984,25.50459464218229
Q6NUK4,15.962365853803403,21.626516631894447
Q6NUM9,14.303526331920766,20.928485692210344
Q6NUQ1,15.058866685231559,20.73282427576537
Q6NUQ4,15.300446796920072,23.037208189454248
Q6NVY1,18.113943415993177,24.6233735446694
Q6NW29,16.13613977617167,23.381938385918147
Q6NW34,13.364112648632664,20.075165159974528
Q6NXE6,15.853780907267744,22.54073381023046
Q6NXR4,14.56073177878048,21.596869099537688
Q6NXT4,11.55602250076617,20.576489075354665
Q6NYC1,14.777988623547794,24.359725894956476
Q6NYC8,15.60325891142565,23.822496294168634
Q6NZI2,17.069024314144528,23.389368057897066
Q6NZY4,15.120420252870726,22.783098889222657
Q6P158,14.334662876485595,21.20865341979255
Q6P1A2,12.24392885435604,21.233086594770796
Q6P1J9,16.83006995054452,25.65030952095304
Q6P1K2,14.677557286723749,21.294286609843404
Q6P1L5,12.660705658316317,18.279481048937637
Q6P1L8,15.210044213453285,23.858865118259857
Q6P1M0,13.251309048834441,21.53146976344355
Q6P1M3,8.696064400620898,17.873088572588152
Q6P1N0,14.653193622128713,25.331146507311274
Q6P1N9,15.786674421615675,23.097255277121363
Q6P1R3,12.562998607921772,20.216003906834434
Q6P1X5,13.27814282169555,17.950148364630163
Q6P1X6,13.286088322886163,22.51352194947886
Q6P2C8,15.03165262239664,21.24933498440521
Q6P2E9,15.19072002112995,25.01671383838049
Q6P2H3,12.196467779506722,21.104383097737582
Q6P2Q9,17.59239844661425,26.11445720940831
Q6P3W7,15.922458068635494,22.75521292843742
Q6P3X3,14.496085648023577,21.070996334358618
Q6P4E1,16.892514390342257,22.504914661480175
Q6P4Q7,13.691499443927825,19.58714414553044
Q6P4R8,14.449933857983138,18.825514279288765
Q6P587,13.483335142967452,23.98042840147809
Q6P6C2,14.708114053273139,21.94008673219949
Q6P996,13.701845245158056,25.11953059575045
Q6P9B6,15.051471608230727,22.775653510582234
Q6P9B9,13.737759215896176,22.081036662379894
Q6PCB5,15.264715383328195,20.961395994791708
Q6PCE3,14.110467689087193,19.63738381065968
Q6PD62,16.153635140662324,23.494033527390602
Q6PGP7,15.028486657465326,22.207021784019584
Q6PHR2,11.549611017584072,19.134554584606764
Q6PI48,15.48572866574861,23.256308131261033
Q6PIU2,16.122218264100336,24.003917319714986
Q6PIW4,13.955909976388432,17.177914531378498
Q6PJ69,13.100135099708918,21.367142436624285
Q6PJF5,12.2258547825307,18.877462166945428
Q6PJG2,14.410540655818126,21.499335991149323
Q6PJG6,12.784749157279105,20.560739341693544
Q6PJT7,15.813209009456829,24.480957643989505
Q6PK04,15.879945284294925,23.201246593996963
Q6PK18,15.502628463726962,21.739192850132415
Q6PKG0,16.633245485500503,24.16421470105353
Q6PL18,15.308070576222839,22.902078280764787
Q6PL24,15.069330213524172,22.421673589652954
Q6PML9,14.322954152557513,20.788986084776035
Q6RFH5,14.17512928195111,23.05075879444092
Q6RI45,10.442718997266013,17.176401266232684
Q6RW13,14.934319760715697,22.95907399856329
Q6SPF0,13.952366709904766,23.466101963642654
Q6STE5,13.19419093630551,21.037751899614356
Q6SZW1,14.21348040002551,23.40458402134688
Q6UB35,15.926604514831938,22.799574267895288
Q6UB99,12.097945613345772,18.581860611227576
Q6ULP2,13.239208732410303,19.107977486160763
Q6UN15,16.064531829621263,24.681451471428318
Q6UUV9,14.201728759571008,21.93506023112462
Q6UW02,14.151723303569094,21.617935746104024
Q6UW63,16.426712366642864,23.049257316180718
Q6UW68,18.326662316455607,25.749657344882795
Q6UWE0,14.22650873916983,23.924883732794658
Q6UWP7,15.845338959760566,24.17504135369974
Q6UX04,14.924050225895035,22.577581994316937
Q6UXD5,12.531576074457892,21.92188966379238
Q6UXF1,10.544416662939888,20.189820136013466
Q6UXN9,17.035715286506015,25.220527528705272
Q6UXV4,17.13277245835906,23.880118522921215
Q6V1X1,11.81379552904095,19.035831265822804
Q6VMQ6,13.846983130042563,19.56522592614652
Q6VN20,10.204743293613662,26.258068123881305
Q6VY07,14.990676011812589,23.80096421777003
Q6W2J9,12.74062668946303,19.549718148460542
Q6WCQ1,15.98564244981076,24.14286345543795
Q6WKZ4,13.764006836193131,21.778210237630635
Q6XZF7,12.976747190183618,18.017105036987424
Q6Y1H2,13.531659812318047,21.505288066271266
Q6Y288,14.732395346689932,22.43159298883497
Q6Y7W6,15.405052115296295,23.321770537196173
Q6YHU6,13.50230553546618,16.31845168450166
Q6YN16,16.47197693772653,22.54877409288118
Q6YP21,16.416784039929638,25.000586936204023
Q6ZMG9,16.359399831663485,21.910327554247132
Q6ZMI0,14.182819168379343,21.174340561006268
Q6ZMZ3,14.001283145940505,22.193458351574495
Q6ZN17,11.591053341453923,19.824997767737283
Q6ZNB6,12.9689706968953,19.02037553535079
Q6ZNJ1,9.628570695869996,17.4642477904062
Q6ZPD9,13.763585256279207,19.315060518915924
Q6ZRI8,16.32478440810348,24.944880745307746
Q6ZRP7,15.232827061641862,21.59746751164226
Q6ZRQ5,12.51793688609516,18.47231786749131
Q6ZRS2,13.697547211414069,21.22470088029461
Q6ZRY4,14.249504228479758,22.04001875675903
Q6ZS17,12.58388604333557,21.904561959614806
Q6ZSR9,15.605149482629322,24.711655316846993
Q6ZSZ5,13.832374024157634,19.946192921261567
Q6ZT12,10.655886985474936,21.369483610085076
Q6ZU35,15.530661297409546,22.409307087100498
Q6ZU65,13.350882829280463,19.089846642353187
Q6ZU80,12.796230799420442,20.016034498982062
Q6ZUT1,10.053875279486864,21.783161145235276
Q6ZVM7,14.546739667053815,20.56164738946595
Q6ZW49,9.479155673008727,20.788920421728733
Q6ZWJ1,14.202832181141892,19.993220694121774
Q6ZWT7,12.577840832901346,20.713080563451882
Q6ZXV5,15.824396617018277,22.42408505308629
Q709C8,14.784325258811682,20.72342559101085
Q709F0,15.933732246102666,22.338074695539788
Q70CQ2,12.6979619652741,20.74789473111331
Q70CQ3,12.166031540241152,18.302562353543465
Q70E73,14.192739223239958,21.853889028412063
Q70J99,14.950272688492172,22.814430304897975
Q70UQ0,16.919637281497966,24.58060579443216
Q712K3,15.614493081267106,22.380807166717418
Q719H9,14.826413493127136,21.535883485405545
Q71F23,14.324310483195424,21.79364418611811
Q71RC2,14.359359880290667,25.846259195563608
Q71SY5,13.633926167060885,20.69782537579372
Q75N03,14.755911229449662,22.63990303603566
Q75QN2,13.619225567838514,20.13728365198877
Q76FK4,15.284943838052742,20.179132314215696
Q76I76,12.962337970608749,18.486931465674147
Q7KZ85,15.686448379620296,24.173091939357672
Q7KZF4,18.201062065341237,27.722890655966733
Q7KZI7,15.353138113743949,22.81845748422607
Q7KZN9,14.475250879466788,22.16079485014916
Q7L014,17.71799409460955,25.56075344798818
Q7L099,14.949695544238184,23.44016244196765
Q7L0J3,14.736581323295699,22.570662631719447
Q7L0Y3,17.511154906561863,25.690307237198457
Q7L1Q6,18.13872035575976,25.516342881246914
Q7L1T6,12.766997046782741,19.509124911042534
Q7L1V2,11.479833043725158,22.413296893540746
Q7L2E3,16.346006004034955,24.594950875059325
Q7L2H7,16.570208036675357,25.50751170228839
Q7L2J0,14.15187500015449,22.568325934259096
Q7L2Z9,14.374973208702718,20.994366262757296
Q7L311,14.730972124343213,19.77843267595226
Q7L4I2,15.976222772428038,22.941450817941867
Q7L576,14.283004866717064,23.02156279059633
Q7L590,12.236428592756457,19.321002516744556
Q7L592,14.675561785777798,22.114498689032413
Q7L5D6,14.23212033439639,23.61229236910241
Q7L5N1,16.867457374222013,25.47890292300209
Q7L5N7,16.69701606872081,24.414342242396977
Q7L5Y9,13.696351897289372,20.635413850153146
Q7L775,14.4458439991111,22.22841236518921
Q7L7X3,13.490566857414148,21.6156490801803
Q7L8J4,13.337943986675883,20.07803658555874
Q7L8L6,14.979270140606971,21.46635922268835
Q7L9L4,16.294477700974724,24.008257242488856
Q7LBC6,14.948741958599342,22.3229432512026
Q7LGA3,14.335320214225565,22.447763481520195
Q7RTP6,14.257548521303855,20.449633204438047
Q7Z2E3,15.699122715327764,21.7784231127863
Q7Z2K6,12.531575781350297,19.027257743141607
Q7Z2K8,16.289482669163082,22.82628068655707
Q7Z2T5,14.792352281222282,23.358876924147644
Q7Z2W4,15.717211900799958,24.204640648551255
Q7Z2Z2,15.131840800984627,22.67650592740826
Q7Z333,12.045738074804136,17.41761440277551
Q7Z392,13.464643173040116,18.778174824668394
Q7Z3B3,11.079498499461675,20.69459841363394
Q7Z3B4,17.25425958390078,25.236239882751605
Q7Z3C6,11.602322193329996,20.291270001479408
Q7Z3E5,15.738470774254143,21.818392549099304
Q7Z3J2,13.995278415323261,20.986525065971858
Q7Z3K3,16.04127494054619,24.384156372106045
Q7Z3T8,13.575125371963729,20.21703248534039
Q7Z3U7,14.435723454690486,19.953757212693777
Q7Z417,15.921150608388468,23.496923723578426
Q7Z422,14.852721972006504,22.49143140968491
Q7Z434,16.094275877300774,24.812360528755146
Q7Z449,11.386605840356774,19.603536400708826
Q7Z460,15.79316735884024,22.995505320683524
Q7Z478,14.022278670679478,20.485066221475297
Q7Z4G4,11.177792058558055,20.006331688340698
Q7Z4H3,13.660999261345365,21.201993671980116
Q7Z4H7,13.198058167716013,21.075006615738662
Q7Z4H8,14.816790550325933,24.49408541979874
Q7Z4K8,12.680947510217411,19.00351974212124
Q7Z4Q2,13.484797687889623,19.66638923414731
Q7Z4S6,17.28241796046698,25.690855671132987
Q7Z4V5,17.370234254983266,24.753245879517504
Q7Z4W1,17.68555629831907,24.628972736161657
Q7Z589,13.524066237904734,19.284623258712205
Q7Z5G4,15.326144815157095,25.76551088891224
Q7Z5J4,14.668782011853253,20.5775407271872
Q7Z5K2,15.61393308946908,22.421915905274304
Q7Z5L9,14.455057402564917,23.003712698923636
Q7Z6B0,15.736766760545725,20.04030255331242
Q7Z6B7,11.355985016144658,19.45853948636174
Q7Z6E9,14.79341994497243,21.689427541482075
Q7Z6K3,13.324805240902387,21.790916869807536
Q7Z6M1,12.50800653398302,20.9509772574549
Q7Z6Z7,15.248884664906448,23.40451637664178
Q7Z739,15.741941289426098,24.366381075286125
Q7Z7E8,15.464369048702949,21.802324949301735
Q7Z7F0,13.398180697265499,21.225780993055896
Q7Z7F7,14.151302536610967,23.994353221037475
Q7Z7H5,17.787649878844313,25.96143036689178
Q7Z7H8,14.249739445444447,24.488341347840187
Q7Z7K6,13.96144575649066,24.571903504595316
Q7Z7L8,17.357030889212307,24.63912925046078
Q86SF2,14.945683022147271,21.27205212648384
Q86SQ0,10.62718702578379,20.849550644513503
Q86SZ2,13.925679798171537,20.15477627929419
Q86T24,12.786638838821494,18.939785319105916
Q86TB9,14.919252171789049,21.687930886555712
Q86TG7,13.431055338710989,21.37633871084955
Q86TI2,14.344201824714649,21.67354489565527
Q86TM6,13.776084355212708,22.268683572042384
Q86TP1,13.804950660035507,22.840208899601283
Q86TU7,13.979451192471064,22.40086008337936
Q86U28,14.786319127468811,23.045752746915092
Q86U38,14.517318690187652,22.304209290357498
Q86U42,18.035887302872183,25.789353983741524
Q86U44,15.102659760452877,23.000945021723542
Q86U70,12.952257339750885,22.528976054078285
Q86U86,15.90670212296945,24.23604805290864
Q86U90,14.794017418983334,22.551622194009834
Q86UA1,11.706718886589883,19.714456143943192
Q86UE4,17.2690746243195,25.312817575054037
Q86UE8,13.96338353030381,19.248235673440064
Q86UK7,13.874979978924923,22.926057361863123
Q86UL3,14.744833033405442,21.90654117627495
Q86UP2,17.864708171806797,25.802387959604225
Q86UP3,13.562432961313212,19.951427635291942
Q86US8,12.162177907855394,18.54089034281895
Q86UU1,14.591286536020318,20.55833128733908
Q86UV5,15.100999693510817,22.299234367385154
Q86UW6,11.838576989503961,18.432862494671525
Q86UY8,11.638505041601716,19.742164561595498
Q86V21,13.57614482645676,20.28344630262788
Q86V48,15.075712839676992,23.093015080399834
Q86V81,18.075305118835246,27.971604799225933
Q86V88,15.629998456500426,21.957169881224583
Q86VI3,14.663725400960416,21.74155897821587
Q86VM9,16.213793646819266,23.432576380796966
Q86VN1,14.650780188960436,22.914647760391592
Q86VP1,15.16111831115861,18.640600850420743
Q86VP3,11.160937970619536,18.749940151569817
Q86VP6,17.665266355214847,25.98691121965617
Q86VR2,12.486821083486559,22.327843466948256
Q86VS8,15.357385051174212,22.35207721065161
Q86VW0,12.889550068835456,18.90675279907605
Q86VX2,14.79624041995059,22.95315344230641
Q86VY4,15.282120852759926,22.087094597612218
Q86W42,14.933071056682712,24.511229434051888
Q86W50,14.707640796578774,21.587810167108987
Q86W56,12.828058284756354,20.436176250702207
Q86W92,13.720053240638086,21.853599216925875
Q86WA6,15.99881693482864,21.519551154380018
Q86WA8,13.620621926082665,20.193281101549296
Q86WB0,14.908163474183215,23.462770215538733
Q86WJ1,14.232612700118242,22.73898898367009
Q86WR0,16.583475017454898,24.360601312463032
Q86WX3,15.047098077942843,23.306570455347757
Q86X02,12.57016094705615,21.403628311465546
Q86X10,13.494138674257696,20.308842423283124
Q86X52,13.437260004846092,18.64651183455415
Q86X55,16.839161202696335,23.76098286418557
Q86X76,14.937526537713953,24.158092328968063
Q86X83,15.587514256905962,23.24779747663034
Q86XA9,11.044913583249985,17.474517289667432
Q86XI2,13.382945370679955,20.394514383061814
Q86XK2,10.980917965830123,19.699379320710502
Q86XL3,14.092420055231317,21.349213280899207
Q86XN8,14.146201022828294,20.063454661277753
Q86XP3,17.047154030685086,25.453373288053925
Q86XZ4,13.750769690940018,22.98690250414178
Q86Y39,14.698202698281207,22.91252428149121
Q86Y56,15.432348661631945,21.649405340803597
Q86Y82,16.082758987215694,24.58199415702463
Q86YP4,16.594081312863022,24.204758113121002
Q86YR5,13.33859793198102,22.079288893556726
Q86YS7,13.418233571224578,19.20032632031809
Q86YV9,11.29514246213457,19.19725116136808
Q8IU60,12.373396106773548,18.91845141663205
Q8IU81,16.02359745301633,22.275530296415933
Q8IUD2,15.304735669671876,23.058389572338097
Q8IUF8,16.219731426535905,21.651071643828715
Q8IUH3,13.938532955992327,21.44534945732264
Q8IUH4,15.17760453494765,21.647472831409665
Q8IUI8,15.135432514008876,23.561416690648183
Q8IUR0,15.36191200638879,23.0513477279958
Q8IUR7,14.62110288901185,19.38523248076946
Q8IUW5,16.313826443330154,19.704165392240792
Q8IV08,17.358793980704533,26.769423332587067
Q8IV36,14.140209353680227,21.294937688882314
Q8IV38,14.457837581112205,21.18462573095205
Q8IV48,16.290476638396015,23.6806658780487
Q8IV50,13.470315697535087,22.251212834523663
Q8IV63,10.113645288689153,18.315620757223243
Q8IVB5,14.99369587381854,23.13455409309994
Q8IVD9,17.240211739428904,25.352886336194544
Q8IVF2,14.269745676875063,23.810469946127863
Q8IVF7,11.683322127569728,20.867122607841623
Q8IVH8,12.218167796921323,18.257336118108743
Q8IVL1,11.563759405463424,18.479005269538032
Q8IVL6,13.636755359176675,21.157724332320882
Q8IVM0,16.620165560611394,23.05822557804054
Q8IVS2,12.975196035234914,21.39861867945062
Q8IVW6,13.085068984945888,20.222217676380698
Q8IW35,14.115280965911245,21.792622804166214
Q8IW45,14.526421974091656,23.491606371429285
Q8IWA0,16.2126431495423,23.514995040580132
Q8IWA4,14.456683667993934,21.66384887672935
Q8IWB7,13.324542300367696,21.561771229109258
Q8IWB9,13.528290179186286,23.109763198929834
Q8IWC1,14.495419759408362,20.86986041692217
Q8IWE2,15.46347049982862,22.423343223657664
Q8IWE5,13.059777557371866,17.625799357417794
Q8IWI9,14.484352673885681,20.173097250714413
Q8IWJ2,14.361241142474586,19.52490780570624
Q8IWR0,14.121756088330562,20.732480173987394
Q8IWS0,17.96413481073516,23.853794785549933
Q8IWT0,13.399532569337492,22.43997404002715
Q8IWT6,14.031688506201043,21.67035775625548
Q8IWU2,12.34625585515907,18.508059748829492
Q8IWV7,12.174647613447684,19.494517615988528
Q8IWV8,12.903602309001833,19.697320841498115
Q8IWW6,13.97138389949646,20.266952224957166
Q8IWX8,16.837251883418105,24.227806488987675
Q8IWZ3,12.02061720961995,18.83834005111303
Q8IWZ8,15.345997701895953,23.462916796782494
Q8IX01,16.501772374605444,24.37305841307534
Q8IX04,13.083415686020368,21.137460418538897
Q8IX07,13.56285346962113,19.729211263378346
Q8IX12,17.09431207217129,24.942184086704394
Q8IX18,14.921803957790978,20.550218415208526
Q8IX90,12.917277253162286,20.5308658889871
Q8IXB1,16.288984743912664,23.9706646621104
Q8IXH7,15.54420720328662,22.58772442756482
Q8IXI1,16.055079320287458,25.162928183843377
Q8IXJ6,13.446897458442287,20.432589085654225
Q8IXK0,15.659235788420037,24.02735605647251
Q8IXM2,15.999247482867787,25.300571529314883
Q8IXM3,15.024175869697292,24.886987128972564
Q8IXM6,16.218920602868163,22.342211299859567
Q8IXQ4,15.318240149689487,22.885113192848987
Q8IXQ5,13.200613367158653,20.49528742821046
Q8IXT5,16.38839004014532,23.711857389377517
Q8IY17,13.270263828744485,21.571432646023464
Q8IY18,14.631570280914392,22.4906667779613
Q8IY37,14.492722054847945,23.064512507022208
Q8IY67,15.137551290298669,23.636377810245904
Q8IY81,16.826864929249513,25.42463407431904
Q8IYB1,13.465777280424238,19.713656536347578
Q8IYB3,14.992810067510328,23.765034369360926
Q8IYB5,15.443198108536373,24.15193513289989
Q8IYB7,14.752998620439655,21.61673812711152
Q8IYB8,14.856834090893223,21.95230576483615
Q8IYD1,14.291314906913342,21.691486554086875
Q8IYI6,14.408320116658201,22.08007684075698
Q8IYQ7,10.839554218902016,21.187289921687096
Q8IYS1,14.387328173349166,22.502724750317668
Q8IYS2,14.811134923034196,21.175127981803854
Q8IYU8,13.987203610376993,22.02210345412093
Q8IZ07,11.44980532614098,19.59239329203697
Q8IZ21,14.557224798743652,22.429993264748283
Q8IZ40,15.772848309464012,22.571421305311116
Q8IZ52,11.71380093458101,19.380387606886995
Q8IZ69,15.20212610920386,19.223865020320275
Q8IZ73,13.429842371163522,19.990830029085927
Q8IZ81,17.81895840681279,24.94896525260605
Q8IZ83,13.407842087187685,23.75509530411673
Q8IZA0,14.64364397777232,19.383986416214245
Q8IZD4,12.581787375033871,19.529098882363897
Q8IZH2,14.137637232020232,20.179858171303227
Q8IZJ1,14.059658880656148,20.30994687289594
Q8IZL8,15.690312912254212,24.78321629968445
Q8IZP0,12.741411788776782,23.164549829722894
Q8IZQ5,18.03387732673255,25.894950870500328
Q8IZT6,11.610994148329564,17.091724979802095
Q8N0U8,14.72246831161518,23.442679993235604
Q8N0X4,13.5268379770617,20.748178328799376
Q8N0X7,15.020612647227987,21.332005824381298
Q8N0Z6,13.394927993507014,22.323867855251276
Q8N108,15.045887574785969,24.98911165223691
Q8N111,16.158940805248562,22.86505717381676
Q8N122,13.510026044252982,21.170210077659192
Q8N128,16.126766666260533,23.224322234419162
Q8N129,15.205645064322221,23.170251629585987
Q8N158,14.675755848495333,20.451274249231115
Q8N163,18.843144050281893,26.61809615783995
Q8N183,15.946413698113691,22.92200540178476
Q8N1B4,14.922488981706792,22.315472302761165
Q8N1F7,18.134865289368218,26.075582976002252
Q8N1G0,13.745204231642878,21.554066276961752
Q8N1G2,15.548052910743811,22.41884151116078
Q8N1G4,17.53715494534702,26.216640401555264
Q8N1I0,10.94020473168647,17.916301189987763
Q8N201,14.838978378720281,22.143304525396676
Q8N2F6,15.726036195109764,22.82985277985945
Q8N2G8,14.355326502415767,22.727911939774376
Q8N2K0,14.299581947757881,24.248777571518893
Q8N2M8,13.302133627948042,21.949987913547965
Q8N335,15.663585790636883,22.296574049627168
Q8N3C0,15.246830786308514,24.1573129281066
Q8N3D4,13.492811936773233,22.497474541539393
Q8N3F8,13.806820253867636,22.876517925901076
Q8N3P4,13.668981188199428,18.70411845395149
Q8N3R9,13.256154585006701,20.51971742957089
Q8N3U4,16.26410763694944,22.848295803532327
Q8N3V7,14.720508672597258,23.68074028720641
Q8N3X1,15.678728251214942,21.926557681259244
Q8N442,10.242949784893236,18.617772745537206
Q8N488,15.408640254356682,23.450767119935776
Q8N4Q0,14.068189196739752,21.74798150182813
Q8N4V1,15.281189821421965,24.10715597591463
Q8N543,16.899580633080664,22.902851805843508
Q8N556,16.293974918455074,21.943473605432025
Q8N584,13.058973068273891,18.884450392711415
Q8N5A5,13.123010910540986,21.36770478297162
Q8N5C6,14.967315390161104,22.505751880304334
Q8N5G0,16.07695293040658,25.86867445447644
Q8N5G2,14.317904069603946,19.66573834915706
Q8N5I4,11.947647702858006,19.86994906173988
Q8N5K1,17.79109116014262,26.53397490303447
Q8N5M1,12.738829608176228,21.624165976342223
Q8N5M4,15.883734209638813,25.34348126972818
Q8N5N7,15.635358352581449,24.028725268775776
Q8N5Y2,11.522068185474406,19.449394003632516
Q8N612,10.077612320299846,19.466683865435932
Q8N668,13.335733156426459,22.657184861330183
Q8N680,11.645622409610898,19.21665677847989
Q8N684,16.244692889040827,25.88995240323135
Q8N6C5,13.043892229921054,21.063774199902152
Q8N6G5,12.130910118962587,18.24035017578951
Q8N6H7,15.154837257280102,24.17228263066648
Q8N6N3,14.102776854526978,21.89749068953901
Q8N6R0,15.188443718199125,22.323478957287886
Q8N6S5,14.55155032133848,23.579990868912112
Q8N6T3,15.329462679121596,23.60176902050466
Q8N6T7,14.374248694271873,21.213012955287716
Q8N766,15.754515722544097,23.982315927565054
Q8N7H5,16.48561311310745,24.20136833041753
Q8N806,15.0574814000883,22.9352678668539
Q8N8A2,12.274345815335733,20.662651950382596
Q8N8A6,13.963503496341758,20.161179972837804
Q8N8L6,14.758738042610432,21.798196353299844
Q8N8N7,13.813012551011443,21.943550372921834
Q8N8S7,16.3385500437523,25.60878677026423
Q8N954,15.698908987079543,22.222347606875395
Q8N983,15.992274911878129,24.652809422361354
Q8N999,14.852274991251528,24.21244745248551
Q8N9F7,14.42945134799766,21.752639064264987
Q8N9M1,14.505326454823678,20.819458621175052
Q8N9N2,14.515852574550768,20.98750105879815
Q8N9N7,15.00685927567579,22.949200840578346
Q8N9N8,14.427730312062467,23.428846087377018
Q8N9T8,15.945647061262648,21.313323225218706
Q8N9Z2,15.1663258366029,22.787515500176816
Q8NAF0,12.866619181565799,21.30106096122795
Q8NAV1,15.49808007005247,25.34721788778085
Q8NB49,14.374599462034572,19.884840983334172
Q8NB90,15.4054324743196,21.57412095253924
Q8NBF2,16.65215765698674,22.95419815226441
Q8NBF6,13.121444479328565,21.567312127774688
Q8NBI6,14.534864417290324,24.063343564010392
Q8NBJ4,16.32787210997616,22.449010572375816
Q8NBJ5,15.821697397255676,25.11794175814188
Q8NBJ7,15.154995691390326,24.682473617367265
Q8NBL1,15.50630489061289,23.24192352402278
Q8NBM4,15.725608476136106,23.559905130073727
Q8NBN3,14.130065571646922,19.51505411148867
Q8NBN7,15.54441978369811,22.435073979655932
Q8NBP0,12.842622892172942,21.077817319272082
Q8NBQ5,17.07567904569076,25.158457524679783
Q8NBS9,18.060529807360453,26.219567468740106
Q8NBT2,17.059922481482474,24.363157322007165
Q8NBU5,15.54442988580267,24.399231122538236
Q8NBX0,16.13785741541996,24.879753647700966
Q8NBZ0,13.3274329291076,21.317665439533155
Q8NBZ7,12.331032715886204,19.591621916871613
Q8NC44,13.877220856037237,20.687179527577186
Q8NC51,18.404289868090228,27.80458142691091
Q8NC56,14.455084057684191,23.936764430323766
Q8NC60,15.00815469239362,19.70899438162406
Q8NC96,14.78255241524357,22.574878355117733
Q8NCA5,14.581209079609149,23.7402297342429
Q8NCC3,15.383362479708488,22.025483307302153
Q8NCE2,11.190612159721447,20.146203396918075
Q8NCG7,13.25163132756589,18.989016530883536
Q8NCH0,14.077578320587108,22.066683604310175
Q8NCM8,11.395899363316525,15.889728392251378
Q8NCN5,13.783158635884945,21.4731127480765
Q8NCW5,16.510468558833647,25.072914824615793
Q8ND04,13.096537677375022,19.715729112268395
Q8ND24,15.374028189534492,22.965780913405087
Q8ND30,10.988185094338235,20.255600022249347
Q8ND56,16.63571805120427,23.878127034883775
Q8ND76,13.749467210009955,20.754354953643446
Q8ND82,15.23874806399921,21.5888248500224
Q8NDD1,14.860050843571214,23.17112482117609
Q8NDF8,13.98854599258009,21.47282533129447
Q8NDI1,14.100810771134652,21.615743203230444
Q8NDT2,15.240524392000255,21.88364558716767
Q8NDX5,12.773918128064398,21.1792310299991
Q8NE01,13.213934649675746,19.59183561593243
Q8NE71,17.277616510688166,25.30774324860026
Q8NE86,15.892370192969818,21.48283369137262
Q8NEB9,14.544324987674363,21.05942830468524
Q8NEJ9,16.775915173384437,25.57929895953267
Q8NEL9,13.927807995847907,18.48991104650201
Q8NEM2,12.572368116851555,17.88526242409344
Q8NEM7,13.136817481340005,19.874015043537163
Q8NEN9,13.959398443308798,21.417911714268364
Q8NEU8,14.50771315194269,22.294876464289107
Q8NEW0,16.071304506257757,22.72516485611598
Q8NEY1,12.737718244937392,19.75276193666523
Q8NEY8,15.249709957496362,22.6886094866035
Q8NEZ2,14.12158494103358,22.02974312033633
Q8NEZ4,10.74938907257066,16.492965974912
Q8NEZ5,15.800629892034712,22.018316610499827
Q8NF37,16.716463963930288,21.243755204518827
Q8NF91,12.234479394844033,15.452631629969636
Q8NFA0,10.583411656571558,17.859655950346625
Q8NFC6,15.259849947693274,21.934227897147082
Q8NFD5,14.763349125224249,22.755551728726967
Q8NFF5,15.199015855411925,21.038895426822794
Q8NFH3,16.49372506803916,25.83158875404013
Q8NFH4,16.56430729659734,23.732815450662976
Q8NFH5,17.02204146010076,25.809711100244126
Q8NFI3,11.543029419779236,18.494893820814728
Q8NFM7,12.046603115471994,19.224904072564126
Q8NFP9,12.306556781926263,17.550127573964243
Q8NFQ8,16.802296875058897,24.470143929671895
Q8NFV4,16.027295160581915,23.514372485468332
Q8NFW8,16.913095967183594,23.43310325403746
Q8NG31,12.835347452142951,20.153815563505447
Q8NG68,11.321664722479436,20.204653525667776
Q8NHG8,12.378204596058952,21.476300654683207
Q8NHH9,14.358439670690563,22.390297176483486
Q8NHP6,13.586766460100604,21.434298025577615
Q8NHP8,14.362624167488676,23.19907884552592
Q8NHQ8,14.570573628550367,19.969613389429995
Q8NHQ9,14.236356600884685,20.166631630605107
Q8NHU6,12.399243912695981,19.718667957269197
Q8NHV4,15.9189055308557,21.739166183192214
Q8NI08,16.213882637106103,22.316038569478252
Q8NI22,17.757171660324918,26.374162348888383
Q8NI27,15.452511251928287,23.08751389751572
Q8NI36,15.94886649401181,25.462608922264796
Q8NI60,11.863365924817401,21.38041041005985
Q8NI77,10.586888770960623,19.139009730506764
Q8TAA5,15.130860182138557,21.628948238322554
Q8TAD8,14.234737576110957,21.412390035765196
Q8TAE8,16.077392305046956,24.211899728301756
Q8TAF3,15.807032834848892,23.310708093383234
Q8TAG9,13.709085608017965,20.150799676218995
Q8TAM2,13.79657356829812,19.06144263289531
Q8TAP8,14.104029458096269,20.684295755601582
Q8TAQ2,17.606606575806108,24.966548341452462
Q8TAT6,15.49236780889555,24.206348048651837
Q8TB03,12.5930286526574,19.30318318718883
Q8TB36,17.19400034110228,26.696014067640533
Q8TB61,14.025934961401415,23.99399130482459
Q8TB72,13.909901936038338,21.836377297296156
Q8TB96,14.7200789132817,20.622070379661434
Q8TBA6,14.634347372423875,21.269551594472322
Q8TBB5,14.099934371393768,20.106728290891596
Q8TBC4,15.55253402399391,24.262886644223443
Q8TBC5,10.439085887794159,19.653648366155586
Q8TBF2,12.222988557091659,20.962115062165328
Q8TBM8,13.969960966558302,20.920569423851195
Q8TBP6,14.163808316973414,22.07862631659865
Q8TBX8,16.739148222731167,23.752633508479406
Q8TBZ3,11.408491731978517,21.234635977719357
Q8TC07,14.52534059054199,22.407199956691002
Q8TC12,14.809816088826727,25.165906083848714
Q8TCA0,15.315725238460843,23.96667116731122
Q8TCD5,16.20791194571789,24.43883797869624
Q8TCG1,16.217253408212574,21.682099274684557
Q8TCJ2,14.165551078767761,23.943000762356114
Q8TCS8,16.610245765681007,24.08696632743919
Q8TCT9,16.9703432249091,25.961707315781165
Q8TCU4,11.08804359914833,18.28269118000442
Q8TCX1,11.806034732413181,20.565164325882467
Q8TCY9,12.41290473289952,20.09850198659327
Q8TD16,15.0542622387365,23.497939432691627
Q8TD19,15.641920190270925,22.557593960689104
Q8TD26,10.879912496121676,17.10847162087732
Q8TD30,15.546707947738524,22.083778674654845
Q8TD55,13.198511429610729,20.461481945301504
Q8TDB6,12.055485521660087,18.58433680683095
Q8TDC3,11.663670572963257,18.283687261045035
Q8TDD1,15.500115115918685,22.917110682309634
Q8TDJ6,11.442883962739602,18.301021403803887
Q8TDM6,12.509270839062264,18.54837080051958
Q8TDN6,16.236334699556473,24.508855514107164
Q8TDP1,18.1730435687943,23.80150529988594
Q8TDW0,14.062956629710552,20.214429871866205
Q8TDX7,14.871458015003261,22.057977441495826
Q8TDY2,13.374282815498793,18.671307043291932
Q8TDZ2,14.922644729637698,22.213981213973593
Q8TEA1,13.35364368929447,19.188637135623267
Q8TEA8,16.635344064901307,23.724835020786905
Q8TEB1,12.030917961690124,19.580183474258053
Q8TED0,15.468335463173322,24.30802304404511
Q8TED1,15.250035150228607,21.94886646988827
Q8TEM1,17.055902117713195,24.520747069555256
Q8TEP8,11.294620781598981,17.90326881321141
Q8TEQ6,15.727834444316105,23.31267946402034
Q8TEQ8,13.47427595976064,19.465797806427055
Q8TER5,13.46210989806962,19.92053253706335
Q8TEU7,11.801233844415329,18.075665570104405
Q8TEV9,13.077971998335105,20.187506012716362
Q8TEW0,14.101843851165448,22.184404876532582
Q8TEX9,15.529946201804913,23.018633215799664
Q8TEY7,13.076254324364484,18.200805235163816
Q8TF01,16.18425640987656,21.91827059923337
Q8TF05,12.86833492364186,20.759775032883738
Q8TF68,11.290526276116744,22.788335979072354
Q8TF74,12.82141386825258,22.656140265511233
Q8WTS6,14.533920771212134,22.538174542341455
Q8WTT2,17.223790967104993,23.29402086713034
Q8WTW3,14.07489745818845,23.31666583341962
Q8WU76,12.578447869400572,20.167727948019333
Q8WU79,14.553968972715712,26.08302829560562
Q8WU90,16.60652421595796,23.558441874369763
Q8WUA2,16.06628500527891,23.436960457923234
Q8WUA4,16.041911955591242,24.172780564441226
Q8WUB8,14.981845175171795,22.23008706038416
Q8WUD1,15.5367385348361,23.514893066368053
Q8WUD4,13.574348984257023,24.573801294977034
Q8WUF5,14.67115875531367,22.544327554719473
Q8WUF8,14.64813795611833,20.669818414700064
Q8WUH2,12.887629848314837,18.56290657984384
Q8WUH6,18.860517519526987,25.95033991076278
Q8WUI4,11.367280767487722,19.257932640803247
Q8WUM0,16.640170319019962,24.345924378437804
Q8WUM4,18.1180983706655,25.960703337309532
Q8WUN7,9.708182455711961,21.65845446587954
Q8WUP2,15.830443329773797,22.8136246402928
Q8WUQ7,14.69994308476697,21.641824649354433
Q8WUW1,16.490751295347152,23.377050521615875
Q8WUX9,15.435103974110435,23.03542117408293
Q8WUY1,16.97396254624995,23.406708960861394
Q8WUY8,13.707064601886398,23.49711971250765
Q8WUZ0,15.504304018738281,24.030500482265584
Q8WV22,14.022637574351075,21.283080268326056
Q8WV41,12.59864906845213,19.1983980379892
Q8WVB6,12.430383583693969,20.15374775831629
Q8WVC0,14.770285175788063,23.47734526508529
Q8WVC6,15.750288969594616,24.34333031319398
Q8WVD3,13.698853904046135,20.725786674829852
Q8WVJ2,16.430385341562662,24.434947121789385
Q8WVK2,17.437843379770754,24.51094887669786
Q8WVM0,15.531375675796022,23.0991034355147
Q8WVM7,14.35963704780555,20.53499205917213
Q8WVM8,17.012476844764453,24.084200139237193
Q8WVQ1,16.020806002789,22.376634305345345
Q8WVT3,15.029519354220719,21.570593359204615
Q8WVV9,16.24051502980745,24.589658421329094
Q8WVX9,14.772558387174582,22.96078954267299
Q8WVY7,17.193409998421654,24.874778919213643
Q8WW12,17.979423201441946,25.487312035750957
Q8WW59,13.701578151161412,22.10406013854139
Q8WWC4,15.69573135807039,21.273654313926844
Q8WWH5,13.393448238151475,22.0383292518363
Q8WWI1,14.80155646111122,21.622682127129433
Q8WWK9,15.025360672235289,22.310069171948694
Q8WWM7,16.84503512096051,24.58635618623036
Q8WWM9,17.38983401594175,26.34426179136486
Q8WWN8,13.50037018829408,20.31433884934404
Q8WWQ0,15.767925346266626,25.171398831480687
Q8WWX9,14.976019302172844,22.802932309589703
Q8WWY3,17.248413003588205,25.2198656335467
Q8WX77,12.77721523977307,22.454167092812096
Q8WX92,15.032726057732972,23.536056350522987
Q8WX93,14.472784123980013,22.34608682393856
Q8WXA9,17.12909372168514,25.33760625824999
Q8WXD2,16.030302106038196,23.468289753097807
Q8WXD5,11.821443763494761,24.35611194356114
Q8WXE0,13.262086944329244,20.39821284090083
Q8WXE1,11.724858636295487,21.423769077591142
Q8WXF0,14.227860144604527,23.519046178897113
Q8WXF1,17.807072857597845,26.33278105857477
Q8WXF7,15.153234709615116,22.648065973975925
Q8WXG6,12.701063154900789,17.934855925235357
Q8WXH0,16.04549107111065,23.88308418913497
Q8WXI9,16.25376238341133,24.98559148681617
Q8WXW3,14.492294799204464,19.755411078847413
Q8WXX5,17.636963805753638,26.222461348824382
Q8WY21,14.320478486423445,21.553662200506487
Q8WY22,16.404121616939634,22.94696461982843
Q8WY36,14.145573999066533,20.92615624054828
Q8WY54,12.448965292478292,20.293600200639474
Q8WYA0,14.665988743306764,20.358086679289233
Q8WYA6,17.43148361429166,24.974614336800624
Q8WYP5,15.711234682322287,23.962915014823142
Q8WZ42,10.086092837488811,13.266359597361884
Q8WZA0,16.337533490312644,25.771392973380486
Q8WZA1,13.901274015549287,20.539718779750824
Q8WZA9,16.36802582317954,24.975833698531435
Q92466,16.844349809458905,23.990525814252045
Q92481,14.213074271374783,24.260306715469735
Q92499,18.500645186346308,26.56743565586918
Q92503,12.191294722181832,18.85683219248678
Q92520,16.65173557012475,22.66420113157227
Q92522,18.66337674961917,26.7117866897902
Q92530,15.480389869375896,24.272333386446817
Q92538,14.645737385984237,23.00776884398834
Q92540,11.940728391758626,18.915243994293746
Q92541,15.910883023011813,23.338916542444924
Q92542,15.423072137719418,23.96057526408855
Q92544,14.938563792572594,25.744355475919832
Q92547,14.272411755029983,20.48000211133521
Q92551,13.746478340162554,19.71257989551196
Q92552,15.659838658789926,22.52653147590407
Q92556,14.950815352879989,21.24186450533902
Q92558,15.0722430577815,23.85104828987848
Q92560,13.21544112073791,20.938299986186948
Q92572,16.24735056545365,22.894575170909214
Q92574,12.872652049120855,17.976908683207768
Q92575,16.82890695480244,23.311236505376804
Q92576,14.971865007294024,22.142944065097268
Q92598,17.510766866932617,27.205375505342246
Q92599,14.977383434222995,23.410621517894864
Q92600,14.984680236873812,23.287223266333132
Q92604,12.823548312378323,21.90100735773351
Q92609,14.99502708634305,23.541464071879652
Q92610,11.586968652100134,19.691172454897217
Q92613,12.89797957031212,19.50117048400381
Q92614,14.511857281606375,20.378778271448816
Q92615,15.369494339060205,23.486636482325604
Q92616,16.93781183512052,24.92679419984954
Q92618,12.058750331550948,18.662158387773747
Q92620,14.526753212984532,22.659903723678564
Q92621,16.75127183764438,24.826196539806325
Q92625,13.036303925416492,20.532973840415707
Q92626,15.932837125821829,23.77455630383363
Q92643,13.06250397662549,21.19118139394849
Q92665,14.410267310864112,23.25790084388101
Q92667,14.918993675209657,22.08471562694558
Q92688,17.916437270908748,28.254508740416163
Q92692,12.161357278601514,22.136985318886463
Q92696,14.488180669959942,21.574355492972376
Q92733,16.390208245948894,23.24872829985259
Q92734,18.66017480870373,26.447223402178974
Q92738,10.447516984984855,19.651259442868948
Q92747,17.388016788317522,25.50569073871566
Q92759,15.669106488262335,21.650729553102455
Q92766,8.021365866777883,16.91627245583027
Q92769,19.197966076626937,26.65224189688892
Q92777,12.754813630394814,21.84087181649463
Q92783,16.220909215277704,23.787927148587602
Q92784,12.05000015736131,18.978743676323862
Q92785,15.187389137705226,24.981154324725946
Q92786,15.483641847305455,23.637609133383332
Q92791,15.144122608989944,23.098862101067265
Q92793,12.742856395871064,19.724128758471206
Q92794,11.136824359729953,18.453518696276085
Q92797,16.015101782630236,23.86752105275241
Q92804,18.920292880548924,23.408064967974266
Q92805,12.592634884393611,24.748644791068614
Q92820,17.88150369768388,27.154802120008004
Q92823,16.74719249323167,26.023399844992593
Q92830,13.625660595738587,19.222256815048446
Q92841,18.438579158361915,27.24521519151409
Q92845,13.885253873473857,22.01785870692299
Q92859,13.705533329992875,20.52898118767727
Q92878,16.789269375647805,25.44943762865966
Q92879,16.94290603447203,25.655991175266482
Q92888,15.999760983936506,24.51037500255099
Q92889,12.923865245833335,19.084286254596208
Q92890,17.072640476950244,25.07875934114759
Q92896,16.87665004975517,23.310281257490484
Q92900,16.598163657841123,25.64880077269132
Q92905,17.036587959781038,25.62125881837532
Q92917,17.010918848096235,22.991348576892996
Q92922,17.29869983044529,25.127884486570007
Q92925,17.186817775244094,24.279519264368414
Q92934,14.29773229427243,22.413293487397898
Q92945,18.068531609543225,27.850539127876146
Q92947,15.443257767958835,22.848036660388452
Q92973,16.42439740355594,25.23961358739675
Q92974,16.38221829049803,25.250061777482706
Q92979,16.025288205630297,24.955159771983787
Q92989,14.911236314822236,21.916926909029545
Q92990,13.572181299809124,19.771869731199462
Q92993,12.996952781635157,20.491362175420146
Q92995,13.264712432051676,20.122542158724723
Q92997,11.577124511888032,20.63919569105598
Q93008,13.720764621634288,22.593129272225443
Q93009,17.113705296421877,24.565238306818195
Q93034,15.15931966305547,23.62203332795759
Q93045,15.770324266085279,27.062733258852962
Q93050,16.318056135510282,24.18193090163836
Q93052,11.388492792922706,21.6924748620386
Q93062,13.235078428386617,21.36672434933684
Q93063,13.739140994347185,19.07406593337091
Q93074,14.154861839833847,19.468507717654038
Q93100,14.075227229686826,19.8058923611842
Q969E2,15.872317293673696,26.479059178828393
Q969F9,12.20513906196146,18.662062470416732
Q969G3,17.23173327938088,26.194949107091098
Q969H8,19.78642187763049,27.657758919178153
Q969J3,14.13983855235069,23.150769265176518
Q969M1,13.511604512295966,19.799389367483116
Q969M3,19.44960445448277,23.880022336652477
Q969N2,15.402066267396725,22.342751116923374
Q969P0,15.437702129769665,22.012534008885787
Q969Q5,15.070765057032292,27.636310404744858
Q969S2,13.099473133294543,21.19739675549552
Q969S3,15.097796519392906,22.817520530690384
Q969S9,14.040148040211472,19.845933694129627
Q969T9,17.38761232752147,26.129053207982018
Q969U7,14.911533839532837,23.342140856542855
Q969V3,15.989894345328276,24.55736394909435
Q969X5,15.939517250055781,25.663634000706423
Q969X6,15.26246570922443,23.85125437190716
Q969Z0,17.33577241548557,24.233982654103407
Q969Z3,13.15078403475743,19.673131336709996
Q96A19,12.877350597359237,18.1635691943111
Q96A26,18.771964358460195,25.60308972770962
Q96A33,18.014537249063686,25.936901243066455
Q96A35,15.903428726084302,24.563389613033696
Q96A49,18.612401217465123,25.671051651926835
Q96A65,15.750714191960858,23.290253392266838
Q96A73,12.795381251978013,19.93137417205371
Q96AA3,13.505241772628983,21.62830473407928
Q96AC1,17.423608289692687,26.144715251749354
Q96AE4,18.476750493647636,27.81592313887229
Q96AE7,11.920618061291247,17.243498287894326
Q96AG3,14.358802274908092,19.818319738868645
Q96AG4,19.56109369100724,27.857722172758198
Q96AP0,10.07367421688127,19.954655133979607
Q96AQ6,15.695015892568623,22.54310497142869
Q96AT9,14.793753232905262,22.59079847329891
Q96AX1,15.284916084086959,22.39070090699543
Q96AY2,11.382832824882493,20.19766099889825
Q96AY3,15.773548804848254,25.041944782663343
Q96AY4,12.784759272901379,19.66376155152907
Q96B23,12.228924825527194,22.729094502904847
Q96B26,16.92960249396641,23.269349888433542
Q96B36,14.973397919614092,22.712982841920542
Q96B45,14.756118617788418,23.056245892429367
Q96B97,14.003699973793239,19.963440115107286
Q96BD5,14.872299239476861,21.835735001414694
Q96BH1,15.260895316182088,20.457417863341888
Q96BJ3,16.305593713034042,24.24519241381115
Q96BK5,14.156110524322793,20.565781095701965
Q96BN2,15.433497211973146,21.18918097541374
Q96BN8,13.760398499083044,21.85459082647395
Q96BP3,15.264717738113957,22.37277666845995
Q96BT3,12.96694922326074,19.06795737734778
Q96BY6,12.568232881437757,18.028370837140777
Q96BY7,12.584512208753171,19.71060562012052
Q96BZ8,14.477228172245203,22.10826749045475
Q96BZ9,14.903155898631717,20.31877620538827
Q96C01,16.57594041493503,24.258003155512547
Q96C19,17.356391253864974,24.72056985670887
Q96C23,15.399220543272932,23.247161223636162
Q96C36,17.243607539707263,25.453713232842453
Q96C57,15.016253020771352,23.30027736187204
Q96C86,16.60242438137527,24.3331269324062
Q96C90,12.650564501160092,24.97772423640519
Q96CB8,15.150973525371185,21.534701406662137
Q96CB9,14.644039829982766,21.714947814415122
Q96CM8,15.032765178767347,23.0731258459551
Q96CN7,19.891649996331484,29.03369668510696
Q96CN9,14.518657214500521,19.18149679661082
Q96CP6,13.11969073171329,21.804668271968477
Q96CS2,15.143202294407063,21.19632516590863
Q96CS3,15.763630236751766,24.93725746764384
Q96CT7,18.47462473592315,25.28449548839704
Q96CV9,16.010059444048967,21.785671355312363
Q96CW1,16.950442648149775,25.06656515675332
Q96CW5,14.484085415814443,22.79003693063641
Q96CX2,14.377571309691781,22.42711621480727
Q96CX6,14.274818683231873,19.91777406818899
Q96D05,14.019319965984607,23.85187727471702
Q96D15,15.623656839902095,23.87152383434973
Q96D46,15.980018136830726,23.43133571564162
Q96D71,15.755878979109845,22.908337590184612
Q96DA2,14.151529126503869,20.54832147110101
Q96DA6,17.262276705947603,21.871212659382817
Q96DB5,15.991333342024143,24.20669606219915
Q96DE0,13.052959265391246,22.493758882561018
Q96DF8,14.07514265443808,20.82830386638989
Q96DG6,16.25985947452741,22.873492387127786
Q96DH6,16.754296996243482,25.919394729680548
Q96DI7,18.658091759635546,26.855216857677526
Q96DT7,12.555641284767027,19.59606304266806
Q96DV4,14.858694563046948,24.487612673048442
Q96DZ1,14.89865141199798,22.361399989225102
Q96E11,15.721063675300128,23.785405340919446
Q96E17,15.399708894874927,24.27568368364628
Q96EA4,13.593876982851844,21.004290149928885
Q96EB6,14.41182688901027,19.258318297126056
Q96EE3,16.301615286692165,24.287817766190077
Q96EK5,16.401969288371774,23.200077586677224
Q96EK6,15.94280681553166,24.221631721729604
Q96EK7,11.100948671215182,22.48104209864626
Q96EK9,15.645406624293592,21.67443916212148
Q96EN8,11.567190272694601,20.532137458186
Q96EP0,12.340169600761671,19.27092971347312
Q96EP5,16.153256571825008,24.655351495070406
Q96EQ0,15.90596015965309,22.11874985163737
Q96ER3,16.24001829003114,21.78102714705366
Q96ER9,15.386105062480794,23.31863277393991
Q96ES7,14.663992143213164,22.542956166050885
Q96EU7,13.780309013338979,19.925966840521184
Q96EV2,13.32421471438844,21.893838591715557
Q96EY1,14.500117073482569,23.298851910296147
Q96EY4,16.936626872368702,23.097437070473912
Q96EY5,16.24133863522238,22.515734161728364
Q96EY7,16.32287152387588,23.668033172795166
Q96EY8,16.106094926039084,21.306830899222415
Q96EZ8,14.944507414176227,20.763831682948048
Q96F07,12.592497340411999,20.825562711271512
Q96F44,14.050329047239233,19.14934954952798
Q96F63,13.71082109406634,20.436701758202123
Q96F85,17.200532584486883,25.13945834703814
Q96F86,16.9495760742129,22.549224389990414
Q96FC7,16.370343547576898,24.414204271489478
Q96FF9,14.872908213494773,23.330611955575694
Q96FK6,14.298892929244914,21.75027578336549
Q96FN4,14.601925627024913,22.87166364299173
Q96FQ6,13.697968266025422,24.568733048277732
Q96FS4,13.308900543850257,19.969993283454304
Q96FV2,13.251976992403158,22.15873392346495
Q96FV9,16.41595942481058,23.91295524521899
Q96FW1,18.320173869032438,26.86963993299707
Q96FX7,14.45575996941167,22.89796368869228
Q96FZ2,13.974134208660312,19.505697463764122
Q96FZ7,17.437159019759477,24.70083675821334
Q96G01,12.529913956902774,19.937007363783792
Q96G03,16.857022248437705,24.608466366893726
Q96G21,16.073012614857262,25.18862815144991
Q96G23,17.225878703078244,24.684996419759376
Q96G46,14.114634981418838,20.377384682850913
Q96GA3,15.884258882962705,23.51661379363925
Q96GC5,15.448747264348267,23.850768128870257
Q96GC9,16.537754920477973,23.84835491263862
Q96GD0,14.370374798901977,23.140918126494206
Q96GD4,14.510528072106075,24.279004555776808
Q96GG9,17.298180220579855,23.259541747155666
Q96GM5,15.38631685524739,24.92896048064174
Q96GM8,15.533976812050733,22.255853439626453
Q96GN5,14.549366201085592,20.15608573580841
Q96GQ5,15.983360264197795,22.281847846574674
Q96GQ7,17.334288179623712,25.335442934635875
Q96GS4,14.583389421044666,21.867125935636523
Q96GX5,12.523969978217533,18.083747042605964
Q96GX9,15.550063075904044,21.597279948049064
Q96H20,17.103509952186098,23.722076189947774
Q96H22,11.464694073586381,20.338864512000978
Q96H55,12.714712877655414,19.639172133521924
Q96H79,14.390329380070975,24.002731478119543
Q96HA1,10.948284351985972,18.88447349863775
Q96HA7,11.256468977296779,19.550623134928806
Q96HC4,16.483109279089234,24.67954231393659
Q96HD1,14.36992385841218,21.408843809694496
Q96HE7,16.85827686079287,26.177699281287722
Q96HI0,10.67023048008514,19.159751722242234
Q96HP0,14.071168137461296,20.370003470946177
Q96HQ2,16.438851128851432,23.5076943449982
Q96HR3,14.688972022579023,22.269042189431676
Q96HS1,16.906406654170908,26.340366840436104
Q96HW7,14.221470098335157,22.352381952498632
Q96HY6,15.258073916218105,23.68990340214267
Q96HY7,13.449697356649455,18.865916214409594
Q96I15,14.729131740094427,22.568190962750947
Q96I24,16.7495557506522,26.648728699621724
Q96I25,17.450633421780648,25.240384791203688
Q96I51,13.511154288859684,20.58092880398135
Q96I59,14.00179251125881,20.773504664639958
Q96I99,16.942954326290298,24.097841698028137
Q96II8,15.123301031996872,21.733411796283672
Q96IJ6,16.076677768009908,24.106740574060833
Q96IK1,14.440570016672654,22.23559067987291
Q96IU4,16.048473037881127,23.474743213186432
Q96IV0,13.05474070017354,20.701088338068978
Q96IW2,14.587960313065459,22.371176063586496
Q96IX5,13.031580025509985,25.78013225685321
Q96IY1,15.427898725885173,21.16578437294949
Q96IZ0,16.269967461146646,21.213583262805347
Q96IZ7,15.635498818621508,23.054224724390302
Q96J01,15.355078326259848,24.01258896738834
Q96J02,13.863288772606754,21.535572925381082
Q96J42,12.797659618787012,20.604343709953163
Q96JB2,15.064686813618033,20.821952337676308
Q96JB5,16.8258950309832,23.308485205133792
Q96JC1,12.031265077094432,20.20188830041603
Q96JG6,15.44743106951424,21.864437119152537
Q96JH7,14.052657112631898,21.709060329809244
Q96JJ3,13.414522544391552,21.601399005673564
Q96JJ7,17.052121185533483,24.690302771778093
Q96JM2,14.555312907485293,21.195466191787318
Q96JM3,17.262886960472674,24.401490911992713
Q96JN8,8.954344792479976,18.677491219218357
Q96JP5,11.84565688629741,20.181447594289875
Q96JQ0,14.02146277820616,21.55820709523854
Q96K17,18.08027507246323,26.937124986524807
Q96K37,14.13663347248428,23.11459329983358
Q96K76,15.232535825750318,22.222741212315213
Q96KA5,13.799017897830664,21.6978745270447
Q96KB5,17.316220273599374,25.196531724943586
Q96KC8,15.79341966119776,20.31782009787357
Q96KG9,15.542177721343606,22.012768607914516
Q96KP1,15.807383404992883,21.775188977231846
Q96KP4,17.265211709199416,25.740821773920164
Q96KQ4,13.640656988932546,19.18231695578077
Q96KQ7,15.126347948914798,22.16901660125436
Q96KR1,17.164852814160973,25.167559605610233
Q96L58,14.460456498611954,22.246214687196556
Q96L73,11.42089909001775,17.165840322784163
Q96L91,14.075595322302963,21.432012258365184
Q96L92,16.490071315555817,23.35597673386134
Q96LA8,14.602632904281451,26.00760183992839
Q96LB3,14.411527498041993,22.125563952535398
Q96LJ7,12.328814648104121,20.44372226679191
Q96LT7,12.70728353642167,19.217202887406568
Q96LZ7,14.175231954092556,22.06668939463624
Q96M27,16.73254846612355,23.14287231642087
Q96M96,11.665923040024555,18.53593488763976
Q96ME1,11.42656387829405,21.42241262098899
Q96ME7,15.56762948501782,23.250424014605386
Q96MG7,16.47952665427743,23.093681868646044
Q96MM7,13.780494268025844,18.671902751248847
Q96MU7,14.986716385004664,22.315613069645057
Q96MX3,12.161371900219258,18.958162486551476
Q96MX6,15.704292088720917,22.606639931939846
Q96MY1,14.326115063004124,20.769329304914514
Q96N46,12.096221532610974,19.185072142840436
Q96N64,12.478488883235203,19.61363523499136
Q96N66,14.065312287863977,23.94503435769943
Q96N67,15.897989165519505,23.881685754010064
Q96NB3,15.425313682649671,22.238301324311013
Q96NE9,13.7672536779277,21.16995892096822
Q96NT0,13.916020525884143,21.37037174537412
Q96P11,12.181276609861493,22.815237805456377
Q96P16,14.972881882565144,24.133223369713626
Q96P47,12.776231044655422,21.948236232262328
Q96P48,13.961853509798498,20.99424922946189
Q96P70,17.66383612795191,24.869082236119112
Q96PD2,11.780518047091133,17.938640036688696
Q96PE3,13.217566736551838,18.50705723465181
Q96PK6,17.73582033843677,27.789972748732065
Q96PM9,12.715388924031478,20.976802198735555
Q96PU4,12.750185087126807,20.290431493526807
Q96PU5,13.82035738938972,22.05295603149665
Q96PU8,16.89212552380399,25.26188922365788
Q96PV6,12.548411229652414,21.141065933402647
Q96PY5,13.89081389711045,20.516361715187724
Q96PZ0,15.839609231332943,23.47581212490577
Q96Q11,16.1784675391245,23.86470888681992
Q96Q15,12.353943082229609,16.434089926556933
Q96Q45,14.887927684295986,22.01581704789726
Q96Q89,13.386384976356057,18.571383547358128
Q96QC0,16.121276347092437,23.441765939547437
Q96QD9,14.125918730866701,20.705061175637393
Q96QE5,13.05878883881598,19.628049230095865
Q96QG7,14.198271259562254,22.322961760630925
Q96QK1,16.35018856462128,25.794506065261544
Q96QZ7,13.538177692480327,20.74387694463215
Q96R06,13.43820860256712,20.364305066813188
Q96RD7,14.276294624520862,20.997054544099463
Q96RE7,15.011977304281501,22.932225855702978
Q96RF0,9.098702681836846,20.039219181027384
Q96RG2,10.481739323383204,17.112276591639276
Q96RK0,9.894819325571538,24.147773690662866
Q96RL1,12.438842270460245,19.355326635888154
Q96RL7,13.347267872330978,19.85059471220251
Q96RN5,14.85898708938227,22.03848802403231
Q96RP9,17.169926694506188,24.97507931405171
Q96RQ1,13.760353874326068,22.118119677458047
Q96RQ3,14.993246918506408,22.31348085201803
Q96RR4,12.51233550373414,23.5025152983438
Q96RS6,16.230483309662343,24.075245043902747
Q96RT1,14.086614152724703,20.71660877621958
Q96RT7,9.817592281761769,20.66399299402686
Q96RU2,13.371649564085782,19.29658751512081
Q96RU3,15.126700111342217,21.538748348071348
Q96S19,13.784905218252234,20.866039779576727
Q96S44,14.93730447104867,22.859363508625158
Q96S52,14.960579249601054,23.757288924201195
Q96S55,15.707640046986764,23.541800041649182
Q96S59,14.579874103501698,22.53744166164868
Q96S66,14.996513707598606,21.63843812365295
Q96S82,15.867601531390557,21.997482306795828
Q96S90,13.998076538036406,20.790897818586586
Q96S94,13.186618784978572,19.761786567940465
Q96S97,14.613384984514118,24.22168909271406
Q96SB3,16.49350532120665,24.461483686103392
Q96SB4,15.159808056033572,23.39620952868553
Q96SB8,15.775258413867343,21.761504228371184
Q96SI1,14.436052693699123,23.285711162657577
Q96SI9,16.497330560727274,23.476246358592327
Q96SK2,14.885210301683195,21.842059688400802
Q96SL4,17.745756330581315,25.104447122987505
Q96SM3,12.145413405604579,19.629066353654434
Q96SN8,13.966686030982682,19.126644768859588
Q96ST2,15.846080264084527,22.0652220375996
Q96ST3,16.0061174105266,24.683117245732404
Q96SU4,14.450139049552396,21.9068841471133
Q96SW2,11.186289296235175,18.8018785608871
Q96SY0,15.705118516421956,22.629560716309378
Q96SZ5,16.71085028826399,24.684852620412247
Q96SZ6,11.789647998904847,23.569224303222875
Q96T23,16.359267770058263,23.985548333810144
Q96T37,15.492838128375773,22.984533951699195
Q96T51,15.88974167009828,21.25291706529287
Q96T58,14.886290864184426,21.67394852421284
Q96T60,15.223375742095813,23.207953470877865
Q96T76,13.438675915710826,21.724424481882977
Q96T88,15.980895847685984,23.721312397462828
Q96TA1,15.408589863869777,23.824462426881215
Q96TA2,16.513046166491335,22.854301007655486
Q99081,12.606658989268654,22.657968267593727
Q99417,18.55041746392726,25.347466695034015
Q99426,17.9416096774906,26.16107176841313
Q99436,17.813357230503208,26.399140474940168
Q99439,17.522619392833636,24.747764650953446
Q99442,15.779792265743021,23.70804516161834
Q99447,15.060189357461958,21.75242663200851
Q99453,16.68102876315969,23.558221582849058
Q99459,17.20974655451307,25.798507749889954
Q99460,18.122999335571993,25.97892704621844
Q99470,15.573966433059306,23.898721403058804
Q99471,18.495875912396073,26.451948090342718
Q99496,14.77187171036402,24.004292443364857
Q99497,20.574160566475836,28.355377864203938
Q99519,15.132940175426434,22.931822429952113
Q99523,12.559065688553602,22.20060512463296
Q99536,17.73206179186199,26.975042458579654
Q99541,14.124116221094773,19.966135836125368
Q99543,15.410483483176613,22.685114517183365
Q99547,17.69745351201266,23.275631354399913
Q99549,13.411850733514324,19.96875148573337
Q99567,16.529845469205377,24.150182697322204
Q99569,10.918738419658704,20.519363874094438
Q99570,14.213514259609317,22.721173165068112
Q99575,13.767201853912075,22.03620410750989
Q99584,17.31303399605501,25.746463304990037
Q99590,14.790738930734122,21.911888068467515
Q99598,17.79545280906996,24.619649747767696
Q99611,12.711890092283051,19.434526680734177
Q99614,15.938827579440572,23.735812806964415
Q99615,17.058665135853225,24.932538427492734
Q99623,19.370586930609267,29.04505022538132
Q99627,18.281612337760652,25.97265176902271
Q99633,14.488680829903746,21.404739971091058
Q99653,16.02611349605932,24.933882036087542
Q99661,16.17797458510601,23.181091686825233
Q99674,13.341333262383575,21.687514575441163
Q99700,14.62805698401216,23.081830190325924
Q99704,12.781193979402147,20.372354875033235
Q99707,13.316476997288309,20.341228293684633
Q99714,17.022899856998098,28.271392653717854
Q99719,16.166911918050666,23.08083443929534
Q99720,16.013142960307462,23.703146072449456
Q99728,13.40181422915082,18.648879034185647
Q99729,18.46428341240115,27.934874861270565
Q99733,17.221592142020206,26.678093180853622
Q99747,17.345421082817882,24.583938547651556
Q99755,12.948010110089571,21.110906452771466
Q99757,16.310613158840454,23.814292309541884
Q99766,14.426723169159814,19.933182883136148
Q99767,11.99729037177667,20.46115351526432
Q99797,13.676265407999342,20.365386600844513
Q99798,16.707323584198612,25.73692859026656
Q99805,16.31732303307923,24.263430229533235
Q99808,13.245420384210306,20.399599755693433
Q99816,17.152781751687133,24.879250609923098
Q99829,17.024478740004543,26.047896216317913
Q99832,18.90987906196357,27.888876677318088
Q99836,13.81988163643452,19.417981911030235
Q99848,17.433518774946467,26.01163867524564
Q99856,14.487958727928744,19.337923019167736
Q99873,16.26676649222401,26.440476810464876
Q99961,15.899450420170608,23.821775927938695
Q99985,11.73481591950304,19.700723794926578
Q99986,17.361895902873783,24.289388538455775
Q99996,14.889202700115892,21.658363676758878
Q9BPU6,17.607210449625693,26.48477806222625
Q9BPW8,16.030545906363812,26.57283298722095
Q9BPX3,16.269727219843112,24.00227753897938
Q9BPX5,17.112005344298083,25.26554014225352
Q9BPX6,15.518759024369068,23.40943459305629
Q9BPY3,13.367781333915094,21.753929839774276
Q9BQ39,16.942697134479737,24.636878149726922
Q9BQ52,15.566701931020761,23.107054763600022
Q9BQ61,16.474441204424263,25.53260790977332
Q9BQ67,13.965563309977473,22.640755521403012
Q9BQ69,14.62847922779926,23.941002765485205
Q9BQ70,14.301432840612302,20.514596471991243
Q9BQ75,16.679304242002768,23.114323228686743
Q9BQ95,13.086485228913254,21.642262086048177
Q9BQA1,16.52458863645857,24.75866687921634
Q9BQA9,16.381397507251595,24.63607188400191
Q9BQC3,12.58618728098168,20.465478448913576
Q9BQE5,14.428904870850857,21.901348917499902
Q9BQF6,13.518232205115835,20.259505201785124
Q9BQG0,17.25124142096199,24.813016182152055
Q9BQG2,12.86479579993819,19.75634573108575
Q9BQP7,14.444054585145427,22.77963875376622
Q9BQS8,12.814580024080104,19.942107512615976
Q9BR61,15.663550797071427,21.69677174060904
Q9BR76,17.388119835683995,25.946981773785595
Q9BRA2,19.7948607220191,27.64278967520787
Q9BRD0,14.154303133103818,22.744866326334492
Q9BRG1,17.61887031992929,23.617377837982858
Q9BRJ2,16.122485502756973,24.196590728856624
Q9BRJ6,16.887086078581216,25.92619079640324
Q9BRJ7,15.037428182967567,23.258432040125964
Q9BRK5,17.804725296112068,25.4289344330809
Q9BRP4,15.229744379599133,23.12434474622169
Q9BRP8,16.65959315723254,25.157017037934914
Q9BRQ6,13.75419855099234,22.459447336723642
Q9BRR6,15.269879822938444,22.78327090729315
Q9BRS8,14.199652778413938,20.399213602560504
Q9BRT3,15.511001024812808,23.738472578722728
Q9BRT6,16.81819681320661,25.038542725021074
Q9BRT9,17.58390113009835,23.34188408576318
Q9BRV8,14.695498846745824,20.528699475722853
Q9BRX2,15.196177486179462,23.159715454565756
Q9BRX5,16.308975356460365,23.574251659757483
Q9BRX8,16.361852728830026,25.540258075168015
Q9BS26,17.618595853777432,26.24369505857959
Q9BSB4,14.643774647632572,22.058989345759645
Q9BSC4,15.72078095186799,23.02229296423721
Q9BSD7,17.540172937539328,25.318268137095124
Q9BSF4,13.714084930710133,21.541369164968778
Q9BSH4,14.558522135729149,24.068234868478186
Q9BSJ2,15.486379795278772,25.87608612410508
Q9BSJ5,12.503682463736213,21.296064539228436
Q9BSJ8,16.625384866234167,25.36350333741592
Q9BSL1,12.76536438146043,21.6613559386322
Q9BSQ5,15.76174926738997,21.08537634339367
Q9BSR8,16.620088118578547,23.769188833329096
Q9BSU1,10.865198152882542,19.375760666454568
Q9BSV6,13.469661458875388,20.91849439362765
Q9BT09,16.40248859053593,25.201752369796097
Q9BT40,14.59764002563,22.869803164859388
Q9BT73,14.94463580505152,23.343755396616853
Q9BT78,17.0557819394866,25.530372730401396
Q9BT88,11.621207630438994,21.21517660359503
Q9BTA9,16.12665955930861,24.28419758552962
Q9BTC0,15.552237000895108,22.624080817311572
Q9BTC8,14.872200053377323,22.29305749753298
Q9BTD8,14.226684250388226,22.32688953147044
Q9BTE3,15.665238325615283,22.10680754577999
Q9BTE6,15.088912433479576,22.922175049613458
Q9BTE7,16.429077833412773,23.274071785932637
Q9BTK6,9.100123963525716,19.721250585486015
Q9BTL3,14.975924915808891,25.097825618707155
Q9BTT0,16.75217410266205,27.14423191568094
Q9BTT4,15.167540603097327,22.007663707654743
Q9BTU6,15.484039011910756,22.012218956647693
Q9BTV4,16.68710933909057,25.5245495026457
Q9BTV5,15.553880483841228,24.019032123435416
Q9BTW9,16.033502759998907,23.893003659149002
Q9BTX1,15.188660664822153,23.338542057184988
Q9BTY2,15.5184523942167,21.99688446490222
Q9BTY7,13.715263990910636,22.080815332326726
Q9BU02,13.275377201819358,20.305208986048104
Q9BU23,14.70894870029678,19.69934784203106
Q9BU61,15.474860361431675,23.688928867701566
Q9BU76,15.185813923524472,23.423380799402196
Q9BU89,15.385689967022813,21.312891499690913
Q9BUA3,13.523120911845227,20.606374581403763
Q9BUB4,13.066493780781052,19.333878878550312
Q9BUB7,12.00563595177256,23.071060712030643
Q9BUE6,15.139744036601666,21.086191066040502
Q9BUF5,14.596422084955687,24.90533138305379
Q9BUH6,14.968868873242487,21.934254474280817
Q9BUJ2,17.55042827741054,26.079057521453024
Q9BUK6,14.073259304494583,22.193687725702368
Q9BUL5,16.063640631832115,22.93675716260764
Q9BUL8,17.83627255458947,26.13616887691057
Q9BUL9,12.721244922155773,21.810105592975077
Q9BUN8,15.260008222536113,24.784888356128832
Q9BUQ8,17.09754866507482,25.474693991266864
Q9BUR4,13.467721977341288,21.67221860626157
Q9BUR5,15.354211151122247,24.14699548764986
Q9BUT1,17.217866787913657,24.64171324795522
Q9BV20,14.832466950524237,23.03411600177443
Q9BV38,17.722051388875347,25.09882444555171
Q9BV44,15.246855729614472,23.34632458680005
Q9BV57,14.77422772158055,25.289498334643092
Q9BV73,12.33365924338666,15.858741972325996
Q9BVA0,14.233360253341885,20.685952551760824
Q9BVC3,13.179872788987973,20.818995187545482
Q9BVC5,16.160405102449026,21.88968071267172
Q9BVC6,15.496487614471569,24.910677799613893
Q9BVG4,16.905837879048157,24.91277794206572
Q9BVG9,12.51538180808663,20.506325200952983
Q9BVI4,16.19363824254299,23.718555545150814
Q9BVJ6,16.044474612528735,23.766235688871276
Q9BVJ7,15.873930159965013,23.801535362581433
Q9BVK2,13.739666612419729,21.556706835708237
Q9BVK6,17.10308156224758,25.362200216360865
Q9BVL2,17.72202349393791,24.51664085667804
Q9BVM2,16.28079872098902,23.839307460620734
Q9BVP2,16.794939879136397,25.058524371222084
Q9BVQ7,14.284885183763533,20.970828531128948
Q9BVS4,14.301644661277155,21.941003318326153
Q9BVS5,14.490116633934429,19.460271011074724
Q9BVT8,16.080129485771153,24.823173136405206
Q9BW19,15.01929495384603,22.681708851031946
Q9BW27,16.404730155283907,24.901788634014956
Q9BW30,17.59391593550971,23.486344150023704
Q9BW61,14.817290119850181,26.674314104785065
Q9BW66,15.765527989176391,20.22240986071855
Q9BW71,14.091097818740868,22.068060446712696
Q9BW85,12.950855928294825,20.87902099747908
Q9BW91,14.913475582176602,23.557503875414753
Q9BW92,15.552000857361378,22.692319382649767
Q9BWD1,16.862829217731424,24.663453222043305
Q9BWF3,12.703311627032647,24.16229665871611
Q9BWH6,13.537538354188628,21.446580172078157
Q9BWJ5,17.97480584178485,26.50472147526407
Q9BWM7,16.22755503413215,25.235075975387687
Q9BWP8,16.171790694962617,24.848966429098393
Q9BWS9,17.169300210624826,24.592314228502975
Q9BWT3,11.551515091243006,18.157075857658057
Q9BWT6,15.205131779245301,21.74628304259608
Q9BWU0,15.605195770338906,22.1427535690614
Q9BWW4,10.372915503113271,21.383996278044073
Q9BX40,15.569031192656427,24.528323893151292
Q9BX67,13.677874583516713,23.15746351501088
Q9BX68,17.44436764778633,24.583687003600346
Q9BX79,15.404885304932094,24.638002577966574
Q9BXB4,13.55570199957534,21.783928234889437
Q9BXF6,14.037821323357813,18.824511222117128
Q9BXJ9,17.005482795325538,24.371960589847003
Q9BXK5,14.004619557075587,21.879828992464052
Q9BXP5,17.366265408458833,25.580232301735236
Q9BXR0,14.119184483077257,22.341320643204522
Q9BXS5,16.19277112285247,24.884176985787207
Q9BXS6,15.317087885496282,23.145395513028785
Q9BXW7,16.548553271563435,24.682399045565354
Q9BXW9,14.665346412631711,20.77839344297361
Q9BXY0,16.88196736982607,24.62913124713233
Q9BY32,17.222703656312216,26.065157863117708
Q9BY41,13.527164882383424,20.64152640749755
Q9BY43,15.330430150379291,23.73430923427703
Q9BY44,17.661324529009438,25.85404707907012
Q9BY67,16.42295060907072,23.631859148423356
Q9BY77,17.078542044144076,24.54707258490322
Q9BY89,10.563496518011805,17.476277362175974
Q9BYC5,14.247144746031857,21.13481201901228
Q9BYC9,14.214952646465878,23.69379445297036
Q9BYD1,16.30330346923524,24.01634177120885
Q9BYD2,15.856205822038593,23.849834454893777
Q9BYD3,16.605887245942192,24.50615323098633
Q9BYD6,18.030286475785097,24.08607411121445
Q9BYG3,16.053335045535896,23.893399428286205
Q9BYJ9,14.500243388314091,22.736774926514414
Q9BYK8,10.551096063890604,16.72488869676886
Q9BYM8,12.799220563099592,20.69506613050552
Q9BYN0,14.631534994028048,21.187136777730736
Q9BYN8,15.754033363534834,23.506112750917342
Q9BYP7,9.56007422366466,16.772473111152966
Q9BYT8,16.351842165621022,24.057481846406986
Q9BYV8,14.308777199970683,22.00675401838912
Q9BYV9,11.68766548736089,19.171361950341954
Q9BYW2,12.929297094957988,19.03762247508232
Q9BZ29,12.37927720801084,16.850294156482363
Q9BZ95,14.851080562899647,23.729798530048015
Q9BZC7,11.455502884461284,20.307799572619473
Q9BZD4,16.067236111757392,22.864017694941197
Q9BZE1,15.934012240206068,23.208954912596834
Q9BZE4,17.07994081571602,24.94548805269463
Q9BZE9,15.802408432703539,25.003836914009728
Q9BZF1,15.513965489359858,23.182004802943247
Q9BZF3,11.528318953504877,19.611395166787716
Q9BZF9,15.81144473396723,21.2079797540974
Q9BZG8,10.51017549945457,20.29994983875731
Q9BZH6,15.724036526167255,21.41245182680162
Q9BZJ0,16.853997498717096,24.114732049083322
Q9BZK7,15.320976212979152,24.08131851732115
Q9BZL1,15.590462858302237,24.855163470851146
Q9BZL4,12.837280416177501,20.891649197212985
Q9BZL6,13.94857424683274,20.946404896870053
Q9BZQ6,14.938383378853947,21.39922446932969
Q9BZQ8,15.358137865359945,21.432878168276822
Q9BZV1,13.797740613842683,20.995396635421358
Q9BZX2,15.21050325955398,24.7537999307116
Q9BZZ5,17.029097357141353,26.198619937713286
Q9C004,15.026122866859012,23.493967033390533
Q9C037,15.023017904762906,20.087023034465567
Q9C040,15.720362455975046,23.196328952246432
Q9C0B0,15.07463790401868,20.36418212837747
Q9C0B1,16.67038907761659,24.513454671550196
Q9C0B5,13.386692223154812,21.017568944327863
Q9C0B7,12.66532799596221,18.782961960274505
Q9C0C2,14.753113314958417,22.715373600128792
Q9C0C4,12.51961876733232,22.298570426801067
Q9C0C7,11.735212778157113,17.779476375344476
Q9C0C9,16.420576513137735,24.121418901581176
Q9C0D3,13.471445321098148,20.296242502560535
Q9C0D5,13.151277224634839,21.360952271663706
Q9C0E2,13.502331087186127,20.36241641638088
Q9C0E8,17.79673661749893,24.789300131848123
Q9C0F1,16.102830448729694,22.580863611049175
Q9C0H9,13.430275643796378,19.308444473291996
Q9C0J8,15.204163323717191,23.360589252487287
Q9GZL7,17.03336056608927,25.87564933060804
Q9GZM5,15.181972807897164,21.86101163110883
Q9GZN1,12.378265454332821,20.30072769199212
Q9GZN8,14.784176149469921,23.596142175764452
Q9GZP4,15.457857555520736,22.638179694489498
Q9GZP9,11.469743555192444,22.099599649678506
Q9GZQ3,15.447017615601004,21.832121079794202
Q9GZR2,16.270814833940914,19.853358177118935
Q9GZR7,15.796239457955162,22.830843704707632
Q9GZS1,16.67436343915063,23.066628577798415
Q9GZS3,17.5892996014036,25.43419474705936
Q9GZT3,19.395050824350687,27.80136032811234
Q9GZT4,14.406794852486488,22.49561707855791
Q9GZT8,15.904119928829953,24.168178282338705
Q9GZT9,14.736697211244797,22.76414429484326
Q9GZU1,6.4982604204449235,19.029738557822725
Q9GZU8,15.927199550785271,23.870895304606833
Q9GZY8,13.670897582701341,21.932415691744087
Q9GZZ1,17.39970780771127,25.792281900094974
Q9GZZ9,16.541497909586283,24.546037551590672
Q9H000,13.96045770113011,21.099003855034802
Q9H074,15.983942003318736,23.792285402953
Q9H078,16.793391612856322,24.440042493025537
Q9H081,14.081005262237309,21.885372040872333
Q9H082,16.29505242732914,21.64002768781818
Q9H089,14.934032719835526,22.779378559066338
Q9H098,13.36948522772421,23.600796498507222
Q9H0A0,16.072788890347002,24.50782859415452
Q9H0A8,14.659336759807083,22.350570507585136
Q9H0B6,15.94930963445218,24.19198476890545
Q9H0C8,16.39026747686959,23.99804895702115
Q9H0D6,17.24831374891462,25.33735942198994
Q9H0E2,15.460852065964822,24.492772097241275
Q9H0E3,15.609064482404232,23.36231599185119
Q9H0E9,14.459992420145594,21.629168789435095
Q9H0F7,15.598529441451268,22.487865174689
Q9H0H0,13.554328164874153,20.845483723097626
Q9H0H5,16.15890294084988,22.69625721188699
Q9H0K1,12.364207171050833,19.916381843574737
Q9H0L4,14.583260641097652,22.1037938461132
Q9H0P0,16.49737554198333,23.827943533299496
Q9H0R4,16.86727074728235,22.981071333064488
Q9H0R6,14.242575943345132,25.873751891831304
Q9H0S4,16.739030204213588,25.46518008962584
Q9H0U3,15.937940414287068,23.164854869923886
Q9H0U4,16.02067070485295,23.995859946430265
Q9H0U6,15.578091919678943,24.674128151925544
Q9H0U9,10.434739262659155,20.818369767933223
Q9H0V9,15.672405153570487,23.092728989528144
Q9H0W8,12.209904983020696,21.564301892998426
Q9H0W9,12.018149000887584,22.655065034442483
Q9H0X4,16.41497448824516,23.665983153426946
Q9H115,14.31757848355737,20.471244339252483
Q9H147,14.930311515243131,20.08765933322239
Q9H173,12.61184822368608,22.475038417602377
Q9H1A3,14.964038920849497,21.374964604398976
Q9H1A4,13.71184796141077,20.53147626357283
Q9H1B7,14.999303281058287,22.755031039288895
Q9H1D9,12.098053655945881,22.845110555796897
Q9H1E3,19.129157504251314,25.605148325397966
Q9H1E5,15.65980941338204,23.8592453476361
Q9H1I8,14.384790831367079,22.71037846378866
Q9H1K0,12.428322002991562,19.05537602805093
Q9H1Y0,14.709881452309839,22.25035952985153
Q9H1Z4,12.734605393597459,27.15046523719108
Q9H223,14.870065345693298,23.987685899224147
Q9H267,16.164998599855558,22.442132827321707
Q9H269,13.38356249297685,22.275089868306406
Q9H270,13.557064951120587,19.80939737035102
Q9H299,18.911627089862343,26.732366196008677
Q9H2D1,12.25318269961005,19.238186042823013
Q9H2D6,12.990583699867916,19.82037837752058
Q9H2G2,15.559268585739723,25.17149605925349
Q9H2H8,15.83243505559871,24.647233649805703
Q9H2J4,16.47656341483067,24.6718162387393
Q9H2K8,14.381091513688867,20.44171912117194
Q9H2M9,16.679183044975186,23.968721190766193
Q9H2P0,16.698380742684495,24.510839139800424
Q9H2P9,14.22050680273215,24.616998183398415
Q9H2U1,15.876829444597206,23.185629680892326
Q9H2U2,17.7923800145373,25.53360063535873
Q9H2V7,13.699872423289637,21.588388451705345
Q9H2W6,15.54840817583921,23.562017507980094
Q9H2Y7,11.699570115903153,18.664545865592952
Q9H307,17.977034195274133,25.851955300043713
Q9H330,14.344999028007798,20.006644465232093
Q9H334,14.70521493234407,21.346266125739724
Q9H336,9.428469516515571,20.064929940910876
Q9H3F6,10.225279750672039,20.650873079720213
Q9H3G5,15.429239393830384,23.31491504288065
Q9H3H3,14.893733122536522,20.389030915934075
Q9H3K2,15.386530302118455,22.980453776889004
Q9H3K6,19.850705466330083,27.994580864976005
Q9H3L0,13.207200747782773,19.648240536192187
Q9H3N1,17.79978442554004,26.876127626649854
Q9H3P2,15.678903411490449,24.02178577690334
Q9H3P7,16.94178852763958,25.263797860678157
Q9H3Q1,14.88396905729771,22.143034571700955
Q9H3R5,16.394113419393655,22.434898645175892
Q9H3S7,15.34446795561126,22.547244763967853
Q9H3U1,15.870219985935405,23.92907870638221
Q9H3Z4,18.12535121746875,24.81353569223125
Q9H410,15.526831782027896,21.506708364845778
Q9H425,13.90546880333405,22.09918244674093
Q9H444,17.60934806198778,25.213510276847604
Q9H446,14.123045784345836,23.785711316448324
Q9H467,15.234401722711123,23.126531244896384
Q9H479,13.720108817955873,21.489808909836945
Q9H488,16.97870620026659,24.84922208529915
Q9H490,13.228559091328808,21.24596358041476
Q9H497,13.068933332211902,25.539834861130107
Q9H4A3,15.197818324798975,22.39984089004871
Q9H4A4,17.27852263944856,24.652295374621133
Q9H4A5,14.9957391385568,21.588852715408123
Q9H4G0,14.164854702002334,19.43695057143599
Q9H4H8,13.855192419330525,22.53074443650383
Q9H4I2,12.02686969593789,24.38033005908
Q9H4L4,15.96729282397735,24.745012132962767
Q9H4L5,14.807788551453042,22.217164338468717
Q9H4L7,13.533599686138189,21.701153537888942
Q9H4M9,16.210993636098973,25.591520552625862
Q9H4Z3,12.592607287275648,19.515987835532318
Q9H501,16.012580356565607,24.12196424333091
Q9H553,14.546392546595122,20.53403822969452
Q9H582,13.180811724237937,18.136993829028256
Q9H583,16.557797567477653,23.682069773962127
Q9H5H4,12.324131447976349,20.732121896987692
Q9H5I1,12.236868995883402,19.619290986017614
Q9H5K3,15.82778194907002,22.378648449586283
Q9H5N1,14.894612574956417,21.597248499323033
Q9H5Q4,15.652343695012105,24.78513321931879
Q9H5V9,16.098168868279398,22.972314473380315
Q9H5Z1,14.252601933036964,21.638954091838013
Q9H6D7,12.373718828078035,22.759532506396177
Q9H6E4,15.510613785708351,21.377899398696616
Q9H6E5,13.341931072127688,18.88739541334793
Q9H6F5,16.41964766697506,23.68701499269233
Q9H6H4,13.977845929520553,22.219719399979226
Q9H6K5,14.388981200824281,23.248750230024804
Q9H6R0,13.872523246303706,20.52814702154217
Q9H6R4,15.574490787272728,23.474004158725748
Q9H6S0,13.339619248841565,20.26730143781973
Q9H6S3,12.424754788459522,19.127140164223167
Q9H6T3,15.889740472495772,23.705204778363466
Q9H6U6,13.150068360822138,19.003560108205118
Q9H6U8,11.283676049736679,20.80426050432943
Q9H6V9,15.71800983725623,24.520705201222416
Q9H6W3,15.20707342587525,23.428056030279762
Q9H6X2,13.186844560731615,23.028219216115577
Q9H6Y2,15.048046709126348,21.90523415642903
Q9H6Z4,15.260999871176848,24.986331824903132
Q9H706,13.642449149450615,19.949843320333013
Q9H773,16.733170549446523,25.5932522434209
Q9H788,13.375114791917625,21.925636092787236
Q9H792,11.183534903768624,18.218883655085524
Q9H7B2,17.507332639245178,23.553563910192032
Q9H7B4,15.339561440073009,22.558996343413558
Q9H7C9,16.300388330512956,23.180500456273915
Q9H7D0,12.380585305432222,17.627292193487268
Q9H7D7,15.486710815448559,23.466219456647153
Q9H7E2,13.825652461734544,19.660509640635386
Q9H7L9,16.289468770365307,22.48216708750252
Q9H7N4,15.795727905522822,22.16340594691544
Q9H7X7,13.602301640526147,22.522042553515064
Q9H7Z3,11.355470199722125,18.300393160339496
Q9H7Z6,15.728088438744566,23.64303312399443
Q9H7Z7,15.864255059227142,23.502621370772022
Q9H813,13.579539632261945,22.799113605342193
Q9H814,15.961550169471991,23.264567733291518
Q9H832,16.30651975043742,25.217812114930492
Q9H845,15.628016404135277,24.27716006976056
Q9H857,16.61548789411657,24.148592613726823
Q9H871,14.841344234916022,20.797427496204797
Q9H875,16.441062633788253,23.291744339449913
Q9H8G2,16.424710026418268,22.969819958341454
Q9H8H0,16.445051638345756,24.412955052072988
Q9H8H2,14.791549729560602,20.06625266314938
Q9H8H3,12.978294449575941,23.77480931993853
Q9H8K7,13.175945851368217,20.466464717852663
Q9H8M2,15.543196383269166,20.087170061851523
Q9H8Y5,13.808628393252427,20.713391461318007
Q9H8Y8,17.885092713477356,24.82597519456285
Q9H900,14.169784604513083,21.578231033936568
Q9H910,16.873487078486058,26.198060217373342
Q9H944,12.52875868654984,22.762962927911772
Q9H967,12.901151129938448,20.924226330946595
Q9H974,12.89254570539815,20.898278549148824
Q9H981,14.57410874909961,20.38856601406644
Q9H993,17.320499175412557,21.474998697446615
Q9H9A5,14.453057120728628,22.13289268825609
Q9H9A6,15.485228944047583,24.146831312301426
Q9H9B1,15.192995776424196,22.40962400438558
Q9H9B4,17.00871666868382,27.335837962183707
Q9H9C1,15.874500230878287,21.733140990982765
Q9H9E3,14.93183082169192,22.20090363532565
Q9H9F9,13.230164123897925,20.30415546010826
Q9H9G7,11.476073126741413,18.39238972866095
Q9H9H4,13.023417589875976,20.760779833852833
Q9H9J2,15.214037076979873,23.507628741109254
Q9H9J4,12.777822957238168,18.09084767327638
Q9H9L3,14.658218178412499,20.945938979571068
Q9H9P8,13.653669127063182,20.288129799034436
Q9H9Q2,16.690955076524602,24.732434827532902
Q9H9S3,12.459767554033029,21.963516427837423
Q9H9T3,12.081445400481021,22.88282538608821
Q9H9Y6,14.38298521764967,24.077948694087628
Q9HA64,15.18363603444941,24.9560107540973
Q9HA65,12.538449696032604,20.717396218371306
Q9HA77,13.16929393482871,19.80016747452932
Q9HAB8,15.171249568360086,22.342900651117148
Q9HAF1,14.79918329348467,24.89842588590554
Q9HAN9,14.105342138285405,23.112264658654784
Q9HAS0,13.617704963305368,21.035776051823156
Q9HAT2,13.910199281185596,20.43989507412705
Q9HAU0,14.168613471001168,20.85241899499308
Q9HAU5,14.489292902508328,20.66736240554886
Q9HAV4,16.335548776574143,24.001658371166158
Q9HAV7,18.9716700602381,25.07186373766736
Q9HAW4,12.075444391382026,18.512199664788707
Q9HB07,15.817208899808096,25.80829275304844
Q9HB09,13.950442498601484,21.00596910506592
Q9HB19,14.544284488651712,21.071744340513103
Q9HB40,16.77997150071262,23.911816107935568
Q9HB58,11.540286505091403,19.99645812010563
Q9HB71,18.533165934737298,28.373850364281758
Q9HB90,13.716215469015973,21.280720988916073
Q9HBE1,12.567048327185084,20.234232714353265
Q9HBF4,14.12644126070863,19.998185025794157
Q9HBH5,15.38859526046109,22.31740412930031
Q9HBI1,15.436342321098618,20.770924435922545
Q9HBK9,16.58767653480621,23.000359544458025
Q9HBL0,11.763271549178407,18.93235023749479
Q9HBL7,15.632731920673525,25.543027282406193
Q9HBL8,14.204756441025324,19.37485576520836
Q9HBM0,12.272464285966972,19.412322928024345
Q9HBM1,14.469065648538637,23.230815358839024
Q9HBM6,15.542803302885453,20.559931262545188
Q9HBR0,14.104307283026138,21.22778899793788
Q9HC07,15.703432346574235,24.72992650130033
Q9HC35,17.903336101763916,26.645035126744745
Q9HC36,14.407458055647275,22.394108249942875
Q9HC38,18.244737719947207,25.809876623742465
Q9HC52,17.566214567426204,24.437349768779537
Q9HCC0,15.564129457501318,23.389339258582766
Q9HCD5,16.791754261659985,24.52708297122916
Q9HCD6,13.202175220397764,19.0330342391137
Q9HCE0,11.40113542722579,18.477873984783734
Q9HCE1,15.534714624246845,22.637563195748815
Q9HCE3,12.458366206439647,17.666423518747525
Q9HCG8,15.471679705886762,21.947495151099734
Q9HCJ0,12.783219265607901,18.41418268824168
Q9HCJ3,11.906627302003129,19.691684144137614
Q9HCJ6,14.017054651874574,20.987783204314525
Q9HCK1,12.219798782992898,17.599697109512864
Q9HCK8,13.438153759909458,21.106257662489554
Q9HCM3,12.933681106505311,20.48816592935593
Q9HCM4,15.533582133328599,22.93231415160374
Q9HCN4,11.36323601056493,22.18203507865306
Q9HCN8,17.188472220686453,23.141920415136454
Q9HCS7,15.763657808281112,23.778661887895687
Q9HCU5,16.02829641908489,23.528278473055337
Q9HCU9,14.069849214817339,21.569204780580883
Q9HD15,15.849059479653494,24.329992613414085
Q9HD20,16.279649895200635,24.55082809229185
Q9HD26,15.254027109128662,21.663801026688603
Q9HD33,15.964570995016313,24.039877389805074
Q9HD34,16.683337096708335,23.82786355048075
Q9HD42,17.70030954121627,25.37373136148545
Q9HD45,15.86592197089253,24.066552489685403
Q9HD47,12.989472304537768,21.498565287994253
Q9HDC9,17.673099927807606,26.623840858178383
Q9NNW5,13.514496447246827,21.51366583230463
Q9NP50,13.077426275477627,20.173927785719528
Q9NP58,13.433502305727028,21.002871138814648
Q9NP61,14.598630785844259,20.901834664433117
Q9NP64,15.721554984983548,21.72618216941389
Q9NP66,16.138113453555583,24.724289838819054
Q9NP72,18.035241235716448,26.332416406495916
Q9NP77,16.315237112550225,23.685442331437006
Q9NP79,17.552935802828607,26.350813512678382
Q9NP80,12.977429141431758,19.924590532258012
Q9NP81,15.729718203301887,23.26460952348861
Q9NP92,14.247662656416374,22.09919448842415
Q9NP97,16.069328292963494,25.077323251467
Q9NPA0,16.98614078908341,24.745235981917823
Q9NPA8,18.94582812702425,26.29654223914877
Q9NPD3,16.51048440420179,24.817873572602867
Q9NPD8,17.133033562565533,26.02484854400509
Q9NPE3,15.255652694176222,25.758174932735404
Q9NPF4,14.428832738846422,23.086000045047335
Q9NPF5,15.998731031527662,22.671645824443107
Q9NPG3,9.529775044756766,16.839361689069058
Q9NPH2,16.487448963728923,25.151672403946904
Q9NPI1,15.338402274418899,22.795656817916335
Q9NPI6,15.723919754971996,23.42406639392312
Q9NPJ3,16.69086889152339,26.076466255871516
Q9NPJ6,14.910925892512086,22.87149199135395
Q9NPL8,14.837241501372796,22.909323164446036
Q9NPQ8,15.882214119017783,24.2152414774921
Q9NQ29,16.634393094755847,23.189751110733017
Q9NQ48,16.982272099255688,22.49897672134411
Q9NQ50,14.68731383826369,24.582523388533097
Q9NQ55,15.62543725765402,22.02140925472064
Q9NQ66,12.496631403942716,19.68754618631999
Q9NQ88,15.529966880838444,23.667960294704752
Q9NQC3,15.907172660190808,26.442638469564642
Q9NQC7,13.15053020173245,19.267590980048958
Q9NQG5,16.399094630609838,25.070378047628072
Q9NQH7,12.643310285666194,21.010191496600786
Q9NQP4,17.522360502641334,26.960662614086246
Q9NQR4,16.27437191428707,24.678912939331955
Q9NQS3,14.015586969487636,21.444116821742497
Q9NQS7,14.577736825317823,22.710415973620947
Q9NQT4,16.98061688179125,24.20959805930725
Q9NQT5,16.628991731552805,24.31485675273501
Q9NQT8,13.509242679166874,21.08160676762192
Q9NQW6,15.53459930160452,22.140376951105765
Q9NQW7,16.991354511129856,24.744433896437087
Q9NQX3,14.549448308321285,23.025457541375047
Q9NQX7,14.656020646105825,22.298278900846714
Q9NQZ2,16.454849411154793,22.799511277868746
Q9NR09,13.675361741661002,20.49409540050985
Q9NR12,16.59133504515037,25.35378821963313
Q9NR19,15.382950682787328,22.05356018950522
Q9NR28,17.626567253415352,26.113318822146038
Q9NR30,17.492839807624645,26.831466374770326
Q9NR45,17.26541059001739,24.75995780596253
Q9NR46,16.343421438015756,24.272883958372518
Q9NR50,15.01447300817076,23.503213528022716
Q9NRA8,13.31472365393986,19.85716031716648
Q9NRF8,15.59647700135902,22.377034243866923
Q9NRG0,15.325637955353963,24.011989885311124
Q9NRG9,15.694802391308775,24.480525919109002
Q9NRL2,15.621681066654128,22.061404674289268
Q9NRL3,15.874498016103571,23.22420283435232
Q9NRN7,18.265959484287862,24.945957944203617
Q9NRR4,12.58430903527494,18.92972377794875
Q9NRR5,16.907105347431173,25.27157399493194
Q9NRS6,14.069563494686774,20.725860390678992
Q9NRV9,14.329209935067977,23.970548037837744
Q9NRW1,16.008763417292336,22.673559850534073
Q9NRW7,15.919761210228089,24.51364806564035
Q9NRX1,16.62742383360374,23.922788547561705
Q9NRX2,15.965949370162205,24.265794072894423
Q9NRX4,17.382914385321723,26.27315399406325
Q9NRY4,15.375099605699447,21.802013052457585
Q9NRY5,14.806388629099143,22.5913364943609
Q9NRZ5,14.006273684401679,20.18682239381698
Q9NRZ7,15.346340432450809,21.218171646322798
Q9NRZ9,16.59733983346869,23.39932773194579
Q9NS00,14.59776364044784,20.85382256373051
Q9NS69,16.15737336068596,25.184673216967358
Q9NS73,13.220437657762297,20.34050021404246
Q9NS86,15.199095816610894,23.073051671775367
Q9NS87,14.427886897585458,20.567888365468654
Q9NS91,13.485832303282136,20.456595058133654
Q9NSC5,14.823775097743738,21.166923027044742
Q9NSD9,16.68545942244512,25.13229081749444
Q9NSE4,16.96160895118322,25.455493663097375
Q9NSI2,16.008782048545196,24.140812079047375
Q9NSK0,15.076076153807549,21.636379507933714
Q9NSV4,13.684032084216227,18.006085809412223
Q9NT62,17.276540361502974,24.116887092198887
Q9NT99,12.635117176954864,21.818322100003112
Q9NTI5,17.045748665046926,24.162729041302978
Q9NTJ3,17.321446917516997,25.514321913320536
Q9NTJ5,16.92746958551983,24.25954912305735
Q9NTK5,18.259128461273843,26.507365876282595
Q9NTX5,15.870709713903343,25.134105226272286
Q9NTZ6,17.68603144786685,25.65475363273186
Q9NU22,14.542212689277587,21.214288495994246
Q9NUD5,14.705581435986003,22.224355102991925
Q9NUG6,15.05527438472515,23.548828844692967
Q9NUI1,13.736038974707489,21.557736172210877
Q9NUJ1,15.948998739375483,24.5377473418582
Q9NUJ3,13.432682410634214,21.16715253402277
Q9NUL3,15.119164198235518,23.43556980467007
Q9NUM4,11.938993989503976,21.18274966952798
Q9NUP9,16.655759057022134,24.227411190222277
Q9NUQ2,13.302836580832569,22.138463450119197
Q9NUQ3,15.807147559997633,22.505109655380892
Q9NUQ6,14.791523019313644,21.883784818754577
Q9NUQ7,14.727895196494861,23.55629341454402
Q9NUQ8,15.130324097556052,22.217750892292536
Q9NUQ9,14.766793746995715,24.746468420714038
Q9NUT2,13.5240051810517,18.61168854865076
Q9NUU6,13.35372707429818,20.86696964424265
Q9NUY8,15.39767459739901,21.87190630841084
Q9NV06,16.876758944196006,25.797205976889714
Q9NV31,17.4063470535868,25.303729265667048
Q9NV35,14.97573737983247,22.435501643017503
Q9NV56,13.263911513239742,22.732843961010996
Q9NV70,16.37223060720389,22.267321633591312
Q9NV88,15.322852450304458,22.09712127945131
Q9NV96,15.145766247203614,20.902211406308343
Q9NVA1,14.005935485699917,20.76987891525986
Q9NVA2,14.915579847517836,25.43958673066895
Q9NVC6,15.278428040064393,22.68189699976487
Q9NVD7,16.393468579978574,21.17199442098154
Q9NVE7,15.180331870752825,20.657447814793198
Q9NVG8,14.68803601180874,21.99602219825965
Q9NVH0,14.176589453881354,20.3670824178178
Q9NVH1,15.96247587519751,23.641256260467472
Q9NVH2,12.89965650298817,21.779976251523383
Q9NVH6,11.880695266779739,18.496049282531345
Q9NVI1,15.562150341219867,23.171687123236673
Q9NVI7,13.892290037573671,24.04442499549773
Q9NVJ2,13.168169092666979,23.54827325250698
Q9NVM6,15.028128956432498,22.5072283637031
Q9NVM9,15.573205174968145,22.484873581220874
Q9NVN8,14.605879864347099,21.000482725115294
Q9NVP1,18.11405756248019,26.287775265071723
Q9NVP2,14.879212718904364,22.70157901043137
Q9NVR2,14.798552094850303,22.18417837416533
Q9NVR5,12.064299391499535,17.32636476884397
Q9NVS9,13.68761466027389,25.29700520150704
Q9NVT9,16.372108835823383,23.765728141509392
Q9NVU0,14.286066082964098,23.281870438225823
Q9NVU7,16.193221238676056,22.2352541983755
Q9NVV4,14.382617994371689,19.463125820865375
Q9NVX0,14.081746128061376,21.655875860111895
Q9NVX2,13.941497662857836,20.261650084137322
Q9NVZ3,16.88131729830615,24.10922239363897
Q9NW08,13.931440516415634,18.4299403226411
Q9NW13,15.985157835749815,23.096694834688137
Q9NW15,14.409578325261252,21.19992717197461
Q9NW64,17.105272933124066,25.192972515780824
Q9NW68,13.210694683778629,21.435532658842757
Q9NW82,14.056470518728416,22.50814769438722
Q9NWH9,16.73934552589654,24.11453043245028
Q9NWK9,13.867821726171687,21.22594817501988
Q9NWM8,16.627896016062103,23.288294130456087
Q9NWS0,15.411190634744912,23.30187716447236
Q9NWS8,14.01693986021911,21.03223463237734
Q9NWT1,16.944279412177895,24.38402549970907
Q9NWT6,16.753632414601153,22.5181596886408
Q9NWU1,14.360699995842324,21.088114043140823
Q9NWU2,15.862644872528262,23.915310174665688
Q9NWU5,15.332797531061045,24.378341380151355
Q9NWV4,17.46174092272406,24.886793893657508
Q9NWV8,14.906762576555092,23.384008938042673
Q9NWY4,16.8984331399058,23.584874829146752
Q9NWZ3,13.65796777265355,19.592808567333982
Q9NWZ5,13.269867560600149,18.687348783820294
Q9NX05,13.802148823331802,20.385270291751866
Q9NX14,16.986035932829587,24.650905193539597
Q9NX20,14.608368717897287,24.270853299057325
Q9NX24,16.354166774428553,26.099958354536714
Q9NX40,14.979784094888151,24.8865252038419
Q9NX46,16.742740178351372,25.05869304014067
Q9NX47,14.002539995772963,23.68650609740667
Q9NX55,15.52730191877397,24.050658954987362
Q9NX58,17.51509469009443,23.810897604497523
Q9NX62,15.569199094497158,22.618774442301916
Q9NX63,17.812912064624165,26.378714004652746
Q9NX70,15.08070629011281,23.290020394226183
Q9NX74,14.440945073310786,19.501564804805685
Q9NXA8,13.613432083891995,21.760040384269292
Q9NXC5,13.349256776623669,21.290489826971275
Q9NXE4,14.590999867748216,21.864491762112007
Q9NXE8,11.324099146781743,22.995520040674993
Q9NXF1,15.687503350141553,23.475459469443788
Q9NXG2,16.491520648335232,23.444875894243225
Q9NXH9,13.509956869963078,20.91185410413158
Q9NXN4,15.736215120342793,19.58647646373902
Q9NXR1,13.8967955407997,21.7041892069479
Q9NXR7,15.558542677501551,22.50886469352659
Q9NXR8,13.95985576230389,20.98735382498616
Q9NXV2,13.512905237606244,21.964281722452263
Q9NXV6,16.11180673145139,22.58736129716791
Q9NXW2,13.448705132985795,21.546798605856814
Q9NXX6,14.943784132887798,21.931572863053024
Q9NY12,16.140313055708575,25.63205542650338
Q9NY27,15.269330900814508,22.985768303612243
Q9NY33,16.522686444683238,24.680924140513422
Q9NY35,15.026864483732489,22.36171844388144
Q9NY47,15.038201076643107,22.696602688914375
Q9NY61,16.248173701927946,23.979557380984538
Q9NY93,16.86905967748078,23.197699265441297
Q9NYB0,16.122066443957426,24.34634130772099
Q9NYB9,14.58790964889719,23.966312763156893
Q9NYF8,17.67468472407357,26.5936506475472
Q9NYH9,17.25337099811922,23.095363234361884
Q9NYI0,13.833278864419636,19.740007227574694
Q9NYJ8,12.324809068162688,20.267285499693752
Q9NYK5,16.78765485372523,23.643112075735374
Q9NYL9,16.70723070628951,24.82315342429094
Q9NYS0,14.162290431961546,21.295816008464584
Q9NYU1,12.580752967393988,18.89128898505713
Q9NYU2,17.615777827071287,25.623420005542698
Q9NYV4,14.076086189388125,20.40589879473016
Q9NYV6,9.559659372134671,18.276661919377734
Q9NYY8,15.109901125459672,22.021010945198686
Q9NYZ3,13.865229992284128,19.94652644649714
Q9NZ01,17.570716928778104,26.535589839742332
Q9NZ08,14.76714441757444,22.77402663396921
Q9NZ32,14.264999631005566,21.983710830946134
Q9NZ43,13.630747755154916,21.93216876589506
Q9NZ45,19.14774311515722,26.234225617116106
Q9NZ52,13.078528951174036,19.770431304130124
Q9NZ53,10.272436414174999,19.886347914406397
Q9NZ63,16.58879786327908,22.86903078774437
Q9NZB2,15.412007220279415,23.565952620203618
Q9NZC9,13.656517755009682,20.125938583870397
Q9NZD8,14.93890775079597,22.581071111847
Q9NZI7,12.944874704360894,21.377903455147777
Q9NZI8,15.666699306834309,22.007836024295443
Q9NZJ4,12.80205844552845,18.960896182012494
Q9NZJ5,14.474698433937842,18.800133656439492
Q9NZL4,16.690099187353173,24.990741858763034
Q9NZL9,16.83990343843587,26.030614760357057
Q9NZM1,13.98129056093724,20.095772528573274
Q9NZM3,14.208150674719581,20.384554392285757
Q9NZM5,17.08396339691441,23.085089738283237
Q9NZN3,14.889883631747267,22.5794173796475
Q9NZN4,14.155831353267747,22.420573012463525
Q9NZN5,13.932589984924945,21.20603200689715
Q9NZN8,14.899811578164798,23.11004485122809
Q9NZQ3,11.591989013832134,20.071126786967866
Q9NZR1,16.78749235070193,25.38803305632471
Q9NZT2,14.082941500841924,23.02971118948024
Q9NZU5,15.655254611898425,24.15680363632496
Q9NZV5,11.097209289334472,20.41490562555433
Q9NZW5,17.106984872986878,24.914080536307413
Q9P000,11.729259149525996,22.76792279487856
Q9P013,18.163610887910455,23.93695957388163
Q9P015,16.057345078206694,22.798791424643888
Q9P016,17.74707891149913,25.17985630816691
Q9P032,15.423413094829051,24.96759227513069
Q9P035,17.00783559507732,26.430465773009487
Q9P0I2,16.006208956245363,23.807841263168385
Q9P0J0,15.45506781821935,24.936016365116956
Q9P0J1,14.346883263037304,21.383634657386818
Q9P0K1,14.385342126463133,21.20597412012013
Q9P0K7,14.243046772132544,22.23407940997996
Q9P0L0,18.331445658827313,26.013521937439524
Q9P0L2,11.701658978202678,18.380363354876756
Q9P0M6,18.594635353626238,27.277817967305904
Q9P0M9,18.000922460740885,24.112125632112004
Q9P0P0,14.971848723281699,23.446118278131276
Q9P0S2,16.64693918992043,22.658827301205438
Q9P0T7,11.793240959895417,23.564973738857425
Q9P0U3,13.544134925398993,20.941528802020102
Q9P0U4,12.74064879234591,21.443512685966674
Q9P0V3,14.711191288787607,19.197647084690217
Q9P0V9,15.610016752364313,23.489456555160956
Q9P0W2,15.910635023104708,21.785533549584258
Q9P1Y5,12.61133647537328,18.521259077069782
Q9P1Y6,12.974355634759725,21.220691987681178
Q9P1Z2,13.523981675037762,18.697126606066153
Q9P215,14.385084895716714,20.973087926464263
Q9P219,11.46858421861569,18.358224465709032
Q9P246,13.408167129868586,22.74028008161052
Q9P253,14.532715770055825,21.134135878316496
Q9P258,18.86792280366695,26.571446624604892
Q9P260,13.178232349021052,20.625802468252378
Q9P265,13.446613427591338,20.952700537438925
Q9P270,14.587652097560035,22.71444778316289
Q9P273,13.260890189504547,21.36757753394246
Q9P275,13.348003195708394,19.714302441063353
Q9P287,16.64819160356019,24.193474518846866
Q9P289,14.194909928591604,21.14011729214884
Q9P291,15.308633128474582,18.796929354725787
Q9P2B2,15.31331304119362,22.65566487950689
Q9P2B4,16.332860065464896,22.353660777753902
Q9P2D0,12.474998794218608,17.586487586400448
Q9P2D1,13.178341146431674,19.364235226167022
Q9P2D3,13.188448032776991,19.413018083194796
Q9P2E5,12.71775656258824,20.373569052083816
Q9P2E9,17.24792623079727,24.68555433364129
Q9P2I0,16.345131268568394,24.085254149582
Q9P2J5,17.53539606742499,26.243178666589316
Q9P2K3,15.249078558468995,22.770432855259834
Q9P2K5,17.353019680685097,26.63549869393511
Q9P2K8,12.89291357176172,17.59018714622886
Q9P2M7,13.88459277112857,19.633162945221336
Q9P2N4,11.50962672440012,20.418783549874917
Q9P2N5,15.07228395769841,23.474921939363618
Q9P2N6,13.651420512704727,20.150212614560402
Q9P2N7,12.227320677087578,21.593585388394942
Q9P2R3,14.526887473699436,22.182117702427824
Q9P2R6,13.218770517542303,21.178348219664823
Q9P2R7,17.496642250793297,24.3780409519745
Q9P2T1,16.163495266763647,22.7876226599873
Q9P2W1,15.997867871663033,21.598203296352175
Q9P2W9,15.283347155601172,22.250811526042707
Q9P2X3,13.247595101160334,20.344812511683077
Q9P2Y4,12.358203816166828,19.863691192063538
Q9UBB4,17.40818018851682,25.779290921742703
Q9UBB5,16.019410206449095,21.798812708652207
Q9UBB6,13.444484450685799,21.604589032121492
Q9UBB9,14.31458313574495,23.199570269171073
Q9UBC2,16.34402726903731,23.7299551482934
Q9UBD5,13.175988133711233,22.37828440305019
Q9UBE0,18.720749724498635,26.407745299330724
Q9UBF2,15.371268251179945,23.571368117702836
Q9UBF8,12.786877035834753,19.820272309408303
Q9UBG0,13.921807357404688,22.525094184243553
Q9UBH6,16.684859027632662,23.876963349866937
Q9UBI1,16.97065270588976,22.248463644198473
Q9UBJ2,14.999459736846362,22.916452752056067
Q9UBK9,16.080435713030024,22.962713619132376
Q9UBL3,16.26822392226704,24.095389521185368
Q9UBM7,13.789330947021469,23.197579468580063
Q9UBN7,13.526207347575685,19.66447915804213
Q9UBP0,15.00774968500852,21.439975637504872
Q9UBP6,14.326508730753245,23.254921897571247
Q9UBP9,15.447229667609621,23.725042634716985
Q9UBQ0,19.274911645788833,25.114193713803285
Q9UBQ5,16.061208877524226,25.153054190885065
Q9UBQ6,14.631135471388845,23.621307133730003
Q9UBQ7,17.05340298955336,25.04985226167508
Q9UBS4,18.039462068844472,26.023686371077318
Q9UBT2,18.198436139069127,26.429456931686993
Q9UBU6,12.855195728179707,21.685089110331095
Q9UBU8,14.497735032631967,23.50776257258201
Q9UBU9,16.02183452005709,24.411248045845287
Q9UBV2,14.621549551634192,22.223888655887638
Q9UBV8,14.53945331785136,24.68113287048093
Q9UBW7,14.36499448233095,22.74943927093376
Q9UBW8,15.221243861190077,24.607816792688023
Q9UBX3,16.579421390664205,24.61827428077351
Q9UDT6,14.668676550973526,22.026842571901522
Q9UDW1,14.930121802047717,23.408311015164717
Q9UDX5,14.798345619396134,23.145283067207515
Q9UDY2,16.595637628407726,23.321317386358213
Q9UDY4,15.397532785549828,21.520297523776534
Q9UDY8,12.443824355036163,28.041353267220487
Q9UEE9,16.635361250849122,24.391326418743468
Q9UEG4,12.596286039674219,19.68261174665536
Q9UER7,15.265846080949673,22.487936484064956
Q9UET6,14.799748748617782,22.07206449242385
Q9UEU0,15.393610216021326,22.7434697410829
Q9UEW8,15.632904307435162,23.37232189068635
Q9UEY8,17.218375011481086,25.70605573649469
Q9UFC0,15.531739405737985,23.30812534534514
Q9UFG5,13.45569305887623,22.547372764064622
Q9UFN0,14.645011734583077,23.863892336737493
Q9UFW8,17.650694029170023,24.826271437805048
Q9UG63,16.516647943678635,25.262798233850184
Q9UGI8,16.82852768134454,25.250389477615187
Q9UGJ1,13.14204384854264,20.70392978305763
Q9UGN5,13.282330797372019,20.68383485670473
Q9UGP4,12.51105235226528,20.006360082422386
Q9UGP8,17.028498964917596,25.011014481435467
Q9UGR2,11.465428314926454,18.864901256827398
Q9UGU0,12.998139103906395,20.49046204838064
Q9UGU5,13.562890228298699,19.819760953450366
Q9UGV2,16.08083455149722,24.489830194689517
Q9UH62,16.26997093915972,23.273779168803998
Q9UH65,16.086188459284873,23.637844602993795
Q9UH99,14.137606534414285,20.52301004218643
Q9UHA3,15.183267838179558,24.81507172199364
Q9UHA4,13.862630416541519,25.09980001533021
Q9UHB6,17.279962274632933,25.712523668195246
Q9UHB7,13.556187240554607,20.18971848812494
Q9UHB9,17.467194694512568,24.794557876913416
Q9UHD1,17.616599094768965,25.91985536829411
Q9UHD2,14.083793636027378,22.99463727289244
Q9UHD8,18.34794397602148,27.660791009408527
Q9UHD9,17.06180462389302,25.18238644711445
Q9UHF7,12.219341463456267,18.94163051610252
Q9UHG2,14.94188828218977,23.335811931625933
Q9UHG3,15.75686377193745,24.968490929120396
Q9UHI6,14.959187571935095,23.265293997935885
Q9UHJ6,14.40553777084578,21.797747384566094
Q9UHL4,15.749980387918171,23.32366514667954
Q9UHL9,11.310353590676398,23.95359466469858
Q9UHN1,11.038018837413537,22.013752249139458
Q9UHQ1,12.65474643288197,27.08843824606121
Q9UHQ4,16.574004470185596,21.967649846440278
Q9UHQ9,17.034079447585793,24.405202527353506
Q9UHR5,16.095590198586482,24.922377338109747
Q9UHR6,14.228455754447102,20.556949887091637
Q9UHV7,12.116775362919634,17.848303707965748
Q9UHV9,18.045478758707045,27.802890279743742
Q9UHX1,18.478411937342443,26.734029134410893
Q9UHY1,16.08283701629638,24.14309673289652
Q9UHY7,15.58885976704237,23.891795681516516
Q9UI08,13.167106835109655,22.878354628802384
Q9UI09,16.039562474636583,24.25212176209603
Q9UI10,15.362496348787248,23.837197813642184
Q9UI12,16.988284176112536,24.53811288679508
Q9UI14,15.785451804028236,23.64250236774727
Q9UI15,17.607085241306088,25.769913898013463
Q9UI26,14.211783421369232,21.105633818554928
Q9UI30,17.4899800248235,26.12473652945222
Q9UI42,12.102221216987031,19.711329278706454
Q9UI43,12.807205343306503,19.9378142658842
Q9UI95,15.865561500862238,23.104592195402674
Q9UIA9,15.73112326528301,23.30568794139341
Q9UIC8,14.344305848411807,21.983939431180858
Q9UID3,13.944031378289633,21.947222854517186
Q9UIF8,12.84929569020899,17.72888899799664
Q9UIF9,14.438368605329535,20.464883856648786
Q9UIG0,16.529541098466662,24.596165872046036
Q9UII4,14.338647732914056,20.553679842105787
Q9UIJ7,18.594089094187858,24.790387927544334
Q9UIQ6,13.951246640686948,21.92794597037393
Q9UIS9,13.129899675938647,23.356948796430945
Q9UIV1,14.091100270761752,23.09709670301008
Q9UIW2,12.376941374336058,18.819468015939655
Q9UJ14,12.483168800059936,21.657576099614303
Q9UJ41,15.891497825122007,22.400655238214604
Q9UJ68,13.71282215814564,22.5568566733444
Q9UJ70,15.524951959832451,24.62640311319322
Q9UJ83,13.720509918613118,20.32147497229602
Q9UJA5,15.62426436247338,23.198640080366342
Q9UJC5,16.523387182862777,23.469384956599878
Q9UJF2,12.586998886601425,22.05843332749823
Q9UJS0,17.859420268032075,25.843056497471796
Q9UJU6,16.847719308883104,26.25880757050641
Q9UJV9,16.29911799333973,23.87657984170632
Q9UJW0,16.25233769741129,24.104726064696795
Q9UJX2,14.849521763519407,21.348886110934707
Q9UJX3,15.171708347927634,23.020862935594284
Q9UJX4,12.052844989826584,21.351713175695238
Q9UJX5,12.006470144218266,19.681947015185717
Q9UJX6,14.045227904986827,20.761472593643106
Q9UJY4,13.042144742691464,21.393978431693416
Q9UJY5,15.232574893804799,23.29391013710637
Q9UJZ1,17.063638456824947,26.4473080877458
Q9UK08,19.38791041407816,27.956504603097173
Q9UK41,16.199879995111026,23.310016219585815
Q9UK45,18.81188511237831,26.185728669114656
Q9UK58,14.851768122281126,21.93172489653503
Q9UK59,16.27125943905975,21.81807242622543
Q9UK61,14.329121793860157,21.824317181801156
Q9UK76,17.945717164572653,26.990097658731205
Q9UK99,11.388399184973467,21.046411527384464
Q9UKA4,12.455417516235066,16.56082999825572
Q9UKA9,14.53365766203427,22.37170960820396
Q9UKD2,17.195844274415258,25.969607483970393
Q9UKE5,14.407134360786042,21.07454451236056
Q9UKF6,16.9061563185046,25.00194488829961
Q9UKF7,13.492099131088295,21.094900853268488
Q9UKG1,15.052804809771555,23.755311375918147
Q9UKG9,12.317848247703639,19.207113759222754
Q9UKJ3,15.062962326347199,21.14052421029804
Q9UKK9,17.21568132753765,26.59443069618793
Q9UKL0,16.503016324530307,23.872444973757798
Q9UKM7,13.471336417046228,21.424787978883092
Q9UKM9,19.776015015322333,28.089316001695884
Q9UKN8,16.313983739627222,23.602577405294372
Q9UKS6,15.360983294678801,22.349121009251704
Q9UKV3,17.406956095487836,25.68050913061757
Q9UKV5,13.183265532446923,21.37360474045056
Q9UKV8,14.160980236732614,21.284579972198078
Q9UKX7,17.846780787405393,25.380907732488637
Q9UKY1,13.822118103969572,18.984127314812337
Q9UKY7,17.969291475993032,26.035690189343086
Q9UKZ1,14.381225448480572,21.223889914007348
Q9UL03,13.491017468090789,21.03877580153321
Q9UL12,9.041308701172373,18.486111096855115
Q9UL15,14.6092422596976,21.254878344675458
Q9UL25,16.40430233501039,26.035689502358107
Q9UL33,14.924382005676602,21.787907163573223
Q9UL40,16.178639916377676,23.670500802754095
Q9UL42,15.172947961520972,23.42340371200385
Q9UL46,16.988495595776953,26.194927156891477
Q9UL54,12.693013836780974,19.556647218441142
Q9UL63,12.714384520647892,21.187732130700144
Q9ULA0,15.968234957003464,24.234307588195293
Q9ULC3,16.70109061408821,23.734746146986783
Q9ULC4,16.980354548626984,25.954755888875102
Q9ULD4,10.92030923469083,18.504132766874488
Q9ULD9,12.570039274819196,19.037327410791576
Q9ULF5,14.729074157181804,20.46977404627815
Q9ULH0,15.0951133828884,23.27142816740632
Q9ULH1,14.522870859909533,21.561942456913012
Q9ULH7,14.193853327424403,20.856577503563035
Q9ULI0,13.780422902802913,20.290220733815033
Q9ULJ3,12.767157752737905,18.418771512793224
Q9ULJ6,13.903164504636537,20.588590392467168
Q9ULJ7,12.500862879178818,17.618863987301317
Q9ULJ8,14.75625585190245,21.292356020618247
Q9ULK4,12.273539105679282,20.887207483315752
Q9ULK5,12.761125898183707,20.421605676956027
Q9ULL5,14.352856579981035,20.77518602912744
Q9ULM3,11.815430539032686,19.353177896129363
Q9ULP9,14.23456529810322,21.122742069408044
Q9ULR0,17.40408556722717,23.774112588169622
Q9ULT8,14.308333745963735,21.47288065203896
Q9ULU4,16.01582973014729,22.913770979546385
Q9ULV3,14.241034763853524,20.85521774464846
Q9ULV4,17.63179614953457,26.293310550964186
Q9ULW0,17.380210066207965,24.783646020683904
Q9ULW3,14.96312111656781,20.74470570334332
Q9ULX3,15.94499835268806,22.389002411972488
Q9ULX6,15.213038303650762,23.59952190061693
Q9UM00,16.058082767078655,25.011598446069726
Q9UM47,10.23630463040603,17.229712204411015
Q9UM54,16.46731581664168,23.71132953575994
Q9UM73,12.530406040508588,17.989659840678463
Q9UMN6,10.8465886216921,17.880535603709262
Q9UMS0,17.605477477984802,24.47849981360893
Q9UMS4,18.676712811178,28.0034152596942
Q9UMS6,17.68714792252157,25.97599662050218
Q9UMX0,16.648602897470532,25.994630821579037
Q9UMX5,17.875756931237802,27.029045725459767
Q9UMY1,17.179067219692357,23.880068966612765
Q9UMY4,17.5858284463131,24.749062080766663
Q9UMZ2,13.793214143828148,22.554174784892002
Q9UN36,12.419162921243029,20.4205574792314
Q9UN37,16.100296855958405,23.342681176869853
Q9UN70,13.94509845656849,19.871050934708855
Q9UN86,17.232916631703873,25.74194032929579
Q9UNE7,16.872555440009624,24.908576874190217
Q9UNF0,16.865113621438798,24.393091208138724
Q9UNF1,17.57423975661616,25.320540951547933
Q9UNH6,16.354308839664267,24.238158690173524
Q9UNH7,17.25504769166947,24.114830742897173
Q9UNI6,16.19332525892928,21.581676185082205
Q9UNK0,16.893835853266914,21.026815072753124
Q9UNM6,18.09502666098932,26.548437894721214
Q9UNN5,16.4316056679085,24.289200508438704
Q9UNP9,16.32321197505037,24.544222106032578
Q9UNQ2,17.536625462929337,23.387599479360205
Q9UNS1,13.998207559627312,21.24414742213115
Q9UNS2,14.847310851920183,24.49610358433856
Q9UNW1,15.62333440971802,23.935974411267583
Q9UNW9,16.717613834916282,19.791789944895292
Q9UNX4,16.356255482017854,23.605004453143252
Q9UNZ2,16.352067485459745,25.764654495996005
Q9UP83,13.532118666494169,21.11680770778416
Q9UP95,12.584643246533911,19.026984441098826
Q9UPN3,15.123504551530704,22.530740929397222
Q9UPN4,15.408119048544577,21.887745073389446
Q9UPN6,14.256421796994431,21.053349729907378
Q9UPN7,12.557565919820517,21.50477851749853
Q9UPN9,14.052537139819917,22.175355873698578
Q9UPQ0,15.751017818871661,24.24125834072277
Q9UPQ3,12.803826863152475,20.89947185344549
Q9UPQ9,11.07132073584657,18.51211440638001
Q9UPR3,13.307614510763843,19.14350453385925
Q9UPT5,16.423442180685,23.97867093210835
Q9UPT6,11.125080500214507,19.136109575209307
Q9UPT8,14.910606128019863,22.503802483583158
Q9UPU5,13.968299361994273,20.927271039366225
Q9UPW5,10.616667200538192,17.663264355229582
Q9UPY3,12.862411220517764,20.62423146872433
Q9UPY8,16.901430435886887,22.570746234877536
Q9UPZ3,9.419568093002882,21.20509408434055
Q9UPZ6,12.915101876256854,20.671408865774254
Q9UQ13,13.531100875350283,23.252527087859896
Q9UQ35,15.66191227667855,25.315205708972428
Q9UQ80,18.267069405619157,28.303904059673577
Q9UQ88,11.09797334064584,18.57531672604943
Q9UQB8,15.837269772498026,22.762528862992028
Q9UQC2,13.857276934047624,22.629507974857805
Q9UQE7,18.089257842269895,25.837583906051403
Q9UQR0,15.241066505221452,23.18400648265242
Q9UQR1,13.762445514505112,22.023578597419558
Q9Y217,14.579567414888547,20.916978423549175
Q9Y221,15.450791731855636,24.69468518862768
Q9Y223,16.107071416620858,23.923878358318664
Q9Y224,16.82185098581824,25.88897242769162
Q9Y230,18.347911123489755,28.20967147754285
Q9Y232,14.125795799589042,21.669316225122383
Q9Y237,17.890763922567366,26.470751292184108
Q9Y243,15.281843520666325,23.069494242098287
Q9Y248,14.017438787379742,23.708255941124776
Q9Y250,10.73750519818237,19.739148585772053
Q9Y262,17.868076446296715,27.175857839550737
Q9Y263,16.539887543357683,24.735058022863463
Q9Y265,18.289395768179602,28.069816249509806
Q9Y266,19.723623031685236,28.180163793886425
Q9Y276,14.082506918810616,21.165137375408385
Q9Y277,17.322932549957965,27.451381572275505
Q9Y281,16.03944825776821,22.933027035932945
Q9Y282,16.073395121711986,21.55050913440081
Q9Y285,17.03371520018155,26.681114812385207
Q9Y289,12.857556446273904,21.914972198889892
Q9Y291,15.85459556385413,23.81963319020545
Q9Y294,18.33350778129522,24.46917875496361
Q9Y295,16.950401362022724,24.610278960907664
Q9Y296,16.738263013477283,22.95098072972387
Q9Y2A7,16.387209031843224,23.783119834104767
Q9Y2B0,16.121423832740756,26.667911432426244
Q9Y2D4,12.663262744974832,21.726586689286073
Q9Y2D5,14.139900961678181,21.105727680453732
Q9Y2G3,12.885111222053338,18.156968638624484
Q9Y2G5,15.846903405199992,22.93996029378715
Q9Y2G8,14.201984863680973,19.167611587016992
Q9Y2H0,14.495313415046343,21.020904679054702
Q9Y2H1,14.591884050227684,22.190214361199686
Q9Y2H2,12.187520817682847,18.108724415342092
Q9Y2H5,14.637740272329824,22.986021027983444
Q9Y2H6,14.5567148481763,22.509549276692546
Q9Y2I7,12.334413939197887,17.987067272564076
Q9Y2I8,14.040774423773188,21.673820153562403
Q9Y2J0,10.852780645920099,19.25628141764069
Q9Y2J2,11.442816670294922,18.67158849721547
Q9Y2K2,10.803770597252376,17.04589498136965
Q9Y2K7,14.193517246996413,21.511749410772666
Q9Y2L1,16.769486810315556,25.002323790970923
Q9Y2L5,14.055732061119855,20.05936013856776
Q9Y2L9,14.393940869489533,19.89373845325811
Q9Y2P4,14.599001976073497,20.870448123829554
Q9Y2P8,15.904536379811203,23.72723578819602
Q9Y2Q0,12.85257328247568,18.711724499304427
Q9Y2Q3,17.93603927413972,26.190809011063806
Q9Y2Q5,15.703699583976693,24.775395534003636
Q9Y2Q9,16.563207608918024,24.00820267655336
Q9Y2R0,16.464989371894532,23.309780871668835
Q9Y2R4,11.224413512684746,21.48285095954324
Q9Y2R5,15.957183272512884,25.13137186959526
Q9Y2R9,15.827867112550917,25.49960764520201
Q9Y2S7,15.895741034871232,24.283000466016247
Q9Y2T2,15.612390914611993,23.618321399642287
Q9Y2T7,14.665929814529703,21.713921680760148
Q9Y2U8,15.1611529900358,22.02844013246203
Q9Y2V2,14.67697933288124,26.854411162357717
Q9Y2V7,13.100086804126386,22.524434722948275
Q9Y2W1,16.815721048447784,26.485686713931297
Q9Y2W2,17.27389343853497,24.975178813235317
Q9Y2W6,14.755397152063972,22.97950390376267
Q9Y2X0,15.06215363982038,20.59480763505968
Q9Y2X3,17.01653903105322,26.468762326945303
Q9Y2X7,14.485723530427908,23.85432787464436
Q9Y2X9,13.564954675213905,22.119236006721874
Q9Y2Y0,14.991879232636794,23.750031278827443
Q9Y2Z0,16.870502944208095,25.886253885253364
Q9Y2Z4,15.535700368670298,22.72281432392175
Q9Y2Z9,11.696426216533753,20.288345468984776
Q9Y303,14.549900018346086,20.919175035130564
Q9Y305,15.192002905369426,23.81702688871301
Q9Y312,14.62420072582949,25.564860040319907
Q9Y314,16.1645515099103,24.268268818861884
Q9Y315,15.904619299939213,23.11113049519593
Q9Y316,8.171075302130587,22.81211247410429
Q9Y320,16.908101753114934,23.719637990919985
Q9Y333,18.46851917666849,27.157109519129893
Q9Y371,16.740647785312337,24.530912272576916
Q9Y375,16.282190942617753,21.88979001489896
Q9Y376,15.6795478502422,23.269329129870503
Q9Y383,18.22272134308013,26.055671805697244
Q9Y388,15.57541499739171,21.944422425725893
Q9Y394,16.467811357744143,25.038569818917935
Q9Y399,17.122000704823172,23.785392449739568
Q9Y3A2,16.497615498164503,22.842403081343623
Q9Y3A3,12.581803349080511,23.48679017049258
Q9Y3A4,15.402937103243385,24.76987856922524
Q9Y3A5,18.570870903494416,25.57943325499702
Q9Y3A6,16.123339438754197,23.518893078686776
Q9Y3B2,15.730461566115165,25.108487128582517
Q9Y3B3,17.287104655002402,25.342148944654006
Q9Y3B4,17.248395369418905,26.6096310525085
Q9Y3B6,13.205981734848404,21.38777041783986
Q9Y3B7,18.096408840613563,24.18170572667397
Q9Y3B8,17.023025535884976,25.035107461497688
Q9Y3B9,18.183628283066394,24.284665362878997
Q9Y3C0,13.606518955016657,22.487699836505822
Q9Y3C1,18.151359340238088,24.718833120613088
Q9Y3C4,11.962626579153063,23.721593787965983
Q9Y3C6,19.428461943726816,26.453110593437497
Q9Y3C8,16.897869808485652,25.929687503446356
Q9Y3D0,15.206849208981236,24.457486108346835
Q9Y3D2,14.997902770894896,24.436968851340282
Q9Y3D3,16.181840258169508,23.725344517011802
Q9Y3D7,15.301308595282277,24.05423466266793
Q9Y3D8,15.575025194972083,23.051156488656748
Q9Y3D9,17.429733924633663,25.216285962065612
Q9Y3E1,16.567189403700443,25.474365826202913
Q9Y3E2,14.724047238812645,23.850222064032653
Q9Y3E5,17.503301420470844,24.828283198936152
Q9Y3E7,14.991339694006083,24.39209729201684
Q9Y3F4,18.477190441424927,27.578516022490255
Q9Y3I0,18.59535774417396,27.54878934185065
Q9Y3P9,15.35270287246181,22.361758026433172
Q9Y3Q8,14.273485283089009,21.159123510183832
Q9Y3R5,10.379136367397914,16.3412528506109
Q9Y3T9,16.280240634687214,24.701400804214725
Q9Y3U8,19.361777017860845,29.488639570841134
Q9Y3X0,14.491868379581515,24.121619714064437
Q9Y3Y2,15.336296133500584,25.861941481821443
Q9Y3Z3,15.780627962508065,23.05589123538412
Q9Y421,17.588173523477067,23.68421163036503
Q9Y450,16.39535077879835,23.651456211723524
Q9Y478,15.294252367068012,23.14758378508091
Q9Y484,15.541750196434934,21.02457765783851
Q9Y485,9.492436723150343,16.929325129567395
Q9Y487,14.03978434215573,20.222282092247156
Q9Y490,17.960497299632674,26.278226129965116
Q9Y496,15.407096156668288,22.63539335170831
Q9Y4A5,14.673536045750552,21.869656793510796
Q9Y4B4,12.690310208587293,16.892545321863427
Q9Y4B6,13.780329054723618,20.937944642567352
Q9Y4C2,15.881370059477943,24.23458593946167
Q9Y4C8,14.204068530688874,22.203649563422317
Q9Y4D8,11.745197577009181,15.865025616916233
Q9Y4E5,14.559910791283082,19.27917482025593
Q9Y4E6,13.031443225399858,19.93583293050602
Q9Y4E8,14.271037670751051,21.616017727272425
Q9Y4F1,15.60685253355681,22.55403101135537
Q9Y4G6,14.11789230639945,22.311924976361997
Q9Y4H2,13.585922975549595,21.711651043501515
Q9Y4I1,13.545594560480174,21.12732314883758
Q9Y4K0,13.870357041192165,18.434875395530298
Q9Y4K3,13.475896739991951,19.941129629841505
Q9Y4K4,14.560140427819798,20.94016748347854
Q9Y4L1,18.666281975882423,27.830810473143504
Q9Y4P1,13.451016062038736,21.72335788559974
Q9Y4P3,15.612298418281203,23.19717882374566
Q9Y4P8,15.275838895571717,22.849454190073427
Q9Y4R8,15.467899718833502,22.146102637291932
Q9Y4W2,14.958970338548244,24.262398793525616
Q9Y4W6,16.033836635919283,23.018143708540766
Q9Y4X5,13.501336761163708,22.31348838407332
Q9Y4Z0,18.09906282080669,27.156794561780472
Q9Y512,16.628870976033625,24.814407329873465
Q9Y520,15.586922342990302,23.570651191661927
Q9Y530,14.89980258916743,23.072680127758627
Q9Y570,17.695601705943464,25.898220492723087
Q9Y580,13.30012704733884,23.153111520615052
Q9Y5A6,13.451988391177363,18.44817450939722
Q9Y5A7,14.32621245910502,23.858496610197726
Q9Y5A9,14.966795081643836,24.08599150432341
Q9Y5B0,13.437127481072098,20.88727831303941
Q9Y5B6,14.051861261088602,21.158727118272186
Q9Y5B8,14.918532125424711,23.181208943874594
Q9Y5B9,18.11420031723884,26.667512163023872
Q9Y5J1,15.746042093995104,24.79223447493241
Q9Y5J7,16.32341968168085,25.396543191365954
Q9Y5K5,18.09755229076292,26.299075975645973
Q9Y5K6,16.152670022933886,21.940023565122917
Q9Y5K8,16.418331949396865,24.916976901573342
Q9Y5L0,16.544273211015696,23.25633337962779
Q9Y5L4,17.287529927202517,27.39080198138304
Q9Y5M8,17.23293720229381,25.751785896703563
Q9Y5N5,15.223960066818988,21.993745124020435
Q9Y5P4,15.194910533809923,21.59544512653191
Q9Y5P6,15.851375529948125,24.81484915476124
Q9Y5Q8,15.780841536643338,24.337832355322348
Q9Y5Q9,15.348215888962628,23.642076854891616
Q9Y5R8,13.889413269267395,21.524803764306537
Q9Y5S2,14.873628104910532,22.055724473785567
Q9Y5S9,16.43671235739573,27.671821613890362
Q9Y5T5,14.068339347503718,24.221900729245284
Q9Y5V3,15.345139243141292,23.976515371686297
Q9Y5W9,14.0573174729615,20.54953714467349
Q9Y5X1,14.870902717653358,23.42694557395482
Q9Y5X2,13.123884832434479,20.698048466316177
Q9Y5X3,13.638327205669466,23.382037733678462
Q9Y5Y0,15.709093930896364,21.018252244726167
Q9Y5Y2,14.975867741651989,21.26947229332997
Q9Y5Y5,11.451907959864151,20.18350151331306
Q9Y5Z4,12.167595103416787,22.69644504199936
Q9Y605,14.96634231936815,24.215816022157732
Q9Y606,13.345739506844405,21.812726438496128
Q9Y608,14.672236834437172,22.038527003350637
Q9Y613,14.009167983022346,23.10892732266813
Q9Y617,18.656286150725997,27.615319380960653
Q9Y618,12.655822115758305,20.197605069959963
Q9Y619,15.614687545741953,22.212203899315938
Q9Y639,14.191258589477899,23.199245797144986
Q9Y657,15.294114172529714,24.4334218554661
Q9Y673,15.5221474192292,23.806955539445973
Q9Y676,16.240971764214887,23.50538478079147
Q9Y678,16.46365108840113,25.006756332577172
Q9Y679,15.8678844015974,23.864224342307296
Q9Y680,15.74698203439476,23.540383650763918
Q9Y692,14.33775686961133,21.212770357907882
Q9Y696,17.81905611477853,27.513615992415243
Q9Y697,15.28669681211188,23.374081912102987
Q9Y6A4,14.559355904943322,23.037660786663682
Q9Y6A5,15.855004843152038,23.02082825156425
Q9Y6B6,14.322311515963046,23.140778889489155
Q9Y6C2,15.29026641975708,24.207074017756806
Q9Y6C9,16.960987337487886,26.121549391940945
Q9Y6D5,12.652236514211792,19.328387341941937
Q9Y6D6,13.409218533730014,20.36983980693379
Q9Y6D9,16.30519140166965,23.955983684218747
Q9Y6E0,14.760029908152049,23.583973376134956
Q9Y6E2,17.369907851394355,24.998216737676465
Q9Y6G5,16.860964104271957,22.427162107199994
Q9Y6G9,17.93937169287956,25.818011978977253
Q9Y6I3,16.409256105103,24.182730344800067
Q9Y6I4,13.21857534436473,20.790733157403203
Q9Y6I9,15.13465116087118,23.33479691700584
Q9Y6J0,11.735221076191113,18.40232833444223
Q9Y6J9,14.446270261821272,21.619277845677367
Q9Y6K1,15.931262948380347,24.35140932904691
Q9Y6K9,13.786077235084191,23.145864438421533
Q9Y6M1,15.406252983863675,23.432678131335898
Q9Y6M5,15.550381442446247,21.09955248953433
Q9Y6M7,12.760817903601044,19.868411650864402
Q9Y6M9,14.891493605873302,24.445692653469955
Q9Y6N5,13.4245910810629,21.59731468612129
Q9Y6N7,14.221049116622535,20.928341012870398
Q9Y6R0,12.496432998326954,22.115805600760098
Q9Y6R4,10.832241536475635,16.910004449890604
Q9Y6V7,15.2428291287107,21.64716147927924
Q9Y6W3,12.446081362833427,19.054770698176956
Q9Y6W5,16.535019763449416,23.711780424735252
Q9Y6X2,9.05649353516506,18.595351672711423
Q9Y6X3,11.866037299444715,20.208217397613552
Q9Y6X4,14.745204747748625,21.368147584995118
Q9Y6X9,15.299484119363699,20.96111613256497
Q9Y6Y0,12.959157108653947,21.001519440227366
Q9Y6Y8,16.95145031214497,24.171342931977833
