ProteinName,TMT,LFQ
A0AVF1,4.881147792661869,4.873869900716563
A0AVT1,5.9573626674657225,5.377004244074638
A0FGR8,5.707010676803665,5.14850031178409
A0JNW5,4.549595247825799,4.207395569209114
A0MZ66,5.582004387933003,5.118557329535017
A0PJW6,5.8451042644985,5.49985083792491
A0PK00,5.949466561648155,5.210927920589387
A1L020,5.67623230661232,5.529560473305266
A1L0T0,5.781383826046221,5.356135951879814
A1L390,5.127350695572427,4.443168470954394
A1X283,5.855482383693852,5.39603213629203
A2RRP1,5.250486800027948,4.624649202693916
A2RUC4,5.347628249912863,5.105128277833669
A3KMH1,5.367309359228008,5.179359234776396
A3KN83,5.534441697402205,4.793043347634657
A4D161,5.772693817006276,5.212985809119286
A4D1E9,5.918186479739969,5.225991637518727
A4D1P6,5.443414603653301,4.804530635613533
A5D8V6,5.414076271384122,6.070688304745792
A5YKK6,5.496424017086812,4.839166101953402
A6NCE7,7.321821675773362,6.790366828718687
A6NDB9,5.608719909978799,4.905120344179949
A6NDG6,6.330571170032342,5.757723481628957
A6NDU8,5.57864253929632,5.617093253067944
A6NFI3,5.464507180345535,5.423989939026356
A6NGN9,6.260375907871742,5.631982947825231
A6NHL2,4.801377651871466,5.698845328158124
A6NHQ2,6.454194540484172,6.428301007585729
A6NHR9,5.600821375249222,5.282476731674911
A6NIH7,5.921195843917012,5.6814811443503705
A6NJ78,5.648889223048123,5.317457589813538
A6NKD9,5.545555931960077,5.080312332166558
A6NKG5,5.79876365960197,5.902514165081915
A6NNE9,4.445543257160858,4.5897507592127536
A6ZKI3,6.417902240433094,5.199974709598108
A7E2V4,5.223639764307968,4.435395311926104
A7KAX9,4.90306245550296,4.570869398524401
A8CG34,5.961014223066435,5.396724859307857
A8MT69,6.785410279736304,6.1959085749555145
A8MVW0,5.5690251622548,5.110158968028501
A8MW92,5.4180452905841125,4.92172609530465
A8MWD9,6.678229502256914,7.205055081530194
A8MXV4,5.7127183530032575,5.704798900802527
A9UHW6,5.9771538455074325,5.5922700082197885
B2RUZ4,5.981684700742791,6.073315687150812
B7ZAQ6,5.69208043429914,5.513499936309634
C4AMC7,5.257159029722853,5.408413522802936
C9J7I0,6.869129413966302,6.067894641956482
C9JH25,5.8287232142041425,5.143483662548138
C9JLW8,6.631691391825964,6.332692759245155
E9PRG8,6.978373402525396,6.632691877573984
L0R6Q1,7.031719892590788,6.128882003900902
L0R819,6.628898928336708,6.164657209689768
O00115,6.375920240895235,5.958263948134151
O00116,6.056617086990803,5.674112309451138
O00139,5.937265608448721,5.532773136047782
O00148,6.181938443238506,6.019935073683577
O00151,6.028629675458463,6.041682727293853
O00154,6.18420790194137,6.479742079057692
O00159,5.665413495788746,5.506936403410258
O00161,6.3548567802947495,6.104601496517793
O00165,6.157400345693167,5.661847151461127
O00170,6.294165374997148,5.968195909878714
O00178,5.483593082927802,5.253438663236903
O00186,5.915438828939221,5.353050186689546
O00189,4.804832468929276,4.885357118789718
O00192,5.207639022191928,4.993081264762154
O00193,6.943707421430004,6.3245535266157
O00203,5.810703025502115,5.438634286631627
O00213,5.487976934647084,5.03703925039163
O00214,6.068827604812277,5.488505236183899
O00217,6.055615350943029,6.063565601927855
O00231,6.1223759808757325,6.012918011673211
O00232,6.192474834136748,6.071856446406695
O00233,6.6264706032742815,6.37093466243406
O00244,7.433657882068001,7.146983887030007
O00255,6.163703798432411,5.54169578542359
O00257,5.826189900651523,5.070366624294663
O00258,6.390882165692757,5.890757626097862
O00264,6.211408632290493,6.756994147252585
O00267,5.911737770018499,5.330639207896324
O00268,5.528819212216412,5.188950076810862
O00273,6.075911744160438,5.809671080400976
O00287,6.165482309086622,5.6626801890831056
O00291,5.656392738710245,5.427929292431255
O00299,6.135031042962977,6.746770458459151
O00303,6.256588803204824,6.300720813102369
O00308,5.0919222598163865,4.710486714273882
O00311,5.606487166256027,4.869390400874482
O00330,6.134468908249037,5.382832479953614
O00391,5.49608005267764,4.974083323242496
O00399,6.541237183830148,5.96394387008535
O00400,6.026397807189724,5.273059891699106
O00401,5.992599864682053,5.740201773728323
O00410,5.898361001523617,5.603999726136405
O00411,5.442664102456057,4.958518296356037
O00422,6.795821209145059,6.279573306092928
O00423,5.608991256794723,4.962729982891269
O00425,6.261218950893289,5.999657232398195
O00429,6.011256943358346,5.546858986548577
O00442,6.000932885017346,5.724997673347728
O00443,5.435618528695331,4.656617301272753
O00458,6.058843829034364,5.457595997789001
O00459,5.190761190570728,4.821551547239853
O00461,5.837614179627497,5.489255595242788
O00462,5.321192547533263,4.596980729083514
O00468,5.250853153566585,4.564327821007469
O00469,5.888469255849892,5.483355668703178
O00470,5.587771688931856,5.1261527169159535
O00471,5.700509742147519,5.348462626843843
O00478,5.235356117806913,5.277801149717353
O00483,6.741010239467917,7.1185807517419
O00487,6.368457719810722,6.387823435816006
O00488,6.01406002193267,6.083710292802177
O00499,5.915362032582793,5.764440086309243
O00505,5.960016716833991,6.027122812234641
O00506,5.080630383286564,4.93506660886904
O00512,5.373825704819859,4.837325625024992
O00522,5.784769601786341,4.776734436727867
O00541,6.185002164042558,5.574728076399358
O00559,5.888143549461843,5.594752829456056
O00560,6.670124798192445,6.289246995421777
O00562,5.197272967953185,4.6622153826164485
O00566,6.118507568212743,5.634782034598389
O00567,5.824756380468173,5.857076332022413
O00571,6.222711576241162,5.931897408060443
O00584,6.079302360457271,5.919654780234462
O00592,6.4743367979031365,5.9515574453383016
O00622,5.208302777447975,5.335350340547633
O00625,5.96964004744733,6.120763644609939
O00629,6.223045673820702,6.146346181630701
O00712,5.74149427206104,5.909491343281897
O00716,5.709792552112088,5.198425142923433
O00743,6.774439125305408,5.930492111812687
O00746,6.436998647208666,5.956382102867729
O00754,5.614913863395339,5.185411766119856
O00762,6.0528578221051585,5.982440872820286
O00764,5.889845136494129,5.861371388292572
O00767,6.063461312726561,5.7678489820550025
O14497,5.477071718052299,5.22393278302975
O14519,6.539105300672652,6.024306532717654
O14523,5.439531765940754,5.140070457327883
O14529,4.518548521802736,4.618059451207114
O14530,6.369551378476967,5.9955169080501935
O14531,6.052120732154562,5.744292956501689
O14545,4.55387120038157,5.353336910377639
O14548,6.479000307682225,5.928709264055562
O14562,6.546174113700783,6.361600072607441
O14578,5.143177817699095,4.500163902558708
O14579,6.573971335910399,6.3882836575633934
O14617,5.764388484733399,5.2799774224515446
O14618,5.978565388528455,6.223235671100456
O14628,4.866826634964428,4.7108306835027705
O14639,5.311730552482072,5.288913705483396
O14641,5.382159358610707,5.366438366340075
O14646,5.55411743802815,4.81717076801927
O14647,5.185041324980077,5.018353026394481
O14653,6.083562709445444,6.060528804907101
O14656,6.33494888298176,5.783017101651313
O14657,6.7621936699840735,5.671321999528088
O14662,6.017731170504009,5.467549272042675
O14672,5.464805752261574,5.3067208078528925
O14678,5.719386790536089,5.084282071430383
O14683,6.319280737852632,6.150432160566041
O14684,6.51291450293021,6.258581271682482
O14686,4.772291623952174,4.130397426246608
O14713,5.857801903777191,5.5596325927868495
O14727,5.194532784290345,5.360882171115438
O14733,6.206418974520442,5.275103279504264
O14734,6.232687224691656,5.763616586382468
O14735,6.193312355229939,6.25924376983782
O14737,6.724008606847539,6.614331128941831
O14744,6.2925388069071655,5.721083238599102
O14745,6.399601703661482,6.012346398752825
O14757,5.875693973999743,5.190950361310675
O14763,5.414427767118246,5.58174034212384
O14770,5.934738340848066,5.584333868135862
O14772,5.37886587997368,4.68467050864007
O14773,6.076759290469695,5.959067500132262
O14776,6.044522435759532,5.74576941100125
O14777,5.914588358920039,5.317508184209018
O14786,5.293900638919984,4.9365615561754534
O14787,6.0873701122162815,5.358118445892791
O14795,5.054191874800159,4.487318123347991
O14802,5.482789938493788,4.810619880263954
O14810,5.817472354938105,6.150375339699391
O14813,6.589945615034,6.273562044922755
O14818,6.696014023757695,6.813447791455445
O14828,6.205182637610261,6.310980824359546
O14832,5.7496045461244325,5.084026924809518
O14874,6.098745197136671,5.374347287327592
O14879,5.029052510698693,5.849923309166121
O14880,7.006818025516267,6.475073355683573
O14907,6.814999478726278,6.546221881785131
O14908,5.548879466328838,5.821497074122497
O14920,5.743845056344951,4.906004512411276
O14924,4.560546459704717,4.599176815242577
O14925,6.441071665231921,6.033006136897759
O14929,6.114427714159273,6.620373645990112
O14933,6.785349867292628,6.13163949444505
O14936,5.81981029257964,5.071534004410131
O14949,6.417948827000852,6.1574952893769925
O14964,6.216493992658294,5.97549701195043
O14965,5.873883551414853,5.189509736517269
O14966,6.0186536706692895,5.80809896060302
O14967,6.083772405778577,5.476884660474327
O14972,5.746398322707609,5.394257148098236
O14974,5.809937820052402,5.350899112126234
O14976,5.353492638367376,5.014593788061038
O14979,6.3020419451686145,6.817237249913548
O14980,5.8734970728273215,5.60404245348496
O14981,5.241953890742534,4.886781349653036
O15013,5.549860206151812,4.897936484103774
O15014,5.258664671395766,4.967888955883454
O15020,5.171417641520533,4.636054802429673
O15027,5.3140644472957375,5.414918642124761
O15031,5.637053451721897,4.836849893341691
O15034,5.309125512172852,4.827570545918087
O15037,5.389950085864915,4.584710752532427
O15042,5.8760602364942365,5.629150309831512
O15047,5.279243468933101,4.776386316265474
O15054,5.069462668198687,4.297835967663656
O15056,5.105721252712029,4.164028696125621
O15061,5.066669479486507,4.603352179819526
O15063,5.18136238040306,5.240530747545857
O15066,5.690142684638275,5.046700096757246
O15067,5.591896270808326,5.43041310560851
O15068,5.36643892588815,4.6260374711667
O15069,5.605809176987674,5.268533507845772
O15075,5.754015410814402,5.293965196927453
O15078,5.032127460858841,4.411619986309498
O15084,4.945900730091587,4.931300359797163
O15085,5.5276880824762,4.738985744495776
O15090,5.618991907864059,4.8374426599289455
O15091,5.971500938119313,4.893585368393014
O15111,5.751373705776999,5.165232202874581
O15116,6.426998642276809,6.398732829134952
O15118,5.737453929482715,5.131262562639916
O15119,5.859847361361327,5.262760434587756
O15120,4.986643193085928,5.415022347423026
O15121,6.406313747109235,5.899885161576081
O15126,6.376702141574671,6.135138452482682
O15127,6.274117338536733,6.179562171408254
O15143,6.524830171246657,6.174650158712186
O15144,6.733864535186738,6.401978971027272
O15145,7.031181972696169,6.818352823160543
O15155,7.059229081366706,6.554348161800895
O15160,6.141028948000512,5.878826568899885
O15164,5.491934170767859,5.135345966329595
O15173,6.310617978440885,6.37855803712535
O15182,6.465292052430277,5.87053408427775
O15211,5.864294030857852,5.003454401301469
O15212,7.07622924875087,6.776935352335457
O15213,5.907085632947657,5.364379673437505
O15217,5.406320096107785,5.465728082881898
O15226,6.065552871434409,5.482453767454726
O15228,5.988759066896446,5.156498459439289
O15230,4.558855299027253,4.319367443951613
O15231,5.463332643384619,5.28139892668637
O15234,5.748190186840153,5.378517267975269
O15240,6.127584716937066,6.814353509381192
O15254,5.735056438315422,5.207693726656417
O15258,6.519541371476432,6.408025833782358
O15260,6.2874566833583065,5.829219913372522
O15269,6.033370262395506,5.769711897106738
O15270,5.939094369274449,5.344912928563215
O15294,5.7228445640055,5.318200880456529
O15297,4.449544423995148,4.453121841646087
O15305,6.024430547487938,6.105286639415315
O15321,6.081411364147366,5.5704702619828215
O15344,5.570598906474993,5.220817039146986
O15347,6.504366000903582,6.979491735418767
O15355,6.256082963026614,6.444250941921277
O15357,5.554492335624053,4.90807952068999
O15371,6.319579217208546,6.020629170322611
O15372,6.225485974815222,6.332877536756296
O15379,5.041021548198849,5.425075780583771
O15381,5.7400853460355385,5.213045667456006
O15382,6.125960005498827,5.555722049900655
O15392,7.045492171043696,6.011350604208985
O15394,5.054227064952604,4.866335913929491
O15397,5.537941391365948,5.533974540402596
O15400,6.17803935258781,6.035184967170828
O15427,6.083635222062582,5.541094580131081
O15431,6.4069704240219645,6.533089290346879
O15439,5.386174326001109,4.460034319558632
O15440,5.817698540677474,4.253974516193126
O15446,5.881784156835934,5.496007962980054
O15460,6.044813530160788,5.653737843571934
O15484,5.881759972234866,5.318936105252861
O15498,6.682042550584951,6.205505679373727
O15504,6.234223997107183,5.390298366299401
O15511,6.868383113229634,6.680028327864706
O15514,6.770491192205997,6.188345722578992
O15525,6.0481295736005585,5.772561158883282
O15533,6.473839458510245,5.545584653088758
O15541,5.855545392632476,5.472069306054388
O15550,5.61755201437957,4.459598097764868
O43143,6.19955736583789,6.001024337982948
O43148,6.004501359694313,5.821783237207495
O43149,5.161600385573818,4.2622770025683785
O43150,5.302610514639003,5.058887045235004
O43156,5.517147880903282,4.958817724666938
O43157,4.807653219617423,4.65060677335644
O43159,6.0821012253002085,5.705772368382502
O43164,5.412003095005148,5.057458503416851
O43166,5.123003652251517,4.69791931186672
O43169,6.277227883245895,6.708856261022051
O43172,6.218285833133292,5.856198472803113
O43173,5.721792820532493,4.981590009071994
O43175,6.502009407244568,6.473467318467005
O43181,6.650491249793609,6.163951873442981
O43237,6.271279634177803,5.881848705416871
O43242,6.318238827719192,6.031801133824228
O43251,6.241636594950919,5.485904655056895
O43252,5.942621603750867,5.727697696430568
O43264,5.786428575399229,5.380940076813343
O43281,5.674152743105546,5.212713914071991
O43290,5.906527839983585,5.596852328011006
O43292,6.219420976436635,5.520746611557692
O43293,5.70111477377191,5.344322227595055
O43294,5.576391014487364,5.018180662022717
O43299,5.24961063946069,4.457626611660212
O43301,5.459345379622041,5.068783914975223
O43303,5.662524697167817,5.105531602120498
O43306,4.864361105624826,4.709367962250384
O43310,5.467481745209245,4.992436833070508
O43314,5.32517502327589,4.804158616457547
O43318,5.6925098734237825,5.324333705757857
O43324,6.824606274319747,6.244728048030469
O43347,5.958456308298582,5.884642465732164
O43353,5.867873233809249,5.526270798918948
O43379,5.000889074314216,4.740279334271583
O43390,6.148448610812979,6.346629797340419
O43395,5.912139877480467,5.690560186055214
O43396,6.2540575394843945,6.1976895560486405
O43399,6.65430506637686,6.597199911859159
O43402,6.547306029770869,5.901230192077453
O43414,6.557721360972721,5.913225998030058
O43426,5.145340339553417,4.737761753254113
O43427,6.025652761374989,5.5440887005506445
O43432,5.512241854920665,5.029685021030487
O43439,5.345451926141652,4.999024433749165
O43447,6.0554603019867965,6.437525493188021
O43463,5.718816235780265,5.346764147265861
O43464,5.569963752398734,5.791493126248582
O43488,5.917008441481354,6.011242580725563
O43491,5.361948583804114,4.914794929082724
O43493,5.906387647994087,5.43187967760387
O43504,6.831767981647623,6.586429437458572
O43505,5.697862259904831,5.441079783908864
O43513,5.887538926738573,5.772199945289309
O43516,5.697995755192034,5.68016255630109
O43524,5.322185975479444,5.064071646102969
O43542,5.369327092407702,4.88094239055477
O43572,5.123745596601415,5.1861113621782335
O43583,6.783325711107837,6.4860021157740295
O43592,5.495446957572918,5.95675988008887
O43597,5.134910341377596,5.029467052966748
O43598,6.786128744671953,6.182861607103511
O43602,5.974745592548804,5.890095517244925
O43609,5.504533079860598,6.456459059342833
O43615,5.903768115435669,5.747593324032657
O43617,6.557318265172362,6.203485500183627
O43633,6.413476745155373,6.589320272717705
O43639,5.924932174074471,5.334512964367943
O43657,5.590542101570035,6.072173945649158
O43660,5.965103794346969,5.631993669318119
O43663,5.931790939814883,5.480012836961798
O43665,6.7530053767032765,5.6646567348559165
O43670,7.05431985752493,6.769107887482498
O43674,6.3698063562622975,6.231180036231351
O43676,6.740600380309729,6.539685301948628
O43678,6.7764702614032615,6.372100346727615
O43681,6.175496827388468,6.176825808035362
O43683,4.979688578477386,4.67381174860418
O43684,6.2284568602070305,6.485859294622397
O43688,6.070537304626146,5.489620166271945
O43707,6.054993476068844,5.953562074954975
O43708,6.203921469245959,6.06201314559427
O43709,6.24275546201506,6.0280775127198325
O43716,6.232840557289752,5.6964810286609
O43719,5.621778004973118,5.290725270389997
O43741,5.8013157203919095,5.446413518120163
O43747,5.913916096095511,5.569686140688901
O43752,6.225791938260851,5.787626401707168
O43760,6.83176796366869,6.235209147668146
O43761,6.194984906411511,5.832984575176411
O43765,6.334748038189039,6.462498065150754
O43768,6.7964996559258815,6.402949614127526
O43772,6.678394812144555,5.730250518145755
O43776,6.333102191318396,6.106698826214979
O43791,6.098563815932891,5.222609055172986
O43795,5.827836608791549,5.712342025613499
O43808,6.142865932389759,5.451291502731046
O43809,6.5145938701525665,6.506382910695439
O43813,6.12602511551188,6.224565868926222
O43815,5.641891566653958,5.40223410576949
O43818,6.224379971976688,5.735549427590209
O43819,5.667450291017194,5.302280194486381
O43822,5.125569995186874,5.726658100890727
O43823,5.647507812127314,5.477379838399192
O43824,5.665644569702233,5.455543038482159
O43826,5.356178853482673,5.497744380788405
O43829,5.596339407281524,4.667899006238308
O43837,6.153213520200258,5.70827037150727
O43847,5.822207543837252,5.4218243423234656
O43852,6.434711725989997,6.829933214349029
O43865,5.755119315376396,6.912717540812263
O43896,5.39019017358623,4.760055896122315
O43909,5.568105143963457,4.91522740677133
O43913,5.878703839690666,5.841351976891824
O43924,6.4301608504549845,6.205946924473574
O43929,6.4012901112995,5.512701345080837
O43933,5.334366388427846,4.786788199290222
O60216,5.930992637366421,5.760361758409043
O60220,6.689020225682041,6.75809394709038
O60231,5.555414418002492,5.111114262014182
O60232,6.3420232065990625,6.286233420586572
O60244,5.4512010083430535,5.033752283478883
O60256,6.02741569419316,5.659690525354039
O60262,6.743552164158599,6.05922206347298
O60264,6.150722145507128,5.678204448757274
O60271,5.7508648263121245,5.177767147140559
O60281,4.880411252019983,4.53955559503535
O60282,5.697529301128441,5.3028128713687375
O60287,4.993786882193995,4.521544419160453
O60291,5.838663560156904,5.0895496825932325
O60292,4.93457375539698,4.46342832268157
O60293,5.086643501029158,4.650159157985566
O60294,5.557289767272737,5.143923538380766
O60306,5.5401571673598475,5.139950060820317
O60313,5.818421246364735,5.363311264908388
O60315,5.490930894700209,4.856845059086058
O60318,5.491529878174502,4.754343560532438
O60333,4.897088374388751,4.793754158953045
O60337,5.371972633826346,4.97533556314803
O60341,5.924840430296582,5.571593194429643
O60343,5.274112379528666,4.773529930259379
O60427,5.805040740516688,5.3760885864671275
O60443,6.09819412708706,5.673884081741092
O60476,5.790350787450217,5.109291704829212
O60488,6.066153294315511,5.233120082341617
O60493,6.467203009878192,6.658643747916022
O60499,6.590617585579035,5.808441235985744
O60502,5.588569715329195,5.23501866974384
O60504,5.525369342742138,5.428772619121326
O60506,6.1562200544113335,6.273309162464798
O60507,6.602993217845548,5.59371607158817
O60508,5.720232204056808,5.433396873682119
O60512,6.301805190982703,5.225398746515486
O60513,5.727243364329524,5.514580961079656
O60518,5.588952932717298,4.839724980600858
O60524,5.354025081654401,5.605622627438269
O60547,6.124358186559918,5.3000947239788125
O60551,5.687351897542023,5.400234208916979
O60563,5.674473364301129,5.412266437568006
O60566,5.12205334927389,5.80561854693309
O60568,5.857672108039963,5.829201687410984
O60573,5.613632801454374,5.782629414126328
O60610,5.756625680010415,5.190850413030264
O60613,6.332838742223816,6.388902542169268
O60641,5.940945984036814,5.226554790087901
O60645,5.886045922733139,5.472225891370187
O60664,6.182379933225793,6.004725465516716
O60671,5.602497986690868,5.76294478160252
O60678,6.054973186945478,5.286396521073097
O60684,5.750892044385708,6.127017455358528
O60701,5.930755159207986,5.925700349739815
O60716,5.857334743166718,5.612664465472312
O60725,6.657398300017849,5.697466412128701
O60739,6.693765543576125,7.011243661807511
O60749,6.08843741497745,5.715083733769293
O60762,6.332976098200102,6.394341882723209
O60763,6.173277949234423,5.598339244819433
O60784,5.729120408747022,5.515633563985924
O60825,5.631028300135489,5.007806170894933
O60826,5.545175077133393,5.15515060658078
O60828,6.352869676451572,6.1934449438275685
O60830,6.063413761636474,5.758754242492124
O60831,7.121219160551044,6.80796051779427
O60832,6.3637638361838125,5.868696082359551
O60841,6.006908142713326,5.671047648372524
O60858,5.936792013558273,5.029383659669673
O60869,6.630893589757413,6.782472390531757
O60870,5.867873414274419,5.302069766699634
O60879,5.587477443749677,5.055919750331488
O60884,6.629098649933986,5.964766366450863
O60885,5.815034024604979,5.39642781794792
O60888,6.6794916274069305,6.516229413098063
O60890,5.045399310286766,5.844710518562309
O60902,5.5248813352186925,5.98733810684748
O60907,5.360027045457855,3.975647492943139
O60921,6.547347227694248,5.418481909073187
O60925,6.385942932661852,6.304072362714946
O60927,5.945095185247358,6.227768753133873
O60930,5.687609941446659,5.575648383390315
O60934,5.429692600308943,5.079902900943438
O60936,5.784737136732219,5.81989256848035
O60941,5.7508562419107,5.8606007263929145
O60942,5.538169979319189,5.138188346563955
O75027,5.747622266967723,4.956735248602868
O75044,5.9993649182387,5.09908348418994
O75051,5.188126650446782,4.561883827882333
O75054,5.528750520306072,5.079349002237955
O75061,5.477980191693099,5.1751593037778605
O75063,6.299667779949547,5.418799818204416
O75064,5.608984581400866,4.656483230333329
O75083,6.155107037365001,6.115122987375518
O75113,5.3692980508769,4.736040942627681
O75116,5.510434718116989,5.021995039679263
O75122,5.350863289044156,5.0045220526715
O75127,5.62968438345727,5.021686255452223
O75129,5.04345826613114,4.810302062247628
O75131,6.130430194559656,6.017826104129052
O75132,5.440390894709583,4.821540997531969
O75143,5.709009525732887,4.9909034583458505
O75145,4.9030705616620995,4.67654772035722
O75146,5.540515981823732,4.915478310213933
O75147,5.175198536847262,4.5654471094197575
O75150,5.823480103670556,5.250430125246377
O75151,5.421415491786183,4.558414238902482
O75152,5.952657432143689,6.037834206754107
O75153,5.341489098102684,5.001329216253216
O75155,5.1631789474218905,4.466103123158008
O75157,6.089618609846395,5.520341583336751
O75164,5.445912756043082,5.230901072060204
O75165,5.276959812216713,4.812815210585521
O75170,5.421041002871305,4.82528208500161
O75173,5.593825423979382,4.8796121723217
O75175,6.0046865132360185,5.5608389351648615
O75179,5.155599049578648,4.698167093485334
O75182,5.3127206789244195,4.681301779091024
O75190,6.459608344503758,5.993671304181227
O75191,5.422142606868233,4.882818223444637
O75208,6.326344284505488,6.169677676379822
O75223,6.517962413218975,6.360889078240236
O75251,6.192168304273174,6.123712685667851
O75306,5.80730337954116,5.6446883421179805
O75312,6.087405391713512,5.66585629738864
O75319,6.103645376405049,5.214675133719334
O75323,6.008738586039303,6.127903565516472
O75330,5.622483317294632,5.0397032969264695
O75340,6.570197621763428,6.528113856733273
O75347,6.704129828555267,7.030299599422699
O75348,6.319738711116033,6.795376149231784
O75351,6.046520834501814,5.81026680350924
O75362,5.001446577873117,4.468345445026717
O75367,6.332552773700504,6.697714522705057
O75368,6.675310259434034,6.486219815337659
O75369,5.63006619703501,5.359367392722133
O75376,4.956653988769935,4.502155210992963
O75379,6.58298161940435,6.363592161948144
O75380,6.4704837106800035,6.004729156695333
O75381,6.323100888724406,5.894823139217088
O75382,5.860751127003944,5.148417893116523
O75386,5.789383596066891,5.3288624612921645
O75390,6.268958759265081,6.425746036801946
O75391,5.938369763808261,5.961544855302338
O75394,7.415996201564337,6.583686535869338
O75396,6.566887590400043,6.485945784530042
O75400,6.132953588541618,5.969269396688276
O75410,5.4345036611269375,5.0023800838458925
O75414,5.986336458901675,6.287735317335292
O75419,5.521975621530707,5.169186548813643
O75427,5.544492378038022,5.221021747223775
O75431,6.017760430703396,6.169488230606779
O75436,6.372361516625398,6.001511330390319
O75438,6.94438432466041,6.270906775915881
O75439,5.937513210648032,5.779063669587957
O75446,6.348975682892922,5.972220703487421
O75448,5.488663092631445,4.997056475622416
O75449,5.636090965520318,5.109370745899327
O75473,5.582793566300396,4.801581985744557
O75475,6.619111985152937,6.338401857128303
O75477,6.132301168718887,5.880264689277369
O75489,6.176966005210593,6.065342238549231
O75494,6.583920946276659,6.8273350634482775
O75496,6.266965927511528,5.862081869966959
O75506,6.297089451026633,6.522108257719501
O75521,6.139185258830605,5.88772596273046
O75525,6.720898017143697,6.217047374796621
O75528,5.361919748068333,5.794561705002174
O75529,4.998273591839489,5.291345773246814
O75530,5.833419887954986,5.516542797489965
O75531,6.938796488687103,7.264225457225134
O75533,5.99072393390984,5.691147637121986
O75534,6.000449908297293,5.817929586254629
O75554,5.70833568063655,5.67148807672689
O75569,6.501901870428441,6.101943421872345
O75586,6.228266404363595,5.5335696117923
O75592,4.8331528433298985,4.275942369498996
O75600,5.403756707060714,5.654161312314096
O75607,6.658533863693652,6.212625853826965
O75608,6.742166278481429,6.534712094986315
O75616,5.912257232065832,5.447424768243613
O75643,5.737744751022476,5.453609756893204
O75648,5.452127068144073,5.6465014593176655
O75663,6.327882030318268,6.00195791869689
O75674,6.109535468719447,5.685207151412286
O75683,6.4194374322583,6.146682861704635
O75688,6.331270507125648,5.71888951886578
O75691,5.28330321148797,4.698401912902687
O75694,5.836664409086406,5.524601720095869
O75695,6.299479301047708,5.857245177052255
O75717,5.619031420212816,5.169179507793627
O75718,5.983555724262623,5.814418877005921
O75746,5.447016369209301,5.006483920889004
O75781,5.797329397314665,5.585722576894912
O75787,6.168740498200875,5.897112215115185
O75792,6.310695244344512,5.965013119861073
O75794,5.9240637711462565,5.527815078814985
O75808,4.601618318402032,5.130470580633007
O75815,5.407720185920021,5.112873948884241
O75817,6.673424324236432,6.341521428337653
O75818,6.364664925056083,5.357649642860614
O75821,6.33559090237977,6.612585675815367
O75822,6.676280149704922,6.320851797488979
O75828,6.314351672043216,5.551322301023984
O75832,6.63516383962418,6.060767229667178
O75843,5.365712467741465,5.058594918633298
O75844,6.4705925990770705,5.884557641468434
O75864,5.652252332255946,4.982304406877249
O75874,6.128506259216043,6.037501374693694
O75879,6.103188047844991,5.211187043602044
O75880,6.2693117026662275,5.973761043821403
O75881,5.866847202488731,5.185397891641622
O75882,5.19859263702728,4.75496098718905
O75884,6.467412257667341,5.833850811067229
O75886,6.083087944648108,5.453232731498127
O75896,6.738590154313668,5.670542485688012
O75909,6.217046647199238,5.835963918944923
O75915,6.726553913575383,6.698128589494408
O75925,5.733783787920069,5.142407361214254
O75928,5.688319150131624,5.189053608546772
O75934,6.028108016977351,6.233343499431982
O75935,6.614843173011675,6.381592903238905
O75937,6.828941972085869,6.054040015714749
O75940,5.934867001473079,6.465829063840449
O75943,5.8645137352353895,4.90347437708122
O75947,6.931394054827001,6.579739233053073
O75953,6.017641969749141,5.415513197105039
O75954,5.986870414859639,5.616836561562648
O75955,6.283573759008584,6.010149938641188
O75962,5.091158598577556,4.515681621196428
O75964,7.039232894512114,7.010110806082655
O75970,5.06647821472297,4.498041829718018
O75976,5.323098985650795,5.152479057097504
O76003,6.571372987253516,6.247882141671294
O76021,6.4042804000936,6.206876688431633
O76024,5.61237154128268,4.809445689458931
O76031,5.86782092177904,5.503289159325508
O76054,5.635184977342468,5.1988549386571465
O76062,6.199867082186245,6.026727585327528
O76080,5.954724853193944,4.989748691730739
O76094,6.044847560820168,5.805012114665168
O77932,5.742682614356744,5.20747187545131
O94760,6.657351599626191,6.392834882413154
O94761,5.380505202790314,4.753557240604934
O94762,5.443514961142073,4.622641821917971
O94763,6.17504348922588,5.688716804518567
O94766,6.302540285857868,5.721601452711978
O94776,5.902940619014053,5.650944588850427
O94782,5.381796688511329,5.018415898061903
O94804,5.6928721357498935,5.074302683299737
O94805,5.415465763125499,5.298451874845103
O94806,5.205246773851952,5.038855435115771
O94818,5.005300042041131,4.461191734712533
O94819,5.719518372172955,5.112845005484094
O94822,5.251165777636007,4.7373335712161095
O94826,6.2238574666366695,5.862725118124929
O94829,5.091406219057121,5.194840766133672
O94830,5.516107677815468,4.692564385312366
O94832,5.463328991788445,4.638543797374351
O94842,6.079633255900112,5.674583142718337
O94854,4.590951721395213,4.091672712491648
O94855,5.966914349738023,5.669101678176204
O94864,5.934898024510806,5.512237311713863
O94874,6.022590326708254,5.4887711756640885
O94876,5.118608710837693,4.773341053415011
O94880,5.684978855019972,5.316369880836434
O94887,5.228753430564466,4.304620761745699
O94888,5.992988117701239,5.545778302341392
O94900,6.019226188585213,5.579897795746405
O94901,5.864998114556946,5.408093204152047
O94903,6.311413172946984,5.996576517744094
O94905,6.038201657122135,5.972492232032311
O94906,5.668750494929168,5.622330861002758
O94913,5.595637390078109,4.7551927794867845
O94915,5.2170845402244055,4.472259895341212
O94916,5.521477913298341,4.965287687174041
O94919,5.836641181675654,5.182201069802423
O94921,5.450958842409733,5.009425415405921
O94923,5.45619034221472,5.510473445380834
O94925,6.212228059335786,5.866598122367519
O94927,5.57298376288788,5.181008918247317
O94953,5.171828445068274,4.660334806218656
O94955,5.736085958154033,5.314587687725201
O94964,5.233614785420008,4.595811994717137
O94966,5.266080078192595,4.907666135372494
O94967,5.41479577605615,5.161042826188238
O94973,5.807082302174943,6.164144711152186
O94979,6.190472997789916,5.611851596194438
O94992,6.12421937554438,5.914929325945201
O95067,6.075943676654271,4.956330956966027
O95070,5.730656268748883,5.975190630146638
O95071,5.194370437362304,4.706083187378871
O95072,5.473279072568856,4.985112175843901
O95104,6.157370771381084,5.588307994995491
O95139,6.67644309683098,6.155667863322245
O95140,5.6495294173520865,5.1641811875484604
O95149,5.735857325336801,5.615526125702289
O95155,5.532819145734248,5.175103831901008
O95159,6.340778199004801,5.954063802142533
O95163,5.410122445083752,5.063086566428465
O95164,6.1095561564672565,5.267286118360168
O95167,6.639636004900059,6.58979713150854
O95168,6.937932233033875,6.422679037982323
O95169,6.199198811398686,5.880335534965741
O95182,5.973050120215993,6.08111982991213
O95185,5.784678929346511,5.253783476651633
O95197,5.260179680107021,6.097498896886119
O95202,6.040744022133706,5.617570967351239
O95208,5.721501427950294,5.622055833974482
O95210,5.663161381388634,5.371174592457962
O95218,6.120852061734981,6.31507455118431
O95219,6.055831306454829,5.518897446220482
O95229,6.183759063250859,5.816836393884495
O95232,6.357182743405208,6.125587961786509
O95235,5.756000143965745,5.015225990598734
O95239,5.589660941662856,5.092654944670956
O95248,4.975810023073698,4.502719541530545
O95249,5.548864546008021,5.773829228325513
O95251,5.536063053582778,5.418389148637781
O95260,6.237400083548668,5.323357696009745
O95273,5.833569762808405,5.683676207844186
O95292,6.571929468460483,6.362771261039336
O95295,6.562385208312685,6.053530786978854
O95297,6.723231146385828,6.14776509030035
O95299,6.228338954541548,5.892684472121849
O95302,6.21638534730571,5.937851828629546
O95336,6.685490302776596,6.317188427148999
O95340,5.983568525596893,5.378651158293766
O95343,5.8698156750670165,5.216440049829378
O95347,5.756054568691219,5.498303930971471
O95352,5.949850456106325,5.02845528616711
O95363,6.114247805216277,5.343050938606883
O95372,6.763697494177677,6.335975550232122
O95373,5.908381936933339,5.77885368676292
O95376,5.810935121222606,5.488643210742737
O95379,5.939790786911805,5.736060502974153
O95391,5.455781215476194,5.312944995857104
O95394,5.910229446711066,5.71687140810896
O95396,5.560891553681598,5.108610135375507
O95400,6.079053219602065,6.097701536605939
O95405,5.56917740672114,4.610379167219815
O95425,5.216668051692043,4.547485953758984
O95427,5.194735873854514,5.693680774069168
O95429,5.275516892933159,5.47297444252928
O95433,6.050470174881631,6.385056570747762
O95453,6.049061452793509,5.932873056912522
O95456,6.0240172307090365,6.3435242004799886
O95470,5.958516274968072,5.630408118852134
O95478,6.588108115030348,5.820331187304656
O95479,5.657588573921665,5.195974936984505
O95486,5.690867004905029,5.158810074421159
O95487,5.794196964625455,5.184459663737735
O95490,5.773230177891347,5.338471786423619
O95544,5.6711581491476855,5.3346118400766525
O95551,6.11728106059711,5.365671533225592
O95563,6.920070381558473,6.2120989357873455
O95571,6.632730484705788,6.319482545008471
O95573,6.010974408511766,5.555899050610574
O95602,5.354083243338207,4.847428572469003
O95613,4.72609716832056,4.261657080057886
O95619,6.117091702816003,5.793225724686358
O95628,5.529854851749325,4.965546914736913
O95630,5.758539918852403,5.567419893611574
O95639,5.679803312535871,5.561660495671369
O95670,6.101843236677183,5.829114186271696
O95671,5.934735114960713,5.010458120691197
O95674,5.790094199561958,5.765675835391511
O95684,6.210781070788009,5.608461684560312
O95696,5.075820688820674,4.877602943622008
O95707,6.4660181193105135,5.75831047627995
O95714,4.918429495435319,4.1428607194301295
O95716,6.183309431919893,5.790795887524731
O95721,5.919412457243576,6.0728508185059455
O95747,5.684063344391406,5.729080904696468
O95749,6.146616091544228,5.747532302665679
O95757,6.0866427807887105,5.5757078909756
O95758,5.372805675165241,5.69643006938623
O95772,6.136351175455843,5.973300326948855
O95777,6.418125748770777,6.79350964495001
O95782,5.680759383238826,5.519665870463624
O95785,5.483452379406198,5.042622839278221
O95793,5.886972222056061,5.824306263342892
O95801,6.315148859783825,5.590414555959254
O95816,6.063238524628873,6.310650477380357
O95817,5.748369818431925,5.300756427008325
O95819,5.5363043062631325,5.096541426481275
O95822,5.972316846644052,4.999805256518184
O95825,6.125231691775653,5.4876342582913535
O95831,6.236709755511631,5.829558655904644
O95835,4.811953317969452,5.105735775785231
O95858,6.147782623502359,5.161617819103437
O95861,6.143856957022146,6.0291532070096885
O95864,6.1676125304719775,6.025799062926659
O95865,6.094301248868042,6.244718593424881
O95870,5.786162991451949,5.182014319854215
O95872,5.177796127008491,4.911539380264355
O95873,6.266214850399493,5.9719022010207645
O95881,6.889283125151525,6.5911498688909855
O95900,5.962077098224585,4.975368957776161
O95905,5.904575391976966,4.979982191315852
O95926,6.199483899885352,6.048904885475882
O95983,6.12037016351068,5.901262428515333
O95985,5.624946697451715,4.730221583656526
O95989,6.280275886912284,6.059260318299413
O95997,6.1264397283325085,5.998365529561558
O95999,6.5266895288562585,5.82007682958108
O96000,6.264697224158704,6.34985253683434
O96004,6.198261176231759,5.738637811879914
O96005,5.697311728901543,5.523970909978004
O96006,5.650905572174275,5.028859433754996
O96007,6.305858284487034,5.488747424812266
O96008,6.405660481784759,6.219151095874258
O96011,6.185622111195498,5.705911687308587
O96013,5.922731697285101,5.443786251220662
O96018,5.384362146652284,5.234624172099681
O96019,5.966888291066022,6.292179193467317
O96028,5.392511142625009,5.051698229669067
P00156,6.224431729637908,5.859315342775126
P00167,6.721355929512622,6.621936533349162
P00338,6.774085865074436,7.270486051233957
P00352,5.596389279023377,4.464737073087716
P00367,6.174695232098604,5.7347790343077145
P00374,6.24545136046621,5.789796287746422
P00387,5.998145754938258,6.278955012969476
P00390,6.3915311825472045,5.911497690098435
P00403,6.283676360227888,6.639542777769618
P00441,7.177162272786521,6.681152319776981
P00491,6.217492383333965,6.047712744503853
P00492,6.520816238530595,6.392870517199978
P00505,6.4694513531773605,6.533922420884021
P00519,5.545355436864305,4.682487427179666
P00533,5.552749451762513,5.1124196585781485
P00558,6.359585306815838,6.845218269913456
P00568,6.321503558576527,6.448501497853687
P00750,5.178207243836557,5.45161663353739
P00813,5.977064873007541,5.307887928999485
P00846,6.896922191567359,6.670695875092659
P00966,5.801710829488254,5.292384292179985
P01008,6.019588365894922,5.514086202180633
P01023,5.667395487481092,5.35724138551735
P01034,6.409204090012054,5.958145203600448
P01040,6.495182785577774,5.64152774376826
P01111,6.738051054263311,6.2670366930439005
P01112,6.571285744775033,6.109476737795625
P01116,6.258485221425984,6.393966060681935
P01130,5.039592373651988,4.847775631110339
P01137,5.8291325645955165,5.089629759469565
P01282,6.586159406821287,5.794332436726621
P01303,6.489871719919641,6.571306936978693
P01889,5.13928658767112,5.531331355703864
P02461,5.114021602009961,4.390104316554348
P02533,5.249334925614955,5.330553793093083
P02538,5.478394920141104,5.595809917420896
P02545,6.165811971962462,6.641684801124472
P02649,5.667629728943387,5.428125449402917
P02748,5.61319158145897,5.609925682552063
P02751,5.064582339197651,4.245258079526746
P02768,5.985874364777423,5.5231308996146735
P02786,6.040160583998938,5.777844470774702
P02792,6.563517643309186,5.856724580912368
P02794,6.305526681328162,6.225579061524753
P04004,5.978618611366631,6.997246751503662
P04035,5.125828010474959,4.999713767466682
P04040,6.133468901656558,5.769584144850151
P04049,5.081203442343409,5.186177116151087
P04062,6.119794592735679,5.913894156232941
P04066,6.08304397315843,5.535290463040948
P04075,6.248992961176774,6.895174826262172
P04080,7.13268111110667,7.037498883711474
P04083,6.545072903119202,6.43956478456835
P04150,5.575676129531155,4.952805825728301
P04156,5.37269417397313,5.933192904632396
P04179,6.9695298928319085,6.528989776808265
P04181,6.423228798078497,6.270196595317041
P04183,5.975165467620648,5.7925637179352725
P04216,6.239444075309597,6.742356906310589
P04264,5.953623844202158,6.128310018967591
P04350,4.930697424579038,5.984755013794117
P04406,6.623991342493173,7.344977836478143
P04424,6.355343609469385,5.786104300226409
P04439,5.981518150726618,6.054201775555446
P04629,5.382238046060956,5.207033385800464
P04632,6.590856769715311,6.476658017012243
P04637,5.733600646668105,5.567416157456735
P04792,6.576176233487667,7.261981648634644
P04818,5.960330291439937,5.94807084909051
P04843,6.285541660366342,6.147970580892161
P04844,6.349354211660649,6.168455584663294
P04899,5.775224586319683,6.134326531848983
P04920,5.107153224309042,4.781247209427831
P05023,5.866049670626833,5.930052241693672
P05026,6.5780721830229165,6.3807853182720455
P05060,5.724454350317904,6.112482123070357
P05067,5.872816226285379,5.351971179698616
P05091,6.053502571609784,6.011905393608474
P05109,6.221112969406044,5.828130534221901
P05114,6.960101650742734,6.454476226796656
P05121,6.201718282038769,5.341375998849479
P05141,6.273366741509699,6.610872986163731
P05161,6.095059368482392,5.760372428734923
P05165,5.532937219312076,5.179062053999844
P05166,5.679997072282346,5.122053093902429
P05198,6.263084893834177,6.374519527003967
P05204,5.980393391669415,6.807458033019019
P05362,5.757618732173755,5.737677524247478
P05387,6.970759126888808,7.624203955432043
P05388,6.558470912629705,6.939767888036611
P05412,5.889366518377205,5.8329295183307215
P05423,5.9404581375019205,5.430542072491507
P05455,6.463204511458381,6.525291596486435
P05556,6.139931592353722,6.3646254514119
P05783,6.252690782134405,6.10985936739926
P05787,5.91553683955642,6.067581960867946
P05937,6.064031373999134,5.485817789325612
P06132,6.339653239989872,6.087186200147061
P06280,5.695010074816717,5.579866191588517
P06396,6.071465467174729,5.512325654484098
P06400,5.785228041210582,5.300170822797344
P06454,6.559003618136208,7.276720904871168
P06493,6.337588684229413,6.378431354608505
P06576,6.012971251467558,6.516529789724833
P06702,6.4392220586508735,6.128362308399758
P06703,7.789595265525377,7.255972664864526
P06730,6.617231409554854,6.669100478068722
P06733,6.645998054198133,7.261082574682967
P06737,5.611090231872485,5.134217334342695
P06744,6.44980460011015,6.48285469817735
P06746,6.52404118473984,5.54208195350035
P06748,6.802211763551767,7.323417528739084
P06753,5.899732075771912,7.224665885259101
P06756,5.480387336451086,5.245477769044132
P06865,5.8872267837492105,5.871473304850547
P07099,6.1513248745236675,5.436775974715858
P07108,7.139385234348188,6.8681243249769945
P07195,6.474743302673678,7.195680327645468
P07196,6.08061771080852,5.850521120387958
P07197,5.977894368424662,5.694049568189031
P07199,6.1502151775056255,5.334776876620819
P07203,6.408514232498191,6.292040237522741
P07225,5.6963855161453,5.148306090432444
P07237,6.542079110177713,6.66986008551352
P07305,6.961437797471959,6.774771154460884
P07311,6.151405097762146,6.33890691174742
P07339,6.416491396315713,6.468675722481679
P07355,6.525810703810452,6.906338159904855
P07384,5.897179184594872,5.708044675548817
P07437,5.9255172255454855,7.383218987411455
P07602,6.299194437786414,6.556829282165435
P07686,6.172114442681058,5.925883280391656
P07711,5.64514574961135,5.809036182968231
P07737,6.747460378237555,7.805564063867493
P07738,6.1519763534722935,5.691497370355947
P07741,6.805414103825622,6.462118673259933
P07814,5.999703805487782,5.642603845394467
P07858,6.808119369069236,6.485005092556513
P07900,6.058939873473411,7.101778308421864
P07902,5.807079897626473,5.297226161595432
P07910,6.303853662055664,7.453085559582901
P07942,5.624761947740998,5.345068831784829
P07947,5.384716094236946,5.384643869422845
P07948,6.374515792071472,5.870899524638198
P07949,5.561074442499947,5.26443548842426
P07951,6.069693787933183,6.331670157798304
P07954,6.558748583315989,6.261920469119069
P07992,5.600331554000544,5.515796946689598
P08047,6.343982331731067,5.840646638501422
P08069,5.492290395118154,5.010621396804706
P08133,6.12132468721267,5.9030053148375545
P08183,5.802495264606838,5.521313535337355
P08195,6.370925678953766,6.020048297214911
P08236,6.176111137636951,5.483566859055345
P08237,5.993471280187622,5.68712819270424
P08238,6.448049928465479,7.046795755747447
P08240,5.809598067795132,5.715200936860479
P08243,6.303092464116414,5.890670339986566
P08247,6.272233991691673,5.460200198454694
P08253,5.718089916594837,5.110199509443813
P08397,6.202098299557861,5.759133095854259
P08473,5.586605320120541,4.976210372596873
P08493,6.079143054139567,5.50381369116076
P08559,6.046915734849252,5.985708448214824
P08572,4.849999737428534,4.901999151418168
P08574,5.8784915378143,5.944189499857465
P08579,6.852520636550233,6.497130171022215
P08582,5.302735863099857,4.949180853770194
P08621,6.696921276059589,6.569346511364724
P08648,5.199278737100468,5.0912727619336895
P08651,6.119981518979104,5.411625825807573
P08670,6.301862391462718,7.428997180192404
P08708,7.375726730796854,6.8721921727746125
P08729,6.053466803823938,5.912587728182416
P08754,5.546189512548155,6.2500802036220655
P08758,6.392749448070811,6.642972470411789
P08779,5.363999196022655,5.491508173551498
P08865,6.113360753872086,7.000093696873597
P08962,6.3134682487596905,6.936744252338744
P09001,6.215632129709977,5.66156707230499
P09012,6.165150353593647,6.564464627365799
P09017,5.545432440401803,6.208579403784232
P09104,6.1955942222560925,6.19726973290082
P09110,6.03091847239434,5.474037206703154
P09132,6.5724883176355275,6.262651775231818
P09172,6.280342026531303,6.359078943243482
P09211,6.540287396632099,7.18076649237079
P09234,6.929255879321116,7.441616142471027
P09382,7.115406108901677,7.550103274242419
P09417,6.1343707013473,6.194602844462349
P09429,6.361481695586488,7.426115389866774
P09455,6.825563664038721,7.08603066802916
P09471,5.83027390382583,5.988778852979668
P09486,6.798067037637755,6.142798444124995
P09493,6.453864163314045,7.035636211105242
P09496,7.094888048778122,7.2023905798383625
P09497,6.361992938724967,6.303762106470892
P09525,5.981180034775905,5.93453328392892
P09543,6.34321429931221,6.110324114355466
P09601,5.829311601510577,5.493222687066779
P09619,5.4610483144781785,4.805696403663439
P09622,6.399641106912174,6.174924399267647
P09630,5.730823290376415,5.2973721009868235
P09651,6.25200295028989,6.164532494805013
P09661,6.437411056718892,6.724352454098927
P09669,7.559296671559651,7.1586151202981725
P09874,6.211876619150818,6.111993708680765
P09884,5.37992198616683,4.835116336392172
P09936,6.684710601123276,7.374438039523639
P09960,6.223038009489818,5.737254036762584
P09972,5.819529634323301,6.079413289970166
P0C0S5,6.951239390088109,7.9834902851951295
P0C1Z6,6.346345538081019,5.566498407367522
P0C7T5,5.543609737111424,4.862135924558618
P0CAP2,5.762195903055921,5.221768148477859
P0CG12,5.408468421920519,5.224878996683944
P0CG29,6.175598817939263,5.717661409626901
P0CW19,6.639492854314989,6.266684297300783
P0DI81,6.424692733206312,5.944805653247238
P0DJD0,4.121381090993303,4.352316823407845
P0DMV8,6.415999176986116,6.713744528363123
P0DP23,6.285577635079237,7.039854573859639
P0DPB5,6.3248260127714255,5.682298310003124
P0DPB6,5.636526041018797,6.46318266793662
P10109,6.121385943740215,5.597639756241112
P10114,5.724663685610683,5.914922281764322
P10155,6.173894913573645,5.780654851104195
P10253,5.618187005301321,5.650642214938515
P10301,6.17701930645669,5.774992479084991
P10321,6.062920751030389,5.773141990562722
P10398,5.544025002004602,4.9983585472449965
P10412,6.636227500862831,6.202395501981268
P10515,6.252247146197822,5.824969728875776
P10586,5.155234807002653,4.370764968394907
P10588,5.509373068881545,5.170444867130167
P10589,5.934166153618154,5.044525085249936
P10599,6.822132164690968,7.6576242793299905
P10606,7.220334515673643,7.039604802600508
P10619,6.411487776799213,6.25337498775377
P10636,5.689882102348762,5.45906654387627
P10643,5.766316218829789,5.342921653765101
P10644,6.23344617263399,5.928618600481874
P10645,6.026774075054421,5.644979887642172
P10746,6.02317260941447,5.485664652059941
P10768,6.467454127509353,6.488728275679682
P10809,6.315684867764421,6.72533303088614
P10909,5.44501410397335,5.4922090810718265
P11021,6.221449252950391,6.788135995514393
P11047,5.520092221477203,5.124838478640306
P11117,5.935403477435848,5.635769179429036
P11137,5.51757698635044,5.05468757896947
P11142,6.267574472544293,7.074314943648809
P11166,6.499132108572558,6.365591338043133
P11171,5.931197360253641,5.56273314801046
P11172,6.248590186827459,5.697971548713645
P11177,6.075563493700882,6.153348712655212
P11182,5.835807376652527,5.475055387035891
P11216,6.045430315121024,5.424928313590921
P11233,6.702013848886727,6.335927443307016
P11234,6.185333581349964,6.0665415478846265
P11274,5.156704277970378,4.7722147865701245
P11279,6.311783416509032,6.373773811162108
P11310,6.320995498439762,6.051098285566067
P11387,6.198876574322874,5.964416023480168
P11388,5.843143139868112,5.437731149982588
P11413,5.776521497319927,6.074838698432167
P11441,6.9093107738831705,6.180706005955081
P11474,5.905267585420081,4.980294734597854
P11498,5.644793908790205,5.181869450385045
P11532,4.626397299760198,4.023202659203059
P11586,5.944844227257255,5.867458570955355
P11717,5.583579002788062,5.033189134362489
P11766,6.555710556109153,6.520550007069009
P11802,6.399140542087219,5.938493661358971
P11908,6.452180180182777,6.003993246501798
P11940,6.1526680349463945,6.49590092903715
P12004,6.57700599091403,6.74356979907998
P12035,5.446271045625124,5.283852718661765
P12036,5.552019572043765,5.43424945847377
P12074,6.575234419460054,6.805001390206948
P12081,6.348080140415344,6.144841412214044
P12109,5.902140158499899,4.887881052028159
P12110,5.745086120820747,5.006491888280649
P12235,6.244161059705306,6.166380119188012
P12236,5.756942119328817,6.6238629633633215
P12259,5.202792343146374,4.624659677948651
P12268,6.384451273362378,6.30730746845101
P12270,5.803344174876399,5.436489785198237
P12277,6.325645860421813,6.770991506687079
P12429,6.388740563445973,5.574104766039167
P12532,6.196715126652163,6.164135506702528
P12694,5.685917112951513,5.4107711002551016
P12814,6.1894293987883735,5.965224921619841
P12821,5.351543924380653,4.705478224997685
P12931,5.789864456868807,5.818388626760342
P12955,6.208073655170239,5.929350199708519
P12956,6.197087258889485,6.241581625955549
P13010,6.2439400158807885,6.145018973223628
P13051,5.8762601665899865,5.386048153027746
P13073,6.428397075321866,6.761790269156689
P13473,5.549260849790652,6.292741646135661
P13489,6.447374236803556,6.148437532532786
P13521,5.809858709475203,5.726009842361862
P13591,6.041146590999883,5.886550307619915
P13612,5.730743539776934,4.997907007222873
P13637,5.528080635871474,6.979135207283125
P13639,6.229553789807186,6.493454093386488
P13645,5.983621462157631,6.21431772804565
P13646,5.683112369909338,5.771578278003783
P13647,5.332598649816197,5.421757211606968
P13667,6.250124493856042,6.48815260359731
P13674,6.457822136994516,6.137484207159576
P13693,6.541651978209016,6.8470112239102905
P13716,5.85635122442294,5.457683171564912
P13726,6.296158915407055,5.915829176958757
P13796,5.203107862003671,4.518458326665515
P13797,6.097524829556242,5.71622033521742
P13798,6.0988563132847675,5.8490059909913725
P13804,6.275123659000012,5.981846124765362
P13807,5.659933574434914,5.286994689630559
P13861,6.003197784422971,5.845274989626523
P13929,6.03140537213052,5.945925901458733
P13984,6.516172422823434,5.905532746063525
P13987,7.375333653749943,6.807877288702391
P13994,5.227782189816805,5.157766331235877
P13995,6.277734650138317,5.80438059424117
P14174,6.547445774810206,7.968508180641173
P14209,6.632170641280254,6.511135187000376
P14314,6.169050616154642,6.833350836963311
P14316,6.602183583620793,5.314169446801777
P14324,6.341041593989365,6.637152558177043
P14373,5.744802952628746,5.289119113238364
P14406,7.458105131358536,7.114233757706561
P14543,5.383399463511343,4.782858142702288
P14550,6.289177259751781,6.108717067604782
P14618,6.296579338657194,6.936455164974007
P14625,6.235635267380183,6.629561262444789
P14635,6.274593591713168,5.723117072414323
P14649,6.736129721272116,6.253991238329361
P14678,5.327761966554743,5.759747148496826
P14735,5.676033063200753,5.310750406845277
P14854,6.8951704067024835,5.7867164582163175
P14859,5.871193934015235,5.672642472999327
P14866,6.152648348307023,6.5218527780897375
P14868,6.229613252126102,6.048630764902443
P14923,5.620674457548915,5.30762926454043
P14927,6.690345801422849,6.499441923497625
P15056,5.915052461682454,4.869885501384431
P15104,6.03609936070725,5.866116141279752
P15121,6.574072435179605,6.651775268891747
P15144,5.273588770048516,4.490753127605114
P15151,5.985872633571988,6.09738591278191
P15170,6.340188928808251,5.939496484685178
P15289,5.757559074567229,5.609135317451623
P15291,5.741794332830409,5.4639858252445554
P15311,6.233477942654078,6.130379217358811
P15336,5.6644741422762985,5.534379224098486
P15374,6.164311085082081,5.995308450357733
P15407,6.35135165574961,5.486829711399857
P15408,6.183536450999338,6.059155074625064
P15502,5.004550210787572,4.93080196040885
P15531,6.717338826679882,7.234679704910526
P15559,6.28795146607729,6.04346269286504
P15586,5.9989911659482225,5.935959039652337
P15735,5.996186389149525,5.138789001923081
P15848,5.784097755836523,5.625146239745683
P15880,6.7893972841279275,6.809158430568129
P15882,5.72765890758764,5.37237449566278
P15884,5.880142216858933,5.5416529318479935
P15923,5.706013607712494,5.172474936878016
P15924,5.1913648019071,4.448941195274781
P15927,6.298838789935138,6.280701424442816
P15954,6.943248264820049,6.826033207481543
P16035,6.07614619815991,6.117935503299128
P16070,6.406188974582298,6.016090157633912
P16083,6.00509356430676,5.670898083931376
P16152,6.333661496832827,6.240268087867051
P16219,5.883272411114095,5.085944650701347
P16220,6.413004504690591,6.619695724692416
P16278,5.950503442848698,5.894079878783564
P16298,5.155468664656519,5.165599372853072
P16333,5.446346894538449,5.466508617735044
P16383,5.911618238460009,5.106672057897861
P16401,6.267696420704335,7.496657136071115
P16403,7.111759387337846,5.394396208890624
P16435,5.9032036418806255,5.690397667878891
P16455,6.1670051174593485,6.186962141613982
P16591,5.569632930188506,4.684809164748972
P16615,5.839693856908335,5.815023947848769
P16870,5.981045571601954,5.438243946325473
P16930,5.71017537193913,5.553027188875401
P16949,6.53835933545725,7.616305933751638
P16989,5.239921867367037,5.650793498020136
P17028,5.880660272133999,5.504706495308668
P17029,5.351767798297126,5.281465220557827
P17036,5.8432768955765795,5.152984619040431
P17050,6.135833390433211,5.73398861532973
P17096,6.806731359662102,7.241303958244059
P17152,6.144360207263657,5.951478637638512
P17174,6.260826657725355,6.203003920486326
P17252,6.042331355514973,5.694757321145743
P17275,5.978141398161336,5.1070252639233935
P17301,5.8399210616598065,5.432653000118405
P17302,5.842068280738082,5.033483745670874
P17405,5.729100201539344,5.292617257724089
P17480,6.211174480209848,5.749628172667449
P17535,5.7432348231235935,5.748553448696224
P17544,5.551015107325807,5.13418130281426
P17568,6.1819834394883495,5.8576948217582245
P17600,5.803069188250138,5.11611992506838
P17612,6.308284012629729,5.863076587687932
P17655,5.9626940886057165,5.805143706673955
P17661,6.317258438263692,5.333026121177169
P17677,6.541737974628891,6.323687906046128
P17706,5.868737256885472,5.21258733739008
P17812,5.906266458494358,5.860225832443464
P17844,6.520755098539736,6.552719434123718
P17858,5.969325130956999,5.683294202281123
P17900,6.742719654790242,6.0978430156109775
P17931,7.1273441080242685,6.472262590442847
P17980,6.233359495903748,6.09197597256464
P17987,6.202035294226052,6.385530911533998
P18031,6.0880530658654335,5.750818846439584
P18065,6.368588760738762,6.416138062866095
P18074,5.878611195113562,5.500809527002206
P18077,6.898919408669951,7.205594672842858
P18084,5.565941258320949,5.217190611817713
P18085,6.862789682002037,6.803973379860552
P18124,6.699935564019867,7.088182842284143
P18206,5.730003044643743,5.6561430031315645
P18440,6.363082952352923,4.975359114422684
P18583,5.489532044130874,5.41768308268758
P18615,6.074446355104426,5.7279557317896925
P18621,6.903872294502753,7.094856494892337
P18669,6.156516590464195,7.003644305226441
P18754,6.125583882737137,6.421130093372096
P18827,5.928818286640915,6.2309682483301145
P18858,5.628106146338585,5.2249841639724295
P18859,6.270583804568066,5.7840252199247
P18887,6.259221247595117,5.578656859013667
P19013,6.1370516977746234,6.072128950173309
P19021,5.676286324448987,4.816545804891797
P19022,5.677373092633697,5.811407789275781
P19086,6.218835667393786,5.116930794955064
P19174,5.558579987239018,5.254795295982201
P19256,6.498736154295093,6.191983051784074
P19338,6.6222781754036,6.929368901674826
P19367,5.94305348726276,5.934721482798763
P19387,6.257509970568752,5.937605036229681
P19388,6.47292758620061,6.460372906840208
P19404,6.129761101239948,5.826561042971461
P19447,5.435637751552715,5.275662248640031
P19474,5.69238466102445,4.948287850697364
P19484,3.974450362553683,5.246083637595827
P19525,6.285531682380082,5.998192117892451
P19532,5.759595359610409,7.448488855961806
P19623,5.994086641302568,5.987503329058932
P19784,6.275681368200363,5.659262011933542
P19793,5.4968309174813825,4.940557226556102
P19838,5.754168002253494,5.161750108166866
P20020,5.363680670036433,5.226369773709159
P20042,6.281121054412255,6.166246517258818
P20073,6.111211521847811,6.049761333145188
P20248,5.843721731898244,5.303430239766734
P20264,6.386259292452808,5.701835543134927
P20290,6.1194318631601385,6.639019984776594
P20309,5.929361974498479,5.446521696021034
P20336,5.761190379980588,6.062800463025556
P20337,5.482328656975568,5.66882826054446
P20338,6.15428540951908,5.880292483015773
P20339,5.850464955588606,6.193462308491463
P20340,6.125811267756058,6.509577340718333
P20393,4.832037513838181,5.320078876801508
P20585,5.515100108211927,4.863558547531506
P20618,6.367723693960887,6.470341941455542
P20645,6.255709577059578,6.189792016127719
P20674,6.741769449060026,6.606325799076143
P20700,6.096504098836399,6.475540417651352
P20711,6.286132902538631,5.863584904689445
P20810,5.8746235362031225,5.635008458510909
P20839,5.895755342983683,5.671695010140098
P20933,5.296145657033465,5.445767422187116
P20936,5.323145001201681,4.864057338382798
P20962,6.698308010763448,7.936404434807157
P21266,6.269985777076372,6.04660536274124
P21281,6.2489444814794055,6.044411409898629
P21283,5.999725235195208,5.749911378277968
P21291,6.278323773679693,6.462422057778613
P21333,5.7622060650032925,5.790447807967415
P21359,4.831492883974224,5.121613228216101
P21397,6.228983463676844,5.210517316315521
P21399,5.837741112699999,5.28837384583395
P21579,6.340000740732242,5.577314839390195
P21589,5.772476273133667,5.312849263876146
P21675,5.539226321929432,4.715166834562996
P21796,6.279396199580239,6.653331921067458
P21912,6.123360127431448,6.035513356965086
P21926,7.097175325765347,6.537664552385464
P21964,6.440937908433465,6.007098863574706
P21980,6.256552637545193,5.59120434462905
P22033,5.875213900350991,5.356507163930212
P22059,5.786268941222778,5.187152229969295
P22061,6.566344009564494,6.215526897367576
P22087,6.392133981449361,6.526967671142078
P22102,6.04933810983604,5.813168193023495
P22234,6.499638115017759,6.56831130424885
P22304,5.850436137849722,5.38449930159101
P22307,6.325382257757896,6.422490543594336
P22314,6.071823556728141,5.935086115403499
P22392,6.031885420162401,6.041275758176903
P22466,6.300915459504706,6.375123416843668
P22570,6.143116826472362,5.580911077884712
P22626,6.526818631672182,7.468896233998846
P22670,5.55941277817316,5.066649596512859
P22681,5.8604796594639215,5.292318534318762
P22694,6.172944248579979,5.483089210027084
P22695,6.340706743585592,5.939779251630345
P22830,6.233548179140659,5.433361318655211
P23025,6.316698721168139,5.544012532870881
P23142,5.881167633799243,5.338589000242383
P23193,6.152224498957681,6.16175594985452
P23229,5.368715350757976,4.849124250887092
P23246,6.114337169178008,6.533325947258641
P23258,6.044903421346014,5.454402119753091
P23284,6.80313625400943,7.407937329380337
P23368,6.014462797878561,5.900745790876798
P23378,5.0589987134273455,6.218216688401343
P23381,6.48713913630328,6.034668144297697
P23396,6.55543379096145,6.9394638694998125
P23434,6.395140960736102,5.480729528492484
P23443,6.025120375039905,5.402690222801732
P23458,5.223913411178263,5.350183287261055
P23469,5.288946777889671,5.075910860805268
P23508,5.226041521159216,4.851551396709529
P23526,6.668539370423501,6.566141469595218
P23528,6.6367234557466,7.474269969716867
P23588,6.256219253058516,6.191485277445964
P23610,6.688107328473161,5.7331712203811485
P23634,5.738033225645396,5.020433220948771
P23677,5.419633250298826,4.985591075079433
P23743,5.451628363212308,5.015214592021503
P23769,6.029975204086408,5.265921549122976
P23771,5.816066151007147,5.588875488962709
P23786,6.019745663195674,5.45815672514577
P23919,6.453993395262466,6.15127538890097
P23921,5.947707622515287,5.615436893027908
P23975,5.387543596444004,5.524167888719448
P24534,6.328616204315642,6.983462483753535
P24539,6.192677881075153,6.297531256230284
P24588,5.73082837218077,5.023086548475716
P24666,6.464101195849516,6.8457712407518745
P24752,6.411899833651422,6.292209225004815
P24821,5.475493381243678,4.2365202500529815
P24844,6.468260627735937,6.250139671081442
P24928,5.673494349027018,5.188802734783523
P24941,6.318930630782308,5.859697242106139
P25098,5.853939135030607,5.2345558092074445
P25205,5.575963946639895,5.763636351651898
P25325,6.387871270854541,6.057217211127115
P25398,6.6036865127427,7.249928326697937
P25440,5.8513963040852435,5.28818548175536
P25490,5.721712479901744,5.590329645465468
P25685,6.754367376507764,6.058972057557353
P25686,5.794149876768701,5.525059173029357
P25705,6.3517778800506095,6.600452009290512
P25786,6.6465992567101475,6.519022176714374
P25787,6.742851305774455,6.548297312620919
P25788,6.77494609972373,6.737620692651247
P25789,6.735393105687836,6.705700299258144
P25963,5.619070011205668,5.331364504690474
P26006,5.557294428945202,5.2406586633787615
P26038,6.0673868215613815,6.124497485229318
P26196,6.008094586408774,5.865543552331665
P26232,5.608994957926847,5.044217413868555
P26358,5.575605259216816,5.18480523485054
P26368,6.614456003036496,6.4434743172229645
P26373,6.885383239867715,7.414365279328756
P26374,5.86595094098763,5.039406203814907
P26378,5.67614149981394,6.169783991666808
P26440,6.22513875476691,5.585400344692151
P26447,6.580307949329606,5.751832049462122
P26572,6.0617109341037505,5.149094976747373
P26583,6.566012330735167,7.422413106055608
P26599,5.981936410765899,6.590095651390278
P26639,6.002100979167364,5.904336616884323
P26640,5.8022080874602295,5.687171785435595
P26641,6.564879755489772,6.670513422295796
P26885,7.178639645783397,6.831061933460098
P26992,6.048046724326115,6.014996338648155
P27144,6.361403232995993,5.91141308478455
P27348,6.001138793539575,7.172467808114458
P27361,6.220435911392056,6.5369931697134
P27448,5.286122648173361,5.142866922349874
P27449,6.345540322386967,6.167239778804003
P27540,5.5046863303588625,5.274372831603986
P27635,6.547132859009031,7.183788357898185
P27694,6.34428593066588,5.90397050495293
P27695,6.746308550994274,6.477729804412597
P27707,6.433587442576618,6.106137799774976
P27708,5.518969002935121,5.245713644523172
P27797,6.590880721471663,6.937194245477983
P27816,5.985276495216295,5.79568195780327
P27824,6.310527465063176,6.589433403184231
P27986,4.860751722722338,5.226058260603628
P27987,5.026917398238398,4.680962555550199
P28062,6.120038662607525,5.60508161050398
P28066,6.770793494191107,6.741842272775379
P28070,6.247152834453881,6.3838189208540665
P28072,6.302943607549059,6.805065387509153
P28074,6.464781499880814,6.439858510497023
P28161,6.188189355009463,5.367739202493825
P28288,6.035280011040564,5.683280246840894
P28289,6.379326480690352,6.19254178458404
P28290,5.15451280679916,4.50542313044576
P28331,5.718824545310147,5.521291755803863
P28340,5.531766989071228,4.961351407427109
P28347,5.899541282207899,5.732468851087442
P28370,5.800424257891125,5.41477446685745
P28482,6.506056526873207,6.046634209885818
P28676,5.743509551889229,5.9727515968789255
P28702,5.4824053122868595,5.347550344848102
P28715,5.07106458334345,4.668559871175855
P28799,6.482506763820204,5.462024482640727
P28827,5.047894962918622,4.84116410227525
P28838,6.242745438599117,5.840232883410377
P29083,5.74267052207892,5.57543263190674
P29084,6.157809163339985,5.592097897836236
P29144,5.785483871185566,5.454989740259297
P29218,6.348959972349537,6.2464450693593765
P29317,5.345878696769749,5.213614645884298
P29323,5.228801775936271,5.803759803793668
P29353,5.468799069532196,5.169320288659139
P29372,5.775030241336861,5.737911936912989
P29373,6.329520142524782,5.46127617885307
P29374,5.235073882218671,4.363992593425055
P29375,5.286746950428366,4.429384883760403
P29401,6.533935436629649,6.442389338164189
P29590,5.504094901894769,5.108882830286014
P29692,6.4829822041876035,6.852184123620981
P29762,6.637322136948244,6.87270947426831
P29966,6.243171088705324,7.018896310261568
P29992,6.333389282893322,5.7833239963937295
P30038,5.687777392543266,5.259086754069507
P30040,6.433725533742078,6.916372102466236
P30041,6.681674684647282,6.816213685360069
P30043,6.2493730032087065,6.078771248790537
P30044,6.76377911863684,6.970589093541857
P30046,6.331595264558291,5.958914618539613
P30048,6.740131337290251,6.596769367209303
P30049,7.482130916219802,7.069665908263628
P30050,6.652655624629591,6.94231617583683
P30084,6.517793555249477,6.238580223972427
P30085,6.31333900013625,6.477406587262239
P30086,6.603561681266772,6.855649799319618
P30101,6.4132373258290505,6.913745738245254
P30153,6.180041596900107,6.251188974454099
P30154,5.94721542147626,5.522820891028308
P30260,5.863835190853742,5.439084195773311
P30291,4.93735641579464,4.762808711494796
P30405,6.521501261000198,6.408428981461436
P30414,5.135016648102806,4.966959538639543
P30419,6.274116981093071,6.045821225282163
P30519,6.193908491535446,5.942525902695531
P30520,6.379636414272518,5.865490833164689
P30530,5.589705197002718,5.097269874792802
P30533,6.438566903431399,5.8033022924016135
P30566,6.123136137449751,5.793289459399122
P30622,5.5431185259265465,4.97435116755623
P30626,6.358927950315042,6.81114851270178
P30740,6.0474080123223,5.555773957127355
P30793,6.388471535479004,5.90267280683003
P30825,5.684336756336963,5.496118532303515
P30837,5.846318484515147,5.564342254170403
P30876,5.723711496192523,5.398246951478538
P31040,6.126994579874927,5.812817249612942
P31146,6.126566819574293,5.814095952682971
P31150,6.220923873896559,6.391128259612903
P31151,6.652835955980361,6.048611752778184
P31153,6.121883039200773,6.269115135159996
P31321,5.100519357030225,5.069267991421148
P31323,5.909404415688803,5.709999675372152
P31350,5.99950528513481,5.930795098044281
P31431,6.142718778791551,5.400098823964816
P31483,5.998230033043996,6.017154705642559
P31689,6.201651742860125,6.520444501847751
P31749,5.941223467363475,5.367550002486507
P31751,5.224102361337833,5.097614378858188
P31930,6.148560267312654,5.904900991775833
P31937,6.09660576702421,5.95080454923379
P31939,5.882913237809957,6.051722893057897
P31942,5.711635283929295,6.501193029910638
P31943,5.960410231505759,6.498987547461949
P31944,5.867461835556035,5.704987778044694
P31946,6.130485695211465,6.85697454093302
P31947,5.872196578433533,5.932777261896186
P31948,6.416771844202258,6.356352816979889
P31949,6.436980767686842,7.0821818788081
P32004,5.450163786449648,5.217936079626813
P32119,7.067437512274753,7.216802056150168
P32121,5.903349671690828,5.419820770169194
P32189,5.287089986507892,4.960985084903779
P32297,5.492650943947753,5.1218274433662465
P32321,6.567761721852314,5.9667261436499
P32322,6.315238347067477,6.198407930210989
P32455,5.8308595805412375,6.183527994720997
P32456,6.095797057356728,5.250622136522622
P32519,6.062821270282493,5.21599856172913
P32780,5.948538405411485,5.328480973393715
P32856,5.778572045011023,5.14907271486089
P32969,6.826941429287544,6.835202205540619
P33121,6.04582607375168,5.369378566434814
P33176,5.809424382105144,5.661100672924449
P33240,6.07383687087203,5.844477998969091
P33316,6.31291056359213,6.455605108958473
P33527,5.304428326834467,4.8044868509398295
P33897,5.69214521401241,4.959641081936306
P33908,5.548793614185991,4.975561467148207
P33981,5.645648214554779,5.340381078454261
P33991,5.8798842907537985,5.755328863005321
P33992,5.8574221123382255,5.869015895226574
P33993,6.080234585888888,5.852945145161545
P34059,5.740797490458194,5.312467649595212
P34741,5.966664822171142,5.627055742612262
P34896,5.528820392732487,5.31118909671891
P34897,5.938097622850327,6.276941508302331
P34913,6.239830405039304,5.135515841792239
P34931,6.115292839211852,5.182916295907336
P34932,6.05043858258449,5.9664162446609685
P34949,5.718061843164628,5.694592507261999
P35080,6.565888672437259,7.0682042693629015
P35221,6.0002281159623205,5.818269424752319
P35222,6.0184289687004915,5.683772487958775
P35226,5.87845461353575,5.440936689760236
P35227,6.029615505624369,5.735254392606671
P35232,6.579272108105746,6.844532243152608
P35237,6.085300394799674,6.018700219102749
P35240,5.671725905365715,5.0337885925062755
P35241,6.156302606617056,5.939343531842691
P35244,6.594523912015342,6.607550909318576
P35249,6.528833470036688,6.453403062740665
P35250,6.428257698330508,6.124509482465287
P35251,5.658032180581715,4.9927785072738
P35268,7.29441853818517,8.032343273872268
P35269,5.8062937622978374,5.740140102307266
P35270,6.312899802402647,5.824824748757671
P35354,5.365312394671628,5.1795432694782875
P35475,5.49651249865437,4.678288644620252
P35520,6.342961309651896,6.102357542969613
P35527,5.855938043250697,5.867582854819352
P35573,5.454925565797456,4.86758780111182
P35579,5.792303819157993,5.747189416732496
P35580,5.826502579643607,5.5138043570338615
P35606,5.85156386961071,5.690027651230476
P35610,6.050947154687329,5.55549713529947
P35611,6.000607418083224,5.984003011991811
P35612,5.842796682996624,5.398111909328247
P35613,6.301288619408085,6.131012628161126
P35626,5.654031744575372,4.874355957029395
P35637,5.997060139772523,6.809625511102304
P35658,5.70303097185834,5.39513903360303
P35659,6.391485863940691,6.520753616126689
P35716,5.304220684993298,5.1548894262416525
P35754,6.56441518503785,6.385273819518433
P35813,6.242336056778576,5.741075085328832
P35908,6.05095392860241,5.625735375332934
P35914,6.507865100700294,5.911311292730605
P35998,6.493258496656525,6.135421486622544
P36021,5.966228337715404,6.247403067609641
P36404,6.461003289995918,6.145028478696951
P36405,6.499481029442258,6.409112111750457
P36507,6.563859261176718,5.765376320871344
P36542,6.4167220859326335,6.6416424062652535
P36543,6.3703012565411505,6.2111420114319404
P36551,5.951455160745013,5.7661907080740376
P36578,6.896788397683581,7.037366420956275
P36639,6.615350486875769,6.464801559620661
P36776,6.12205344854241,5.747551771666775
P36871,6.222661856292683,5.9045724417164
P36873,6.471326851364756,6.391898839204622
P36894,4.966820872564843,5.215995972150276
P36915,5.896893744516358,5.5535330571062165
P36955,5.396988953371781,5.151138867965591
P36957,6.250045140834423,6.217937431463444
P36969,6.558431997175687,6.026993614064033
P37108,6.891105978459792,6.894617500586518
P37198,6.364334356768979,6.314107778845381
P37235,6.354051943001644,6.378548349435197
P37268,5.90355918514199,5.611960017846507
P37275,5.500407200908194,4.998018389445567
P37802,6.346584132651231,7.104926322310762
P37837,6.8524811647166,6.660350667972107
P37840,6.82301105612062,6.255317528071711
P38117,6.610243708840349,6.306464072803448
P38159,5.546387125296874,6.844451816125678
P38398,4.707298509246341,4.283951034139448
P38432,5.804782540729119,5.587465464293624
P38435,5.32265174191234,5.012106569679762
P38571,6.463607260178145,5.533405340785817
P38606,6.20022078294778,5.874564468017325
P38646,6.171518517310771,6.292099202919391
P38919,6.294476113453621,6.47518441043652
P38935,5.96104841529188,4.486379127944577
P38936,6.12051157590377,5.707107059379407
P39019,7.026922541071325,7.269857880327606
P39023,6.474891592745049,6.637919950008859
P39060,4.65220829431652,4.3731550299544
P39656,6.491708496493472,6.287399085005335
P39687,6.1882557711676665,6.912667352074822
P39748,6.587950922775184,6.479090565959464
P39880,5.330674870934606,5.111135968674299
P40121,5.889108337274795,5.901719072430197
P40123,5.904583819848028,5.582900374821001
P40222,5.956723283040308,5.852246837675593
P40227,6.286978596807731,6.470249049080465
P40261,6.250839512406501,5.75825705027986
P40424,6.090870881142253,5.751968417179349
P40425,5.90729218456164,5.431806520436511
P40426,5.503381157359531,5.589069254240854
P40429,6.97737097556226,6.6724296872191395
P40616,5.9325479476928935,6.080641274041279
P40692,5.695500267508814,5.190628151347659
P40763,6.018166111955894,5.512298970216786
P40818,5.427365575540147,5.199763735326621
P40855,6.373335415475909,5.709145378021228
P40925,6.655106316005256,6.772957130727004
P40926,6.536597258118529,6.821026081070574
P40937,6.011106194277977,5.837333772118647
P40938,5.934503869233165,5.836856474388037
P40939,6.0630833430201365,6.007389198730413
P41091,6.546811300664459,6.2135867791387405
P41134,5.262860425597324,5.578224734706953
P41162,5.603340827017057,4.924253389346938
P41208,6.074924737553204,5.775265064404052
P41212,6.09164136550377,5.017903106617389
P41214,6.126745483589928,5.0450999801090655
P41217,6.108410513341923,5.813390415787803
P41223,6.933264481270022,5.963611697931418
P41226,4.9009016538639045,4.7362105870897615
P41227,6.628090347157537,6.101584796066565
P41229,5.1990140190715355,4.50756579251484
P41236,6.048405996011494,5.942245436998163
P41240,6.387550543227976,5.593462647122001
P41250,6.1811844807693666,5.95617757309065
P41252,5.816004696454473,5.624114150568351
P41440,5.406829412353387,5.2370514613394485
P41743,5.783256938420459,5.528622286385852
P42025,5.380853589061875,5.857850794084553
P42126,6.45180313586186,6.142976578639535
P42166,5.822956525102088,5.641004551505144
P42167,6.451885729965024,6.4481151272392
P42224,5.795315963259784,5.630871997795854
P42285,5.675105156808847,5.521415031487301
P42330,5.267233654760765,5.578962423352441
P42336,5.08651365546614,4.788064834259035
P42345,5.082117922970975,4.589984832787045
P42356,4.810631205484238,4.331640264592739
P42566,5.6630936348257315,5.092435009725413
P42568,5.5210068596417745,5.122791899713757
P42574,6.5708245858349565,6.272085348861857
P42575,5.906631700937381,4.873550303178735
P42677,7.175147994111109,7.69775110818784
P42684,5.2086073378956455,4.854089597914639
P42694,5.14474189145796,4.7133963020605645
P42695,5.7173586132613,4.839692645558468
P42696,5.890175767953604,5.434859903121216
P42704,6.02005371061747,5.738011292363479
P42765,6.297544481361099,6.303291110501666
P42766,7.25628984959504,7.589586115016708
P42771,6.791757158736491,6.523436062935149
P42773,6.371157366692705,5.890519614007101
P42785,6.28210964954317,5.746307880046955
P42858,5.037446541051061,4.4531057196734425
P42892,5.581326397729513,5.13412048543384
P42898,5.392374580973259,5.014142726748995
P43007,5.8313581222549296,5.535138551269013
P43034,6.151778260078813,6.143064156289599
P43121,5.255215519561441,4.940897767604586
P43155,5.848938151262274,5.207198503005083
P43243,6.188503746687454,6.325359740899241
P43246,6.107103960067587,5.771846087187371
P43250,5.3321985232705345,5.720857165973502
P43304,5.609825230260267,5.343728652667063
P43307,6.074526157711013,6.559280494931061
P43357,6.467033296408077,5.432047056156608
P43363,6.206214745473519,5.7919300826919615
P43378,5.794597257345158,5.133336826960684
P43487,6.898516098716142,7.190799571772889
P43490,6.459064971758408,6.049187415312665
P43686,6.172884547766488,6.172674816425779
P43694,5.365702494030263,5.391246139149942
P43897,5.71164049479628,5.967818916119653
P45877,6.852936104297818,6.523458205484497
P45880,6.52609493955259,6.858863177010813
P45954,6.099884565167308,5.438713940655418
P45973,6.785035122381772,7.070020655325369
P45974,5.9539356144520035,5.843843753965809
P45983,5.901695902618886,5.777798571131633
P45984,6.4849393348121005,5.398788673209369
P45985,6.075858430667929,5.677925733676437
P46013,5.333644903190757,4.975268910955447
P46019,5.007176792605326,4.546155536535417
P46020,4.894039376606472,4.80453212975041
P46060,6.057007064261986,6.056268877291091
P46063,5.974503553926592,5.818787167035763
P46087,5.925337541757281,5.761655515329032
P46100,5.116048033007173,4.992436796190008
P46108,5.997930443031853,6.01942822331415
P46109,6.368566088046029,6.156386778075175
P46199,5.766479903221439,5.040597671160183
P46379,5.780852429515766,5.855390453087068
P46459,5.9424659321591715,5.705680138894799
P46531,5.152509892757224,4.497016905737903
P46734,5.905945287422981,5.23877473578252
P46736,6.217373868387629,5.512258924719512
P46776,6.781533785424541,7.545455763204734
P46777,6.758137906805375,6.886273452284436
P46778,7.137814570908899,7.218859098478168
P46779,6.548621993284824,7.039978161433338
P46781,7.042472025891344,7.169714252590332
P46782,5.888692200886587,6.123062633981004
P46783,6.619122285737166,6.217891645553104
P46821,5.715031479711148,5.565454561795856
P46926,6.657324213711485,6.049770381427933
P46934,5.380485553992037,4.766893929305935
P46937,5.924862009846159,5.457292337857751
P46939,4.79757113994285,4.346548598868496
P46940,5.903154111614512,5.509494002498321
P46976,6.048698200536804,5.908142281755355
P46977,6.087602401880727,5.919951373097986
P47224,6.586662073695619,6.071804180313661
P47736,5.648485695580433,6.610443248310311
P47755,6.167035338166873,6.071680705600754
P47756,6.198661875321867,6.552622261935047
P47895,5.697206117649806,5.231854837350502
P47897,6.000793820272805,5.769661518496099
P47914,7.348015044676066,7.724338362789738
P47929,5.717136602121613,5.442832662821706
P47972,6.093976442135241,6.056632700332833
P47974,5.907415330370332,5.088014374406926
P47985,5.690717637606355,5.9396372911774025
P48047,6.608936427111375,6.681095316925135
P48059,6.721802579842228,6.005344951634219
P48147,6.141578348855907,5.643638342474548
P48163,6.203662103689152,5.49574077111593
P48200,5.593160136142307,4.334091697598585
P48307,5.806052239261087,6.883351451917607
P48357,4.758874729358197,5.20233871264722
P48378,5.195448988624752,5.1860837443957575
P48380,5.3970545898771025,5.008414728236199
P48382,5.579836827429474,4.950590296046933
P48426,5.592815939501783,5.589973404181976
P48444,6.184868854436344,6.041565152649481
P48449,5.734759544697916,6.144655252247095
P48454,5.609766876481866,6.0835206211175405
P48506,5.4157999387133975,5.3518188391435055
P48507,6.462924956869822,6.085554872286771
P48509,6.278033013831223,6.022150052727705
P48553,5.3477695640601,4.840913977145007
P48556,6.114277078974782,6.218284593445318
P48634,5.1274924388297105,4.904318225610051
P48637,6.393899515797457,5.754289856645365
P48643,6.2862791343537365,6.362557225070149
P48681,5.8862825516938795,5.756211098470994
P48723,5.863050806881485,5.590355952539223
P48728,6.107006261230232,5.306192953005155
P48729,6.249310329194776,5.640113548488742
P48730,5.23087936156335,5.594562737884861
P48735,6.222182576379035,6.378292432337261
P48739,6.308616861489142,6.0894654237343415
P49005,5.929019262280451,5.451660666441212
P49006,6.909837306252534,6.559007110823537
P49023,5.619493779048474,5.312421596882436
P49069,6.220577766449795,5.468140148164731
P49116,5.5345129670636215,5.18885034949759
P49137,5.967995252288165,5.140368749867567
P49189,5.9812562440843156,6.1810030920073205
P49207,6.911318304159529,5.918861228875613
P49247,5.965350663498564,5.733558898680551
P49257,6.074352997083881,6.102245488385698
P49321,6.036171957520198,6.09204754016937
P49327,5.6476990125852,5.556033308152445
P49354,5.780325766846056,5.519127701088061
P49356,6.06002430047105,5.575545609084548
P49366,6.107066581849899,5.947859565495353
P49368,5.929665728382236,6.408480717071837
P49406,6.064458118095419,5.627799798614275
P49407,5.9418948819734245,5.577362373896604
P49411,6.482292376829299,6.396652951420156
P49419,6.213279545253041,6.0972350180465416
P49427,6.598901152422414,5.972937216412596
P49447,6.674758384217843,6.474946707639358
P49454,5.312951596902591,4.583010733798853
P49458,6.217743026541003,7.412742029777264
P49459,6.986192020066882,6.571276242404773
P49585,5.8082373220639685,5.488792720116504
P49588,5.958369743234133,5.717131549272084
P49589,5.9361842010166574,5.572380130974598
P49590,6.040949495143583,5.623443487302898
P49591,6.51715727785273,6.036865561499959
P49593,5.658305474334227,5.6869058691697765
P49641,5.370804291240842,4.503784762534467
P49642,6.1250280237013,7.550457583735463
P49643,5.798281945279814,5.317340671994674
P49674,5.125110439867349,5.254691947374406
P49711,6.104588885095259,5.571790768908789
P49720,6.493982866459864,6.646421423267537
P49721,6.607468958405972,6.765835148310668
P49736,5.924417929900962,5.869021846270687
P49746,5.193480403235647,4.899744786990098
P49748,6.147448430578939,5.813402454881951
P49750,5.54087089170385,5.212556241601103
P49754,5.49702836657996,5.039295960109586
P49755,6.454760576693525,6.620676020250785
P49756,6.2252128992070315,5.9969574737194105
P49757,5.878237235354925,5.612872963553298
P49759,6.050129666168182,5.47229451376228
P49760,6.272566549472039,5.188955230262434
P49768,5.860230153875735,5.21844536680039
P49770,5.798073599113645,5.86652477013109
P49773,6.890798547809403,6.87763719764913
P49789,6.114639412858502,5.945004749826854
P49790,5.62649318720614,5.402315101428294
P49792,5.43770085677568,4.983528864296612
P49815,5.206386353985134,4.684073974460295
P49821,5.646181267669352,5.699042164152392
P49840,5.755805875971319,5.739519596521897
P49841,5.588354871238577,5.612555483093009
P49848,5.7091443936963,5.121468341651052
P49902,5.893021573875693,5.488717705914187
P49903,6.473205897700224,6.001372135847568
P49914,5.379793833395493,5.865300430484455
P49915,6.274365024737609,5.886925472662734
P49916,5.747655197174492,5.277004351731467
P49917,5.55592160707706,4.91139406006905
P49959,5.891585894401845,5.759242446222782
P50148,5.985900084609205,5.879714508857325
P50150,5.069001949384231,6.221230832879234
P50151,6.783690899366935,5.894658147189174
P50213,6.341594046671021,6.073695471008234
P50281,5.792418938705952,5.334194304046324
P50336,5.91492788309145,5.342410859694914
P50395,6.011192420574372,6.289932310047824
P50402,6.398261790834987,6.246420253158853
P50416,5.640409201976589,5.532768038651956
P50440,5.738413819339414,5.125386981365839
P50443,6.068984514662624,5.30225326546102
P50452,5.9335385610830444,5.449028246032407
P50454,6.443893280109942,6.535685741232901
P50479,6.072294629316149,5.815289733160194
P50502,5.868054646712104,5.435661402803287
P50542,5.578959353097661,5.2518140464451015
P50548,5.8249165656448865,5.3748849399394265
P50552,5.916893531700176,5.830205779132513
P50570,5.732647474015259,5.46998370195926
P50579,5.86974513548591,5.374640160486326
P50583,6.012167953867678,6.159642190650656
P50607,5.377896914284044,5.041753313479747
P50613,5.992118130805363,5.678637394133503
P50747,5.739958057818916,5.92330280287597
P50748,5.173107755879119,4.650132482253269
P50749,5.170865285971892,5.306305599953958
P50750,5.978203869547776,5.885716724766244
P50851,4.969634618965391,4.413277460260583
P50897,5.728911378982359,6.32068133040375
P50914,7.096957922190137,7.0752688580618885
P50990,6.425228250552655,6.498032659432303
P50991,6.035171340704189,6.297474032944786
P50995,6.128967024738828,5.898361270393012
P51003,5.784533045658548,5.319159392856409
P51114,6.164010228906295,5.841122757828524
P51116,5.672754650589823,5.613712552513183
P51148,5.952527486768741,6.428585605119035
P51149,6.26519559713938,6.6350462068144935
P51151,5.757832031539484,5.787072031400577
P51153,6.206267266198237,6.257966977706925
P51159,6.286723834274297,5.81746447912533
P51397,6.250664131011781,6.31149826273974
P51398,6.024418059025115,5.875229211287453
P51452,6.130443160610504,6.130284799641112
P51513,5.722466293943011,5.3083590151048545
P51531,5.644625136101765,5.063258340144088
P51532,5.809087486034605,5.475933337378293
P51553,5.863523789580121,5.519082438847634
P51570,6.07957447769187,5.769810238763118
P51571,6.308530751369329,7.009938928117776
P51572,6.643759996975007,6.785498087869264
P51580,6.46865905715817,5.575552277772149
P51608,6.09447633381197,5.319005039937276
P51610,5.938674305787973,5.539325606678652
P51617,5.537750036139721,4.9114573190912525
P51648,6.172903631947257,5.76185249554951
P51649,5.970026719851629,5.997830936389287
P51659,6.173854490572366,6.076053943136854
P51665,6.055901222075398,6.30236864532062
P51668,6.6355271848672,6.672912151894941
P51687,5.794173507181666,5.306961181378209
P51688,5.281157398647377,5.612316897367996
P51692,5.167890520203308,4.916212800110413
P51784,5.40273005289646,5.2011516765552415
P51790,5.215854554066661,4.9862475477109385
P51798,5.629434031877647,4.93578985490266
P51805,5.406276010975904,4.351438949944866
P51809,6.1438466069561,5.993649850159042
P51812,5.425485503916736,5.312919259670315
P51858,6.20871019674582,6.802836605007992
P51884,5.526016961598338,5.165436476548029
P51946,5.7955899815511245,5.459501568800602
P51948,6.050664321075368,5.731051732113737
P51956,5.634887377414985,5.447368413944926
P51970,6.50982752462653,6.538694824630927
P51991,6.578446376449508,6.905549774979985
P52209,6.5258081487627155,6.463131584870547
P52272,5.953262753956727,6.374362694174268
P52292,6.361408353751377,6.318628965096096
P52294,5.651062708442452,5.716687232313096
P52298,6.44912936595294,6.535586090514589
P52306,6.030182480379697,5.764963786432122
P52434,5.743856879175211,6.309467802170737
P52435,7.445476410838791,6.410440630466507
P52564,5.956250234687152,5.691264888975831
P52565,6.9684561872405055,7.182265697246772
P52566,6.5499271367753895,6.278232969363851
P52569,5.368887020941178,4.79940059709028
P52594,6.013198736572917,6.075261326267087
P52597,6.273289488276427,6.47056934457902
P52630,5.6401443864849075,5.343508800746455
P52655,7.039370553279006,6.341344750387057
P52657,6.864543861603354,6.271499653256858
P52701,5.748143847154202,5.462413924767402
P52732,5.81647113245017,5.147575692179231
P52735,5.533836525351141,5.037118895678359
P52747,5.785387571204884,5.163554448656238
P52756,5.680057962603163,5.363268411309831
P52758,6.327489269953848,6.192380950389392
P52788,6.297513482370118,5.957661625757667
P52789,5.663564427320663,5.628434207570716
P52799,5.603859412171039,5.357856969932488
P52803,6.679300135446997,5.661010166253123
P52815,6.89403285248118,7.231033929825737
P52888,5.67638151504107,5.592811631205248
P52907,6.183945161518048,6.622543126967187
P52926,6.3999216836201285,5.800544593842993
P52943,7.011673397216068,6.7932792992724575
P52948,5.656516677313623,5.316805753227043
P53004,6.145966917376222,6.472122237183061
P53007,6.0690287170687505,5.864855374344453
P53041,5.910731509337634,5.771759288644987
P53350,5.961844421145813,5.343993964926223
P53355,5.552956260746323,4.400705440992285
P53365,5.876985256109173,5.739755188499824
P53367,5.846955042034479,5.705177947568037
P53384,6.069199541052458,5.899272246777115
P53396,5.850573074070107,5.763530205028048
P53582,6.5226038898970105,5.768662672558971
P53597,6.5985358981794455,6.175194726127907
P53602,5.784347614447199,5.577505698006353
P53611,6.499938923234863,5.961685481852816
P53618,6.002842211098663,5.764963396120067
P53621,6.023719520322029,5.757437061593162
P53634,5.52160563659072,6.054939006879357
P53677,5.889880693464114,5.190573409209707
P53680,6.568718793284315,6.633989476422054
P53701,6.061969655324186,5.888304836383568
P53803,7.702157311748071,6.668763729007372
P53814,5.366446961044649,4.992661822324147
P53985,6.142553280219236,6.173542087199273
P53990,6.245242936557677,6.08146768333604
P53992,6.039242786500389,5.672021388507296
P53999,6.740229918716702,7.283437731299468
P54098,4.93293152971107,4.635042156458681
P54105,6.145024874505356,6.522518452981325
P54132,5.357477788418713,4.791704277100556
P54136,6.302587519972604,5.9696498119649695
P54198,5.389480210255038,4.960807626908484
P54219,6.437320317438928,5.627746410687921
P54252,5.496589466851442,4.923937402677865
P54259,5.673892868790757,5.599039537407047
P54274,5.563619408582766,5.370890294985463
P54277,5.244455413027801,4.722387457911097
P54278,5.540035205017957,5.220476871460077
P54284,5.800254837753269,4.967491426138231
P54289,5.533380998433982,5.340564010844101
P54577,6.38114395791319,6.059323588740901
P54578,6.204947820066532,6.085519975747632
P54619,5.976561706933235,5.747043430400741
P54652,5.8040053086473655,5.6116267312480765
P54687,6.2693643695344585,6.240055685620138
P54709,6.310448283124645,6.082717019341756
P54725,6.318039110859948,6.101812716861651
P54727,5.881909724149521,6.528146211316146
P54753,5.136481163248798,5.026730585664997
P54760,5.11821938013752,5.157398782931837
P54802,5.643018899271741,5.009882622486864
P54803,5.707479620318813,4.968373786296563
P54819,6.355460979027225,6.555907735712034
P54886,5.954026874525996,5.763997568776256
P54920,6.407128274764279,6.143758914664506
P55010,6.319595096428987,6.147783889480184
P55011,5.644491399663252,5.038919816264712
P55036,6.508334130993213,6.453697155894666
P55039,6.081631732645553,5.739824693864711
P55058,5.2666405595146,5.263769952216463
P55060,5.9304291955231365,5.963643972009231
P55072,6.092295960734994,6.110903130130518
P55081,6.061657805997179,5.84948949971862
P55084,6.349600432161397,6.232756203911688
P55145,7.121928427952853,6.810880497112743
P55196,5.347383818965861,4.862641349628522
P55197,5.361766886674942,4.507954666791182
P55199,4.851085900944275,5.010106360953714
P55201,5.106103784609067,4.935998664834411
P55209,6.267595196228033,6.62306500771256
P55210,6.1571411357722425,5.420976554024477
P55212,6.642488841765516,5.60053387963776
P55263,6.198472998658648,6.020602591307127
P55265,5.816470393866272,5.74614152382998
P55268,4.6978109613737775,4.116167880427785
P55283,5.20999353471042,4.978681686980524
P55287,5.351374404494652,5.408167025355941
P55327,6.199949902785842,6.4486067326971614
P55347,6.839858914531898,5.48151198488477
P55735,5.7512895208996335,6.253980969568552
P55769,6.435528858122365,7.176275868266391
P55786,5.991816785584828,5.778540666328329
P55789,5.849822999961284,5.592687481028038
P55795,6.326378503395761,6.052808853511296
P55809,6.29354502348094,5.891447913816684
P55884,6.00932501668243,5.964449590519821
P55899,6.1627890199244035,5.21196618655364
P55957,5.9061185469204025,6.161268622521563
P56134,6.2673492078397866,6.544786283587414
P56182,6.04399097552356,5.641282878340763
P56192,5.899082661310298,5.796642385728145
P56199,5.794079597635292,5.488348541818181
P56211,6.437113867037518,6.726446868163515
P56282,5.291106305892708,4.6761044236675176
P56377,6.342454070582061,5.93069490602477
P56378,7.112257242351891,6.99688124261122
P56381,7.599115765374929,7.352135844226678
P56385,6.603975355962361,6.92211642913395
P56524,5.103974495994684,4.774072329810874
P56537,6.522748101856831,6.827286018611551
P56545,6.2104120093594695,6.118931517269623
P56556,6.749491866791919,6.237407252964397
P56589,5.752682318024925,5.218513118992153
P56730,5.816351087515851,5.82685679343184
P56937,5.754133968660955,5.767210940560871
P56945,5.376105199186771,5.048468429164067
P56962,6.190690556775784,5.887060173474255
P57060,6.063410035370673,5.6546840692393445
P57076,6.004533447286267,5.772892532320906
P57081,6.068447958180223,5.520419471092456
P57087,6.032734066803943,5.698964189688271
P57088,6.40379408261977,6.519901693195414
P57103,5.6921073762453265,4.909396189152793
P57105,6.596198302238976,6.268333123899496
P57678,5.735230330386751,5.198136293389256
P57721,5.412171801782945,5.547214317545127
P57723,5.794562392433645,4.988382700806731
P57737,6.004969362923688,5.200227338016919
P57740,5.823821937131859,5.46584252629714
P57764,5.679392855187327,5.624717582266913
P57772,6.1458762775097915,5.529855094590536
P58107,4.433161272114489,3.869639918481138
P58317,5.431083243659913,5.039365265335358
P58335,6.241751161880558,5.439457897102455
P58546,6.788505644085136,7.227922045799888
P58557,6.622009006986826,5.625522708740015
P59190,6.019878110074506,7.121354021666862
P59768,6.328148272359907,6.65682860528564
P59780,6.321192392076821,5.8691660374850665
P59998,6.712804988144605,6.910291835350209
P60033,6.854019817848725,5.93607117383554
P60174,6.692614480386572,7.0665479017274695
P60228,6.097554246657399,6.059296461025056
P60468,6.419055210829102,7.18892741890529
P60484,6.047807130427945,5.444213150878306
P60520,6.869555201299173,6.562690818698268
P60602,6.798658515014981,6.782833041905125
P60660,6.254551935573527,7.193710697159252
P60709,6.428765660225943,7.710343710311698
P60842,6.35281906746554,6.755175582192205
P60866,7.0069093733952315,7.535614742379634
P60880,5.855141757802569,5.925103696233427
P60891,6.01861586327596,6.004836999640174
P60900,6.482607027891816,6.624824825946892
P60903,7.141991440431558,7.1033128475344345
P60953,6.325061477252193,6.294508835775458
P60981,6.760597414250153,6.734979077928369
P60983,6.567146269656787,6.614428862154096
P61006,6.503904065896705,6.284396495686879
P61009,6.207043196553556,6.666506211471312
P61011,6.2045541331358045,5.746534457669349
P61018,5.8545673028214384,5.44791501590849
P61019,6.774595938383289,6.259103076977247
P61020,6.200933078245803,5.993417560121193
P61024,6.604835612434297,6.8778009593188525
P61026,6.672879236529186,6.282610460830815
P61081,6.566973857545374,6.680795859078698
P61086,6.29451796216731,6.511032128484445
P61088,6.6618512106975265,6.72366973689787
P61106,6.253752679636138,6.360012580907593
P61129,5.1917149572562815,4.77420955768339
P61158,6.108784413216538,6.310215974464548
P61160,6.5000604905851915,6.471441363391699
P61163,6.176576736540408,6.260699737211774
P61201,6.341221662548207,5.874901180610267
P61204,6.452676888695054,6.997163236919187
P61221,6.074223572497431,5.934945321162952
P61244,6.2352615297439,5.761061483429346
P61247,6.41546702312708,6.742583330595487
P61254,6.7826336894522665,6.083273600757955
P61266,5.805551357633556,5.231466219847152
P61289,6.5028649726305,6.232387403905979
P61296,5.867266422186918,6.274149624115815
P61313,6.5434089555872745,7.021940734574836
P61353,7.2283836187129795,7.477594667319265
P61371,5.906950460429708,5.657201053850579
P61421,6.76350571752881,6.215363100357113
P61457,6.840888738213257,6.491617754057405
P61513,6.742111868279727,6.795338763728728
P61586,6.766659440723404,5.557463709587178
P61599,6.248454242807466,5.774428936224393
P61601,5.98571030341974,5.372029869460924
P61604,7.180352912604458,7.858816456394583
P61619,5.732688098970965,6.076780310733831
P61758,6.147234855948372,6.379848366604874
P61764,5.811656340164973,5.737631073544689
P61769,6.4108057319581455,6.559605855277166
P61803,6.819025915317847,6.730144836982023
P61916,6.71241155990459,6.495519095233503
P61923,6.141809065043983,6.669923199501371
P61952,6.591055514544049,6.927590250749242
P61956,7.347893184833934,7.088926348690138
P61960,7.857078620858,6.804497643849809
P61962,6.063430510912507,5.83890483775405
P61964,6.389789271175806,6.189645839052627
P61966,6.256078873930988,6.1415617079559
P61970,6.636791350608011,6.93827487013743
P61978,6.268592288108381,7.096864448284375
P61981,6.410575204426161,6.672330452759388
P62070,6.239283503402315,5.810342001257716
P62072,6.520769051972186,6.301665575003292
P62081,6.801988204744935,7.174391742844145
P62136,6.089136917786771,6.410684268987756
P62140,5.933260631940257,6.387138485287168
P62166,6.574259423493437,6.020490340594051
P62191,6.51500649275539,6.103757253738033
P62195,6.313311509935254,6.14021825348874
P62241,6.521631282512632,7.146231570916824
P62244,6.6425362056030925,7.219008963767192
P62249,6.588863208478175,7.207348098699747
P62253,6.432506531860337,5.7545998281420925
P62256,6.8962689366598715,6.386793732664918
P62258,6.230468119775125,7.05712180652705
P62263,6.644125365717397,7.527118159287919
P62266,6.97020458598732,7.246422219394107
P62269,7.198577220623285,7.272804885060459
P62273,6.891463898910475,7.505687623060378
P62277,7.1776242502423555,7.102265454248252
P62280,7.188485603330367,6.883126699909665
P62304,6.656971435014176,7.00886837743697
P62306,6.677584246628122,7.409691195809657
P62310,7.047071683837535,7.252023388350873
P62312,7.4367019270797,6.903503017625662
P62314,7.578635676038347,7.213523490427292
P62316,6.757522734697716,7.292398478689258
P62318,6.465329378326681,7.212029843737644
P62330,6.454447252493278,6.475731197741245
P62333,6.717933323924149,6.161253086716558
P62341,5.730502818631608,5.677807288889725
P62380,6.204749774571704,5.94537232776775
P62424,7.234992170950921,7.222130348504438
P62487,6.228336318063416,6.038400007855958
P62491,5.807611496324793,5.777903471378009
P62495,6.24645687647725,6.215536439857978
P62508,6.238773829081911,5.145905146123991
P62699,6.2457092473701845,5.988970594555485
P62701,6.7719323825949544,6.842035039096283
P62750,7.071996910542872,7.330818069318268
P62753,6.540916459923151,7.099024441664417
P62760,5.875797436161049,5.431888733048856
P62805,6.786505403235583,7.9015414410578515
P62820,6.223372998610638,5.848309317344936
P62826,6.331545259855273,7.338545187470101
P62829,6.642505394319727,6.973122713934548
P62834,6.29523463415118,6.5064194373763735
P62841,7.01241332627452,6.962245079915812
P62847,6.6461016449610515,7.037976521976011
P62851,7.298752036676994,7.775609539054674
P62854,6.425695258541314,6.186223200480075
P62857,6.84257080688729,7.859160747840079
P62861,7.6469178335969135,7.789134054089532
P62873,6.219240791459946,5.332611231555518
P62875,7.123293673061768,6.851062212568646
P62879,5.803798664033192,5.484100163905841
P62888,6.87316795246511,6.738395018941502
P62899,6.9518863045354795,7.289511385891616
P62906,6.987407854624315,7.089218148990454
P62910,6.829056734921293,7.195615268106222
P62913,6.739025452799403,7.34995069166316
P62917,7.085221419917927,7.0545656585141865
P62937,6.395228749227215,7.851090228293698
P62942,6.494840839625421,7.397253766387976
P62993,6.45214124404096,6.224432243947637
P62995,6.314421056309705,6.959360555328354
P63000,6.774421075649742,6.659322016954072
P63010,5.932837523312884,5.739636152241487
P63027,6.583205748629854,6.259608255692178
P63092,6.374924542093085,6.666416813325309
P63096,5.390889159348377,5.758717870898809
P63098,6.628188452714251,6.346957947191389
P63104,6.358177462229785,7.243315021470575
P63146,6.624334029303508,5.8312125707619895
P63151,5.830542717435431,5.9289960931115
P63165,6.900058377739697,7.0690184106001706
P63167,6.739334892310877,7.165990209029357
P63172,6.915553189167543,6.597753884936662
P63173,7.384555631282403,7.633721454122362
P63208,6.773942949724606,6.630289002485839
P63220,6.794605728594203,7.4296610252970785
P63241,5.630804990168756,7.121347631244652
P63244,6.640316695062495,6.760801042672556
P63279,6.804675528009779,7.105453808699348
P67809,5.894770614094686,6.754430195333601
P67812,6.901639836690319,6.429888117886412
P67870,6.497580879525925,6.6072070103262615
P67936,6.513910212917754,7.045141111588106
P68036,6.83903352914534,7.002880770495789
P68106,5.989368789815169,6.022162225855773
P68366,5.957430371199037,5.311335362285089
P68371,5.751035446668968,7.516312649975893
P68400,6.055422067870787,6.103193634694771
P68402,6.198874994491165,6.581629512627789
P69849,5.798795469398926,5.027698834916793
P69905,6.899038094547716,6.680097190724933
P78310,5.608878125341823,5.569419915602072
P78312,5.3898981478596815,4.811276348603206
P78316,6.217154578337683,5.338997889988574
P78318,5.994981690925547,5.467295593617592
P78330,6.3952395812149705,6.16835326561378
P78332,5.738157321258732,5.10720877327678
P78344,5.839138497112186,5.535649584233996
P78345,6.1656291791911295,5.299607769960764
P78346,6.52441112816973,5.957470889010405
P78347,6.071313412974032,6.003125657695161
P78356,6.012226556994587,5.4562618909281655
P78357,5.39141864896281,5.155014467681507
P78362,5.725209911561322,5.288885563374574
P78364,5.585574527140231,5.149532051394479
P78368,6.063949396689077,5.225431447369745
P78371,6.325111301294876,6.385032588684764
P78383,6.200944141528607,5.438571626187371
P78395,5.880761444451363,5.315465592042536
P78406,6.475869949626945,6.124781342316664
P78417,6.410520400768515,6.714869336481762
P78524,4.908252906869553,4.874834763374054
P78527,5.435986521975522,5.254174898523385
P78536,5.792342782611934,5.282967823615169
P78537,6.509219287752679,6.002749853404481
P78540,6.1781131780472,5.444337285234438
P78549,5.774479354968081,5.270177978766772
P78559,5.3704362446121685,4.730921460641988
P78560,5.540194146570242,5.952527253864123
P78563,5.149002847823686,5.57042821744774
P79522,6.853971154772466,5.620989621519064
P80303,6.218712239528424,5.8727717031010025
P80370,5.829675616878009,5.747223923504974
P80404,5.851649163921408,5.372547329286883
P80723,6.260278751427839,6.111040169945662
P81274,4.919919252480587,6.218852454243846
P81605,6.46398837181417,6.71379413464437
P81877,5.794324815299476,5.42112951842597
P82094,5.353988196230683,4.992971927755468
P82650,6.049731487176703,5.918349592622629
P82663,6.247389736251508,6.086885595050644
P82664,6.968024304018322,5.879888345271379
P82673,6.31815561463699,5.9076785944755885
P82675,6.091706809381133,5.5422139245946695
P82909,6.767676569103823,6.350474826116441
P82912,6.6828469504205135,6.068199904386157
P82914,6.089236696693531,5.798310720398359
P82921,6.111132780802208,6.1739917216796245
P82930,6.295380894910712,5.8268709795828855
P82932,5.906814800715663,5.856989151285877
P82933,5.84694978071953,5.461204118220824
P82970,6.216587275793089,4.9967750326943765
P82979,6.719691986252123,6.786810871318718
P83111,6.315041841773343,5.389558268753057
P83436,5.545964074124674,5.09723964864228
P83731,6.620674043761941,7.0526647712044905
P83876,6.414451493990491,6.208685225310605
P83916,6.196798669362936,6.774218669902497
P84022,5.416934165706648,5.182116142931255
P84085,6.332681102989053,7.062977955975528
P84090,7.0121119733952835,6.792228200686614
P84095,6.002157451821814,6.12890048283468
P84098,6.920647108880567,7.166818124849678
P84103,6.6300843804208185,7.737375143323873
P84157,6.473353596168202,6.548804400823068
P85037,5.882175865328678,5.519918111501116
P86452,4.761786849898847,4.7665829505471695
P86790,5.842523132682709,5.437617178873472
P98082,5.646122953299091,4.852456100901615
P98160,4.478956498010313,3.9839425885767854
P98170,5.222902208005905,5.732462753150683
P98172,5.696186659481662,5.201836000466866
P98174,5.314991010280412,5.1121885522893695
P98175,5.783021162162743,5.890716700510805
P98179,5.8438950462282975,6.638529215820226
P98194,5.677353682347508,5.109282278382273
P99999,6.951633590210877,7.181947667874814
Q00013,5.621408549634209,5.269304827556315
Q00059,6.250157852055875,6.07474708656511
Q00169,6.5647714689176455,5.783443415806622
Q00325,6.261575587134077,6.526196234039048
Q00341,5.897537479450036,5.561942632773865
Q00403,6.405612469517173,5.646658841855261
Q00534,6.19005585935551,6.079132754167851
Q00535,6.084637506901268,6.074428851831856
Q00536,5.776101494612266,5.026000972046932
Q00537,5.916425004396551,4.988727064425128
Q00577,6.5834515425254,5.8130576578479
Q00587,5.625878151103387,5.376081180717915
Q00610,5.900093211686451,5.928015437626244
Q00613,5.956338163999027,5.519237634330223
Q00653,5.759129935987978,5.834502625721325
Q00688,6.755446256245865,6.488685117926255
Q00765,6.584226701300167,6.651547312334063
Q00796,6.01780419347585,5.922976000650505
Q00839,6.2573433393369555,6.896683125093702
Q00973,6.389545485521188,4.930084911455471
Q01081,6.381111118806377,6.712581273745845
Q01082,5.674411888565359,5.5202477026600745
Q01085,6.394571959975215,6.243328278361147
Q01105,6.198126072985989,7.266876773434088
Q01130,6.732631839230374,6.830844033031385
Q01167,5.825130428936542,5.321596236816561
Q01201,5.702949441284316,5.116918243834634
Q01415,5.6985807168938925,4.996202160878994
Q01433,5.936283741964555,5.479431224754844
Q01459,6.113780090618706,5.246357779518962
Q01469,7.011156261171539,6.729468143776963
Q01484,4.837445931772345,4.484936242281004
Q01518,6.135032998000664,6.248478898399703
Q01581,5.987318130665559,5.520858663931967
Q01650,6.422219923763068,5.855680930078028
Q01658,6.889686915272739,6.371379743784063
Q01664,5.945616132911335,5.12974735309049
Q01780,5.867605426571574,5.369963596881114
Q01804,5.245959760416654,4.8837676089073225
Q01813,5.80060933048566,6.000532938763357
Q01826,5.057650890262298,4.624650679027716
Q01831,5.81958398346266,5.052567609100788
Q01844,6.596872252954181,6.525589547941273
Q01968,5.528082298321494,5.349830595836449
Q01970,5.337535971799534,5.245831709238922
Q01973,5.617094043912454,4.837726605677345
Q01974,5.65234754112546,4.8683988525365445
Q01995,5.765937745769412,6.026943210562218
Q02040,6.0940438313388725,5.524693351858668
Q02086,5.525566933595527,5.292139710008192
Q02127,5.6659510734848775,5.416320226840164
Q02153,5.146802277845584,4.741290566097526
Q02156,5.316121024905741,4.990738061420927
Q02218,5.736512185548224,5.33113239388464
Q02224,4.648595694357679,4.097493160257967
Q02241,5.460298075396826,5.272573602002189
Q02252,6.150146011274996,5.48739760032009
Q02410,5.341453146539983,4.842668567387431
Q02446,5.630398939091536,5.700949118399705
Q02447,6.249793535183295,5.855509252982205
Q02543,7.24859492454426,6.807328336267105
Q02750,5.941497140600159,5.891320851856965
Q02790,6.529918824919663,6.3733139497889
Q02809,5.571423448865254,5.568219481087488
Q02818,6.066825374148994,5.82285011295483
Q02833,5.921242730495431,5.2035921067746855
Q02878,6.7910305550395265,7.071570389437964
Q02880,5.707714722577535,5.431123415042619
Q02952,5.482611378531891,4.979542782741003
Q02978,6.312996491698344,5.977497016509888
Q03001,4.8484716467463,4.145267936928761
Q03111,5.6701629093927055,5.567996894946785
Q03113,6.712302858987231,5.472855632003529
Q03135,6.383354502270604,6.037617527355977
Q03154,5.861020933314103,5.499466235942483
Q03164,4.9107627217309275,4.365739214829718
Q03188,5.453762537091106,5.281751865970753
Q03252,5.9551269154156135,6.107794912846222
Q03393,6.2130387856488625,5.569288128337846
Q03426,6.24636388584414,5.63628248951148
Q03518,5.32748111265988,5.082776519414996
Q03519,5.661411682080516,5.0093820721460585
Q03701,5.835125212333994,5.576012499755311
Q04206,6.116036547225635,5.819924390727217
Q04323,5.89982868922363,6.255232132122474
Q04446,6.074021875870723,5.510808961851778
Q04637,5.843140242396932,5.704860324971008
Q04656,5.465937369374079,5.026913790924718
Q04721,5.304072505076467,4.698718457014494
Q04724,5.828605945281148,5.119544394533143
Q04726,5.3640789058378715,5.462511074566246
Q04727,5.430347044724884,4.789060463025219
Q04760,6.624375864357072,6.934933012927997
Q04837,6.767390481957403,6.992198277570063
Q04864,5.744409715801595,5.081324116074666
Q04917,6.383732943651049,6.614445794375898
Q04941,6.744672282246595,6.903320835413966
Q05048,6.204079822136871,6.024821038437763
Q05084,5.866412531023075,5.080012704548375
Q05086,5.340038847564169,5.170420779998257
Q05193,5.579156002782208,5.354769066135549
Q05209,5.486372463901928,5.230655439644982
Q05397,5.732040434618158,5.057634479563085
Q05519,6.1050812397235354,6.326740510467213
Q05639,6.249656761776032,6.652471496065185
Q05655,5.514972197128767,4.96040333091236
Q05682,6.336695796440667,6.1471422783548455
Q05932,6.023649593580814,4.96873943285049
Q05D32,6.4448370292558765,5.627284512338383
Q06033,5.715034632238144,5.573611950961396
Q06124,5.640611662319627,6.0614604147531015
Q06136,6.242038841397476,5.515837424003886
Q06190,5.144125712528272,4.19311549340465
Q06203,6.1613815730382715,5.779094358679788
Q06210,5.808652134649343,5.584287826752868
Q06265,5.9352353969592935,6.090496323983343
Q06323,6.82608623168086,6.695755582274169
Q06330,5.776031597390001,5.47883962835592
Q06481,5.807914287305888,4.98225169514622
Q06546,6.0761060211453035,5.475091396536263
Q06587,5.861300487006108,5.972233530454585
Q06609,6.601399790735496,5.280784500051507
Q06787,6.0117984723085325,5.5127953481754375
Q06830,6.6067750266516665,7.33173634093556
Q07020,7.021098180303788,7.293467938178269
Q07021,6.163435622747139,6.900143557487402
Q07065,6.055149520668325,5.851177951661536
Q07157,5.4662849410985155,5.023161780298369
Q07343,5.856040712208405,5.15606961388743
Q07617,5.181721101858014,4.516317804480301
Q07666,6.560372445779561,6.870268660996253
Q07812,6.305201778701964,6.338336716040574
Q07820,6.000365693927975,5.552862121218777
Q07864,4.736708773479245,4.409007037083796
Q07866,6.341852125464833,5.871782552053081
Q07889,5.484530756254509,4.6864400432679165
Q07954,5.243259484160724,4.524816475423567
Q07955,6.391455176906392,7.030562444561806
Q07960,6.370989602514271,5.830097078675042
Q08170,5.948016989344008,6.376630690727542
Q08209,6.266513661315749,6.035782285528248
Q08211,5.83070627412241,6.13759990012033
Q08257,6.115827092260263,6.107425058186205
Q08357,5.874422591468614,5.215997156317159
Q08378,5.296669799242193,4.79609469674628
Q08379,5.62183417743616,5.276135947316271
Q08380,5.873103233443612,5.785351605168816
Q08426,5.657560574179845,5.025577621900912
Q08431,5.912690653502814,5.548618643962943
Q08495,5.660388722049495,5.359228208265548
Q08623,6.319264470214691,6.2625541338794495
Q08722,6.5188779472082725,6.337464408348911
Q08752,6.157904567183596,5.930731995995993
Q08945,6.13410269681521,6.219197441591959
Q08999,4.232068311552314,4.197986720565157
Q08AD1,5.3645107602291695,4.920494249795302
Q08AM6,6.018630649151005,5.3507305543081
Q08J23,5.772920400887202,5.821510255193956
Q09028,6.26066474139529,6.582035220771546
Q09161,5.61690667580184,5.738895897038501
Q09328,5.824258516024967,4.945523033984191
Q09472,4.843123308089687,4.68549143941682
Q09666,5.420250952897521,5.004470704565558
Q0JRZ9,5.580094318046914,4.854663155842522
Q0PNE2,5.868693299395718,5.4471083698654095
Q0VDF9,5.707899837099587,5.5621732760216
Q0VDG4,6.2268996545505475,5.266335864360675
Q0ZGT2,5.762736600292034,5.408371804013862
Q10469,6.040378461987897,5.320745072587852
Q10471,5.884721662421324,5.5451472605856
Q10472,5.933606827003155,5.286881312345186
Q10567,5.973207221152373,5.780491274105016
Q10570,5.5648338220341635,5.288704064138707
Q10713,5.804311311564998,5.838229929209103
Q12756,5.3021297354342565,4.896438561594291
Q12765,6.123336092864722,6.126419186634189
Q12767,5.929597127377384,4.644845120231369
Q12768,5.513350115457137,4.95057463732996
Q12769,5.619264076917033,5.364826897912996
Q12772,5.039945590998691,4.872372370935561
Q12788,5.851631607059748,5.572451786144985
Q12789,5.533083796548002,4.919401027158791
Q12792,6.036858580840331,5.741966966591697
Q12797,6.122491637067679,5.417139760366835
Q12800,6.436567297548642,5.76289117104908
Q12802,5.118254684126787,4.765706634518147
Q12809,5.202955586322575,4.893764635860848
Q12816,5.639022890904696,4.627221128135572
Q12824,6.392416473915473,6.08845550349999
Q12830,5.137835162861281,4.7309432827349465
Q12834,5.291183688716663,5.367142215538762
Q12840,4.870680319175948,4.456385986013117
Q12841,6.22020363312701,5.666630961448794
Q12846,6.211586141402483,5.680470055380046
Q12849,6.281738090336952,5.647090911784112
Q12851,5.479648995059286,4.828987707948194
Q12857,6.026293732321897,4.5050264433103
Q12860,5.512320953095409,5.530019740854831
Q12872,5.91283003238827,5.25866791906622
Q12873,5.04260798143163,4.750463896510571
Q12874,6.1968768418051265,6.081220068332325
Q12888,5.633123872429605,5.2429404962837465
Q12893,6.058047259761606,5.727232112125924
Q12899,5.736168988212512,5.143643407194158
Q12904,6.319268938746454,6.212366455859444
Q12905,6.468337745235904,6.683335584477988
Q12906,6.102119369649225,6.414630419804544
Q12907,6.394564415805874,6.340085747782694
Q12923,4.7732335755428,4.251348519230506
Q12926,5.720671446495926,5.851717346978607
Q12929,5.591999503942575,5.008453012996417
Q12931,6.012746863669323,6.540966940925752
Q12933,5.731536496518483,5.54054548180701
Q12948,5.382587579930708,5.356775398993996
Q12955,4.544257831124453,3.728851975578669
Q12959,6.0104196464704795,5.38317471488451
Q12962,6.132743498651391,5.96787337629608
Q12965,5.0003351062548,4.899987913192744
Q12968,5.711440829683951,4.906717053012723
Q12972,6.525935552597447,5.863118627812547
Q12974,6.875137774493519,5.934094335927391
Q12979,5.522881866791007,5.0943571676581625
Q12981,6.450835454408406,5.668965565256146
Q12982,5.525889796579807,5.544615295837618
Q12986,5.275910990441776,5.0186096908069775
Q12996,5.907857623235579,5.753738847013976
Q13011,6.074300462598043,6.190178174159644
Q13015,6.904969954416135,6.526377636539905
Q13017,5.3757756065736695,4.701867234959892
Q13029,5.139166072445468,4.47958031876838
Q13033,5.636964676580929,5.561415527418723
Q13042,5.85988095340706,5.453048873187715
Q13043,5.928650357578829,5.409461686720483
Q13045,5.537582507156597,5.100657457833763
Q13049,5.6538617982161234,5.044423334460221
Q13057,5.824109576892809,5.359884108821557
Q13084,6.418916333579302,5.671090081954719
Q13085,5.278224141331831,4.832439057314706
Q13098,6.135599773554507,6.156699700857281
Q13099,5.47447762475781,5.012906336514584
Q13107,5.736145020269337,5.136856014034111
Q13111,5.609640057726931,5.308763237887599
Q13112,6.053857625495264,5.417489619944245
Q13114,5.241375473112933,5.523186910506453
Q13115,5.495048241639168,4.997835215315018
Q13123,6.23345751827587,5.851202811124057
Q13126,6.612109918849297,6.106657621346141
Q13129,4.987262932554846,4.596466418303586
Q13131,5.773428998059518,5.489429362237342
Q13136,5.2949547679424285,4.829625390146683
Q13137,5.787274506654141,4.924754845322023
Q13144,5.662216580218589,5.50539880485669
Q13148,5.827947304828695,6.580792997336356
Q13151,6.188586700893367,6.767331204498729
Q13153,5.817193838361725,6.162652118566983
Q13155,6.325205629289374,6.28336669140791
Q13162,6.725870882010888,6.571414879008055
Q13164,5.843557397916134,5.192339176509185
Q13177,5.964950690555285,6.089171455364234
Q13185,6.655482011757032,7.393533849128792
Q13188,5.832653038370628,5.19432575206818
Q13190,6.150030265647076,5.575318277036603
Q13191,5.271099472063239,4.588781802796882
Q13200,6.135938964421767,5.7816485390296135
Q13206,6.027768100608457,5.129265541436128
Q13207,6.150000478950632,5.419554808891059
Q13216,5.948475998866161,5.84936448640051
Q13217,6.051004773266969,5.720295569122147
Q13227,6.114330009430281,5.7342603152084966
Q13232,6.349014147562822,5.852305059706893
Q13233,4.9913634843368655,4.771079922303007
Q13242,6.447957571862334,6.637694008594228
Q13243,6.656838258012058,6.50898954114389
Q13247,6.417415227438197,6.709675422808255
Q13257,6.503113644033265,6.205395049651598
Q13263,6.2032204547199665,6.3272498618475375
Q13283,6.241423260370575,6.332025310412735
Q13308,5.856726619902643,5.499927191303013
Q13309,5.766981584142666,5.407861119701494
Q13310,6.18521195670502,5.968203453128793
Q13315,4.818297860537898,4.225504968625032
Q13325,6.06125548593195,5.392094152309718
Q13330,5.901553664364117,5.608684642806975
Q13332,4.96712563679255,4.563231561638755
Q13347,6.463690695291773,6.227983841042679
Q13352,5.77412092940292,5.987001069267953
Q13356,5.901872675080721,5.241911224209474
Q13362,5.874958330429106,5.634505542406697
Q13363,6.37372280428748,5.917081258222495
Q13367,5.804923638058652,4.876173381523168
Q13370,5.058778342351706,4.787123593830049
Q13371,6.030140816216042,5.635266602750736
Q13394,5.7541724099702565,5.673575895254208
Q13404,6.271494629436748,6.801179305956236
Q13405,6.289406558582837,6.127522056511455
Q13409,6.142978487352519,6.174565089685096
Q13415,5.244980402519079,4.688876655704171
Q13416,6.121923633901259,5.822467672750955
Q13418,6.098719640270096,5.72059182785386
Q13423,5.997265726605519,5.614184669160463
Q13425,5.9277467962937065,5.603082841112745
Q13426,6.253711249579688,5.804810406532333
Q13427,5.891897021895854,5.871658810130209
Q13428,5.8422273100818325,5.606408904248545
Q13432,5.682454024049768,5.326340774303994
Q13433,5.849604922099088,5.631492312134719
Q13435,6.202030902532787,5.980768524446072
Q13438,5.924629048745945,5.294406100709997
Q13439,5.128121592170481,4.490467907147555
Q13442,6.800157449660434,6.968867304202334
Q13444,5.304092644196492,5.146489054379481
Q13445,6.307485235865965,6.096414072172744
Q13449,6.329000842035308,5.938701376685582
Q13451,6.153739449681844,5.625601460636404
Q13454,6.163519407755407,5.6746999899076735
Q13459,5.103811592526208,4.657422660446904
Q13464,5.242693357226767,4.773425587307481
Q13472,5.762028614661208,4.889320344748212
Q13480,5.653404438677182,6.111772879670671
Q13485,5.947506851199815,5.52148988691501
Q13490,5.99258937335928,4.847598089431323
Q13492,5.991204812251567,5.907581150092594
Q13496,4.218370002673967,4.867905934549247
Q13501,5.75542627007467,5.876418042174957
Q13503,6.578369941546789,6.102148147589135
Q13505,6.0594412548419125,5.778544169383131
Q13506,5.9577646148874,4.888189023829318
Q13509,5.75860356705503,6.398617273494445
Q13510,6.462781801452907,6.084892775659659
Q13523,6.285188520998258,5.460798794962408
Q13526,6.385256218096109,6.567730574990832
Q13535,5.29348892779796,4.811729050599617
Q13541,6.500289136832112,7.338208221476346
Q13542,6.798094226526841,6.196933774540559
Q13546,5.827789791301642,5.310721732292994
Q13547,6.285860167922117,5.852098417150748
Q13555,5.418819267436913,5.1406427357695055
Q13557,5.914895700687049,6.631184438371223
Q13561,6.652132659751268,6.164667493028799
Q13563,5.148370046983253,4.668454693195009
Q13564,5.917630530410551,5.775314274476489
Q13569,6.587444683527355,5.558020963103327
Q13572,5.803295721753212,5.065447606757118
Q13573,6.23152755702311,6.003038447322021
Q13574,5.783142038929455,4.8111401261546245
Q13576,5.387592279671311,5.429972355496504
Q13586,6.064943106656634,5.31819705318747
Q13595,6.1253942376167005,6.559777855324706
Q13596,6.081033691488866,5.604689500386532
Q13601,6.215441781388057,5.6196898292964645
Q13608,5.256040731007476,5.166000234345128
Q13610,5.9026339722837475,5.626509619927732
Q13613,5.7764400612138145,5.214154902213416
Q13614,5.980834425203486,5.067980487120549
Q13615,5.241891363059378,4.594181881781561
Q13616,5.882719749496882,5.353672181955872
Q13617,5.8012762377432985,5.179079345598543
Q13618,5.749730929457465,5.43471871663839
Q13619,5.876817005142813,5.187496610903722
Q13620,5.860109653642894,5.373906280601503
Q13625,5.59748047791937,4.819130761570825
Q13627,5.790742294581168,4.969522985761702
Q13630,6.286126816349368,5.797370104662597
Q13637,6.1643739876157015,6.021308736471987
Q13641,6.043073829563944,5.633038986649012
Q13642,6.431992568604844,6.4423043397568005
Q13643,6.059454547711508,5.576226174671395
Q13671,4.642031043892096,4.965346999727135
Q13683,5.3689789801361645,4.77687088952971
Q13685,6.386371884664889,5.480040311736
Q13686,4.83348900110324,5.133729988176984
Q13724,6.048027443322086,5.526834293059818
Q13740,6.276679195624116,6.272862683764584
Q13753,4.230239392003668,4.813531684841102
Q13769,5.99969606390292,5.620279500097858
Q13797,5.693032384331566,5.101043133940215
Q13813,5.689829289540198,5.603855834389689
Q13823,5.507985235938488,5.354421539383491
Q13825,5.995042944339554,5.521873487784191
Q13838,6.020516755497228,6.147417821940223
Q13867,6.156736025119937,5.891982125215995
Q13868,6.193588029224131,6.18213691105006
Q13885,5.693490480365744,6.5906918572762905
Q13889,5.880506434299192,5.714818830752119
Q13895,6.276254248581039,5.85921787244413
Q13907,6.121535235959682,5.917672470034304
Q13948,5.371339214796263,5.151535639242862
Q13951,6.937666796784402,6.289256013028177
Q13952,6.384681934381516,5.9775862102447945
Q13976,5.775844920523621,5.034924310935848
Q14004,5.406544348303501,5.025077876775352
Q14008,5.504053879296144,5.142585220900926
Q14011,6.438642368339771,7.151497499767229
Q14012,5.740098000408598,5.687055569507285
Q14019,6.9915297542794645,6.496250940633037
Q14061,6.009093491743255,6.439298309198502
Q14088,6.025157360850499,5.474161385098244
Q14103,6.365505670803598,7.276398294595298
Q14108,6.168922520142123,6.162933188191979
Q14118,5.870418127237374,5.340515940527404
Q14119,6.0972741466312295,5.907107831253645
Q14123,5.45143506783485,5.046869068073123
Q14126,4.94754632638396,4.6216560503228035
Q14135,6.204709062782903,5.352105248833206
Q14137,6.086156614008175,5.778823694107743
Q14139,5.413938360945332,5.166467993844884
Q14141,6.38976766927312,6.53412793820068
Q14145,5.860358078005497,4.898707084977756
Q14146,5.592536440480114,4.790040405357878
Q14149,5.611063498144583,5.001551911250444
Q14151,5.400247124114057,5.645180830650035
Q14152,5.991389093808971,5.709619616972656
Q14155,5.787590496541328,5.4736749793510295
Q14157,5.8705132165224345,5.811691432330123
Q14160,5.523342650869765,5.082648284589092
Q14161,5.490051596764632,5.23149575946961
Q14165,6.342254544411478,5.972575390859703
Q14166,5.771080232843104,5.416097688314809
Q14168,5.471265396937829,4.520323069890011
Q14181,6.033317133905518,5.404631674022649
Q14185,5.184321836183595,4.473588275374047
Q14186,5.700667043147616,5.494502185682512
Q14192,6.272810593947796,5.599258247507382
Q14194,6.1114514916955915,5.92689184146368
Q14195,6.241227600984317,6.494883853151126
Q14197,6.151516560582017,6.166813351155691
Q14203,5.8678232708623845,5.443877207832793
Q14204,5.410660871676479,5.117489907518254
Q14207,5.045697949886424,4.614483922291989
Q14232,6.237509314151616,6.087803111638824
Q14240,6.74379338949479,6.068503793112161
Q14241,5.954894733654529,5.365350878069862
Q14244,5.409810521907545,5.40953786533315
Q14247,6.393506237488255,6.144706263292009
Q14249,5.799040534716867,5.561963606363488
Q14254,6.363930020864793,5.983883155928482
Q14257,6.143952549628327,6.329932782325422
Q14258,5.986620174871809,5.667112675894179
Q14315,5.458559953785638,5.249705807852726
Q14318,6.054518362048237,6.095059103363896
Q14320,6.109735355997995,6.133351783498117
Q14331,6.308006559405391,5.98665073940353
Q14344,6.267111528087586,5.79801347851183
Q14376,6.091803126777101,5.903745270969104
Q14432,5.25970687474262,5.023730779182621
Q14444,5.913048124272849,6.416713311497666
Q14457,5.412136412040514,5.306905973086308
Q14493,6.4737285036597125,5.239736464904151
Q14498,6.306735097167786,6.2381509737753245
Q14517,4.895751003829974,4.431466286012526
Q14527,5.480339261290662,5.043528912297236
Q14534,6.038530636660614,5.290643334917911
Q14554,5.848775171838941,5.797058417800557
Q14558,6.275782545305104,5.611444965223534
Q14562,5.620287552121608,5.034504580938775
Q14566,5.890085780428533,5.765978806779582
Q14571,5.204116298238764,4.29501455655685
Q14573,4.673592117741795,4.345554708278497
Q14576,6.202058033026567,5.95685857256728
Q14596,5.445316666475451,4.709229907151988
Q14642,5.893877381070206,4.924812235760839
Q14643,5.306399462703281,4.6664309236792025
Q14644,5.2941359561813774,4.759916610137701
Q14651,5.788371471512734,5.177615981653731
Q14653,6.130941259246942,5.248003274977793
Q14667,4.679160087602712,4.047154390652363
Q14669,5.12206219473193,4.847916019209386
Q14671,5.8209218089442185,5.308445747158917
Q14674,5.0871742418674355,3.727496480760105
Q14676,5.47717776694293,4.987135781135748
Q14677,5.910771161610362,5.9014420601134825
Q14680,5.714781292026529,4.947071373975408
Q14681,6.026179281411405,5.139917804125817
Q14683,5.965596068209024,5.565610887506575
Q14684,6.151792405797108,5.587199103974608
Q14686,5.320437240970224,4.782667451916488
Q14687,5.615885200126637,5.019553484774481
Q14689,4.482666742559401,3.966207724747247
Q14690,5.703801345666214,5.1573600412881895
Q14691,5.5934571500213695,5.72318940593425
Q14692,5.591029961477955,5.244247798314889
Q14693,5.410576444074556,5.128948231702024
Q14694,5.903133750369196,5.528892975675408
Q14696,6.856030815313242,6.482834858591653
Q14697,6.121870888578568,6.208420480352118
Q14699,5.951952885992915,5.698815538492975
Q14728,5.98298468248768,5.477541167256795
Q14738,6.177192243721898,5.723688504782942
Q14739,6.326808048255639,6.060930992753538
Q14746,5.408707385035928,5.260620550549578
Q14764,5.855319759579011,5.461999519518136
Q14781,5.87710211217319,5.359576988611172
Q14789,5.167203182701268,4.551900298923056
Q14790,5.350427864127585,4.9743270364500365
Q147X3,5.688761961320287,5.3402694177818155
Q14807,5.828984067690316,5.366355354942533
Q14814,5.597939596482548,5.524902795875596
Q14839,5.457175695664142,5.428800960074011
Q14847,6.343290290723125,6.309713310435278
Q14865,5.64772646336975,4.786363312898289
Q14894,6.095987293499308,5.537120537064854
Q14914,5.933868326077025,5.384583868944955
Q14919,6.225506589339451,6.398931251983682
Q14964,5.855787134631241,5.3867841542016155
Q14966,5.581653946268963,5.013614773049817
Q14974,6.053842502121316,6.218246962333389
Q14978,6.486541050774763,6.013054347494698
Q14980,5.602632636775489,5.543610541055599
Q14997,5.465856333168924,4.868068074665502
Q14999,4.912204806751459,4.589677430867123
Q149N8,5.281354888518214,4.367005392080459
Q14BN4,5.491603185371124,4.976495490561385
Q14C86,5.632378360417896,5.071875758950411
Q14CX7,5.518510415266035,5.376760703556574
Q15003,5.919348929699908,5.672234403256627
Q15004,7.229049695612969,5.966459810684823
Q15005,6.530353792119222,6.436501673115175
Q15006,6.299386113203585,6.045836309496477
Q15007,5.949326610396312,5.706797572816125
Q15008,6.362760252305133,6.116626905643649
Q15013,6.336923853646441,5.317933646367464
Q15014,5.938436202157128,5.731217392201177
Q15018,5.538783855723869,5.57982605508172
Q15019,6.268866895081086,6.336093466568108
Q15020,5.71574753571313,5.417162953258304
Q15021,5.807123937954232,5.171392118231795
Q15022,5.9336909164716065,5.296038569920296
Q15024,6.6741605519714575,5.833637466748905
Q15025,5.220939169058875,4.940811008504639
Q15029,5.933640269300131,5.880706346427164
Q15031,5.616896682483216,5.463508102405798
Q15032,5.460732595827259,5.1022135178091705
Q15036,5.447859663142982,5.5588097084287815
Q15042,5.945089876520741,5.289000002040111
Q15043,5.5989328414881125,6.247533706760143
Q15046,6.213647885591143,6.0240522914714445
Q15047,5.3316860916055635,4.835400734396116
Q15050,6.25542459256898,6.0775270956784215
Q15052,5.832382345109392,5.411750321438485
Q15054,5.848760567358237,5.367751501839487
Q15056,6.576859952969022,6.587538913598657
Q15057,5.670923361410303,4.920011513180156
Q15058,5.323279075408712,4.719080794462256
Q15059,6.053606255849788,5.618520781279944
Q15061,6.274076445254976,5.769968490334015
Q15067,6.34732200636878,5.730968616735322
Q15070,6.4252120270656485,5.933503023512966
Q15075,5.405875201740842,5.005793147518005
Q15084,6.4059024652188645,7.174473526936086
Q15102,6.452865144344638,6.313670792838343
Q15113,5.621498402586395,5.740320493700599
Q15118,5.331934336213476,5.500822591276836
Q15120,5.687315738266989,5.0356289599246296
Q15121,7.1185346660926925,6.512517103051756
Q15125,6.634221800548559,6.038453012125781
Q15126,6.336818577422237,6.311375337370519
Q15147,5.586160102218071,4.723326537836124
Q15149,5.23539187445213,4.860629564647245
Q15154,5.334424441136706,5.0186462643043885
Q15155,5.622303869306153,4.926275016684816
Q15165,6.419319920891754,6.093533005557707
Q15170,6.429218486382528,5.559990261816493
Q15172,5.412859559688691,5.188916769020019
Q15173,5.922067497715109,5.107920633339038
Q15181,6.490759586512187,6.373482542899454
Q15185,6.400857163050337,6.758530893546622
Q15208,5.910164930354576,5.321781067840576
Q15223,4.988330974950167,5.628985904216365
Q15233,6.20834384222107,6.712384121543252
Q15257,6.189887317955899,6.092877026288746
Q15269,6.016285034330091,5.392904826499645
Q15274,6.689919061222623,6.212196450102096
Q15276,5.645085707757417,5.093617609251494
Q15283,5.531560254745187,4.6938066873391024
Q15286,6.180651924206474,6.66280522818559
Q15287,6.495698467844548,6.554760160079622
Q15291,5.930161420156204,5.643602607891061
Q15293,6.565923248234367,6.422371535089734
Q15311,5.807146961000662,5.625835302067848
Q15326,5.787749476108239,5.083850176095802
Q15334,5.613700536214367,5.22343407769784
Q15345,5.8496770497659885,5.4426421330773085
Q15361,5.251431769880731,4.929798800698303
Q15363,6.408121850262145,6.663982650709119
Q15365,6.0632721626730035,6.595287322223124
Q15366,6.0734202910630195,6.692747150347561
Q15369,6.716377796793486,6.863851208849587
Q15370,7.154683667392556,6.854099754625127
Q15382,6.687439046523483,6.542195796904723
Q15386,5.5646226667517125,4.908893670157081
Q15388,6.927130572725521,7.051136463713201
Q15390,5.645192216739163,5.086635231412888
Q15392,5.621453990091272,5.643143660592329
Q15393,5.945923846788045,5.859580746101804
Q15397,6.151493168495254,5.610773933313795
Q15398,5.424321826940535,5.06324096614036
Q15404,6.33099872150574,6.126049954280524
Q15417,6.406951159326254,6.456003789815807
Q15418,5.726624872335223,5.132403502218011
Q15424,5.975499907619922,6.129777829807432
Q15427,6.689440626878968,5.930365972459719
Q15428,6.456916120251046,6.306401297148093
Q15434,5.982276148743849,5.493676619454579
Q15435,5.980103317464853,5.799882957206034
Q15436,5.640251540118409,5.502479822422217
Q15437,5.859673942705512,5.58785055170336
Q15438,6.180893461566615,5.318037959325372
Q15459,6.006238384531949,5.98435432996046
Q15464,5.509904472940104,4.890501337034905
Q15477,5.565718174280146,5.053960708026343
Q15506,6.256257272295777,5.962525103004871
Q15526,6.009607611329187,5.783378054587154
Q15542,5.718000001409729,5.053640862133202
Q15545,6.051582111144484,5.949805850081107
Q15554,5.557124599250077,5.421952682803593
Q15555,5.818683749542099,5.696157284719817
Q15572,5.450160583374566,4.709228179337004
Q15573,5.286882874869766,4.957497424855303
Q15596,5.3644374001256,4.9306980389769155
Q15599,5.905662763817178,5.519062052062506
Q15628,5.702510613080671,5.302644534036221
Q15631,6.69502038920441,6.309201044011429
Q15637,6.200599491619592,6.091069252422347
Q15642,5.857074124738344,5.515504754005623
Q15643,5.355426307563537,4.646611189328112
Q15645,6.031855773112136,5.63832733236369
Q15648,5.356014086280574,4.865257741911267
Q15650,5.998784775201758,5.543659322979343
Q15652,5.057248559944576,4.520709103531531
Q15653,6.12633356680797,5.495273115310781
Q15654,5.241692442105817,5.204165004108235
Q15691,6.942248549122237,6.556821814114762
Q15700,5.310480494352779,4.208679419944817
Q15714,5.882212589135965,5.646346379594956
Q15717,6.6086483471340856,6.717454940412441
Q15738,6.200324940856525,5.843258396298389
Q15742,5.712258878720803,5.8234504640207305
Q15746,5.119849254013756,4.379808402062683
Q15750,5.820335796637813,5.494693225609182
Q15751,4.590824058642557,3.957549157916098
Q15758,6.207176450713862,6.117947481622769
Q15768,5.76859639193283,5.4736069232726345
Q15771,5.75371017080013,5.133376120347391
Q15773,6.061309191397578,6.117409466429884
Q15776,5.386471555278301,5.312969349718975
Q15785,6.379496785335469,5.914697690763759
Q15796,5.128389178213826,5.741210228472197
Q15800,6.35511107229658,5.8627029368025525
Q15811,5.329032495429483,4.739553086412897
Q15813,5.899715404959192,5.490418743074732
Q15814,6.0670739246433385,5.471964461502844
Q15819,5.895999353001125,6.622800215035363
Q15836,6.686016896678954,6.673790809817767
Q15843,7.096792201126155,7.210787350253399
Q15853,6.014056996188069,5.608397657550796
Q15904,5.861934090865235,5.616087050079911
Q15906,5.712729264758923,5.6495743593575565
Q15907,6.394001024686949,6.547352761011712
Q15910,5.624552925307182,5.277885286411165
Q15911,4.944119099059991,4.708723039926959
Q15942,6.583558985738314,6.200196169379227
Q16134,5.2896922359215175,5.072605013613066
Q16181,6.154489087646435,6.378696197972548
Q16186,6.250478019052315,6.252970681799402
Q16204,5.787678150996089,5.62361745462403
Q16222,6.195758543314846,5.836584355170452
Q16254,5.669565922734058,5.604859501629957
Q16342,5.770327542598657,5.525457054468735
Q16352,6.430163654325814,6.327072736845279
Q16401,5.7870051867823475,5.726529090395818
Q16512,5.723045210193328,5.307622878627446
Q16513,5.488626310835576,4.929787696538817
Q16527,6.269813711557114,6.6135099516105
Q16531,5.968566973750949,5.694335982794421
Q16537,6.459593349467708,6.032058262559652
Q16539,6.132653054547785,5.603237235764244
Q16540,6.0882601966897045,6.074703901738815
Q16543,6.585336343148128,6.553295057072649
Q16555,6.143801573791454,6.418977180620167
Q16563,6.881232690290672,6.625370165132016
Q16566,6.196887926170705,5.380857448018129
Q16576,6.487247257785222,6.319748070708739
Q16585,4.81563466637993,5.003247732980094
Q16594,5.99722590971168,5.370032314649098
Q16595,6.478852812918618,5.847794447802509
Q16611,5.840866004452059,5.2752162449848505
Q16623,5.616341127753908,5.624215605789547
Q16625,5.2814396051467085,5.35144161647187
Q16626,6.190019150769583,6.055275909948505
Q16629,6.665039667989539,7.211170249699676
Q16630,5.912544403406345,6.236258118738329
Q16637,6.1214394134856605,6.337984944878766
Q16643,5.997426134798833,6.445793448259589
Q16644,6.015069968882227,5.344999938059432
Q16649,5.637441055926963,5.00259310848861
Q16656,6.185201351585979,6.031835842659305
Q16658,6.4022092668263735,6.557307287178414
Q16666,5.307835836051236,5.710990291819744
Q16698,6.232170176284821,5.861694096156221
Q16706,5.222765943431311,4.801843666323607
Q16718,6.565188983152862,6.5293069329124345
Q16740,5.830590267993774,6.148804426526858
Q16762,6.053189363284815,6.226985373790852
Q16763,6.455018575763373,6.031057526588798
Q16773,5.9165578102354095,5.398389339259652
Q16774,5.881519191025163,5.957482519039489
Q16775,6.323813399381809,5.818338554521625
Q16795,6.007150580331713,5.615121996634215
Q16799,6.158702380385076,5.828407441529624
Q16822,5.738564929041869,5.51998570390366
Q16832,5.653339215319879,5.322678995487293
Q16836,6.306005913814387,6.238798089135855
Q16850,6.366420554402738,5.863125387552879
Q16851,6.07110932759847,5.783142856014957
Q16854,6.198511410462974,5.617277527761609
Q16864,6.966825530579593,6.585667374629486
Q16875,5.356738698941821,4.976280455124108
Q16877,5.3191271894197145,5.988695499598915
Q16881,6.164888745483886,5.942539146424111
Q16891,5.983942966164722,5.797918168442294
Q17R31,6.301302246611193,5.237000769056721
Q17R98,5.319906579684149,4.539444747321111
Q17RN3,5.725094443835106,4.858190368174469
Q17RS7,5.640769167848491,4.731273814992974
Q17RY0,5.887650130707365,4.970384595372926
Q1ED39,6.210790145295647,5.713650220744508
Q1KMD3,6.109411828731563,6.125253790564445
Q24JP5,4.89461801759966,4.829212248915652
Q27J81,5.232628756478307,4.875620924502448
Q29RF7,5.77282503767975,5.138496835503948
Q2KHR2,4.667609484520408,4.310453762746526
Q2KHR3,5.470635015937516,4.811854803242397
Q2KHT3,5.572324496085953,4.65580668686259
Q2KJY2,5.151987692532693,4.458174960765916
Q2M1P5,4.820954942103945,4.931400464201144
Q2M1Z3,5.083281436464928,4.263668419332616
Q2M2I8,5.472072173978014,5.395986576586717
Q2M389,5.53032075618956,4.932647236677666
Q2NKX8,5.58666328591838,4.921651492740914
Q2NL82,6.262451949313743,5.607336901868409
Q2PPJ7,4.723450225467497,4.398439401576978
Q2PZI1,5.809854499031064,5.303647784053782
Q2TAA2,6.603042878234134,5.874806763163383
Q2TAA5,6.054625746827163,5.416096516438996
Q2TAK8,5.308340795862221,4.95064055467863
Q2TAL8,5.784888965112184,5.710738457724292
Q2TAY7,5.8943987256683235,6.034322582440823
Q2TB10,5.877902698283784,5.020032216970353
Q2TBE0,5.2107932199031,4.859606547594806
Q2V2M9,4.991777102725993,4.625985872382408
Q2VPK5,5.61360372332948,4.97328233540104
Q2Y0W8,5.636779500492338,4.949835828405188
Q32MZ4,5.741359697094145,5.3856665057184765
Q32NB8,5.243981805702333,5.164316912459951
Q32P28,5.789957285299957,5.610207113003046
Q32P41,5.726003762265678,5.294673539173081
Q32P44,5.451732010243745,5.356915951888252
Q3B726,5.537422314621126,5.976430316988357
Q3B7T1,5.149936239098876,4.744346719057047
Q3KNV8,5.977210877111324,5.344233278670618
Q3KQU3,5.776076538893313,5.404377761559621
Q3KQV9,5.723090471522951,5.08378587370051
Q3L8U1,4.465106761359559,4.210353464672623
Q3LXA3,5.625397463836703,5.4255474679814535
Q3MHD2,6.826054605326555,6.564644399869831
Q3SXM5,6.034567349088431,5.615601095565956
Q3SY69,5.082054360496035,4.57062747036438
Q3T8J9,4.992477948645952,4.330207968521581
Q3T906,4.983004980791122,6.155076340730339
Q3V6T2,5.245888779371147,4.8792480060260806
Q3YEC7,5.733889443162115,5.668238920619824
Q3ZAQ7,6.148486214004793,6.90575760765687
Q3ZCQ8,6.045979497355262,5.985776379193821
Q3ZCW2,6.146596233280249,5.743381257796841
Q495W5,5.195702075859714,5.7977118318165175
Q49A26,6.033861934546531,5.576713392220651
Q49A88,4.640548488963008,4.750192707875709
Q49AR2,6.004257664256546,5.372994561470104
Q49MG5,5.304968168644557,4.6860889613228665
Q4ADV7,5.189325219348072,4.527989373384225
Q4G0F5,6.112987239271092,5.71350465914722
Q4G0I0,5.74296721414192,5.556229129556319
Q4G0J3,6.031588787066678,5.631278742251367
Q4G0N4,5.845554334033821,5.236495155117964
Q4G148,5.64161764814402,5.473863373368653
Q4G176,5.8252084835243885,5.746688596020172
Q4J6C6,6.280360537502155,5.167765869289674
Q4KMG0,4.745269139391042,5.434605979284222
Q4KMP7,5.706656414995639,5.196624818692122
Q4KMQ1,4.941951419159993,4.672972703800502
Q4KMQ2,5.495890942570549,5.251597801988887
Q4KWH8,5.372199697938161,5.225312099861824
Q4L180,5.360149265713408,4.793378722554047
Q4LE39,5.686595148465559,5.031816598041264
Q4V328,5.467430399670427,5.4959031546132255
Q4V9L6,6.141834441691612,5.953381240156137
Q4VC05,6.94511091003907,5.528433707223352
Q4VC31,6.910013835843979,6.261779967209595
Q504Q3,5.141377765408281,4.528804602657736
Q52LA3,5.676782646128413,5.16988056626213
Q52LJ0,6.265808037102575,6.117850888943877
Q52LW3,5.276082095114883,4.703432074887608
Q53EL6,5.963233647809458,5.606472745354847
Q53EP0,5.372861415366855,5.215717253180202
Q53ET0,5.487957574284741,5.447678573507886
Q53EZ4,6.051250610809056,5.222882488355696
Q53F19,5.721919283305031,5.571121109624629
Q53FA7,6.369812545820134,6.065855218193984
Q53FP2,6.533817992119209,6.320955459153544
Q53FT3,6.618209183320301,6.301416845974561
Q53GG5,5.875701916081833,5.775882645025457
Q53GL0,5.13977391669114,5.257421174865451
Q53GQ0,6.497413541282926,6.107665358139055
Q53GS7,5.722092078655688,5.272712631909994
Q53GS9,5.71796836476304,5.684379817380584
Q53GT1,5.7514911683979,5.038304318324991
Q53H12,6.116645889108259,5.695280472236924
Q53H47,5.584183778405857,5.054999796356263
Q53H80,6.234845556390202,5.813305204581683
Q53H82,6.261818203485745,5.587794939993483
Q53H96,5.822666725143834,5.401414151207476
Q53HC9,6.60911034276026,5.810978863718438
Q53HL2,6.237269494715067,5.489561413684977
Q53HV7,6.370668056358433,5.460063691152631
Q53LP3,5.887792641103019,4.940862476247368
Q53QV2,5.718012232985468,6.155956536436269
Q53R41,5.282818802493447,4.987628564821365
Q53S33,6.567905966424666,5.860387471453223
Q53SF7,5.071856404762478,4.44711952645376
Q53T59,6.19360050907932,5.7097080907439866
Q562E7,5.143250676435591,4.673359539424785
Q562F6,5.318428754186758,4.353017140312935
Q562R1,5.442229759688224,5.299082300715469
Q567U6,5.73939066326942,5.412050158648431
Q56A73,5.807525329441364,4.856475591479744
Q56NI9,5.401762117514036,4.754851268266125
Q56P03,5.867629933385004,5.734239453274141
Q56VL3,6.534906982990611,5.985486030313218
Q587I9,6.268027206421287,6.039811271503045
Q58FF6,5.399222024642997,5.284173060704374
Q58FG1,5.128349915243206,5.995880994688081
Q58WW2,4.572309023526931,4.855167438134599
Q59EK9,5.371078288303685,5.063098135539022
Q5BJD5,5.810479468310489,5.918116997910925
Q5BJF2,6.690956631617839,6.33244956590806
Q5BJF6,5.587937362531388,4.902559154505222
Q5BJH2,6.507885420446499,5.80955274623178
Q5BJH7,5.850572217851783,5.9887806181262375
Q5BKZ1,5.748031689086222,5.8148871431379066
Q5C9Z4,5.669692731375802,5.168955356545657
Q5EBL4,5.736413092821008,5.538941680928957
Q5EBL8,6.514329164758105,6.086844526228031
Q5F1R6,5.3999730656618965,5.128175660562535
Q5FBB7,5.714164765551965,5.032525965603318
Q5GLZ8,5.4851854820842085,5.00462828485131
Q5H8A4,5.454974658597708,5.079927400648892
Q5H9F3,5.214627217613246,4.99459351172401
Q5H9R7,6.103769997316693,5.363587370043274
Q5HYI7,6.450679846140044,5.338858567414712
Q5HYI8,6.222818822474714,6.029400319032398
Q5HYK3,5.772932347440763,5.11524154699316
Q5HYK7,5.143482672232083,4.911785747450697
Q5HYW2,4.940448349093661,4.669219373343594
Q5J8M3,6.112749766008946,6.178144254421815
Q5JPH6,5.731410846725401,5.240314530517551
Q5JPI3,5.974689558559907,5.2573942950908314
Q5JRA6,5.398167228751795,4.912047976552749
Q5JRX3,5.732765819634562,5.057686287974001
Q5JS54,5.74922022577906,5.471011302118004
Q5JSH3,5.5579361228346125,5.269589279219197
Q5JSJ4,5.62132823315031,4.549053503507611
Q5JSL3,5.1629451369274335,4.595266708234658
Q5JSZ5,4.855688361471913,4.877451144326181
Q5JTD0,5.6087508763501885,5.090734949569503
Q5JTH9,5.767151554393309,5.320968011031794
Q5JTJ3,6.598366945118956,6.612604125926636
Q5JTV8,5.850597345872775,5.887382053944661
Q5JTW2,5.614945032888246,4.645734513578657
Q5JTZ9,5.552059429482049,5.138937888025848
Q5JVF3,6.291894029589729,5.490012247758068
Q5JVS0,5.938653044827545,5.376801428293214
Q5K4L6,5.395113091631884,5.218311668324155
Q5K651,4.919377086781318,4.388745980024481
Q5M775,5.352636103648788,4.757232261976042
Q5MIZ7,5.411340352840268,4.887514059465529
Q5MNZ6,6.37250350127798,5.670048812213339
Q5MNZ9,5.963458308192997,5.116171070535525
Q5NDL2,6.020367858376631,5.2952082246181025
Q5PRF9,5.51530497612587,5.187247767154834
Q5PSV4,5.587347528762697,5.5110118144311375
Q5QJ74,6.170498075341724,5.336936534262763
Q5QJE6,5.949400690186266,5.436043998471376
Q5R372,5.447467952962324,4.829316397331172
Q5RI15,6.686671987480501,6.436985907549563
Q5RKV6,5.95224803011665,5.997166889815214
Q5SGD2,6.686334640263352,5.232022304906058
Q5SNT2,5.654219188331203,5.211489218279028
Q5SQI0,5.873973889148573,5.3589503111703225
Q5SQN1,5.600518880317754,4.554429049680153
Q5SRE5,5.465042494583722,4.997032272218148
Q5SRI9,5.264778559756435,5.123284730100242
Q5SSJ5,6.252545189016647,5.758831099022383
Q5ST30,5.642741126036705,4.819443471636658
Q5SVZ6,5.113849167783812,4.606818401083771
Q5SW79,5.395906578224009,5.215378255437082
Q5SW96,6.015273106197759,4.959370886420426
Q5SWX8,5.4789294530179316,5.293129112380654
Q5SXM2,5.0230215190519765,4.054136379535417
Q5SXM8,6.3301831991830095,5.71289708172376
Q5SY16,6.073683096088809,5.5791593287658365
Q5SZQ8,6.327692620031008,5.539349738383291
Q5T0B9,6.487241656873254,5.424036068293001
Q5T0D9,5.21596615109551,5.231285922805899
Q5T0F9,5.62505005253025,4.934028093646841
Q5T0N5,6.277781324927791,5.517137092569382
Q5T160,5.541717064036223,4.979514437904896
Q5T1M5,5.710454021528745,4.905238589291479
Q5T1V6,5.585601834883765,4.9833404388324425
Q5T200,5.464451848195571,5.086057154955288
Q5T280,6.2352125858058525,5.699875497264677
Q5T2E6,5.979113825077044,5.036169449719394
Q5T3F8,5.729345953493798,5.007560728754379
Q5T3I0,5.805210173519587,5.526428166151619
Q5T3J3,5.836206705833939,5.632324916033436
Q5T440,5.791569133057249,5.195116179700911
Q5T447,5.406869453952943,5.195796723690065
Q5T481,4.9659079751387925,5.01658601188908
Q5T4S7,4.930396301569547,4.475530451392165
Q5T5C0,5.277670903343654,4.619629024201604
Q5T5P2,4.821395173595166,4.628232535592465
Q5T5X7,5.108629133401224,5.594875308195366
Q5T5Y3,5.358340635536663,4.846521460404871
Q5T653,6.491824788474302,5.641481424299541
Q5T6F2,5.8766759456467295,5.387572366865401
Q5T6V5,6.124135294505049,5.669917797402265
Q5T7V8,5.534266087512693,5.438397768941016
Q5T7W0,5.251320850060141,4.845761745611148
Q5T8D3,5.651836803437451,5.433455713249144
Q5T8P6,6.199002656414828,5.547292170574966
Q5T9A4,5.694604655846925,5.931627585273109
Q5TA45,5.628931233502501,5.261210251341273
Q5TAQ9,5.747069259508337,5.100717825057064
Q5TAX3,5.263138990820555,4.433177473824042
Q5TBB1,5.918201807956217,5.670996235221854
Q5TC12,5.705666889744198,5.652198483671552
Q5TC82,5.020769816969926,4.586954416669842
Q5TCQ9,5.389739241774232,4.701046131261479
Q5TCZ1,5.209823979551477,4.693890379109577
Q5TDH0,6.149999155129216,5.46355202210904
Q5TF21,5.576836061444828,4.933015972354082
Q5TFE4,5.858767364085878,5.597922516777696
Q5TGY3,4.901811905294725,4.650146594642056
Q5THK1,5.003170392144349,4.016346476296956
Q5TZA2,4.879771684448793,5.85087705238004
Q5U5X0,7.116358181557684,6.344766133450548
Q5U5X8,6.076043585824052,5.007658911919478
Q5UCC4,6.941564095142827,5.863922135932845
Q5UIP0,5.421698957998327,4.7817845852942265
Q5VIR6,5.931139280009862,5.246744867231251
Q5VSG8,6.008953752742352,5.334047867870776
Q5VSL9,5.821192938313017,5.140281610530303
Q5VT06,4.636722511172558,5.17953270904194
Q5VT25,5.424332370949424,4.85480319153146
Q5VT52,5.460514979061861,5.085441658440019
Q5VT66,6.081702422625357,5.2892115309430725
Q5VTB9,5.205902704826753,5.169170618979123
Q5VTE6,6.048421033183182,5.728599220628553
Q5VTL8,6.334155521206551,5.439736712432072
Q5VTR2,5.829071874459618,5.294968460482312
Q5VU43,5.139583746182198,4.456479181964537
Q5VU97,5.40050276330645,4.664651305697445
Q5VUA4,5.090366589743771,4.758314594091076
Q5VUB5,5.639854687181841,4.746360263623493
Q5VUG0,5.225506077008321,4.738607712881063
Q5VUJ6,6.102976169315237,5.062961548756352
Q5VV42,5.717697630564793,5.074373220875975
Q5VVJ2,4.996737596266242,4.774698507482839
Q5VVQ6,5.226535498135776,5.038949995748657
Q5VW32,6.313412204081664,5.905343425579151
Q5VW36,5.069795995694069,4.948907274185105
Q5VW38,6.071389592749979,5.172732365489767
Q5VWG9,5.328920635383711,4.572490915163593
Q5VWJ9,5.544647052997967,5.928339937656568
Q5VWN6,5.201443566841768,4.570336990331199
Q5VWQ0,5.713375099193605,4.927935286013557
Q5VWQ8,4.957658291467502,4.6916688769928125
Q5VWZ2,6.483313873494327,5.647682571162865
Q5VYK3,5.5899692113985235,4.933058762816422
Q5VYS8,5.178028692194167,4.495510452098759
Q5VYV7,5.875999704551956,4.567520351937165
Q5VZ89,5.224249095389043,5.004757641525435
Q5VZE5,5.601454958497173,5.891046709025535
Q5VZK9,4.840730768581368,4.430398033776088
Q5VZL5,5.622171174232569,5.019924514066289
Q5W0B1,5.581673703579593,4.890041411876206
Q5W0V3,5.75931978984046,5.131906909601603
Q5W111,5.649651359472787,5.701627315870446
Q5XPI4,5.1714170695922,5.062039476460809
Q5XUX1,5.628186908161057,5.010237847121917
Q5ZPR3,6.800168938561106,6.161626313346829
Q63HK5,5.371477409141034,4.788780283327421
Q63HM9,6.580776403889643,5.755309100920744
Q63HN8,4.622797705556283,4.15864155419326
Q63ZY3,5.546653336461816,4.92390437888443
Q641Q2,5.113618645467276,4.815462081732876
Q643R3,5.90028712744965,5.123695764992752
Q658P3,6.554378419384289,5.341019082228062
Q658Y4,5.111125115152776,5.078170100809927
Q659A1,5.617277452818873,4.721539188517545
Q66GS9,5.465635059264109,4.65818387708957
Q66K14,5.498105256732723,4.791740483846753
Q66K64,5.614347476386186,4.659288947511454
Q66K74,6.017449828380133,5.238162296654356
Q66LE6,5.946392557548704,5.516261122331243
Q66PJ3,6.693109516239792,6.220595819688528
Q676U5,5.670141652825839,6.224977381704763
Q684P5,5.5832394186131005,5.416980531921134
Q68CP9,5.6687567932335785,5.016001243264772
Q68CQ4,5.443601985304061,5.192378878159815
Q68CQ7,5.951913738186391,5.32654589147644
Q68CZ2,5.303249505080498,5.1210437480898285
Q68CZ6,5.461337352439658,5.247448015982759
Q68D10,4.7124843561976775,4.916721154860943
Q68D91,5.974456812727219,5.422522246676003
Q68DH5,6.071500554820318,4.981249587116963
Q68DK7,5.598699285089981,5.084237592024676
Q68DQ2,4.767405938383067,4.385617981536528
Q68E01,5.570223047491279,5.089381611835527
Q68EM7,5.937424111016741,5.460198243885293
Q69YH5,4.9859289677680145,4.769903512208904
Q69YN2,6.092607001291462,5.37201969472075
Q69YN4,5.369985267004193,4.763139993782139
Q69YQ0,5.555653497739227,5.14018242418141
Q69YU5,7.094372347611772,5.962641831368474
Q6AI08,5.447389754288698,4.86227324570936
Q6AI12,5.891309997369348,5.413606454120765
Q6AWC2,5.205968689491602,4.632484963750155
Q6BDS2,5.400372609472907,4.3851958487810965
Q6DCA0,6.181604315855775,5.414780376918382
Q6DD87,5.258190290390741,5.63770418753323
Q6DD88,6.251899427982455,5.8389400655047226
Q6DHV7,5.5693790862601595,4.882979111241296
Q6DKI1,6.255564433609859,5.7727820233731215
Q6DKJ4,6.149397858160812,5.5898340467487495
Q6DKK2,5.871967104713922,5.375427396969923
Q6DN90,5.51681583011164,4.9257752466961895
Q6EEV4,6.575757802222487,5.197884356579622
Q6EKJ0,4.799905410053177,4.753300534933158
Q6EMK4,5.859212249511376,5.261417914691761
Q6F5E8,5.082062516903083,4.720806689957271
Q6FI81,5.983209080213419,6.016050920609434
Q6FIF0,6.194397709411425,5.768540501322828
Q6GMV2,6.341776827685352,5.334825453452798
Q6GMV3,6.581869619251827,6.373698429961056
Q6GQQ9,5.00773250030454,4.865790993498679
Q6GYQ0,5.147775275489875,4.509519118467657
Q6I9Y2,6.274116954078513,5.95704550825382
Q6IA69,5.553664767545078,4.888292367981795
Q6IA86,5.780311155938693,5.3495619970009
Q6IAA8,5.637140835557851,6.255744141064643
Q6IAN0,5.287167772945786,5.43816415786658
Q6IBS0,6.313576703859761,6.143615272876246
Q6IBW4,5.967129692996606,4.832421986927756
Q6IC98,5.888249112155249,4.764178017176701
Q6ICG6,5.273112061899896,5.039815193838338
Q6IE81,5.063555999345775,4.618524177465808
Q6IEG0,5.737551072425957,5.1458071921207615
Q6IN84,6.126270028672446,5.59010261499772
Q6IN85,5.827625427227467,5.291959848242854
Q6IPU0,5.654737733352837,5.744653036651062
Q6IQ22,5.731444680430818,5.327529741236659
Q6IQ23,4.824510226206922,4.419178614825921
Q6IQ32,5.936037274447145,4.725855839498832
Q6IQ49,6.115379962555411,5.483998877623713
Q6KC79,5.148676933368216,4.636508837965378
Q6KCM7,5.299954326216355,4.937175880988159
Q6L8Q7,5.968656489437229,5.797541578235912
Q6MZP7,5.711255913249956,4.875488470194744
Q6N022,5.086808598052939,4.698059210358087
Q6N043,5.199903115063267,4.745715281428293
Q6N069,5.216317841501991,4.83201875451279
Q6NS38,5.814900980950814,5.638601877670418
Q6NSJ0,5.747338414920787,4.651767233112789
Q6NSJ2,4.564820865450996,5.145841571975603
Q6NT76,5.533884925940792,5.580162729697043
Q6NTF9,5.562602761168561,5.108726541230169
Q6NUK1,5.883084551345059,5.927039593396719
Q6NUK4,6.3677885162289005,5.525569783481996
Q6NUM9,5.992081878221599,5.309408386057147
Q6NUQ1,6.088128402875843,5.3751640764781285
Q6NUQ4,5.862346996493256,5.398098455444908
Q6NVV7,5.95044897795435,5.509629063234903
Q6NVY1,6.299036772664543,5.728615400537759
Q6NW29,6.961121083605009,5.970194926078464
Q6NW34,5.373510983912255,5.184610904345998
Q6NXE6,6.082885143046392,5.514532364646507
Q6NXR4,5.940164637724504,5.408168138307301
Q6NXT1,5.728603796055139,6.1011640593698555
Q6NXT4,5.8047505936608434,5.6223179957351785
Q6NXT6,5.808637433519176,4.999828842008408
Q6NYC1,5.87875601579608,5.848388495269998
Q6NYC8,5.9207249684143175,5.553289457954259
Q6NZ67,6.369466234574568,5.922190396602636
Q6NZI2,6.337086973140185,5.7175452132021
Q6NZY4,5.8751023902705235,5.247856113606967
Q6P158,5.314384701688452,4.801454042710145
Q6P1A2,5.61800181732456,5.287573830802494
Q6P1J9,5.9782160708137315,5.843939312261313
Q6P1K2,5.783672846938954,5.437317896969555
Q6P1L5,6.123237579743689,4.932634615521059
Q6P1L8,6.031318216808533,5.835781647245455
Q6P1M0,5.416632666220037,5.128142345407881
Q6P1M3,4.882074050203277,4.679888876643279
Q6P1N0,5.528318092443146,5.943755326226
Q6P1N9,6.353268903385159,5.693858177165367
Q6P1Q9,4.8861079710466395,5.62061734377879
Q6P1R3,6.064319361985456,5.331478205908955
Q6P1R4,5.7724666386147865,5.045245405668259
Q6P1X5,5.151554278249664,4.727030326619484
Q6P1X6,6.117034007994484,5.795118893123465
Q6P2C8,6.470262952473888,5.38317057325704
Q6P2E9,5.572449155244873,5.399492066888526
Q6P2H3,5.601192878927986,5.16345265857278
Q6P2P2,5.732336145971928,4.892334379660205
Q6P2Q9,5.559071143813279,5.271850074035786
Q6P3W7,5.891437084020764,5.2068069439550735
Q6P3X3,5.48106674360418,5.169375726900582
Q6P4E1,6.355220391799789,5.585412053297107
Q6P4F2,6.624933549352508,5.594045921778848
Q6P4F7,5.264183619531367,4.750356970133293
Q6P4Q7,5.144890335246201,4.8368560950256665
Q6P4R8,5.71358682797784,4.659882945588729
Q6P587,5.953080517048202,6.022604326581109
Q6P5R6,7.110518024120125,6.040877837982505
Q6P5Z2,5.791104336961967,4.999887777793297
Q6P6C2,6.030457159456913,5.597257149121641
Q6P996,5.391363230548346,5.861375474560733
Q6P9B6,5.9194257375884,5.800979519362485
Q6P9B9,5.567471040005162,5.153086763260592
Q6P9H4,5.049653760156803,4.821926113031843
Q6PCB5,5.831745727397172,5.159756018954391
Q6PCE3,5.746728357067989,4.811341248353068
Q6PD62,5.814469288573115,5.302095412319813
Q6PGP7,5.512908790375512,4.955754189333819
Q6PHR2,5.827851667634929,4.937117600548193
Q6PI47,5.514067626141933,5.462026010051149
Q6PI48,5.879240682173727,5.501138053876221
Q6PI98,6.144107868471799,5.051042993468887
Q6PID6,6.126666642316263,5.12734324924779
Q6PIJ6,5.302990852678244,4.685937507685257
Q6PIU2,6.144261910155491,5.741658221201705
Q6PIW4,5.772700695839577,4.413654715227569
Q6PJ69,5.798693330999294,5.389906592763157
Q6PJF5,5.436264303107364,4.734429712725553
Q6PJG2,5.788285338364082,5.310686257410266
Q6PJG6,5.608803974652335,4.9184946383681325
Q6PJI9,5.001305130649055,4.626928949245712
Q6PJT7,5.868041705133823,5.540594314071913
Q6PJW8,5.649980617940157,4.798647246321558
Q6PK04,6.2429843953305895,5.680497873618156
Q6PK18,5.517761979018804,5.483289893925472
Q6PKG0,5.860944308729777,5.296526174745563
Q6PL18,5.4913601611883465,5.143026177194951
Q6PL24,6.429134640321348,5.661778847138666
Q6PML9,5.949937141625435,5.203488313368945
Q6QNY0,6.216173460739315,5.3466703217828515
Q6QNY1,6.848774414297626,5.635208626329657
Q6R327,5.07202825240077,4.557598311764326
Q6RFH5,5.477728351575228,5.532097341903734
Q6RI45,5.000617953911083,4.416466636188384
Q6RW13,6.410011502269916,5.88070898167015
Q6SJ93,5.593604428843689,4.860237472668617
Q6SPF0,5.669580283385043,5.490725780989887
Q6STE5,5.255185224699832,5.299905146842935
Q6SZW1,5.610605302662346,5.329201140214539
Q6UB35,5.7675544228509255,5.236103149111262
Q6UB99,5.456016711245734,4.517568489089922
Q6ULP2,5.557407820645977,4.817576678941336
Q6UN15,5.697310123866334,5.909820268173067
Q6UUV7,5.867088671807136,4.846014246404386
Q6UUV9,5.382533462937089,5.5299458339840495
Q6UW02,5.875018521819462,5.35087354045917
Q6UW63,6.100535009314428,5.418560333093616
Q6UW68,7.024730521174158,6.915301148291363
Q6UWE0,5.708422129003764,5.839377191180128
Q6UWP7,6.137747689506094,5.849521709222938
Q6UX04,5.912873224311494,5.545777214629989
Q6UXD5,5.256761307978292,5.371415650781129
Q6UXF1,5.285953131426073,5.234007249338846
Q6UXH1,6.142963345669946,6.139076581118752
Q6UXK2,5.652839626077881,5.201630714286738
Q6UXN9,6.208509531134589,5.937815510302923
Q6UXV4,6.065675542322582,5.716200277909275
Q6V1X1,5.780506450036881,4.930544891337027
Q6VMQ6,5.669444074260207,4.935483372963877
Q6VN20,5.321087651076138,6.739425267320795
Q6VY07,5.428242709903938,5.277434931897335
Q6W2J9,5.052948318670792,4.66091658016056
Q6WCQ1,5.7245123128393995,5.141210614494564
Q6WKZ4,5.513368473600938,5.154872977326429
Q6XE24,5.6435102760934255,5.159388434148818
Q6XZF7,5.108411132968089,4.409853714794616
Q6Y1H2,6.191219344270505,7.385153755142169
Q6Y288,6.242822650747831,5.457502220463646
Q6Y2X3,4.57909383436112,4.733364991443603
Q6Y7W6,5.579921566538559,5.265961151464383
Q6YHU6,5.251993415970805,4.298291465488812
Q6YN16,5.848280451353938,5.623437641447549
Q6YP21,6.269653090399404,5.816549736765047
Q6ZMG9,6.898203374061668,5.850020573438036
Q6ZMI0,5.7812555414638975,5.184349731240923
Q6ZMP0,4.983972317550368,4.664269612125864
Q6ZMZ3,5.35233253737838,4.9584774845924455
Q6ZN17,5.261879649035721,5.258037406064158
Q6ZN18,6.107750142825838,5.485137186616239
Q6ZNB6,5.228186299921145,4.806903041190819
Q6ZNJ1,4.6908093098487385,4.420735580977028
Q6ZPD9,5.849692533821427,5.121257925568761
Q6ZRI8,6.04035120215572,5.724625544825304
Q6ZRP7,5.994240970193074,5.12761374235732
Q6ZRQ5,5.205250358747895,4.606333262946473
Q6ZRS2,5.0515316500706735,4.880866565335853
Q6ZRY4,6.040042499724748,5.553160616084133
Q6ZS17,5.1587666554847855,5.166883902648733
Q6ZSJ8,5.777251349132316,5.8701487158461685
Q6ZSR9,6.286790306297988,5.840269317453611
Q6ZSY5,5.444339669116473,4.470755557263981
Q6ZSZ5,5.310223726505499,4.716162655316194
Q6ZT12,5.385134896271982,5.462980917639286
Q6ZT21,5.921796808859233,5.177277544541779
Q6ZTW0,5.431004584074314,5.1525632903165395
Q6ZU35,5.688008801815537,5.120386087563052
Q6ZU65,5.674328408483498,4.539487356803854
Q6ZU80,5.26219805406458,5.269698755251143
Q6ZUJ8,5.664729368998994,4.910885577779062
Q6ZUT1,5.189019685684865,5.579286151419222
Q6ZUT6,5.459883640973922,5.010826044720465
Q6ZUX7,6.276108965513181,5.87235428541116
Q6ZVM7,5.596313152974583,5.180514398799203
Q6ZW49,5.076888418598552,5.095421350821758
Q6ZWJ1,5.770527462975413,4.959758830482763
Q6ZWT7,6.024273087007302,5.338477793602987
Q6ZXV5,5.9745344166037775,5.173665378574715
Q709C8,5.037260267272396,4.365399584215076
Q709F0,5.948817269297761,5.256428065583289
Q70CQ2,4.905672611559124,4.82680546690473
Q70CQ3,5.330474138340771,4.811438490250573
Q70E73,5.467620803245727,5.187130133743766
Q70IA6,6.374720439460917,5.80547402722861
Q70J99,5.489182543058876,5.20164801519794
Q70UQ0,6.124314563273616,5.827917428971281
Q70Z53,6.014554442843932,5.144785739415063
Q712K3,5.889453678565844,5.966457208751915
Q719H9,6.460581522051386,5.640752089477556
Q71F23,5.801014183225783,5.530608309786095
Q71RC2,5.633307276764192,6.3058865723687685
Q71RG4,5.730779097147952,5.645889161148637
Q71SY5,5.53391925165228,5.342843223589278
Q75N03,5.84452856020199,5.820863267919052
Q75QN2,5.515233775889694,5.064830114839154
Q765P7,5.313961695049757,5.056962876707951
Q76FK4,5.759153433352528,4.756805754585008
Q76I76,5.181519649299775,4.657911390965669
Q76L83,5.075414444028317,5.111994384032116
Q7KYR7,6.074437503407667,4.859418146645796
Q7KZ85,5.332098576984356,5.061957462708938
Q7KZF4,6.007229162755738,6.07807492360827
Q7KZI7,5.4097275887484635,5.269566733697016
Q7KZN9,6.000922457845268,5.621420759712928
Q7L014,5.9874139520120435,5.547413414601797
Q7L099,5.767652763224578,5.589191073766011
Q7L0J3,5.976191905715545,5.7169191822230685
Q7L0Y3,6.12944353086684,5.94430660385234
Q7L1Q6,6.53904102309079,6.303702722476194
Q7L1T6,5.336488409742609,4.965869536960088
Q7L1V2,5.3100704806619845,5.731080258691448
Q7L1W4,5.688605562364309,4.625998320624166
Q7L266,6.173774916486195,5.412951744713415
Q7L2E3,5.599239512154037,5.323020629234995
Q7L2H7,6.328149645522114,5.933972538839358
Q7L2J0,5.547608407397449,5.314478455343791
Q7L2Z9,5.905402021465114,5.419552968798768
Q7L311,5.8610109787819855,5.164941037729952
Q7L3B6,5.748198057200478,5.288752856029166
Q7L3T8,6.129461594549806,5.145051379374284
Q7L4I2,5.797661860568129,5.706750708686623
Q7L576,5.485789441581209,5.244151093867959
Q7L590,5.398323608252737,4.925380802921911
Q7L592,5.887899931216358,5.298229796287902
Q7L5D6,5.9545394827992375,5.830994238391511
Q7L5N1,6.768986310638338,6.118720865744424
Q7L5N7,6.2527880546267,5.818278251200619
Q7L5Y9,5.994687275107327,5.247112754132253
Q7L775,5.759420537478219,5.29140387556698
Q7L7V1,5.3636518151596455,4.618519774508224
Q7L7X3,5.069631491347913,5.076860944383593
Q7L804,5.531697413267757,4.93116387849193
Q7L8J4,6.108468342864821,5.250762618384166
Q7L8L6,5.5997046365092125,5.167378311724054
Q7L9L4,6.698832975091301,6.256851914140091
Q7LBC6,5.391652796939475,4.8835687307855205
Q7LBR1,6.846800568821358,6.40455342062565
Q7LGA3,5.678064587588887,5.684568608179232
Q7RTN6,6.23914559929675,5.58027956250247
Q7RTP6,5.29506250287449,4.654829923959306
Q7RTV0,6.838635520218629,6.785714350669192
Q7Z2D5,5.493585293943622,4.926230663184347
Q7Z2E3,6.222772522476395,5.394699852426518
Q7Z2K6,5.576179376693854,4.953250251396779
Q7Z2K8,5.705311344667599,5.061995808054528
Q7Z2T5,5.5821075745061615,5.372550996990405
Q7Z2W4,5.677391634528302,5.309052750365452
Q7Z2W9,6.340277159237161,6.206739937463548
Q7Z2Z2,5.643787811708847,5.143902588970978
Q7Z333,4.926966455012384,4.461199930499648
Q7Z392,5.563533982199401,4.867457491547018
Q7Z3B3,5.009321716083143,5.04455757871786
Q7Z3B4,6.150039347567264,5.660635172370349
Q7Z3C6,4.9096733049840005,4.983696134658417
Q7Z3D6,5.825705885568034,4.664600955393955
Q7Z3E5,5.686624691418388,5.039983902601647
Q7Z3J2,5.662344945344735,4.985921405572794
Q7Z3K3,5.632172243337844,5.38745689081465
Q7Z3K6,6.266677241551366,4.625629848735655
Q7Z3T8,5.42522662871049,4.921473546264424
Q7Z3U7,5.550011632322967,4.668945968540949
Q7Z3V4,5.510562696072043,4.529593259095287
Q7Z406,5.602878149401766,4.827198952646191
Q7Z417,5.505312452893708,5.496436637445192
Q7Z422,6.478212994634568,5.811475801271663
Q7Z434,6.0010054715412116,5.822389172679614
Q7Z449,5.590161110667932,4.888442423643848
Q7Z460,5.516519303798752,4.982828037690983
Q7Z478,5.432084666127271,4.638978021165503
Q7Z4G1,7.023317353066775,5.944657478423606
Q7Z4G4,6.424810984280374,5.13242446100336
Q7Z4H3,5.779046431392546,5.5462615044930645
Q7Z4H7,5.392122774660323,5.072936517767456
Q7Z4H8,5.644698640142704,5.726744130772422
Q7Z4K8,5.461522284345112,4.775569683138342
Q7Z4L5,4.962387789295611,5.209730593069799
Q7Z4Q2,5.7385675669254095,4.935005562153323
Q7Z4S6,5.818809378099401,5.564161116722511
Q7Z4V5,6.599347417636159,6.031558795400074
Q7Z4W1,6.6282977504235046,6.037778417651001
Q7Z569,5.224742688183574,6.002154720490552
Q7Z589,5.259850204641758,4.585148372191214
Q7Z5G4,6.3903497099706525,6.807306997364971
Q7Z5J4,5.124184225583884,4.702001479203414
Q7Z5K2,5.762389429544166,4.994142245890459
Q7Z5L9,5.694681091221787,5.486983437520695
Q7Z5Q1,5.720800797901454,4.758122519419347
Q7Z6B0,5.905567383946218,5.230119706962359
Q7Z6B7,5.083736768138706,4.767828765900108
Q7Z6E9,5.254524452375497,4.923138434795285
Q7Z6I8,6.508262391430921,5.737935725179743
Q7Z6J6,5.179047721533838,5.572987798876516
Q7Z6J8,5.401643912723776,4.486910068134922
Q7Z6J9,5.575463981987346,5.828797795258888
Q7Z6K3,5.6452413126379515,5.601867780760159
Q7Z6K5,6.089209550019605,5.8279961097581925
Q7Z6L1,5.307928598788717,4.422590294705105
Q7Z6M1,5.600846507788592,5.292992887519184
Q7Z6Z7,5.077422473973366,4.7173998968293
Q7Z739,6.192198699112481,5.924502687796174
Q7Z7A1,4.7947021976778625,3.755351593828959
Q7Z7A3,5.347254602833544,5.435069206790178
Q7Z7A4,5.732373026195153,4.733523138537494
Q7Z7C8,5.732784876388647,5.392415558270583
Q7Z7E8,6.617724321101381,5.7562040468095965
Q7Z7F0,5.6589389582856136,5.225296083745476
Q7Z7F7,5.955187209175548,6.198171679144446
Q7Z7H5,6.622971654963454,6.398699091312505
Q7Z7H8,6.492091466485023,6.163616457905048
Q7Z7K6,6.060069435838924,5.932891148928452
Q7Z7L8,6.640061843728626,6.586395195939804
Q7Z7N9,7.01883276756019,5.825571705061326
Q86SF2,6.02315510579016,5.404021032991501
Q86SK9,7.002043771321237,5.656740354071963
Q86SQ0,4.851047008382826,5.2057175817334524
Q86SX6,6.391106164491632,6.267632809716334
Q86SZ2,5.729188420783085,5.394060544215353
Q86T03,5.804454996214212,5.573558115799035
Q86T24,5.411829209289181,4.797804214789961
Q86TB9,5.697246272785534,5.135680512518459
Q86TG7,5.685802886601216,5.279596151556068
Q86TI0,4.880527071717968,4.483265145354287
Q86TI2,5.541333898505395,5.163374566222353
Q86TM6,5.73881955790274,5.688519606147314
Q86TN4,6.144354219205937,5.163725986896069
Q86TP1,5.711654804768331,5.453067135552683
Q86TU7,5.187325224871322,5.234883181496444
Q86U06,6.1615875732638585,5.293655680356437
Q86U28,5.914211203072632,5.657486065517696
Q86U38,5.683105502833856,5.258676515701684
Q86U42,6.390608592498635,6.442366311693386
Q86U44,5.933933785065962,5.451250532705598
Q86U70,5.621336693871287,5.564501714549565
Q86U86,5.410387283507633,5.188881726409355
Q86U90,5.971978703497612,5.739505245745857
Q86UA1,5.348458369339122,5.032888894549998
Q86UA6,6.845743910216154,6.28062936573485
Q86UD0,5.67592928480707,5.08398684357441
Q86UE4,6.142633814212056,5.792574823827264
Q86UE8,6.085971719239375,5.086637831707879
Q86UK7,5.472395855271557,5.455462862339381
Q86UL3,5.44805090139441,5.476280203421571
Q86UP2,5.897153332223713,5.438394030276755
Q86UP3,5.013631993408392,4.444465945296478
Q86US8,5.24184492464034,4.567707235855257
Q86UU1,5.181431908680936,4.798014572654926
Q86UV5,5.596885625700124,5.055503075423669
Q86UW6,4.923929130563701,4.465857563731107
Q86UX6,5.339584825408278,4.765737651881564
Q86UY8,5.386415426242144,5.023727215492223
Q86V21,6.168224268571976,5.038609141479829
Q86V48,5.6020619596970995,5.121841744069394
Q86V59,5.792983674782484,5.140163749090236
Q86V81,6.346938310135282,6.674652397879664
Q86V85,5.420958129442675,5.38464837780188
Q86V87,5.144915458572957,5.0447286720542
Q86V88,6.564525894577663,5.810336425517909
Q86VI3,5.334142532996393,4.717860875760004
Q86VM9,5.884384542401265,5.415889537170883
Q86VN1,5.772281666408224,5.363763510546795
Q86VP1,5.720980665319835,4.924601301987607
Q86VP3,5.562305435127436,4.763631039113706
Q86VP6,6.09932288498233,5.680502293925978
Q86VQ1,5.175849015572673,4.914136014475803
Q86VR2,5.905714187576171,5.600163901934629
Q86VS8,5.664172977054456,5.277402510448604
Q86VV8,4.6089018183750525,4.807818099701194
Q86VW0,5.660035914796663,4.901832952759767
Q86VX2,6.068399174725412,5.876498464934305
Q86VY4,5.9729082869695755,5.416756255883052
Q86W42,6.073433398021778,5.885765401100349
Q86W50,6.079813818367315,5.30523605307642
Q86W56,5.2798690289698555,4.781116831423011
Q86W74,6.399846038562,5.952683622662917
Q86W92,5.250082898600377,5.040356358840881
Q86WA6,6.544695905954917,5.345705211685698
Q86WA8,5.433006174062326,4.847516705212834
Q86WB0,6.002570869861195,5.488075055017082
Q86WC4,5.9097174480903085,6.619583677051006
Q86WG5,5.243367540291369,4.724857434160895
Q86WJ1,5.577536290085996,5.146423688343591
Q86WQ0,6.637391146128313,5.905427174845974
Q86WR0,6.442237240438484,5.914238580507456
Q86WX3,6.540931669898866,6.018945599965759
Q86X02,5.049337902762476,5.153739992591249
Q86X10,5.55562121212353,4.717786251137284
Q86X52,5.381119846275406,4.87019493885682
Q86X53,5.977236548924996,4.981044343465522
Q86X55,6.345784213032302,5.738126425371377
Q86X76,6.204783666883945,5.92494702368116
Q86X83,6.317931930176146,5.9747977031511645
Q86XA9,5.099479541985382,4.314745016161217
Q86XI2,5.533831547664562,4.926503447589337
Q86XK2,5.181816661863841,4.929833787904545
Q86XL3,5.273579411852591,5.08855376976546
Q86XN8,6.0910805315622,5.08671604124366
Q86XP3,5.957920927924125,5.618893115589935
Q86XX4,5.053764428019926,3.5772572160458034
Q86XZ4,5.753588321008212,5.390511613071675
Q86Y13,5.214780256561998,4.337457867942485
Q86Y37,5.449138630769716,5.267693345021155
Q86Y39,6.215079219562433,6.12466882440939
Q86Y56,5.630648630586377,4.89942334698421
Q86Y82,6.136855370037306,5.998549177245009
Q86Y91,5.123935056717326,4.8096889413784485
Q86YD1,5.527303542254584,5.186414273596143
Q86YL5,5.577662395433932,5.704868094914942
Q86YM7,5.563131143906858,4.898294499530717
Q86YP4,6.01839873095391,5.442315297592226
Q86YR5,5.259071397228571,5.2975384390150175
Q86YS6,6.270086669410242,5.374536127818345
Q86YS7,5.6823001692809285,4.786172242451691
Q86YT6,5.371840180644514,4.395898350811917
Q86YV9,5.0996304795287735,4.918369626406545
Q8IU60,5.511838503784125,5.006306039962431
Q8IU81,5.9870618195566845,5.332157698971322
Q8IU85,5.018030839827746,5.356677967088866
Q8IUC8,6.527342020480398,4.962883949801252
Q8IUD2,5.396090205973984,5.124310693766072
Q8IUE6,6.441288735186697,7.848960300141179
Q8IUF8,6.268557800310162,5.476706718377722
Q8IUH3,5.904041796114383,5.4391242582128925
Q8IUH4,5.795296276238485,5.311240646493995
Q8IUI8,5.9715809997337725,5.831896312145719
Q8IUR0,6.778331091690168,5.7611769685721645
Q8IUR7,5.543487602254792,4.845803473541315
Q8IUW5,5.922136087793552,5.174345947601041
Q8IUX1,6.4362590536185245,5.620576136789154
Q8IUX7,4.401199265865714,4.560915356265455
Q8IV08,6.165857061303546,6.393831525490825
Q8IV32,5.5569359400133935,5.247311048680154
Q8IV36,5.621379782199558,5.084019950441635
Q8IV38,5.912051453690326,5.562274253550108
Q8IV48,6.367306427551373,5.936579790780787
Q8IV50,6.526872470374347,5.7663469928182005
Q8IV63,5.1913071111191265,4.813478883223183
Q8IVB5,6.406502614066124,5.588100545390027
Q8IVD9,6.255759823781367,5.8456747510218525
Q8IVF2,4.897757256732641,5.334339056084159
Q8IVF7,5.343342825908765,5.326602911272818
Q8IVH2,5.810931888359915,4.749564561153918
Q8IVH8,5.521842642236937,4.873219814124786
Q8IVL1,4.921238651686519,4.430636855850262
Q8IVL6,5.519770811026746,5.392707416091008
Q8IVM0,6.260377798687436,5.63314740214293
Q8IVS2,5.533262399598999,5.338380763209351
Q8IVV7,5.938606947292936,5.407142429150646
Q8IVW6,5.390452898393931,5.144575901048507
Q8IW35,5.52120377984288,5.05990226723156
Q8IW45,6.267683778341141,5.8744371084629305
Q8IWA0,5.944815997179001,5.401856402587063
Q8IWA4,5.607186033639191,5.147269218369153
Q8IWA5,5.677932170256147,4.398090336520091
Q8IWB1,5.586097053973623,5.05512174145647
Q8IWB7,5.92579815419463,5.480574437736621
Q8IWB9,5.1963629450852,5.786254827019318
Q8IWC1,5.813391876500614,5.0251629037215215
Q8IWE2,6.232999685626891,5.4753180085008335
Q8IWE5,5.227253598646043,4.591766550692137
Q8IWF2,5.274691486225029,4.560856388382472
Q8IWI9,5.140827334389298,4.405878901588268
Q8IWJ2,5.258806203054865,4.570556999446787
Q8IWL3,5.814802826488096,5.109144031850585
Q8IWQ3,5.624292376064961,4.475742985020959
Q8IWR0,5.487105448131589,4.945632389281434
Q8IWS0,5.89410522069135,5.949467750135614
Q8IWT0,6.239521072981414,5.782134703328799
Q8IWT3,4.721284079224617,5.25518858016379
Q8IWT6,5.777775011141258,5.094569903412639
Q8IWU2,5.48505702679722,4.605508335556542
Q8IWV2,5.327023021790042,4.379417947127586
Q8IWV7,5.158633618830278,4.60314374706762
Q8IWV8,5.116128407912591,4.776070406521435
Q8IWW6,5.392496682988852,4.8552236580579695
Q8IWX8,5.977205112752801,5.685972514884866
Q8IWY9,4.744930057510951,4.801017045804191
Q8IWZ3,4.977257972348287,4.484785875452718
Q8IWZ8,5.63423466601288,5.262708965310304
Q8IX01,5.820478234840732,5.395820127354476
Q8IX04,5.478115850683482,5.242230571648121
Q8IX07,5.398027030573885,5.009643608945411
Q8IX12,5.87502669572028,5.570435600820209
Q8IX18,5.886298430069234,5.001829520775169
Q8IX90,5.778520732658031,5.140733508978864
Q8IXB1,5.758899482356792,5.52806131009058
Q8IXH7,5.92300233494352,5.328748989790751
Q8IXI1,5.7964623493625735,5.896154099608116
Q8IXI2,5.302191973526919,5.536754783295711
Q8IXJ6,6.110094173855957,5.323537221637153
Q8IXK0,6.161541291274348,5.640265152652509
Q8IXM2,6.286622723550316,6.135642514948184
Q8IXM3,6.322494100166414,6.214731131031103
Q8IXM6,6.405453112910545,5.753425056199105
Q8IXQ4,6.155411963852801,5.760353480936431
Q8IXQ5,5.43227413523694,5.057539031180417
Q8IXQ6,5.017450477196114,4.826145956618436
Q8IXT5,5.725584144775791,5.263569767759758
Q8IXU6,5.827512643050158,5.782141952046866
Q8IXW5,5.714910829903948,5.317007370663188
Q8IY17,5.066919527844388,5.025084860006307
Q8IY18,5.714206671162994,5.14459525821442
Q8IY31,5.266871740680284,5.396592923018467
Q8IY37,5.684983357950591,5.436782098235346
Q8IY47,6.098753359000808,4.929523411714538
Q8IY57,6.074718021983209,5.685703759616424
Q8IY67,5.92854593114962,5.643132142468379
Q8IY81,6.207666610432556,5.727495086085158
Q8IY92,4.315421221331265,4.285699681248475
Q8IY95,5.912870498947505,6.197977102299444
Q8IYA6,5.551184441511786,4.743887352947398
Q8IYB1,6.082041383572456,5.087805172335674
Q8IYB3,5.538858991377127,6.084621325418158
Q8IYB5,6.589619915938014,5.997859520529222
Q8IYB7,5.602756759934241,4.996215841379861
Q8IYB8,5.687504981341227,5.087530186175
Q8IYD1,6.033150164101553,5.327191578573717
Q8IYI6,5.603504745599709,5.328547990649241
Q8IYL3,6.462097853971629,5.895832435746286
Q8IYQ7,5.062968848204827,5.166202943496406
Q8IYS1,6.344118785620353,5.6095397254215005
Q8IYS2,6.198918856977622,5.331173869382003
Q8IYU8,5.43093676167361,6.64316891286922
Q8IZ07,5.646332619134751,5.012759080644219
Q8IZ21,5.424684611997795,5.110911550062342
Q8IZ40,5.923167599612474,5.403057781633327
Q8IZ52,5.438967732969429,5.478220740929053
Q8IZ69,6.197795603276162,5.098034285006133
Q8IZ73,5.76729762793003,5.152915003167197
Q8IZ81,6.5434937129434685,6.128001447910481
Q8IZ83,5.55527930882693,5.621139366729839
Q8IZA0,5.804863643258083,4.805954599797919
Q8IZD4,5.583222463683368,5.123163786456956
Q8IZE3,5.035123908082192,4.973935080234005
Q8IZH2,5.456904925012889,4.753932100383456
Q8IZJ1,5.3554751408252566,5.081741385058339
Q8IZL8,5.619191064182108,5.644895811193273
Q8IZP0,5.523338792479375,5.770431754193406
Q8IZQ1,4.556243579785518,4.474256569727795
Q8IZQ5,6.66913512450876,6.581926534419204
Q8IZT6,4.793591803780453,4.279111614872188
Q8N0U8,6.072299598355469,6.1675484428969
Q8N0X4,6.06131037608279,5.331600199318845
Q8N0X7,5.979756328452259,5.440897954409893
Q8N0Z3,4.964774473584292,4.916629954251903
Q8N0Z6,5.802717504400228,5.3130000858184045
Q8N108,5.820795548962423,6.276569356800879
Q8N111,6.5625460970465435,6.172880668533005
Q8N122,5.426386004708722,5.018238953729914
Q8N128,6.186831595721854,5.814480979014211
Q8N129,6.054561632993437,5.942272145494584
Q8N131,7.900886619060225,7.102403651064965
Q8N137,4.902892585391186,4.6951448250397565
Q8N138,7.221074050295226,5.511197471202012
Q8N142,4.427229294952412,4.914688556042622
Q8N158,5.795498687555632,5.055191891075027
Q8N163,6.189803222267132,5.851871621617523
Q8N183,6.5572738231047865,5.888891945560608
Q8N1B4,5.5799456471780875,5.334116635006763
Q8N1F7,6.059061354043303,5.749324220860593
Q8N1F8,5.3103159072420105,4.822211629093066
Q8N1G0,5.692689085883663,5.0711971857318
Q8N1G2,5.654966792120307,4.96717473716689
Q8N1G4,6.237741958809117,5.953543042302079
Q8N1I0,5.10286632849333,4.457690360622655
Q8N1S5,5.459717062744341,5.66722882278956
Q8N201,5.1847173880324195,4.689148149841528
Q8N2F6,6.2939400730147295,5.888150842109284
Q8N2G8,5.902542131661442,5.790496942803394
Q8N2K0,5.819896559520853,5.826534123665922
Q8N2M8,6.032603994408476,5.464687586149374
Q8N2Z9,6.3868775950689685,6.229824457590395
Q8N335,6.115804589080234,5.446687909361813
Q8N3C0,5.4102115797197685,5.299498962383665
Q8N3D4,5.194554090308411,5.310009070009534
Q8N3F8,5.545081724847414,5.621581494971397
Q8N3P4,5.381721303542477,4.660626056245466
Q8N3R9,5.729304000059346,5.093714735012912
Q8N3U4,5.684166956190353,5.138372437825278
Q8N3V7,5.4667403129571195,5.2798959887303845
Q8N3X1,5.862183298153537,5.416026074270526
Q8N3Y1,5.565327727655648,4.972257770394817
Q8N3Z6,5.609623824312791,5.22106330532093
Q8N428,5.717269564437222,4.720440715160266
Q8N442,5.129241025386381,4.910387843268656
Q8N465,5.713672012741687,5.037806732197371
Q8N488,6.231383478360624,6.010898227823304
Q8N490,5.036811881178492,5.544277743108212
Q8N4B1,6.11010600048323,5.267470753138912
Q8N4C8,5.422268671839882,4.9042355627650975
Q8N4Q0,6.208910766700928,5.39102557958378
Q8N4Q1,6.945649984219779,6.258654908948119
Q8N4S0,5.456037088587247,4.85080037251347
Q8N4T8,5.8049994856567295,5.684221049172364
Q8N4V1,6.079024819743999,6.296925484943591
Q8N511,6.165145261589318,5.91383648841541
Q8N543,6.155869758137723,5.500909880440939
Q8N556,6.09706302022818,5.297224595830968
Q8N567,5.767155131079347,5.437868507442379
Q8N584,5.41122230451359,4.766721774100477
Q8N5A5,5.5719842863238735,5.076114724330775
Q8N5C6,5.609255320792533,5.026126674868266
Q8N5C7,5.892499123719463,5.17604123436146
Q8N5F7,5.269580570035169,5.691603894151295
Q8N5G0,6.962901128817762,6.732071600691562
Q8N5G2,5.591675023665587,4.96428700767174
Q8N5I4,5.6168029639849095,5.249391459285177
Q8N5K1,6.1179729030826495,6.514429890748081
Q8N5M1,5.82322791178334,5.475228409874542
Q8N5M4,6.793892012396855,6.2867101191603645
Q8N5M9,6.537822978532056,6.583620456356186
Q8N5N7,6.277445482513071,6.143410157219266
Q8N5P1,5.831518746156057,5.4203232918492885
Q8N5W9,6.765290425515094,5.930537354346382
Q8N5Y2,5.261465305500096,5.1415899551973485
Q8N612,5.239490330885591,5.133477576616185
Q8N653,4.683084219452164,5.159664251513332
Q8N668,5.932969508880813,5.945129241308551
Q8N680,5.703625907603254,5.086378098014933
Q8N684,6.09803650713857,6.073169457453187
Q8N6C5,5.4490065774881264,5.145985210874192
Q8N6G5,5.527690949149188,4.61914225305482
Q8N6H7,5.681438432483326,5.760126446735229
Q8N6L1,7.558696162798949,6.179530237514177
Q8N6M0,5.93033780698029,5.900344095684723
Q8N6N3,6.582981138190836,5.701538959428797
Q8N6R0,5.642057466577382,5.111705598422095
Q8N6S5,6.281414096035547,6.358311801220308
Q8N6T3,5.7768458247322005,5.566344941143703
Q8N6T7,5.860614723565101,5.362266527514259
Q8N720,5.634905175344636,4.909213964777005
Q8N766,5.528154746233945,5.402098019093496
Q8N7H5,5.910783355971136,5.734816407774872
Q8N7R7,6.203300144551752,5.335386174955796
Q8N806,5.721511086610823,5.505210763084003
Q8N8A2,5.34851183562574,4.946911118816827
Q8N8A6,5.289777934677833,4.998105092485341
Q8N8E2,5.12328148971954,5.035804872587371
Q8N8E3,5.462715000146366,4.730423446710967
Q8N8L6,6.516433530719038,5.618335902976784
Q8N8N7,5.898247667208365,5.605684209119892
Q8N8R7,5.682130492784879,5.210922266069579
Q8N8S7,5.867832484944501,5.922258017592135
Q8N954,6.239543623322695,5.593203799833933
Q8N983,6.362432238605553,6.070098396016114
Q8N999,5.886215416949317,6.131038827055516
Q8N9B5,5.351032773643636,4.831548416681131
Q8N9F7,5.50517746462844,5.460150487358189
Q8N9M1,5.878033459437966,5.281718672151251
Q8N9M5,4.89069902936688,6.073553821927249
Q8N9N2,6.250562601413303,5.381657279289644
Q8N9N5,5.522082131210031,5.234500252830681
Q8N9N7,6.253969569362429,5.743942420936744
Q8N9N8,6.158509221461015,5.8671721381871045
Q8N9R8,5.6415609073279125,4.730938588211061
Q8N9T8,5.88773818777628,5.392795001303615
Q8N9Z2,6.489863737343415,5.853859190204504
Q8NAF0,5.66543122095316,5.216854266220035
Q8NAT1,5.655333296170397,4.851437073199746
Q8NAV1,6.481731196105335,6.124505828423967
Q8NB15,5.8107652186703085,5.196497407963761
Q8NB37,6.064435490166526,5.652869240514946
Q8NB46,5.397175652634613,4.5674050859498
Q8NB49,5.701549428696568,4.9495696425584175
Q8NB78,5.750248799512429,4.9707073613064585
Q8NB90,5.782890296250877,5.105685448732189
Q8NBF2,6.374645589791208,5.518440622115793
Q8NBF6,5.565556248136453,5.302140812617168
Q8NBI6,5.568827718205586,6.034558181933089
Q8NBJ4,6.061407134937959,5.4379379436310975
Q8NBJ5,5.918119872848106,5.725525830776846
Q8NBJ7,5.951132800295156,5.968114563224113
Q8NBK3,6.293354680306397,5.628701632402839
Q8NBL1,6.301649979376696,5.724777553039079
Q8NBM4,6.059762850706504,5.592213488622562
Q8NBN3,5.948008461288489,5.190479146499565
Q8NBN7,6.332712131304932,5.567474322740187
Q8NBP0,5.289954834414034,4.932302699908405
Q8NBQ5,6.347794347374513,5.990670783664941
Q8NBS9,6.163817573267189,6.299876469578226
Q8NBT2,6.098260825470597,6.109110607907101
Q8NBU5,6.2970562369027725,5.719353777258218
Q8NBX0,6.389590041964427,6.08384415530765
Q8NBZ0,6.040192518107588,5.7055336044368525
Q8NBZ7,5.640650715020136,5.203545655092824
Q8NC44,6.127971160983353,5.49809051846862
Q8NC51,6.276276216000687,6.512143085083989
Q8NC54,6.1946002737199,5.915744345917658
Q8NC56,5.857663573096982,5.530472350576858
Q8NC60,5.654749177508314,5.30714965139272
Q8NC96,6.329045022043901,5.702563655628458
Q8NCA5,5.891337924687549,5.672781778221901
Q8NCB2,5.187152007570289,4.879991212075515
Q8NCC3,6.0662318020392405,5.409669714446865
Q8NCD3,5.111378586442765,5.0430484606565535
Q8NCE2,5.393216219084355,5.1434444181377454
Q8NCF5,5.903102921836254,5.337346203400716
Q8NCG7,5.628727969122791,4.879333363517299
Q8NCH0,5.909830511915691,5.42017998410732
Q8NCL4,5.773210503573292,4.952664982173847
Q8NCM8,4.529854309681416,4.061498412834739
Q8NCN4,5.397397394464512,4.74883341420523
Q8NCN5,5.836426618582791,5.132862525414952
Q8NCW5,6.292224870251465,6.240630543794584
Q8ND04,5.337339966915141,4.667026375606571
Q8ND24,5.281185402693081,5.3246287143128175
Q8ND25,6.396617096433737,5.28660563093887
Q8ND30,5.4898992336508154,4.824302897867096
Q8ND56,6.089578404537328,5.816295161833106
Q8ND76,5.777001727381828,5.51610714201079
Q8ND82,5.6865086251700045,5.335584205221812
Q8ND90,6.317061687887458,5.382408135596895
Q8NDD1,6.135804078069063,5.98070647989906
Q8NDF8,5.584470178287065,5.454676619354412
Q8NDI1,5.481312119629134,4.878316026391677
Q8NDT2,5.699765444875765,5.163688216213425
Q8NDV7,4.8412939628887965,4.432555319800697
Q8NDX5,6.016080843356646,5.397173147848038
Q8NE01,5.503842679057134,4.976060103971437
Q8NE71,5.894081744883627,5.724209449069863
Q8NE86,6.394683917450989,5.514075539950381
Q8NEB9,5.611563877960209,5.031913953586382
Q8NEC7,5.934264835468776,5.293597417222088
Q8NEF9,5.826967874330603,5.059773759857354
Q8NEJ9,5.979655076398425,6.145038369132935
Q8NEL9,5.4604659476652735,4.883229469829877
Q8NEM2,5.304070865080032,4.78606867238604
Q8NEM7,5.807291130904957,4.953758804964402
Q8NEN9,5.311752528811891,5.459817465142506
Q8NEU8,5.680349165442987,5.100952972631405
Q8NEW0,6.840611837205051,5.860212033307044
Q8NEY1,5.002468104199586,4.561840641935437
Q8NEY8,5.985218673728852,5.705764899878694
Q8NEZ2,6.34104028841206,5.429666840911241
Q8NEZ3,5.1012390086058215,4.526862950455623
Q8NEZ4,4.696389570059984,4.235375902232617
Q8NEZ5,6.070661783344578,5.388410079071685
Q8NF37,6.3373530725646425,5.236019686984364
Q8NF91,4.523072939060288,3.897560270058417
Q8NFA0,5.195770833981773,4.61182186735216
Q8NFC6,5.22857247269548,4.665618937210654
Q8NFD5,5.337499290302594,4.946790135797928
Q8NFF5,5.851131985406871,5.276622701873161
Q8NFG4,5.090952591101944,4.534576886234367
Q8NFH3,6.400403944331039,6.038108889907168
Q8NFH4,6.440935162413666,5.938642104265252
Q8NFH5,5.954186206755621,6.164712761493896
Q8NFI3,4.821226662987695,4.8205683580600285
Q8NFJ5,6.517509710038729,5.68605699559491
Q8NFM7,5.613274593545752,5.2049462481322335
Q8NFP9,5.095400261845034,4.368781507691129
Q8NFQ8,6.071466131310367,5.672747935350224
Q8NFU3,6.224439505435807,5.997636452282889
Q8NFV4,6.179323119894951,5.748595003516481
Q8NFW8,6.343261158019673,5.716661840778985
Q8NFW9,5.652467046119744,4.763368240995287
Q8NFZ4,5.807131794524447,5.4127851651296215
Q8NFZ8,6.111344170955379,5.364641353787998
Q8NG31,5.01012884861338,4.680043671545656
Q8NG68,5.5109696286424406,5.353542022840566
Q8NHG8,6.017275390725803,5.723837145715767
Q8NHH9,5.756566341253988,5.612971400847912
Q8NHM5,4.9525745922229,4.438068386343907
Q8NHP6,5.6108838169308015,5.122129899010402
Q8NHP8,5.732858112041401,5.6519057287965495
Q8NHQ8,6.02409495029795,5.147739548464201
Q8NHQ9,5.641970382058889,5.2692870935087495
Q8NHU6,5.6345861003937365,5.085526872910835
Q8NHV4,5.831649027884003,5.227478453674385
Q8NI08,5.883692736995698,5.056635446866362
Q8NI22,6.196054593271853,6.46795859474607
Q8NI27,5.599986608498051,5.086586060247785
Q8NI36,5.872741211252144,5.801583640532613
Q8NI60,5.8256795950054014,5.154233667161667
Q8NI77,4.969767265905882,5.028605619673467
Q8TA86,6.3257682618857665,5.408857212293032
Q8TAA5,6.432404341107452,5.720260284562437
Q8TAD4,5.937010958474452,4.751344187030874
Q8TAD8,5.875596702739209,5.542290770744454
Q8TAE8,5.798390494397228,5.865249801450562
Q8TAF3,6.247033360063201,5.307120987196673
Q8TAG9,5.46176090168994,5.00668091284272
Q8TAM2,4.791211617948781,5.226372579303122
Q8TAP8,5.917193992145046,5.523862455231283
Q8TAP9,5.798483849194449,5.835704294191019
Q8TAQ2,5.932231184195871,5.492707198015586
Q8TAT6,5.90325821109359,5.816266170535191
Q8TAV0,5.73657831885097,4.83683231786262
Q8TB03,5.778066953455864,5.275749056216762
Q8TB36,6.547843359308144,6.675911287906465
Q8TB52,6.4642911750500325,4.866974019296407
Q8TB61,5.687176086658989,6.088972016472029
Q8TB72,5.589370239461047,5.216684969499786
Q8TB96,6.124098537389287,5.239492996543182
Q8TBA6,5.510720152053499,5.034298351763326
Q8TBB5,5.272754354726426,5.092436647890171
Q8TBC3,5.66767570135791,4.851332968269148
Q8TBC4,6.013976270662111,5.84207108055018
Q8TBC5,5.324463581533089,4.942176015032159
Q8TBF2,6.020365542241367,6.000477762865966
Q8TBK6,5.856336356629639,5.860043169820849
Q8TBM8,6.01390907179127,5.385062521768303
Q8TBP5,6.007568284173016,5.571847619825984
Q8TBP6,6.0710249024049325,5.495079188491272
Q8TBQ9,7.115168091050537,6.739240735202849
Q8TBX8,6.303485779762029,5.600543499273119
Q8TBZ3,5.370375242965164,5.337087018126654
Q8TC07,5.644622065340658,5.350794236986656
Q8TC12,6.221745041360409,6.076995643733876
Q8TCA0,6.388837017743752,5.838136393314397
Q8TCC3,6.764957751792203,5.928944803053442
Q8TCD5,6.507900903507342,6.081798488683904
Q8TCG1,5.881241153341769,4.985858164858566
Q8TCJ2,5.59854260897333,5.706953490519117
Q8TCS8,5.986785224125194,5.406457633741091
Q8TCT9,6.036568240827895,6.287337245991518
Q8TCU4,4.566332596366467,3.915008113199845
Q8TCX1,5.672036807203477,5.416733483203657
Q8TCY9,5.095661652776066,4.842489674976225
Q8TCZ2,7.25453270248373,6.5463580455291766
Q8TD16,5.663117234570908,5.340481955789778
Q8TD19,6.016248670220219,5.3483035398736405
Q8TD26,4.545421336861627,4.192196553735585
Q8TD30,5.962509828640459,5.242967102479881
Q8TD43,4.986779148748196,4.685305353875777
Q8TD55,5.416018630877411,5.478873213244327
Q8TDB6,5.599936836837054,4.865556701949033
Q8TDC3,5.313544421338438,4.767638526093498
Q8TDD1,5.676698235708009,5.227939990673606
Q8TDJ6,4.84520950781131,4.307167374831965
Q8TDM6,4.933078753705134,4.437650081752501
Q8TDN6,6.112323535401737,6.070785592065354
Q8TDP1,6.2848818136656135,6.176145242040521
Q8TDQ7,6.389066933060015,5.6064312876643685
Q8TDR2,5.223085899289528,4.947745199575864
Q8TDW0,5.722256595737262,5.104486552619165
Q8TDX7,6.231144185550102,5.643531042021657
Q8TDY2,5.309086143640342,4.562445511323662
Q8TDY4,5.303428957725384,4.922307896860046
Q8TDZ2,5.669948665658502,5.088299464506673
Q8TE77,5.730921433919081,4.8002861507406935
Q8TEA1,5.748182861340675,4.954816813711567
Q8TEA8,5.675764825565,6.232847690641826
Q8TEB1,5.202953030995841,5.136606106200576
Q8TEB9,6.293826229834561,5.67103489728505
Q8TED0,5.741824491494146,5.683209147352389
Q8TED1,6.287079509818654,5.63411761292036
Q8TEM1,5.78225134130382,5.260613429697439
Q8TEP8,4.612876004043415,4.567948292993625
Q8TEQ6,5.720574744910697,4.984783713493969
Q8TEQ8,5.490739407192694,4.824182512418062
Q8TER5,5.128465748587185,4.715519474356822
Q8TEU7,5.218283700295196,4.5541929088417765
Q8TEV9,5.499336419367616,4.853432629970907
Q8TEW0,5.370400090011831,5.073776500520256
Q8TEX9,5.5555948642095325,5.302177172679358
Q8TEY7,5.248205364754835,4.679258716167265
Q8TF01,6.600414551234383,5.5413204664084486
Q8TF05,5.548717533096028,5.1519511488018805
Q8TF42,5.504577900004982,4.986180438613294
Q8TF68,5.771043765044398,5.804797322797074
Q8TF72,4.885189485505872,5.680246130690928
Q8TF74,5.690236553364113,5.433152209385286
Q8WTS6,5.901840714617101,5.50885444693518
Q8WTT2,6.089977418091371,5.33158851117712
Q8WTV0,6.222742847734502,5.066495489737689
Q8WTW3,5.3262358913475705,5.523597801275131
Q8WU20,5.047946839737833,5.029941894159528
Q8WU76,5.6857152495417935,5.075940855487234
Q8WU79,6.158366363280374,6.88158639170291
Q8WU90,6.332419866246335,5.760299999903159
Q8WUA2,6.311580752004252,5.565255234695225
Q8WUA4,5.90496954445444,5.599308156866173
Q8WUA7,5.134711174680318,4.842318052342188
Q8WUB8,6.015484157223234,5.613436679859227
Q8WUD1,6.304230197798539,5.773485306446553
Q8WUD4,6.447348633031875,6.40340764210141
Q8WUF5,5.442240986379591,5.231403019197148
Q8WUF8,5.872201322771471,5.240597183792926
Q8WUH2,5.486137106777179,4.801366798406336
Q8WUH6,6.90149872311853,6.245502269846958
Q8WUI4,5.242383497132998,4.878877342881559
Q8WUM0,5.753088471409939,5.366556486621695
Q8WUM4,6.1010814783130725,5.693439002402629
Q8WUM9,5.933657204370605,5.453304065298207
Q8WUN7,5.174589086799699,5.222348330105877
Q8WUP2,5.69573708836076,5.79402335861121
Q8WUQ7,5.804466512214278,5.093411701247788
Q8WUW1,6.747993944082175,6.364019189581809
Q8WUX2,6.11473250412871,5.54430832297227
Q8WUX9,5.930495114543935,5.544705929835185
Q8WUY1,6.571510229935973,5.934044643607751
Q8WUY8,6.305699488676634,6.350666327013835
Q8WUZ0,6.292943627194603,6.074072998457735
Q8WV22,5.718561455236733,5.601589386271352
Q8WV41,5.518741294085528,5.047234457517368
Q8WV92,5.773027558913911,5.21719592258358
Q8WV99,6.279182707775211,5.404281772615526
Q8WVB6,5.261200944375074,4.848156807059124
Q8WVC0,5.534159986137487,5.733912719450307
Q8WVC6,6.205813535886044,5.811152614012337
Q8WVD3,6.237178077742717,5.494187659350989
Q8WVJ2,6.630227487700751,6.1857595221919945
Q8WVK2,6.826973734301626,6.238112014847942
Q8WVM0,6.155033046992385,5.497081868846214
Q8WVM7,5.544879280230233,4.977474218640546
Q8WVM8,5.93455687563049,5.492467184259012
Q8WVQ1,6.210765143438392,5.283420498955308
Q8WVS4,5.534483248565948,5.006382954401046
Q8WVT3,5.639535411776968,5.110813458917078
Q8WVV9,6.006615397163143,5.643782834862671
Q8WVX9,5.8783814958726985,5.550969981723132
Q8WVY7,6.346080988003159,5.987463837733976
Q8WW01,5.830373901846124,5.980834126208299
Q8WW12,6.0728405577116265,6.444555464781386
Q8WW35,6.233965722474313,5.540203738407229
Q8WW59,6.003220573305258,5.612297984484328
Q8WWC4,6.161935525488533,5.499361013078747
Q8WWH5,5.81731045562719,5.392963541467128
Q8WWI1,5.2973202632377685,4.751554750433967
Q8WWI5,5.367123138478394,5.261966411121431
Q8WWK9,5.591849916742724,5.344689130290512
Q8WWM7,5.655088512848067,5.544223057774769
Q8WWM9,6.408494099116514,6.205718314638368
Q8WWN8,5.27049789974153,4.743123659649575
Q8WWQ0,5.486884951278032,5.601986538796516
Q8WWV3,5.832197862583538,5.293455086204848
Q8WWX9,6.672894779661924,5.850238687656721
Q8WWY3,6.18903562531099,6.053078560046654
Q8WX77,5.80692043649857,5.73249194744494
Q8WX92,6.195411214229144,5.641779222274846
Q8WX93,5.315772696779556,5.0727563273643534
Q8WXA3,5.516864908722376,5.053320759089498
Q8WXA9,6.265738351150446,6.148517355011297
Q8WXD2,6.001238429842138,5.536194524176998
Q8WXD5,5.306186262324639,6.242270458526608
Q8WXE0,5.00086395166648,4.92096839918702
Q8WXE1,5.603306136659104,5.730960211166372
Q8WXF0,6.37007550453509,5.907652612789932
Q8WXF1,6.314974943399441,6.113493072393068
Q8WXF7,5.9766679642366185,5.423116157440176
Q8WXG6,5.1775323998765295,4.72089955365701
Q8WXH0,4.957896795038596,4.486467575095197
Q8WXI9,5.81378024457378,5.736917355635568
Q8WXW3,5.428466152011275,4.899336525466028
Q8WXX5,6.469626810192286,6.3114372662604
Q8WY21,5.599458706814945,5.227473697727153
Q8WY22,6.76162657349645,5.868418847923937
Q8WY36,5.720439992833593,5.016713272923418
Q8WY54,5.518881121714495,5.395916653482804
Q8WYA0,5.602577198160645,4.962740579724288
Q8WYA6,6.285250066794109,5.84702583022678
Q8WYH8,5.51280327379136,5.948426887086234
Q8WYN0,5.072019565986727,5.036067603744743
Q8WYP5,5.177083773797744,5.1560159839511535
Q8WYQ5,5.796194761365441,4.971187157858421
Q8WZ42,4.48386208036024,3.282397282899691
Q8WZ82,5.735958389522052,5.945079387284825
Q8WZA0,6.626264502880587,6.446751926377959
Q8WZA1,5.490273565639583,5.075554086607469
Q8WZA9,6.034360146009959,5.928050969106563
Q92466,6.2111971414652185,5.738080158689086
Q92481,5.8979552942117675,5.904231368686421
Q92499,5.854673161260445,5.913522418711127
Q92503,5.430403021324398,4.6436382387835256
Q92504,7.3253692771535555,5.827316886223532
Q92506,6.058280867865125,5.432745744979468
Q92508,4.770698962189391,4.246964106176423
Q92520,6.523654334734309,5.701327946243828
Q92522,6.650153776784922,6.581086475257669
Q92530,6.447895094567024,6.155364112052517
Q92536,5.732001097527249,5.615698136376484
Q92538,5.2003922355072385,4.973302353142227
Q92540,5.232424280139345,4.961996596971487
Q92541,5.950772031891482,5.440307752618198
Q92542,5.93777752987681,5.790286248648455
Q92543,5.318724046163987,4.890271000664852
Q92544,6.31483584280731,6.363519059077392
Q92547,5.495804394905017,4.781987434373318
Q92551,6.137142030611406,5.041499401748041
Q92552,5.690269385663884,5.452730362191025
Q92556,5.749960329469884,5.157381585780689
Q92558,5.806659094835986,5.696238671849344
Q92560,5.560967442114588,5.11880245935353
Q92562,5.616790277374897,4.726209434190408
Q92567,5.8576392411778375,5.2003090852773965
Q92572,6.5892154083812,5.923237680304579
Q92574,5.349251172328369,4.408605366904663
Q92575,6.163239138198593,5.721898574547296
Q92576,5.313940135854786,4.759494940821652
Q92581,5.409835688485682,5.226284853497037
Q92585,5.192119486645575,4.322501475431734
Q92597,5.43294013034739,5.47564488941365
Q92598,5.945389905293441,6.011385731119255
Q92599,5.9239705795039415,5.58907836640973
Q92600,6.029447965494047,5.725404294655423
Q92604,5.84569437263116,5.583340361425015
Q92609,5.638770244603794,5.296532845156101
Q92610,4.8271133116045215,4.722335552635007
Q92613,5.537999622044153,4.943556628822597
Q92614,5.296465287101463,4.618335904378297
Q92615,5.758650844364178,5.476441807618079
Q92616,5.476896982050417,5.014459359785067
Q92618,4.657129109024123,4.667161043581093
Q92620,5.320823500962068,5.108588322111464
Q92621,5.861920792384103,5.252125523814303
Q92625,5.293905598371943,4.874180974330678
Q92626,5.673011945861758,5.133208191781745
Q92636,5.223673842418028,4.668208092398373
Q92643,5.817561906270964,5.7099781549065645
Q92665,5.734690862331725,5.570268913945109
Q92667,5.76885234187756,5.281480130491087
Q92685,5.91571578094013,5.150455232060157
Q92686,6.2561695910547535,6.591464848416969
Q92688,6.786365945869088,7.149249289778993
Q92692,5.515323224704236,5.567688031729844
Q92696,5.695180041126591,5.244851478624533
Q92733,6.394618038613701,5.9190470432063655
Q92734,6.403237271796021,6.204985203010461
Q92738,5.62291439096642,4.882529328600722
Q92747,6.407914658222181,5.886771183271621
Q92759,6.095699743428382,5.6016176741144905
Q92766,5.008142403868042,4.4085580418399335
Q92769,6.386834388602436,6.215670126468515
Q92777,5.915690615393484,5.49097241995416
Q92782,5.765890144121361,5.179730537895281
Q92783,6.032547366092477,5.714515270818733
Q92784,5.591057753143458,4.96381457368141
Q92785,6.144159085106317,6.06572228977722
Q92786,5.489979263232515,5.613955793382808
Q92791,6.13151133692611,5.592075176475412
Q92793,4.9697739641567455,4.576328239426939
Q92794,4.747695800828069,4.870259534209653
Q92797,5.5999846276282295,5.205721843001763
Q92804,6.789345142112751,6.5835567767894725
Q92805,5.329097290653071,5.25384150166389
Q92820,6.591118556352331,6.4270375517452285
Q92823,5.862977213610466,5.642046187240715
Q92828,5.802850339570572,4.924580167498879
Q92830,5.261002070182267,4.996945617744677
Q92841,6.071335239761066,6.172420219757642
Q92844,5.800895130826189,5.341330210030828
Q92845,5.826196025386745,5.16177644547014
Q92854,5.8204198868842365,4.880346596040318
Q92859,5.433984133913493,4.723618076962951
Q92871,5.880867758742819,5.302226194364061
Q92878,5.6013867139581315,5.589652820657933
Q92879,6.2088515330776834,6.301254403136378
Q92888,5.906990141110998,5.394095923994155
Q92889,5.610155781373375,4.800202605423248
Q92890,6.442100563393245,6.016421199679551
Q92896,6.010547281653673,5.49455449386661
Q92900,5.748130527558562,5.520545589923106
Q92905,6.108429148371197,5.91358651837334
Q92917,6.104310479540198,5.340376753839503
Q92922,5.835509041939886,5.602994476225601
Q92925,6.065648244988024,5.643421439571505
Q92930,5.9186252687475,5.183947238847606
Q92934,6.256263967402985,5.664054507925913
Q92945,6.070983661030088,6.256217234038161
Q92947,6.15556526036136,5.593961546299851
Q92966,5.222465316755536,4.962090876155662
Q92968,5.610374797440261,5.247041939743865
Q92973,6.012072592808168,5.7412460597836965
Q92974,5.890610621622756,5.616579015466739
Q92979,6.562381107455503,6.07964812420814
Q92989,6.257471814291689,5.60250221113558
Q92990,5.6222511769849834,5.302180103975336
Q92993,5.528761993757257,5.146666256529637
Q92995,5.493263046017038,5.0645492675015324
Q92997,5.45417469396782,5.360239942517345
Q93008,4.906015149709408,4.926846550259056
Q93009,5.856960896899862,5.34175403416321
Q93034,5.820603160191434,5.443573287547038
Q93045,6.293321674944838,6.950846188046183
Q93050,5.922872503729472,5.578259128975825
Q93052,5.752559501033115,5.245950455389113
Q93062,5.596870155800222,5.709568263462352
Q93063,5.5504682849943165,4.987720622708695
Q93074,5.45278634742095,4.668637807472626
Q93100,5.3276518472083385,4.93935246431941
Q969E2,6.170834619069273,7.066576731037944
Q969E4,5.869734457233148,5.753070180674513
Q969F1,6.312308949184804,5.843967786354495
Q969F9,4.780125393944325,4.65897915871634
Q969G3,6.404108272062842,6.065509331275808
Q969H8,7.07536618377924,6.907124297551835
Q969J3,5.861218804986073,5.570616155807305
Q969M1,6.250682109649519,5.291365450260757
Q969M3,7.511086248090386,6.268135826787326
Q969N2,6.171862655552961,5.644303022674622
Q969P0,5.875385907407271,5.273638607993907
Q969Q5,6.263705447966666,7.163477533489912
Q969R5,5.61144563510213,5.048864045910515
Q969S2,5.471844665040037,5.285070295330714
Q969S3,5.722314875990131,5.6034914425961135
Q969S9,5.602131345859496,4.971053064851212
Q969T9,6.8932188871124165,6.379022228635446
Q969U7,6.012302511254131,5.79077502708464
Q969V3,5.916701490530306,5.51862291563459
Q969V5,5.899299712936843,5.50809738832766
Q969X5,6.374660883277202,6.109937309190203
Q969X6,5.847999343297888,5.51215283506929
Q969Y2,5.7040985667997175,6.641384802658873
Q969Z0,6.196741425119766,5.607146930083789
Q969Z3,6.138999208513607,5.060680003608433
Q96A19,5.66995576780688,4.703798225837483
Q96A26,6.723792502547569,6.393798833631708
Q96A33,6.3596863237244445,5.953121889270937
Q96A35,6.113001876493254,5.962758753763074
Q96A49,6.670778332478727,6.1468075315506905
Q96A57,6.701173767918178,6.109412368072757
Q96A65,5.701841324908484,5.115563633468665
Q96A73,5.765118080870044,5.456907556586939
Q96AA3,5.850805182997926,5.529229066963888
Q96AB6,5.953655231638131,4.981558999289981
Q96AC1,5.97161943434023,5.839687563229362
Q96AE4,6.237502897508634,6.304028638791193
Q96AE7,4.960684860314232,4.465975021862585
Q96AG3,6.169425078444169,5.232617484233548
Q96AG4,6.833719811753751,6.798758441491567
Q96AJ9,6.2071737771183795,5.682086133355902
Q96AP0,5.1836329061527415,5.253331824167042
Q96AQ6,5.572897072982862,5.490541695346848
Q96AT1,5.83743622042751,5.900098963515057
Q96AT9,6.239602994414276,6.008280133454847
Q96AX1,5.820423387575217,5.237279970650833
Q96AX9,4.9946679378348895,4.559682000518231
Q96AY2,5.07185143494851,5.352734606718583
Q96AY3,5.786427872764697,5.774424119464514
Q96AY4,4.883591147759834,4.406383398777473
Q96B01,5.723017529917733,5.41715648099275
Q96B23,5.481133878472771,5.856971715927457
Q96B26,6.265148720801351,6.036243545789018
Q96B36,6.654531097244516,6.034891284584587
Q96B45,6.554504023936787,6.034004527230213
Q96B49,6.873794198858469,6.942960823895211
Q96B54,6.136295454223153,6.2560015427597815
Q96B97,5.551572749523697,4.907733846647258
Q96BD0,5.501060643050414,5.302140904665097
Q96BD5,5.8382807157593595,5.370108460025414
Q96BH1,6.01491842058726,5.144461074330858
Q96BJ3,6.184731558327831,5.862575156498208
Q96BK5,5.9319264322132135,5.459840363764874
Q96BM9,5.21503370166794,6.181644779864342
Q96BN2,6.3081689391238704,5.57299191484643
Q96BN8,5.684615591331793,5.557084828287855
Q96BP2,6.437737672600632,6.057346358661136
Q96BP3,6.054228194337833,5.332421308954093
Q96BR5,6.532036444289583,5.877031798384328
Q96BT3,6.107875755395559,4.991997807770988
Q96BW1,6.383546095624482,5.280084787101381
Q96BW9,4.721586388509322,5.14269918646742
Q96BY6,4.975780029553486,4.531200971398183
Q96BY7,5.030746795275253,4.675336368268019
Q96BY9,6.035789841790422,5.964338982385522
Q96BZ8,6.124542840296401,5.657041628944336
Q96BZ9,5.965313722542229,5.217223475974548
Q96C01,6.70177443785318,6.269086292774906
Q96C19,6.407988363849676,6.224634015444687
Q96C23,6.096034029302267,5.746670773922031
Q96C34,5.118819588535482,5.748701884996143
Q96C36,6.624997446991921,6.115290217286697
Q96C57,6.347954332466328,5.572325197951846
Q96C86,6.2519656226072735,5.765823289175765
Q96C90,5.956315693931701,6.427261649104079
Q96CB8,5.944081097499684,5.591383204174978
Q96CB9,5.922567576655348,5.48167528824454
Q96CG3,6.4612795193003585,5.450604816259185
Q96CM8,6.064182096608014,5.481343704954457
Q96CN7,6.691443189191627,7.001356785872973
Q96CN9,5.665494142764112,4.872468474832588
Q96CP2,6.294605325156837,5.774533390260833
Q96CP6,5.4905772477456365,5.104835694877196
Q96CS2,6.209975873664604,5.587617789305998
Q96CS3,5.956140570055268,5.861270314477635
Q96CT7,6.494120773173572,6.204590956311925
Q96CU9,5.805443447305163,5.455894836733402
Q96CV9,5.951753044314672,5.268034270369706
Q96CW1,6.3875925690079685,5.952743394493805
Q96CW5,5.628332124335403,5.071841776370351
Q96CW6,6.31670501331079,5.79583616560068
Q96CX2,5.956357029558764,5.4883057954076415
Q96CX6,6.089977751974731,5.208263468903947
Q96D05,6.051576529716659,6.148622430596108
Q96D09,5.3655179188539766,4.8377558125191875
Q96D15,5.879542940977177,5.718013071648471
Q96D46,5.880970058367707,5.606782540999799
Q96D71,5.948174149158007,5.385134198350708
Q96DA2,6.140314605656076,5.368518064041603
Q96DA6,6.712395151376472,5.827385411586093
Q96DB5,5.939436310279148,5.752567087900587
Q96DE0,5.928645246619773,5.758570371467931
Q96DF8,5.35485329633927,5.27865005520818
Q96DG6,6.240486775855635,5.790506256326018
Q96DH6,5.951919681386824,6.23693176230635
Q96DI7,6.492420445621099,6.24572019247052
Q96DR4,5.372893491541389,5.243770586850353
Q96DT6,5.647256893797943,4.824155489970259
Q96DT7,5.400819325194337,4.780519731273451
Q96DU7,5.132495520054328,4.930924487201828
Q96DV4,6.042255894208306,5.728809120274423
Q96DX4,5.309355557551729,5.2703557090472035
Q96DZ1,5.636728442518118,5.2788839832398535
Q96E11,5.870167984603933,5.865614156754899
Q96E17,6.128572920850639,5.882104624376207
Q96E29,6.091504068417718,4.8883712766059055
Q96E39,6.229561617353038,5.951158167587484
Q96EA4,5.48015486632877,5.113740897424527
Q96EB6,5.739980602890131,5.084442501596792
Q96EC8,5.977114685864804,6.185240529973642
Q96EE3,5.858586626599873,5.865418941939218
Q96EI5,5.627354976924957,5.7681260124096525
Q96EK5,6.2122074441053625,5.357745015304284
Q96EK6,6.105068878134916,6.067661846090816
Q96EK7,5.119023035523098,5.698038239438743
Q96EK9,6.052352231326542,5.432320414380869
Q96EL2,7.148749810545844,5.992889675031448
Q96EL3,6.734211487400655,6.5281473420954566
Q96EM0,5.960061707467181,5.2009389139168665
Q96EN8,5.118510268446751,4.884609053088639
Q96EP0,5.05482576938229,4.648873005472191
Q96EP1,5.534878726105935,5.382791354971235
Q96EP5,6.256478845326393,6.4791928089223365
Q96EQ0,6.309960677346219,5.640686594635742
Q96ER3,6.045468904945645,5.357462452781356
Q96ER9,5.937831940182868,5.569875705248341
Q96ES7,6.022711676510053,5.698774372178173
Q96EU6,6.020916649568455,5.456253751321563
Q96EU7,6.172989360423817,5.265512171138746
Q96EV2,5.4017379721244545,5.2138007099217845
Q96EX2,5.86621333555914,5.06641370375127
Q96EX3,5.635904254543873,4.98023175665331
Q96EY1,5.622613423209842,5.5930944284185
Q96EY4,6.9899450362324265,6.008566202221779
Q96EY5,6.6805819928388654,5.803749689663374
Q96EY7,5.970864701250717,5.425520978016255
Q96EY8,6.103995393460755,5.681291107076588
Q96EZ8,5.738805660520017,5.210873277820651
Q96F07,5.195144360711312,4.862018372203816
Q96F24,5.713246784035403,5.848694945999955
Q96F44,6.103818370373079,5.04207193709047
Q96F63,5.908739408755881,5.597811025388743
Q96F85,6.64338746303872,6.396823539150886
Q96F86,6.104949743851945,5.435227328220223
Q96FC7,6.168043909905281,5.9620944491228896
Q96FF9,6.146461187609493,5.850586520824863
Q96FK6,5.466495767436429,5.529187365744265
Q96FL9,5.5589452200202265,6.296733875972699
Q96FN4,5.713375241914026,5.694452112549048
Q96FQ6,6.332042599567977,6.288184954339082
Q96FS4,5.311200538367621,4.838568068715889
Q96FV2,5.790429497754957,5.653631670876031
Q96FV9,5.852105230008769,5.4813675681899845
Q96FW1,6.445118056554034,6.306005776260784
Q96FX7,5.625936611605789,5.635489551066171
Q96FZ2,5.547106050304583,5.005311946937916
Q96FZ7,6.654944036090921,6.113221944491402
Q96G01,5.151943286274812,4.815671625612731
Q96G03,6.05071787173088,5.588314078759668
Q96G21,6.241720650082032,5.9722946857600725
Q96G23,6.832978175846594,6.116688004285592
Q96G25,6.326497676254654,5.734603273681775
Q96G28,4.826416850194118,5.298783931698086
Q96G46,5.848527931681434,5.1710566199078976
Q96G61,5.8143253247499525,5.847165444729523
Q96G74,5.812699901053175,5.122058709751557
Q96G97,5.752035003804208,5.660958118268713
Q96GA3,6.093121228121396,5.727739070341601
Q96GC5,6.343992646584301,5.902588142703967
Q96GC9,6.316088520320677,6.240865564747782
Q96GD0,5.694313356762698,5.918208006497685
Q96GD4,5.748222930195489,5.586397008276703
Q96GE9,6.706847427937464,5.911390602125531
Q96GG9,6.0858649640040285,6.072276200123509
Q96GK7,6.690232312708538,5.272945974641545
Q96GM5,5.83960555991532,5.782251426787241
Q96GM8,6.112743664021632,5.490498989095384
Q96GN5,5.964704180882411,5.352290917076502
Q96GP6,5.517914230877864,5.202564601308994
Q96GQ5,6.0466705680586,5.433557337790787
Q96GQ7,6.012271122542417,5.665373589490553
Q96GS4,5.711426001892364,5.386786943243974
Q96GX2,6.894818235032492,6.540542153138709
Q96GX5,5.467793618933271,4.727692026032827
Q96GX9,6.288980069637345,5.404736505706521
Q96GY0,6.1559557933472675,5.511716443445208
Q96H20,6.789492225420039,5.939921592280024
Q96H22,5.684061345827665,5.368451124815502
Q96H55,5.400278920303503,4.856804544025863
Q96H79,5.5082131960685015,5.969864399010135
Q96HA1,5.740361848198219,5.224792171645467
Q96HA4,5.761739654222957,5.749209765321432
Q96HA7,4.912135614395623,4.659019354451406
Q96HA8,5.932967904572164,5.697194822788686
Q96HC4,5.89476867968354,5.653919946989158
Q96HD1,6.500811692491442,5.4595366554749765
Q96HE7,6.109604846884915,6.131654001516861
Q96HE9,6.288006725770568,5.143780610107474
Q96HI0,5.34192957098974,4.848835449863468
Q96HJ9,7.236550008150755,6.1160587505947
Q96HN2,5.364986664600883,5.099252752679016
Q96HP0,5.223439716774419,4.543113648674784
Q96HP4,5.729745267683088,5.113959412051699
Q96HQ2,6.691637000693641,6.308048383915031
Q96HR3,6.281787677401633,5.699193628787378
Q96HR8,6.04252236439282,5.639861753526493
Q96HS1,6.291007579589659,6.269594005442562
Q96HU1,5.502467827407385,4.443801807709311
Q96HW7,5.376827917077673,5.192569928186495
Q96HY6,5.677234071986299,5.991455185198135
Q96HY7,5.7461894125677935,4.967739945071637
Q96I15,6.05408134318373,5.411629551228282
Q96I24,5.962939168102887,5.898153471176257
Q96I25,6.4772210223947955,5.918007296155771
Q96I51,5.844204122972515,5.208242523469306
Q96I59,5.94128584316352,5.354634522951698
Q96I99,6.0339986604958415,5.724937633790231
Q96II8,5.923421885682447,5.094306827435713
Q96IJ6,6.126299568439432,5.72962691492303
Q96IK1,6.117193602806345,5.9570082432910425
Q96IU4,6.435155628412229,5.92063594777676
Q96IV0,5.704846565563122,5.16307885006919
Q96IW2,5.729913553582475,5.481299172087108
Q96IX5,7.416521262693457,7.3566126041484035
Q96IY1,6.574787009755404,5.534767943335637
Q96IZ0,6.409662843484488,5.645255759369895
Q96IZ5,5.373153744319264,4.752480066591268
Q96IZ7,6.478611773053467,5.8773907388848805
Q96J01,6.164419873382129,6.006476226116236
Q96J02,5.656762905867217,5.017996428484266
Q96J42,5.999739389425058,5.425090532901881
Q96JB2,5.663918633514017,4.950840677196218
Q96JB5,6.336693115351565,5.519446666394838
Q96JC1,5.436013409743601,4.765807119284291
Q96JG6,5.499885764433183,5.062825362145476
Q96JH7,5.4901047775574785,4.838855481895185
Q96JJ3,5.546800336159743,5.109578839084425
Q96JJ7,6.628827489892949,5.773969572397046
Q96JK9,4.765757515264661,4.58477441377137
Q96JM2,5.308619060044322,4.823574717432983
Q96JM3,5.892624105066892,5.612733428101817
Q96JM7,5.325099244801853,4.941138163553192
Q96JN0,5.316087629258016,4.828511387533271
Q96JN8,4.614580908906905,4.698770741823303
Q96JP5,5.471097182110749,5.248010247717698
Q96JQ0,5.059347654839619,4.578086171158482
Q96JQ2,5.2753922631998815,4.732560376392351
Q96JY6,6.13549641957677,5.512649113360407
Q96K17,6.755081077256954,6.596594212775894
Q96K19,5.35645822674319,5.462044130267051
Q96K21,5.324814672194012,5.143071108396093
Q96K37,5.809160328869739,5.607867877833209
Q96K76,5.3343684700069804,4.928518544515268
Q96K80,5.874372783693351,5.728460222272304
Q96KA5,5.582188530503021,5.363053723358524
Q96KB5,6.174606725594323,6.044508239500193
Q96KC2,6.033461687123754,6.166207708077908
Q96KC8,5.975823378751177,5.328521174173502
Q96KG9,5.790089691548639,5.066225610504448
Q96KP1,5.629310388496919,5.089789330953159
Q96KP4,6.079142230372174,5.973029914868143
Q96KQ4,5.046294378375213,4.912763420697255
Q96KQ7,5.558069812302852,5.0855663959394
Q96KR1,5.919789583667571,5.631875394295632
Q96L14,5.821551372413231,5.125084852825839
Q96L58,5.867546397467242,5.434600130411001
Q96L73,4.807575297879256,4.432061881971927
Q96L91,5.009705609115106,4.531991415296651
Q96L92,6.164975827242207,5.517349162303594
Q96L93,5.0633281297721595,5.1468566543134955
Q96LA8,6.244612831980767,6.669601894384336
Q96LB3,5.693460997480479,5.211267055138628
Q96LD4,5.35314207136761,5.450624468199327
Q96LI5,5.953779228306856,4.6616962790927765
Q96LJ7,5.38748369723206,5.433072530144052
Q96LT7,5.606122156867699,5.072226213617181
Q96LT9,6.0349696109626745,5.327086682761468
Q96LW7,6.4168539330753775,5.762770797931178
Q96LZ7,5.79682432099709,6.4076703374536805
Q96M27,6.119055040101983,5.899202065949383
Q96M96,5.587111451029738,4.728719230327033
Q96ME1,4.936658252159734,5.218229262192131
Q96ME7,6.197981589929969,5.404804237276598
Q96MG7,6.350509383957808,5.691414421019779
Q96MH6,6.1002617029812605,5.907718690111393
Q96MM7,5.8131839377052845,4.947671132497632
Q96MU7,5.798043973198248,5.737831640752336
Q96MV1,5.568886637942805,5.10238249473598
Q96MW1,6.629949113830127,5.974665339048721
Q96MW5,5.531695633454945,4.898500703706792
Q96MX3,5.478139101506359,5.099868261446106
Q96MX6,5.791945105922444,5.634035260375978
Q96MY1,6.470511780444142,5.39289176808169
Q96MZ0,6.551540591597323,5.398023032479158
Q96N06,6.917071289683308,5.271026044547359
Q96N46,5.691884126104799,4.800675313602562
Q96N64,5.298139028661865,4.882274531728685
Q96N66,5.763621991850602,6.222693711828638
Q96N67,5.556004419159198,5.104619397566153
Q96NB2,5.564048099674404,5.313195696374211
Q96NB3,6.149939088216288,5.52731863722528
Q96NC0,6.889520485187561,6.279974897662301
Q96NE9,5.8123340693818495,5.133334107603032
Q96NL6,5.645476185686387,4.104994779155469
Q96NT0,6.388762251287667,5.533615592796276
Q96NT1,6.7296124018889945,6.756199691274458
Q96NY9,5.719731591106083,5.273637548201753
Q96P11,5.437674269826693,5.561660026790814
Q96P16,6.22480969998847,5.9133392250597065
Q96P47,5.526544433386202,5.323054888461084
Q96P48,5.361881311792655,4.795102538575345
Q96P70,6.048783686117564,5.592728071195475
Q96PC5,5.334181287507686,4.761819151349924
Q96PD2,5.309231181556952,4.729358852339235
Q96PE2,5.216591500941072,4.482555707964448
Q96PE3,5.763824485154517,4.801125362576418
Q96PK6,6.310125505477153,6.331897291089686
Q96PM9,5.565391014122218,5.535890498879232
Q96PU4,5.238012589728243,4.957775578047932
Q96PU5,5.061098480954317,5.141125114050116
Q96PU8,5.727758022237325,5.998748011767998
Q96PV6,5.521737869893207,5.059197387901684
Q96PY5,5.641571582666047,5.066831738279012
Q96PY6,5.483986413051969,5.043438605058261
Q96PZ0,5.9192553113907245,5.259316964131229
Q96Q05,5.134075161311037,4.937426154211864
Q96Q11,6.087668576617857,5.503538819686061
Q96Q15,5.059580029500564,4.075287787192815
Q96Q42,5.2592910030151465,4.435947082408517
Q96Q45,5.944564480077311,5.642581218620363
Q96Q89,5.1254923297192825,4.524518146828796
Q96QC0,5.94295806289,5.421268742501677
Q96QD8,5.964076610067256,5.60294785576442
Q96QD9,5.610438120238638,5.260457377729274
Q96QE5,5.698336732115681,5.158592709399963
Q96QG7,5.930314842501638,5.482040903270648
Q96QK1,5.893028403840585,5.763081648628633
Q96QR8,5.924999722266608,6.013189095794687
Q96QT4,5.065650389021069,4.440430832365124
Q96QT6,5.884650664013007,4.691665598437189
Q96QU8,5.4996546674054585,4.954766653238202
Q96QZ7,5.3236417640453935,4.810547431662302
Q96R06,4.966335758834738,4.958844572272407
Q96RD7,6.214855897706936,5.307739167189993
Q96RE7,5.740151257800045,5.6121258486186925
Q96RF0,5.624186918893444,5.265149451395759
Q96RG2,5.053747502163561,4.510770677050242
Q96RK0,4.6495089270786005,4.376784131936593
Q96RL1,5.234964260208312,5.06202068494329
Q96RL7,5.121162414815766,4.492767065205502
Q96RN5,6.279407255802421,5.3967233531928
Q96RP9,5.866644838994651,5.573212107521946
Q96RQ1,5.585957095453044,5.706231716451493
Q96RQ3,5.922256505220562,5.132326728435572
Q96RR4,5.44532553299682,6.300311320580823
Q96RS0,5.312298676017106,4.891173013203629
Q96RS6,5.812839234437882,5.54270950003369
Q96RT1,5.25609731613071,4.72157823599722
Q96RT7,4.917598549567027,5.168691469694836
Q96RU2,5.345174182047039,4.87167338780407
Q96RU3,5.757086911776534,5.179544433496051
Q96RY7,5.238441791117666,4.491314367857538
Q96S19,5.7077075710369325,5.338377267046307
Q96S38,4.981055787878011,4.300282191729972
Q96S44,6.220328746131454,5.7146453085129485
Q96S52,6.09734713244875,5.549949280535847
Q96S55,5.801352629237622,5.364127765865208
Q96S59,5.627908262651129,5.461258646353457
Q96S66,6.005459835455531,5.404864002341402
Q96S82,6.291372477428246,5.588812787155364
Q96S90,5.846523282900131,5.387186602744402
Q96S94,5.917082122250984,4.961889665733517
Q96S97,5.689650015454523,5.963659764198225
Q96S99,5.747402094836017,5.283936342901656
Q96SB3,5.844401007805288,5.609878690047546
Q96SB4,5.950033125468215,5.534968944832569
Q96SB8,5.636462491053232,4.957629525860643
Q96SI1,5.879678544394613,5.6166073203981135
Q96SI9,5.779953421030855,5.330360369229745
Q96SK2,5.833694578160701,5.23284337999411
Q96SL4,6.700466721799749,6.564416866815463
Q96SM3,5.368893212569352,4.987889380567495
Q96SN8,5.301118895356869,4.619750796430906
Q96ST2,5.9855749659377935,5.469172150289109
Q96ST3,5.660861431322218,5.520084539568702
Q96SU4,5.7637316944258465,5.20546714507825
Q96SW2,5.245600353814568,4.954619768612498
Q96SY0,5.883746012869056,5.407916785763816
Q96SZ5,6.368183293469355,6.036069051186263
Q96SZ6,5.343219055857011,6.3478745198994435
Q96T21,5.223713980358399,4.542955348941259
Q96T23,5.731714745137573,5.149436361594245
Q96T37,5.611429451247047,5.280965107714703
Q96T51,5.942904140824292,5.236506769228175
Q96T58,5.070441741005948,4.575009962731178
Q96T60,5.609046376609605,5.474569723731306
Q96T76,5.265542175315884,4.981108507146275
Q96T88,5.846571466234126,5.433297036406453
Q96TA1,5.886690739576564,5.416355745458758
Q96TA2,6.01846213380675,5.284635638066392
Q96TC7,5.96816882186126,5.523440097913317
Q99081,5.747351888824772,5.4333779076824245
Q99417,6.79839470702931,6.408663402802012
Q99426,6.421537907564108,6.420511132084943
Q99436,6.072700586471695,6.509969239374076
Q99439,6.728841133414685,6.217478743701924
Q99442,6.130460932702251,6.128740350316754
Q99447,5.957913617333462,5.340504170114697
Q99453,7.148358616652176,6.066978108318443
Q99459,6.134112544152116,5.709754452520898
Q99460,6.213183714998092,5.88040716599394
Q99470,6.384687533302911,6.033748080267751
Q99471,6.678496258036015,6.445277642130586
Q99496,5.998068276543107,6.016449225637421
Q99497,6.927041212083065,6.736368692511391
Q99501,4.650983757155701,5.097283084612734
Q99504,5.4822721366043545,5.373790092344396
Q99519,6.0123401878594285,5.706253298170315
Q99523,5.422756301849082,5.293445937730202
Q99536,6.380322205373108,6.436821534470893
Q99541,6.221425721094928,5.099461947912965
Q99543,5.952027832555678,5.321059523890821
Q99547,6.713161367911503,6.109148501319515
Q99549,5.772939943047989,5.165297771591313
Q99567,6.180443858478886,5.844089578729788
Q99569,4.718217177047908,5.041109547037592
Q99570,5.584810169948365,5.300536413753367
Q99574,5.582495560685308,4.893368163059519
Q99575,5.333989666971,5.089364770212548
Q99583,6.003599901286639,5.257772434417507
Q99584,6.737742634735435,6.431511818875908
Q99590,5.695850466093842,5.097512273654328
Q99594,5.639271547939501,5.593418678161871
Q99598,6.242492200008822,5.95105614838912
Q99611,6.1925240199180696,5.265764199799874
Q99613,5.984046590614087,5.602358416410272
Q99614,6.232715210049315,5.844415936043852
Q99615,6.039789845153139,5.835641064637476
Q99618,5.884194550079256,5.221252742828541
Q99622,6.38179432789649,6.425815050175968
Q99623,6.495577496820022,6.764981870703116
Q99627,6.1602456469649844,6.430996041895345
Q99633,5.82786551220157,5.302356384417911
Q99640,5.760657680370334,5.150095380907486
Q99653,6.0933980215398105,6.164603683539752
Q99661,5.774503061819657,5.565369332922616
Q99674,5.816906726223632,5.579376582763219
Q99689,5.708514591488119,6.432621239851715
Q99700,5.667703811761963,5.264180282344953
Q99704,6.346640466145033,5.318600820445632
Q99707,5.166798520315077,4.829952330459619
Q99708,5.462311130805326,4.593079457130161
Q99714,5.95337518972088,6.650308440843486
Q99717,6.150799592920555,5.442903547969253
Q99719,6.498942714607774,5.61785806640781
Q99720,6.861044529367269,6.147195005483453
Q99728,5.536996973123273,4.8606308974461
Q99729,6.411547873378695,6.924024259553477
Q99733,6.497749873550476,6.409823311168912
Q99735,5.977972451652446,6.597535296040959
Q99747,6.41214863221492,5.768843984180722
Q99755,5.783682529838889,5.556726648117452
Q99757,6.709682299168495,6.420017828901254
Q99758,4.669014551122421,4.915086976667526
Q99766,6.449369041527847,5.265495189424864
Q99767,5.79022674103518,5.276434719475708
Q99797,5.71065134555846,5.159310820474984
Q99798,5.7872899268148705,5.773638766745587
Q99805,6.255317216883961,5.789631144478582
Q99808,5.702679586519523,5.177218417802547
Q99816,6.162518736044337,5.879612841688189
Q99829,6.347544835789758,6.202075461848272
Q99832,6.116338914991727,6.388667016193393
Q99836,5.822123912786585,5.428435085988999
Q99848,6.522724394863262,6.161973495261966
Q99856,6.066451190398473,5.15184747502266
Q99871,5.783062012528958,5.092305221454131
Q99873,5.974484377000039,6.307372880150806
Q99933,5.87317837745237,5.492831368253892
Q99943,5.718888180740367,6.235565839238969
Q99959,4.961245955555617,4.717685114329978
Q99961,6.123173027510427,5.822930209686072
Q99985,5.221431056810256,4.916422802426244
Q99986,6.179029209965442,5.750047552532944
Q99996,4.965111473320574,4.4894869399045625
Q9BPU6,6.19758538242052,5.953322453043299
Q9BPW8,6.080183011300071,6.356416880258858
Q9BPX3,5.767660848248322,5.438031620680928
Q9BPX5,6.577977715643409,6.230329032475946
Q9BPX6,6.022211929345048,6.292429018464485
Q9BPY3,6.117042908810187,5.377343945028742
Q9BPZ3,7.075131711583317,6.192884613260544
Q9BQ04,6.381292606762472,5.528884818361661
Q9BQ39,5.826506628210005,5.606434683087881
Q9BQ48,6.302330789154489,6.170086519511732
Q9BQ52,5.70745550340631,5.334887512504968
Q9BQ61,6.433712478561873,6.615017456232316
Q9BQ67,5.909323845800889,5.528692468998868
Q9BQ69,5.909605706393811,6.219798772986795
Q9BQ70,5.681121584684275,5.084648405086737
Q9BQ75,6.670425259163284,6.010949285791899
Q9BQ95,5.782920013886303,5.225575916719138
Q9BQA1,6.1394925686310735,6.064039349783608
Q9BQA9,6.648649862709815,6.162390784028215
Q9BQB6,6.272176043195222,6.021017556138073
Q9BQC3,5.513245038363159,5.301743314598636
Q9BQC6,7.225340656503895,6.415916079372817
Q9BQD3,5.81509840209176,5.779174624893628
Q9BQE3,5.536725224654939,4.898682504561939
Q9BQE5,5.691964130197409,5.612783357490803
Q9BQF6,5.3333579330472745,4.983242732107697
Q9BQG0,5.898071415047264,5.430510990148969
Q9BQG2,6.089059685231523,5.120320661631681
Q9BQP7,5.774718236838243,5.587302833114254
Q9BQS8,5.061290768451391,4.725871717761299
Q9BR61,6.181293031026751,5.552625975612357
Q9BR76,6.539333994125581,6.100200682482956
Q9BRA0,6.127690975436439,5.305358935635875
Q9BRA2,7.390307695499004,7.146319261285386
Q9BRC7,6.265574397673338,4.731080686944392
Q9BRD0,5.650385042862221,5.443585033461665
Q9BRG1,6.242428938387146,5.963588438178797
Q9BRJ2,6.085549895095399,5.791540818820165
Q9BRJ6,6.922558445597545,6.244203054762025
Q9BRJ7,6.165622014230532,5.82979024450998
Q9BRK0,5.439282006535964,5.4965908212953485
Q9BRK4,5.371772832293237,4.979120880900851
Q9BRK5,6.399510778540364,5.956481706012622
Q9BRL6,5.665353693218498,5.736923256727504
Q9BRP1,5.930737176203953,5.370199278902389
Q9BRP4,5.799340472464789,5.823563340152488
Q9BRP8,6.1516852609245785,6.040720116956162
Q9BRQ6,5.896618848609937,6.016882467449003
Q9BRR6,5.987072574449157,5.4479940723350495
Q9BRR8,5.666253664238809,4.731188458230932
Q9BRS2,5.858032168179958,5.610376912194379
Q9BRS8,6.0595676301637305,5.219140662732151
Q9BRT2,6.414497434157847,6.27377387712553
Q9BRT3,6.306879362295637,6.4280342115643565
Q9BRT6,6.953009359336386,6.737795253664361
Q9BRT9,6.315552752686685,5.636574246271187
Q9BRU9,6.374045102883329,5.6132788973121155
Q9BRV8,6.157938295636774,5.325527262590422
Q9BRX2,5.395413837606826,5.642922616536545
Q9BRX5,6.380550420005738,5.653621418233239
Q9BRX8,6.077399715842553,6.2803237587945
Q9BRY0,6.423969824560478,5.226626716788401
Q9BS26,6.514181077159263,6.118163368452048
Q9BS40,6.303210918314015,5.7291968411462495
Q9BSB4,6.098176708278186,5.592314139769231
Q9BSC4,5.68628107134997,5.4465365354957385
Q9BSD7,6.6601801539157774,6.187493817571722
Q9BSF4,5.821485373363373,5.745388016870509
Q9BSH4,5.735576872062261,6.074019177784611
Q9BSI4,5.9420775875955165,4.850652427599876
Q9BSJ2,5.882567319200195,5.975057219885626
Q9BSJ5,5.691926870226621,5.436592548490731
Q9BSJ6,6.078142292017175,5.651007373744819
Q9BSJ8,5.954273357383069,5.618093205324239
Q9BSK2,5.914206496419117,4.829805374741568
Q9BSL1,5.18778790359381,5.414791003306167
Q9BSM1,6.108773147784026,5.557184423488508
Q9BSQ5,6.072926530143468,5.265264129741595
Q9BSR8,6.215821009282013,6.160088610176031
Q9BST9,5.709608842194533,4.581233088002643
Q9BSU1,5.711047899035913,5.166116896653852
Q9BSV6,5.5510781116981605,5.352251989633501
Q9BSY9,6.991349632872879,5.9796655275752
Q9BT09,6.327776291586248,6.203979467812695
Q9BT17,5.727120535946573,5.5091018957181
Q9BT22,5.996485836846409,5.4699957816580325
Q9BT23,6.848679242452842,6.299738518102203
Q9BT25,5.902240862681173,5.122819876275118
Q9BT40,5.818150528602391,5.466585423778767
Q9BT67,5.6066347412385635,5.551581650566314
Q9BT73,6.173799892883265,6.113043500032995
Q9BT78,5.880236689771368,5.863211913936574
Q9BT88,5.355028905008932,5.77353428825256
Q9BTA9,5.983206501906837,5.74351772083777
Q9BTC0,5.549725824648924,4.841113625542941
Q9BTC8,5.6180624169128475,5.359438587152841
Q9BTD8,6.208410974083558,5.8868163642636055
Q9BTE3,6.132339561512604,5.249365195947072
Q9BTE6,6.05684557798847,5.517154743393911
Q9BTE7,6.667399816800455,5.833365422610892
Q9BTK6,5.863280873700359,5.097335138609998
Q9BTL3,6.303825404600959,6.23682659621154
Q9BTM9,6.3128025107043175,6.445847317476678
Q9BTT0,6.104046500208188,6.87930792635445
Q9BTT4,6.23066099881958,5.861531809490342
Q9BTU6,5.750325106154223,5.299079102356054
Q9BTV4,6.027674464273959,5.875535267432797
Q9BTV5,6.155902738188904,5.603494645825053
Q9BTW9,5.850035612083326,5.324123312900464
Q9BTX1,5.988402441731818,5.674547999855369
Q9BTX7,5.950867346727423,5.2734341740733655
Q9BTY2,6.318425919638461,5.412731933018318
Q9BTY7,5.930925605560642,5.435569131327267
Q9BTZ2,6.589502566939341,5.920139281768307
Q9BU02,5.72543008526659,5.390852654073896
Q9BU23,5.975818975607877,5.102100636623989
Q9BU61,6.2797953490538845,5.9795931527312165
Q9BU64,6.044904619553001,5.149997977551166
Q9BU76,6.09646744862029,5.767712733924328
Q9BU89,6.324137051906786,5.632568765746564
Q9BUA3,5.924828467019992,5.337837662961922
Q9BUB4,5.63749405870424,5.029355702488214
Q9BUB7,5.7514960077324515,5.740014157022888
Q9BUE0,6.819996179032101,5.773768121489099
Q9BUE6,6.267291287360045,5.651765355530105
Q9BUF5,5.442904450002771,6.134943770600138
Q9BUH6,6.090468620136358,5.775673306698766
Q9BUI4,5.560400441572018,4.94662757489875
Q9BUJ2,6.098463867124286,5.873416864086941
Q9BUK6,5.897947573261828,5.674847678457507
Q9BUL5,6.201971197787724,5.615416959164488
Q9BUL8,6.485964318737639,6.288004723100021
Q9BUL9,5.595225015353898,5.7958153088525
Q9BUN8,6.1351542793361356,6.301081450847507
Q9BUP0,5.199639496336548,5.328978575089559
Q9BUQ8,5.838583652197051,5.666158345619282
Q9BUR4,5.573233605102808,5.480011327173981
Q9BUR5,6.566102166107438,6.168443239842524
Q9BUT1,6.457055029707723,6.143234736600407
Q9BUV8,6.098081454116313,6.26908693106777
Q9BV19,6.0934137206507355,5.85546784038625
Q9BV20,5.9823038839345095,5.628453495716664
Q9BV23,5.1690975477586845,5.081009095587257
Q9BV38,6.361268891506187,6.021209863161151
Q9BV44,6.004494121619391,5.539624366126031
Q9BV57,6.311864155349395,6.225377701709771
Q9BV73,4.865168036900206,4.10511238198333
Q9BV79,5.355473203146507,5.63422956818322
Q9BV81,6.340323685088855,6.252136082075003
Q9BVA0,5.8579370294182525,5.15621648916366
Q9BVA1,5.909829559829843,7.284265851649155
Q9BVC3,6.01569840716652,5.321525432360335
Q9BVC5,6.1695250662487,5.416977631526853
Q9BVC6,6.30805301726863,6.594029653547283
Q9BVG4,6.5328149285811525,6.259192938521332
Q9BVG9,5.474986730017882,5.175442449301484
Q9BVI0,5.37449489452276,4.412781128495859
Q9BVI4,5.9155841067097565,5.418836859949344
Q9BVJ6,5.865765695809161,5.456538476483214
Q9BVJ7,6.339196452262748,5.858869903450899
Q9BVK2,6.014077024802717,5.500851215744256
Q9BVK6,6.600260094963721,6.328189615794502
Q9BVL2,6.753106995856704,5.928053395369044
Q9BVM2,6.676530947853491,5.953461135817573
Q9BVN2,4.79933400465245,5.170848882424689
Q9BVP2,6.10716810643105,5.9064408116104925
Q9BVQ7,5.625967027296839,4.987891243175251
Q9BVS4,5.738522610309007,5.33138653374644
Q9BVS5,6.284474832582372,5.074442476964462
Q9BVT8,6.450869735937147,6.286680989499663
Q9BVV7,5.8386993397888745,4.967261416886526
Q9BVW5,5.532689270860053,5.406160141947348
Q9BW19,5.596424080677303,5.272757261706357
Q9BW27,5.96842807707359,5.685122144301261
Q9BW30,6.548017691657287,6.090548521694789
Q9BW60,6.192111857053184,6.195914052288979
Q9BW61,5.985431184788627,7.043143582558617
Q9BW62,5.886170163836958,4.94761058549951
Q9BW66,6.729409539243591,5.224860584563542
Q9BW71,5.883064369194445,5.390856817369114
Q9BW83,6.161340816074996,6.095741119302439
Q9BW85,5.920193845914068,5.498114033462095
Q9BW91,6.221188440541884,5.693914777813014
Q9BW92,5.843508086172304,5.159524928282837
Q9BWC9,6.051270525964277,5.355575515249698
Q9BWD1,6.768378609252222,6.138507921588497
Q9BWE0,6.476929134924806,5.456112680340048
Q9BWF3,5.809462642564924,6.112317295621248
Q9BWH2,6.549853331123532,6.323250726801113
Q9BWH6,5.36724309057813,4.846863746111338
Q9BWJ5,7.064406889969616,6.793753422794634
Q9BWM7,5.918442309762328,5.880118211146643
Q9BWP8,6.167512554857293,6.155767590305943
Q9BWS9,6.497698228210785,5.773573396901703
Q9BWT3,5.509896395179293,4.8821044093885435
Q9BWT6,6.14339294369422,5.576408849174263
Q9BWU0,5.620463288748564,5.3825368536871405
Q9BWW4,6.00144387625188,5.721434191818019
Q9BX10,5.667532476705169,4.801443127273547
Q9BX40,5.846977393804209,5.757867706487272
Q9BX63,5.080475242020051,4.5884769866148565
Q9BX66,5.256175454908393,4.193549771129197
Q9BX67,6.302932624663542,5.962675630483191
Q9BX68,7.175217507085414,6.235971783504093
Q9BX79,5.921273259276221,5.850666102612406
Q9BX95,5.311888484461219,5.430099764700376
Q9BXB4,5.864373148024844,5.199134827598437
Q9BXF6,5.606138867248196,4.875927115339944
Q9BXI3,5.199765538088643,4.749112654085984
Q9BXJ8,6.203134954428082,5.556297078564833
Q9BXJ9,6.023564822740031,5.5517963236465535
Q9BXK1,5.903980509360794,5.082386770047361
Q9BXK5,5.92107105284037,5.4753252625744295
Q9BXP2,5.696308988968482,4.975412131240695
Q9BXP5,6.048929602486518,5.873028476343466
Q9BXR0,6.170699681052689,5.564055930757639
Q9BXS5,6.022816027425147,5.781572531336676
Q9BXS6,6.0061703409407246,5.645686905809804
Q9BXS9,5.771266456793837,5.024912776748441
Q9BXW6,5.485604080499135,4.634132629427256
Q9BXW7,6.202119663237214,5.735946178431547
Q9BXW9,5.675192380681513,4.8143142493669
Q9BXY0,6.233973947840007,6.099549356036043
Q9BY32,6.930565688357744,6.414036908758428
Q9BY41,6.077720860385883,5.259129547308792
Q9BY42,5.918829175209062,5.585980104642903
Q9BY43,5.941236889957457,6.136543045287469
Q9BY44,6.150372459812889,5.756224921191451
Q9BY67,6.281045676236738,5.874115408840891
Q9BY77,6.282080083654256,5.739664257863881
Q9BY89,4.758724952272514,4.338296537481113
Q9BYC5,5.7125977991350805,5.255438447812866
Q9BYC8,6.2545151545188125,5.71564507943973
Q9BYC9,6.365374227082358,6.158854846113501
Q9BYD1,6.212945749106014,5.800627925331227
Q9BYD2,6.44021120403031,5.786269798910914
Q9BYD3,6.385642027132025,5.85885748910133
Q9BYD6,6.466536094642334,6.104664885359393
Q9BYG3,6.184400712055313,5.806401781910472
Q9BYG5,6.1953936662015465,5.045816319885078
Q9BYJ9,6.177390792329657,5.503631004518797
Q9BYK8,4.442784044613699,4.412184441323618
Q9BYM8,5.77378617601299,5.1778491522158525
Q9BYN0,6.237216105546736,5.539491164559536
Q9BYN8,6.2214594501453675,6.042955803207813
Q9BYP7,4.5961117090166566,4.258380224377429
Q9BYT8,5.960003967096143,5.4653423363131255
Q9BYV8,5.822763972101655,5.474777942100738
Q9BYV9,5.296981839196679,4.837863301676176
Q9BYW2,5.007607569383236,4.504745994370185
Q9BYX2,5.564851769013959,4.620410225124833
Q9BZ23,5.6062394703011895,4.818857448935916
Q9BZ29,5.205006081610147,4.202231272873588
Q9BZ67,5.523161604923578,5.525747651110782
Q9BZ95,5.432231855448454,5.369742243630542
Q9BZC7,5.065449503515115,5.080167601012752
Q9BZD4,5.747816883408254,5.499647635169092
Q9BZE1,5.965952198798401,5.566236223973116
Q9BZE2,5.267704591320251,5.103685319624786
Q9BZE4,6.194470730642367,5.647870329570078
Q9BZE9,6.1876072475259205,5.887705218432808
Q9BZF1,5.512967270654272,5.250285576059205
Q9BZF3,5.215746551078812,4.984096984023592
Q9BZF9,5.599392133305327,4.802639220636138
Q9BZG1,5.897506215749999,5.460126915053369
Q9BZG8,5.373859117472556,5.198481042504392
Q9BZH6,5.41575654751214,4.902713854197867
Q9BZI7,6.120887924279694,5.121622008089643
Q9BZJ0,5.921620228791946,5.388271692470826
Q9BZK7,5.903781273939395,5.849283654274068
Q9BZL1,6.842558870949617,6.804682353931108
Q9BZL4,5.494341790749897,4.9300183132456565
Q9BZL6,6.017115852809814,5.183860873787571
Q9BZQ6,5.4884609592846205,5.039800825260208
Q9BZQ8,5.807644209084617,5.15542434925166
Q9BZV1,5.722838138938458,5.571987908184044
Q9BZX2,6.241668674754214,5.931524392837484
Q9BZZ5,6.13109741789368,6.118837662527344
Q9C004,5.882039771433479,5.919276184329478
Q9C005,6.905188864572624,6.754817122770229
Q9C037,6.373125573136932,5.083424835782117
Q9C040,5.776722164432108,5.2837436765315005
Q9C0A1,4.421959474078859,4.933271754016202
Q9C0B0,6.061253704841414,5.168496794377167
Q9C0B1,6.135115469793636,5.486306588167457
Q9C0B5,5.762641650453591,5.115739567016917
Q9C0B7,5.54776936138051,4.643396186863235
Q9C0C2,5.114225037721057,4.858416146078874
Q9C0C4,4.870967171562722,5.428799182057911
Q9C0C7,5.25128503382973,4.324459916616961
Q9C0C9,5.87395161232341,5.310146850272546
Q9C0D3,5.5631640159491145,4.819732320564354
Q9C0D5,5.21672835952242,4.712126095699048
Q9C0E2,5.189891247939682,4.818798502697091
Q9C0E8,6.27382350408482,5.8384854126602574
Q9C0F1,6.173104490099568,5.635851146462273
Q9C0H9,5.2651474230406325,4.653518658036205
Q9C0I1,5.01432982375264,4.783521928930926
Q9C0J8,5.3683974996314,5.171809219930079
Q9GZL7,5.989433448728496,5.957231112407774
Q9GZM5,5.97216434055102,5.762706362629102
Q9GZN1,5.70350177842043,5.190306375395477
Q9GZN7,5.767971189838941,5.318102240223984
Q9GZN8,6.255029380579553,5.896311217983994
Q9GZP4,5.775120418929452,5.601684848766264
Q9GZP9,5.985480749595213,5.857851208674621
Q9GZQ3,6.179984892367822,5.570901489300084
Q9GZR1,5.193989296579099,4.810192233279922
Q9GZR2,6.073235176576336,5.517412918623668
Q9GZR7,5.678871605409409,5.27619058488971
Q9GZS1,6.031176328295476,5.620868507337157
Q9GZS3,6.346956268662435,6.028454426105116
Q9GZT3,6.868981249582818,6.725906407876636
Q9GZT4,5.79965975433997,5.55438107563156
Q9GZT8,6.297338007370163,5.842439059539281
Q9GZT9,5.697894064680188,5.771180261831283
Q9GZU1,5.080087098793873,4.9181542185308365
Q9GZU8,6.116365336665786,5.997192882753435
Q9GZY4,6.369653827451364,5.111794068536144
Q9GZY8,5.784709277357296,5.67680608985968
Q9GZZ1,6.64565103981424,6.168077500520301
Q9GZZ9,6.156835494757697,5.95151435424187
Q9H000,6.149944351457076,5.340077154153686
Q9H008,6.152911434535172,5.7957317953847065
Q9H019,6.442216815176938,5.825122723297701
Q9H061,6.706320091615838,5.695207805621292
Q9H074,6.198781804873295,6.0269957125379
Q9H078,6.096392482052044,5.619323286785666
Q9H081,6.033103527929907,5.647957479033331
Q9H082,6.436846578112007,5.820177235438943
Q9H089,5.893825783067981,5.236508732379931
Q9H098,6.19046041405662,6.026055989477387
Q9H0A0,5.5546094182247865,5.491206728426279
Q9H0A8,6.022848301633369,5.648178507989817
Q9H0B6,5.893939437657312,5.417304491782542
Q9H0C8,6.241017780641625,5.824416152226457
Q9H0D6,6.121071376843071,5.721586073296409
Q9H0E2,5.92814435583557,6.01886172362264
Q9H0E3,5.880197975180549,5.487766888166858
Q9H0E9,5.554773869795215,5.080317264233394
Q9H0F6,5.717804735111157,5.5200878649432
Q9H0F7,6.516497263990634,5.53563504641997
Q9H0G5,6.198815153364677,5.209435858342726
Q9H0H0,5.325809886997122,4.915162308362614
Q9H0H5,5.773341914129922,5.337420427102438
Q9H0K1,5.489663576187748,4.980610188175314
Q9H0K6,5.073720781161276,4.590894503899954
Q9H0L4,5.66301826170197,5.27065717329153
Q9H0P0,6.117403079940209,5.644039959462561
Q9H0Q0,5.217629439396103,5.31254049868611
Q9H0Q3,6.80292337717051,6.255329787780999
Q9H0R3,6.191912804455178,5.492716559465852
Q9H0R4,6.805076457739526,5.844561585734185
Q9H0R6,5.961056435516694,6.490038064376108
Q9H0S4,6.085293567186774,5.952268563471273
Q9H0U3,5.855806806878611,5.907812574130041
Q9H0U4,6.24586315288435,6.136246711206269
Q9H0U6,6.4191372541210265,6.381246454233933
Q9H0U9,5.355723010233362,5.2452951570639605
Q9H0V1,4.876177289783832,5.002295124808397
Q9H0V9,6.1119139515324825,5.618846752632138
Q9H0W8,5.594977384057351,5.420200705365572
Q9H0W9,6.4387644522284395,5.823241397572726
Q9H0X4,6.540985756738028,5.693632788628194
Q9H115,5.968000992537044,5.372217990174823
Q9H147,5.969259970678041,5.287940384576231
Q9H160,5.864817167111665,5.599692141650491
Q9H173,6.076592970289205,5.795786076552512
Q9H1A3,6.166301683580354,5.459593786357419
Q9H1A4,5.163370020122453,4.6813417723751085
Q9H1B7,5.674485932893743,5.389932641098088
Q9H1D9,5.559180140351032,5.546826788865004
Q9H1E3,6.569648554207617,6.525884675124724
Q9H1E5,5.936268503931442,6.045034502096393
Q9H1I8,5.994492699843203,5.391633279792934
Q9H1K0,4.970358590408605,4.848483699851544
Q9H1K1,6.812141116892272,5.819451280187388
Q9H1P3,6.035372504503678,4.881811009447285
Q9H1Y0,5.545275264654677,5.47941722718562
Q9H1Z4,5.316140019845382,6.871680745497073
Q9H223,5.702958320720522,5.576664534944633
Q9H246,6.40912106400576,5.4414776983379305
Q9H267,6.03123338244416,5.1957126494701775
Q9H269,5.784234347970734,5.137915491684812
Q9H270,5.493730761737889,4.919293239478002
Q9H299,6.350301216635069,6.836970376277631
Q9H2B2,5.850908349640614,5.008481342696682
Q9H2D1,5.841994565993976,5.122426415871715
Q9H2D6,5.236741758778223,4.679026342116464
Q9H2G2,5.489500251289398,5.794464839015407
Q9H2H8,6.475573112335635,6.045351592831951
Q9H2J4,6.37582576644397,5.972764773908876
Q9H2K0,6.10942072675047,5.206843430526989
Q9H2K8,5.393335020506446,5.082280894025531
Q9H2M9,5.748209985775099,5.341680761553135
Q9H2P0,5.756644316749869,5.268478466548592
Q9H2P9,6.0950351554622255,6.335201881104625
Q9H2U1,5.8332936306820145,5.16569770963932
Q9H2U2,6.212216193678577,6.019853302810173
Q9H2V7,5.75423513340518,5.63224641884957
Q9H2W6,6.300997539739504,5.827039134081467
Q9H2Y7,4.838731741399263,4.405365282719209
Q9H307,6.146814501189615,6.220295938586631
Q9H330,5.759436039619507,5.288196292699704
Q9H334,6.185656426401998,5.363623123059001
Q9H336,5.110768622950555,5.175518792117373
Q9H3E2,5.248189098308687,5.631901661007168
Q9H3F6,5.847060077354945,5.324907309530326
Q9H3G5,6.329096864076096,5.551225024498455
Q9H3H3,6.302031012110199,5.470071484350177
Q9H3K2,6.167998725725479,5.889076543498807
Q9H3K6,7.443882165938823,7.024233036858442
Q9H3L0,5.766620315763172,5.1987155379495
Q9H3N1,6.583729164922342,6.549625069517623
Q9H3P2,5.998790065486051,5.68641873411221
Q9H3P7,5.97138509539966,5.844997555557419
Q9H3Q1,6.007950890745034,5.510073303512413
Q9H3R5,6.243979291038115,5.617595921321672
Q9H3S7,5.643263133268201,5.017467246186577
Q9H3U1,5.85075599758506,5.382544462461842
Q9H3Z4,6.805106518851828,6.19920231657912
Q9H410,6.166268345157451,5.274462435536828
Q9H425,5.534734753373299,5.491258033336061
Q9H444,6.591912778428301,6.349254742820093
Q9H446,6.480814245137862,6.176787698581901
Q9H467,6.124206314361382,5.680719913131442
Q9H479,6.084326340157797,5.455699449338705
Q9H488,6.312470643023795,5.9420508567907255
Q9H490,6.378059954281531,5.57573363393214
Q9H492,7.09694796881513,6.405059642205714
Q9H497,5.668415984592469,6.433497238335005
Q9H4A3,5.67645987407441,5.467832342928182
Q9H4A4,6.030033527977981,5.605672597476827
Q9H4A5,6.17327459373946,5.461814630261906
Q9H4A6,6.021837536695841,5.915194354778523
Q9H4B0,6.3433644472092965,5.34776482478441
Q9H4E7,5.098323627792626,5.099417594610121
Q9H4G0,5.738705798339004,4.872366943227904
Q9H4G4,6.558591668481617,6.325548305620647
Q9H4H8,5.872439512746639,5.377063876541468
Q9H4I2,5.262620321830848,6.532248297536541
Q9H4L4,6.065233460124999,5.701410688098547
Q9H4L5,5.49297683252694,5.03880200321914
Q9H4L7,5.308968942035724,5.039448125812834
Q9H4M9,5.833015807384239,5.799759335064502
Q9H4Z3,5.541209379555845,5.052772588470054
Q9H501,5.874014289565438,5.435645301710315
Q9H553,6.174769351961252,5.531759353993916
Q9H582,5.423490054120765,4.66947943028393
Q9H583,5.639595273989524,5.009436607810778
Q9H5H4,5.466073529212007,5.208449587600214
Q9H5I1,5.94956143116314,5.309014424652192
Q9H5J8,5.74552262023651,5.422165215519698
Q9H5K3,6.302480014465532,5.910604300556148
Q9H5N1,5.656873872700098,5.1805568657592085
Q9H5Q4,6.259071464207501,6.154847336027604
Q9H5V9,6.149756365603226,5.882266510035402
Q9H5X1,5.933811016351876,6.012367316901193
Q9H5Z1,5.430094746383323,5.4039141630316
Q9H6D7,5.3846673036520105,5.634886666664803
Q9H6E4,6.410622387450382,5.552468513632125
Q9H6E5,5.447227858872202,4.818967551358645
Q9H6F5,6.15383985461953,5.736681861749219
Q9H6H4,6.441749116398674,5.630537287920434
Q9H6K1,5.353006670375464,5.298021148846099
Q9H6K5,5.710063090294164,5.640535502367769
Q9H6Q4,3.6633140497901255,4.297734362262268
Q9H6R0,5.51019256475553,4.980010079392748
Q9H6R4,5.826742616427758,5.318944908546334
Q9H6R7,5.582006971786219,4.953725120408212
Q9H6S0,5.225812140094101,4.80913519046233
Q9H6S3,5.70467238729109,4.866347720856871
Q9H6T3,5.816377611588286,5.348945022156743
Q9H6U6,5.451141362829783,4.83015414883207
Q9H6U8,5.8777437259904675,5.50714328555666
Q9H6V9,6.234833050659297,5.980633086280063
Q9H6W3,5.767143033270475,5.396008696737578
Q9H6X2,5.6128686489132535,5.919975381133091
Q9H6Y2,5.942268288159663,5.381320169759383
Q9H6Z4,5.690163560732589,5.881061105788827
Q9H706,5.593176897086744,5.046450736869808
Q9H773,6.012959198556645,6.22941642472018
Q9H777,5.9976947166568815,5.185174168569797
Q9H788,5.932756553724795,5.8046060736742895
Q9H792,4.7750052004775,4.542207535705315
Q9H7B2,6.591755151679624,5.746032090504261
Q9H7B4,6.02195043695288,5.408216718828471
Q9H7C4,5.31739848064125,4.928630315348703
Q9H7C9,6.688113453930124,5.955875496475207
Q9H7D0,4.993997567213872,4.471606928382126
Q9H7D7,6.20151135681567,5.557497103945244
Q9H7E2,5.438928628291801,4.96026530471749
Q9H7E9,6.247967178157251,5.751363005268299
Q9H7F0,5.97380654041805,4.05120601056237
Q9H7H0,5.886780203093986,4.9315453438842685
Q9H7L9,6.090640382826011,5.5834794553648095
Q9H7N4,5.872493432474902,5.184169279932346
Q9H7P6,6.190001433537088,5.571895037151579
Q9H7P9,5.09130176933799,4.46269120184613
Q9H7X7,5.6119855098785685,5.935243905709072
Q9H7Z3,5.094715905386757,4.762331234848663
Q9H7Z6,6.197033635627894,5.827640593679877
Q9H7Z7,5.910331108009345,5.6123369358072495
Q9H813,5.791799659024432,5.761552455372775
Q9H814,6.261133272426127,5.696683903799565
Q9H832,6.271509856264107,6.046390969772856
Q9H845,5.922257170591733,5.695929530585528
Q9H857,6.087136916335982,5.542366082628822
Q9H869,5.456121515746087,4.455576151271047
Q9H871,5.655991315875902,5.261467327446007
Q9H875,6.363493654547591,5.905354933657912
Q9H8G2,6.515293926714586,5.743363342148897
Q9H8H0,6.092423294133862,5.463127120251798
Q9H8H2,5.646007593837157,4.809277334952105
Q9H8H3,6.279981138532187,5.945473771692957
Q9H8J5,5.43617759960039,5.215082154434307
Q9H8K7,5.541657201981343,5.184540720535272
Q9H8M2,5.8443075091816015,5.278169903908591
Q9H8V3,5.377517061888524,4.978432615433742
Q9H8W3,5.937259321244608,5.213089573273508
Q9H8Y5,5.639339037036263,4.97506005362687
Q9H8Y8,6.489698167113595,6.049710766811997
Q9H900,5.668452822537587,5.235071994401618
Q9H910,6.276855049256229,6.2684290663307785
Q9H920,5.288682012040095,5.125587805783519
Q9H930,4.955057993548188,6.162899796407755
Q9H936,6.038641996938143,5.66736698016944
Q9H944,5.75157553754596,5.8650815467313375
Q9H967,5.276911137463561,5.103518629522405
Q9H974,6.025039469933239,5.4934494786440435
Q9H981,5.91573058460866,5.230988023193632
Q9H993,6.584411398739434,5.701387573750415
Q9H9A5,5.729614947337705,5.217039652436933
Q9H9A6,5.399350257737959,5.472669239450731
Q9H9A7,5.731336763884446,5.154967470349201
Q9H9B1,5.669207160356248,5.146247160278796
Q9H9B4,6.265324939058447,6.395824764591184
Q9H9C1,5.859693444824838,5.25470606740214
Q9H9E3,5.796617318058446,5.210866469101504
Q9H9F9,5.695661038937395,5.064985234221742
Q9H9G7,5.448446844070729,4.791468296399195
Q9H9H4,5.645417965696096,5.49746796535112
Q9H9J2,5.948113950288199,5.632122076286172
Q9H9J4,5.271749173714798,4.890444303004024
Q9H9L3,5.995682255274133,5.456907970069939
Q9H9P8,5.914248391907582,5.311512776907691
Q9H9Q2,6.190568892527059,6.125632469457406
Q9H9Q4,6.182947111334512,5.594356874913912
Q9H9S3,5.748821727923284,5.942832609855519
Q9H9T3,5.337475987830212,5.303659748290104
Q9H9Y2,5.962127963012945,5.243999063600915
Q9H9Y6,5.428496037067816,5.436956483622288
Q9HA47,5.545242464328735,5.392744252161403
Q9HA64,6.158463739489335,6.084503826968348
Q9HA65,5.950051969950535,5.388350498776455
Q9HA77,5.871981127026041,5.185894812021646
Q9HAB8,5.798256373004952,5.45890866222762
Q9HAD4,5.583531022684045,4.993682032996426
Q9HAF1,6.298735911225238,6.516539570935102
Q9HAH7,6.064602666107723,5.298978862528654
Q9HAN9,5.858101036209336,5.807232003510885
Q9HAP2,6.073243428507423,5.041361402574846
Q9HAS0,6.01246323818405,5.516558103776688
Q9HAT2,5.6461268627009655,5.447614361346005
Q9HAU0,5.456294183291925,4.962432258374241
Q9HAU4,5.500021406582906,4.438582176295852
Q9HAU5,5.641093090079065,4.953111220346513
Q9HAV4,5.807440090693566,5.376724052677984
Q9HAV7,6.84892453296826,6.116353807288008
Q9HAW4,4.945043824165342,4.675595313532746
Q9HAZ1,5.970183104025397,4.720601622993498
Q9HB07,5.990699314611908,6.083090056894623
Q9HB09,5.956145415653371,5.588086557643113
Q9HB19,6.028147301332863,5.504041769330592
Q9HB21,5.585129967132279,5.1109614866571125
Q9HB40,6.0022362619052405,5.726523656199058
Q9HB58,5.5545011484037445,5.3506890560082185
Q9HB71,6.558710036193515,6.8631953920718
Q9HB90,5.511057607599626,5.406944233051951
Q9HBD1,4.862026703965656,4.07667875574496
Q9HBE1,5.304418562636241,4.956494290716707
Q9HBF4,5.605933440058459,5.026825141398383
Q9HBG6,5.445884396497681,4.652025852842781
Q9HBH5,6.040148652000987,5.525823862374347
Q9HBI1,5.923843507475241,5.29122329304797
Q9HBK9,6.121638408683495,5.425832474759094
Q9HBL0,5.307031943615964,4.526659527907527
Q9HBL7,6.293202459205129,6.386318857803094
Q9HBL8,6.0445044375503105,5.104235995629188
Q9HBM0,5.27775925633653,4.903959222347689
Q9HBM1,6.3426879011101915,5.726099347071391
Q9HBM6,5.522668786689629,5.31889652046706
Q9HBR0,5.397881630654225,4.89530000095463
Q9HC07,5.9724374111744645,5.9044643366738825
Q9HC21,5.631949917705957,5.101407323786234
Q9HC35,6.152428916532227,5.885155134748303
Q9HC36,5.796890396622318,5.541567240170667
Q9HC38,6.386061333718125,6.163243608527054
Q9HC44,5.429138564652948,4.682142123102132
Q9HC52,6.445325823926126,5.783100503558894
Q9HC62,5.572512516609091,5.120277871460415
Q9HC77,4.994332448560136,4.192050508350025
Q9HCC0,5.870444388596403,5.439443955332321
Q9HCD5,6.086195620868156,5.722160744530938
Q9HCD6,4.757737950355184,4.621912884543857
Q9HCE0,4.823561406153438,4.491004006396519
Q9HCE1,5.608088377028073,5.086750830357501
Q9HCE3,5.294080221776831,4.6072642585905
Q9HCE5,6.082866926753975,5.3290239533771455
Q9HCG7,5.111279659169975,4.906402628942975
Q9HCG8,5.4943024036382875,5.241081710447749
Q9HCH0,5.3796379068067965,4.8753800165116825
Q9HCJ0,5.392712984984035,4.602580003339844
Q9HCJ3,5.725982548544673,5.065645786156452
Q9HCJ6,5.972406473764529,5.300552082335452
Q9HCK1,4.979191836186697,4.501613162039361
Q9HCK8,5.2713657777880565,4.609391829739548
Q9HCM2,4.983453581429646,5.0620437338907935
Q9HCM3,5.214943728412532,4.756047703008
Q9HCM4,5.756163702303747,5.27387409325999
Q9HCN4,5.824014792337116,5.670583246791982
Q9HCN8,6.272967501280323,6.813631286872138
Q9HCS7,5.710171990777637,5.222304190283475
Q9HCU5,6.433756985626681,5.621090090996376
Q9HCU9,5.6411206497479505,5.6061443232964665
Q9HD15,6.111521754928605,5.873817269096495
Q9HD20,5.7887990589508105,5.551708678609393
Q9HD26,5.922948398834497,5.3560709467045164
Q9HD33,6.528304084124588,5.812522062208901
Q9HD34,6.712363753288126,6.434131945302147
Q9HD42,6.661702867655855,6.549491288167744
Q9HD45,6.338538822640999,5.795762605838565
Q9HD47,6.112967570070261,5.7775928098333305
Q9HDC9,6.366806683894871,6.248069467575833
Q9NNW5,5.386663472793391,4.902090716895986
Q9NNW7,5.398507697552644,5.330194069731904
Q9NP50,6.304447713980231,5.814731668933261
Q9NP58,5.131641465734081,5.072252602030866
Q9NP61,5.726732322430467,5.176173800315699
Q9NP64,6.221381370479559,5.513363225113849
Q9NP66,6.23858187024511,6.007930355856949
Q9NP72,6.531217383106627,6.323708299969065
Q9NP77,6.412763120469004,5.913526193220061
Q9NP79,6.223500848721261,6.403622128216018
Q9NP80,5.522261714557442,5.034747601315434
Q9NP81,5.407258772445333,5.371254656581429
Q9NP90,6.431672763542565,6.023080383477346
Q9NP92,6.147672328713496,5.879357656427986
Q9NP97,6.979736756847911,6.619246774685767
Q9NPA0,6.605929704201064,6.111056686101497
Q9NPA8,7.17299605605077,6.920897794971275
Q9NPD3,6.267437659701368,6.233790832556146
Q9NPD8,6.384286497039778,6.340210067856287
Q9NPE2,5.695853884332568,5.00049914331706
Q9NPE3,6.268378254914969,6.774238324730932
Q9NPF4,5.864061710688733,5.552793732542464
Q9NPF5,5.500905681860067,5.355220411044889
Q9NPG3,5.645557051440819,4.396021304495583
Q9NPH2,6.189463006564884,5.99174453370531
Q9NPI1,5.83172620459872,5.427207745434845
Q9NPI6,6.215687735545881,5.382501959813324
Q9NPJ3,6.731121458524451,6.548441759013314
Q9NPJ6,5.889638631232968,5.441951419508705
Q9NPJ8,6.7010026707672,5.9242039933714405
Q9NPL8,6.338290557637446,5.674991001594529
Q9NPQ8,5.896420999302119,5.602179883096978
Q9NQ29,6.242373243168423,5.968854762571109
Q9NQ48,6.379064762849822,5.601625404557172
Q9NQ50,6.498464435458011,6.120045815532849
Q9NQ55,6.12304008409572,5.386532648920046
Q9NQ66,5.314150639772493,4.975342180887734
Q9NQ86,5.463439108141079,5.736389985750705
Q9NQ88,6.593120651619108,5.936233676533287
Q9NQ89,5.246229345840856,5.678825316968638
Q9NQ92,6.381115229918255,5.648061572395975
Q9NQC1,5.251225948347365,4.673134578932819
Q9NQC3,5.509809398242471,6.063372664890244
Q9NQC7,5.449609527408663,5.0452746154559165
Q9NQE9,5.933176183292783,5.673892440493471
Q9NQG5,6.093093197146174,6.092535455973988
Q9NQH7,5.679932168311902,5.472309487867753
Q9NQP4,7.134944699005711,6.942042359608462
Q9NQR4,6.103695400541586,5.853572105827652
Q9NQS1,5.661732353817987,5.322790100872595
Q9NQS3,5.655260797363883,5.62530418305356
Q9NQS7,5.5581272081040165,5.349235918186792
Q9NQT4,6.6406937041036285,6.1307545276147
Q9NQT5,6.386621425400952,5.897921905053831
Q9NQT8,5.1638749854818755,4.725518288245289
Q9NQV6,5.278175357732565,4.935840829750823
Q9NQW6,5.5843162229547385,4.972169175436138
Q9NQW7,6.212881222177966,5.701660355946511
Q9NQX3,5.448919292964008,5.23432310450491
Q9NQX7,6.021661753518977,5.661849895439571
Q9NQZ2,6.258198428921569,5.890410570351627
Q9NQZ5,6.227790562117278,5.680144962776556
Q9NR09,4.928847558967412,4.341499188026194
Q9NR12,6.076570855932731,5.960898415061832
Q9NR19,5.847901455645092,5.236469164663954
Q9NR28,6.33474693381202,6.279602916393742
Q9NR30,5.957564816814106,5.9930665807640215
Q9NR31,6.168792572008941,6.937393244849138
Q9NR33,6.0693821051714,5.900191836231976
Q9NR45,6.270683703695251,5.984068737390237
Q9NR46,6.349563010040121,5.730644494000167
Q9NR50,5.9793079665020334,5.655296135410623
Q9NR56,5.707808675252924,5.697439310489505
Q9NR77,6.584293256843031,5.584029720879563
Q9NRA8,5.464338046143631,4.937427673430699
Q9NRB3,6.043294218149822,5.095231313464253
Q9NRC1,5.382114050492705,5.210517235975727
Q9NRD5,5.677500145513303,5.25428782467556
Q9NRF2,4.871733339526343,4.933051492325835
Q9NRF8,5.714265772474855,5.46441419203423
Q9NRF9,6.253834733641231,6.547850845914844
Q9NRG0,6.407504971243495,6.255112175382044
Q9NRG4,5.790223360821335,5.047219485503935
Q9NRG7,5.957104383489501,5.6929530608652215
Q9NRG9,6.094620859145055,5.590972041638497
Q9NRK6,5.128220898592881,4.750431059923637
Q9NRL2,5.67835172673689,4.962691697724948
Q9NRL3,5.9444460211878845,5.475683156171305
Q9NRN7,6.569955691207857,5.909914462851857
Q9NRN9,6.453273805736917,6.083688890355763
Q9NRR3,6.68598718572947,6.130998425350294
Q9NRR4,5.678736082199686,4.57273312050428
Q9NRR5,5.910453410080611,5.831979751676015
Q9NRS6,5.831456066854237,5.237739875764564
Q9NRV9,5.865550971889743,6.050210677153924
Q9NRW1,6.121854214067611,6.0354761280992335
Q9NRW7,5.886890920878207,5.599341402760191
Q9NRX1,6.482871445673191,5.906195387362399
Q9NRX2,6.202393167395105,6.002557802226416
Q9NRX4,6.178418046158682,6.462560849564204
Q9NRX5,5.836517567012086,5.381168263570828
Q9NRY2,6.572728804255977,6.231924779026035
Q9NRY4,5.7634676609992574,4.849420665692199
Q9NRY5,5.635315974102274,5.3267703304028124
Q9NRZ5,6.068329608608416,5.321395658533362
Q9NRZ7,6.07357019036325,5.851794922658109
Q9NRZ9,5.749522036825821,5.291161506757653
Q9NS00,5.843215574202934,5.302486008896546
Q9NS69,6.110683546171976,6.587182846324613
Q9NS73,5.697478793923152,5.272127473147671
Q9NS86,6.084530017194259,5.60587586364584
Q9NS87,5.587967856672935,4.776365285713436
Q9NS91,5.414593747917259,5.273190399375741
Q9NSA3,6.224357420830712,6.02164198246888
Q9NSC5,6.194237301649167,5.251269931380199
Q9NSD9,6.2024594991064,5.697965587707099
Q9NSE4,5.918912475461221,5.615145882697793
Q9NSI2,6.410401918991161,5.761040785742701
Q9NSK0,5.600901169966324,5.092122006298802
Q9NSK7,6.3112355783877465,6.046961025166382
Q9NSV4,5.473360321857302,4.683853805848267
Q9NSY1,4.885829599743406,4.870463142529575
Q9NT62,6.518258979744363,5.937077456309408
Q9NT99,5.452185721412359,5.2652051620003535
Q9NTG7,6.583507959607622,5.290014993282602
Q9NTI5,5.857155320661837,5.173162763505703
Q9NTJ3,5.8486147216910185,5.3892735173164565
Q9NTJ4,5.275979630414168,4.846280246395937
Q9NTJ5,6.145788463286451,5.437886355734519
Q9NTK5,6.421907171840129,6.124408945315553
Q9NTX5,6.134587976517084,6.222905050632859
Q9NTZ6,6.276521778094923,5.779248021933968
Q9NU22,4.950629061260709,4.2009510161872985
Q9NUA8,5.248622129435385,4.18463317703257
Q9NUD5,5.864586828729646,5.385289768679067
Q9NUE0,5.333333196722487,5.538180209063047
Q9NUG6,6.976038858453283,6.106201235593167
Q9NUI1,5.686755470624444,5.360775392215746
Q9NUJ1,6.116719585972152,5.822168536552484
Q9NUJ3,5.3396470212615395,5.262720800749572
Q9NUL3,5.840792755967179,5.535849934481708
Q9NUL7,5.762378514399314,5.007179844853112
Q9NUM4,5.323149260488327,5.431980733917328
Q9NUN5,5.662387390773905,5.4694675744743595
Q9NUP1,6.007862694881279,6.708746792593045
Q9NUP9,6.240357955145839,6.262070825600642
Q9NUQ2,5.525763734005793,5.76839425331532
Q9NUQ3,6.0363401557136775,5.54481078923024
Q9NUQ6,5.928667816752465,5.382553913436376
Q9NUQ7,5.760393447958355,5.460107457993811
Q9NUQ8,5.847038306928489,5.217641311041019
Q9NUQ9,5.841195426615954,5.763127551333164
Q9NUT2,5.517233872856432,4.900843402511664
Q9NUU6,6.197358604251938,5.416609384103087
Q9NUU7,5.869635837805234,5.907448728938077
Q9NUX5,5.4425204588235845,5.258490260103396
Q9NUY8,6.101871034532788,5.298420580426263
Q9NV06,6.173093788668452,6.175418320910247
Q9NV31,6.642922157276669,6.183716822570089
Q9NV35,6.746694454669901,5.724756629316972
Q9NV56,5.6086239277941505,5.815149941642949
Q9NV66,5.3601416692575725,4.9777224474189605
Q9NV70,6.008735277493716,5.246274061547725
Q9NV88,5.996783883247836,5.467307884519317
Q9NV96,6.281074771437991,5.557502812345987
Q9NVA1,6.207557493195483,5.338085620807945
Q9NVA2,5.992383426936231,6.017890308419491
Q9NVA4,6.358870920955473,5.772052518612853
Q9NVC6,5.8389140696504285,5.2505823767173085
Q9NVD7,6.176946970769331,5.349918718309928
Q9NVE7,5.605104579583502,4.962835517620903
Q9NVF7,5.991162823730913,5.354420840777326
Q9NVG8,6.164270247612848,5.399928331018495
Q9NVH0,5.716013594658062,5.083102762003758
Q9NVH1,6.021512999855625,5.476739186392964
Q9NVH2,5.464611114169555,5.004515010219993
Q9NVH6,5.504590081635249,4.8837281272569655
Q9NVI1,5.502445621358611,5.105800177951202
Q9NVI7,5.54239343436641,5.568239959233996
Q9NVJ2,5.907267166538537,6.076745545623352
Q9NVK5,5.943614218523177,5.751506404569609
Q9NVM4,5.2230172567536055,5.06578080388562
Q9NVM6,6.32059835495006,5.519088527774038
Q9NVM9,5.983100641163778,5.315247392864932
Q9NVN8,5.621976545044147,5.409368632476971
Q9NVP1,5.913450128600509,5.873614434662266
Q9NVP2,6.262755422363027,5.898450604282067
Q9NVR2,5.869157347634351,5.188539515167472
Q9NVR5,5.5807479344242426,4.4875787598759125
Q9NVS2,6.385187878868717,6.789369678251643
Q9NVS9,6.538307550322026,5.981101467027462
Q9NVT9,6.282537522563683,6.083946046197656
Q9NVU0,5.71495503497135,5.852974218490166
Q9NVU7,5.974255416104182,5.2796422134519805
Q9NVV4,5.589307546924398,5.146954505609709
Q9NVW2,4.915675593041476,5.135112940827115
Q9NVX0,6.044903376886193,5.447305779722704
Q9NVX2,5.791284034386208,5.31750447039131
Q9NVZ3,6.150594062173392,5.8575920192688
Q9NW08,5.674429244542028,4.684280758511579
Q9NW13,5.797608112539378,5.33480820404034
Q9NW15,5.726498138771273,5.3392402800049314
Q9NW64,6.228892548368005,6.134031774289727
Q9NW68,5.601728642188219,5.365753514658646
Q9NW75,5.833094662868568,5.38181629592837
Q9NW81,5.814839975587404,5.258733615559731
Q9NW82,5.567880904355934,5.255293199324111
Q9NW97,6.298317672449101,5.327585989964622
Q9NWB6,7.110790185869291,6.278344009516857
Q9NWH9,5.946735244640344,5.465992254239453
Q9NWK9,6.016850814157398,5.1562304881103485
Q9NWM8,6.4741681882777975,5.889748013480957
Q9NWQ8,5.721686767836582,5.116823229175458
Q9NWQ9,6.207134146645204,5.568205579920853
Q9NWR8,6.178515502308261,4.981217906943467
Q9NWS0,6.009617168387999,5.689740019341082
Q9NWS8,5.768296217164781,5.130027517069147
Q9NWT1,6.148237716169646,5.785588160580868
Q9NWT6,6.344450856205485,5.70371074306926
Q9NWU1,6.285069401753963,5.328514285668604
Q9NWU2,5.967476343155859,5.787832977675153
Q9NWU5,6.130597047418968,6.09995642663375
Q9NWV4,6.607976323441825,6.401988099311015
Q9NWV8,5.530365300392364,5.599690416926951
Q9NWY4,6.882164545119092,5.642610048806245
Q9NWZ3,5.482902137365833,5.070407477638227
Q9NWZ5,6.1612190094979535,4.91613844195855
Q9NX00,5.579775161798007,5.955483396259743
Q9NX05,5.662017025323941,4.928085769412753
Q9NX07,6.131033469563551,5.382832228586208
Q9NX14,6.643073927116893,6.260098895365518
Q9NX20,5.992467428143558,5.940769423146453
Q9NX24,6.676768520763828,6.692414941701887
Q9NX40,6.024978615709893,6.212920389435881
Q9NX46,6.062742160070526,5.894633822185162
Q9NX47,5.164437726865277,6.01341735499597
Q9NX55,6.619353591784514,6.16684160475846
Q9NX57,5.539593000252089,5.762731038033687
Q9NX58,6.231411252514217,5.658172103603843
Q9NX62,6.297542572267276,5.897042198651124
Q9NX63,6.733674841579814,6.732039667899803
Q9NX70,6.487611772491944,5.8355597925995655
Q9NX74,5.895054508001918,5.0640433349232135
Q9NXA8,6.074917413607123,5.341244387191072
Q9NXC5,5.14000695815931,4.900584372049378
Q9NXE4,5.816115206555833,5.106708208851713
Q9NXE8,5.700829537803055,5.684249187203896
Q9NXF1,5.711712541766032,5.184576639088639
Q9NXG2,5.821989398748252,5.751473516032681
Q9NXH8,5.478635799173433,5.701448092764497
Q9NXH9,5.428730719945209,5.15396697063518
Q9NXK8,5.632512585284147,5.143201956076256
Q9NXN4,5.483329417992026,5.077823768226102
Q9NXR1,5.729411273668994,5.372353220073864
Q9NXR7,6.083582468113366,5.59525741544854
Q9NXR8,5.409634584309005,5.391736801433615
Q9NXV2,6.158245883071253,5.753431554086827
Q9NXV6,5.922743565429489,5.364286499977103
Q9NXW2,5.780239532208551,5.493702272889043
Q9NXX6,6.020952256422164,5.396763277787732
Q9NY12,6.320183686960204,6.504427319841316
Q9NY27,5.260873426454126,5.595703225803274
Q9NY33,5.971877578438399,5.571287471620782
Q9NY35,6.312903976126764,5.797990583763194
Q9NY47,5.571901941587328,5.297829759453231
Q9NY61,6.047120276882639,5.654126454672826
Q9NY93,6.225635416095256,5.538529665648509
Q9NY97,6.170534137759087,5.019540860909449
Q9NYB0,5.486143699268867,5.785082815419792
Q9NYB9,5.938146558101039,5.827066285553071
Q9NYF8,6.233413739062387,5.908794174424944
Q9NYG2,6.085352638385455,5.427745800537503
Q9NYH9,5.944898458340871,5.424440687174427
Q9NYI0,5.561699917442995,4.795345577423927
Q9NYJ8,5.381400815578084,5.1982233921401475
Q9NYK5,6.278216862631678,5.688909081802575
Q9NYL2,5.204583250101212,5.106723042851232
Q9NYL4,6.859443115002888,5.727801343369801
Q9NYL9,6.0187693834908975,5.958321986676373
Q9NYP9,6.13418421725077,5.917819137061404
Q9NYR9,6.512524299622676,5.506491735075167
Q9NYS0,6.305603209675018,5.426153572528599
Q9NYU1,5.049270909603424,4.536591714790014
Q9NYU2,5.8049556130816775,5.513134624250862
Q9NYV4,5.2666189084308215,4.773957153097009
Q9NYV6,4.946361693194527,4.765999012382255
Q9NYY8,6.057511407294226,5.091463954271297
Q9NYZ3,5.725172348300733,5.03192491292405
Q9NZ01,6.241853405542253,6.548606670632846
Q9NZ08,5.921340279784153,5.216258141569869
Q9NZ09,5.56376899096025,5.387572181068292
Q9NZ32,5.661792441841303,5.626018399651903
Q9NZ43,5.887252816497673,5.583392589583789
Q9NZ45,7.259008238978806,6.622097160691316
Q9NZ52,5.410235850011743,5.277018541189125
Q9NZ53,5.796068490900495,5.342409733287523
Q9NZ63,6.242348446628548,5.691545496331435
Q9NZ72,6.027824388503692,5.359875369262328
Q9NZB2,5.7133206062659685,5.234459785754633
Q9NZC7,5.651108990830918,5.004363548595983
Q9NZC9,5.558747049900853,4.823560965629686
Q9NZD2,5.567171615583047,5.795995322025639
Q9NZD8,5.622496410639712,5.549286416837985
Q9NZE8,6.287307953679804,5.775003597965698
Q9NZI7,5.6382464831424715,5.5581075357730105
Q9NZI8,5.947911454084429,5.287213160589711
Q9NZJ0,5.373671781844907,5.6308434154058515
Q9NZJ4,4.918454966064763,4.016583333059508
Q9NZJ5,5.543305737329653,4.854424553053147
Q9NZJ6,6.617567643796477,5.3330198059195695
Q9NZJ7,5.247133151267903,5.2095409403599895
Q9NZL4,5.8764145648416415,5.872171842493059
Q9NZL9,6.174601437732182,6.181844084501735
Q9NZM1,5.182200712958454,4.565882403587027
Q9NZM3,5.444575545212212,4.651295692491058
Q9NZM4,5.442509974562971,4.803251797510882
Q9NZM5,6.355206797087347,5.816551245454367
Q9NZN3,5.920280065946029,5.362087034644256
Q9NZN4,5.809727712158866,5.315153980295826
Q9NZN5,5.494203376052837,4.69475251954782
Q9NZN8,5.6309246447364885,5.616860905061301
Q9NZQ3,5.425703474256032,5.000993449239761
Q9NZQ7,5.8419425322046745,6.507040796036972
Q9NZR1,6.203502074208121,6.537407246001049
Q9NZT2,5.547500109292114,5.4218365734834375
Q9NZU5,6.060870683577312,5.687634581885802
Q9NZV5,5.401392511214562,5.114215140781416
Q9NZW5,6.231293232140974,5.72564634997145
Q9NZZ3,6.134538352257669,6.055067307581357
Q9P000,5.967963608392799,5.766110766130785
Q9P003,6.627261241278115,6.475065998473932
Q9P013,6.921004574836417,6.1748190602960165
Q9P015,5.967296202147538,5.595053339773897
Q9P016,6.448969819191459,6.088269071755247
Q9P031,5.651204682057463,5.682466383514313
Q9P032,6.11487832133355,6.159788840486239
Q9P035,6.3120265142645975,6.431737015333087
Q9P0B6,7.099574165747102,6.049124020908501
Q9P0I2,6.30480023272702,5.82137686289752
Q9P0J0,6.703887403421216,6.226865657547252
Q9P0J1,5.907138997842271,5.097009844831468
Q9P0K1,5.585327719900614,5.2580793272169775
Q9P0K7,5.440049782691863,4.979623332589544
Q9P0L0,6.711436885818708,6.317952635535961
Q9P0L2,5.515459782174437,4.772603941435637
Q9P0M6,6.469135728233034,6.282658127475891
Q9P0M9,6.858598398966738,6.282454150049899
Q9P0N9,5.242649129771497,4.843842384337872
Q9P0P0,6.405387498926942,6.267587131199125
Q9P0P8,6.365409651023448,5.560016046322877
Q9P0R6,6.305498518028252,6.293201354995777
Q9P0S2,7.004472026062063,6.126247903667225
Q9P0T7,5.771538206443888,6.106100859556614
Q9P0U3,5.229248349407404,5.153757202434103
Q9P0U4,5.691202449338509,5.475989111877401
Q9P0V3,5.868255632084334,4.76898670443329
Q9P0V9,5.985696936196676,5.538598811060393
Q9P0W2,5.846317084186199,5.7455470301360805
Q9P107,5.255276557302216,4.99250606089658
Q9P1Y5,5.428051475632227,4.7554219874325865
Q9P1Y6,5.310709226092298,4.957274564933875
Q9P1Z0,3.895289326607383,4.924795261334296
Q9P1Z2,5.558179847416751,4.862986552147561
Q9P215,5.912870643052903,5.370435554207623
Q9P219,4.534313183835585,4.543528902819649
Q9P246,5.399110008329015,5.68858935424796
Q9P253,5.877206353405475,5.0993335257217005
Q9P258,6.413759270958722,6.1524127352548685
Q9P260,5.376886789570365,4.750804848241636
Q9P265,5.326580969015891,4.831531788388142
Q9P270,5.725231926286408,5.363325231807227
Q9P273,5.135938866971033,4.640147125948353
Q9P275,5.47230960067468,4.793428403551291
Q9P287,6.110803806788719,6.009147243047254
Q9P289,6.057686213467164,5.631750196177713
Q9P291,6.145415451579284,4.958682702767358
Q9P299,6.521950577362285,5.682693315570695
Q9P2B2,5.747945349594298,5.277695977415707
Q9P2B4,5.927940682542777,5.318786775992348
Q9P2C4,6.09249195743755,5.722283320387424
Q9P2D0,5.497136322698234,4.539914919370345
Q9P2D1,5.081093969489199,4.638160231331184
Q9P2D3,5.139914719365958,4.510543034596283
Q9P2E5,5.59293776633709,5.072685309774113
Q9P2E9,5.849681543253791,5.328784812173464
Q9P2F8,5.0455332317648365,4.448070433820794
Q9P2G1,5.65222582962965,4.749195491840952
Q9P2I0,6.061986880272294,5.3671606901282205
Q9P2J5,5.912789774257407,5.7170446587889145
Q9P2K3,5.50669895670927,5.553175371537862
Q9P2K5,6.150619366728914,6.233565582825857
Q9P2K8,5.154600922051336,4.44163313623754
Q9P2L0,5.453337919666561,4.435581604194578
Q9P2M7,5.25606697186598,4.666181224484638
Q9P2N4,5.006176521744316,4.703694815380632
Q9P2N5,5.609891438051232,5.308569256353301
Q9P2N6,4.951112777095104,5.129334236893776
Q9P2N7,5.792055841063787,5.278297001558845
Q9P2P5,4.750506956416508,4.085659826072181
Q9P2Q2,5.721188380806398,4.5918995086403305
Q9P2R3,5.398321178449038,5.012390222021296
Q9P2R6,5.819347913946672,5.089453612232072
Q9P2R7,6.296063360648425,5.726411461873938
Q9P2T1,6.591408646087045,5.734948329175125
Q9P2W1,6.379908220072381,5.517664878386744
Q9P2W9,5.799689956768452,5.4118860972090435
Q9P2X0,7.355198874934667,7.262586435622455
Q9P2X3,5.967125494259012,5.338117818008905
Q9P2Y4,5.06649792906234,5.028231672168263
Q9UBB4,6.3982087806881855,5.980354469959226
Q9UBB5,6.118588286217952,5.4444401261637205
Q9UBB6,5.666587118067612,5.239056186823061
Q9UBB9,5.754340497765858,5.151108898716152
Q9UBC2,5.637367020500932,5.223743351867774
Q9UBC3,5.486386926090224,5.015542429487011
Q9UBD5,5.50924029634031,5.237606885661381
Q9UBE0,6.337810273192386,6.1448187272926695
Q9UBF2,5.810133894137362,5.471868241527918
Q9UBF8,5.409468583102493,4.92193507726693
Q9UBG0,5.387517488179832,5.257361106502119
Q9UBH6,6.049217739026066,5.5676450508784106
Q9UBI1,6.121576684546099,5.7703249004934705
Q9UBJ2,5.815013257199508,5.290287446115544
Q9UBK7,6.2112675227700365,5.347867699301009
Q9UBK8,5.308015351782645,5.283141915023478
Q9UBK9,6.4161249130504405,6.012247268411944
Q9UBL3,5.985368977839287,5.594239312501121
Q9UBM7,5.999497376922134,5.68581331033163
Q9UBN7,5.786280900028573,5.083479985092164
Q9UBP0,5.721703565241134,5.140412579830201
Q9UBP6,6.284626985849653,5.687408614121309
Q9UBP9,6.134318340237277,5.842616042593067
Q9UBQ0,6.938216756171862,6.109924313860915
Q9UBQ5,6.329337730824155,6.849666764972209
Q9UBQ6,6.094707931044897,5.865728313572211
Q9UBQ7,6.657502659668389,6.088169891598781
Q9UBR2,6.297613189243016,7.070188252807249
Q9UBS4,6.664219580645372,6.3261813035995775
Q9UBS9,5.164532421922664,4.911823051944332
Q9UBT2,6.403153665315727,5.924382741913418
Q9UBU6,6.148884029655088,5.392151977980994
Q9UBU8,5.670594185389101,5.683930721450431
Q9UBU9,5.557737630332829,5.656603880980815
Q9UBV2,5.241546653797751,5.174937099223679
Q9UBV7,5.928542176238824,5.226280027005529
Q9UBV8,6.096716859463514,6.4169247322581
Q9UBW7,5.329313390302874,5.14084665994663
Q9UBW8,5.752135982624557,5.899923572523768
Q9UBX1,5.38607255586099,5.031568920972046
Q9UBX3,6.2359053705951135,5.910231074840307
Q9UDT6,5.4403843455239285,5.063351913286112
Q9UDW1,6.871392189296712,6.26607032428455
Q9UDX5,6.5556701743099,5.979060311824387
Q9UDY2,5.861361195329776,5.11304464520034
Q9UDY4,5.681223259877231,5.714359979187895
Q9UDY8,5.301035028431275,7.464451908546036
Q9UEE9,6.397408436771196,5.942263560937392
Q9UEG4,5.519971575177193,5.041755546076909
Q9UER7,5.844334529436594,5.432192193147078
Q9UET6,5.793386307044355,5.681133773270415
Q9UEU0,6.163795754994511,5.790843133866333
Q9UEW8,5.745792619061488,5.73999414995617
Q9UEY8,5.967798505731699,5.782090838891666
Q9UFC0,6.035592283807087,5.531635605965451
Q9UFF9,5.6031068675027145,5.308666578862782
Q9UFG5,6.546935944415461,5.8615505075448215
Q9UFN0,6.370139947446392,5.889073888252433
Q9UFW8,6.829845809462746,6.140883129656882
Q9UG01,5.140714380093465,4.824373436704145
Q9UG56,5.769708944295357,4.871641306305301
Q9UG63,5.8959143138519945,5.686302425618898
Q9UGI8,5.923553240200512,6.004453794384329
Q9UGJ1,5.640963576221096,5.067719765166836
Q9UGL1,5.265173330598502,4.2924261975611016
Q9UGM6,5.88324998078465,5.050154187506712
Q9UGN5,5.719652807318532,5.077449126851605
Q9UGP4,5.4781548194525875,5.221711131108775
Q9UGP8,6.103539385228148,5.560129921290585
Q9UGR2,5.07786451325713,4.713979401468493
Q9UGU0,5.211421706768812,4.635433885344205
Q9UGU5,6.014777399304754,5.274205685754868
Q9UGV2,6.116219881337175,5.796035611531544
Q9UGY1,6.422396693368087,5.822762446559982
Q9UH03,6.107439638149023,5.30001093999234
Q9UH62,5.989383356816944,5.653493997787322
Q9UH65,5.811255181748657,5.403057901743256
Q9UH99,5.589674380231509,4.89141640890471
Q9UHA3,6.441457734673485,6.5580689927899485
Q9UHA4,6.135578512381985,6.389250137610011
Q9UHB6,6.140793034550006,5.791735038707959
Q9UHB7,4.958174241105916,4.7789510940196775
Q9UHB9,6.076518651848432,5.71736803428345
Q9UHD1,6.28599806929356,6.14604241294345
Q9UHD2,5.6082958853082046,5.223915890443989
Q9UHD8,6.1777182535041435,6.26852861826934
Q9UHD9,6.030062763168477,6.054053685428116
Q9UHF1,5.818201711855972,5.836504150550214
Q9UHF7,5.313361623434363,4.7456849719114205
Q9UHG2,5.998461501833851,6.003817881032486
Q9UHG3,5.636739274554646,5.809484267638711
Q9UHI6,5.708831096663464,5.309625691588344
Q9UHJ6,6.185693983603014,5.339615445765095
Q9UHL4,5.987998740206017,5.612191814413172
Q9UHL9,5.21251502099511,6.327669223412348
Q9UHN1,5.869107839080566,5.406361118469052
Q9UHP3,5.176213921246972,4.694111024464178
Q9UHQ1,5.759264961002925,7.12134323147794
Q9UHQ4,6.275495658950334,5.672929132752087
Q9UHQ9,6.226405495532689,5.735077490024602
Q9UHR4,5.396150551718719,4.942358502706344
Q9UHR5,6.003845233311993,6.063272566612199
Q9UHR6,5.843554457437441,5.445145269578413
Q9UHV7,5.246037787404338,4.6461774655166765
Q9UHV9,6.69533570532184,6.89322368048704
Q9UHX1,6.274066128789281,6.044851570415124
Q9UHY1,6.294379820558188,5.712376690595969
Q9UHY7,6.493150905598844,6.145292213262341
Q9UI08,5.6977863939941775,5.902160884103822
Q9UI09,6.644888144951483,5.86860064976257
Q9UI10,5.981228409632525,5.547754583198901
Q9UI12,6.316594609523788,5.716377791378741
Q9UI14,6.741660658781212,6.2585347006791405
Q9UI15,6.486675703028448,6.23165095138493
Q9UI26,5.643833646042048,5.039993895324714
Q9UI30,6.974077532596505,6.698263118478124
Q9UI36,5.367254201547147,5.411906170847775
Q9UI42,5.489153361275084,5.23011754659648
Q9UI43,5.744534980222889,5.241004682984052
Q9UI95,6.404448145255383,5.96459831725032
Q9UIA9,5.495133843326493,5.28474289642676
Q9UIC8,6.050853331628004,5.593202744670572
Q9UID3,5.664087071183306,5.130145622161914
Q9UIF8,5.039342454037436,4.6063349416833645
Q9UIF9,5.322778606932694,4.781474405094664
Q9UIG0,5.739714567818611,5.288230963775532
Q9UII4,5.505297075447827,4.825118715914388
Q9UIJ7,6.4106674885754735,6.131048227520755
Q9UIM3,5.632803984729966,5.416096977753341
Q9UIQ6,5.441216472136619,5.0726678988105744
Q9UIS9,5.74691569325428,6.010452749723494
Q9UIV1,6.1199788679252,5.7763644691239895
Q9UIW2,5.143080723279878,4.58796382013565
Q9UJ14,5.7229526525369945,5.242333427774263
Q9UJ41,6.054643466848082,5.287644485279574
Q9UJ68,6.348865666245729,5.52187050130059
Q9UJ70,5.953535499889507,5.7901988677625225
Q9UJ83,5.71297876455003,5.110259053509067
Q9UJA5,6.020518371020576,5.4115850596516655
Q9UJC3,5.4669231833196665,4.982911036356275
Q9UJC5,7.0768418177485435,6.254910324241489
Q9UJD0,5.629845559373522,5.391406760055665
Q9UJF2,5.23734728112305,5.310013346241303
Q9UJQ1,6.4070360939708255,5.673996701269081
Q9UJS0,6.058552719134828,5.95510809412705
Q9UJU6,6.002260145706877,6.147071024946606
Q9UJV9,5.911471025930936,5.367404137639215
Q9UJW0,6.215603647862598,5.847299936963747
Q9UJX2,5.838800980600748,5.251620275721599
Q9UJX3,5.772970332070052,5.426764881714209
Q9UJX4,5.609129734216854,5.151998117754237
Q9UJX5,5.11420780367158,4.97475513591526
Q9UJX6,5.646865670063702,5.1270794718672414
Q9UJY4,5.483432452838634,5.338479360927825
Q9UJY5,6.167987270738715,5.630422431855904
Q9UJZ1,6.431050064524172,6.337893862863834
Q9UK08,6.29673407013723,7.230888882699226
Q9UK33,5.379981762578389,5.153485598521573
Q9UK39,5.820601859272056,5.073107317150001
Q9UK41,6.244770787969799,5.969514243245629
Q9UK45,6.721978988153536,6.865594046906765
Q9UK58,6.213056088273784,5.339872742709308
Q9UK59,5.7603288986136345,5.392777618236564
Q9UK61,5.4045749053610646,4.799187587837913
Q9UK73,5.622203936106732,4.8463304626127055
Q9UK76,6.665352541564408,6.675747107264135
Q9UK97,5.631403320505504,5.209978229809128
Q9UK99,5.544647933147614,5.514575564965423
Q9UKA4,5.186604571685334,4.559642896422577
Q9UKA9,6.225095943915315,5.480100106368843
Q9UKD1,6.4256287010802655,5.500062669203448
Q9UKD2,6.117986963802348,6.2996857646343685
Q9UKE5,5.213195114288675,5.630428460767912
Q9UKF6,5.894092873832747,5.699404650850155
Q9UKF7,5.530528459588287,5.370948290427162
Q9UKG1,5.65828630312115,5.368579504001723
Q9UKG9,5.604543942392653,5.049151777615144
Q9UKI2,6.065832624669612,5.539340372793042
Q9UKI8,5.581551107485067,5.076283433118112
Q9UKJ3,5.565758744214365,5.126400133822245
Q9UKK3,5.2347183397204375,4.195533341887307
Q9UKK9,6.620326088392654,6.63906693829896
Q9UKL0,6.04877044923886,5.628554311302016
Q9UKM7,5.543024085315215,5.181828264394726
Q9UKM9,6.706005385060248,6.6258340130662505
Q9UKN8,5.847839142221713,5.249063174088858
Q9UKP4,5.103763137931253,4.571538089169437
Q9UKR5,6.258385488143113,6.177933359425468
Q9UKS6,5.9662305030827545,5.372654591841918
Q9UKT5,6.006178130480572,6.158752378864621
Q9UKU7,5.601173058612242,5.2110340306653
Q9UKV0,5.3294393720836615,4.716964319326084
Q9UKV3,5.970105128302459,5.659700693976891
Q9UKV5,5.339927791364058,5.238309384017387
Q9UKV8,5.664804003229726,5.143741906337102
Q9UKX7,6.113835281457192,5.984061415791907
Q9UKY1,5.377211888602901,5.052914483923775
Q9UKY4,5.337364920019525,4.971469649923334
Q9UKY7,6.02253538745021,6.162740808600187
Q9UKZ1,6.046928863714253,5.399941509079377
Q9UL03,5.691492615492857,5.019884044255387
Q9UL12,5.000461712647487,4.73209152609531
Q9UL15,5.883909781631731,5.313035434561976
Q9UL18,5.366850722999074,4.9588921394426055
Q9UL25,6.176535552947688,6.164391826254535
Q9UL26,6.1074004108025255,5.37935129223169
Q9UL33,6.437517355088552,5.831092752472895
Q9UL40,6.364927651253543,5.858939550545492
Q9UL42,6.0579638573069,5.696038793637481
Q9UL46,6.46763182525676,6.344481857935818
Q9UL54,5.500562365359259,5.166009844854515
Q9UL63,5.673442649978463,4.989738362451203
Q9ULA0,6.122101514767866,5.770484336453453
Q9ULC3,6.630043756753025,5.741005814649718
Q9ULC4,6.719139049058517,6.297370215559868
Q9ULD0,5.076493070749082,4.68232810181708
Q9ULD4,5.025427484637865,4.639688467745339
Q9ULD9,5.186051817270677,4.62766513685434
Q9ULF5,5.663125295127576,5.350229509022373
Q9ULG1,5.025935097409097,4.682876264136223
Q9ULG6,5.484636383021733,5.315194368587278
Q9ULH0,5.328650278756115,5.044132496014408
Q9ULH1,5.58752859407894,4.8887554383596665
Q9ULH7,5.431672705462002,5.140891184815228
Q9ULI0,5.471514882602873,4.720622476617796
Q9ULI3,5.457834191594224,4.163814115163158
Q9ULI4,4.765341787486076,4.387804486220205
Q9ULJ3,5.570187638839652,4.685190838906317
Q9ULJ6,5.349537577609977,5.3269678582864985
Q9ULJ7,5.311798561632171,4.44699897061325
Q9ULJ8,5.445134620712211,4.881281388023358
Q9ULK4,5.200962947818213,4.7627874092203335
Q9ULK5,5.863635852180885,4.996992955643625
Q9ULL5,5.504577703996072,5.1299922137383085
Q9ULM3,5.218422602866967,4.753566398509352
Q9ULP9,5.570630194869329,5.363231865975711
Q9ULR0,6.843999338216967,6.140400194865031
Q9ULT8,5.221022940421053,4.76422737412166
Q9ULU4,5.518280967373315,5.165996325934029
Q9ULV3,5.494047401564903,5.128281973891406
Q9ULV4,6.608535973305357,6.380411539320834
Q9ULW0,6.103089537774782,5.541298629657894
Q9ULW3,5.975226090691736,5.244439654442184
Q9ULX3,6.152390497343046,5.509618866489924
Q9ULX6,5.726707200492353,5.528903648593206
Q9ULX9,5.957455720949618,5.404693887631901
Q9UM00,6.34549612849801,6.413520075366234
Q9UM13,6.3776265708755036,5.804778345001468
Q9UM22,6.135506350866089,5.4827002840846895
Q9UM47,4.853807167759885,4.497268338947089
Q9UM54,5.7125697265039115,5.124623065744625
Q9UM73,5.401433210768872,4.559568341687228
Q9UMN6,5.334022695052333,4.325110722094574
Q9UMS0,6.994365260521628,6.012557338915057
Q9UMS4,6.193735790910394,6.480544648336364
Q9UMS6,5.987622831264165,5.740086959458251
Q9UMX0,6.054013539759466,6.092775637432699
Q9UMX5,6.591237780796992,6.501404309930853
Q9UMY1,6.4742112559779,6.466160382703015
Q9UMY4,6.878765538052746,6.165841472459627
Q9UMZ2,5.21785536355261,5.42133728328011
Q9UN36,6.046305693292167,5.6371888828923415
Q9UN37,6.123013237411056,5.448528210424135
Q9UN70,5.768533290681911,5.071774412738537
Q9UN86,6.215096739580296,5.859468844401549
Q9UNA1,5.340727859516133,4.539372191896955
Q9UNE7,5.981325035301302,5.898985385910725
Q9UNF0,5.914322873786933,5.68448000883993
Q9UNF1,6.130252890165368,5.822215481954209
Q9UNH6,6.057014772836631,5.647474969902943
Q9UNH7,6.587011018978426,5.920519953690363
Q9UNI6,6.361518010566739,5.447479228838223
Q9UNK0,6.378928845937223,5.575084746343535
Q9UNL2,7.277651630072372,6.506520291003358
Q9UNM6,6.062601836892405,5.988262446167317
Q9UNN5,5.9624941588854,5.588443682412802
Q9UNP9,5.955457716672969,5.9930288569654
Q9UNQ2,6.007579220372274,5.584201698239106
Q9UNS1,5.542662566845724,4.983371450441069
Q9UNS2,5.673898862811064,5.8570346908312185
Q9UNW1,6.086398187964955,5.744052357028702
Q9UNW9,5.982108619997135,5.251681485100191
Q9UNX4,6.015685508593218,5.308280753185059
Q9UNY4,5.510567805550453,5.4765783826538
Q9UNZ2,6.197966657720395,5.957463828740461
Q9UP83,5.297579160502548,5.192337124117001
Q9UP95,5.506292135580916,4.8600945057717
Q9UPM8,4.974246818593237,4.670516225442491
Q9UPN3,4.844922257650188,4.226136030247919
Q9UPN4,5.68345080506573,4.985227367470335
Q9UPN6,5.642709131341459,5.324190264761793
Q9UPN7,5.508308956160748,5.078829647679493
Q9UPN9,5.543529940229966,5.150044991169948
Q9UPP1,5.524589604148902,4.900338999437012
Q9UPQ0,5.623119835167603,5.281348788657112
Q9UPQ3,5.487042797254821,5.195968294200893
Q9UPQ9,4.882095925037589,4.790317853345964
Q9UPR3,5.325645036280808,4.809213595567529
Q9UPT5,5.8873231420654895,5.35021049190533
Q9UPT6,5.1606210929721605,4.721198216003939
Q9UPT8,5.333979144999913,5.275493289044307
Q9UPT9,5.989986921818937,4.9015334874896
Q9UPU5,5.330055166992341,4.566164205725138
Q9UPV0,4.804003937995297,3.536802149496144
Q9UPW0,5.583072971768081,5.498134280725002
Q9UPW5,5.353501375415291,4.495469335333601
Q9UPY3,5.094410762547586,4.736565735214715
Q9UPY6,6.097354136339948,5.5397644890104
Q9UPY8,6.4213097534550165,5.548088699694169
Q9UPZ3,4.515590275309915,5.547499143053301
Q9UPZ6,5.2913161636153525,4.935044528927636
Q9UQ13,5.703550014287539,5.619175551829538
Q9UQ16,4.911337898751165,5.954032814200216
Q9UQ26,5.0155912399386136,3.545828730961972
Q9UQ35,5.288275240548684,5.293890158819304
Q9UQ53,5.188413133529418,4.815519134188265
Q9UQ80,6.292748011155861,6.590505218046649
Q9UQ84,4.795772536243736,4.768432519402596
Q9UQ88,5.91279201848447,5.012540202298798
Q9UQ90,5.159951964899345,4.587597331597644
Q9UQB8,5.849418707068276,5.316376104215981
Q9UQC2,5.529612361696235,5.330742655878576
Q9UQE7,5.871503216598519,5.566507575009383
Q9UQN3,6.190585446710466,6.43885369451681
Q9UQR0,5.762814117465119,5.284961165353174
Q9UQR1,5.414021550073912,5.132539677366471
Q9Y217,5.862843491786734,5.227439008435493
Q9Y221,6.207653117750391,6.318350398905183
Q9Y223,5.988149041319442,5.409911263740675
Q9Y224,6.552505905736869,6.197068135489544
Q9Y227,5.548685689995909,4.899511511161935
Q9Y230,6.276850127247146,6.369446974416181
Q9Y232,5.726692196333833,5.391983733643819
Q9Y237,6.804384540797351,6.718114967269428
Q9Y243,5.949406798468634,5.781554695130876
Q9Y244,5.931903273848013,5.774410714281401
Q9Y248,6.291844564529393,5.942099476936939
Q9Y250,5.303874480101921,4.899505104601935
Q9Y262,6.232229880944308,6.176465814769761
Q9Y263,5.6607336191103315,5.533274772872146
Q9Y265,6.519432999588255,6.444809238000824
Q9Y266,6.700416181331013,6.431237404658594
Q9Y276,6.0262680665420625,5.345479379666659
Q9Y277,6.326956315562548,6.518840346947574
Q9Y281,7.167886889041244,6.096208348858038
Q9Y282,6.0159557748587,5.7723321116659285
Q9Y285,5.764053236450257,6.085613000647708
Q9Y287,5.765796154640987,5.502533836572431
Q9Y289,6.1405959307077325,5.837536561636173
Q9Y291,6.260366896818972,6.115248717792747
Q9Y294,6.806367515486414,6.028342186101885
Q9Y295,6.057788254308063,5.754177668252939
Q9Y296,6.214827336348423,5.632017390807855
Q9Y2A7,5.732704611524422,5.334694053893447
Q9Y2B0,6.039529203532515,6.621188079563474
Q9Y2C4,5.580171423492399,5.220263902690056
Q9Y2D4,5.179551886581309,5.30214918018408
Q9Y2D5,5.325606903493492,5.087897739123802
Q9Y2E5,4.92311997291711,4.582279605525112
Q9Y2F5,4.559175235592713,4.92843244937336
Q9Y2G0,4.983043900141393,4.382067083609146
Q9Y2G3,5.104081402365642,4.7129538234071955
Q9Y2G5,6.140221993240772,5.485008954962079
Q9Y2G8,5.724580726518841,4.933030202567352
Q9Y2H0,5.744413259178108,5.182183690845696
Q9Y2H1,5.751655666806581,5.23526004904509
Q9Y2H2,5.480288854239605,4.7218451407417215
Q9Y2H5,5.513219175517943,5.132318602014946
Q9Y2H6,5.502279103562177,5.243752908268844
Q9Y2H9,5.18728726668537,4.201416982590822
Q9Y2I1,5.353108161662069,4.667395076839613
Q9Y2I7,5.208805808121008,4.564245319620805
Q9Y2I8,5.68390138062291,5.205225154166509
Q9Y2J0,5.55410219715075,5.057750886440489
Q9Y2J2,5.358837623398373,4.703478264397459
Q9Y2J4,5.007833726513466,5.800960913971927
Q9Y2K2,4.957108903333865,4.399860774076324
Q9Y2K7,5.613330292010147,5.023440407643825
Q9Y2L1,5.849637080427826,5.472553794474644
Q9Y2L5,5.421251748874676,4.687816052165639
Q9Y2L9,5.848668448013178,5.015043894315604
Q9Y2P4,6.020109351988449,5.331615693052209
Q9Y2P8,6.289262052846729,5.7145105236954254
Q9Y2Q0,5.500555296178318,4.634359802201177
Q9Y2Q3,6.4364356673738055,6.112084535978808
Q9Y2Q5,6.261064669531622,6.300103224227792
Q9Y2Q9,6.502921339529936,6.045052422277381
Q9Y2R0,6.892685122454882,6.261963026607062
Q9Y2R4,5.512727684827531,5.3304180252851925
Q9Y2R5,6.72688152239428,6.589649853242482
Q9Y2R9,6.347864155927501,6.008326628915253
Q9Y2S6,7.559460880026875,7.438584584089849
Q9Y2S7,5.98466667499871,5.613645601859217
Q9Y2T2,5.895667835711329,5.78437915181837
Q9Y2T7,6.010211422377247,5.450755533944147
Q9Y2U8,5.728085171995514,5.158442229027053
Q9Y2V2,6.3636068914202255,6.996509181368941
Q9Y2V7,5.506716061950371,5.636323001410462
Q9Y2W1,6.041389562288778,5.968434049595361
Q9Y2W2,6.158701329385337,5.792255317211768
Q9Y2W6,5.9549024606792536,5.484356136079359
Q9Y2X0,5.946751473672762,5.137910319346662
Q9Y2X3,6.179060042513122,5.999033673862416
Q9Y2X7,5.621657474489376,5.679062889929802
Q9Y2X9,5.68027003930948,5.170466902693129
Q9Y2Y0,6.216658274491781,5.985016404290454
Q9Y2Z0,6.067068916773582,6.065510177411239
Q9Y2Z4,5.900061492163667,5.538137940140447
Q9Y2Z9,5.555727113216792,5.119036399019132
Q9Y303,6.006331994791378,5.529955517962465
Q9Y305,5.924993185507661,5.728833813318987
Q9Y312,6.138748009609664,6.551214397287408
Q9Y314,6.500026731478195,5.856391541455981
Q9Y315,6.037159526277354,5.577653450976864
Q9Y316,6.305232922741564,5.661832113084459
Q9Y320,6.3138557213003335,5.7714565707419725
Q9Y333,6.906736328114457,6.767300557175604
Q9Y343,6.756031097076973,5.396234795363393
Q9Y365,6.452998155791542,5.460277348849671
Q9Y371,6.255826451561653,5.998325413543236
Q9Y375,6.11246979336004,5.570562516353432
Q9Y376,6.294767754952609,5.632566950535518
Q9Y383,6.256193794783649,6.428119700727805
Q9Y388,6.250822133275249,5.635970210585013
Q9Y394,5.986632834554833,6.135735463683397
Q9Y399,6.082228317988445,5.80999821037931
Q9Y3A2,6.2575487935031555,5.861130012797721
Q9Y3A3,5.917466888359734,6.344178466088774
Q9Y3A4,6.213058667297885,5.986776900445807
Q9Y3A5,6.4605476593302225,6.153946219757928
Q9Y3A6,6.4130601715814315,6.305149256758378
Q9Y3B2,6.057110653311005,6.184540445276253
Q9Y3B3,7.023810707191059,6.599562277820327
Q9Y3B4,6.908897046844478,6.57747080058256
Q9Y3B6,6.1595527169387365,5.507715402934642
Q9Y3B7,6.639323051508264,5.99770505723321
Q9Y3B8,6.527992647627307,6.147424751464673
Q9Y3B9,6.162390907591151,5.94250749749927
Q9Y3C0,6.231225946372836,5.7701366105108125
Q9Y3C1,6.3690739906531215,5.976439902208622
Q9Y3C4,5.752274621909315,5.948574929822657
Q9Y3C6,6.334012199604066,6.60763897274103
Q9Y3C8,6.822991986149654,6.60400189351828
Q9Y3D0,6.625552220009367,6.028662882300182
Q9Y3D2,6.417830156094409,6.212911828837699
Q9Y3D3,6.584613370053317,6.0962259790809945
Q9Y3D5,5.796809072087881,5.931905518001812
Q9Y3D6,6.453820916911687,6.606158064662889
Q9Y3D7,6.183362431605431,6.347004342210535
Q9Y3D8,6.284209230843446,5.835183914353047
Q9Y3D9,6.4973454481555954,6.099504106660669
Q9Y3E1,6.8844610568876625,6.45787987408657
Q9Y3E2,6.250004981612804,6.2355377576990305
Q9Y3E5,6.267763251074273,6.2893304690007135
Q9Y3E7,6.096791096517928,5.898149408425823
Q9Y3F4,6.5251230384661945,6.29243958462224
Q9Y3I0,6.311344697117695,6.286655133327086
Q9Y3I1,5.256906591690042,5.44145741959298
Q9Y3M8,4.750912832713613,4.162079457097045
Q9Y3P9,5.628289044906648,5.035847154620825
Q9Y3Q8,5.796075433663277,5.226151193263278
Q9Y3R5,5.030989763829212,4.183693370861171
Q9Y3S2,5.745643532427058,5.229750385465708
Q9Y3T9,6.049347256915871,5.815214231202685
Q9Y3U8,7.262968952576799,7.420697706974543
Q9Y3X0,6.043187508566762,5.822890463582395
Q9Y3Y2,5.978059468243725,6.39233662038791
Q9Y3Z3,5.862377330746332,5.306649888803876
Q9Y421,6.9993753774948795,6.091230100398955
Q9Y448,6.235392979083636,5.653654108405416
Q9Y450,5.964932768816423,5.335799026350565
Q9Y463,5.346797726303961,5.17484192830679
Q9Y478,6.101678289705021,5.699978776423122
Q9Y483,6.04332980307023,4.786106907320474
Q9Y484,5.941246285994825,5.3292333295794645
Q9Y485,4.307556719646113,4.206204089326832
Q9Y487,5.886734349883871,5.02366171314547
Q9Y490,5.623408633069557,5.346271202630598
Q9Y496,5.777102703431485,5.337335899823279
Q9Y4A0,4.83504669673403,4.6516381037185
Q9Y4A5,5.019940017272393,4.580217878205657
Q9Y4B4,5.316492595307844,4.403558430871668
Q9Y4B6,5.337197747577351,4.794060113690633
Q9Y4C1,5.159490398514617,4.426047059915434
Q9Y4C2,5.966080044310149,5.5164313270294025
Q9Y4C8,5.339374127821268,5.053312360208506
Q9Y4D8,4.937509237196886,3.968292403040653
Q9Y4E1,4.912621200504243,4.720908760800238
Q9Y4E5,5.631222554783089,4.779316575810113
Q9Y4E6,5.106659873462447,4.661510435741511
Q9Y4E8,5.4534215425270265,4.926310142014181
Q9Y4F1,5.773322980195812,5.118946113245816
Q9Y4F5,4.851318497041946,5.2076425429152495
Q9Y4G6,5.119491397992127,4.652302186190409
Q9Y4H2,5.323461809549808,5.046772711937683
Q9Y4I1,5.098596490615143,4.852636533170574
Q9Y4K0,5.963335549645609,4.839737236860354
Q9Y4K3,6.096978267331219,5.263231771692611
Q9Y4K4,5.729772301778031,4.992720807618329
Q9Y4L1,6.0642897727838605,6.024011276649647
Q9Y4P1,6.0943284809251,5.489528304886416
Q9Y4P3,6.149649274310868,5.7052937096427065
Q9Y4P8,6.1716351937052085,5.581829884593812
Q9Y4R8,5.90562091959934,5.436521565125557
Q9Y4U1,5.912778800886748,5.551274902050734
Q9Y4W2,5.569803027143739,5.6012482227543305
Q9Y4W6,5.824847648100557,5.266997419752679
Q9Y4X4,6.107658286487017,5.406404929560454
Q9Y4X5,5.79566912512992,5.464854089948773
Q9Y4Y9,7.785143953770411,5.439478307732914
Q9Y4Z0,6.914487558602526,6.643055695949071
Q9Y508,6.613934524674777,5.977700064774817
Q9Y512,6.036758529174698,5.695009942769293
Q9Y520,5.424960811816994,5.062808127662709
Q9Y530,6.130997048006986,5.821438270220647
Q9Y535,5.8800639862161095,5.350823862046712
Q9Y546,4.555694756117644,4.986639295505662
Q9Y547,6.407201331492043,6.347599829243446
Q9Y570,6.271298213647434,6.102856539415837
Q9Y580,5.404196982619272,5.6559486012015645
Q9Y5A6,5.904778485145536,4.856860608229314
Q9Y5A7,5.469439529076872,5.673965598657486
Q9Y5A9,6.079654446953905,5.996919424792016
Q9Y5B0,5.251763484259472,4.917304686665258
Q9Y5B6,5.6952219674222215,5.044894866568876
Q9Y5B8,6.096600307104279,5.456723823526108
Q9Y5B9,6.150706548332748,5.855040529204524
Q9Y5E6,5.725886837418841,4.8833820062717725
Q9Y5E9,5.390849114899727,4.788216608614544
Q9Y5J1,5.666125061903857,5.74239392331536
Q9Y5J6,6.479608252645734,6.339803746720103
Q9Y5J7,6.762664920162965,6.374589569949027
Q9Y5J9,7.158921535502056,6.28706421001049
Q9Y5K5,5.92644205870616,6.048708277955132
Q9Y5K6,5.748542346766177,5.2700816412083045
Q9Y5K8,6.471667564738104,6.10493589720766
Q9Y5L0,6.181914076777208,5.209642257155506
Q9Y5L4,6.23191569136863,6.928384662323456
Q9Y5M8,6.632911204378943,6.115289612901867
Q9Y5N5,6.474172050093568,5.64151577261516
Q9Y5N6,6.354251681508046,5.605923627087711
Q9Y5P4,5.72691652153852,5.251717986925632
Q9Y5P6,6.411911695563543,5.960240946078903
Q9Y5Q8,5.742860674766679,5.526820354125854
Q9Y5Q9,5.762544730893108,5.408202440699974
Q9Y5R8,6.146745989948043,5.790773854183954
Q9Y5S2,5.479769788644664,4.887446816732514
Q9Y5S9,6.089164398395921,6.879345102039968
Q9Y5T5,5.610103045336649,6.756430576574364
Q9Y5U2,6.214563605485108,6.390664763246265
Q9Y5U9,6.489963945701063,6.740008187531627
Q9Y5V3,5.766560959445645,5.727272095143545
Q9Y5W9,6.2139425629495015,5.352598148775291
Q9Y5X1,5.993198763690717,5.560294066247062
Q9Y5X2,5.480437710339441,5.271867466927706
Q9Y5X3,5.5638472385206335,5.568740340450688
Q9Y5Y0,6.0841713659831065,5.418496898932113
Q9Y5Y2,6.106957840615772,6.733008811853106
Q9Y5Y5,6.234264688720467,5.116671160986769
Q9Y5Z4,5.707456843111106,5.91357586965727
Q9Y605,6.3929769963106775,6.305883759663251
Q9Y606,5.663119474846944,5.303213630260426
Q9Y608,5.519916635625576,5.277375200868321
Q9Y613,5.525299098286051,5.173046128961334
Q9Y617,6.586470176836832,6.492676862277739
Q9Y618,4.863234014802195,4.621312436763702
Q9Y619,6.162139254691201,5.731412908855766
Q9Y620,5.056887970704999,5.092022008888371
Q9Y624,5.639772190652035,4.964681406530258
Q9Y639,5.673226330016762,5.84330766911659
Q9Y657,6.492099018087968,5.899806016595372
Q9Y664,6.043086167155458,5.242513194199812
Q9Y666,5.214152877977474,4.7444390281189275
Q9Y672,5.462549003763983,5.128073924461216
Q9Y673,6.243345031005372,5.922907978231399
Q9Y676,6.796071882532711,6.702497816018175
Q9Y678,6.047706220262608,5.692369889798475
Q9Y679,6.184362838565495,5.73181053820392
Q9Y680,6.160709975232103,5.826293047620903
Q9Y692,6.091496276611673,5.331479729136219
Q9Y696,6.285403136199379,6.399461762501295
Q9Y697,6.127027275797114,5.562305405491571
Q9Y6A4,6.591474618967219,6.037253639175597
Q9Y6A5,5.830904483930962,5.2937958977719255
Q9Y6A9,6.414898153654002,7.502183061004168
Q9Y6B6,6.493524923515141,5.952233232396865
Q9Y6C2,5.63652829081539,5.64004237784058
Q9Y6C9,6.618856343089867,6.244835621685886
Q9Y6D0,6.5245263323804945,6.216918676141238
Q9Y6D5,4.925075476966116,4.648058224042085
Q9Y6D6,5.237446252679437,4.768303053463308
Q9Y6D9,5.795797908760717,5.295073940364421
Q9Y6E0,6.2361055210296,5.788953103226785
Q9Y6E2,6.213500358919089,5.8824329876765
Q9Y6G3,6.653501861983079,6.29645283306124
Q9Y6G5,6.287020390501756,5.783902110850217
Q9Y6G9,6.1798704174749,5.90891595754875
Q9Y6H1,6.697428859879402,5.996897417641582
Q9Y6I3,6.081253714762852,5.930590685999944
Q9Y6I4,5.586281421194825,5.246610699971805
Q9Y6I9,6.145977959467306,5.742837920733176
Q9Y6J0,4.9941755815358135,4.5051235629126944
Q9Y6J9,5.548991448786315,5.457643356955924
Q9Y6K0,6.025936469278715,6.026167680427375
Q9Y6K1,5.5727304892090785,5.316580041342015
Q9Y6K8,5.8152894737170895,4.720972062666101
Q9Y6K9,5.748246772092463,5.5844919591368845
Q9Y6M1,6.089587652415844,5.393708014371335
Q9Y6M4,5.014352332220204,5.073737508877438
Q9Y6M5,6.124718046830037,5.364972535360344
Q9Y6M7,4.964804341183847,5.235233810598807
Q9Y6M9,6.280990591897707,6.000391446865205
Q9Y6N5,5.461324576966016,5.324137705815157
Q9Y6N7,5.535901468986696,4.794684555598664
Q9Y6Q9,4.755885788992004,5.03755854377927
Q9Y6R0,5.569413779262808,5.456969870499559
Q9Y6R4,5.243445574573788,4.29935199380262
Q9Y6V7,5.999629407591324,5.230247426852741
Q9Y6W3,5.511354372202263,4.9674708294405425
Q9Y6W5,6.10506611764572,5.785641745943264
Q9Y6X2,5.447465611688937,4.8934847389802
Q9Y6X3,5.551698522496181,5.034425308023267
Q9Y6X4,5.906954664844747,5.16525214294634
Q9Y6X8,5.174167949163976,5.277488883957584
Q9Y6X9,5.694978269780854,5.157618999955334
Q9Y6Y0,5.687209337713924,5.49761553289996
Q9Y6Y8,6.11516946908055,5.483502539527608
